2026-09-30 16:06:13.723 +03:00 [WRN] Cache: Redis unavailable (It was not possible to connect to the redis server(s). Error connecting right now. To allow this multiplexer to continue retrying until it's able to connect, use abortConnect=false in your connection string or AbortOnConnectFail=false; in your code.). Using MemoryCacheService fallback
2026-09-30 16:06:14.830 +03:00 [INF] CMS API Host starting...
2026-09-30 16:06:14.925 +03:00 [INF] User profile is available. Using 'C:\Users\ASUS\AppData\Local\ASP.NET\DataProtection-Keys' as key repository and Windows DPAPI to encrypt keys at rest.
2026-09-30 16:06:14.974 +03:00 [INF] [2026-09-30 16:06:14.961] LISTENER STARTED: Passively waiting for analyzer connections on 0.0.0.0:8004...
2026-09-30 16:06:14.982 +03:00 [INF] [2026-09-30 16:06:14.981] LISTENER STARTED: Passively waiting for analyzer connections on 0.0.0.0:10001...
2026-09-30 16:06:14.986 +03:00 [INF] [2026-09-30 16:06:14.985] LISTENER STARTED: Passively waiting for analyzer connections on 0.0.0.0:10002...
2026-09-30 16:06:15.371 +03:00 [INF] Now listening on: http://localhost:5010
2026-09-30 16:06:15.375 +03:00 [INF] Application started. Press Ctrl+C to shut down.
2026-09-30 16:06:15.379 +03:00 [INF] Hosting environment: Development
2026-09-30 16:06:15.384 +03:00 [INF] Content root path: C:\Users\ASUS\source\repos\CMS\src\CMS.API
2026-09-30 20:34:43.675 +03:00 [INF] Application is shutting down...
2026-09-30 20:34:44.151 +03:00 [INF] [2026-09-30 20:34:44.142] LISTENER STOPPED: All LIS listeners stopped.
2026-09-30 22:35:04.606 +03:00 [WRN] Cache: Redis unavailable (It was not possible to connect to the redis server(s). Error connecting right now. To allow this multiplexer to continue retrying until it's able to connect, use abortConnect=false in your connection string or AbortOnConnectFail=false; in your code.). Using MemoryCacheService fallback
2026-09-30 22:35:05.357 +03:00 [INF] CMS API Host starting...
2026-09-30 22:35:05.429 +03:00 [INF] User profile is available. Using 'C:\Users\ASUS\AppData\Local\ASP.NET\DataProtection-Keys' as key repository and Windows DPAPI to encrypt keys at rest.
2026-09-30 22:35:05.469 +03:00 [INF] [2026-09-30 22:35:05.459] LISTENER STARTED: Passively waiting for analyzer connections on 0.0.0.0:8004...
2026-09-30 22:35:05.475 +03:00 [INF] [2026-09-30 22:35:05.474] LISTENER STARTED: Passively waiting for analyzer connections on 0.0.0.0:10001...
2026-09-30 22:35:05.478 +03:00 [INF] [2026-09-30 22:35:05.478] LISTENER STARTED: Passively waiting for analyzer connections on 0.0.0.0:10002...
2026-09-30 22:35:05.662 +03:00 [INF] Now listening on: http://localhost:5010
2026-09-30 22:35:05.665 +03:00 [INF] Application started. Press Ctrl+C to shut down.
2026-09-30 22:35:05.668 +03:00 [INF] Hosting environment: Development
2026-09-30 22:35:05.671 +03:00 [INF] Content root path: C:\Users\ASUS\source\repos\CMS\src\CMS.API
2026-09-30 22:35:48.132 +03:00 [INF] Request starting HTTP/1.1 GET http://127.0.0.1:5010/api/v1/settings - null null
2026-09-30 22:35:48.531 +03:00 [INF] Executing endpoint 'CMS.API.Controllers.SettingsController.GetSettings (CMS.API)'
2026-09-30 22:35:48.577 +03:00 [INF] Route matched with {action = "GetSettings", controller = "Settings"}. Executing controller action with signature System.Threading.Tasks.Task`1[Microsoft.AspNetCore.Mvc.IActionResult] GetSettings() on controller CMS.API.Controllers.SettingsController (CMS.API).
2026-09-30 22:35:55.076 +03:00 [INF] Request starting HTTP/1.1 POST http://127.0.0.1:5010/api/v1/auth/login - application/json 56
2026-09-30 22:35:55.109 +03:00 [INF] CORS policy execution successful.
2026-09-30 22:35:55.117 +03:00 [INF] Executing endpoint 'CMS.API.Controllers.AuthController.Login (CMS.API)'
2026-09-30 22:35:55.142 +03:00 [INF] Route matched with {action = "Login", controller = "Auth"}. Executing controller action with signature System.Threading.Tasks.Task`1[Microsoft.AspNetCore.Mvc.IActionResult] Login(CMS.Shared.DTOs.LoginRequest) on controller CMS.API.Controllers.AuthController (CMS.API).
2026-09-30 22:36:07.951 +03:00 [INF] Request starting HTTP/1.1 GET http://127.0.0.1:5010/api/v1/settings - null null
2026-09-30 22:36:07.951 +03:00 [INF] Request starting HTTP/1.1 GET http://127.0.0.1:5010/api/v1/settings - null null
2026-09-30 22:36:07.951 +03:00 [INF] Request starting HTTP/1.1 GET http://127.0.0.1:5010/api/v1/settings - null null
2026-09-30 22:36:07.966 +03:00 [INF] Executing endpoint 'CMS.API.Controllers.SettingsController.GetSettings (CMS.API)'
2026-09-30 22:36:07.967 +03:00 [INF] Executing endpoint 'CMS.API.Controllers.SettingsController.GetSettings (CMS.API)'
2026-09-30 22:36:07.974 +03:00 [INF] Executing endpoint 'CMS.API.Controllers.SettingsController.GetSettings (CMS.API)'
2026-09-30 22:36:07.976 +03:00 [INF] Route matched with {action = "GetSettings", controller = "Settings"}. Executing controller action with signature System.Threading.Tasks.Task`1[Microsoft.AspNetCore.Mvc.IActionResult] GetSettings() on controller CMS.API.Controllers.SettingsController (CMS.API).
2026-09-30 22:36:07.978 +03:00 [INF] Route matched with {action = "GetSettings", controller = "Settings"}. Executing controller action with signature System.Threading.Tasks.Task`1[Microsoft.AspNetCore.Mvc.IActionResult] GetSettings() on controller CMS.API.Controllers.SettingsController (CMS.API).
2026-09-30 22:36:07.981 +03:00 [INF] Route matched with {action = "GetSettings", controller = "Settings"}. Executing controller action with signature System.Threading.Tasks.Task`1[Microsoft.AspNetCore.Mvc.IActionResult] GetSettings() on controller CMS.API.Controllers.SettingsController (CMS.API).
2026-09-30 22:36:09.211 +03:00 [INF] Executing OkObjectResult, writing value of type 'CMS.Shared.DTOs.ApiResponse`1[[System.Collections.Generic.List`1[[CMS.Shared.DTOs.ClinicSettingDto, CMS.Shared, Version=1.0.0.0, Culture=neutral, PublicKeyToken=null]], System.Private.CoreLib, Version=8.0.0.0, Culture=neutral, PublicKeyToken=7cec85d7bea7798e]]'.
2026-09-30 22:36:09.211 +03:00 [INF] Executing OkObjectResult, writing value of type 'CMS.Shared.DTOs.ApiResponse`1[[System.Collections.Generic.List`1[[CMS.Shared.DTOs.ClinicSettingDto, CMS.Shared, Version=1.0.0.0, Culture=neutral, PublicKeyToken=null]], System.Private.CoreLib, Version=8.0.0.0, Culture=neutral, PublicKeyToken=7cec85d7bea7798e]]'.
2026-09-30 22:36:09.211 +03:00 [INF] Executing OkObjectResult, writing value of type 'CMS.Shared.DTOs.ApiResponse`1[[System.Collections.Generic.List`1[[CMS.Shared.DTOs.ClinicSettingDto, CMS.Shared, Version=1.0.0.0, Culture=neutral, PublicKeyToken=null]], System.Private.CoreLib, Version=8.0.0.0, Culture=neutral, PublicKeyToken=7cec85d7bea7798e]]'.
2026-09-30 22:36:09.263 +03:00 [INF] Executed action CMS.API.Controllers.SettingsController.GetSettings (CMS.API) in 1267.6455ms
2026-09-30 22:36:09.263 +03:00 [INF] Executed action CMS.API.Controllers.SettingsController.GetSettings (CMS.API) in 1271.1627ms
2026-09-30 22:36:09.263 +03:00 [INF] Executed action CMS.API.Controllers.SettingsController.GetSettings (CMS.API) in 1263.7599ms
2026-09-30 22:36:09.274 +03:00 [INF] Executed endpoint 'CMS.API.Controllers.SettingsController.GetSettings (CMS.API)'
2026-09-30 22:36:09.276 +03:00 [INF] Executed endpoint 'CMS.API.Controllers.SettingsController.GetSettings (CMS.API)'
2026-09-30 22:36:09.279 +03:00 [INF] Executed endpoint 'CMS.API.Controllers.SettingsController.GetSettings (CMS.API)'
2026-09-30 22:36:09.288 +03:00 [INF] Request finished HTTP/1.1 GET http://127.0.0.1:5010/api/v1/settings - 200 null application/json; charset=utf-8 1336.1824ms
2026-09-30 22:36:09.289 +03:00 [INF] Request finished HTTP/1.1 GET http://127.0.0.1:5010/api/v1/settings - 200 null application/json; charset=utf-8 1336.0419ms
2026-09-30 22:36:09.289 +03:00 [INF] Request finished HTTP/1.1 GET http://127.0.0.1:5010/api/v1/settings - 200 null application/json; charset=utf-8 1337.9212ms
2026-09-30 22:36:11.986 +03:00 [INF] Executing OkObjectResult, writing value of type 'CMS.Shared.DTOs.ApiResponse`1[[System.Collections.Generic.List`1[[CMS.Shared.DTOs.ClinicSettingDto, CMS.Shared, Version=1.0.0.0, Culture=neutral, PublicKeyToken=null]], System.Private.CoreLib, Version=8.0.0.0, Culture=neutral, PublicKeyToken=7cec85d7bea7798e]]'.
2026-09-30 22:36:11.993 +03:00 [INF] Executed action CMS.API.Controllers.SettingsController.GetSettings (CMS.API) in 23403.0282ms
2026-09-30 22:36:11.999 +03:00 [INF] Executed endpoint 'CMS.API.Controllers.SettingsController.GetSettings (CMS.API)'
2026-09-30 22:36:12.002 +03:00 [INF] Request finished HTTP/1.1 GET http://127.0.0.1:5010/api/v1/settings - 200 null application/json; charset=utf-8 23877.8271ms
2026-09-30 22:36:30.338 +03:00 [INF] Executed action CMS.API.Controllers.AuthController.Login (CMS.API) in 35189.521ms
2026-09-30 22:36:30.343 +03:00 [INF] Executed endpoint 'CMS.API.Controllers.AuthController.Login (CMS.API)'
2026-09-30 22:36:30.347 +03:00 [ERR] Unhandled exception encountered: Execution Timeout Expired.  The timeout period elapsed prior to completion of the operation or the server is not responding.
Microsoft.Data.SqlClient.SqlException (0x80131904): Execution Timeout Expired.  The timeout period elapsed prior to completion of the operation or the server is not responding.
 ---> System.ComponentModel.Win32Exception (258): The wait operation timed out.
   at Microsoft.Data.SqlClient.SqlCommand.<>c.<ExecuteDbDataReaderAsync>b__211_0(Task`1 result)
   at System.Threading.Tasks.ContinuationResultTaskFromResultTask`2.InnerInvoke()
   at System.Threading.ExecutionContext.RunInternal(ExecutionContext executionContext, ContextCallback callback, Object state)
--- End of stack trace from previous location ---
   at System.Threading.ExecutionContext.RunInternal(ExecutionContext executionContext, ContextCallback callback, Object state)
   at System.Threading.Tasks.Task.ExecuteWithThreadLocal(Task& currentTaskSlot, Thread threadPoolThread)
--- End of stack trace from previous location ---
   at Dapper.SqlMapper.QueryRowAsync[T](IDbConnection cnn, Row row, Type effectiveType, CommandDefinition command) in /_/Dapper/SqlMapper.Async.cs:line 489
   at CMS.API.Controllers.AuthController.Login(LoginRequest request) in C:\Users\ASUS\source\repos\CMS\src\CMS.API\Controllers\Controllers.cs:line 28
   at Microsoft.AspNetCore.Mvc.Infrastructure.ActionMethodExecutor.TaskOfIActionResultExecutor.Execute(ActionContext actionContext, IActionResultTypeMapper mapper, ObjectMethodExecutor executor, Object controller, Object[] arguments)
   at Microsoft.AspNetCore.Mvc.Infrastructure.ControllerActionInvoker.<InvokeActionMethodAsync>g__Awaited|12_0(ControllerActionInvoker invoker, ValueTask`1 actionResultValueTask)
   at Microsoft.AspNetCore.Mvc.Infrastructure.ControllerActionInvoker.<InvokeNextActionFilterAsync>g__Awaited|10_0(ControllerActionInvoker invoker, Task lastTask, State next, Scope scope, Object state, Boolean isCompleted)
   at Microsoft.AspNetCore.Mvc.Infrastructure.ControllerActionInvoker.Rethrow(ActionExecutedContextSealed context)
   at Microsoft.AspNetCore.Mvc.Infrastructure.ControllerActionInvoker.Next(State& next, Scope& scope, Object& state, Boolean& isCompleted)
   at Microsoft.AspNetCore.Mvc.Infrastructure.ControllerActionInvoker.<InvokeInnerFilterAsync>g__Awaited|13_0(ControllerActionInvoker invoker, Task lastTask, State next, Scope scope, Object state, Boolean isCompleted)
   at Microsoft.AspNetCore.Mvc.Infrastructure.ResourceInvoker.<InvokeFilterPipelineAsync>g__Awaited|20_0(ResourceInvoker invoker, Task lastTask, State next, Scope scope, Object state, Boolean isCompleted)
   at Microsoft.AspNetCore.Mvc.Infrastructure.ResourceInvoker.<InvokeAsync>g__Logged|17_1(ResourceInvoker invoker)
   at Microsoft.AspNetCore.Mvc.Infrastructure.ResourceInvoker.<InvokeAsync>g__Logged|17_1(ResourceInvoker invoker)
   at Microsoft.AspNetCore.Routing.EndpointMiddleware.<Invoke>g__AwaitRequestTask|7_0(Endpoint endpoint, Task requestTask, ILogger logger)
   at Microsoft.AspNetCore.Authorization.AuthorizationMiddleware.Invoke(HttpContext context)
   at Microsoft.AspNetCore.Authentication.AuthenticationMiddleware.Invoke(HttpContext context)
   at Swashbuckle.AspNetCore.SwaggerUI.SwaggerUIMiddleware.Invoke(HttpContext httpContext)
   at Swashbuckle.AspNetCore.Swagger.SwaggerMiddleware.Invoke(HttpContext httpContext, ISwaggerProvider swaggerProvider)
   at CMS.API.Middleware.TenantMiddleware.InvokeAsync(HttpContext context) in C:\Users\ASUS\source\repos\CMS\src\CMS.API\Middleware\Middlewares.cs:line 26
   at CMS.API.Middleware.ExceptionMiddleware.InvokeAsync(HttpContext context) in C:\Users\ASUS\source\repos\CMS\src\CMS.API\Middleware\Middlewares.cs:line 45
ClientConnectionId:2e69f5f9-dfec-4ab4-9bb9-45166230f540
Error Number:-2,State:0,Class:11
2026-09-30 22:36:30.419 +03:00 [INF] Request finished HTTP/1.1 POST http://127.0.0.1:5010/api/v1/auth/login - 500 null application/json 35342.4195ms
2026-09-30 22:36:38.633 +03:00 [INF] Request starting HTTP/1.1 POST http://127.0.0.1:5010/api/v1/auth/login - application/json 56
2026-09-30 22:36:38.653 +03:00 [INF] CORS policy execution successful.
2026-09-30 22:36:38.658 +03:00 [INF] Executing endpoint 'CMS.API.Controllers.AuthController.Login (CMS.API)'
2026-09-30 22:36:38.663 +03:00 [INF] Route matched with {action = "Login", controller = "Auth"}. Executing controller action with signature System.Threading.Tasks.Task`1[Microsoft.AspNetCore.Mvc.IActionResult] Login(CMS.Shared.DTOs.LoginRequest) on controller CMS.API.Controllers.AuthController (CMS.API).
2026-09-30 22:36:46.945 +03:00 [INF] Application is shutting down...
2026-09-30 22:36:56.881 +03:00 [INF] Executing OkObjectResult, writing value of type 'CMS.Shared.DTOs.ApiResponse`1[[CMS.Shared.DTOs.LoginResponse, CMS.Shared, Version=1.0.0.0, Culture=neutral, PublicKeyToken=null]]'.
2026-09-30 22:36:56.907 +03:00 [INF] Executed action CMS.API.Controllers.AuthController.Login (CMS.API) in 18236.3015ms
2026-09-30 22:36:56.910 +03:00 [INF] Executed endpoint 'CMS.API.Controllers.AuthController.Login (CMS.API)'
2026-09-30 22:36:56.913 +03:00 [INF] Request finished HTTP/1.1 POST http://127.0.0.1:5010/api/v1/auth/login - 499 null application/json; charset=utf-8 18280.1379ms
2026-09-30 22:36:56.928 +03:00 [INF] [2026-09-30 22:36:56.927] LISTENER STOPPED: Port 10001
2026-09-30 22:36:56.930 +03:00 [INF] [2026-09-30 22:36:56.930] LISTENER STOPPED: All LIS listeners stopped.
2026-09-30 22:37:37.460 +03:00 [WRN] Cache: Redis unavailable (It was not possible to connect to the redis server(s). Error connecting right now. To allow this multiplexer to continue retrying until it's able to connect, use abortConnect=false in your connection string or AbortOnConnectFail=false; in your code.). Using MemoryCacheService fallback
2026-09-30 22:37:37.894 +03:00 [INF] CMS API Host starting...
2026-09-30 22:37:37.940 +03:00 [INF] User profile is available. Using 'C:\Users\ASUS\AppData\Local\ASP.NET\DataProtection-Keys' as key repository and Windows DPAPI to encrypt keys at rest.
2026-09-30 22:37:37.973 +03:00 [INF] [2026-09-30 22:37:37.963] LISTENER STARTED: Passively waiting for analyzer connections on 0.0.0.0:8004...
2026-09-30 22:37:37.979 +03:00 [INF] [2026-09-30 22:37:37.979] LISTENER STARTED: Passively waiting for analyzer connections on 0.0.0.0:10001...
2026-09-30 22:37:37.983 +03:00 [INF] [2026-09-30 22:37:37.983] LISTENER STARTED: Passively waiting for analyzer connections on 0.0.0.0:10002...
2026-09-30 22:37:38.082 +03:00 [INF] Now listening on: http://localhost:5010
2026-09-30 22:37:38.086 +03:00 [INF] Application started. Press Ctrl+C to shut down.
2026-09-30 22:37:38.088 +03:00 [INF] Hosting environment: Development
2026-09-30 22:37:38.090 +03:00 [INF] Content root path: C:\Users\ASUS\source\repos\CMS\src\CMS.API
2026-09-30 22:38:06.541 +03:00 [INF] Request starting HTTP/1.1 GET http://127.0.0.1:5010/api/v1/settings - null null
2026-09-30 22:38:06.837 +03:00 [INF] Executing endpoint 'CMS.API.Controllers.SettingsController.GetSettings (CMS.API)'
2026-09-30 22:38:06.872 +03:00 [INF] Route matched with {action = "GetSettings", controller = "Settings"}. Executing controller action with signature System.Threading.Tasks.Task`1[Microsoft.AspNetCore.Mvc.IActionResult] GetSettings() on controller CMS.API.Controllers.SettingsController (CMS.API).
2026-09-30 22:38:24.469 +03:00 [INF] Request starting HTTP/1.1 POST http://127.0.0.1:5010/api/v1/auth/login - application/json 56
2026-09-30 22:38:24.494 +03:00 [INF] CORS policy execution successful.
2026-09-30 22:38:24.501 +03:00 [INF] Executing endpoint 'CMS.API.Controllers.AuthController.Login (CMS.API)'
2026-09-30 22:38:24.524 +03:00 [INF] Route matched with {action = "Login", controller = "Auth"}. Executing controller action with signature System.Threading.Tasks.Task`1[Microsoft.AspNetCore.Mvc.IActionResult] Login(CMS.Shared.DTOs.LoginRequest) on controller CMS.API.Controllers.AuthController (CMS.API).
2026-09-30 22:38:26.262 +03:00 [INF] Request starting HTTP/1.1 GET http://127.0.0.1:5010/api/v1/settings - null null
2026-09-30 22:38:26.262 +03:00 [INF] Request starting HTTP/1.1 GET http://127.0.0.1:5010/api/v1/settings - null null
2026-09-30 22:38:26.262 +03:00 [INF] Request starting HTTP/1.1 GET http://127.0.0.1:5010/api/v1/settings - null null
2026-09-30 22:38:26.283 +03:00 [INF] Executing endpoint 'CMS.API.Controllers.SettingsController.GetSettings (CMS.API)'
2026-09-30 22:38:26.284 +03:00 [INF] Executing endpoint 'CMS.API.Controllers.SettingsController.GetSettings (CMS.API)'
2026-09-30 22:38:26.292 +03:00 [INF] Executing endpoint 'CMS.API.Controllers.SettingsController.GetSettings (CMS.API)'
2026-09-30 22:38:26.295 +03:00 [INF] Route matched with {action = "GetSettings", controller = "Settings"}. Executing controller action with signature System.Threading.Tasks.Task`1[Microsoft.AspNetCore.Mvc.IActionResult] GetSettings() on controller CMS.API.Controllers.SettingsController (CMS.API).
2026-09-30 22:38:26.298 +03:00 [INF] Route matched with {action = "GetSettings", controller = "Settings"}. Executing controller action with signature System.Threading.Tasks.Task`1[Microsoft.AspNetCore.Mvc.IActionResult] GetSettings() on controller CMS.API.Controllers.SettingsController (CMS.API).
2026-09-30 22:38:26.302 +03:00 [INF] Route matched with {action = "GetSettings", controller = "Settings"}. Executing controller action with signature System.Threading.Tasks.Task`1[Microsoft.AspNetCore.Mvc.IActionResult] GetSettings() on controller CMS.API.Controllers.SettingsController (CMS.API).
2026-09-30 22:38:36.376 +03:00 [INF] Executed action CMS.API.Controllers.SettingsController.GetSettings (CMS.API) in 29489.8072ms
2026-09-30 22:38:36.376 +03:00 [INF] Executed action CMS.API.Controllers.SettingsController.GetSettings (CMS.API) in 10060.8886ms
2026-09-30 22:38:36.376 +03:00 [INF] Executed action CMS.API.Controllers.AuthController.Login (CMS.API) in 11838.1798ms
2026-09-30 22:38:36.376 +03:00 [INF] Executed action CMS.API.Controllers.SettingsController.GetSettings (CMS.API) in 10054.4259ms
2026-09-30 22:38:36.376 +03:00 [INF] Executed action CMS.API.Controllers.SettingsController.GetSettings (CMS.API) in 10048.8722ms
2026-09-30 22:38:36.390 +03:00 [INF] Executed endpoint 'CMS.API.Controllers.SettingsController.GetSettings (CMS.API)'
2026-09-30 22:38:36.390 +03:00 [INF] Executed endpoint 'CMS.API.Controllers.SettingsController.GetSettings (CMS.API)'
2026-09-30 22:38:36.394 +03:00 [INF] Executed endpoint 'CMS.API.Controllers.AuthController.Login (CMS.API)'
2026-09-30 22:38:36.399 +03:00 [INF] Executed endpoint 'CMS.API.Controllers.SettingsController.GetSettings (CMS.API)'
2026-09-30 22:38:36.402 +03:00 [INF] Executed endpoint 'CMS.API.Controllers.SettingsController.GetSettings (CMS.API)'
2026-09-30 22:38:36.409 +03:00 [ERR] Unhandled exception encountered: Connection Timeout Expired.  The timeout period elapsed during the post-login phase.  The connection could have timed out while waiting for server to complete the login process and respond; Or it could have timed out while attempting to create multiple active connections.  The duration spent while attempting to connect to this server was - [Pre-Login] initialization=39; handshake=67; [Login] initialization=3; authentication=8; [Post-Login] complete=29022; 
Microsoft.Data.SqlClient.SqlException (0x80131904): Connection Timeout Expired.  The timeout period elapsed during the post-login phase.  The connection could have timed out while waiting for server to complete the login process and respond; Or it could have timed out while attempting to create multiple active connections.  The duration spent while attempting to connect to this server was - [Pre-Login] initialization=39; handshake=67; [Login] initialization=3; authentication=8; [Post-Login] complete=29022; 
 ---> System.ComponentModel.Win32Exception (258): The wait operation timed out.
   at Microsoft.Data.ProviderBase.DbConnectionPool.TryGetConnection(DbConnection owningObject, UInt32 waitForMultipleObjectsTimeout, Boolean allowCreate, Boolean onlyOneCheckConnection, DbConnectionOptions userOptions, DbConnectionInternal& connection)
   at Microsoft.Data.ProviderBase.DbConnectionPool.WaitForPendingOpen()
--- End of stack trace from previous location ---
   at Dapper.SqlMapper.QueryAsync[T](IDbConnection cnn, Type effectiveType, CommandDefinition command) in /_/Dapper/SqlMapper.Async.cs:line 433
   at CMS.Application.Settings.SettingsAndApiService.GetClinicSettingsAsync(Byte tenantId) in C:\Users\ASUS\source\repos\CMS\src\CMS.Application\Settings\SettingsAndApiService.cs:line 22
   at CMS.API.Controllers.SettingsController.GetSettings() in C:\Users\ASUS\source\repos\CMS\src\CMS.API\Controllers\ExtendedControllers.cs:line 281
   at Microsoft.AspNetCore.Mvc.Infrastructure.ActionMethodExecutor.TaskOfIActionResultExecutor.Execute(ActionContext actionContext, IActionResultTypeMapper mapper, ObjectMethodExecutor executor, Object controller, Object[] arguments)
   at Microsoft.AspNetCore.Mvc.Infrastructure.ControllerActionInvoker.<InvokeActionMethodAsync>g__Awaited|12_0(ControllerActionInvoker invoker, ValueTask`1 actionResultValueTask)
   at Microsoft.AspNetCore.Mvc.Infrastructure.ControllerActionInvoker.<InvokeNextActionFilterAsync>g__Awaited|10_0(ControllerActionInvoker invoker, Task lastTask, State next, Scope scope, Object state, Boolean isCompleted)
   at Microsoft.AspNetCore.Mvc.Infrastructure.ControllerActionInvoker.Rethrow(ActionExecutedContextSealed context)
   at Microsoft.AspNetCore.Mvc.Infrastructure.ControllerActionInvoker.Next(State& next, Scope& scope, Object& state, Boolean& isCompleted)
   at Microsoft.AspNetCore.Mvc.Infrastructure.ControllerActionInvoker.<InvokeInnerFilterAsync>g__Awaited|13_0(ControllerActionInvoker invoker, Task lastTask, State next, Scope scope, Object state, Boolean isCompleted)
   at Microsoft.AspNetCore.Mvc.Infrastructure.ResourceInvoker.<InvokeFilterPipelineAsync>g__Awaited|20_0(ResourceInvoker invoker, Task lastTask, State next, Scope scope, Object state, Boolean isCompleted)
   at Microsoft.AspNetCore.Mvc.Infrastructure.ResourceInvoker.<InvokeAsync>g__Logged|17_1(ResourceInvoker invoker)
   at Microsoft.AspNetCore.Mvc.Infrastructure.ResourceInvoker.<InvokeAsync>g__Logged|17_1(ResourceInvoker invoker)
   at Microsoft.AspNetCore.Routing.EndpointMiddleware.<Invoke>g__AwaitRequestTask|7_0(Endpoint endpoint, Task requestTask, ILogger logger)
   at Microsoft.AspNetCore.Authorization.AuthorizationMiddleware.Invoke(HttpContext context)
   at Microsoft.AspNetCore.Authentication.AuthenticationMiddleware.Invoke(HttpContext context)
   at Swashbuckle.AspNetCore.SwaggerUI.SwaggerUIMiddleware.Invoke(HttpContext httpContext)
   at Swashbuckle.AspNetCore.Swagger.SwaggerMiddleware.Invoke(HttpContext httpContext, ISwaggerProvider swaggerProvider)
   at CMS.API.Middleware.TenantMiddleware.InvokeAsync(HttpContext context) in C:\Users\ASUS\source\repos\CMS\src\CMS.API\Middleware\Middlewares.cs:line 26
   at CMS.API.Middleware.ExceptionMiddleware.InvokeAsync(HttpContext context) in C:\Users\ASUS\source\repos\CMS\src\CMS.API\Middleware\Middlewares.cs:line 45
ClientConnectionId:950f6b1d-a914-4759-a528-e91b76633876
Error Number:-2,State:0,Class:11
2026-09-30 22:38:36.409 +03:00 [ERR] Unhandled exception encountered: Connection Timeout Expired.  The timeout period elapsed during the post-login phase.  The connection could have timed out while waiting for server to complete the login process and respond; Or it could have timed out while attempting to create multiple active connections.  The duration spent while attempting to connect to this server was - [Pre-Login] initialization=39; handshake=67; [Login] initialization=3; authentication=8; [Post-Login] complete=29022; 
Microsoft.Data.SqlClient.SqlException (0x80131904): Connection Timeout Expired.  The timeout period elapsed during the post-login phase.  The connection could have timed out while waiting for server to complete the login process and respond; Or it could have timed out while attempting to create multiple active connections.  The duration spent while attempting to connect to this server was - [Pre-Login] initialization=39; handshake=67; [Login] initialization=3; authentication=8; [Post-Login] complete=29022; 
 ---> System.ComponentModel.Win32Exception (258): The wait operation timed out.
   at Microsoft.Data.ProviderBase.DbConnectionPool.TryGetConnection(DbConnection owningObject, UInt32 waitForMultipleObjectsTimeout, Boolean allowCreate, Boolean onlyOneCheckConnection, DbConnectionOptions userOptions, DbConnectionInternal& connection)
   at Microsoft.Data.ProviderBase.DbConnectionPool.WaitForPendingOpen()
--- End of stack trace from previous location ---
   at Dapper.SqlMapper.QueryAsync[T](IDbConnection cnn, Type effectiveType, CommandDefinition command) in /_/Dapper/SqlMapper.Async.cs:line 433
   at CMS.Application.Settings.SettingsAndApiService.GetClinicSettingsAsync(Byte tenantId) in C:\Users\ASUS\source\repos\CMS\src\CMS.Application\Settings\SettingsAndApiService.cs:line 22
   at CMS.API.Controllers.SettingsController.GetSettings() in C:\Users\ASUS\source\repos\CMS\src\CMS.API\Controllers\ExtendedControllers.cs:line 281
   at Microsoft.AspNetCore.Mvc.Infrastructure.ActionMethodExecutor.TaskOfIActionResultExecutor.Execute(ActionContext actionContext, IActionResultTypeMapper mapper, ObjectMethodExecutor executor, Object controller, Object[] arguments)
   at Microsoft.AspNetCore.Mvc.Infrastructure.ControllerActionInvoker.<InvokeActionMethodAsync>g__Awaited|12_0(ControllerActionInvoker invoker, ValueTask`1 actionResultValueTask)
   at Microsoft.AspNetCore.Mvc.Infrastructure.ControllerActionInvoker.<InvokeNextActionFilterAsync>g__Awaited|10_0(ControllerActionInvoker invoker, Task lastTask, State next, Scope scope, Object state, Boolean isCompleted)
   at Microsoft.AspNetCore.Mvc.Infrastructure.ControllerActionInvoker.Rethrow(ActionExecutedContextSealed context)
   at Microsoft.AspNetCore.Mvc.Infrastructure.ControllerActionInvoker.Next(State& next, Scope& scope, Object& state, Boolean& isCompleted)
   at Microsoft.AspNetCore.Mvc.Infrastructure.ControllerActionInvoker.<InvokeInnerFilterAsync>g__Awaited|13_0(ControllerActionInvoker invoker, Task lastTask, State next, Scope scope, Object state, Boolean isCompleted)
   at Microsoft.AspNetCore.Mvc.Infrastructure.ResourceInvoker.<InvokeFilterPipelineAsync>g__Awaited|20_0(ResourceInvoker invoker, Task lastTask, State next, Scope scope, Object state, Boolean isCompleted)
   at Microsoft.AspNetCore.Mvc.Infrastructure.ResourceInvoker.<InvokeAsync>g__Logged|17_1(ResourceInvoker invoker)
   at Microsoft.AspNetCore.Mvc.Infrastructure.ResourceInvoker.<InvokeAsync>g__Logged|17_1(ResourceInvoker invoker)
   at Microsoft.AspNetCore.Routing.EndpointMiddleware.<Invoke>g__AwaitRequestTask|7_0(Endpoint endpoint, Task requestTask, ILogger logger)
   at Microsoft.AspNetCore.Authorization.AuthorizationMiddleware.Invoke(HttpContext context)
   at Microsoft.AspNetCore.Authentication.AuthenticationMiddleware.Invoke(HttpContext context)
   at Swashbuckle.AspNetCore.SwaggerUI.SwaggerUIMiddleware.Invoke(HttpContext httpContext)
   at Swashbuckle.AspNetCore.Swagger.SwaggerMiddleware.Invoke(HttpContext httpContext, ISwaggerProvider swaggerProvider)
   at CMS.API.Middleware.TenantMiddleware.InvokeAsync(HttpContext context) in C:\Users\ASUS\source\repos\CMS\src\CMS.API\Middleware\Middlewares.cs:line 26
   at CMS.API.Middleware.ExceptionMiddleware.InvokeAsync(HttpContext context) in C:\Users\ASUS\source\repos\CMS\src\CMS.API\Middleware\Middlewares.cs:line 45
ClientConnectionId:950f6b1d-a914-4759-a528-e91b76633876
Error Number:-2,State:0,Class:11
2026-09-30 22:38:36.410 +03:00 [ERR] Unhandled exception encountered: Connection Timeout Expired.  The timeout period elapsed during the post-login phase.  The connection could have timed out while waiting for server to complete the login process and respond; Or it could have timed out while attempting to create multiple active connections.  The duration spent while attempting to connect to this server was - [Pre-Login] initialization=39; handshake=67; [Login] initialization=3; authentication=8; [Post-Login] complete=29022; 
Microsoft.Data.SqlClient.SqlException (0x80131904): Connection Timeout Expired.  The timeout period elapsed during the post-login phase.  The connection could have timed out while waiting for server to complete the login process and respond; Or it could have timed out while attempting to create multiple active connections.  The duration spent while attempting to connect to this server was - [Pre-Login] initialization=39; handshake=67; [Login] initialization=3; authentication=8; [Post-Login] complete=29022; 
 ---> System.ComponentModel.Win32Exception (258): The wait operation timed out.
   at Microsoft.Data.ProviderBase.DbConnectionPool.TryGetConnection(DbConnection owningObject, UInt32 waitForMultipleObjectsTimeout, Boolean allowCreate, Boolean onlyOneCheckConnection, DbConnectionOptions userOptions, DbConnectionInternal& connection)
   at Microsoft.Data.ProviderBase.DbConnectionPool.WaitForPendingOpen()
--- End of stack trace from previous location ---
   at Dapper.SqlMapper.QueryRowAsync[T](IDbConnection cnn, Row row, Type effectiveType, CommandDefinition command) in /_/Dapper/SqlMapper.Async.cs:line 488
   at CMS.API.Controllers.AuthController.Login(LoginRequest request) in C:\Users\ASUS\source\repos\CMS\src\CMS.API\Controllers\Controllers.cs:line 28
   at Microsoft.AspNetCore.Mvc.Infrastructure.ActionMethodExecutor.TaskOfIActionResultExecutor.Execute(ActionContext actionContext, IActionResultTypeMapper mapper, ObjectMethodExecutor executor, Object controller, Object[] arguments)
   at Microsoft.AspNetCore.Mvc.Infrastructure.ControllerActionInvoker.<InvokeActionMethodAsync>g__Awaited|12_0(ControllerActionInvoker invoker, ValueTask`1 actionResultValueTask)
   at Microsoft.AspNetCore.Mvc.Infrastructure.ControllerActionInvoker.<InvokeNextActionFilterAsync>g__Awaited|10_0(ControllerActionInvoker invoker, Task lastTask, State next, Scope scope, Object state, Boolean isCompleted)
   at Microsoft.AspNetCore.Mvc.Infrastructure.ControllerActionInvoker.Rethrow(ActionExecutedContextSealed context)
   at Microsoft.AspNetCore.Mvc.Infrastructure.ControllerActionInvoker.Next(State& next, Scope& scope, Object& state, Boolean& isCompleted)
   at Microsoft.AspNetCore.Mvc.Infrastructure.ControllerActionInvoker.<InvokeInnerFilterAsync>g__Awaited|13_0(ControllerActionInvoker invoker, Task lastTask, State next, Scope scope, Object state, Boolean isCompleted)
   at Microsoft.AspNetCore.Mvc.Infrastructure.ResourceInvoker.<InvokeFilterPipelineAsync>g__Awaited|20_0(ResourceInvoker invoker, Task lastTask, State next, Scope scope, Object state, Boolean isCompleted)
   at Microsoft.AspNetCore.Mvc.Infrastructure.ResourceInvoker.<InvokeAsync>g__Logged|17_1(ResourceInvoker invoker)
   at Microsoft.AspNetCore.Mvc.Infrastructure.ResourceInvoker.<InvokeAsync>g__Logged|17_1(ResourceInvoker invoker)
   at Microsoft.AspNetCore.Routing.EndpointMiddleware.<Invoke>g__AwaitRequestTask|7_0(Endpoint endpoint, Task requestTask, ILogger logger)
   at Microsoft.AspNetCore.Authorization.AuthorizationMiddleware.Invoke(HttpContext context)
   at Microsoft.AspNetCore.Authentication.AuthenticationMiddleware.Invoke(HttpContext context)
   at Swashbuckle.AspNetCore.SwaggerUI.SwaggerUIMiddleware.Invoke(HttpContext httpContext)
   at Swashbuckle.AspNetCore.Swagger.SwaggerMiddleware.Invoke(HttpContext httpContext, ISwaggerProvider swaggerProvider)
   at CMS.API.Middleware.TenantMiddleware.InvokeAsync(HttpContext context) in C:\Users\ASUS\source\repos\CMS\src\CMS.API\Middleware\Middlewares.cs:line 26
   at CMS.API.Middleware.ExceptionMiddleware.InvokeAsync(HttpContext context) in C:\Users\ASUS\source\repos\CMS\src\CMS.API\Middleware\Middlewares.cs:line 45
ClientConnectionId:950f6b1d-a914-4759-a528-e91b76633876
Error Number:-2,State:0,Class:11
2026-09-30 22:38:36.414 +03:00 [ERR] Unhandled exception encountered: Connection Timeout Expired.  The timeout period elapsed during the post-login phase.  The connection could have timed out while waiting for server to complete the login process and respond; Or it could have timed out while attempting to create multiple active connections.  The duration spent while attempting to connect to this server was - [Pre-Login] initialization=39; handshake=67; [Login] initialization=3; authentication=8; [Post-Login] complete=29022; 
Microsoft.Data.SqlClient.SqlException (0x80131904): Connection Timeout Expired.  The timeout period elapsed during the post-login phase.  The connection could have timed out while waiting for server to complete the login process and respond; Or it could have timed out while attempting to create multiple active connections.  The duration spent while attempting to connect to this server was - [Pre-Login] initialization=39; handshake=67; [Login] initialization=3; authentication=8; [Post-Login] complete=29022; 
 ---> System.ComponentModel.Win32Exception (258): The wait operation timed out.
   at Microsoft.Data.ProviderBase.DbConnectionPool.TryGetConnection(DbConnection owningObject, UInt32 waitForMultipleObjectsTimeout, Boolean allowCreate, Boolean onlyOneCheckConnection, DbConnectionOptions userOptions, DbConnectionInternal& connection)
   at Microsoft.Data.ProviderBase.DbConnectionPool.WaitForPendingOpen()
--- End of stack trace from previous location ---
   at Dapper.SqlMapper.QueryAsync[T](IDbConnection cnn, Type effectiveType, CommandDefinition command) in /_/Dapper/SqlMapper.Async.cs:line 433
   at CMS.Application.Settings.SettingsAndApiService.GetClinicSettingsAsync(Byte tenantId) in C:\Users\ASUS\source\repos\CMS\src\CMS.Application\Settings\SettingsAndApiService.cs:line 22
   at CMS.API.Controllers.SettingsController.GetSettings() in C:\Users\ASUS\source\repos\CMS\src\CMS.API\Controllers\ExtendedControllers.cs:line 281
   at Microsoft.AspNetCore.Mvc.Infrastructure.ActionMethodExecutor.TaskOfIActionResultExecutor.Execute(ActionContext actionContext, IActionResultTypeMapper mapper, ObjectMethodExecutor executor, Object controller, Object[] arguments)
   at Microsoft.AspNetCore.Mvc.Infrastructure.ControllerActionInvoker.<InvokeActionMethodAsync>g__Awaited|12_0(ControllerActionInvoker invoker, ValueTask`1 actionResultValueTask)
   at Microsoft.AspNetCore.Mvc.Infrastructure.ControllerActionInvoker.<InvokeNextActionFilterAsync>g__Awaited|10_0(ControllerActionInvoker invoker, Task lastTask, State next, Scope scope, Object state, Boolean isCompleted)
   at Microsoft.AspNetCore.Mvc.Infrastructure.ControllerActionInvoker.Rethrow(ActionExecutedContextSealed context)
   at Microsoft.AspNetCore.Mvc.Infrastructure.ControllerActionInvoker.Next(State& next, Scope& scope, Object& state, Boolean& isCompleted)
   at Microsoft.AspNetCore.Mvc.Infrastructure.ControllerActionInvoker.<InvokeInnerFilterAsync>g__Awaited|13_0(ControllerActionInvoker invoker, Task lastTask, State next, Scope scope, Object state, Boolean isCompleted)
   at Microsoft.AspNetCore.Mvc.Infrastructure.ResourceInvoker.<InvokeFilterPipelineAsync>g__Awaited|20_0(ResourceInvoker invoker, Task lastTask, State next, Scope scope, Object state, Boolean isCompleted)
   at Microsoft.AspNetCore.Mvc.Infrastructure.ResourceInvoker.<InvokeAsync>g__Logged|17_1(ResourceInvoker invoker)
   at Microsoft.AspNetCore.Mvc.Infrastructure.ResourceInvoker.<InvokeAsync>g__Logged|17_1(ResourceInvoker invoker)
   at Microsoft.AspNetCore.Routing.EndpointMiddleware.<Invoke>g__AwaitRequestTask|7_0(Endpoint endpoint, Task requestTask, ILogger logger)
   at Microsoft.AspNetCore.Authorization.AuthorizationMiddleware.Invoke(HttpContext context)
   at Microsoft.AspNetCore.Authentication.AuthenticationMiddleware.Invoke(HttpContext context)
   at Swashbuckle.AspNetCore.SwaggerUI.SwaggerUIMiddleware.Invoke(HttpContext httpContext)
   at Swashbuckle.AspNetCore.Swagger.SwaggerMiddleware.Invoke(HttpContext httpContext, ISwaggerProvider swaggerProvider)
   at CMS.API.Middleware.TenantMiddleware.InvokeAsync(HttpContext context) in C:\Users\ASUS\source\repos\CMS\src\CMS.API\Middleware\Middlewares.cs:line 26
   at CMS.API.Middleware.ExceptionMiddleware.InvokeAsync(HttpContext context) in C:\Users\ASUS\source\repos\CMS\src\CMS.API\Middleware\Middlewares.cs:line 45
ClientConnectionId:950f6b1d-a914-4759-a528-e91b76633876
Error Number:-2,State:0,Class:11
2026-09-30 22:38:36.417 +03:00 [ERR] Unhandled exception encountered: Connection Timeout Expired.  The timeout period elapsed during the post-login phase.  The connection could have timed out while waiting for server to complete the login process and respond; Or it could have timed out while attempting to create multiple active connections.  The duration spent while attempting to connect to this server was - [Pre-Login] initialization=39; handshake=67; [Login] initialization=3; authentication=8; [Post-Login] complete=29022; 
Microsoft.Data.SqlClient.SqlException (0x80131904): Connection Timeout Expired.  The timeout period elapsed during the post-login phase.  The connection could have timed out while waiting for server to complete the login process and respond; Or it could have timed out while attempting to create multiple active connections.  The duration spent while attempting to connect to this server was - [Pre-Login] initialization=39; handshake=67; [Login] initialization=3; authentication=8; [Post-Login] complete=29022; 
 ---> System.ComponentModel.Win32Exception (258): The wait operation timed out.
   at Microsoft.Data.ProviderBase.DbConnectionPool.TryGetConnection(DbConnection owningObject, UInt32 waitForMultipleObjectsTimeout, Boolean allowCreate, Boolean onlyOneCheckConnection, DbConnectionOptions userOptions, DbConnectionInternal& connection)
   at Microsoft.Data.ProviderBase.DbConnectionPool.WaitForPendingOpen()
--- End of stack trace from previous location ---
   at Dapper.SqlMapper.QueryAsync[T](IDbConnection cnn, Type effectiveType, CommandDefinition command) in /_/Dapper/SqlMapper.Async.cs:line 433
   at CMS.Application.Settings.SettingsAndApiService.GetClinicSettingsAsync(Byte tenantId) in C:\Users\ASUS\source\repos\CMS\src\CMS.Application\Settings\SettingsAndApiService.cs:line 22
   at CMS.API.Controllers.SettingsController.GetSettings() in C:\Users\ASUS\source\repos\CMS\src\CMS.API\Controllers\ExtendedControllers.cs:line 281
   at Microsoft.AspNetCore.Mvc.Infrastructure.ActionMethodExecutor.TaskOfIActionResultExecutor.Execute(ActionContext actionContext, IActionResultTypeMapper mapper, ObjectMethodExecutor executor, Object controller, Object[] arguments)
   at Microsoft.AspNetCore.Mvc.Infrastructure.ControllerActionInvoker.<InvokeActionMethodAsync>g__Awaited|12_0(ControllerActionInvoker invoker, ValueTask`1 actionResultValueTask)
   at Microsoft.AspNetCore.Mvc.Infrastructure.ControllerActionInvoker.<InvokeNextActionFilterAsync>g__Awaited|10_0(ControllerActionInvoker invoker, Task lastTask, State next, Scope scope, Object state, Boolean isCompleted)
   at Microsoft.AspNetCore.Mvc.Infrastructure.ControllerActionInvoker.Rethrow(ActionExecutedContextSealed context)
   at Microsoft.AspNetCore.Mvc.Infrastructure.ControllerActionInvoker.Next(State& next, Scope& scope, Object& state, Boolean& isCompleted)
   at Microsoft.AspNetCore.Mvc.Infrastructure.ControllerActionInvoker.<InvokeInnerFilterAsync>g__Awaited|13_0(ControllerActionInvoker invoker, Task lastTask, State next, Scope scope, Object state, Boolean isCompleted)
   at Microsoft.AspNetCore.Mvc.Infrastructure.ResourceInvoker.<InvokeFilterPipelineAsync>g__Awaited|20_0(ResourceInvoker invoker, Task lastTask, State next, Scope scope, Object state, Boolean isCompleted)
   at Microsoft.AspNetCore.Mvc.Infrastructure.ResourceInvoker.<InvokeAsync>g__Logged|17_1(ResourceInvoker invoker)
   at Microsoft.AspNetCore.Mvc.Infrastructure.ResourceInvoker.<InvokeAsync>g__Logged|17_1(ResourceInvoker invoker)
   at Microsoft.AspNetCore.Routing.EndpointMiddleware.<Invoke>g__AwaitRequestTask|7_0(Endpoint endpoint, Task requestTask, ILogger logger)
   at Microsoft.AspNetCore.Authorization.AuthorizationMiddleware.Invoke(HttpContext context)
   at Microsoft.AspNetCore.Authentication.AuthenticationMiddleware.Invoke(HttpContext context)
   at Swashbuckle.AspNetCore.SwaggerUI.SwaggerUIMiddleware.Invoke(HttpContext httpContext)
   at Swashbuckle.AspNetCore.Swagger.SwaggerMiddleware.Invoke(HttpContext httpContext, ISwaggerProvider swaggerProvider)
   at CMS.API.Middleware.TenantMiddleware.InvokeAsync(HttpContext context) in C:\Users\ASUS\source\repos\CMS\src\CMS.API\Middleware\Middlewares.cs:line 26
   at CMS.API.Middleware.ExceptionMiddleware.InvokeAsync(HttpContext context) in C:\Users\ASUS\source\repos\CMS\src\CMS.API\Middleware\Middlewares.cs:line 45
ClientConnectionId:950f6b1d-a914-4759-a528-e91b76633876
Error Number:-2,State:0,Class:11
2026-09-30 22:38:36.485 +03:00 [INF] Request finished HTTP/1.1 GET http://127.0.0.1:5010/api/v1/settings - 500 null application/json 10222.1813ms
2026-09-30 22:38:36.485 +03:00 [INF] Request finished HTTP/1.1 GET http://127.0.0.1:5010/api/v1/settings - 500 null application/json 30002.7261ms
2026-09-30 22:38:36.497 +03:00 [INF] Request finished HTTP/1.1 POST http://127.0.0.1:5010/api/v1/auth/login - 500 null application/json 12027.9348ms
2026-09-30 22:38:36.520 +03:00 [INF] Request finished HTTP/1.1 GET http://127.0.0.1:5010/api/v1/settings - 500 null application/json 10257.9799ms
2026-09-30 22:38:36.541 +03:00 [INF] Request finished HTTP/1.1 GET http://127.0.0.1:5010/api/v1/settings - 500 null application/json 10278.4094ms
2026-09-30 22:45:22.857 +03:00 [INF] Application is shutting down...
2026-09-30 22:45:22.876 +03:00 [INF] [2026-09-30 22:45:22.875] LISTENER STOPPED: Port 10001
2026-09-30 22:45:22.879 +03:00 [INF] [2026-09-30 22:45:22.879] LISTENER STOPPED: All LIS listeners stopped.
2026-09-30 22:45:57.921 +03:00 [WRN] Cache: Redis unavailable (It was not possible to connect to the redis server(s). Error connecting right now. To allow this multiplexer to continue retrying until it's able to connect, use abortConnect=false in your connection string or AbortOnConnectFail=false; in your code.). Using MemoryCacheService fallback
2026-09-30 22:45:58.411 +03:00 [INF] CMS API Host starting...
2026-09-30 22:45:58.458 +03:00 [INF] User profile is available. Using 'C:\Users\ASUS\AppData\Local\ASP.NET\DataProtection-Keys' as key repository and Windows DPAPI to encrypt keys at rest.
2026-09-30 22:45:58.490 +03:00 [INF] [2026-09-30 22:45:58.481] LISTENER STARTED: Passively waiting for analyzer connections on 0.0.0.0:8004...
2026-09-30 22:45:58.496 +03:00 [INF] [2026-09-30 22:45:58.496] LISTENER STARTED: Passively waiting for analyzer connections on 0.0.0.0:10001...
2026-09-30 22:45:58.499 +03:00 [INF] [2026-09-30 22:45:58.499] LISTENER STARTED: Passively waiting for analyzer connections on 0.0.0.0:10002...
2026-09-30 22:45:58.624 +03:00 [INF] Now listening on: http://localhost:5010
2026-09-30 22:45:58.627 +03:00 [INF] Application started. Press Ctrl+C to shut down.
2026-09-30 22:45:58.630 +03:00 [INF] Hosting environment: Development
2026-09-30 22:45:58.633 +03:00 [INF] Content root path: C:\Users\ASUS\source\repos\CMS\src\CMS.API
2026-09-30 22:46:22.875 +03:00 [INF] Request starting HTTP/1.1 GET http://127.0.0.1:5010/api/v1/settings - null null
2026-09-30 22:46:23.154 +03:00 [INF] Executing endpoint 'CMS.API.Controllers.SettingsController.GetSettings (CMS.API)'
2026-09-30 22:46:23.195 +03:00 [INF] Route matched with {action = "GetSettings", controller = "Settings"}. Executing controller action with signature System.Threading.Tasks.Task`1[Microsoft.AspNetCore.Mvc.IActionResult] GetSettings() on controller CMS.API.Controllers.SettingsController (CMS.API).
2026-09-30 22:46:24.115 +03:00 [INF] Executing OkObjectResult, writing value of type 'CMS.Shared.DTOs.ApiResponse`1[[System.Collections.Generic.List`1[[CMS.Shared.DTOs.ClinicSettingDto, CMS.Shared, Version=1.0.0.0, Culture=neutral, PublicKeyToken=null]], System.Private.CoreLib, Version=8.0.0.0, Culture=neutral, PublicKeyToken=7cec85d7bea7798e]]'.
2026-09-30 22:46:24.204 +03:00 [INF] Executed action CMS.API.Controllers.SettingsController.GetSettings (CMS.API) in 991.5076ms
2026-09-30 22:46:24.215 +03:00 [INF] Request starting HTTP/1.1 GET http://127.0.0.1:5010/api/v1/settings - null null
2026-09-30 22:46:24.219 +03:00 [INF] Executed endpoint 'CMS.API.Controllers.SettingsController.GetSettings (CMS.API)'
2026-09-30 22:46:24.239 +03:00 [INF] Request finished HTTP/1.1 GET http://127.0.0.1:5010/api/v1/settings - 200 null application/json; charset=utf-8 1367.3508ms
2026-09-30 22:46:24.243 +03:00 [INF] Executing endpoint 'CMS.API.Controllers.SettingsController.GetSettings (CMS.API)'
2026-09-30 22:46:24.297 +03:00 [INF] Route matched with {action = "GetSettings", controller = "Settings"}. Executing controller action with signature System.Threading.Tasks.Task`1[Microsoft.AspNetCore.Mvc.IActionResult] GetSettings() on controller CMS.API.Controllers.SettingsController (CMS.API).
2026-09-30 22:46:24.334 +03:00 [INF] Executing OkObjectResult, writing value of type 'CMS.Shared.DTOs.ApiResponse`1[[System.Collections.Generic.List`1[[CMS.Shared.DTOs.ClinicSettingDto, CMS.Shared, Version=1.0.0.0, Culture=neutral, PublicKeyToken=null]], System.Private.CoreLib, Version=8.0.0.0, Culture=neutral, PublicKeyToken=7cec85d7bea7798e]]'.
2026-09-30 22:46:24.343 +03:00 [INF] Executed action CMS.API.Controllers.SettingsController.GetSettings (CMS.API) in 34.7729ms
2026-09-30 22:46:24.351 +03:00 [INF] Request starting HTTP/1.1 GET http://127.0.0.1:5010/api/v1/settings - null null
2026-09-30 22:46:24.352 +03:00 [INF] Executed endpoint 'CMS.API.Controllers.SettingsController.GetSettings (CMS.API)'
2026-09-30 22:46:24.368 +03:00 [INF] Request finished HTTP/1.1 GET http://127.0.0.1:5010/api/v1/settings - 200 null application/json; charset=utf-8 152.7955ms
2026-09-30 22:46:24.373 +03:00 [INF] Executing endpoint 'CMS.API.Controllers.SettingsController.GetSettings (CMS.API)'
2026-09-30 22:46:24.428 +03:00 [INF] Route matched with {action = "GetSettings", controller = "Settings"}. Executing controller action with signature System.Threading.Tasks.Task`1[Microsoft.AspNetCore.Mvc.IActionResult] GetSettings() on controller CMS.API.Controllers.SettingsController (CMS.API).
2026-09-30 22:46:24.457 +03:00 [INF] Executing OkObjectResult, writing value of type 'CMS.Shared.DTOs.ApiResponse`1[[System.Collections.Generic.List`1[[CMS.Shared.DTOs.ClinicSettingDto, CMS.Shared, Version=1.0.0.0, Culture=neutral, PublicKeyToken=null]], System.Private.CoreLib, Version=8.0.0.0, Culture=neutral, PublicKeyToken=7cec85d7bea7798e]]'.
2026-09-30 22:46:24.462 +03:00 [INF] Executed action CMS.API.Controllers.SettingsController.GetSettings (CMS.API) in 24.5385ms
2026-09-30 22:46:24.468 +03:00 [INF] Executed endpoint 'CMS.API.Controllers.SettingsController.GetSettings (CMS.API)'
2026-09-30 22:46:24.469 +03:00 [INF] Request starting HTTP/1.1 GET http://127.0.0.1:5010/api/v1/settings - null null
2026-09-30 22:46:24.472 +03:00 [INF] Request finished HTTP/1.1 GET http://127.0.0.1:5010/api/v1/settings - 200 null application/json; charset=utf-8 121.871ms
2026-09-30 22:46:24.481 +03:00 [INF] Executing endpoint 'CMS.API.Controllers.SettingsController.GetSettings (CMS.API)'
2026-09-30 22:46:24.496 +03:00 [INF] Route matched with {action = "GetSettings", controller = "Settings"}. Executing controller action with signature System.Threading.Tasks.Task`1[Microsoft.AspNetCore.Mvc.IActionResult] GetSettings() on controller CMS.API.Controllers.SettingsController (CMS.API).
2026-09-30 22:46:24.506 +03:00 [INF] Executing OkObjectResult, writing value of type 'CMS.Shared.DTOs.ApiResponse`1[[System.Collections.Generic.List`1[[CMS.Shared.DTOs.ClinicSettingDto, CMS.Shared, Version=1.0.0.0, Culture=neutral, PublicKeyToken=null]], System.Private.CoreLib, Version=8.0.0.0, Culture=neutral, PublicKeyToken=7cec85d7bea7798e]]'.
2026-09-30 22:46:24.514 +03:00 [INF] Executed action CMS.API.Controllers.SettingsController.GetSettings (CMS.API) in 10.0476ms
2026-09-30 22:46:24.520 +03:00 [INF] Executed endpoint 'CMS.API.Controllers.SettingsController.GetSettings (CMS.API)'
2026-09-30 22:46:24.525 +03:00 [INF] Request finished HTTP/1.1 GET http://127.0.0.1:5010/api/v1/settings - 200 null application/json; charset=utf-8 55.1549ms
2026-09-30 22:46:39.026 +03:00 [INF] Request starting HTTP/1.1 POST http://127.0.0.1:5010/api/v1/auth/login - application/json 56
2026-09-30 22:46:39.047 +03:00 [INF] CORS policy execution successful.
2026-09-30 22:46:39.052 +03:00 [INF] Executing endpoint 'CMS.API.Controllers.AuthController.Login (CMS.API)'
2026-09-30 22:46:39.080 +03:00 [INF] Route matched with {action = "Login", controller = "Auth"}. Executing controller action with signature System.Threading.Tasks.Task`1[Microsoft.AspNetCore.Mvc.IActionResult] Login(CMS.Shared.DTOs.LoginRequest) on controller CMS.API.Controllers.AuthController (CMS.API).
2026-09-30 22:46:39.516 +03:00 [INF] Executing OkObjectResult, writing value of type 'CMS.Shared.DTOs.ApiResponse`1[[CMS.Shared.DTOs.LoginResponse, CMS.Shared, Version=1.0.0.0, Culture=neutral, PublicKeyToken=null]]'.
2026-09-30 22:46:39.554 +03:00 [INF] Executed action CMS.API.Controllers.AuthController.Login (CMS.API) in 464.7196ms
2026-09-30 22:46:39.560 +03:00 [INF] Executed endpoint 'CMS.API.Controllers.AuthController.Login (CMS.API)'
2026-09-30 22:46:39.566 +03:00 [INF] Request finished HTTP/1.1 POST http://127.0.0.1:5010/api/v1/auth/login - 200 null application/json; charset=utf-8 539.9412ms
2026-09-30 22:46:39.585 +03:00 [INF] Request starting HTTP/1.1 GET http://127.0.0.1:5010/api/v1/settings - null null
2026-09-30 22:46:39.598 +03:00 [INF] Executing endpoint 'CMS.API.Controllers.SettingsController.GetSettings (CMS.API)'
2026-09-30 22:46:39.602 +03:00 [INF] Route matched with {action = "GetSettings", controller = "Settings"}. Executing controller action with signature System.Threading.Tasks.Task`1[Microsoft.AspNetCore.Mvc.IActionResult] GetSettings() on controller CMS.API.Controllers.SettingsController (CMS.API).
2026-09-30 22:46:39.617 +03:00 [INF] Executing OkObjectResult, writing value of type 'CMS.Shared.DTOs.ApiResponse`1[[System.Collections.Generic.List`1[[CMS.Shared.DTOs.ClinicSettingDto, CMS.Shared, Version=1.0.0.0, Culture=neutral, PublicKeyToken=null]], System.Private.CoreLib, Version=8.0.0.0, Culture=neutral, PublicKeyToken=7cec85d7bea7798e]]'.
2026-09-30 22:46:39.623 +03:00 [INF] Executed action CMS.API.Controllers.SettingsController.GetSettings (CMS.API) in 13.3081ms
2026-09-30 22:46:39.628 +03:00 [INF] Executed endpoint 'CMS.API.Controllers.SettingsController.GetSettings (CMS.API)'
2026-09-30 22:46:39.632 +03:00 [INF] Request starting HTTP/1.1 GET http://127.0.0.1:5010/api/v1/settings - null null
2026-09-30 22:46:39.633 +03:00 [INF] Request finished HTTP/1.1 GET http://127.0.0.1:5010/api/v1/settings - 200 null application/json; charset=utf-8 47.8758ms
2026-09-30 22:46:39.741 +03:00 [INF] Executing endpoint 'CMS.API.Controllers.SettingsController.GetSettings (CMS.API)'
2026-09-30 22:46:39.746 +03:00 [INF] Route matched with {action = "GetSettings", controller = "Settings"}. Executing controller action with signature System.Threading.Tasks.Task`1[Microsoft.AspNetCore.Mvc.IActionResult] GetSettings() on controller CMS.API.Controllers.SettingsController (CMS.API).
2026-09-30 22:46:39.756 +03:00 [INF] Executing OkObjectResult, writing value of type 'CMS.Shared.DTOs.ApiResponse`1[[System.Collections.Generic.List`1[[CMS.Shared.DTOs.ClinicSettingDto, CMS.Shared, Version=1.0.0.0, Culture=neutral, PublicKeyToken=null]], System.Private.CoreLib, Version=8.0.0.0, Culture=neutral, PublicKeyToken=7cec85d7bea7798e]]'.
2026-09-30 22:46:39.763 +03:00 [INF] Executed action CMS.API.Controllers.SettingsController.GetSettings (CMS.API) in 10.0298ms
2026-09-30 22:46:39.769 +03:00 [INF] Executed endpoint 'CMS.API.Controllers.SettingsController.GetSettings (CMS.API)'
2026-09-30 22:46:39.774 +03:00 [INF] Request finished HTTP/1.1 GET http://127.0.0.1:5010/api/v1/settings - 200 null application/json; charset=utf-8 141.675ms
2026-09-30 22:46:39.774 +03:00 [INF] Request starting HTTP/1.1 GET http://127.0.0.1:5010/api/v1/notifications - application/json null
2026-09-30 22:46:39.775 +03:00 [INF] Request starting HTTP/1.1 GET http://127.0.0.1:5010/api/v1/dashboard/metrics - null null
2026-09-30 22:46:39.780 +03:00 [INF] Request starting HTTP/1.1 GET http://127.0.0.1:5010/api/v1/settings - null null
2026-09-30 22:46:39.797 +03:00 [INF] Executing endpoint 'CMS.API.Controllers.NotificationsController.GetNotifications (CMS.API)'
2026-09-30 22:46:39.806 +03:00 [INF] Executing endpoint 'CMS.API.Controllers.DashboardController.GetMetrics (CMS.API)'
2026-09-30 22:46:39.814 +03:00 [INF] Executing endpoint 'CMS.API.Controllers.SettingsController.GetSettings (CMS.API)'
2026-09-30 22:46:39.826 +03:00 [INF] Route matched with {action = "GetSettings", controller = "Settings"}. Executing controller action with signature System.Threading.Tasks.Task`1[Microsoft.AspNetCore.Mvc.IActionResult] GetSettings() on controller CMS.API.Controllers.SettingsController (CMS.API).
2026-09-30 22:46:39.828 +03:00 [INF] Route matched with {action = "GetNotifications", controller = "Notifications"}. Executing controller action with signature System.Threading.Tasks.Task`1[Microsoft.AspNetCore.Mvc.IActionResult] GetNotifications(System.Nullable`1[System.Int32], System.String) on controller CMS.API.Controllers.NotificationsController (CMS.API).
2026-09-30 22:46:39.829 +03:00 [INF] Route matched with {action = "GetMetrics", controller = "Dashboard"}. Executing controller action with signature System.Threading.Tasks.Task`1[Microsoft.AspNetCore.Mvc.IActionResult] GetMetrics() on controller CMS.API.Controllers.DashboardController (CMS.API).
2026-09-30 22:46:39.837 +03:00 [INF] Executing OkObjectResult, writing value of type 'CMS.Shared.DTOs.ApiResponse`1[[System.Collections.Generic.List`1[[CMS.Shared.DTOs.ClinicSettingDto, CMS.Shared, Version=1.0.0.0, Culture=neutral, PublicKeyToken=null]], System.Private.CoreLib, Version=8.0.0.0, Culture=neutral, PublicKeyToken=7cec85d7bea7798e]]'.
2026-09-30 22:46:39.853 +03:00 [INF] Executed action CMS.API.Controllers.SettingsController.GetSettings (CMS.API) in 19.4612ms
2026-09-30 22:46:39.860 +03:00 [INF] Executed endpoint 'CMS.API.Controllers.SettingsController.GetSettings (CMS.API)'
2026-09-30 22:46:39.863 +03:00 [INF] Request starting HTTP/1.1 GET http://127.0.0.1:5010/api/v1/settings - null null
2026-09-30 22:46:39.864 +03:00 [INF] Request finished HTTP/1.1 GET http://127.0.0.1:5010/api/v1/settings - 200 null application/json; charset=utf-8 83.9407ms
2026-09-30 22:46:39.876 +03:00 [INF] Executing endpoint 'CMS.API.Controllers.SettingsController.GetSettings (CMS.API)'
2026-09-30 22:46:39.886 +03:00 [INF] Executing OkObjectResult, writing value of type 'CMS.Shared.DTOs.ApiResponse`1[[System.Collections.Generic.List`1[[CMS.Shared.DTOs.NotificationItemDto, CMS.Shared, Version=1.0.0.0, Culture=neutral, PublicKeyToken=null]], System.Private.CoreLib, Version=8.0.0.0, Culture=neutral, PublicKeyToken=7cec85d7bea7798e]]'.
2026-09-30 22:46:39.894 +03:00 [INF] Route matched with {action = "GetSettings", controller = "Settings"}. Executing controller action with signature System.Threading.Tasks.Task`1[Microsoft.AspNetCore.Mvc.IActionResult] GetSettings() on controller CMS.API.Controllers.SettingsController (CMS.API).
2026-09-30 22:46:39.911 +03:00 [INF] Executing OkObjectResult, writing value of type 'CMS.Shared.DTOs.ApiResponse`1[[System.Collections.Generic.List`1[[CMS.Shared.DTOs.ClinicSettingDto, CMS.Shared, Version=1.0.0.0, Culture=neutral, PublicKeyToken=null]], System.Private.CoreLib, Version=8.0.0.0, Culture=neutral, PublicKeyToken=7cec85d7bea7798e]]'.
2026-09-30 22:46:39.917 +03:00 [INF] Executed action CMS.API.Controllers.SettingsController.GetSettings (CMS.API) in 10.1707ms
2026-09-30 22:46:39.923 +03:00 [INF] Executed endpoint 'CMS.API.Controllers.SettingsController.GetSettings (CMS.API)'
2026-09-30 22:46:39.928 +03:00 [INF] Request starting HTTP/1.1 GET http://127.0.0.1:5010/api/v1/settings - null null
2026-09-30 22:46:39.929 +03:00 [INF] Request finished HTTP/1.1 GET http://127.0.0.1:5010/api/v1/settings - 200 null application/json; charset=utf-8 65.5606ms
2026-09-30 22:46:39.941 +03:00 [INF] Executing endpoint 'CMS.API.Controllers.SettingsController.GetSettings (CMS.API)'
2026-09-30 22:46:39.944 +03:00 [INF] Executed action CMS.API.Controllers.NotificationsController.GetNotifications (CMS.API) in 102.4076ms
2026-09-30 22:46:39.954 +03:00 [INF] Request starting HTTP/1.1 GET http://127.0.0.1:5010/api/v1/notifications - application/json null
2026-09-30 22:46:39.957 +03:00 [INF] Route matched with {action = "GetSettings", controller = "Settings"}. Executing controller action with signature System.Threading.Tasks.Task`1[Microsoft.AspNetCore.Mvc.IActionResult] GetSettings() on controller CMS.API.Controllers.SettingsController (CMS.API).
2026-09-30 22:46:39.961 +03:00 [INF] Executed endpoint 'CMS.API.Controllers.NotificationsController.GetNotifications (CMS.API)'
2026-09-30 22:46:39.973 +03:00 [INF] Executing endpoint 'CMS.API.Controllers.NotificationsController.GetNotifications (CMS.API)'
2026-09-30 22:46:39.982 +03:00 [INF] Executing OkObjectResult, writing value of type 'CMS.Shared.DTOs.ApiResponse`1[[System.Collections.Generic.List`1[[CMS.Shared.DTOs.ClinicSettingDto, CMS.Shared, Version=1.0.0.0, Culture=neutral, PublicKeyToken=null]], System.Private.CoreLib, Version=8.0.0.0, Culture=neutral, PublicKeyToken=7cec85d7bea7798e]]'.
2026-09-30 22:46:39.984 +03:00 [INF] Request finished HTTP/1.1 GET http://127.0.0.1:5010/api/v1/notifications - 200 null application/json; charset=utf-8 209.7296ms
2026-09-30 22:46:39.988 +03:00 [INF] Route matched with {action = "GetNotifications", controller = "Notifications"}. Executing controller action with signature System.Threading.Tasks.Task`1[Microsoft.AspNetCore.Mvc.IActionResult] GetNotifications(System.Nullable`1[System.Int32], System.String) on controller CMS.API.Controllers.NotificationsController (CMS.API).
2026-09-30 22:46:39.993 +03:00 [INF] Executed action CMS.API.Controllers.SettingsController.GetSettings (CMS.API) in 14.6884ms
2026-09-30 22:46:40.003 +03:00 [INF] Request starting HTTP/1.1 GET http://127.0.0.1:5010/api/v1/settings - null null
2026-09-30 22:46:40.014 +03:00 [INF] Executing OkObjectResult, writing value of type 'CMS.Shared.DTOs.ApiResponse`1[[System.Collections.Generic.List`1[[CMS.Shared.DTOs.NotificationItemDto, CMS.Shared, Version=1.0.0.0, Culture=neutral, PublicKeyToken=null]], System.Private.CoreLib, Version=8.0.0.0, Culture=neutral, PublicKeyToken=7cec85d7bea7798e]]'.
2026-09-30 22:46:40.017 +03:00 [INF] Executed endpoint 'CMS.API.Controllers.SettingsController.GetSettings (CMS.API)'
2026-09-30 22:46:40.027 +03:00 [INF] Executing endpoint 'CMS.API.Controllers.SettingsController.GetSettings (CMS.API)'
2026-09-30 22:46:40.032 +03:00 [INF] Executed action CMS.API.Controllers.NotificationsController.GetNotifications (CMS.API) in 19.4409ms
2026-09-30 22:46:40.036 +03:00 [INF] Request finished HTTP/1.1 GET http://127.0.0.1:5010/api/v1/settings - 200 null application/json; charset=utf-8 108.3164ms
2026-09-30 22:46:40.042 +03:00 [INF] Route matched with {action = "GetSettings", controller = "Settings"}. Executing controller action with signature System.Threading.Tasks.Task`1[Microsoft.AspNetCore.Mvc.IActionResult] GetSettings() on controller CMS.API.Controllers.SettingsController (CMS.API).
2026-09-30 22:46:40.046 +03:00 [INF] Executed endpoint 'CMS.API.Controllers.NotificationsController.GetNotifications (CMS.API)'
2026-09-30 22:46:40.067 +03:00 [INF] Executing OkObjectResult, writing value of type 'CMS.Shared.DTOs.ApiResponse`1[[System.Collections.Generic.List`1[[CMS.Shared.DTOs.ClinicSettingDto, CMS.Shared, Version=1.0.0.0, Culture=neutral, PublicKeyToken=null]], System.Private.CoreLib, Version=8.0.0.0, Culture=neutral, PublicKeyToken=7cec85d7bea7798e]]'.
2026-09-30 22:46:40.069 +03:00 [INF] Request finished HTTP/1.1 GET http://127.0.0.1:5010/api/v1/notifications - 200 null application/json; charset=utf-8 114.222ms
2026-09-30 22:46:40.075 +03:00 [INF] Executed action CMS.API.Controllers.SettingsController.GetSettings (CMS.API) in 10.7352ms
2026-09-30 22:46:40.093 +03:00 [INF] Executed endpoint 'CMS.API.Controllers.SettingsController.GetSettings (CMS.API)'
2026-09-30 22:46:40.097 +03:00 [INF] Request finished HTTP/1.1 GET http://127.0.0.1:5010/api/v1/settings - 200 null application/json; charset=utf-8 94.6931ms
2026-09-30 22:46:41.223 +03:00 [INF] Executed action CMS.API.Controllers.DashboardController.GetMetrics (CMS.API) in 1375.5424ms
2026-09-30 22:46:41.234 +03:00 [INF] Executed endpoint 'CMS.API.Controllers.DashboardController.GetMetrics (CMS.API)'
2026-09-30 22:46:41.243 +03:00 [ERR] Unhandled exception encountered: Invalid column name 'TotalPrice'.
Microsoft.Data.SqlClient.SqlException (0x80131904): Invalid column name 'TotalPrice'.
   at Microsoft.Data.SqlClient.SqlCommand.<>c.<ExecuteDbDataReaderAsync>b__211_0(Task`1 result)
   at System.Threading.Tasks.ContinuationResultTaskFromResultTask`2.InnerInvoke()
   at System.Threading.ExecutionContext.RunInternal(ExecutionContext executionContext, ContextCallback callback, Object state)
--- End of stack trace from previous location ---
   at System.Threading.ExecutionContext.RunInternal(ExecutionContext executionContext, ContextCallback callback, Object state)
   at System.Threading.Tasks.Task.ExecuteWithThreadLocal(Task& currentTaskSlot, Thread threadPoolThread)
--- End of stack trace from previous location ---
   at Dapper.SqlMapper.QueryAsync[T](IDbConnection cnn, Type effectiveType, CommandDefinition command) in /_/Dapper/SqlMapper.Async.cs:line 434
   at CMS.Application.Dashboard.DashboardService.GetMetricsAsync(Byte tenantId) in C:\Users\ASUS\source\repos\CMS\src\CMS.Application\Dashboard\DashboardService.cs:line 120
   at CMS.API.Controllers.DashboardController.GetMetrics() in C:\Users\ASUS\source\repos\CMS\src\CMS.API\Controllers\ExtendedControllers.cs:line 366
   at Microsoft.AspNetCore.Mvc.Infrastructure.ActionMethodExecutor.TaskOfIActionResultExecutor.Execute(ActionContext actionContext, IActionResultTypeMapper mapper, ObjectMethodExecutor executor, Object controller, Object[] arguments)
   at Microsoft.AspNetCore.Mvc.Infrastructure.ControllerActionInvoker.<InvokeActionMethodAsync>g__Awaited|12_0(ControllerActionInvoker invoker, ValueTask`1 actionResultValueTask)
   at Microsoft.AspNetCore.Mvc.Infrastructure.ControllerActionInvoker.<InvokeNextActionFilterAsync>g__Awaited|10_0(ControllerActionInvoker invoker, Task lastTask, State next, Scope scope, Object state, Boolean isCompleted)
   at Microsoft.AspNetCore.Mvc.Infrastructure.ControllerActionInvoker.Rethrow(ActionExecutedContextSealed context)
   at Microsoft.AspNetCore.Mvc.Infrastructure.ControllerActionInvoker.Next(State& next, Scope& scope, Object& state, Boolean& isCompleted)
   at Microsoft.AspNetCore.Mvc.Infrastructure.ControllerActionInvoker.<InvokeInnerFilterAsync>g__Awaited|13_0(ControllerActionInvoker invoker, Task lastTask, State next, Scope scope, Object state, Boolean isCompleted)
   at Microsoft.AspNetCore.Mvc.Infrastructure.ResourceInvoker.<InvokeFilterPipelineAsync>g__Awaited|20_0(ResourceInvoker invoker, Task lastTask, State next, Scope scope, Object state, Boolean isCompleted)
   at Microsoft.AspNetCore.Mvc.Infrastructure.ResourceInvoker.<InvokeAsync>g__Logged|17_1(ResourceInvoker invoker)
   at Microsoft.AspNetCore.Mvc.Infrastructure.ResourceInvoker.<InvokeAsync>g__Logged|17_1(ResourceInvoker invoker)
   at Microsoft.AspNetCore.Routing.EndpointMiddleware.<Invoke>g__AwaitRequestTask|7_0(Endpoint endpoint, Task requestTask, ILogger logger)
   at Microsoft.AspNetCore.Authorization.AuthorizationMiddleware.Invoke(HttpContext context)
   at Microsoft.AspNetCore.Authentication.AuthenticationMiddleware.Invoke(HttpContext context)
   at Swashbuckle.AspNetCore.SwaggerUI.SwaggerUIMiddleware.Invoke(HttpContext httpContext)
   at Swashbuckle.AspNetCore.Swagger.SwaggerMiddleware.Invoke(HttpContext httpContext, ISwaggerProvider swaggerProvider)
   at CMS.API.Middleware.TenantMiddleware.InvokeAsync(HttpContext context) in C:\Users\ASUS\source\repos\CMS\src\CMS.API\Middleware\Middlewares.cs:line 26
   at CMS.API.Middleware.ExceptionMiddleware.InvokeAsync(HttpContext context) in C:\Users\ASUS\source\repos\CMS\src\CMS.API\Middleware\Middlewares.cs:line 45
ClientConnectionId:2389904f-62f7-4324-91ce-f268b3704974
Error Number:207,State:1,Class:16
2026-09-30 22:46:41.317 +03:00 [INF] Request finished HTTP/1.1 GET http://127.0.0.1:5010/api/v1/dashboard/metrics - 500 null application/json 1542.0811ms
2026-09-30 22:46:41.328 +03:00 [INF] Request starting HTTP/1.1 GET http://127.0.0.1:5010/api/v1/dashboard/metrics - null null
2026-09-30 22:46:41.343 +03:00 [INF] Executing endpoint 'CMS.API.Controllers.DashboardController.GetMetrics (CMS.API)'
2026-09-30 22:46:41.348 +03:00 [INF] Route matched with {action = "GetMetrics", controller = "Dashboard"}. Executing controller action with signature System.Threading.Tasks.Task`1[Microsoft.AspNetCore.Mvc.IActionResult] GetMetrics() on controller CMS.API.Controllers.DashboardController (CMS.API).
2026-09-30 22:46:41.386 +03:00 [INF] Executed action CMS.API.Controllers.DashboardController.GetMetrics (CMS.API) in 29.7553ms
2026-09-30 22:46:41.391 +03:00 [INF] Executed endpoint 'CMS.API.Controllers.DashboardController.GetMetrics (CMS.API)'
2026-09-30 22:46:41.396 +03:00 [ERR] Unhandled exception encountered: Invalid column name 'TotalPrice'.
Microsoft.Data.SqlClient.SqlException (0x80131904): Invalid column name 'TotalPrice'.
   at Microsoft.Data.SqlClient.SqlCommand.<>c.<ExecuteDbDataReaderAsync>b__211_0(Task`1 result)
   at System.Threading.Tasks.ContinuationResultTaskFromResultTask`2.InnerInvoke()
   at System.Threading.ExecutionContext.RunInternal(ExecutionContext executionContext, ContextCallback callback, Object state)
--- End of stack trace from previous location ---
   at System.Threading.ExecutionContext.RunInternal(ExecutionContext executionContext, ContextCallback callback, Object state)
   at System.Threading.Tasks.Task.ExecuteWithThreadLocal(Task& currentTaskSlot, Thread threadPoolThread)
--- End of stack trace from previous location ---
   at Dapper.SqlMapper.QueryAsync[T](IDbConnection cnn, Type effectiveType, CommandDefinition command) in /_/Dapper/SqlMapper.Async.cs:line 434
   at CMS.Application.Dashboard.DashboardService.GetMetricsAsync(Byte tenantId) in C:\Users\ASUS\source\repos\CMS\src\CMS.Application\Dashboard\DashboardService.cs:line 120
   at CMS.API.Controllers.DashboardController.GetMetrics() in C:\Users\ASUS\source\repos\CMS\src\CMS.API\Controllers\ExtendedControllers.cs:line 366
   at Microsoft.AspNetCore.Mvc.Infrastructure.ActionMethodExecutor.TaskOfIActionResultExecutor.Execute(ActionContext actionContext, IActionResultTypeMapper mapper, ObjectMethodExecutor executor, Object controller, Object[] arguments)
   at Microsoft.AspNetCore.Mvc.Infrastructure.ControllerActionInvoker.<InvokeActionMethodAsync>g__Awaited|12_0(ControllerActionInvoker invoker, ValueTask`1 actionResultValueTask)
   at Microsoft.AspNetCore.Mvc.Infrastructure.ControllerActionInvoker.<InvokeNextActionFilterAsync>g__Awaited|10_0(ControllerActionInvoker invoker, Task lastTask, State next, Scope scope, Object state, Boolean isCompleted)
   at Microsoft.AspNetCore.Mvc.Infrastructure.ControllerActionInvoker.Rethrow(ActionExecutedContextSealed context)
   at Microsoft.AspNetCore.Mvc.Infrastructure.ControllerActionInvoker.Next(State& next, Scope& scope, Object& state, Boolean& isCompleted)
   at Microsoft.AspNetCore.Mvc.Infrastructure.ControllerActionInvoker.<InvokeInnerFilterAsync>g__Awaited|13_0(ControllerActionInvoker invoker, Task lastTask, State next, Scope scope, Object state, Boolean isCompleted)
   at Microsoft.AspNetCore.Mvc.Infrastructure.ResourceInvoker.<InvokeFilterPipelineAsync>g__Awaited|20_0(ResourceInvoker invoker, Task lastTask, State next, Scope scope, Object state, Boolean isCompleted)
   at Microsoft.AspNetCore.Mvc.Infrastructure.ResourceInvoker.<InvokeAsync>g__Logged|17_1(ResourceInvoker invoker)
   at Microsoft.AspNetCore.Mvc.Infrastructure.ResourceInvoker.<InvokeAsync>g__Logged|17_1(ResourceInvoker invoker)
   at Microsoft.AspNetCore.Routing.EndpointMiddleware.<Invoke>g__AwaitRequestTask|7_0(Endpoint endpoint, Task requestTask, ILogger logger)
   at Microsoft.AspNetCore.Authorization.AuthorizationMiddleware.Invoke(HttpContext context)
   at Microsoft.AspNetCore.Authentication.AuthenticationMiddleware.Invoke(HttpContext context)
   at Swashbuckle.AspNetCore.SwaggerUI.SwaggerUIMiddleware.Invoke(HttpContext httpContext)
   at Swashbuckle.AspNetCore.Swagger.SwaggerMiddleware.Invoke(HttpContext httpContext, ISwaggerProvider swaggerProvider)
   at CMS.API.Middleware.TenantMiddleware.InvokeAsync(HttpContext context) in C:\Users\ASUS\source\repos\CMS\src\CMS.API\Middleware\Middlewares.cs:line 26
   at CMS.API.Middleware.ExceptionMiddleware.InvokeAsync(HttpContext context) in C:\Users\ASUS\source\repos\CMS\src\CMS.API\Middleware\Middlewares.cs:line 45
ClientConnectionId:2389904f-62f7-4324-91ce-f268b3704974
Error Number:207,State:1,Class:16
2026-09-30 22:46:41.426 +03:00 [INF] Request finished HTTP/1.1 GET http://127.0.0.1:5010/api/v1/dashboard/metrics - 500 null application/json 97.5423ms
2026-09-30 22:46:50.749 +03:00 [INF] Request starting HTTP/1.1 GET http://127.0.0.1:5010/api/v1/settings - null null
2026-09-30 22:46:50.750 +03:00 [INF] Request starting HTTP/1.1 GET http://127.0.0.1:5010/api/v1/notifications - application/json null
2026-09-30 22:46:50.751 +03:00 [INF] Request starting HTTP/1.1 GET http://127.0.0.1:5010/api/v1/dashboard/metrics - null null
2026-09-30 22:46:50.752 +03:00 [INF] Request starting HTTP/1.1 GET http://127.0.0.1:5010/api/v1/settings - null null
2026-09-30 22:46:50.752 +03:00 [INF] Request starting HTTP/1.1 GET http://127.0.0.1:5010/api/v1/settings - null null
2026-09-30 22:46:50.753 +03:00 [INF] Request starting HTTP/1.1 GET http://127.0.0.1:5010/api/v1/settings - null null
2026-09-30 22:46:50.765 +03:00 [INF] Executing endpoint 'CMS.API.Controllers.SettingsController.GetSettings (CMS.API)'
2026-09-30 22:46:50.787 +03:00 [INF] Executing endpoint 'CMS.API.Controllers.NotificationsController.GetNotifications (CMS.API)'
2026-09-30 22:46:50.796 +03:00 [INF] Executing endpoint 'CMS.API.Controllers.DashboardController.GetMetrics (CMS.API)'
2026-09-30 22:46:50.810 +03:00 [INF] Executing endpoint 'CMS.API.Controllers.SettingsController.GetSettings (CMS.API)'
2026-09-30 22:46:50.822 +03:00 [INF] Executing endpoint 'CMS.API.Controllers.SettingsController.GetSettings (CMS.API)'
2026-09-30 22:46:50.832 +03:00 [INF] Executing endpoint 'CMS.API.Controllers.SettingsController.GetSettings (CMS.API)'
2026-09-30 22:46:50.836 +03:00 [INF] Route matched with {action = "GetSettings", controller = "Settings"}. Executing controller action with signature System.Threading.Tasks.Task`1[Microsoft.AspNetCore.Mvc.IActionResult] GetSettings() on controller CMS.API.Controllers.SettingsController (CMS.API).
2026-09-30 22:46:50.840 +03:00 [INF] Route matched with {action = "GetNotifications", controller = "Notifications"}. Executing controller action with signature System.Threading.Tasks.Task`1[Microsoft.AspNetCore.Mvc.IActionResult] GetNotifications(System.Nullable`1[System.Int32], System.String) on controller CMS.API.Controllers.NotificationsController (CMS.API).
2026-09-30 22:46:50.845 +03:00 [INF] Route matched with {action = "GetMetrics", controller = "Dashboard"}. Executing controller action with signature System.Threading.Tasks.Task`1[Microsoft.AspNetCore.Mvc.IActionResult] GetMetrics() on controller CMS.API.Controllers.DashboardController (CMS.API).
2026-09-30 22:46:50.849 +03:00 [INF] Route matched with {action = "GetSettings", controller = "Settings"}. Executing controller action with signature System.Threading.Tasks.Task`1[Microsoft.AspNetCore.Mvc.IActionResult] GetSettings() on controller CMS.API.Controllers.SettingsController (CMS.API).
2026-09-30 22:46:50.853 +03:00 [INF] Route matched with {action = "GetSettings", controller = "Settings"}. Executing controller action with signature System.Threading.Tasks.Task`1[Microsoft.AspNetCore.Mvc.IActionResult] GetSettings() on controller CMS.API.Controllers.SettingsController (CMS.API).
2026-09-30 22:46:50.857 +03:00 [INF] Route matched with {action = "GetSettings", controller = "Settings"}. Executing controller action with signature System.Threading.Tasks.Task`1[Microsoft.AspNetCore.Mvc.IActionResult] GetSettings() on controller CMS.API.Controllers.SettingsController (CMS.API).
2026-09-30 22:46:50.870 +03:00 [INF] Executing OkObjectResult, writing value of type 'CMS.Shared.DTOs.ApiResponse`1[[System.Collections.Generic.List`1[[CMS.Shared.DTOs.ClinicSettingDto, CMS.Shared, Version=1.0.0.0, Culture=neutral, PublicKeyToken=null]], System.Private.CoreLib, Version=8.0.0.0, Culture=neutral, PublicKeyToken=7cec85d7bea7798e]]'.
2026-09-30 22:46:50.878 +03:00 [INF] Executing OkObjectResult, writing value of type 'CMS.Shared.DTOs.ApiResponse`1[[System.Collections.Generic.List`1[[CMS.Shared.DTOs.NotificationItemDto, CMS.Shared, Version=1.0.0.0, Culture=neutral, PublicKeyToken=null]], System.Private.CoreLib, Version=8.0.0.0, Culture=neutral, PublicKeyToken=7cec85d7bea7798e]]'.
2026-09-30 22:46:50.910 +03:00 [INF] Executing OkObjectResult, writing value of type 'CMS.Shared.DTOs.ApiResponse`1[[System.Collections.Generic.List`1[[CMS.Shared.DTOs.ClinicSettingDto, CMS.Shared, Version=1.0.0.0, Culture=neutral, PublicKeyToken=null]], System.Private.CoreLib, Version=8.0.0.0, Culture=neutral, PublicKeyToken=7cec85d7bea7798e]]'.
2026-09-30 22:46:50.934 +03:00 [INF] Executing OkObjectResult, writing value of type 'CMS.Shared.DTOs.ApiResponse`1[[System.Collections.Generic.List`1[[CMS.Shared.DTOs.ClinicSettingDto, CMS.Shared, Version=1.0.0.0, Culture=neutral, PublicKeyToken=null]], System.Private.CoreLib, Version=8.0.0.0, Culture=neutral, PublicKeyToken=7cec85d7bea7798e]]'.
2026-09-30 22:46:50.935 +03:00 [INF] Executed action CMS.API.Controllers.DashboardController.GetMetrics (CMS.API) in 38.859ms
2026-09-30 22:46:50.938 +03:00 [INF] Executing OkObjectResult, writing value of type 'CMS.Shared.DTOs.ApiResponse`1[[System.Collections.Generic.List`1[[CMS.Shared.DTOs.ClinicSettingDto, CMS.Shared, Version=1.0.0.0, Culture=neutral, PublicKeyToken=null]], System.Private.CoreLib, Version=8.0.0.0, Culture=neutral, PublicKeyToken=7cec85d7bea7798e]]'.
2026-09-30 22:46:50.941 +03:00 [INF] Executed action CMS.API.Controllers.SettingsController.GetSettings (CMS.API) in 75.728ms
2026-09-30 22:46:50.946 +03:00 [INF] Executed action CMS.API.Controllers.NotificationsController.GetNotifications (CMS.API) in 71.6514ms
2026-09-30 22:46:50.951 +03:00 [INF] Executed action CMS.API.Controllers.SettingsController.GetSettings (CMS.API) in 46.214ms
2026-09-30 22:46:50.956 +03:00 [INF] Executed action CMS.API.Controllers.SettingsController.GetSettings (CMS.API) in 25.2053ms
2026-09-30 22:46:50.961 +03:00 [INF] Executed endpoint 'CMS.API.Controllers.DashboardController.GetMetrics (CMS.API)'
2026-09-30 22:46:50.967 +03:00 [INF] Executed action CMS.API.Controllers.SettingsController.GetSettings (CMS.API) in 32.1437ms
2026-09-30 22:46:50.973 +03:00 [INF] Executed endpoint 'CMS.API.Controllers.SettingsController.GetSettings (CMS.API)'
2026-09-30 22:46:50.978 +03:00 [INF] Executed endpoint 'CMS.API.Controllers.NotificationsController.GetNotifications (CMS.API)'
2026-09-30 22:46:50.983 +03:00 [INF] Executed endpoint 'CMS.API.Controllers.SettingsController.GetSettings (CMS.API)'
2026-09-30 22:46:50.988 +03:00 [INF] Executed endpoint 'CMS.API.Controllers.SettingsController.GetSettings (CMS.API)'
2026-09-30 22:46:50.993 +03:00 [ERR] Unhandled exception encountered: Invalid column name 'TotalPrice'.
Microsoft.Data.SqlClient.SqlException (0x80131904): Invalid column name 'TotalPrice'.
   at Microsoft.Data.SqlClient.SqlCommand.<>c.<ExecuteDbDataReaderAsync>b__211_0(Task`1 result)
   at System.Threading.Tasks.ContinuationResultTaskFromResultTask`2.InnerInvoke()
   at System.Threading.ExecutionContext.RunInternal(ExecutionContext executionContext, ContextCallback callback, Object state)
--- End of stack trace from previous location ---
   at System.Threading.ExecutionContext.RunInternal(ExecutionContext executionContext, ContextCallback callback, Object state)
   at System.Threading.Tasks.Task.ExecuteWithThreadLocal(Task& currentTaskSlot, Thread threadPoolThread)
--- End of stack trace from previous location ---
   at Dapper.SqlMapper.QueryAsync[T](IDbConnection cnn, Type effectiveType, CommandDefinition command) in /_/Dapper/SqlMapper.Async.cs:line 434
   at CMS.Application.Dashboard.DashboardService.GetMetricsAsync(Byte tenantId) in C:\Users\ASUS\source\repos\CMS\src\CMS.Application\Dashboard\DashboardService.cs:line 120
   at CMS.API.Controllers.DashboardController.GetMetrics() in C:\Users\ASUS\source\repos\CMS\src\CMS.API\Controllers\ExtendedControllers.cs:line 366
   at Microsoft.AspNetCore.Mvc.Infrastructure.ActionMethodExecutor.TaskOfIActionResultExecutor.Execute(ActionContext actionContext, IActionResultTypeMapper mapper, ObjectMethodExecutor executor, Object controller, Object[] arguments)
   at Microsoft.AspNetCore.Mvc.Infrastructure.ControllerActionInvoker.<InvokeActionMethodAsync>g__Awaited|12_0(ControllerActionInvoker invoker, ValueTask`1 actionResultValueTask)
   at Microsoft.AspNetCore.Mvc.Infrastructure.ControllerActionInvoker.<InvokeNextActionFilterAsync>g__Awaited|10_0(ControllerActionInvoker invoker, Task lastTask, State next, Scope scope, Object state, Boolean isCompleted)
   at Microsoft.AspNetCore.Mvc.Infrastructure.ControllerActionInvoker.Rethrow(ActionExecutedContextSealed context)
   at Microsoft.AspNetCore.Mvc.Infrastructure.ControllerActionInvoker.Next(State& next, Scope& scope, Object& state, Boolean& isCompleted)
   at Microsoft.AspNetCore.Mvc.Infrastructure.ControllerActionInvoker.<InvokeInnerFilterAsync>g__Awaited|13_0(ControllerActionInvoker invoker, Task lastTask, State next, Scope scope, Object state, Boolean isCompleted)
   at Microsoft.AspNetCore.Mvc.Infrastructure.ResourceInvoker.<InvokeFilterPipelineAsync>g__Awaited|20_0(ResourceInvoker invoker, Task lastTask, State next, Scope scope, Object state, Boolean isCompleted)
   at Microsoft.AspNetCore.Mvc.Infrastructure.ResourceInvoker.<InvokeAsync>g__Logged|17_1(ResourceInvoker invoker)
   at Microsoft.AspNetCore.Mvc.Infrastructure.ResourceInvoker.<InvokeAsync>g__Logged|17_1(ResourceInvoker invoker)
   at Microsoft.AspNetCore.Routing.EndpointMiddleware.<Invoke>g__AwaitRequestTask|7_0(Endpoint endpoint, Task requestTask, ILogger logger)
   at Microsoft.AspNetCore.Authorization.AuthorizationMiddleware.Invoke(HttpContext context)
   at Microsoft.AspNetCore.Authentication.AuthenticationMiddleware.Invoke(HttpContext context)
   at Swashbuckle.AspNetCore.SwaggerUI.SwaggerUIMiddleware.Invoke(HttpContext httpContext)
   at Swashbuckle.AspNetCore.Swagger.SwaggerMiddleware.Invoke(HttpContext httpContext, ISwaggerProvider swaggerProvider)
   at CMS.API.Middleware.TenantMiddleware.InvokeAsync(HttpContext context) in C:\Users\ASUS\source\repos\CMS\src\CMS.API\Middleware\Middlewares.cs:line 26
   at CMS.API.Middleware.ExceptionMiddleware.InvokeAsync(HttpContext context) in C:\Users\ASUS\source\repos\CMS\src\CMS.API\Middleware\Middlewares.cs:line 45
ClientConnectionId:2389904f-62f7-4324-91ce-f268b3704974
Error Number:207,State:1,Class:16
2026-09-30 22:46:50.997 +03:00 [INF] Executed endpoint 'CMS.API.Controllers.SettingsController.GetSettings (CMS.API)'
2026-09-30 22:46:51.008 +03:00 [INF] Request finished HTTP/1.1 GET http://127.0.0.1:5010/api/v1/notifications - 200 null application/json; charset=utf-8 257.6641ms
2026-09-30 22:46:51.004 +03:00 [INF] Request finished HTTP/1.1 GET http://127.0.0.1:5010/api/v1/settings - 200 null application/json; charset=utf-8 253.8388ms
2026-09-30 22:46:51.012 +03:00 [INF] Request finished HTTP/1.1 GET http://127.0.0.1:5010/api/v1/settings - 200 null application/json; charset=utf-8 260.7445ms
2026-09-30 22:46:51.014 +03:00 [INF] Request starting HTTP/1.1 GET http://127.0.0.1:5010/api/v1/notifications - application/json null
2026-09-30 22:46:51.018 +03:00 [INF] Request finished HTTP/1.1 GET http://127.0.0.1:5010/api/v1/settings - 200 null application/json; charset=utf-8 266.0022ms
2026-09-30 22:46:51.019 +03:00 [INF] Request starting HTTP/1.1 GET http://127.0.0.1:5010/api/v1/dashboard/metrics - null null
2026-09-30 22:46:51.031 +03:00 [INF] Request starting HTTP/1.1 GET http://127.0.0.1:5010/api/v1/settings - null null
2026-09-30 22:46:51.031 +03:00 [INF] Request starting HTTP/1.1 GET http://127.0.0.1:5010/api/v1/settings - null null
2026-09-30 22:46:51.052 +03:00 [INF] Request finished HTTP/1.1 GET http://127.0.0.1:5010/api/v1/dashboard/metrics - 500 null application/json 300.2465ms
2026-09-30 22:46:51.052 +03:00 [INF] Request finished HTTP/1.1 GET http://127.0.0.1:5010/api/v1/settings - 200 null application/json; charset=utf-8 298.358ms
2026-09-30 22:46:51.099 +03:00 [INF] Executing endpoint 'CMS.API.Controllers.NotificationsController.GetNotifications (CMS.API)'
2026-09-30 22:46:51.123 +03:00 [INF] Executing endpoint 'CMS.API.Controllers.DashboardController.GetMetrics (CMS.API)'
2026-09-30 22:46:51.135 +03:00 [INF] Executing endpoint 'CMS.API.Controllers.SettingsController.GetSettings (CMS.API)'
2026-09-30 22:46:51.146 +03:00 [INF] Executing endpoint 'CMS.API.Controllers.SettingsController.GetSettings (CMS.API)'
2026-09-30 22:46:51.177 +03:00 [INF] Route matched with {action = "GetNotifications", controller = "Notifications"}. Executing controller action with signature System.Threading.Tasks.Task`1[Microsoft.AspNetCore.Mvc.IActionResult] GetNotifications(System.Nullable`1[System.Int32], System.String) on controller CMS.API.Controllers.NotificationsController (CMS.API).
2026-09-30 22:46:51.182 +03:00 [INF] Route matched with {action = "GetMetrics", controller = "Dashboard"}. Executing controller action with signature System.Threading.Tasks.Task`1[Microsoft.AspNetCore.Mvc.IActionResult] GetMetrics() on controller CMS.API.Controllers.DashboardController (CMS.API).
2026-09-30 22:46:51.187 +03:00 [INF] Route matched with {action = "GetSettings", controller = "Settings"}. Executing controller action with signature System.Threading.Tasks.Task`1[Microsoft.AspNetCore.Mvc.IActionResult] GetSettings() on controller CMS.API.Controllers.SettingsController (CMS.API).
2026-09-30 22:46:51.192 +03:00 [INF] Route matched with {action = "GetSettings", controller = "Settings"}. Executing controller action with signature System.Threading.Tasks.Task`1[Microsoft.AspNetCore.Mvc.IActionResult] GetSettings() on controller CMS.API.Controllers.SettingsController (CMS.API).
2026-09-30 22:46:51.199 +03:00 [INF] Executing OkObjectResult, writing value of type 'CMS.Shared.DTOs.ApiResponse`1[[System.Collections.Generic.List`1[[CMS.Shared.DTOs.NotificationItemDto, CMS.Shared, Version=1.0.0.0, Culture=neutral, PublicKeyToken=null]], System.Private.CoreLib, Version=8.0.0.0, Culture=neutral, PublicKeyToken=7cec85d7bea7798e]]'.
2026-09-30 22:46:51.222 +03:00 [INF] Executing OkObjectResult, writing value of type 'CMS.Shared.DTOs.ApiResponse`1[[System.Collections.Generic.List`1[[CMS.Shared.DTOs.ClinicSettingDto, CMS.Shared, Version=1.0.0.0, Culture=neutral, PublicKeyToken=null]], System.Private.CoreLib, Version=8.0.0.0, Culture=neutral, PublicKeyToken=7cec85d7bea7798e]]'.
2026-09-30 22:46:51.232 +03:00 [INF] Executing OkObjectResult, writing value of type 'CMS.Shared.DTOs.ApiResponse`1[[System.Collections.Generic.List`1[[CMS.Shared.DTOs.ClinicSettingDto, CMS.Shared, Version=1.0.0.0, Culture=neutral, PublicKeyToken=null]], System.Private.CoreLib, Version=8.0.0.0, Culture=neutral, PublicKeyToken=7cec85d7bea7798e]]'.
2026-09-30 22:46:51.238 +03:00 [INF] Executed action CMS.API.Controllers.NotificationsController.GetNotifications (CMS.API) in 38.6725ms
2026-09-30 22:46:51.241 +03:00 [INF] Executed action CMS.API.Controllers.DashboardController.GetMetrics (CMS.API) in 34.8568ms
2026-09-30 22:46:51.244 +03:00 [INF] Executed action CMS.API.Controllers.SettingsController.GetSettings (CMS.API) in 25.7679ms
2026-09-30 22:46:51.270 +03:00 [INF] Executed action CMS.API.Controllers.SettingsController.GetSettings (CMS.API) in 41.1497ms
2026-09-30 22:46:51.284 +03:00 [INF] Executed endpoint 'CMS.API.Controllers.NotificationsController.GetNotifications (CMS.API)'
2026-09-30 22:46:51.294 +03:00 [INF] Executed endpoint 'CMS.API.Controllers.DashboardController.GetMetrics (CMS.API)'
2026-09-30 22:46:51.308 +03:00 [INF] Executed endpoint 'CMS.API.Controllers.SettingsController.GetSettings (CMS.API)'
2026-09-30 22:46:51.315 +03:00 [INF] Executed endpoint 'CMS.API.Controllers.SettingsController.GetSettings (CMS.API)'
2026-09-30 22:46:51.319 +03:00 [INF] Request finished HTTP/1.1 GET http://127.0.0.1:5010/api/v1/notifications - 200 null application/json; charset=utf-8 305.1136ms
2026-09-30 22:46:51.325 +03:00 [ERR] Unhandled exception encountered: Invalid column name 'TotalPrice'.
Microsoft.Data.SqlClient.SqlException (0x80131904): Invalid column name 'TotalPrice'.
   at Microsoft.Data.SqlClient.SqlCommand.<>c.<ExecuteDbDataReaderAsync>b__211_0(Task`1 result)
   at System.Threading.Tasks.ContinuationResultTaskFromResultTask`2.InnerInvoke()
   at System.Threading.ExecutionContext.RunInternal(ExecutionContext executionContext, ContextCallback callback, Object state)
--- End of stack trace from previous location ---
   at System.Threading.ExecutionContext.RunInternal(ExecutionContext executionContext, ContextCallback callback, Object state)
   at System.Threading.Tasks.Task.ExecuteWithThreadLocal(Task& currentTaskSlot, Thread threadPoolThread)
--- End of stack trace from previous location ---
   at Dapper.SqlMapper.QueryAsync[T](IDbConnection cnn, Type effectiveType, CommandDefinition command) in /_/Dapper/SqlMapper.Async.cs:line 434
   at CMS.Application.Dashboard.DashboardService.GetMetricsAsync(Byte tenantId) in C:\Users\ASUS\source\repos\CMS\src\CMS.Application\Dashboard\DashboardService.cs:line 120
   at CMS.API.Controllers.DashboardController.GetMetrics() in C:\Users\ASUS\source\repos\CMS\src\CMS.API\Controllers\ExtendedControllers.cs:line 366
   at Microsoft.AspNetCore.Mvc.Infrastructure.ActionMethodExecutor.TaskOfIActionResultExecutor.Execute(ActionContext actionContext, IActionResultTypeMapper mapper, ObjectMethodExecutor executor, Object controller, Object[] arguments)
   at Microsoft.AspNetCore.Mvc.Infrastructure.ControllerActionInvoker.<InvokeActionMethodAsync>g__Awaited|12_0(ControllerActionInvoker invoker, ValueTask`1 actionResultValueTask)
   at Microsoft.AspNetCore.Mvc.Infrastructure.ControllerActionInvoker.<InvokeNextActionFilterAsync>g__Awaited|10_0(ControllerActionInvoker invoker, Task lastTask, State next, Scope scope, Object state, Boolean isCompleted)
   at Microsoft.AspNetCore.Mvc.Infrastructure.ControllerActionInvoker.Rethrow(ActionExecutedContextSealed context)
   at Microsoft.AspNetCore.Mvc.Infrastructure.ControllerActionInvoker.Next(State& next, Scope& scope, Object& state, Boolean& isCompleted)
   at Microsoft.AspNetCore.Mvc.Infrastructure.ControllerActionInvoker.<InvokeInnerFilterAsync>g__Awaited|13_0(ControllerActionInvoker invoker, Task lastTask, State next, Scope scope, Object state, Boolean isCompleted)
   at Microsoft.AspNetCore.Mvc.Infrastructure.ResourceInvoker.<InvokeFilterPipelineAsync>g__Awaited|20_0(ResourceInvoker invoker, Task lastTask, State next, Scope scope, Object state, Boolean isCompleted)
   at Microsoft.AspNetCore.Mvc.Infrastructure.ResourceInvoker.<InvokeAsync>g__Logged|17_1(ResourceInvoker invoker)
   at Microsoft.AspNetCore.Mvc.Infrastructure.ResourceInvoker.<InvokeAsync>g__Logged|17_1(ResourceInvoker invoker)
   at Microsoft.AspNetCore.Routing.EndpointMiddleware.<Invoke>g__AwaitRequestTask|7_0(Endpoint endpoint, Task requestTask, ILogger logger)
   at Microsoft.AspNetCore.Authorization.AuthorizationMiddleware.Invoke(HttpContext context)
   at Microsoft.AspNetCore.Authentication.AuthenticationMiddleware.Invoke(HttpContext context)
   at Swashbuckle.AspNetCore.SwaggerUI.SwaggerUIMiddleware.Invoke(HttpContext httpContext)
   at Swashbuckle.AspNetCore.Swagger.SwaggerMiddleware.Invoke(HttpContext httpContext, ISwaggerProvider swaggerProvider)
   at CMS.API.Middleware.TenantMiddleware.InvokeAsync(HttpContext context) in C:\Users\ASUS\source\repos\CMS\src\CMS.API\Middleware\Middlewares.cs:line 26
   at CMS.API.Middleware.ExceptionMiddleware.InvokeAsync(HttpContext context) in C:\Users\ASUS\source\repos\CMS\src\CMS.API\Middleware\Middlewares.cs:line 45
ClientConnectionId:e9e99b8c-75f8-4aa0-9c08-38e99c1ca407
Error Number:207,State:1,Class:16
2026-09-30 22:46:51.330 +03:00 [INF] Request finished HTTP/1.1 GET http://127.0.0.1:5010/api/v1/settings - 200 null application/json; charset=utf-8 298.745ms
2026-09-30 22:46:51.336 +03:00 [INF] Request finished HTTP/1.1 GET http://127.0.0.1:5010/api/v1/settings - 200 null application/json; charset=utf-8 305.3537ms
2026-09-30 22:46:51.465 +03:00 [INF] Request finished HTTP/1.1 GET http://127.0.0.1:5010/api/v1/dashboard/metrics - 500 null application/json 445.7468ms
2026-09-30 22:46:55.799 +03:00 [INF] Request starting HTTP/1.1 GET http://127.0.0.1:5010/api/v1/patients/search?q= - application/json null
2026-09-30 22:46:55.812 +03:00 [INF] Executing endpoint 'CMS.API.Controllers.PatientsController.Search (CMS.API)'
2026-09-30 22:46:55.826 +03:00 [INF] Route matched with {action = "Search", controller = "Patients"}. Executing controller action with signature System.Threading.Tasks.Task`1[Microsoft.AspNetCore.Mvc.IActionResult] Search(System.String, Int32, Int32) on controller CMS.API.Controllers.PatientsController (CMS.API).
2026-09-30 22:46:55.882 +03:00 [INF] Executing OkObjectResult, writing value of type 'CMS.Shared.DTOs.ApiResponse`1[[System.Collections.Generic.List`1[[CMS.Shared.DTOs.PatientDto, CMS.Shared, Version=1.0.0.0, Culture=neutral, PublicKeyToken=null]], System.Private.CoreLib, Version=8.0.0.0, Culture=neutral, PublicKeyToken=7cec85d7bea7798e]]'.
2026-09-30 22:46:55.929 +03:00 [INF] Executed action CMS.API.Controllers.PatientsController.Search (CMS.API) in 96.3184ms
2026-09-30 22:46:55.936 +03:00 [INF] Executed endpoint 'CMS.API.Controllers.PatientsController.Search (CMS.API)'
2026-09-30 22:46:55.941 +03:00 [INF] Request finished HTTP/1.1 GET http://127.0.0.1:5010/api/v1/patients/search?q= - 200 null application/json; charset=utf-8 141.8639ms
2026-09-30 22:46:58.526 +03:00 [INF] Request starting HTTP/1.1 GET http://127.0.0.1:5010/api/v1/dashboard/metrics - null null
2026-09-30 22:46:58.538 +03:00 [INF] Executing endpoint 'CMS.API.Controllers.DashboardController.GetMetrics (CMS.API)'
2026-09-30 22:46:58.543 +03:00 [INF] Route matched with {action = "GetMetrics", controller = "Dashboard"}. Executing controller action with signature System.Threading.Tasks.Task`1[Microsoft.AspNetCore.Mvc.IActionResult] GetMetrics() on controller CMS.API.Controllers.DashboardController (CMS.API).
2026-09-30 22:46:58.818 +03:00 [INF] Executed action CMS.API.Controllers.DashboardController.GetMetrics (CMS.API) in 267.797ms
2026-09-30 22:46:58.825 +03:00 [INF] Executed endpoint 'CMS.API.Controllers.DashboardController.GetMetrics (CMS.API)'
2026-09-30 22:46:58.830 +03:00 [ERR] Unhandled exception encountered: Invalid column name 'TotalPrice'.
Microsoft.Data.SqlClient.SqlException (0x80131904): Invalid column name 'TotalPrice'.
   at System.Threading.Tasks.ContinuationResultTaskFromResultTask`2.InnerInvoke()
   at System.Threading.ExecutionContext.RunInternal(ExecutionContext executionContext, ContextCallback callback, Object state)
--- End of stack trace from previous location ---
   at System.Threading.ExecutionContext.RunInternal(ExecutionContext executionContext, ContextCallback callback, Object state)
   at System.Threading.Tasks.Task.ExecuteWithThreadLocal(Task& currentTaskSlot, Thread threadPoolThread)
--- End of stack trace from previous location ---
   at Dapper.SqlMapper.QueryAsync[T](IDbConnection cnn, Type effectiveType, CommandDefinition command) in /_/Dapper/SqlMapper.Async.cs:line 434
   at CMS.Application.Dashboard.DashboardService.GetMetricsAsync(Byte tenantId) in C:\Users\ASUS\source\repos\CMS\src\CMS.Application\Dashboard\DashboardService.cs:line 120
   at CMS.API.Controllers.DashboardController.GetMetrics() in C:\Users\ASUS\source\repos\CMS\src\CMS.API\Controllers\ExtendedControllers.cs:line 366
   at Microsoft.AspNetCore.Mvc.Infrastructure.ActionMethodExecutor.TaskOfIActionResultExecutor.Execute(ActionContext actionContext, IActionResultTypeMapper mapper, ObjectMethodExecutor executor, Object controller, Object[] arguments)
   at Microsoft.AspNetCore.Mvc.Infrastructure.ControllerActionInvoker.<InvokeActionMethodAsync>g__Awaited|12_0(ControllerActionInvoker invoker, ValueTask`1 actionResultValueTask)
   at Microsoft.AspNetCore.Mvc.Infrastructure.ControllerActionInvoker.<InvokeNextActionFilterAsync>g__Awaited|10_0(ControllerActionInvoker invoker, Task lastTask, State next, Scope scope, Object state, Boolean isCompleted)
   at Microsoft.AspNetCore.Mvc.Infrastructure.ControllerActionInvoker.Rethrow(ActionExecutedContextSealed context)
   at Microsoft.AspNetCore.Mvc.Infrastructure.ControllerActionInvoker.Next(State& next, Scope& scope, Object& state, Boolean& isCompleted)
   at Microsoft.AspNetCore.Mvc.Infrastructure.ControllerActionInvoker.<InvokeInnerFilterAsync>g__Awaited|13_0(ControllerActionInvoker invoker, Task lastTask, State next, Scope scope, Object state, Boolean isCompleted)
   at Microsoft.AspNetCore.Mvc.Infrastructure.ResourceInvoker.<InvokeFilterPipelineAsync>g__Awaited|20_0(ResourceInvoker invoker, Task lastTask, State next, Scope scope, Object state, Boolean isCompleted)
   at Microsoft.AspNetCore.Mvc.Infrastructure.ResourceInvoker.<InvokeAsync>g__Logged|17_1(ResourceInvoker invoker)
   at Microsoft.AspNetCore.Mvc.Infrastructure.ResourceInvoker.<InvokeAsync>g__Logged|17_1(ResourceInvoker invoker)
   at Microsoft.AspNetCore.Routing.EndpointMiddleware.<Invoke>g__AwaitRequestTask|7_0(Endpoint endpoint, Task requestTask, ILogger logger)
   at Microsoft.AspNetCore.Authorization.AuthorizationMiddleware.Invoke(HttpContext context)
   at Microsoft.AspNetCore.Authentication.AuthenticationMiddleware.Invoke(HttpContext context)
   at Swashbuckle.AspNetCore.SwaggerUI.SwaggerUIMiddleware.Invoke(HttpContext httpContext)
   at Swashbuckle.AspNetCore.Swagger.SwaggerMiddleware.Invoke(HttpContext httpContext, ISwaggerProvider swaggerProvider)
   at CMS.API.Middleware.TenantMiddleware.InvokeAsync(HttpContext context) in C:\Users\ASUS\source\repos\CMS\src\CMS.API\Middleware\Middlewares.cs:line 26
   at CMS.API.Middleware.ExceptionMiddleware.InvokeAsync(HttpContext context) in C:\Users\ASUS\source\repos\CMS\src\CMS.API\Middleware\Middlewares.cs:line 45
ClientConnectionId:e9e99b8c-75f8-4aa0-9c08-38e99c1ca407
Error Number:207,State:1,Class:16
2026-09-30 22:46:58.856 +03:00 [INF] Request finished HTTP/1.1 GET http://127.0.0.1:5010/api/v1/dashboard/metrics - 500 null application/json 330.1832ms
2026-09-30 22:46:58.865 +03:00 [INF] Request starting HTTP/1.1 GET http://127.0.0.1:5010/api/v1/dashboard/metrics - null null
2026-09-30 22:46:58.880 +03:00 [INF] Executing endpoint 'CMS.API.Controllers.DashboardController.GetMetrics (CMS.API)'
2026-09-30 22:46:58.884 +03:00 [INF] Route matched with {action = "GetMetrics", controller = "Dashboard"}. Executing controller action with signature System.Threading.Tasks.Task`1[Microsoft.AspNetCore.Mvc.IActionResult] GetMetrics() on controller CMS.API.Controllers.DashboardController (CMS.API).
2026-09-30 22:46:59.159 +03:00 [INF] Executed action CMS.API.Controllers.DashboardController.GetMetrics (CMS.API) in 268.249ms
2026-09-30 22:46:59.170 +03:00 [INF] Executed endpoint 'CMS.API.Controllers.DashboardController.GetMetrics (CMS.API)'
2026-09-30 22:46:59.176 +03:00 [ERR] Unhandled exception encountered: Invalid column name 'TotalPrice'.
Microsoft.Data.SqlClient.SqlException (0x80131904): Invalid column name 'TotalPrice'.
   at System.Threading.Tasks.ContinuationResultTaskFromResultTask`2.InnerInvoke()
   at System.Threading.ExecutionContext.RunInternal(ExecutionContext executionContext, ContextCallback callback, Object state)
--- End of stack trace from previous location ---
   at System.Threading.ExecutionContext.RunInternal(ExecutionContext executionContext, ContextCallback callback, Object state)
   at System.Threading.Tasks.Task.ExecuteWithThreadLocal(Task& currentTaskSlot, Thread threadPoolThread)
--- End of stack trace from previous location ---
   at Dapper.SqlMapper.QueryAsync[T](IDbConnection cnn, Type effectiveType, CommandDefinition command) in /_/Dapper/SqlMapper.Async.cs:line 434
   at CMS.Application.Dashboard.DashboardService.GetMetricsAsync(Byte tenantId) in C:\Users\ASUS\source\repos\CMS\src\CMS.Application\Dashboard\DashboardService.cs:line 120
   at CMS.API.Controllers.DashboardController.GetMetrics() in C:\Users\ASUS\source\repos\CMS\src\CMS.API\Controllers\ExtendedControllers.cs:line 366
   at Microsoft.AspNetCore.Mvc.Infrastructure.ActionMethodExecutor.TaskOfIActionResultExecutor.Execute(ActionContext actionContext, IActionResultTypeMapper mapper, ObjectMethodExecutor executor, Object controller, Object[] arguments)
   at Microsoft.AspNetCore.Mvc.Infrastructure.ControllerActionInvoker.<InvokeActionMethodAsync>g__Awaited|12_0(ControllerActionInvoker invoker, ValueTask`1 actionResultValueTask)
   at Microsoft.AspNetCore.Mvc.Infrastructure.ControllerActionInvoker.<InvokeNextActionFilterAsync>g__Awaited|10_0(ControllerActionInvoker invoker, Task lastTask, State next, Scope scope, Object state, Boolean isCompleted)
   at Microsoft.AspNetCore.Mvc.Infrastructure.ControllerActionInvoker.Rethrow(ActionExecutedContextSealed context)
   at Microsoft.AspNetCore.Mvc.Infrastructure.ControllerActionInvoker.Next(State& next, Scope& scope, Object& state, Boolean& isCompleted)
   at Microsoft.AspNetCore.Mvc.Infrastructure.ControllerActionInvoker.<InvokeInnerFilterAsync>g__Awaited|13_0(ControllerActionInvoker invoker, Task lastTask, State next, Scope scope, Object state, Boolean isCompleted)
   at Microsoft.AspNetCore.Mvc.Infrastructure.ResourceInvoker.<InvokeFilterPipelineAsync>g__Awaited|20_0(ResourceInvoker invoker, Task lastTask, State next, Scope scope, Object state, Boolean isCompleted)
   at Microsoft.AspNetCore.Mvc.Infrastructure.ResourceInvoker.<InvokeAsync>g__Logged|17_1(ResourceInvoker invoker)
   at Microsoft.AspNetCore.Mvc.Infrastructure.ResourceInvoker.<InvokeAsync>g__Logged|17_1(ResourceInvoker invoker)
   at Microsoft.AspNetCore.Routing.EndpointMiddleware.<Invoke>g__AwaitRequestTask|7_0(Endpoint endpoint, Task requestTask, ILogger logger)
   at Microsoft.AspNetCore.Authorization.AuthorizationMiddleware.Invoke(HttpContext context)
   at Microsoft.AspNetCore.Authentication.AuthenticationMiddleware.Invoke(HttpContext context)
   at Swashbuckle.AspNetCore.SwaggerUI.SwaggerUIMiddleware.Invoke(HttpContext httpContext)
   at Swashbuckle.AspNetCore.Swagger.SwaggerMiddleware.Invoke(HttpContext httpContext, ISwaggerProvider swaggerProvider)
   at CMS.API.Middleware.TenantMiddleware.InvokeAsync(HttpContext context) in C:\Users\ASUS\source\repos\CMS\src\CMS.API\Middleware\Middlewares.cs:line 26
   at CMS.API.Middleware.ExceptionMiddleware.InvokeAsync(HttpContext context) in C:\Users\ASUS\source\repos\CMS\src\CMS.API\Middleware\Middlewares.cs:line 45
ClientConnectionId:e9e99b8c-75f8-4aa0-9c08-38e99c1ca407
Error Number:207,State:1,Class:16
2026-09-30 22:46:59.252 +03:00 [INF] Request finished HTTP/1.1 GET http://127.0.0.1:5010/api/v1/dashboard/metrics - 500 null application/json 386.6338ms
2026-09-30 22:47:50.743 +03:00 [INF] Request starting HTTP/1.1 GET http://127.0.0.1:5010/api/v1/notifications - application/json null
2026-09-30 22:47:50.752 +03:00 [INF] Executing endpoint 'CMS.API.Controllers.NotificationsController.GetNotifications (CMS.API)'
2026-09-30 22:47:50.755 +03:00 [INF] Route matched with {action = "GetNotifications", controller = "Notifications"}. Executing controller action with signature System.Threading.Tasks.Task`1[Microsoft.AspNetCore.Mvc.IActionResult] GetNotifications(System.Nullable`1[System.Int32], System.String) on controller CMS.API.Controllers.NotificationsController (CMS.API).
2026-09-30 22:47:50.775 +03:00 [INF] Executing OkObjectResult, writing value of type 'CMS.Shared.DTOs.ApiResponse`1[[System.Collections.Generic.List`1[[CMS.Shared.DTOs.NotificationItemDto, CMS.Shared, Version=1.0.0.0, Culture=neutral, PublicKeyToken=null]], System.Private.CoreLib, Version=8.0.0.0, Culture=neutral, PublicKeyToken=7cec85d7bea7798e]]'.
2026-09-30 22:47:50.781 +03:00 [INF] Executed action CMS.API.Controllers.NotificationsController.GetNotifications (CMS.API) in 19.7225ms
2026-09-30 22:47:50.786 +03:00 [INF] Executed endpoint 'CMS.API.Controllers.NotificationsController.GetNotifications (CMS.API)'
2026-09-30 22:47:50.789 +03:00 [INF] Request finished HTTP/1.1 GET http://127.0.0.1:5010/api/v1/notifications - 200 null application/json; charset=utf-8 46.3575ms
2026-09-30 22:48:19.064 +03:00 [INF] Application is shutting down...
2026-09-30 22:48:19.087 +03:00 [INF] [2026-09-30 22:48:19.087] LISTENER STOPPED: All LIS listeners stopped.
2026-09-30 22:53:29.933 +03:00 [WRN] Cache: Redis unavailable (It was not possible to connect to the redis server(s). Error connecting right now. To allow this multiplexer to continue retrying until it's able to connect, use abortConnect=false in your connection string or AbortOnConnectFail=false; in your code.). Using MemoryCacheService fallback
2026-09-30 22:53:30.663 +03:00 [INF] CMS API Host starting...
2026-09-30 22:53:30.729 +03:00 [INF] User profile is available. Using 'C:\Users\ASUS\AppData\Local\ASP.NET\DataProtection-Keys' as key repository and Windows DPAPI to encrypt keys at rest.
2026-09-30 22:53:30.767 +03:00 [INF] [2026-09-30 22:53:30.756] LISTENER STARTED: Passively waiting for analyzer connections on 0.0.0.0:8004...
2026-09-30 22:53:30.772 +03:00 [INF] [2026-09-30 22:53:30.772] LISTENER STARTED: Passively waiting for analyzer connections on 0.0.0.0:10001...
2026-09-30 22:53:30.775 +03:00 [INF] [2026-09-30 22:53:30.775] LISTENER STARTED: Passively waiting for analyzer connections on 0.0.0.0:10002...
2026-09-30 22:53:30.945 +03:00 [INF] Now listening on: http://localhost:5010
2026-09-30 22:53:30.948 +03:00 [INF] Application started. Press Ctrl+C to shut down.
2026-09-30 22:53:30.950 +03:00 [INF] Hosting environment: Development
2026-09-30 22:53:30.953 +03:00 [INF] Content root path: C:\Users\ASUS\source\repos\CMS\src\CMS.API
2026-09-30 22:53:58.008 +03:00 [INF] Request starting HTTP/1.1 GET http://127.0.0.1:5010/api/v1/notifications - application/json null
2026-09-30 22:53:58.406 +03:00 [INF] Executing endpoint 'CMS.API.Controllers.NotificationsController.GetNotifications (CMS.API)'
2026-09-30 22:53:58.457 +03:00 [INF] Route matched with {action = "GetNotifications", controller = "Notifications"}. Executing controller action with signature System.Threading.Tasks.Task`1[Microsoft.AspNetCore.Mvc.IActionResult] GetNotifications(System.Nullable`1[System.Int32], System.String) on controller CMS.API.Controllers.NotificationsController (CMS.API).
2026-09-30 22:53:59.417 +03:00 [INF] Executing OkObjectResult, writing value of type 'CMS.Shared.DTOs.ApiResponse`1[[System.Collections.Generic.List`1[[CMS.Shared.DTOs.NotificationItemDto, CMS.Shared, Version=1.0.0.0, Culture=neutral, PublicKeyToken=null]], System.Private.CoreLib, Version=8.0.0.0, Culture=neutral, PublicKeyToken=7cec85d7bea7798e]]'.
2026-09-30 22:53:59.565 +03:00 [INF] Executed action CMS.API.Controllers.NotificationsController.GetNotifications (CMS.API) in 1090.8739ms
2026-09-30 22:53:59.583 +03:00 [INF] Executed endpoint 'CMS.API.Controllers.NotificationsController.GetNotifications (CMS.API)'
2026-09-30 22:53:59.597 +03:00 [INF] Request finished HTTP/1.1 GET http://127.0.0.1:5010/api/v1/notifications - 200 null application/json; charset=utf-8 1594.0867ms
2026-09-30 22:54:04.704 +03:00 [INF] Request starting HTTP/1.1 GET http://127.0.0.1:5010/api/v1/settings - null null
2026-09-30 22:54:04.704 +03:00 [INF] Request starting HTTP/1.1 GET http://127.0.0.1:5010/api/v1/notifications - application/json null
2026-09-30 22:54:04.704 +03:00 [INF] Request starting HTTP/1.1 GET http://127.0.0.1:5010/api/v1/dashboard/metrics - null null
2026-09-30 22:54:04.753 +03:00 [INF] Executing endpoint 'CMS.API.Controllers.NotificationsController.GetNotifications (CMS.API)'
2026-09-30 22:54:04.753 +03:00 [INF] Executing endpoint 'CMS.API.Controllers.SettingsController.GetSettings (CMS.API)'
2026-09-30 22:54:04.786 +03:00 [INF] Route matched with {action = "GetNotifications", controller = "Notifications"}. Executing controller action with signature System.Threading.Tasks.Task`1[Microsoft.AspNetCore.Mvc.IActionResult] GetNotifications(System.Nullable`1[System.Int32], System.String) on controller CMS.API.Controllers.NotificationsController (CMS.API).
2026-09-30 22:54:04.788 +03:00 [INF] Executing endpoint 'CMS.API.Controllers.DashboardController.GetMetrics (CMS.API)'
2026-09-30 22:54:04.807 +03:00 [INF] Route matched with {action = "GetSettings", controller = "Settings"}. Executing controller action with signature System.Threading.Tasks.Task`1[Microsoft.AspNetCore.Mvc.IActionResult] GetSettings() on controller CMS.API.Controllers.SettingsController (CMS.API).
2026-09-30 22:54:04.807 +03:00 [INF] Executing OkObjectResult, writing value of type 'CMS.Shared.DTOs.ApiResponse`1[[System.Collections.Generic.List`1[[CMS.Shared.DTOs.NotificationItemDto, CMS.Shared, Version=1.0.0.0, Culture=neutral, PublicKeyToken=null]], System.Private.CoreLib, Version=8.0.0.0, Culture=neutral, PublicKeyToken=7cec85d7bea7798e]]'.
2026-09-30 22:54:04.819 +03:00 [INF] Route matched with {action = "GetMetrics", controller = "Dashboard"}. Executing controller action with signature System.Threading.Tasks.Task`1[Microsoft.AspNetCore.Mvc.IActionResult] GetMetrics() on controller CMS.API.Controllers.DashboardController (CMS.API).
2026-09-30 22:54:04.828 +03:00 [INF] Executed action CMS.API.Controllers.NotificationsController.GetNotifications (CMS.API) in 23.0934ms
2026-09-30 22:54:04.835 +03:00 [INF] Request starting HTTP/1.1 GET http://127.0.0.1:5010/api/v1/notifications - application/json null
2026-09-30 22:54:04.845 +03:00 [INF] Executed endpoint 'CMS.API.Controllers.NotificationsController.GetNotifications (CMS.API)'
2026-09-30 22:54:04.848 +03:00 [INF] Executing OkObjectResult, writing value of type 'CMS.Shared.DTOs.ApiResponse`1[[System.Collections.Generic.List`1[[CMS.Shared.DTOs.ClinicSettingDto, CMS.Shared, Version=1.0.0.0, Culture=neutral, PublicKeyToken=null]], System.Private.CoreLib, Version=8.0.0.0, Culture=neutral, PublicKeyToken=7cec85d7bea7798e]]'.
2026-09-30 22:54:04.856 +03:00 [INF] Executing endpoint 'CMS.API.Controllers.NotificationsController.GetNotifications (CMS.API)'
2026-09-30 22:54:04.861 +03:00 [INF] Request finished HTTP/1.1 GET http://127.0.0.1:5010/api/v1/notifications - 200 null application/json; charset=utf-8 156.5353ms
2026-09-30 22:54:04.878 +03:00 [INF] Route matched with {action = "GetNotifications", controller = "Notifications"}. Executing controller action with signature System.Threading.Tasks.Task`1[Microsoft.AspNetCore.Mvc.IActionResult] GetNotifications(System.Nullable`1[System.Int32], System.String) on controller CMS.API.Controllers.NotificationsController (CMS.API).
2026-09-30 22:54:04.889 +03:00 [INF] Executed action CMS.API.Controllers.SettingsController.GetSettings (CMS.API) in 70.7042ms
2026-09-30 22:54:04.902 +03:00 [INF] Request starting HTTP/1.1 GET http://127.0.0.1:5010/api/v1/settings - null null
2026-09-30 22:54:04.907 +03:00 [INF] Executing OkObjectResult, writing value of type 'CMS.Shared.DTOs.ApiResponse`1[[System.Collections.Generic.List`1[[CMS.Shared.DTOs.NotificationItemDto, CMS.Shared, Version=1.0.0.0, Culture=neutral, PublicKeyToken=null]], System.Private.CoreLib, Version=8.0.0.0, Culture=neutral, PublicKeyToken=7cec85d7bea7798e]]'.
2026-09-30 22:54:04.911 +03:00 [INF] Executed endpoint 'CMS.API.Controllers.SettingsController.GetSettings (CMS.API)'
2026-09-30 22:54:04.923 +03:00 [INF] Executing endpoint 'CMS.API.Controllers.SettingsController.GetSettings (CMS.API)'
2026-09-30 22:54:04.930 +03:00 [INF] Executed action CMS.API.Controllers.NotificationsController.GetNotifications (CMS.API) in 24.928ms
2026-09-30 22:54:04.933 +03:00 [INF] Request finished HTTP/1.1 GET http://127.0.0.1:5010/api/v1/settings - 200 null application/json; charset=utf-8 229.6258ms
2026-09-30 22:54:04.938 +03:00 [INF] Route matched with {action = "GetSettings", controller = "Settings"}. Executing controller action with signature System.Threading.Tasks.Task`1[Microsoft.AspNetCore.Mvc.IActionResult] GetSettings() on controller CMS.API.Controllers.SettingsController (CMS.API).
2026-09-30 22:54:04.944 +03:00 [INF] Executed endpoint 'CMS.API.Controllers.NotificationsController.GetNotifications (CMS.API)'
2026-09-30 22:54:04.977 +03:00 [INF] Request finished HTTP/1.1 GET http://127.0.0.1:5010/api/v1/notifications - 200 null application/json; charset=utf-8 141.4459ms
2026-09-30 22:54:04.978 +03:00 [INF] Executing OkObjectResult, writing value of type 'CMS.Shared.DTOs.ApiResponse`1[[System.Collections.Generic.List`1[[CMS.Shared.DTOs.ClinicSettingDto, CMS.Shared, Version=1.0.0.0, Culture=neutral, PublicKeyToken=null]], System.Private.CoreLib, Version=8.0.0.0, Culture=neutral, PublicKeyToken=7cec85d7bea7798e]]'.
2026-09-30 22:54:05.002 +03:00 [INF] Executed action CMS.API.Controllers.SettingsController.GetSettings (CMS.API) in 32.1811ms
2026-09-30 22:54:05.010 +03:00 [INF] Request starting HTTP/1.1 GET http://127.0.0.1:5010/api/v1/settings - null null
2026-09-30 22:54:05.010 +03:00 [INF] Executed endpoint 'CMS.API.Controllers.SettingsController.GetSettings (CMS.API)'
2026-09-30 22:54:05.022 +03:00 [INF] Executing endpoint 'CMS.API.Controllers.SettingsController.GetSettings (CMS.API)'
2026-09-30 22:54:05.026 +03:00 [INF] Request finished HTTP/1.1 GET http://127.0.0.1:5010/api/v1/settings - 200 null application/json; charset=utf-8 123.7797ms
2026-09-30 22:54:05.034 +03:00 [INF] Route matched with {action = "GetSettings", controller = "Settings"}. Executing controller action with signature System.Threading.Tasks.Task`1[Microsoft.AspNetCore.Mvc.IActionResult] GetSettings() on controller CMS.API.Controllers.SettingsController (CMS.API).
2026-09-30 22:54:05.061 +03:00 [INF] Executing OkObjectResult, writing value of type 'CMS.Shared.DTOs.ApiResponse`1[[System.Collections.Generic.List`1[[CMS.Shared.DTOs.ClinicSettingDto, CMS.Shared, Version=1.0.0.0, Culture=neutral, PublicKeyToken=null]], System.Private.CoreLib, Version=8.0.0.0, Culture=neutral, PublicKeyToken=7cec85d7bea7798e]]'.
2026-09-30 22:54:05.068 +03:00 [INF] Executed action CMS.API.Controllers.SettingsController.GetSettings (CMS.API) in 11.8885ms
2026-09-30 22:54:05.073 +03:00 [INF] Executed endpoint 'CMS.API.Controllers.SettingsController.GetSettings (CMS.API)'
2026-09-30 22:54:05.077 +03:00 [INF] Request starting HTTP/1.1 GET http://127.0.0.1:5010/api/v1/settings - null null
2026-09-30 22:54:05.079 +03:00 [INF] Request finished HTTP/1.1 GET http://127.0.0.1:5010/api/v1/settings - 200 null application/json; charset=utf-8 69.3879ms
2026-09-30 22:54:05.090 +03:00 [INF] Executing endpoint 'CMS.API.Controllers.SettingsController.GetSettings (CMS.API)'
2026-09-30 22:54:05.114 +03:00 [INF] Route matched with {action = "GetSettings", controller = "Settings"}. Executing controller action with signature System.Threading.Tasks.Task`1[Microsoft.AspNetCore.Mvc.IActionResult] GetSettings() on controller CMS.API.Controllers.SettingsController (CMS.API).
2026-09-30 22:54:05.125 +03:00 [INF] Executing OkObjectResult, writing value of type 'CMS.Shared.DTOs.ApiResponse`1[[System.Collections.Generic.List`1[[CMS.Shared.DTOs.ClinicSettingDto, CMS.Shared, Version=1.0.0.0, Culture=neutral, PublicKeyToken=null]], System.Private.CoreLib, Version=8.0.0.0, Culture=neutral, PublicKeyToken=7cec85d7bea7798e]]'.
2026-09-30 22:54:05.132 +03:00 [INF] Executed action CMS.API.Controllers.SettingsController.GetSettings (CMS.API) in 10.1567ms
2026-09-30 22:54:05.138 +03:00 [INF] Executed endpoint 'CMS.API.Controllers.SettingsController.GetSettings (CMS.API)'
2026-09-30 22:54:05.141 +03:00 [INF] Request starting HTTP/1.1 GET http://127.0.0.1:5010/api/v1/settings - null null
2026-09-30 22:54:05.145 +03:00 [INF] Request finished HTTP/1.1 GET http://127.0.0.1:5010/api/v1/settings - 200 null application/json; charset=utf-8 67.9929ms
2026-09-30 22:54:05.158 +03:00 [INF] Executing endpoint 'CMS.API.Controllers.SettingsController.GetSettings (CMS.API)'
2026-09-30 22:54:05.176 +03:00 [INF] Route matched with {action = "GetSettings", controller = "Settings"}. Executing controller action with signature System.Threading.Tasks.Task`1[Microsoft.AspNetCore.Mvc.IActionResult] GetSettings() on controller CMS.API.Controllers.SettingsController (CMS.API).
2026-09-30 22:54:05.189 +03:00 [INF] Executing OkObjectResult, writing value of type 'CMS.Shared.DTOs.ApiResponse`1[[System.Collections.Generic.List`1[[CMS.Shared.DTOs.ClinicSettingDto, CMS.Shared, Version=1.0.0.0, Culture=neutral, PublicKeyToken=null]], System.Private.CoreLib, Version=8.0.0.0, Culture=neutral, PublicKeyToken=7cec85d7bea7798e]]'.
2026-09-30 22:54:05.196 +03:00 [INF] Executed action CMS.API.Controllers.SettingsController.GetSettings (CMS.API) in 11.5625ms
2026-09-30 22:54:05.203 +03:00 [INF] Executed endpoint 'CMS.API.Controllers.SettingsController.GetSettings (CMS.API)'
2026-09-30 22:54:05.206 +03:00 [INF] Request starting HTTP/1.1 GET http://127.0.0.1:5010/api/v1/settings - null null
2026-09-30 22:54:05.208 +03:00 [INF] Request finished HTTP/1.1 GET http://127.0.0.1:5010/api/v1/settings - 200 null application/json; charset=utf-8 66.7742ms
2026-09-30 22:54:05.219 +03:00 [INF] Executing endpoint 'CMS.API.Controllers.SettingsController.GetSettings (CMS.API)'
2026-09-30 22:54:05.237 +03:00 [INF] Route matched with {action = "GetSettings", controller = "Settings"}. Executing controller action with signature System.Threading.Tasks.Task`1[Microsoft.AspNetCore.Mvc.IActionResult] GetSettings() on controller CMS.API.Controllers.SettingsController (CMS.API).
2026-09-30 22:54:05.250 +03:00 [INF] Executing OkObjectResult, writing value of type 'CMS.Shared.DTOs.ApiResponse`1[[System.Collections.Generic.List`1[[CMS.Shared.DTOs.ClinicSettingDto, CMS.Shared, Version=1.0.0.0, Culture=neutral, PublicKeyToken=null]], System.Private.CoreLib, Version=8.0.0.0, Culture=neutral, PublicKeyToken=7cec85d7bea7798e]]'.
2026-09-30 22:54:05.258 +03:00 [INF] Executed action CMS.API.Controllers.SettingsController.GetSettings (CMS.API) in 12.0766ms
2026-09-30 22:54:05.266 +03:00 [INF] Executed endpoint 'CMS.API.Controllers.SettingsController.GetSettings (CMS.API)'
2026-09-30 22:54:05.270 +03:00 [INF] Request finished HTTP/1.1 GET http://127.0.0.1:5010/api/v1/settings - 200 null application/json; charset=utf-8 63.663ms
2026-09-30 22:54:05.408 +03:00 [INF] Executing OkObjectResult, writing value of type 'CMS.Shared.DTOs.ApiResponse`1[[CMS.Shared.DTOs.DashboardMetricsDto, CMS.Shared, Version=1.0.0.0, Culture=neutral, PublicKeyToken=null]]'.
2026-09-30 22:54:05.507 +03:00 [INF] Executed action CMS.API.Controllers.DashboardController.GetMetrics (CMS.API) in 669.4722ms
2026-09-30 22:54:05.514 +03:00 [INF] Executed endpoint 'CMS.API.Controllers.DashboardController.GetMetrics (CMS.API)'
2026-09-30 22:54:05.518 +03:00 [INF] Request starting HTTP/1.1 GET http://127.0.0.1:5010/api/v1/dashboard/metrics - null null
2026-09-30 22:54:05.520 +03:00 [INF] Request finished HTTP/1.1 GET http://127.0.0.1:5010/api/v1/dashboard/metrics - 200 null application/json; charset=utf-8 816.0624ms
2026-09-30 22:54:05.535 +03:00 [INF] Executing endpoint 'CMS.API.Controllers.DashboardController.GetMetrics (CMS.API)'
2026-09-30 22:54:05.553 +03:00 [INF] Route matched with {action = "GetMetrics", controller = "Dashboard"}. Executing controller action with signature System.Threading.Tasks.Task`1[Microsoft.AspNetCore.Mvc.IActionResult] GetMetrics() on controller CMS.API.Controllers.DashboardController (CMS.API).
2026-09-30 22:54:05.603 +03:00 [INF] Executing OkObjectResult, writing value of type 'CMS.Shared.DTOs.ApiResponse`1[[CMS.Shared.DTOs.DashboardMetricsDto, CMS.Shared, Version=1.0.0.0, Culture=neutral, PublicKeyToken=null]]'.
2026-09-30 22:54:05.609 +03:00 [INF] Executed action CMS.API.Controllers.DashboardController.GetMetrics (CMS.API) in 48.5118ms
2026-09-30 22:54:05.614 +03:00 [INF] Executed endpoint 'CMS.API.Controllers.DashboardController.GetMetrics (CMS.API)'
2026-09-30 22:54:05.619 +03:00 [INF] Request finished HTTP/1.1 GET http://127.0.0.1:5010/api/v1/dashboard/metrics - 200 null application/json; charset=utf-8 100.6368ms
2026-09-30 22:54:44.997 +03:00 [INF] Request starting HTTP/1.1 GET http://127.0.0.1:5010/api/v1/dashboard/metrics - null null
2026-09-30 22:54:45.013 +03:00 [INF] Executing endpoint 'CMS.API.Controllers.DashboardController.GetMetrics (CMS.API)'
2026-09-30 22:54:45.030 +03:00 [INF] Route matched with {action = "GetMetrics", controller = "Dashboard"}. Executing controller action with signature System.Threading.Tasks.Task`1[Microsoft.AspNetCore.Mvc.IActionResult] GetMetrics() on controller CMS.API.Controllers.DashboardController (CMS.API).
2026-09-30 22:54:45.100 +03:00 [INF] Executing OkObjectResult, writing value of type 'CMS.Shared.DTOs.ApiResponse`1[[CMS.Shared.DTOs.DashboardMetricsDto, CMS.Shared, Version=1.0.0.0, Culture=neutral, PublicKeyToken=null]]'.
2026-09-30 22:54:45.106 +03:00 [INF] Executed action CMS.API.Controllers.DashboardController.GetMetrics (CMS.API) in 51.2783ms
2026-09-30 22:54:45.113 +03:00 [INF] Executed endpoint 'CMS.API.Controllers.DashboardController.GetMetrics (CMS.API)'
2026-09-30 22:54:45.120 +03:00 [INF] Request starting HTTP/1.1 GET http://127.0.0.1:5010/api/v1/dashboard/metrics - null null
2026-09-30 22:54:45.120 +03:00 [INF] Request finished HTTP/1.1 GET http://127.0.0.1:5010/api/v1/dashboard/metrics - 200 null application/json; charset=utf-8 123.3543ms
2026-09-30 22:54:45.131 +03:00 [INF] Executing endpoint 'CMS.API.Controllers.DashboardController.GetMetrics (CMS.API)'
2026-09-30 22:54:45.146 +03:00 [INF] Route matched with {action = "GetMetrics", controller = "Dashboard"}. Executing controller action with signature System.Threading.Tasks.Task`1[Microsoft.AspNetCore.Mvc.IActionResult] GetMetrics() on controller CMS.API.Controllers.DashboardController (CMS.API).
2026-09-30 22:54:45.191 +03:00 [INF] Executing OkObjectResult, writing value of type 'CMS.Shared.DTOs.ApiResponse`1[[CMS.Shared.DTOs.DashboardMetricsDto, CMS.Shared, Version=1.0.0.0, Culture=neutral, PublicKeyToken=null]]'.
2026-09-30 22:54:45.197 +03:00 [INF] Executed action CMS.API.Controllers.DashboardController.GetMetrics (CMS.API) in 46.3323ms
2026-09-30 22:54:45.203 +03:00 [INF] Executed endpoint 'CMS.API.Controllers.DashboardController.GetMetrics (CMS.API)'
2026-09-30 22:54:45.207 +03:00 [INF] Request finished HTTP/1.1 GET http://127.0.0.1:5010/api/v1/dashboard/metrics - 200 null application/json; charset=utf-8 87.225ms
2026-09-30 22:54:50.108 +03:00 [INF] Request starting HTTP/1.1 GET http://127.0.0.1:5010/api/v1/dashboard/metrics - null null
2026-09-30 22:54:50.125 +03:00 [INF] Executing endpoint 'CMS.API.Controllers.DashboardController.GetMetrics (CMS.API)'
2026-09-30 22:54:50.130 +03:00 [INF] Route matched with {action = "GetMetrics", controller = "Dashboard"}. Executing controller action with signature System.Threading.Tasks.Task`1[Microsoft.AspNetCore.Mvc.IActionResult] GetMetrics() on controller CMS.API.Controllers.DashboardController (CMS.API).
2026-09-30 22:54:50.174 +03:00 [INF] Executing OkObjectResult, writing value of type 'CMS.Shared.DTOs.ApiResponse`1[[CMS.Shared.DTOs.DashboardMetricsDto, CMS.Shared, Version=1.0.0.0, Culture=neutral, PublicKeyToken=null]]'.
2026-09-30 22:54:50.180 +03:00 [INF] Executed action CMS.API.Controllers.DashboardController.GetMetrics (CMS.API) in 44.2503ms
2026-09-30 22:54:50.185 +03:00 [INF] Executed endpoint 'CMS.API.Controllers.DashboardController.GetMetrics (CMS.API)'
2026-09-30 22:54:50.188 +03:00 [INF] Request starting HTTP/1.1 GET http://127.0.0.1:5010/api/v1/dashboard/metrics - null null
2026-09-30 22:54:50.190 +03:00 [INF] Request finished HTTP/1.1 GET http://127.0.0.1:5010/api/v1/dashboard/metrics - 200 null application/json; charset=utf-8 81.4153ms
2026-09-30 22:54:50.200 +03:00 [INF] Executing endpoint 'CMS.API.Controllers.DashboardController.GetMetrics (CMS.API)'
2026-09-30 22:54:50.213 +03:00 [INF] Route matched with {action = "GetMetrics", controller = "Dashboard"}. Executing controller action with signature System.Threading.Tasks.Task`1[Microsoft.AspNetCore.Mvc.IActionResult] GetMetrics() on controller CMS.API.Controllers.DashboardController (CMS.API).
2026-09-30 22:54:50.273 +03:00 [INF] Executing OkObjectResult, writing value of type 'CMS.Shared.DTOs.ApiResponse`1[[CMS.Shared.DTOs.DashboardMetricsDto, CMS.Shared, Version=1.0.0.0, Culture=neutral, PublicKeyToken=null]]'.
2026-09-30 22:54:50.282 +03:00 [INF] Executed action CMS.API.Controllers.DashboardController.GetMetrics (CMS.API) in 60.8117ms
2026-09-30 22:54:50.290 +03:00 [INF] Executed endpoint 'CMS.API.Controllers.DashboardController.GetMetrics (CMS.API)'
2026-09-30 22:54:50.296 +03:00 [INF] Request finished HTTP/1.1 GET http://127.0.0.1:5010/api/v1/dashboard/metrics - 200 null application/json; charset=utf-8 107.6393ms
2026-09-30 22:54:56.193 +03:00 [INF] Request starting HTTP/1.1 GET http://127.0.0.1:5010/api/v1/dashboard/metrics - null null
2026-09-30 22:54:56.204 +03:00 [INF] Executing endpoint 'CMS.API.Controllers.DashboardController.GetMetrics (CMS.API)'
2026-09-30 22:54:56.209 +03:00 [INF] Route matched with {action = "GetMetrics", controller = "Dashboard"}. Executing controller action with signature System.Threading.Tasks.Task`1[Microsoft.AspNetCore.Mvc.IActionResult] GetMetrics() on controller CMS.API.Controllers.DashboardController (CMS.API).
2026-09-30 22:54:56.269 +03:00 [INF] Executing OkObjectResult, writing value of type 'CMS.Shared.DTOs.ApiResponse`1[[CMS.Shared.DTOs.DashboardMetricsDto, CMS.Shared, Version=1.0.0.0, Culture=neutral, PublicKeyToken=null]]'.
2026-09-30 22:54:56.277 +03:00 [INF] Executed action CMS.API.Controllers.DashboardController.GetMetrics (CMS.API) in 60.0453ms
2026-09-30 22:54:56.283 +03:00 [INF] Executed endpoint 'CMS.API.Controllers.DashboardController.GetMetrics (CMS.API)'
2026-09-30 22:54:56.285 +03:00 [INF] Request starting HTTP/1.1 GET http://127.0.0.1:5010/api/v1/dashboard/metrics - null null
2026-09-30 22:54:56.288 +03:00 [INF] Request finished HTTP/1.1 GET http://127.0.0.1:5010/api/v1/dashboard/metrics - 200 null application/json; charset=utf-8 95.3096ms
2026-09-30 22:54:56.299 +03:00 [INF] Executing endpoint 'CMS.API.Controllers.DashboardController.GetMetrics (CMS.API)'
2026-09-30 22:54:56.316 +03:00 [INF] Route matched with {action = "GetMetrics", controller = "Dashboard"}. Executing controller action with signature System.Threading.Tasks.Task`1[Microsoft.AspNetCore.Mvc.IActionResult] GetMetrics() on controller CMS.API.Controllers.DashboardController (CMS.API).
2026-09-30 22:54:56.363 +03:00 [INF] Executing OkObjectResult, writing value of type 'CMS.Shared.DTOs.ApiResponse`1[[CMS.Shared.DTOs.DashboardMetricsDto, CMS.Shared, Version=1.0.0.0, Culture=neutral, PublicKeyToken=null]]'.
2026-09-30 22:54:56.368 +03:00 [INF] Executed action CMS.API.Controllers.DashboardController.GetMetrics (CMS.API) in 45.2137ms
2026-09-30 22:54:56.373 +03:00 [INF] Executed endpoint 'CMS.API.Controllers.DashboardController.GetMetrics (CMS.API)'
2026-09-30 22:54:56.377 +03:00 [INF] Request finished HTTP/1.1 GET http://127.0.0.1:5010/api/v1/dashboard/metrics - 200 null application/json; charset=utf-8 92.2319ms
2026-09-30 22:55:05.579 +03:00 [INF] Request starting HTTP/1.1 GET http://127.0.0.1:5010/api/v1/notifications - application/json null
2026-09-30 22:55:05.598 +03:00 [INF] Executing endpoint 'CMS.API.Controllers.NotificationsController.GetNotifications (CMS.API)'
2026-09-30 22:55:05.603 +03:00 [INF] Route matched with {action = "GetNotifications", controller = "Notifications"}. Executing controller action with signature System.Threading.Tasks.Task`1[Microsoft.AspNetCore.Mvc.IActionResult] GetNotifications(System.Nullable`1[System.Int32], System.String) on controller CMS.API.Controllers.NotificationsController (CMS.API).
2026-09-30 22:55:05.615 +03:00 [INF] Executing OkObjectResult, writing value of type 'CMS.Shared.DTOs.ApiResponse`1[[System.Collections.Generic.List`1[[CMS.Shared.DTOs.NotificationItemDto, CMS.Shared, Version=1.0.0.0, Culture=neutral, PublicKeyToken=null]], System.Private.CoreLib, Version=8.0.0.0, Culture=neutral, PublicKeyToken=7cec85d7bea7798e]]'.
2026-09-30 22:55:05.622 +03:00 [INF] Executed action CMS.API.Controllers.NotificationsController.GetNotifications (CMS.API) in 12.0088ms
2026-09-30 22:55:05.628 +03:00 [INF] Executed endpoint 'CMS.API.Controllers.NotificationsController.GetNotifications (CMS.API)'
2026-09-30 22:55:05.634 +03:00 [INF] Request finished HTTP/1.1 GET http://127.0.0.1:5010/api/v1/notifications - 200 null application/json; charset=utf-8 54.3048ms
2026-09-30 22:56:05.581 +03:00 [INF] Request starting HTTP/1.1 GET http://127.0.0.1:5010/api/v1/notifications - application/json null
2026-09-30 22:56:05.596 +03:00 [INF] Executing endpoint 'CMS.API.Controllers.NotificationsController.GetNotifications (CMS.API)'
2026-09-30 22:56:05.602 +03:00 [INF] Route matched with {action = "GetNotifications", controller = "Notifications"}. Executing controller action with signature System.Threading.Tasks.Task`1[Microsoft.AspNetCore.Mvc.IActionResult] GetNotifications(System.Nullable`1[System.Int32], System.String) on controller CMS.API.Controllers.NotificationsController (CMS.API).
2026-09-30 22:56:05.614 +03:00 [INF] Executing OkObjectResult, writing value of type 'CMS.Shared.DTOs.ApiResponse`1[[System.Collections.Generic.List`1[[CMS.Shared.DTOs.NotificationItemDto, CMS.Shared, Version=1.0.0.0, Culture=neutral, PublicKeyToken=null]], System.Private.CoreLib, Version=8.0.0.0, Culture=neutral, PublicKeyToken=7cec85d7bea7798e]]'.
2026-09-30 22:56:05.622 +03:00 [INF] Executed action CMS.API.Controllers.NotificationsController.GetNotifications (CMS.API) in 11.2292ms
2026-09-30 22:56:05.629 +03:00 [INF] Executed endpoint 'CMS.API.Controllers.NotificationsController.GetNotifications (CMS.API)'
2026-09-30 22:56:05.636 +03:00 [INF] Request finished HTTP/1.1 GET http://127.0.0.1:5010/api/v1/notifications - 200 null application/json; charset=utf-8 54.1316ms
2026-09-30 22:57:05.579 +03:00 [INF] Request starting HTTP/1.1 GET http://127.0.0.1:5010/api/v1/notifications - application/json null
2026-09-30 22:57:05.592 +03:00 [INF] Executing endpoint 'CMS.API.Controllers.NotificationsController.GetNotifications (CMS.API)'
2026-09-30 22:57:05.598 +03:00 [INF] Route matched with {action = "GetNotifications", controller = "Notifications"}. Executing controller action with signature System.Threading.Tasks.Task`1[Microsoft.AspNetCore.Mvc.IActionResult] GetNotifications(System.Nullable`1[System.Int32], System.String) on controller CMS.API.Controllers.NotificationsController (CMS.API).
2026-09-30 22:57:05.610 +03:00 [INF] Executing OkObjectResult, writing value of type 'CMS.Shared.DTOs.ApiResponse`1[[System.Collections.Generic.List`1[[CMS.Shared.DTOs.NotificationItemDto, CMS.Shared, Version=1.0.0.0, Culture=neutral, PublicKeyToken=null]], System.Private.CoreLib, Version=8.0.0.0, Culture=neutral, PublicKeyToken=7cec85d7bea7798e]]'.
2026-09-30 22:57:05.616 +03:00 [INF] Executed action CMS.API.Controllers.NotificationsController.GetNotifications (CMS.API) in 10.0071ms
2026-09-30 22:57:05.621 +03:00 [INF] Executed endpoint 'CMS.API.Controllers.NotificationsController.GetNotifications (CMS.API)'
2026-09-30 22:57:05.627 +03:00 [INF] Request finished HTTP/1.1 GET http://127.0.0.1:5010/api/v1/notifications - 200 null application/json; charset=utf-8 47.9364ms
2026-09-30 22:57:19.649 +03:00 [INF] Request starting HTTP/1.1 GET http://127.0.0.1:5010/api/v1/dashboard/metrics - null null
2026-09-30 22:57:19.660 +03:00 [INF] Executing endpoint 'CMS.API.Controllers.DashboardController.GetMetrics (CMS.API)'
2026-09-30 22:57:19.664 +03:00 [INF] Route matched with {action = "GetMetrics", controller = "Dashboard"}. Executing controller action with signature System.Threading.Tasks.Task`1[Microsoft.AspNetCore.Mvc.IActionResult] GetMetrics() on controller CMS.API.Controllers.DashboardController (CMS.API).
2026-09-30 22:57:19.715 +03:00 [INF] Executing OkObjectResult, writing value of type 'CMS.Shared.DTOs.ApiResponse`1[[CMS.Shared.DTOs.DashboardMetricsDto, CMS.Shared, Version=1.0.0.0, Culture=neutral, PublicKeyToken=null]]'.
2026-09-30 22:57:19.721 +03:00 [INF] Executed action CMS.API.Controllers.DashboardController.GetMetrics (CMS.API) in 49.4581ms
2026-09-30 22:57:19.728 +03:00 [INF] Executed endpoint 'CMS.API.Controllers.DashboardController.GetMetrics (CMS.API)'
2026-09-30 22:57:19.733 +03:00 [INF] Request starting HTTP/1.1 GET http://127.0.0.1:5010/api/v1/dashboard/metrics - null null
2026-09-30 22:57:19.733 +03:00 [INF] Request finished HTTP/1.1 GET http://127.0.0.1:5010/api/v1/dashboard/metrics - 200 null application/json; charset=utf-8 84.0894ms
2026-09-30 22:57:19.745 +03:00 [INF] Executing endpoint 'CMS.API.Controllers.DashboardController.GetMetrics (CMS.API)'
2026-09-30 22:57:19.760 +03:00 [INF] Route matched with {action = "GetMetrics", controller = "Dashboard"}. Executing controller action with signature System.Threading.Tasks.Task`1[Microsoft.AspNetCore.Mvc.IActionResult] GetMetrics() on controller CMS.API.Controllers.DashboardController (CMS.API).
2026-09-30 22:57:19.803 +03:00 [INF] Executing OkObjectResult, writing value of type 'CMS.Shared.DTOs.ApiResponse`1[[CMS.Shared.DTOs.DashboardMetricsDto, CMS.Shared, Version=1.0.0.0, Culture=neutral, PublicKeyToken=null]]'.
2026-09-30 22:57:19.809 +03:00 [INF] Executed action CMS.API.Controllers.DashboardController.GetMetrics (CMS.API) in 42.0365ms
2026-09-30 22:57:19.815 +03:00 [INF] Executed endpoint 'CMS.API.Controllers.DashboardController.GetMetrics (CMS.API)'
2026-09-30 22:57:19.820 +03:00 [INF] Request finished HTTP/1.1 GET http://127.0.0.1:5010/api/v1/dashboard/metrics - 200 null application/json; charset=utf-8 86.8937ms
2026-09-30 22:57:51.431 +03:00 [INF] Request starting HTTP/1.1 GET http://127.0.0.1:5010/api/v1/users - application/json null
2026-09-30 22:57:51.432 +03:00 [INF] Request starting HTTP/1.1 GET http://127.0.0.1:5010/api/v1/users/roles - application/json null
2026-09-30 22:57:51.433 +03:00 [INF] Request starting HTTP/1.1 GET http://127.0.0.1:5010/api/v1/settings - null null
2026-09-30 22:57:51.434 +03:00 [INF] Request starting HTTP/1.1 GET http://127.0.0.1:5010/api/v1/staff/all - application/json null
2026-09-30 22:57:51.434 +03:00 [INF] Request starting HTTP/1.1 GET http://127.0.0.1:5010/api/v1/staff/specializations - application/json null
2026-09-30 22:57:51.443 +03:00 [INF] Executing endpoint 'CMS.API.Controllers.UsersController.GetUsers (CMS.API)'
2026-09-30 22:57:51.453 +03:00 [INF] Executing endpoint 'CMS.API.Controllers.UsersController.GetRoles (CMS.API)'
2026-09-30 22:57:51.461 +03:00 [INF] Executing endpoint 'CMS.API.Controllers.SettingsController.GetSettings (CMS.API)'
2026-09-30 22:57:51.472 +03:00 [INF] Executing endpoint 'CMS.API.Controllers.StaffController.GetAllStaff (CMS.API)'
2026-09-30 22:57:51.485 +03:00 [INF] Executing endpoint 'CMS.API.Controllers.StaffController.GetSpecializations (CMS.API)'
2026-09-30 22:57:51.494 +03:00 [INF] Route matched with {action = "GetSettings", controller = "Settings"}. Executing controller action with signature System.Threading.Tasks.Task`1[Microsoft.AspNetCore.Mvc.IActionResult] GetSettings() on controller CMS.API.Controllers.SettingsController (CMS.API).
2026-09-30 22:57:51.511 +03:00 [INF] Route matched with {action = "GetSpecializations", controller = "Staff"}. Executing controller action with signature System.Threading.Tasks.Task`1[Microsoft.AspNetCore.Mvc.IActionResult] GetSpecializations() on controller CMS.API.Controllers.StaffController (CMS.API).
2026-09-30 22:57:51.496 +03:00 [INF] Route matched with {action = "GetRoles", controller = "Users"}. Executing controller action with signature System.Threading.Tasks.Task`1[Microsoft.AspNetCore.Mvc.IActionResult] GetRoles() on controller CMS.API.Controllers.UsersController (CMS.API).
2026-09-30 22:57:51.508 +03:00 [INF] Route matched with {action = "GetAllStaff", controller = "Staff"}. Executing controller action with signature System.Threading.Tasks.Task`1[Microsoft.AspNetCore.Mvc.IActionResult] GetAllStaff() on controller CMS.API.Controllers.StaffController (CMS.API).
2026-09-30 22:57:51.494 +03:00 [INF] Route matched with {action = "GetUsers", controller = "Users"}. Executing controller action with signature System.Threading.Tasks.Task`1[Microsoft.AspNetCore.Mvc.IActionResult] GetUsers() on controller CMS.API.Controllers.UsersController (CMS.API).
2026-09-30 22:57:51.513 +03:00 [INF] Executing OkObjectResult, writing value of type 'CMS.Shared.DTOs.ApiResponse`1[[System.Collections.Generic.List`1[[CMS.Shared.DTOs.ClinicSettingDto, CMS.Shared, Version=1.0.0.0, Culture=neutral, PublicKeyToken=null]], System.Private.CoreLib, Version=8.0.0.0, Culture=neutral, PublicKeyToken=7cec85d7bea7798e]]'.
2026-09-30 22:57:51.534 +03:00 [INF] Executing OkObjectResult, writing value of type 'CMS.Shared.DTOs.ApiResponse`1[[System.Collections.Generic.List`1[[CMS.Shared.DTOs.SpecializationDto, CMS.Shared, Version=1.0.0.0, Culture=neutral, PublicKeyToken=null]], System.Private.CoreLib, Version=8.0.0.0, Culture=neutral, PublicKeyToken=7cec85d7bea7798e]]'.
2026-09-30 22:57:51.542 +03:00 [INF] Executed action CMS.API.Controllers.SettingsController.GetSettings (CMS.API) in 31.0129ms
2026-09-30 22:57:51.552 +03:00 [INF] Request starting HTTP/1.1 GET http://127.0.0.1:5010/api/v1/settings - null null
2026-09-30 22:57:51.554 +03:00 [INF] Executed endpoint 'CMS.API.Controllers.SettingsController.GetSettings (CMS.API)'
2026-09-30 22:57:51.557 +03:00 [INF] Executed action CMS.API.Controllers.StaffController.GetSpecializations (CMS.API) in 39.6422ms
2026-09-30 22:57:51.557 +03:00 [INF] Executing OkObjectResult, writing value of type 'CMS.Shared.DTOs.ApiResponse`1[[System.Collections.Generic.List`1[[CMS.Shared.DTOs.StaffDetailDto, CMS.Shared, Version=1.0.0.0, Culture=neutral, PublicKeyToken=null]], System.Private.CoreLib, Version=8.0.0.0, Culture=neutral, PublicKeyToken=7cec85d7bea7798e]]'.
2026-09-30 22:57:51.559 +03:00 [INF] Executing OkObjectResult, writing value of type 'CMS.Shared.DTOs.ApiResponse`1[[System.Collections.Generic.List`1[[CMS.Shared.DTOs.RoleWithPermissionsDto, CMS.Shared, Version=1.0.0.0, Culture=neutral, PublicKeyToken=null]], System.Private.CoreLib, Version=8.0.0.0, Culture=neutral, PublicKeyToken=7cec85d7bea7798e]]'.
2026-09-30 22:57:51.565 +03:00 [INF] Executing endpoint 'CMS.API.Controllers.SettingsController.GetSettings (CMS.API)'
2026-09-30 22:57:51.568 +03:00 [INF] Request finished HTTP/1.1 GET http://127.0.0.1:5010/api/v1/settings - 200 null application/json; charset=utf-8 135.4185ms
2026-09-30 22:57:51.574 +03:00 [INF] Executed endpoint 'CMS.API.Controllers.StaffController.GetSpecializations (CMS.API)'
2026-09-30 22:57:51.576 +03:00 [INF] Request starting HTTP/1.1 GET http://127.0.0.1:5010/api/v1/staff/specializations - application/json null
2026-09-30 22:57:51.583 +03:00 [INF] Executing OkObjectResult, writing value of type 'CMS.Shared.DTOs.ApiResponse`1[[System.Collections.Generic.List`1[[CMS.Shared.DTOs.UserDto, CMS.Shared, Version=1.0.0.0, Culture=neutral, PublicKeyToken=null]], System.Private.CoreLib, Version=8.0.0.0, Culture=neutral, PublicKeyToken=7cec85d7bea7798e]]'.
2026-09-30 22:57:51.588 +03:00 [INF] Route matched with {action = "GetSettings", controller = "Settings"}. Executing controller action with signature System.Threading.Tasks.Task`1[Microsoft.AspNetCore.Mvc.IActionResult] GetSettings() on controller CMS.API.Controllers.SettingsController (CMS.API).
2026-09-30 22:57:51.601 +03:00 [INF] Request finished HTTP/1.1 GET http://127.0.0.1:5010/api/v1/staff/specializations - 200 null application/json; charset=utf-8 167.0975ms
2026-09-30 22:57:51.612 +03:00 [INF] Executed action CMS.API.Controllers.UsersController.GetRoles (CMS.API) in 87.6809ms
2026-09-30 22:57:51.615 +03:00 [INF] Executing endpoint 'CMS.API.Controllers.StaffController.GetSpecializations (CMS.API)'
2026-09-30 22:57:51.620 +03:00 [INF] Executed action CMS.API.Controllers.StaffController.GetAllStaff (CMS.API) in 89.5353ms
2026-09-30 22:57:51.621 +03:00 [INF] Request starting HTTP/1.1 GET http://127.0.0.1:5010/api/v1/users/roles - application/json null
2026-09-30 22:57:51.628 +03:00 [INF] Executing OkObjectResult, writing value of type 'CMS.Shared.DTOs.ApiResponse`1[[System.Collections.Generic.List`1[[CMS.Shared.DTOs.ClinicSettingDto, CMS.Shared, Version=1.0.0.0, Culture=neutral, PublicKeyToken=null]], System.Private.CoreLib, Version=8.0.0.0, Culture=neutral, PublicKeyToken=7cec85d7bea7798e]]'.
2026-09-30 22:57:51.629 +03:00 [INF] Executed action CMS.API.Controllers.UsersController.GetUsers (CMS.API) in 92.2828ms
2026-09-30 22:57:51.642 +03:00 [INF] Executed endpoint 'CMS.API.Controllers.UsersController.GetRoles (CMS.API)'
2026-09-30 22:57:51.645 +03:00 [INF] Route matched with {action = "GetSpecializations", controller = "Staff"}. Executing controller action with signature System.Threading.Tasks.Task`1[Microsoft.AspNetCore.Mvc.IActionResult] GetSpecializations() on controller CMS.API.Controllers.StaffController (CMS.API).
2026-09-30 22:57:51.649 +03:00 [INF] Executed endpoint 'CMS.API.Controllers.StaffController.GetAllStaff (CMS.API)'
2026-09-30 22:57:51.658 +03:00 [INF] Executing endpoint 'CMS.API.Controllers.UsersController.GetRoles (CMS.API)'
2026-09-30 22:57:51.662 +03:00 [INF] Executed action CMS.API.Controllers.SettingsController.GetSettings (CMS.API) in 35.3608ms
2026-09-30 22:57:51.665 +03:00 [INF] Executed endpoint 'CMS.API.Controllers.UsersController.GetUsers (CMS.API)'
2026-09-30 22:57:51.669 +03:00 [INF] Request finished HTTP/1.1 GET http://127.0.0.1:5010/api/v1/users/roles - 200 null application/json; charset=utf-8 237.1858ms
2026-09-30 22:57:51.679 +03:00 [INF] Executing OkObjectResult, writing value of type 'CMS.Shared.DTOs.ApiResponse`1[[System.Collections.Generic.List`1[[CMS.Shared.DTOs.SpecializationDto, CMS.Shared, Version=1.0.0.0, Culture=neutral, PublicKeyToken=null]], System.Private.CoreLib, Version=8.0.0.0, Culture=neutral, PublicKeyToken=7cec85d7bea7798e]]'.
2026-09-30 22:57:51.679 +03:00 [INF] Request finished HTTP/1.1 GET http://127.0.0.1:5010/api/v1/staff/all - 200 null application/json; charset=utf-8 245.2699ms
2026-09-30 22:57:51.684 +03:00 [INF] Route matched with {action = "GetRoles", controller = "Users"}. Executing controller action with signature System.Threading.Tasks.Task`1[Microsoft.AspNetCore.Mvc.IActionResult] GetRoles() on controller CMS.API.Controllers.UsersController (CMS.API).
2026-09-30 22:57:51.677 +03:00 [INF] Request starting HTTP/1.1 GET http://127.0.0.1:5010/api/v1/staff/all - application/json null
2026-09-30 22:57:51.688 +03:00 [INF] Request starting HTTP/1.1 GET http://127.0.0.1:5010/api/v1/users - application/json null
2026-09-30 22:57:51.691 +03:00 [INF] Executed endpoint 'CMS.API.Controllers.SettingsController.GetSettings (CMS.API)'
2026-09-30 22:57:51.695 +03:00 [INF] Request finished HTTP/1.1 GET http://127.0.0.1:5010/api/v1/users - 200 null application/json; charset=utf-8 264.1514ms
2026-09-30 22:57:51.713 +03:00 [INF] Executed action CMS.API.Controllers.StaffController.GetSpecializations (CMS.API) in 37.2779ms
2026-09-30 22:57:51.736 +03:00 [INF] Executing OkObjectResult, writing value of type 'CMS.Shared.DTOs.ApiResponse`1[[System.Collections.Generic.List`1[[CMS.Shared.DTOs.RoleWithPermissionsDto, CMS.Shared, Version=1.0.0.0, Culture=neutral, PublicKeyToken=null]], System.Private.CoreLib, Version=8.0.0.0, Culture=neutral, PublicKeyToken=7cec85d7bea7798e]]'.
2026-09-30 22:57:51.743 +03:00 [INF] Executing endpoint 'CMS.API.Controllers.StaffController.GetAllStaff (CMS.API)'
2026-09-30 22:57:51.753 +03:00 [INF] Executing endpoint 'CMS.API.Controllers.UsersController.GetUsers (CMS.API)'
2026-09-30 22:57:51.756 +03:00 [INF] Request finished HTTP/1.1 GET http://127.0.0.1:5010/api/v1/settings - 200 null application/json; charset=utf-8 204.2631ms
2026-09-30 22:57:51.773 +03:00 [INF] Executed endpoint 'CMS.API.Controllers.StaffController.GetSpecializations (CMS.API)'
2026-09-30 22:57:51.779 +03:00 [INF] Executed action CMS.API.Controllers.UsersController.GetRoles (CMS.API) in 46.8672ms
2026-09-30 22:57:51.783 +03:00 [INF] Route matched with {action = "GetAllStaff", controller = "Staff"}. Executing controller action with signature System.Threading.Tasks.Task`1[Microsoft.AspNetCore.Mvc.IActionResult] GetAllStaff() on controller CMS.API.Controllers.StaffController (CMS.API).
2026-09-30 22:57:51.786 +03:00 [INF] Route matched with {action = "GetUsers", controller = "Users"}. Executing controller action with signature System.Threading.Tasks.Task`1[Microsoft.AspNetCore.Mvc.IActionResult] GetUsers() on controller CMS.API.Controllers.UsersController (CMS.API).
2026-09-30 22:57:51.801 +03:00 [INF] Request finished HTTP/1.1 GET http://127.0.0.1:5010/api/v1/staff/specializations - 200 null application/json; charset=utf-8 224.3586ms
2026-09-30 22:57:51.805 +03:00 [INF] Executed endpoint 'CMS.API.Controllers.UsersController.GetRoles (CMS.API)'
2026-09-30 22:57:51.814 +03:00 [INF] Executing OkObjectResult, writing value of type 'CMS.Shared.DTOs.ApiResponse`1[[System.Collections.Generic.List`1[[CMS.Shared.DTOs.StaffDetailDto, CMS.Shared, Version=1.0.0.0, Culture=neutral, PublicKeyToken=null]], System.Private.CoreLib, Version=8.0.0.0, Culture=neutral, PublicKeyToken=7cec85d7bea7798e]]'.
2026-09-30 22:57:51.821 +03:00 [INF] Executing OkObjectResult, writing value of type 'CMS.Shared.DTOs.ApiResponse`1[[System.Collections.Generic.List`1[[CMS.Shared.DTOs.UserDto, CMS.Shared, Version=1.0.0.0, Culture=neutral, PublicKeyToken=null]], System.Private.CoreLib, Version=8.0.0.0, Culture=neutral, PublicKeyToken=7cec85d7bea7798e]]'.
2026-09-30 22:57:51.835 +03:00 [INF] Request finished HTTP/1.1 GET http://127.0.0.1:5010/api/v1/users/roles - 200 null application/json; charset=utf-8 214.5267ms
2026-09-30 22:57:51.842 +03:00 [INF] Executed action CMS.API.Controllers.StaffController.GetAllStaff (CMS.API) in 30.8366ms
2026-09-30 22:57:51.847 +03:00 [INF] Executed action CMS.API.Controllers.UsersController.GetUsers (CMS.API) in 28.8971ms
2026-09-30 22:57:51.864 +03:00 [INF] Executed endpoint 'CMS.API.Controllers.StaffController.GetAllStaff (CMS.API)'
2026-09-30 22:57:51.869 +03:00 [INF] Executed endpoint 'CMS.API.Controllers.UsersController.GetUsers (CMS.API)'
2026-09-30 22:57:51.873 +03:00 [INF] Request finished HTTP/1.1 GET http://127.0.0.1:5010/api/v1/staff/all - 200 null application/json; charset=utf-8 196.2387ms
2026-09-30 22:57:51.877 +03:00 [INF] Request finished HTTP/1.1 GET http://127.0.0.1:5010/api/v1/users - 200 null application/json; charset=utf-8 188.4593ms
2026-09-30 22:58:04.694 +03:00 [INF] Request starting HTTP/1.1 GET http://127.0.0.1:5010/api/v1/notifications - application/json null
2026-09-30 22:58:04.708 +03:00 [INF] Executing endpoint 'CMS.API.Controllers.NotificationsController.GetNotifications (CMS.API)'
2026-09-30 22:58:04.713 +03:00 [INF] Route matched with {action = "GetNotifications", controller = "Notifications"}. Executing controller action with signature System.Threading.Tasks.Task`1[Microsoft.AspNetCore.Mvc.IActionResult] GetNotifications(System.Nullable`1[System.Int32], System.String) on controller CMS.API.Controllers.NotificationsController (CMS.API).
2026-09-30 22:58:04.723 +03:00 [INF] Executing OkObjectResult, writing value of type 'CMS.Shared.DTOs.ApiResponse`1[[System.Collections.Generic.List`1[[CMS.Shared.DTOs.NotificationItemDto, CMS.Shared, Version=1.0.0.0, Culture=neutral, PublicKeyToken=null]], System.Private.CoreLib, Version=8.0.0.0, Culture=neutral, PublicKeyToken=7cec85d7bea7798e]]'.
2026-09-30 22:58:04.729 +03:00 [INF] Executed action CMS.API.Controllers.NotificationsController.GetNotifications (CMS.API) in 9.0095ms
2026-09-30 22:58:04.735 +03:00 [INF] Executed endpoint 'CMS.API.Controllers.NotificationsController.GetNotifications (CMS.API)'
2026-09-30 22:58:04.739 +03:00 [INF] Request finished HTTP/1.1 GET http://127.0.0.1:5010/api/v1/notifications - 200 null application/json; charset=utf-8 45.1319ms
2026-09-30 22:58:34.811 +03:00 [INF] Request starting HTTP/1.1 POST http://127.0.0.1:5010/api/v1/users/roles - application/json 45
2026-09-30 22:58:34.833 +03:00 [INF] CORS policy execution successful.
2026-09-30 22:58:34.845 +03:00 [INF] Executing endpoint 'CMS.API.Controllers.UsersController.CreateRole (CMS.API)'
2026-09-30 22:58:34.867 +03:00 [INF] Route matched with {action = "CreateRole", controller = "Users"}. Executing controller action with signature System.Threading.Tasks.Task`1[Microsoft.AspNetCore.Mvc.IActionResult] CreateRole(CreateRoleDto) on controller CMS.API.Controllers.UsersController (CMS.API).
2026-09-30 22:58:34.988 +03:00 [INF] Executing OkObjectResult, writing value of type 'CMS.Shared.DTOs.ApiResponse`1[[System.Object, System.Private.CoreLib, Version=8.0.0.0, Culture=neutral, PublicKeyToken=7cec85d7bea7798e]]'.
2026-09-30 22:58:35.007 +03:00 [INF] Executed action CMS.API.Controllers.UsersController.CreateRole (CMS.API) in 129.2044ms
2026-09-30 22:58:35.014 +03:00 [INF] Executed endpoint 'CMS.API.Controllers.UsersController.CreateRole (CMS.API)'
2026-09-30 22:58:35.019 +03:00 [INF] Request finished HTTP/1.1 POST http://127.0.0.1:5010/api/v1/users/roles - 200 null application/json; charset=utf-8 208.1499ms
2026-09-30 22:59:05.585 +03:00 [INF] Request starting HTTP/1.1 GET http://127.0.0.1:5010/api/v1/notifications - application/json null
2026-09-30 22:59:05.599 +03:00 [INF] Executing endpoint 'CMS.API.Controllers.NotificationsController.GetNotifications (CMS.API)'
2026-09-30 22:59:05.603 +03:00 [INF] Route matched with {action = "GetNotifications", controller = "Notifications"}. Executing controller action with signature System.Threading.Tasks.Task`1[Microsoft.AspNetCore.Mvc.IActionResult] GetNotifications(System.Nullable`1[System.Int32], System.String) on controller CMS.API.Controllers.NotificationsController (CMS.API).
2026-09-30 22:59:05.619 +03:00 [INF] Executing OkObjectResult, writing value of type 'CMS.Shared.DTOs.ApiResponse`1[[System.Collections.Generic.List`1[[CMS.Shared.DTOs.NotificationItemDto, CMS.Shared, Version=1.0.0.0, Culture=neutral, PublicKeyToken=null]], System.Private.CoreLib, Version=8.0.0.0, Culture=neutral, PublicKeyToken=7cec85d7bea7798e]]'.
2026-09-30 22:59:05.625 +03:00 [INF] Executed action CMS.API.Controllers.NotificationsController.GetNotifications (CMS.API) in 12.9986ms
2026-09-30 22:59:05.631 +03:00 [INF] Executed endpoint 'CMS.API.Controllers.NotificationsController.GetNotifications (CMS.API)'
2026-09-30 22:59:05.638 +03:00 [INF] Request finished HTTP/1.1 GET http://127.0.0.1:5010/api/v1/notifications - 200 null application/json; charset=utf-8 52.2818ms
2026-09-30 22:59:12.392 +03:00 [INF] Request starting HTTP/1.1 GET http://127.0.0.1:5010/api/v1/triage/queue?date=2026-09-30 - application/json null
2026-09-30 22:59:12.420 +03:00 [INF] Request starting HTTP/1.1 GET http://127.0.0.1:5010/api/v1/patients/search - application/json null
2026-09-30 22:59:12.421 +03:00 [INF] Request starting HTTP/1.1 GET http://127.0.0.1:5010/api/v1/staff/doctors - application/json null
2026-09-30 22:59:12.423 +03:00 [INF] Request starting HTTP/1.1 GET http://127.0.0.1:5010/api/v1/services/consultation - application/json null
2026-09-30 22:59:12.424 +03:00 [INF] Executing endpoint 'CMS.API.Controllers.TriageController.GetQueue (CMS.API)'
2026-09-30 22:59:12.435 +03:00 [INF] Executing endpoint 'CMS.API.Controllers.PatientsController.Search (CMS.API)'
2026-09-30 22:59:12.464 +03:00 [INF] Executing endpoint 'CMS.API.Controllers.StaffController.GetDoctors (CMS.API)'
2026-09-30 22:59:12.476 +03:00 [INF] Executing endpoint 'CMS.API.Controllers.ServicesController.GetConsultationServices (CMS.API)'
2026-09-30 22:59:12.495 +03:00 [INF] Route matched with {action = "Search", controller = "Patients"}. Executing controller action with signature System.Threading.Tasks.Task`1[Microsoft.AspNetCore.Mvc.IActionResult] Search(System.String, Int32, Int32) on controller CMS.API.Controllers.PatientsController (CMS.API).
2026-09-30 22:59:12.496 +03:00 [INF] Route matched with {action = "GetQueue", controller = "Triage"}. Executing controller action with signature System.Threading.Tasks.Task`1[Microsoft.AspNetCore.Mvc.IActionResult] GetQueue(System.String, System.Nullable`1[System.DateTime]) on controller CMS.API.Controllers.TriageController (CMS.API).
2026-09-30 22:59:12.498 +03:00 [INF] Route matched with {action = "GetDoctors", controller = "Staff"}. Executing controller action with signature System.Threading.Tasks.Task`1[Microsoft.AspNetCore.Mvc.IActionResult] GetDoctors() on controller CMS.API.Controllers.StaffController (CMS.API).
2026-09-30 22:59:12.504 +03:00 [INF] Route matched with {action = "GetConsultationServices", controller = "Services"}. Executing controller action with signature System.Threading.Tasks.Task`1[Microsoft.AspNetCore.Mvc.IActionResult] GetConsultationServices() on controller CMS.API.Controllers.ServicesController (CMS.API).
2026-09-30 22:59:12.542 +03:00 [INF] Executing OkObjectResult, writing value of type 'CMS.Shared.DTOs.ApiResponse`1[[System.Collections.Generic.List`1[[CMS.Shared.DTOs.PatientDto, CMS.Shared, Version=1.0.0.0, Culture=neutral, PublicKeyToken=null]], System.Private.CoreLib, Version=8.0.0.0, Culture=neutral, PublicKeyToken=7cec85d7bea7798e]]'.
2026-09-30 22:59:12.552 +03:00 [INF] Executing OkObjectResult, writing value of type 'CMS.Shared.DTOs.ApiResponse`1[[System.Collections.Generic.List`1[[CMS.Shared.DTOs.DoctorDto, CMS.Shared, Version=1.0.0.0, Culture=neutral, PublicKeyToken=null]], System.Private.CoreLib, Version=8.0.0.0, Culture=neutral, PublicKeyToken=7cec85d7bea7798e]]'.
2026-09-30 22:59:12.562 +03:00 [INF] Executed action CMS.API.Controllers.PatientsController.Search (CMS.API) in 57.6142ms
2026-09-30 22:59:12.574 +03:00 [INF] Request starting HTTP/1.1 GET http://127.0.0.1:5010/api/v1/patients/search - application/json null
2026-09-30 22:59:12.575 +03:00 [INF] Executed endpoint 'CMS.API.Controllers.PatientsController.Search (CMS.API)'
2026-09-30 22:59:12.580 +03:00 [INF] Executing OkObjectResult, writing value of type 'CMS.Shared.DTOs.ApiResponse`1[[System.Object, System.Private.CoreLib, Version=8.0.0.0, Culture=neutral, PublicKeyToken=7cec85d7bea7798e]]'.
2026-09-30 22:59:12.582 +03:00 [INF] Executed action CMS.API.Controllers.StaffController.GetDoctors (CMS.API) in 64.6924ms
2026-09-30 22:59:12.586 +03:00 [INF] Executing endpoint 'CMS.API.Controllers.PatientsController.Search (CMS.API)'
2026-09-30 22:59:12.590 +03:00 [INF] Request finished HTTP/1.1 GET http://127.0.0.1:5010/api/v1/patients/search - 200 null application/json; charset=utf-8 170.1634ms
2026-09-30 22:59:12.593 +03:00 [INF] Request starting HTTP/1.1 GET http://127.0.0.1:5010/api/v1/staff/doctors - application/json null
2026-09-30 22:59:12.598 +03:00 [INF] Executed action CMS.API.Controllers.ServicesController.GetConsultationServices (CMS.API) in 64.8677ms
2026-09-30 22:59:12.600 +03:00 [INF] Executed endpoint 'CMS.API.Controllers.StaffController.GetDoctors (CMS.API)'
2026-09-30 22:59:12.605 +03:00 [INF] Route matched with {action = "Search", controller = "Patients"}. Executing controller action with signature System.Threading.Tasks.Task`1[Microsoft.AspNetCore.Mvc.IActionResult] Search(System.String, Int32, Int32) on controller CMS.API.Controllers.PatientsController (CMS.API).
2026-09-30 22:59:12.607 +03:00 [INF] Request starting HTTP/1.1 GET http://127.0.0.1:5010/api/v1/services/consultation - application/json null
2026-09-30 22:59:12.625 +03:00 [INF] Executing endpoint 'CMS.API.Controllers.StaffController.GetDoctors (CMS.API)'
2026-09-30 22:59:12.628 +03:00 [INF] Executed endpoint 'CMS.API.Controllers.ServicesController.GetConsultationServices (CMS.API)'
2026-09-30 22:59:12.632 +03:00 [INF] Request finished HTTP/1.1 GET http://127.0.0.1:5010/api/v1/staff/doctors - 200 null application/json; charset=utf-8 210.454ms
2026-09-30 22:59:12.639 +03:00 [INF] Executing OkObjectResult, writing value of type 'CMS.Shared.DTOs.ApiResponse`1[[System.Collections.Generic.List`1[[CMS.Shared.DTOs.PatientDto, CMS.Shared, Version=1.0.0.0, Culture=neutral, PublicKeyToken=null]], System.Private.CoreLib, Version=8.0.0.0, Culture=neutral, PublicKeyToken=7cec85d7bea7798e]]'.
2026-09-30 22:59:12.650 +03:00 [INF] Executing endpoint 'CMS.API.Controllers.ServicesController.GetConsultationServices (CMS.API)'
2026-09-30 22:59:12.651 +03:00 [INF] Route matched with {action = "GetDoctors", controller = "Staff"}. Executing controller action with signature System.Threading.Tasks.Task`1[Microsoft.AspNetCore.Mvc.IActionResult] GetDoctors() on controller CMS.API.Controllers.StaffController (CMS.API).
2026-09-30 22:59:12.655 +03:00 [INF] Request finished HTTP/1.1 GET http://127.0.0.1:5010/api/v1/services/consultation - 200 null application/json; charset=utf-8 232.1807ms
2026-09-30 22:59:12.670 +03:00 [INF] Executed action CMS.API.Controllers.PatientsController.Search (CMS.API) in 31.4671ms
2026-09-30 22:59:12.672 +03:00 [INF] Executing OkObjectResult, writing value of type 'CMS.Shared.DTOs.ApiResponse`1[[System.Collections.Generic.List`1[[CMS.Shared.DTOs.TriageDto, CMS.Shared, Version=1.0.0.0, Culture=neutral, PublicKeyToken=null]], System.Private.CoreLib, Version=8.0.0.0, Culture=neutral, PublicKeyToken=7cec85d7bea7798e]]'.
2026-09-30 22:59:12.674 +03:00 [INF] Route matched with {action = "GetConsultationServices", controller = "Services"}. Executing controller action with signature System.Threading.Tasks.Task`1[Microsoft.AspNetCore.Mvc.IActionResult] GetConsultationServices() on controller CMS.API.Controllers.ServicesController (CMS.API).
2026-09-30 22:59:12.680 +03:00 [INF] Executing OkObjectResult, writing value of type 'CMS.Shared.DTOs.ApiResponse`1[[System.Collections.Generic.List`1[[CMS.Shared.DTOs.DoctorDto, CMS.Shared, Version=1.0.0.0, Culture=neutral, PublicKeyToken=null]], System.Private.CoreLib, Version=8.0.0.0, Culture=neutral, PublicKeyToken=7cec85d7bea7798e]]'.
2026-09-30 22:59:12.693 +03:00 [INF] Executed endpoint 'CMS.API.Controllers.PatientsController.Search (CMS.API)'
2026-09-30 22:59:12.705 +03:00 [INF] Executing OkObjectResult, writing value of type 'CMS.Shared.DTOs.ApiResponse`1[[System.Object, System.Private.CoreLib, Version=8.0.0.0, Culture=neutral, PublicKeyToken=7cec85d7bea7798e]]'.
2026-09-30 22:59:12.709 +03:00 [INF] Executed action CMS.API.Controllers.StaffController.GetDoctors (CMS.API) in 28.8973ms
2026-09-30 22:59:12.713 +03:00 [INF] Request finished HTTP/1.1 GET http://127.0.0.1:5010/api/v1/patients/search - 200 null application/json; charset=utf-8 138.5464ms
2026-09-30 22:59:12.713 +03:00 [INF] Executed action CMS.API.Controllers.TriageController.GetQueue (CMS.API) in 201.6865ms
2026-09-30 22:59:12.718 +03:00 [INF] Executed action CMS.API.Controllers.ServicesController.GetConsultationServices (CMS.API) in 12.8054ms
2026-09-30 22:59:12.722 +03:00 [INF] Executed endpoint 'CMS.API.Controllers.StaffController.GetDoctors (CMS.API)'
2026-09-30 22:59:12.723 +03:00 [INF] Request starting HTTP/1.1 GET http://127.0.0.1:5010/api/v1/triage/queue?date=2026-09-30 - application/json null
2026-09-30 22:59:12.744 +03:00 [INF] Executed endpoint 'CMS.API.Controllers.TriageController.GetQueue (CMS.API)'
2026-09-30 22:59:12.751 +03:00 [INF] Executed endpoint 'CMS.API.Controllers.ServicesController.GetConsultationServices (CMS.API)'
2026-09-30 22:59:12.756 +03:00 [INF] Request finished HTTP/1.1 GET http://127.0.0.1:5010/api/v1/staff/doctors - 200 null application/json; charset=utf-8 162.9504ms
2026-09-30 22:59:12.769 +03:00 [INF] Executing endpoint 'CMS.API.Controllers.TriageController.GetQueue (CMS.API)'
2026-09-30 22:59:12.771 +03:00 [INF] Request finished HTTP/1.1 GET http://127.0.0.1:5010/api/v1/triage/queue?date=2026-09-30 - 200 null application/json; charset=utf-8 378.8015ms
2026-09-30 22:59:12.775 +03:00 [INF] Request finished HTTP/1.1 GET http://127.0.0.1:5010/api/v1/services/consultation - 200 null application/json; charset=utf-8 168.8559ms
2026-09-30 22:59:12.789 +03:00 [INF] Route matched with {action = "GetQueue", controller = "Triage"}. Executing controller action with signature System.Threading.Tasks.Task`1[Microsoft.AspNetCore.Mvc.IActionResult] GetQueue(System.String, System.Nullable`1[System.DateTime]) on controller CMS.API.Controllers.TriageController (CMS.API).
2026-09-30 22:59:12.846 +03:00 [INF] Executing OkObjectResult, writing value of type 'CMS.Shared.DTOs.ApiResponse`1[[System.Collections.Generic.List`1[[CMS.Shared.DTOs.TriageDto, CMS.Shared, Version=1.0.0.0, Culture=neutral, PublicKeyToken=null]], System.Private.CoreLib, Version=8.0.0.0, Culture=neutral, PublicKeyToken=7cec85d7bea7798e]]'.
2026-09-30 22:59:12.853 +03:00 [INF] Executed action CMS.API.Controllers.TriageController.GetQueue (CMS.API) in 39.2925ms
2026-09-30 22:59:12.858 +03:00 [INF] Executed endpoint 'CMS.API.Controllers.TriageController.GetQueue (CMS.API)'
2026-09-30 22:59:12.862 +03:00 [INF] Request finished HTTP/1.1 GET http://127.0.0.1:5010/api/v1/triage/queue?date=2026-09-30 - 200 null application/json; charset=utf-8 139.13ms
2026-09-30 22:59:15.075 +03:00 [INF] Request starting HTTP/1.1 GET http://127.0.0.1:5010/api/v1/patients/search?q= - application/json null
2026-09-30 22:59:15.090 +03:00 [INF] Executing endpoint 'CMS.API.Controllers.PatientsController.Search (CMS.API)'
2026-09-30 22:59:15.097 +03:00 [INF] Route matched with {action = "Search", controller = "Patients"}. Executing controller action with signature System.Threading.Tasks.Task`1[Microsoft.AspNetCore.Mvc.IActionResult] Search(System.String, Int32, Int32) on controller CMS.API.Controllers.PatientsController (CMS.API).
2026-09-30 22:59:15.107 +03:00 [INF] Executing OkObjectResult, writing value of type 'CMS.Shared.DTOs.ApiResponse`1[[System.Collections.Generic.List`1[[CMS.Shared.DTOs.PatientDto, CMS.Shared, Version=1.0.0.0, Culture=neutral, PublicKeyToken=null]], System.Private.CoreLib, Version=8.0.0.0, Culture=neutral, PublicKeyToken=7cec85d7bea7798e]]'.
2026-09-30 22:59:15.116 +03:00 [INF] Executed action CMS.API.Controllers.PatientsController.Search (CMS.API) in 9.4484ms
2026-09-30 22:59:15.122 +03:00 [INF] Executed endpoint 'CMS.API.Controllers.PatientsController.Search (CMS.API)'
2026-09-30 22:59:15.126 +03:00 [INF] Request finished HTTP/1.1 GET http://127.0.0.1:5010/api/v1/patients/search?q= - 200 null application/json; charset=utf-8 51.1213ms
2026-09-30 22:59:17.007 +03:00 [INF] Request starting HTTP/1.1 GET http://127.0.0.1:5010/api/v1/patients/next-mrn - application/json null
2026-09-30 22:59:17.019 +03:00 [INF] Executing endpoint 'CMS.API.Controllers.PatientsController.GetNextMRN (CMS.API)'
2026-09-30 22:59:17.032 +03:00 [INF] Route matched with {action = "GetNextMRN", controller = "Patients"}. Executing controller action with signature System.Threading.Tasks.Task`1[Microsoft.AspNetCore.Mvc.IActionResult] GetNextMRN() on controller CMS.API.Controllers.PatientsController (CMS.API).
2026-09-30 22:59:17.058 +03:00 [INF] Executing OkObjectResult, writing value of type 'CMS.Shared.DTOs.ApiResponse`1[[System.Object, System.Private.CoreLib, Version=8.0.0.0, Culture=neutral, PublicKeyToken=7cec85d7bea7798e]]'.
2026-09-30 22:59:17.068 +03:00 [INF] Executed action CMS.API.Controllers.PatientsController.GetNextMRN (CMS.API) in 26.7981ms
2026-09-30 22:59:17.073 +03:00 [INF] Executed endpoint 'CMS.API.Controllers.PatientsController.GetNextMRN (CMS.API)'
2026-09-30 22:59:17.078 +03:00 [INF] Request finished HTTP/1.1 GET http://127.0.0.1:5010/api/v1/patients/next-mrn - 200 null application/json; charset=utf-8 70.5356ms
2026-09-30 23:00:04.702 +03:00 [INF] Request starting HTTP/1.1 GET http://127.0.0.1:5010/api/v1/notifications - application/json null
2026-09-30 23:00:04.719 +03:00 [INF] Executing endpoint 'CMS.API.Controllers.NotificationsController.GetNotifications (CMS.API)'
2026-09-30 23:00:04.723 +03:00 [INF] Route matched with {action = "GetNotifications", controller = "Notifications"}. Executing controller action with signature System.Threading.Tasks.Task`1[Microsoft.AspNetCore.Mvc.IActionResult] GetNotifications(System.Nullable`1[System.Int32], System.String) on controller CMS.API.Controllers.NotificationsController (CMS.API).
2026-09-30 23:00:04.736 +03:00 [INF] Executing OkObjectResult, writing value of type 'CMS.Shared.DTOs.ApiResponse`1[[System.Collections.Generic.List`1[[CMS.Shared.DTOs.NotificationItemDto, CMS.Shared, Version=1.0.0.0, Culture=neutral, PublicKeyToken=null]], System.Private.CoreLib, Version=8.0.0.0, Culture=neutral, PublicKeyToken=7cec85d7bea7798e]]'.
2026-09-30 23:00:04.742 +03:00 [INF] Executed action CMS.API.Controllers.NotificationsController.GetNotifications (CMS.API) in 11.0762ms
2026-09-30 23:00:04.747 +03:00 [INF] Executed endpoint 'CMS.API.Controllers.NotificationsController.GetNotifications (CMS.API)'
2026-09-30 23:00:04.750 +03:00 [INF] Request finished HTTP/1.1 GET http://127.0.0.1:5010/api/v1/notifications - 200 null application/json; charset=utf-8 47.9897ms
2026-09-30 23:00:14.498 +03:00 [INF] Request starting HTTP/1.1 PUT http://127.0.0.1:5010/api/v1/patients/158633 - application/json 287
2026-09-30 23:00:14.511 +03:00 [INF] CORS policy execution successful.
2026-09-30 23:00:14.516 +03:00 [INF] Executing endpoint 'CMS.API.Controllers.PatientsController.Update (CMS.API)'
2026-09-30 23:00:14.536 +03:00 [INF] Route matched with {action = "Update", controller = "Patients"}. Executing controller action with signature System.Threading.Tasks.Task`1[Microsoft.AspNetCore.Mvc.IActionResult] Update(Int32, CMS.Shared.DTOs.CreatePatientDto) on controller CMS.API.Controllers.PatientsController (CMS.API).
2026-09-30 23:00:14.829 +03:00 [INF] Executing OkObjectResult, writing value of type 'CMS.Shared.DTOs.ApiResponse`1[[System.Object, System.Private.CoreLib, Version=8.0.0.0, Culture=neutral, PublicKeyToken=7cec85d7bea7798e]]'.
2026-09-30 23:00:14.845 +03:00 [INF] Executed action CMS.API.Controllers.PatientsController.Update (CMS.API) in 298.3032ms
2026-09-30 23:00:14.851 +03:00 [INF] Executed endpoint 'CMS.API.Controllers.PatientsController.Update (CMS.API)'
2026-09-30 23:00:14.855 +03:00 [INF] Request finished HTTP/1.1 PUT http://127.0.0.1:5010/api/v1/patients/158633 - 200 null application/json; charset=utf-8 357.7671ms
2026-09-30 23:00:14.865 +03:00 [INF] Request starting HTTP/1.1 GET http://127.0.0.1:5010/api/v1/patients/search?q= - application/json null
2026-09-30 23:00:14.878 +03:00 [INF] Executing endpoint 'CMS.API.Controllers.PatientsController.Search (CMS.API)'
2026-09-30 23:00:14.883 +03:00 [INF] Route matched with {action = "Search", controller = "Patients"}. Executing controller action with signature System.Threading.Tasks.Task`1[Microsoft.AspNetCore.Mvc.IActionResult] Search(System.String, Int32, Int32) on controller CMS.API.Controllers.PatientsController (CMS.API).
2026-09-30 23:00:14.893 +03:00 [INF] Executing OkObjectResult, writing value of type 'CMS.Shared.DTOs.ApiResponse`1[[System.Collections.Generic.List`1[[CMS.Shared.DTOs.PatientDto, CMS.Shared, Version=1.0.0.0, Culture=neutral, PublicKeyToken=null]], System.Private.CoreLib, Version=8.0.0.0, Culture=neutral, PublicKeyToken=7cec85d7bea7798e]]'.
2026-09-30 23:00:14.898 +03:00 [INF] Executed action CMS.API.Controllers.PatientsController.Search (CMS.API) in 8.0068ms
2026-09-30 23:00:14.904 +03:00 [INF] Executed endpoint 'CMS.API.Controllers.PatientsController.Search (CMS.API)'
2026-09-30 23:00:15.034 +03:00 [INF] Request finished HTTP/1.1 GET http://127.0.0.1:5010/api/v1/patients/search?q= - 200 null application/json; charset=utf-8 168.3375ms
2026-09-30 23:00:34.402 +03:00 [INF] Request starting HTTP/1.1 GET http://127.0.0.1:5010/api/v1/doctors - application/json null
2026-09-30 23:00:34.414 +03:00 [INF] Request finished HTTP/1.1 GET http://127.0.0.1:5010/api/v1/doctors - 404 0 null 12.0815ms
2026-09-30 23:00:34.424 +03:00 [INF] Request starting HTTP/1.1 GET http://127.0.0.1:5010/api/v1/doctors - application/json null
2026-09-30 23:00:34.434 +03:00 [INF] Request reached the end of the middleware pipeline without being handled by application code. Request path: GET http://127.0.0.1:5010/api/v1/doctors, Response status code: 404
2026-09-30 23:00:34.444 +03:00 [INF] Request finished HTTP/1.1 GET http://127.0.0.1:5010/api/v1/doctors - 404 0 null 19.6532ms
2026-09-30 23:00:34.460 +03:00 [INF] Request reached the end of the middleware pipeline without being handled by application code. Request path: GET http://127.0.0.1:5010/api/v1/doctors, Response status code: 404
2026-09-30 23:01:04.704 +03:00 [INF] Request starting HTTP/1.1 GET http://127.0.0.1:5010/api/v1/notifications - application/json null
2026-09-30 23:01:04.720 +03:00 [INF] Executing endpoint 'CMS.API.Controllers.NotificationsController.GetNotifications (CMS.API)'
2026-09-30 23:01:04.726 +03:00 [INF] Route matched with {action = "GetNotifications", controller = "Notifications"}. Executing controller action with signature System.Threading.Tasks.Task`1[Microsoft.AspNetCore.Mvc.IActionResult] GetNotifications(System.Nullable`1[System.Int32], System.String) on controller CMS.API.Controllers.NotificationsController (CMS.API).
2026-09-30 23:01:04.738 +03:00 [INF] Executing OkObjectResult, writing value of type 'CMS.Shared.DTOs.ApiResponse`1[[System.Collections.Generic.List`1[[CMS.Shared.DTOs.NotificationItemDto, CMS.Shared, Version=1.0.0.0, Culture=neutral, PublicKeyToken=null]], System.Private.CoreLib, Version=8.0.0.0, Culture=neutral, PublicKeyToken=7cec85d7bea7798e]]'.
2026-09-30 23:01:04.746 +03:00 [INF] Executed action CMS.API.Controllers.NotificationsController.GetNotifications (CMS.API) in 11.1733ms
2026-09-30 23:01:04.752 +03:00 [INF] Executed endpoint 'CMS.API.Controllers.NotificationsController.GetNotifications (CMS.API)'
2026-09-30 23:01:04.757 +03:00 [INF] Request finished HTTP/1.1 GET http://127.0.0.1:5010/api/v1/notifications - 200 null application/json; charset=utf-8 52.5272ms
2026-09-30 23:01:08.546 +03:00 [INF] Request starting HTTP/1.1 GET http://127.0.0.1:5010/api/v1/reports/sales?dateFrom=2026-09-30&dateTo=2026-09-30 - application/json null
2026-09-30 23:01:08.560 +03:00 [INF] Request finished HTTP/1.1 GET http://127.0.0.1:5010/api/v1/reports/sales?dateFrom=2026-09-30&dateTo=2026-09-30 - 404 0 null 13.2494ms
2026-09-30 23:01:08.572 +03:00 [INF] Request reached the end of the middleware pipeline without being handled by application code. Request path: GET http://127.0.0.1:5010/api/v1/reports/sales, Response status code: 404
2026-09-30 23:01:08.592 +03:00 [INF] Request starting HTTP/1.1 GET http://127.0.0.1:5010/api/v1/billing/invoices - application/json null
2026-09-30 23:01:08.601 +03:00 [INF] Executing endpoint 'CMS.API.Controllers.BillingController.GetInvoices (CMS.API)'
2026-09-30 23:01:08.613 +03:00 [INF] Route matched with {action = "GetInvoices", controller = "Billing"}. Executing controller action with signature System.Threading.Tasks.Task`1[Microsoft.AspNetCore.Mvc.IActionResult] GetInvoices(Int32, System.Nullable`1[System.Int32], System.Nullable`1[System.DateTime], System.Nullable`1[System.DateTime], System.Nullable`1[System.DateTime]) on controller CMS.API.Controllers.BillingController (CMS.API).
2026-09-30 23:01:08.865 +03:00 [INF] Executing OkObjectResult, writing value of type 'CMS.Shared.DTOs.ApiResponse`1[[System.Collections.Generic.List`1[[CMS.Shared.DTOs.InvoiceDto, CMS.Shared, Version=1.0.0.0, Culture=neutral, PublicKeyToken=null]], System.Private.CoreLib, Version=8.0.0.0, Culture=neutral, PublicKeyToken=7cec85d7bea7798e]]'.
2026-09-30 23:01:08.896 +03:00 [INF] Executed action CMS.API.Controllers.BillingController.GetInvoices (CMS.API) in 274.9657ms
2026-09-30 23:01:08.903 +03:00 [INF] Executed endpoint 'CMS.API.Controllers.BillingController.GetInvoices (CMS.API)'
2026-09-30 23:01:08.908 +03:00 [INF] Request finished HTTP/1.1 GET http://127.0.0.1:5010/api/v1/billing/invoices - 200 null application/json; charset=utf-8 316.1251ms
2026-09-30 23:01:18.096 +03:00 [INF] Request starting HTTP/1.1 GET http://127.0.0.1:5010/api/v1/reports/sales?dateFrom=2026-09-28&dateTo=2026-09-30 - application/json null
2026-09-30 23:01:18.114 +03:00 [INF] Request finished HTTP/1.1 GET http://127.0.0.1:5010/api/v1/reports/sales?dateFrom=2026-09-28&dateTo=2026-09-30 - 404 0 null 17.8432ms
2026-09-30 23:01:18.130 +03:00 [INF] Request reached the end of the middleware pipeline without being handled by application code. Request path: GET http://127.0.0.1:5010/api/v1/reports/sales, Response status code: 404
2026-09-30 23:01:18.131 +03:00 [INF] Request starting HTTP/1.1 GET http://127.0.0.1:5010/api/v1/billing/invoices - application/json null
2026-09-30 23:01:18.151 +03:00 [INF] Executing endpoint 'CMS.API.Controllers.BillingController.GetInvoices (CMS.API)'
2026-09-30 23:01:18.157 +03:00 [INF] Route matched with {action = "GetInvoices", controller = "Billing"}. Executing controller action with signature System.Threading.Tasks.Task`1[Microsoft.AspNetCore.Mvc.IActionResult] GetInvoices(Int32, System.Nullable`1[System.Int32], System.Nullable`1[System.DateTime], System.Nullable`1[System.DateTime], System.Nullable`1[System.DateTime]) on controller CMS.API.Controllers.BillingController (CMS.API).
2026-09-30 23:01:18.192 +03:00 [INF] Executing OkObjectResult, writing value of type 'CMS.Shared.DTOs.ApiResponse`1[[System.Collections.Generic.List`1[[CMS.Shared.DTOs.InvoiceDto, CMS.Shared, Version=1.0.0.0, Culture=neutral, PublicKeyToken=null]], System.Private.CoreLib, Version=8.0.0.0, Culture=neutral, PublicKeyToken=7cec85d7bea7798e]]'.
2026-09-30 23:01:18.203 +03:00 [INF] Executed action CMS.API.Controllers.BillingController.GetInvoices (CMS.API) in 37.1261ms
2026-09-30 23:01:18.212 +03:00 [INF] Executed endpoint 'CMS.API.Controllers.BillingController.GetInvoices (CMS.API)'
2026-09-30 23:01:18.216 +03:00 [INF] Request finished HTTP/1.1 GET http://127.0.0.1:5010/api/v1/billing/invoices - 200 null application/json; charset=utf-8 84.6022ms
2026-09-30 23:01:26.016 +03:00 [INF] Request starting HTTP/1.1 GET http://127.0.0.1:5010/api/v1/reports/sales?dateFrom=2026-09-01&dateTo=2026-09-30 - application/json null
2026-09-30 23:01:26.028 +03:00 [INF] Request finished HTTP/1.1 GET http://127.0.0.1:5010/api/v1/reports/sales?dateFrom=2026-09-01&dateTo=2026-09-30 - 404 0 null 11.3971ms
2026-09-30 23:01:26.041 +03:00 [INF] Request starting HTTP/1.1 GET http://127.0.0.1:5010/api/v1/billing/invoices - application/json null
2026-09-30 23:01:26.043 +03:00 [INF] Request reached the end of the middleware pipeline without being handled by application code. Request path: GET http://127.0.0.1:5010/api/v1/reports/sales, Response status code: 404
2026-09-30 23:01:26.056 +03:00 [INF] Executing endpoint 'CMS.API.Controllers.BillingController.GetInvoices (CMS.API)'
2026-09-30 23:01:26.067 +03:00 [INF] Route matched with {action = "GetInvoices", controller = "Billing"}. Executing controller action with signature System.Threading.Tasks.Task`1[Microsoft.AspNetCore.Mvc.IActionResult] GetInvoices(Int32, System.Nullable`1[System.Int32], System.Nullable`1[System.DateTime], System.Nullable`1[System.DateTime], System.Nullable`1[System.DateTime]) on controller CMS.API.Controllers.BillingController (CMS.API).
2026-09-30 23:01:26.107 +03:00 [INF] Executing OkObjectResult, writing value of type 'CMS.Shared.DTOs.ApiResponse`1[[System.Collections.Generic.List`1[[CMS.Shared.DTOs.InvoiceDto, CMS.Shared, Version=1.0.0.0, Culture=neutral, PublicKeyToken=null]], System.Private.CoreLib, Version=8.0.0.0, Culture=neutral, PublicKeyToken=7cec85d7bea7798e]]'.
2026-09-30 23:01:26.116 +03:00 [INF] Executed action CMS.API.Controllers.BillingController.GetInvoices (CMS.API) in 38.8623ms
2026-09-30 23:01:26.125 +03:00 [INF] Executed endpoint 'CMS.API.Controllers.BillingController.GetInvoices (CMS.API)'
2026-09-30 23:01:26.131 +03:00 [INF] Request finished HTTP/1.1 GET http://127.0.0.1:5010/api/v1/billing/invoices - 200 null application/json; charset=utf-8 90.2966ms
2026-09-30 23:02:05.589 +03:00 [INF] Request starting HTTP/1.1 GET http://127.0.0.1:5010/api/v1/notifications - application/json null
2026-09-30 23:02:05.606 +03:00 [INF] Executing endpoint 'CMS.API.Controllers.NotificationsController.GetNotifications (CMS.API)'
2026-09-30 23:02:05.611 +03:00 [INF] Route matched with {action = "GetNotifications", controller = "Notifications"}. Executing controller action with signature System.Threading.Tasks.Task`1[Microsoft.AspNetCore.Mvc.IActionResult] GetNotifications(System.Nullable`1[System.Int32], System.String) on controller CMS.API.Controllers.NotificationsController (CMS.API).
2026-09-30 23:02:05.624 +03:00 [INF] Executing OkObjectResult, writing value of type 'CMS.Shared.DTOs.ApiResponse`1[[System.Collections.Generic.List`1[[CMS.Shared.DTOs.NotificationItemDto, CMS.Shared, Version=1.0.0.0, Culture=neutral, PublicKeyToken=null]], System.Private.CoreLib, Version=8.0.0.0, Culture=neutral, PublicKeyToken=7cec85d7bea7798e]]'.
2026-09-30 23:02:05.631 +03:00 [INF] Executed action CMS.API.Controllers.NotificationsController.GetNotifications (CMS.API) in 10.8826ms
2026-09-30 23:02:05.639 +03:00 [INF] Executed endpoint 'CMS.API.Controllers.NotificationsController.GetNotifications (CMS.API)'
2026-09-30 23:02:05.644 +03:00 [INF] Request finished HTTP/1.1 GET http://127.0.0.1:5010/api/v1/notifications - 200 null application/json; charset=utf-8 55.7779ms
2026-09-30 23:03:04.701 +03:00 [INF] Request starting HTTP/1.1 GET http://127.0.0.1:5010/api/v1/notifications - application/json null
2026-09-30 23:03:04.712 +03:00 [INF] Executing endpoint 'CMS.API.Controllers.NotificationsController.GetNotifications (CMS.API)'
2026-09-30 23:03:04.717 +03:00 [INF] Route matched with {action = "GetNotifications", controller = "Notifications"}. Executing controller action with signature System.Threading.Tasks.Task`1[Microsoft.AspNetCore.Mvc.IActionResult] GetNotifications(System.Nullable`1[System.Int32], System.String) on controller CMS.API.Controllers.NotificationsController (CMS.API).
2026-09-30 23:03:04.727 +03:00 [INF] Executing OkObjectResult, writing value of type 'CMS.Shared.DTOs.ApiResponse`1[[System.Collections.Generic.List`1[[CMS.Shared.DTOs.NotificationItemDto, CMS.Shared, Version=1.0.0.0, Culture=neutral, PublicKeyToken=null]], System.Private.CoreLib, Version=8.0.0.0, Culture=neutral, PublicKeyToken=7cec85d7bea7798e]]'.
2026-09-30 23:03:04.734 +03:00 [INF] Executed action CMS.API.Controllers.NotificationsController.GetNotifications (CMS.API) in 8.8408ms
2026-09-30 23:03:04.740 +03:00 [INF] Executed endpoint 'CMS.API.Controllers.NotificationsController.GetNotifications (CMS.API)'
2026-09-30 23:03:04.745 +03:00 [INF] Request finished HTTP/1.1 GET http://127.0.0.1:5010/api/v1/notifications - 200 null application/json; charset=utf-8 44.1392ms
2026-09-30 23:03:23.268 +03:00 [INF] Request starting HTTP/1.1 GET http://127.0.0.1:5010/api/v1/billing/invoices?limit=1000&fromDate=2026-09-30&toDate=2026-09-30 - application/json null
2026-09-30 23:03:23.268 +03:00 [INF] Request starting HTTP/1.1 GET http://127.0.0.1:5010/api/v1/billing/stats?fromDate=2026-09-30&toDate=2026-09-30 - application/json null
2026-09-30 23:03:23.278 +03:00 [INF] Executing endpoint 'CMS.API.Controllers.BillingController.GetInvoices (CMS.API)'
2026-09-30 23:03:23.283 +03:00 [INF] Request starting HTTP/1.1 GET http://127.0.0.1:5010/api/v1/settings - application/json null
2026-09-30 23:03:23.284 +03:00 [INF] Request starting HTTP/1.1 GET http://127.0.0.1:5010/api/v1/billing/insurance/claims - application/json null
2026-09-30 23:03:23.286 +03:00 [INF] Request starting HTTP/1.1 GET http://127.0.0.1:5010/api/v1/patients/search - application/json null
2026-09-30 23:03:23.288 +03:00 [INF] Request starting HTTP/1.1 GET http://127.0.0.1:5010/api/v1/billing/insurance/providers - application/json null
2026-09-30 23:03:23.295 +03:00 [INF] Executing endpoint 'CMS.API.Controllers.BillingController.GetBillingStats (CMS.API)'
2026-09-30 23:03:23.301 +03:00 [INF] Route matched with {action = "GetInvoices", controller = "Billing"}. Executing controller action with signature System.Threading.Tasks.Task`1[Microsoft.AspNetCore.Mvc.IActionResult] GetInvoices(Int32, System.Nullable`1[System.Int32], System.Nullable`1[System.DateTime], System.Nullable`1[System.DateTime], System.Nullable`1[System.DateTime]) on controller CMS.API.Controllers.BillingController (CMS.API).
2026-09-30 23:03:23.318 +03:00 [INF] Executing endpoint 'CMS.API.Controllers.SettingsController.GetSettings (CMS.API)'
2026-09-30 23:03:23.328 +03:00 [INF] Executing endpoint 'CMS.API.Controllers.BillingController.GetInsuranceClaims (CMS.API)'
2026-09-30 23:03:23.343 +03:00 [INF] Executing endpoint 'CMS.API.Controllers.PatientsController.Search (CMS.API)'
2026-09-30 23:03:23.359 +03:00 [INF] Executing endpoint 'CMS.API.Controllers.BillingController.GetInsuranceProviders (CMS.API)'
2026-09-30 23:03:23.372 +03:00 [INF] Route matched with {action = "GetBillingStats", controller = "Billing"}. Executing controller action with signature System.Threading.Tasks.Task`1[Microsoft.AspNetCore.Mvc.IActionResult] GetBillingStats(System.Nullable`1[System.DateTime], System.Nullable`1[System.DateTime]) on controller CMS.API.Controllers.BillingController (CMS.API).
2026-09-30 23:03:23.380 +03:00 [INF] Route matched with {action = "GetSettings", controller = "Settings"}. Executing controller action with signature System.Threading.Tasks.Task`1[Microsoft.AspNetCore.Mvc.IActionResult] GetSettings() on controller CMS.API.Controllers.SettingsController (CMS.API).
2026-09-30 23:03:23.392 +03:00 [INF] Route matched with {action = "Search", controller = "Patients"}. Executing controller action with signature System.Threading.Tasks.Task`1[Microsoft.AspNetCore.Mvc.IActionResult] Search(System.String, Int32, Int32) on controller CMS.API.Controllers.PatientsController (CMS.API).
2026-09-30 23:03:23.398 +03:00 [INF] Route matched with {action = "GetInsuranceClaims", controller = "Billing"}. Executing controller action with signature System.Threading.Tasks.Task`1[Microsoft.AspNetCore.Mvc.IActionResult] GetInsuranceClaims() on controller CMS.API.Controllers.BillingController (CMS.API).
2026-09-30 23:03:23.412 +03:00 [INF] Route matched with {action = "GetInsuranceProviders", controller = "Billing"}. Executing controller action with signature System.Threading.Tasks.Task`1[Microsoft.AspNetCore.Mvc.IActionResult] GetInsuranceProviders() on controller CMS.API.Controllers.BillingController (CMS.API).
2026-09-30 23:03:23.422 +03:00 [INF] Executing OkObjectResult, writing value of type 'CMS.Shared.DTOs.ApiResponse`1[[System.Collections.Generic.List`1[[CMS.Shared.DTOs.ClinicSettingDto, CMS.Shared, Version=1.0.0.0, Culture=neutral, PublicKeyToken=null]], System.Private.CoreLib, Version=8.0.0.0, Culture=neutral, PublicKeyToken=7cec85d7bea7798e]]'.
2026-09-30 23:03:23.435 +03:00 [INF] Executing OkObjectResult, writing value of type 'CMS.Shared.DTOs.ApiResponse`1[[System.Collections.Generic.List`1[[CMS.Shared.DTOs.PatientDto, CMS.Shared, Version=1.0.0.0, Culture=neutral, PublicKeyToken=null]], System.Private.CoreLib, Version=8.0.0.0, Culture=neutral, PublicKeyToken=7cec85d7bea7798e]]'.
2026-09-30 23:03:23.456 +03:00 [INF] Executing OkObjectResult, writing value of type 'CMS.Shared.DTOs.ApiResponse`1[[System.Collections.Generic.List`1[[CMS.Shared.DTOs.InvoiceDto, CMS.Shared, Version=1.0.0.0, Culture=neutral, PublicKeyToken=null]], System.Private.CoreLib, Version=8.0.0.0, Culture=neutral, PublicKeyToken=7cec85d7bea7798e]]'.
2026-09-30 23:03:23.469 +03:00 [INF] Executing OkObjectResult, writing value of type 'CMS.Shared.DTOs.ApiResponse`1[[CMS.Shared.DTOs.BillingStatsDto, CMS.Shared, Version=1.0.0.0, Culture=neutral, PublicKeyToken=null]]'.
2026-09-30 23:03:23.491 +03:00 [INF] Executing OkObjectResult, writing value of type 'CMS.Shared.DTOs.ApiResponse`1[[System.Collections.Generic.List`1[[CMS.Shared.DTOs.InsuranceClaimDto, CMS.Shared, Version=1.0.0.0, Culture=neutral, PublicKeyToken=null]], System.Private.CoreLib, Version=8.0.0.0, Culture=neutral, PublicKeyToken=7cec85d7bea7798e]]'.
2026-09-30 23:03:23.479 +03:00 [INF] Executed action CMS.API.Controllers.PatientsController.Search (CMS.API) in 49.478ms
2026-09-30 23:03:23.481 +03:00 [INF] Executing OkObjectResult, writing value of type 'CMS.Shared.DTOs.ApiResponse`1[[System.Collections.Generic.List`1[[CMS.Shared.DTOs.InsuranceProviderDto, CMS.Shared, Version=1.0.0.0, Culture=neutral, PublicKeyToken=null]], System.Private.CoreLib, Version=8.0.0.0, Culture=neutral, PublicKeyToken=7cec85d7bea7798e]]'.
2026-09-30 23:03:23.485 +03:00 [INF] Executed action CMS.API.Controllers.BillingController.GetInvoices (CMS.API) in 110.9977ms
2026-09-30 23:03:23.474 +03:00 [INF] Executed action CMS.API.Controllers.SettingsController.GetSettings (CMS.API) in 53.8604ms
2026-09-30 23:03:23.516 +03:00 [INF] Executed endpoint 'CMS.API.Controllers.SettingsController.GetSettings (CMS.API)'
2026-09-30 23:03:23.501 +03:00 [INF] Executed action CMS.API.Controllers.BillingController.GetInsuranceClaims (CMS.API) in 51.4532ms
2026-09-30 23:03:23.503 +03:00 [INF] Executed endpoint 'CMS.API.Controllers.PatientsController.Search (CMS.API)'
2026-09-30 23:03:23.511 +03:00 [INF] Executed endpoint 'CMS.API.Controllers.BillingController.GetInvoices (CMS.API)'
2026-09-30 23:03:23.514 +03:00 [INF] Executed action CMS.API.Controllers.BillingController.GetInsuranceProviders (CMS.API) in 46.3316ms
2026-09-30 23:03:23.523 +03:00 [INF] Request finished HTTP/1.1 GET http://127.0.0.1:5010/api/v1/settings - 200 null application/json; charset=utf-8 240.0316ms
2026-09-30 23:03:23.528 +03:00 [INF] Executed endpoint 'CMS.API.Controllers.BillingController.GetInsuranceClaims (CMS.API)'
2026-09-30 23:03:23.498 +03:00 [INF] Executed action CMS.API.Controllers.BillingController.GetBillingStats (CMS.API) in 85.4109ms
2026-09-30 23:03:23.530 +03:00 [INF] Request starting HTTP/1.1 GET http://127.0.0.1:5010/api/v1/settings - application/json null
2026-09-30 23:03:23.533 +03:00 [INF] Request finished HTTP/1.1 GET http://127.0.0.1:5010/api/v1/patients/search - 200 null application/json; charset=utf-8 246.6498ms
2026-09-30 23:03:23.536 +03:00 [INF] Request finished HTTP/1.1 GET http://127.0.0.1:5010/api/v1/billing/invoices?limit=1000&fromDate=2026-09-30&toDate=2026-09-30 - 200 null application/json; charset=utf-8 268.6083ms
2026-09-30 23:03:23.540 +03:00 [INF] Request starting HTTP/1.1 GET http://127.0.0.1:5010/api/v1/patients/search - application/json null
2026-09-30 23:03:23.541 +03:00 [INF] Executed endpoint 'CMS.API.Controllers.BillingController.GetInsuranceProviders (CMS.API)'
2026-09-30 23:03:23.555 +03:00 [INF] Request finished HTTP/1.1 GET http://127.0.0.1:5010/api/v1/billing/insurance/claims - 200 null application/json; charset=utf-8 271.403ms
2026-09-30 23:03:23.560 +03:00 [INF] Executed endpoint 'CMS.API.Controllers.BillingController.GetBillingStats (CMS.API)'
2026-09-30 23:03:23.545 +03:00 [INF] Request starting HTTP/1.1 GET http://127.0.0.1:5010/api/v1/billing/invoices?limit=1000&fromDate=2026-09-30&toDate=2026-09-30 - application/json null
2026-09-30 23:03:23.573 +03:00 [INF] Executing endpoint 'CMS.API.Controllers.SettingsController.GetSettings (CMS.API)'
2026-09-30 23:03:23.744 +03:00 [INF] Executing endpoint 'CMS.API.Controllers.PatientsController.Search (CMS.API)'
2026-09-30 23:03:23.747 +03:00 [INF] Request finished HTTP/1.1 GET http://127.0.0.1:5010/api/v1/billing/insurance/providers - 200 null application/json; charset=utf-8 459.1698ms
2026-09-30 23:03:23.563 +03:00 [INF] Request starting HTTP/1.1 GET http://127.0.0.1:5010/api/v1/billing/stats?fromDate=2026-09-30&toDate=2026-09-30 - application/json null
2026-09-30 23:03:23.755 +03:00 [INF] Request starting HTTP/1.1 GET http://127.0.0.1:5010/api/v1/billing/insurance/claims - application/json null
2026-09-30 23:03:23.763 +03:00 [INF] Request finished HTTP/1.1 GET http://127.0.0.1:5010/api/v1/billing/stats?fromDate=2026-09-30&toDate=2026-09-30 - 200 null application/json; charset=utf-8 494.6381ms
2026-09-30 23:03:23.771 +03:00 [INF] Request starting HTTP/1.1 GET http://127.0.0.1:5010/api/v1/billing/insurance/providers - application/json null
2026-09-30 23:03:23.773 +03:00 [INF] Executing endpoint 'CMS.API.Controllers.BillingController.GetInvoices (CMS.API)'
2026-09-30 23:03:23.776 +03:00 [INF] Route matched with {action = "GetSettings", controller = "Settings"}. Executing controller action with signature System.Threading.Tasks.Task`1[Microsoft.AspNetCore.Mvc.IActionResult] GetSettings() on controller CMS.API.Controllers.SettingsController (CMS.API).
2026-09-30 23:03:23.779 +03:00 [INF] Route matched with {action = "Search", controller = "Patients"}. Executing controller action with signature System.Threading.Tasks.Task`1[Microsoft.AspNetCore.Mvc.IActionResult] Search(System.String, Int32, Int32) on controller CMS.API.Controllers.PatientsController (CMS.API).
2026-09-30 23:03:23.799 +03:00 [INF] Executing endpoint 'CMS.API.Controllers.BillingController.GetBillingStats (CMS.API)'
2026-09-30 23:03:23.807 +03:00 [INF] Executing endpoint 'CMS.API.Controllers.BillingController.GetInsuranceClaims (CMS.API)'
2026-09-30 23:03:23.825 +03:00 [INF] Executing endpoint 'CMS.API.Controllers.BillingController.GetInsuranceProviders (CMS.API)'
2026-09-30 23:03:23.828 +03:00 [INF] Route matched with {action = "GetInvoices", controller = "Billing"}. Executing controller action with signature System.Threading.Tasks.Task`1[Microsoft.AspNetCore.Mvc.IActionResult] GetInvoices(Int32, System.Nullable`1[System.Int32], System.Nullable`1[System.DateTime], System.Nullable`1[System.DateTime], System.Nullable`1[System.DateTime]) on controller CMS.API.Controllers.BillingController (CMS.API).
2026-09-30 23:03:23.836 +03:00 [INF] Executing OkObjectResult, writing value of type 'CMS.Shared.DTOs.ApiResponse`1[[System.Collections.Generic.List`1[[CMS.Shared.DTOs.ClinicSettingDto, CMS.Shared, Version=1.0.0.0, Culture=neutral, PublicKeyToken=null]], System.Private.CoreLib, Version=8.0.0.0, Culture=neutral, PublicKeyToken=7cec85d7bea7798e]]'.
2026-09-30 23:03:23.841 +03:00 [INF] Executing OkObjectResult, writing value of type 'CMS.Shared.DTOs.ApiResponse`1[[System.Collections.Generic.List`1[[CMS.Shared.DTOs.PatientDto, CMS.Shared, Version=1.0.0.0, Culture=neutral, PublicKeyToken=null]], System.Private.CoreLib, Version=8.0.0.0, Culture=neutral, PublicKeyToken=7cec85d7bea7798e]]'.
2026-09-30 23:03:23.845 +03:00 [INF] Route matched with {action = "GetBillingStats", controller = "Billing"}. Executing controller action with signature System.Threading.Tasks.Task`1[Microsoft.AspNetCore.Mvc.IActionResult] GetBillingStats(System.Nullable`1[System.DateTime], System.Nullable`1[System.DateTime]) on controller CMS.API.Controllers.BillingController (CMS.API).
2026-09-30 23:03:23.849 +03:00 [INF] Route matched with {action = "GetInsuranceClaims", controller = "Billing"}. Executing controller action with signature System.Threading.Tasks.Task`1[Microsoft.AspNetCore.Mvc.IActionResult] GetInsuranceClaims() on controller CMS.API.Controllers.BillingController (CMS.API).
2026-09-30 23:03:23.852 +03:00 [INF] Route matched with {action = "GetInsuranceProviders", controller = "Billing"}. Executing controller action with signature System.Threading.Tasks.Task`1[Microsoft.AspNetCore.Mvc.IActionResult] GetInsuranceProviders() on controller CMS.API.Controllers.BillingController (CMS.API).
2026-09-30 23:03:23.865 +03:00 [INF] Executed action CMS.API.Controllers.SettingsController.GetSettings (CMS.API) in 30.7373ms
2026-09-30 23:03:23.871 +03:00 [INF] Executed action CMS.API.Controllers.PatientsController.Search (CMS.API) in 30.1252ms
2026-09-30 23:03:23.871 +03:00 [INF] Executing OkObjectResult, writing value of type 'CMS.Shared.DTOs.ApiResponse`1[[System.Collections.Generic.List`1[[CMS.Shared.DTOs.InvoiceDto, CMS.Shared, Version=1.0.0.0, Culture=neutral, PublicKeyToken=null]], System.Private.CoreLib, Version=8.0.0.0, Culture=neutral, PublicKeyToken=7cec85d7bea7798e]]'.
2026-09-30 23:03:23.897 +03:00 [INF] Executing OkObjectResult, writing value of type 'CMS.Shared.DTOs.ApiResponse`1[[CMS.Shared.DTOs.BillingStatsDto, CMS.Shared, Version=1.0.0.0, Culture=neutral, PublicKeyToken=null]]'.
2026-09-30 23:03:23.902 +03:00 [INF] Executing OkObjectResult, writing value of type 'CMS.Shared.DTOs.ApiResponse`1[[System.Collections.Generic.List`1[[CMS.Shared.DTOs.InsuranceClaimDto, CMS.Shared, Version=1.0.0.0, Culture=neutral, PublicKeyToken=null]], System.Private.CoreLib, Version=8.0.0.0, Culture=neutral, PublicKeyToken=7cec85d7bea7798e]]'.
2026-09-30 23:03:23.903 +03:00 [INF] Executing OkObjectResult, writing value of type 'CMS.Shared.DTOs.ApiResponse`1[[System.Collections.Generic.List`1[[CMS.Shared.DTOs.InsuranceProviderDto, CMS.Shared, Version=1.0.0.0, Culture=neutral, PublicKeyToken=null]], System.Private.CoreLib, Version=8.0.0.0, Culture=neutral, PublicKeyToken=7cec85d7bea7798e]]'.
2026-09-30 23:03:23.907 +03:00 [INF] Executed endpoint 'CMS.API.Controllers.SettingsController.GetSettings (CMS.API)'
2026-09-30 23:03:23.913 +03:00 [INF] Executed endpoint 'CMS.API.Controllers.PatientsController.Search (CMS.API)'
2026-09-30 23:03:23.918 +03:00 [INF] Executed action CMS.API.Controllers.BillingController.GetInvoices (CMS.API) in 58.7433ms
2026-09-30 23:03:23.923 +03:00 [INF] Executed action CMS.API.Controllers.BillingController.GetBillingStats (CMS.API) in 40.9991ms
2026-09-30 23:03:23.928 +03:00 [INF] Executed action CMS.API.Controllers.BillingController.GetInsuranceClaims (CMS.API) in 37.4913ms
2026-09-30 23:03:23.933 +03:00 [INF] Executed action CMS.API.Controllers.BillingController.GetInsuranceProviders (CMS.API) in 32.852ms
2026-09-30 23:03:23.937 +03:00 [INF] Request finished HTTP/1.1 GET http://127.0.0.1:5010/api/v1/settings - 200 null application/json; charset=utf-8 407.0427ms
2026-09-30 23:03:23.941 +03:00 [INF] Request finished HTTP/1.1 GET http://127.0.0.1:5010/api/v1/patients/search - 200 null application/json; charset=utf-8 400.8002ms
2026-09-30 23:03:23.945 +03:00 [INF] Executed endpoint 'CMS.API.Controllers.BillingController.GetInvoices (CMS.API)'
2026-09-30 23:03:23.950 +03:00 [INF] Executed endpoint 'CMS.API.Controllers.BillingController.GetBillingStats (CMS.API)'
2026-09-30 23:03:23.955 +03:00 [INF] Executed endpoint 'CMS.API.Controllers.BillingController.GetInsuranceClaims (CMS.API)'
2026-09-30 23:03:23.960 +03:00 [INF] Executed endpoint 'CMS.API.Controllers.BillingController.GetInsuranceProviders (CMS.API)'
2026-09-30 23:03:23.984 +03:00 [INF] Request finished HTTP/1.1 GET http://127.0.0.1:5010/api/v1/billing/invoices?limit=1000&fromDate=2026-09-30&toDate=2026-09-30 - 200 null application/json; charset=utf-8 439.2467ms
2026-09-30 23:03:23.988 +03:00 [INF] Request finished HTTP/1.1 GET http://127.0.0.1:5010/api/v1/billing/stats?fromDate=2026-09-30&toDate=2026-09-30 - 200 null application/json; charset=utf-8 424.4951ms
2026-09-30 23:03:23.992 +03:00 [INF] Request finished HTTP/1.1 GET http://127.0.0.1:5010/api/v1/billing/insurance/claims - 200 null application/json; charset=utf-8 236.4544ms
2026-09-30 23:03:23.996 +03:00 [INF] Request finished HTTP/1.1 GET http://127.0.0.1:5010/api/v1/billing/insurance/providers - 200 null application/json; charset=utf-8 224.4812ms
2026-09-30 23:03:27.181 +03:00 [INF] Request starting HTTP/1.1 GET http://127.0.0.1:5010/api/v1/doctors - application/json null
2026-09-30 23:03:27.207 +03:00 [INF] Request finished HTTP/1.1 GET http://127.0.0.1:5010/api/v1/doctors - 404 0 null 26.0881ms
2026-09-30 23:03:27.215 +03:00 [INF] Request starting HTTP/1.1 GET http://127.0.0.1:5010/api/v1/doctors - application/json null
2026-09-30 23:03:27.219 +03:00 [INF] Request reached the end of the middleware pipeline without being handled by application code. Request path: GET http://127.0.0.1:5010/api/v1/doctors, Response status code: 404
2026-09-30 23:03:27.229 +03:00 [INF] Request finished HTTP/1.1 GET http://127.0.0.1:5010/api/v1/doctors - 404 0 null 13.789ms
2026-09-30 23:03:27.249 +03:00 [INF] Request reached the end of the middleware pipeline without being handled by application code. Request path: GET http://127.0.0.1:5010/api/v1/doctors, Response status code: 404
2026-09-30 23:04:05.585 +03:00 [INF] Request starting HTTP/1.1 GET http://127.0.0.1:5010/api/v1/notifications - application/json null
2026-09-30 23:04:05.598 +03:00 [INF] Executing endpoint 'CMS.API.Controllers.NotificationsController.GetNotifications (CMS.API)'
2026-09-30 23:04:05.604 +03:00 [INF] Route matched with {action = "GetNotifications", controller = "Notifications"}. Executing controller action with signature System.Threading.Tasks.Task`1[Microsoft.AspNetCore.Mvc.IActionResult] GetNotifications(System.Nullable`1[System.Int32], System.String) on controller CMS.API.Controllers.NotificationsController (CMS.API).
2026-09-30 23:04:05.614 +03:00 [INF] Executing OkObjectResult, writing value of type 'CMS.Shared.DTOs.ApiResponse`1[[System.Collections.Generic.List`1[[CMS.Shared.DTOs.NotificationItemDto, CMS.Shared, Version=1.0.0.0, Culture=neutral, PublicKeyToken=null]], System.Private.CoreLib, Version=8.0.0.0, Culture=neutral, PublicKeyToken=7cec85d7bea7798e]]'.
2026-09-30 23:04:05.621 +03:00 [INF] Executed action CMS.API.Controllers.NotificationsController.GetNotifications (CMS.API) in 9.646ms
2026-09-30 23:04:05.626 +03:00 [INF] Executed endpoint 'CMS.API.Controllers.NotificationsController.GetNotifications (CMS.API)'
2026-09-30 23:04:05.631 +03:00 [INF] Request finished HTTP/1.1 GET http://127.0.0.1:5010/api/v1/notifications - 200 null application/json; charset=utf-8 45.8205ms
2026-09-30 23:04:25.440 +03:00 [INF] Request starting HTTP/1.1 GET http://127.0.0.1:5010/api/v1/laboratory/worklist?date=2026-09-30 - application/json null
2026-09-30 23:04:25.441 +03:00 [INF] Request starting HTTP/1.1 GET http://127.0.0.1:5010/api/v1/laboratory/catalog - application/json null
2026-09-30 23:04:25.450 +03:00 [INF] Executing endpoint 'CMS.API.Controllers.LaboratoryController.GetWorklist (CMS.API)'
2026-09-30 23:04:25.463 +03:00 [INF] Executing endpoint 'CMS.API.Controllers.LaboratoryController.GetCatalog (CMS.API)'
2026-09-30 23:04:25.471 +03:00 [INF] Route matched with {action = "GetWorklist", controller = "Laboratory"}. Executing controller action with signature System.Threading.Tasks.Task`1[Microsoft.AspNetCore.Mvc.IActionResult] GetWorklist(System.Nullable`1[System.DateTime], System.Nullable`1[System.Byte]) on controller CMS.API.Controllers.LaboratoryController (CMS.API).
2026-09-30 23:04:25.475 +03:00 [INF] Route matched with {action = "GetCatalog", controller = "Laboratory"}. Executing controller action with signature System.Threading.Tasks.Task`1[Microsoft.AspNetCore.Mvc.IActionResult] GetCatalog() on controller CMS.API.Controllers.LaboratoryController (CMS.API).
2026-09-30 23:04:25.503 +03:00 [INF] Executing OkObjectResult, writing value of type 'CMS.Shared.DTOs.ApiResponse`1[[System.Collections.Generic.List`1[[CMS.Shared.DTOs.LabTestCatalogDto, CMS.Shared, Version=1.0.0.0, Culture=neutral, PublicKeyToken=null]], System.Private.CoreLib, Version=8.0.0.0, Culture=neutral, PublicKeyToken=7cec85d7bea7798e]]'.
2026-09-30 23:04:25.525 +03:00 [INF] Executed action CMS.API.Controllers.LaboratoryController.GetCatalog (CMS.API) in 39.0287ms
2026-09-30 23:04:25.531 +03:00 [INF] Executed endpoint 'CMS.API.Controllers.LaboratoryController.GetCatalog (CMS.API)'
2026-09-30 23:04:25.535 +03:00 [INF] Request finished HTTP/1.1 GET http://127.0.0.1:5010/api/v1/laboratory/catalog - 200 null application/json; charset=utf-8 94.9126ms
2026-09-30 23:04:25.538 +03:00 [INF] Request starting HTTP/1.1 GET http://127.0.0.1:5010/api/v1/laboratory/catalog - application/json null
2026-09-30 23:04:25.556 +03:00 [INF] Executing endpoint 'CMS.API.Controllers.LaboratoryController.GetCatalog (CMS.API)'
2026-09-30 23:04:25.561 +03:00 [INF] Route matched with {action = "GetCatalog", controller = "Laboratory"}. Executing controller action with signature System.Threading.Tasks.Task`1[Microsoft.AspNetCore.Mvc.IActionResult] GetCatalog() on controller CMS.API.Controllers.LaboratoryController (CMS.API).
2026-09-30 23:04:25.572 +03:00 [INF] Executing OkObjectResult, writing value of type 'CMS.Shared.DTOs.ApiResponse`1[[System.Collections.Generic.List`1[[CMS.Shared.DTOs.LabTestCatalogDto, CMS.Shared, Version=1.0.0.0, Culture=neutral, PublicKeyToken=null]], System.Private.CoreLib, Version=8.0.0.0, Culture=neutral, PublicKeyToken=7cec85d7bea7798e]]'.
2026-09-30 23:04:25.577 +03:00 [INF] Executed action CMS.API.Controllers.LaboratoryController.GetCatalog (CMS.API) in 8.8472ms
2026-09-30 23:04:25.579 +03:00 [INF] Executing OkObjectResult, writing value of type 'CMS.Shared.DTOs.ApiResponse`1[[System.Object, System.Private.CoreLib, Version=8.0.0.0, Culture=neutral, PublicKeyToken=7cec85d7bea7798e]]'.
2026-09-30 23:04:25.582 +03:00 [INF] Executed endpoint 'CMS.API.Controllers.LaboratoryController.GetCatalog (CMS.API)'
2026-09-30 23:04:25.587 +03:00 [INF] Executed action CMS.API.Controllers.LaboratoryController.GetWorklist (CMS.API) in 108.6399ms
2026-09-30 23:04:25.592 +03:00 [INF] Request finished HTTP/1.1 GET http://127.0.0.1:5010/api/v1/laboratory/catalog - 200 null application/json; charset=utf-8 53.9274ms
2026-09-30 23:04:25.595 +03:00 [INF] Request starting HTTP/1.1 GET http://127.0.0.1:5010/api/v1/laboratory/worklist?date=2026-09-30 - application/json null
2026-09-30 23:04:25.598 +03:00 [INF] Executed endpoint 'CMS.API.Controllers.LaboratoryController.GetWorklist (CMS.API)'
2026-09-30 23:04:25.617 +03:00 [INF] Executing endpoint 'CMS.API.Controllers.LaboratoryController.GetWorklist (CMS.API)'
2026-09-30 23:04:25.624 +03:00 [INF] Request finished HTTP/1.1 GET http://127.0.0.1:5010/api/v1/laboratory/worklist?date=2026-09-30 - 200 null application/json; charset=utf-8 184.3016ms
2026-09-30 23:04:25.637 +03:00 [INF] Route matched with {action = "GetWorklist", controller = "Laboratory"}. Executing controller action with signature System.Threading.Tasks.Task`1[Microsoft.AspNetCore.Mvc.IActionResult] GetWorklist(System.Nullable`1[System.DateTime], System.Nullable`1[System.Byte]) on controller CMS.API.Controllers.LaboratoryController (CMS.API).
2026-09-30 23:04:25.661 +03:00 [INF] Executing OkObjectResult, writing value of type 'CMS.Shared.DTOs.ApiResponse`1[[System.Object, System.Private.CoreLib, Version=8.0.0.0, Culture=neutral, PublicKeyToken=7cec85d7bea7798e]]'.
2026-09-30 23:04:25.666 +03:00 [INF] Executed action CMS.API.Controllers.LaboratoryController.GetWorklist (CMS.API) in 12.921ms
2026-09-30 23:04:25.672 +03:00 [INF] Executed endpoint 'CMS.API.Controllers.LaboratoryController.GetWorklist (CMS.API)'
2026-09-30 23:04:25.676 +03:00 [INF] Request finished HTTP/1.1 GET http://127.0.0.1:5010/api/v1/laboratory/worklist?date=2026-09-30 - 200 null application/json; charset=utf-8 80.5347ms
2026-09-30 23:04:30.391 +03:00 [INF] Request starting HTTP/1.1 GET http://127.0.0.1:5010/api/v1/integrations - application/json null
2026-09-30 23:04:30.395 +03:00 [INF] Request starting HTTP/1.1 GET http://127.0.0.1:5010/api/v1/sms/logs - application/json null
2026-09-30 23:04:30.402 +03:00 [INF] Executing endpoint 'CMS.API.Controllers.IntegrationsController.GetIntegrations (CMS.API)'
2026-09-30 23:04:30.411 +03:00 [INF] Executing endpoint 'CMS.API.Controllers.SmsController.GetSmsLogs (CMS.API)'
2026-09-30 23:04:30.423 +03:00 [INF] Route matched with {action = "GetIntegrations", controller = "Integrations"}. Executing controller action with signature System.Threading.Tasks.Task`1[Microsoft.AspNetCore.Mvc.IActionResult] GetIntegrations() on controller CMS.API.Controllers.IntegrationsController (CMS.API).
2026-09-30 23:04:30.428 +03:00 [INF] Route matched with {action = "GetSmsLogs", controller = "Sms"}. Executing controller action with signature System.Threading.Tasks.Task`1[Microsoft.AspNetCore.Mvc.IActionResult] GetSmsLogs(Int32) on controller CMS.API.Controllers.SmsController (CMS.API).
2026-09-30 23:04:30.451 +03:00 [INF] Executing OkObjectResult, writing value of type 'CMS.Shared.DTOs.ApiResponse`1[[System.Collections.Generic.List`1[[CMS.Shared.DTOs.IntegrationConfigDto, CMS.Shared, Version=1.0.0.0, Culture=neutral, PublicKeyToken=null]], System.Private.CoreLib, Version=8.0.0.0, Culture=neutral, PublicKeyToken=7cec85d7bea7798e]]'.
2026-09-30 23:04:30.462 +03:00 [INF] Executing OkObjectResult, writing value of type 'CMS.Shared.DTOs.ApiResponse`1[[System.Collections.Generic.List`1[[CMS.Shared.DTOs.SmsLogItemDto, CMS.Shared, Version=1.0.0.0, Culture=neutral, PublicKeyToken=null]], System.Private.CoreLib, Version=8.0.0.0, Culture=neutral, PublicKeyToken=7cec85d7bea7798e]]'.
2026-09-30 23:04:30.464 +03:00 [INF] Executed action CMS.API.Controllers.IntegrationsController.GetIntegrations (CMS.API) in 32.7621ms
2026-09-30 23:04:30.471 +03:00 [INF] Executed action CMS.API.Controllers.SmsController.GetSmsLogs (CMS.API) in 32.7295ms
2026-09-30 23:04:30.472 +03:00 [INF] Request starting HTTP/1.1 GET http://127.0.0.1:5010/api/v1/integrations - application/json null
2026-09-30 23:04:30.472 +03:00 [INF] Executed endpoint 'CMS.API.Controllers.IntegrationsController.GetIntegrations (CMS.API)'
2026-09-30 23:04:30.477 +03:00 [INF] Executed endpoint 'CMS.API.Controllers.SmsController.GetSmsLogs (CMS.API)'
2026-09-30 23:04:30.478 +03:00 [INF] Request starting HTTP/1.1 GET http://127.0.0.1:5010/api/v1/sms/logs - application/json null
2026-09-30 23:04:30.485 +03:00 [INF] Executing endpoint 'CMS.API.Controllers.IntegrationsController.GetIntegrations (CMS.API)'
2026-09-30 23:04:30.489 +03:00 [INF] Request finished HTTP/1.1 GET http://127.0.0.1:5010/api/v1/integrations - 200 null application/json; charset=utf-8 97.4672ms
2026-09-30 23:04:30.493 +03:00 [INF] Request finished HTTP/1.1 GET http://127.0.0.1:5010/api/v1/sms/logs - 200 null application/json; charset=utf-8 97.272ms
2026-09-30 23:04:30.504 +03:00 [INF] Executing endpoint 'CMS.API.Controllers.SmsController.GetSmsLogs (CMS.API)'
2026-09-30 23:04:30.505 +03:00 [INF] Route matched with {action = "GetIntegrations", controller = "Integrations"}. Executing controller action with signature System.Threading.Tasks.Task`1[Microsoft.AspNetCore.Mvc.IActionResult] GetIntegrations() on controller CMS.API.Controllers.IntegrationsController (CMS.API).
2026-09-30 23:04:30.530 +03:00 [INF] Route matched with {action = "GetSmsLogs", controller = "Sms"}. Executing controller action with signature System.Threading.Tasks.Task`1[Microsoft.AspNetCore.Mvc.IActionResult] GetSmsLogs(Int32) on controller CMS.API.Controllers.SmsController (CMS.API).
2026-09-30 23:04:30.538 +03:00 [INF] Executing OkObjectResult, writing value of type 'CMS.Shared.DTOs.ApiResponse`1[[System.Collections.Generic.List`1[[CMS.Shared.DTOs.IntegrationConfigDto, CMS.Shared, Version=1.0.0.0, Culture=neutral, PublicKeyToken=null]], System.Private.CoreLib, Version=8.0.0.0, Culture=neutral, PublicKeyToken=7cec85d7bea7798e]]'.
2026-09-30 23:04:30.546 +03:00 [INF] Executing OkObjectResult, writing value of type 'CMS.Shared.DTOs.ApiResponse`1[[System.Collections.Generic.List`1[[CMS.Shared.DTOs.SmsLogItemDto, CMS.Shared, Version=1.0.0.0, Culture=neutral, PublicKeyToken=null]], System.Private.CoreLib, Version=8.0.0.0, Culture=neutral, PublicKeyToken=7cec85d7bea7798e]]'.
2026-09-30 23:04:30.550 +03:00 [INF] Executed action CMS.API.Controllers.IntegrationsController.GetIntegrations (CMS.API) in 13.1885ms
2026-09-30 23:04:30.555 +03:00 [INF] Executed action CMS.API.Controllers.SmsController.GetSmsLogs (CMS.API) in 11.0181ms
2026-09-30 23:04:30.560 +03:00 [INF] Executed endpoint 'CMS.API.Controllers.IntegrationsController.GetIntegrations (CMS.API)'
2026-09-30 23:04:30.569 +03:00 [INF] Executed endpoint 'CMS.API.Controllers.SmsController.GetSmsLogs (CMS.API)'
2026-09-30 23:04:30.570 +03:00 [INF] Request finished HTTP/1.1 GET http://127.0.0.1:5010/api/v1/integrations - 200 null application/json; charset=utf-8 97.6448ms
2026-09-30 23:04:30.574 +03:00 [INF] Request finished HTTP/1.1 GET http://127.0.0.1:5010/api/v1/sms/logs - 200 null application/json; charset=utf-8 95.9268ms
2026-09-30 23:04:33.620 +03:00 [INF] Request starting HTTP/1.1 GET http://127.0.0.1:5010/api/v1/laboratory/instruments/listener-status - application/json null
2026-09-30 23:04:33.630 +03:00 [INF] Executing endpoint 'CMS.API.Controllers.LaboratoryController.GetListenerStatus (CMS.API)'
2026-09-30 23:04:33.638 +03:00 [INF] Route matched with {action = "GetListenerStatus", controller = "Laboratory"}. Executing controller action with signature Microsoft.AspNetCore.Mvc.IActionResult GetListenerStatus() on controller CMS.API.Controllers.LaboratoryController (CMS.API).
2026-09-30 23:04:33.654 +03:00 [INF] Executing OkObjectResult, writing value of type 'CMS.Shared.DTOs.ApiResponse`1[[CMS.Domain.Interfaces.LisListenerStatusDto, CMS.Domain, Version=1.0.0.0, Culture=neutral, PublicKeyToken=null]]'.
2026-09-30 23:04:33.674 +03:00 [INF] Executed action CMS.API.Controllers.LaboratoryController.GetListenerStatus (CMS.API) in 29.8115ms
2026-09-30 23:04:33.680 +03:00 [INF] Executed endpoint 'CMS.API.Controllers.LaboratoryController.GetListenerStatus (CMS.API)'
2026-09-30 23:04:33.683 +03:00 [INF] Request starting HTTP/1.1 GET http://127.0.0.1:5010/api/v1/laboratory/instruments/listener-status - application/json null
2026-09-30 23:04:33.687 +03:00 [INF] Request finished HTTP/1.1 GET http://127.0.0.1:5010/api/v1/laboratory/instruments/listener-status - 200 null application/json; charset=utf-8 67.2546ms
2026-09-30 23:04:33.704 +03:00 [INF] Executing endpoint 'CMS.API.Controllers.LaboratoryController.GetListenerStatus (CMS.API)'
2026-09-30 23:04:33.720 +03:00 [INF] Route matched with {action = "GetListenerStatus", controller = "Laboratory"}. Executing controller action with signature Microsoft.AspNetCore.Mvc.IActionResult GetListenerStatus() on controller CMS.API.Controllers.LaboratoryController (CMS.API).
2026-09-30 23:04:33.726 +03:00 [INF] Executing OkObjectResult, writing value of type 'CMS.Shared.DTOs.ApiResponse`1[[CMS.Domain.Interfaces.LisListenerStatusDto, CMS.Domain, Version=1.0.0.0, Culture=neutral, PublicKeyToken=null]]'.
2026-09-30 23:04:33.732 +03:00 [INF] Executed action CMS.API.Controllers.LaboratoryController.GetListenerStatus (CMS.API) in 6.134ms
2026-09-30 23:04:33.737 +03:00 [INF] Executed endpoint 'CMS.API.Controllers.LaboratoryController.GetListenerStatus (CMS.API)'
2026-09-30 23:04:33.742 +03:00 [INF] Request finished HTTP/1.1 GET http://127.0.0.1:5010/api/v1/laboratory/instruments/listener-status - 200 null application/json; charset=utf-8 58.9508ms
2026-09-30 23:04:37.638 +03:00 [INF] Request starting HTTP/1.1 GET http://127.0.0.1:5010/api/v1/laboratory/instruments/listener-status - application/json null
2026-09-30 23:04:37.651 +03:00 [INF] Executing endpoint 'CMS.API.Controllers.LaboratoryController.GetListenerStatus (CMS.API)'
2026-09-30 23:04:37.656 +03:00 [INF] Route matched with {action = "GetListenerStatus", controller = "Laboratory"}. Executing controller action with signature Microsoft.AspNetCore.Mvc.IActionResult GetListenerStatus() on controller CMS.API.Controllers.LaboratoryController (CMS.API).
2026-09-30 23:04:37.663 +03:00 [INF] Executing OkObjectResult, writing value of type 'CMS.Shared.DTOs.ApiResponse`1[[CMS.Domain.Interfaces.LisListenerStatusDto, CMS.Domain, Version=1.0.0.0, Culture=neutral, PublicKeyToken=null]]'.
2026-09-30 23:04:37.669 +03:00 [INF] Executed action CMS.API.Controllers.LaboratoryController.GetListenerStatus (CMS.API) in 6.6565ms
2026-09-30 23:04:37.675 +03:00 [INF] Executed endpoint 'CMS.API.Controllers.LaboratoryController.GetListenerStatus (CMS.API)'
2026-09-30 23:04:37.679 +03:00 [INF] Request finished HTTP/1.1 GET http://127.0.0.1:5010/api/v1/laboratory/instruments/listener-status - 200 null application/json; charset=utf-8 41.3657ms
2026-09-30 23:04:42.582 +03:00 [INF] Request starting HTTP/1.1 GET http://127.0.0.1:5010/api/v1/laboratory/instruments/listener-status - application/json null
2026-09-30 23:04:42.597 +03:00 [INF] Executing endpoint 'CMS.API.Controllers.LaboratoryController.GetListenerStatus (CMS.API)'
2026-09-30 23:04:42.602 +03:00 [INF] Route matched with {action = "GetListenerStatus", controller = "Laboratory"}. Executing controller action with signature Microsoft.AspNetCore.Mvc.IActionResult GetListenerStatus() on controller CMS.API.Controllers.LaboratoryController (CMS.API).
2026-09-30 23:04:42.611 +03:00 [INF] Executing OkObjectResult, writing value of type 'CMS.Shared.DTOs.ApiResponse`1[[CMS.Domain.Interfaces.LisListenerStatusDto, CMS.Domain, Version=1.0.0.0, Culture=neutral, PublicKeyToken=null]]'.
2026-09-30 23:04:42.620 +03:00 [INF] Executed action CMS.API.Controllers.LaboratoryController.GetListenerStatus (CMS.API) in 9.0856ms
2026-09-30 23:04:42.625 +03:00 [INF] Executed endpoint 'CMS.API.Controllers.LaboratoryController.GetListenerStatus (CMS.API)'
2026-09-30 23:04:42.628 +03:00 [INF] Request finished HTTP/1.1 GET http://127.0.0.1:5010/api/v1/laboratory/instruments/listener-status - 200 null application/json; charset=utf-8 46.2067ms
2026-09-30 23:04:46.016 +03:00 [INF] Request starting HTTP/1.1 GET http://127.0.0.1:5010/api/v1/laboratory/instruments/listener-status - application/json null
2026-09-30 23:04:46.028 +03:00 [INF] Executing endpoint 'CMS.API.Controllers.LaboratoryController.GetListenerStatus (CMS.API)'
2026-09-30 23:04:46.033 +03:00 [INF] Route matched with {action = "GetListenerStatus", controller = "Laboratory"}. Executing controller action with signature Microsoft.AspNetCore.Mvc.IActionResult GetListenerStatus() on controller CMS.API.Controllers.LaboratoryController (CMS.API).
2026-09-30 23:04:46.040 +03:00 [INF] Executing OkObjectResult, writing value of type 'CMS.Shared.DTOs.ApiResponse`1[[CMS.Domain.Interfaces.LisListenerStatusDto, CMS.Domain, Version=1.0.0.0, Culture=neutral, PublicKeyToken=null]]'.
2026-09-30 23:04:46.048 +03:00 [INF] Executed action CMS.API.Controllers.LaboratoryController.GetListenerStatus (CMS.API) in 7.4727ms
2026-09-30 23:04:46.053 +03:00 [INF] Executed endpoint 'CMS.API.Controllers.LaboratoryController.GetListenerStatus (CMS.API)'
2026-09-30 23:04:46.060 +03:00 [INF] Request finished HTTP/1.1 GET http://127.0.0.1:5010/api/v1/laboratory/instruments/listener-status - 200 null application/json; charset=utf-8 43.9034ms
2026-09-30 23:04:49.231 +03:00 [INF] Request starting HTTP/1.1 GET http://127.0.0.1:5010/api/v1/triage/queue?date=2026-09-30 - application/json null
2026-09-30 23:04:49.238 +03:00 [INF] Request starting HTTP/1.1 GET http://127.0.0.1:5010/api/v1/staff/doctors - application/json null
2026-09-30 23:04:49.238 +03:00 [INF] Request starting HTTP/1.1 GET http://127.0.0.1:5010/api/v1/patients/search - application/json null
2026-09-30 23:04:49.239 +03:00 [INF] Request starting HTTP/1.1 GET http://127.0.0.1:5010/api/v1/services/consultation - application/json null
2026-09-30 23:04:49.243 +03:00 [INF] Executing endpoint 'CMS.API.Controllers.TriageController.GetQueue (CMS.API)'
2026-09-30 23:04:49.254 +03:00 [INF] Executing endpoint 'CMS.API.Controllers.StaffController.GetDoctors (CMS.API)'
2026-09-30 23:04:49.266 +03:00 [INF] Executing endpoint 'CMS.API.Controllers.PatientsController.Search (CMS.API)'
2026-09-30 23:04:49.279 +03:00 [INF] Executing endpoint 'CMS.API.Controllers.ServicesController.GetConsultationServices (CMS.API)'
2026-09-30 23:04:49.284 +03:00 [INF] Route matched with {action = "GetQueue", controller = "Triage"}. Executing controller action with signature System.Threading.Tasks.Task`1[Microsoft.AspNetCore.Mvc.IActionResult] GetQueue(System.String, System.Nullable`1[System.DateTime]) on controller CMS.API.Controllers.TriageController (CMS.API).
2026-09-30 23:04:49.288 +03:00 [INF] Route matched with {action = "GetDoctors", controller = "Staff"}. Executing controller action with signature System.Threading.Tasks.Task`1[Microsoft.AspNetCore.Mvc.IActionResult] GetDoctors() on controller CMS.API.Controllers.StaffController (CMS.API).
2026-09-30 23:04:49.292 +03:00 [INF] Route matched with {action = "Search", controller = "Patients"}. Executing controller action with signature System.Threading.Tasks.Task`1[Microsoft.AspNetCore.Mvc.IActionResult] Search(System.String, Int32, Int32) on controller CMS.API.Controllers.PatientsController (CMS.API).
2026-09-30 23:04:49.296 +03:00 [INF] Route matched with {action = "GetConsultationServices", controller = "Services"}. Executing controller action with signature System.Threading.Tasks.Task`1[Microsoft.AspNetCore.Mvc.IActionResult] GetConsultationServices() on controller CMS.API.Controllers.ServicesController (CMS.API).
2026-09-30 23:04:49.316 +03:00 [INF] Executing OkObjectResult, writing value of type 'CMS.Shared.DTOs.ApiResponse`1[[System.Collections.Generic.List`1[[CMS.Shared.DTOs.DoctorDto, CMS.Shared, Version=1.0.0.0, Culture=neutral, PublicKeyToken=null]], System.Private.CoreLib, Version=8.0.0.0, Culture=neutral, PublicKeyToken=7cec85d7bea7798e]]'.
2026-09-30 23:04:49.338 +03:00 [INF] Executing OkObjectResult, writing value of type 'CMS.Shared.DTOs.ApiResponse`1[[System.Object, System.Private.CoreLib, Version=8.0.0.0, Culture=neutral, PublicKeyToken=7cec85d7bea7798e]]'.
2026-09-30 23:04:49.346 +03:00 [INF] Executing OkObjectResult, writing value of type 'CMS.Shared.DTOs.ApiResponse`1[[System.Collections.Generic.List`1[[CMS.Shared.DTOs.PatientDto, CMS.Shared, Version=1.0.0.0, Culture=neutral, PublicKeyToken=null]], System.Private.CoreLib, Version=8.0.0.0, Culture=neutral, PublicKeyToken=7cec85d7bea7798e]]'.
2026-09-30 23:04:49.353 +03:00 [INF] Executing OkObjectResult, writing value of type 'CMS.Shared.DTOs.ApiResponse`1[[System.Collections.Generic.List`1[[CMS.Shared.DTOs.TriageDto, CMS.Shared, Version=1.0.0.0, Culture=neutral, PublicKeyToken=null]], System.Private.CoreLib, Version=8.0.0.0, Culture=neutral, PublicKeyToken=7cec85d7bea7798e]]'.
2026-09-30 23:04:49.354 +03:00 [INF] Executed action CMS.API.Controllers.ServicesController.GetConsultationServices (CMS.API) in 15.7456ms
2026-09-30 23:04:49.348 +03:00 [INF] Executed action CMS.API.Controllers.StaffController.GetDoctors (CMS.API) in 32.7031ms
2026-09-30 23:04:49.358 +03:00 [INF] Request starting HTTP/1.1 GET http://127.0.0.1:5010/api/v1/staff/doctors - application/json null
2026-09-30 23:04:49.361 +03:00 [INF] Executed action CMS.API.Controllers.PatientsController.Search (CMS.API) in 35.3784ms
2026-09-30 23:04:49.370 +03:00 [INF] Executed action CMS.API.Controllers.TriageController.GetQueue (CMS.API) in 65.479ms
2026-09-30 23:04:49.371 +03:00 [INF] Request starting HTTP/1.1 GET http://127.0.0.1:5010/api/v1/services/consultation - application/json null
2026-09-30 23:04:49.377 +03:00 [INF] Executed endpoint 'CMS.API.Controllers.ServicesController.GetConsultationServices (CMS.API)'
2026-09-30 23:04:49.381 +03:00 [INF] Executed endpoint 'CMS.API.Controllers.StaffController.GetDoctors (CMS.API)'
2026-09-30 23:04:49.393 +03:00 [INF] Executing endpoint 'CMS.API.Controllers.StaffController.GetDoctors (CMS.API)'
2026-09-30 23:04:49.398 +03:00 [INF] Executed endpoint 'CMS.API.Controllers.PatientsController.Search (CMS.API)'
2026-09-30 23:04:49.404 +03:00 [INF] Executed endpoint 'CMS.API.Controllers.TriageController.GetQueue (CMS.API)'
2026-09-30 23:04:49.416 +03:00 [INF] Executing endpoint 'CMS.API.Controllers.ServicesController.GetConsultationServices (CMS.API)'
2026-09-30 23:04:49.420 +03:00 [INF] Request finished HTTP/1.1 GET http://127.0.0.1:5010/api/v1/services/consultation - 200 null application/json; charset=utf-8 181.6411ms
2026-09-30 23:04:49.427 +03:00 [INF] Request finished HTTP/1.1 GET http://127.0.0.1:5010/api/v1/staff/doctors - 200 null application/json; charset=utf-8 189.2535ms
2026-09-30 23:04:49.434 +03:00 [INF] Route matched with {action = "GetDoctors", controller = "Staff"}. Executing controller action with signature System.Threading.Tasks.Task`1[Microsoft.AspNetCore.Mvc.IActionResult] GetDoctors() on controller CMS.API.Controllers.StaffController (CMS.API).
2026-09-30 23:04:49.432 +03:00 [INF] Request starting HTTP/1.1 GET http://127.0.0.1:5010/api/v1/patients/search - application/json null
2026-09-30 23:04:49.437 +03:00 [INF] Request starting HTTP/1.1 GET http://127.0.0.1:5010/api/v1/triage/queue?date=2026-09-30 - application/json null
2026-09-30 23:04:49.438 +03:00 [INF] Request finished HTTP/1.1 GET http://127.0.0.1:5010/api/v1/patients/search - 200 null application/json; charset=utf-8 200.2609ms
2026-09-30 23:04:49.443 +03:00 [INF] Request finished HTTP/1.1 GET http://127.0.0.1:5010/api/v1/triage/queue?date=2026-09-30 - 200 null application/json; charset=utf-8 211.7545ms
2026-09-30 23:04:49.447 +03:00 [INF] Route matched with {action = "GetConsultationServices", controller = "Services"}. Executing controller action with signature System.Threading.Tasks.Task`1[Microsoft.AspNetCore.Mvc.IActionResult] GetConsultationServices() on controller CMS.API.Controllers.ServicesController (CMS.API).
2026-09-30 23:04:49.474 +03:00 [INF] Executing OkObjectResult, writing value of type 'CMS.Shared.DTOs.ApiResponse`1[[System.Collections.Generic.List`1[[CMS.Shared.DTOs.DoctorDto, CMS.Shared, Version=1.0.0.0, Culture=neutral, PublicKeyToken=null]], System.Private.CoreLib, Version=8.0.0.0, Culture=neutral, PublicKeyToken=7cec85d7bea7798e]]'.
2026-09-30 23:04:49.481 +03:00 [INF] Executing endpoint 'CMS.API.Controllers.PatientsController.Search (CMS.API)'
2026-09-30 23:04:49.491 +03:00 [INF] Executing endpoint 'CMS.API.Controllers.TriageController.GetQueue (CMS.API)'
2026-09-30 23:04:49.519 +03:00 [INF] Executing OkObjectResult, writing value of type 'CMS.Shared.DTOs.ApiResponse`1[[System.Object, System.Private.CoreLib, Version=8.0.0.0, Culture=neutral, PublicKeyToken=7cec85d7bea7798e]]'.
2026-09-30 23:04:49.523 +03:00 [INF] Executed action CMS.API.Controllers.StaffController.GetDoctors (CMS.API) in 49.749ms
2026-09-30 23:04:49.527 +03:00 [INF] Route matched with {action = "Search", controller = "Patients"}. Executing controller action with signature System.Threading.Tasks.Task`1[Microsoft.AspNetCore.Mvc.IActionResult] Search(System.String, Int32, Int32) on controller CMS.API.Controllers.PatientsController (CMS.API).
2026-09-30 23:04:49.530 +03:00 [INF] Route matched with {action = "GetQueue", controller = "Triage"}. Executing controller action with signature System.Threading.Tasks.Task`1[Microsoft.AspNetCore.Mvc.IActionResult] GetQueue(System.String, System.Nullable`1[System.DateTime]) on controller CMS.API.Controllers.TriageController (CMS.API).
2026-09-30 23:04:49.534 +03:00 [INF] Executed action CMS.API.Controllers.ServicesController.GetConsultationServices (CMS.API) in 15.5803ms
2026-09-30 23:04:49.538 +03:00 [INF] Executed endpoint 'CMS.API.Controllers.StaffController.GetDoctors (CMS.API)'
2026-09-30 23:04:49.543 +03:00 [INF] Executing OkObjectResult, writing value of type 'CMS.Shared.DTOs.ApiResponse`1[[System.Collections.Generic.List`1[[CMS.Shared.DTOs.PatientDto, CMS.Shared, Version=1.0.0.0, Culture=neutral, PublicKeyToken=null]], System.Private.CoreLib, Version=8.0.0.0, Culture=neutral, PublicKeyToken=7cec85d7bea7798e]]'.
2026-09-30 23:04:49.557 +03:00 [INF] Executed endpoint 'CMS.API.Controllers.ServicesController.GetConsultationServices (CMS.API)'
2026-09-30 23:04:49.560 +03:00 [INF] Request finished HTTP/1.1 GET http://127.0.0.1:5010/api/v1/staff/doctors - 200 null application/json; charset=utf-8 201.5607ms
2026-09-30 23:04:49.568 +03:00 [INF] Executed action CMS.API.Controllers.PatientsController.Search (CMS.API) in 24.3733ms
2026-09-30 23:04:49.572 +03:00 [INF] Request finished HTTP/1.1 GET http://127.0.0.1:5010/api/v1/services/consultation - 200 null application/json; charset=utf-8 200.6117ms
2026-09-30 23:04:49.591 +03:00 [INF] Executed endpoint 'CMS.API.Controllers.PatientsController.Search (CMS.API)'
2026-09-30 23:04:49.593 +03:00 [INF] Executing OkObjectResult, writing value of type 'CMS.Shared.DTOs.ApiResponse`1[[System.Collections.Generic.List`1[[CMS.Shared.DTOs.TriageDto, CMS.Shared, Version=1.0.0.0, Culture=neutral, PublicKeyToken=null]], System.Private.CoreLib, Version=8.0.0.0, Culture=neutral, PublicKeyToken=7cec85d7bea7798e]]'.
2026-09-30 23:04:49.605 +03:00 [INF] Request finished HTTP/1.1 GET http://127.0.0.1:5010/api/v1/patients/search - 200 null application/json; charset=utf-8 173.2991ms
2026-09-30 23:04:49.610 +03:00 [INF] Executed action CMS.API.Controllers.TriageController.GetQueue (CMS.API) in 58.8967ms
2026-09-30 23:04:49.627 +03:00 [INF] Executed endpoint 'CMS.API.Controllers.TriageController.GetQueue (CMS.API)'
2026-09-30 23:04:49.631 +03:00 [INF] Request finished HTTP/1.1 GET http://127.0.0.1:5010/api/v1/triage/queue?date=2026-09-30 - 200 null application/json; charset=utf-8 194.6339ms
2026-09-30 23:04:51.358 +03:00 [INF] Request starting HTTP/1.1 GET http://127.0.0.1:5010/api/v1/patients/search?q=&limit=50 - application/json null
2026-09-30 23:04:51.383 +03:00 [INF] Executing endpoint 'CMS.API.Controllers.PatientsController.Search (CMS.API)'
2026-09-30 23:04:51.388 +03:00 [INF] Route matched with {action = "Search", controller = "Patients"}. Executing controller action with signature System.Threading.Tasks.Task`1[Microsoft.AspNetCore.Mvc.IActionResult] Search(System.String, Int32, Int32) on controller CMS.API.Controllers.PatientsController (CMS.API).
2026-09-30 23:04:51.398 +03:00 [INF] Executing OkObjectResult, writing value of type 'CMS.Shared.DTOs.ApiResponse`1[[System.Collections.Generic.List`1[[CMS.Shared.DTOs.PatientDto, CMS.Shared, Version=1.0.0.0, Culture=neutral, PublicKeyToken=null]], System.Private.CoreLib, Version=8.0.0.0, Culture=neutral, PublicKeyToken=7cec85d7bea7798e]]'.
2026-09-30 23:04:51.405 +03:00 [INF] Executed action CMS.API.Controllers.PatientsController.Search (CMS.API) in 9.7279ms
2026-09-30 23:04:51.411 +03:00 [INF] Executed endpoint 'CMS.API.Controllers.PatientsController.Search (CMS.API)'
2026-09-30 23:04:51.416 +03:00 [INF] Request finished HTTP/1.1 GET http://127.0.0.1:5010/api/v1/patients/search?q=&limit=50 - 200 null application/json; charset=utf-8 57.507ms
2026-09-30 23:04:54.032 +03:00 [INF] Request starting HTTP/1.1 GET http://127.0.0.1:5010/api/v1/patients/search?q=bini&limit=50 - application/json null
2026-09-30 23:04:54.046 +03:00 [INF] Executing endpoint 'CMS.API.Controllers.PatientsController.Search (CMS.API)'
2026-09-30 23:04:54.051 +03:00 [INF] Route matched with {action = "Search", controller = "Patients"}. Executing controller action with signature System.Threading.Tasks.Task`1[Microsoft.AspNetCore.Mvc.IActionResult] Search(System.String, Int32, Int32) on controller CMS.API.Controllers.PatientsController (CMS.API).
2026-09-30 23:04:54.215 +03:00 [INF] Executing OkObjectResult, writing value of type 'CMS.Shared.DTOs.ApiResponse`1[[System.Collections.Generic.List`1[[CMS.Shared.DTOs.PatientDto, CMS.Shared, Version=1.0.0.0, Culture=neutral, PublicKeyToken=null]], System.Private.CoreLib, Version=8.0.0.0, Culture=neutral, PublicKeyToken=7cec85d7bea7798e]]'.
2026-09-30 23:04:54.221 +03:00 [INF] Executed action CMS.API.Controllers.PatientsController.Search (CMS.API) in 161.2627ms
2026-09-30 23:04:54.228 +03:00 [INF] Executed endpoint 'CMS.API.Controllers.PatientsController.Search (CMS.API)'
2026-09-30 23:04:54.234 +03:00 [INF] Request finished HTTP/1.1 GET http://127.0.0.1:5010/api/v1/patients/search?q=bini&limit=50 - 200 null application/json; charset=utf-8 201.1962ms
2026-09-30 23:05:04.696 +03:00 [INF] Request starting HTTP/1.1 GET http://127.0.0.1:5010/api/v1/notifications - application/json null
2026-09-30 23:05:04.709 +03:00 [INF] Executing endpoint 'CMS.API.Controllers.NotificationsController.GetNotifications (CMS.API)'
2026-09-30 23:05:04.713 +03:00 [INF] Route matched with {action = "GetNotifications", controller = "Notifications"}. Executing controller action with signature System.Threading.Tasks.Task`1[Microsoft.AspNetCore.Mvc.IActionResult] GetNotifications(System.Nullable`1[System.Int32], System.String) on controller CMS.API.Controllers.NotificationsController (CMS.API).
2026-09-30 23:05:04.723 +03:00 [INF] Executing OkObjectResult, writing value of type 'CMS.Shared.DTOs.ApiResponse`1[[System.Collections.Generic.List`1[[CMS.Shared.DTOs.NotificationItemDto, CMS.Shared, Version=1.0.0.0, Culture=neutral, PublicKeyToken=null]], System.Private.CoreLib, Version=8.0.0.0, Culture=neutral, PublicKeyToken=7cec85d7bea7798e]]'.
2026-09-30 23:05:04.728 +03:00 [INF] Executed action CMS.API.Controllers.NotificationsController.GetNotifications (CMS.API) in 7.6577ms
2026-09-30 23:05:04.733 +03:00 [INF] Executed endpoint 'CMS.API.Controllers.NotificationsController.GetNotifications (CMS.API)'
2026-09-30 23:05:04.737 +03:00 [INF] Request finished HTTP/1.1 GET http://127.0.0.1:5010/api/v1/notifications - 200 null application/json; charset=utf-8 40.4689ms
2026-09-30 23:05:23.843 +03:00 [INF] Request starting HTTP/1.1 GET http://127.0.0.1:5010/api/v1/patients/search?q=biniam&limit=50 - application/json null
2026-09-30 23:05:23.858 +03:00 [INF] Executing endpoint 'CMS.API.Controllers.PatientsController.Search (CMS.API)'
2026-09-30 23:05:23.863 +03:00 [INF] Route matched with {action = "Search", controller = "Patients"}. Executing controller action with signature System.Threading.Tasks.Task`1[Microsoft.AspNetCore.Mvc.IActionResult] Search(System.String, Int32, Int32) on controller CMS.API.Controllers.PatientsController (CMS.API).
2026-09-30 23:05:23.993 +03:00 [INF] Executing OkObjectResult, writing value of type 'CMS.Shared.DTOs.ApiResponse`1[[System.Collections.Generic.List`1[[CMS.Shared.DTOs.PatientDto, CMS.Shared, Version=1.0.0.0, Culture=neutral, PublicKeyToken=null]], System.Private.CoreLib, Version=8.0.0.0, Culture=neutral, PublicKeyToken=7cec85d7bea7798e]]'.
2026-09-30 23:05:23.998 +03:00 [INF] Executed action CMS.API.Controllers.PatientsController.Search (CMS.API) in 126.2982ms
2026-09-30 23:05:24.004 +03:00 [INF] Executed endpoint 'CMS.API.Controllers.PatientsController.Search (CMS.API)'
2026-09-30 23:05:24.008 +03:00 [INF] Request finished HTTP/1.1 GET http://127.0.0.1:5010/api/v1/patients/search?q=biniam&limit=50 - 200 null application/json; charset=utf-8 165.2854ms
2026-09-30 23:05:25.009 +03:00 [INF] Request starting HTTP/1.1 GET http://127.0.0.1:5010/api/v1/patients/search?q=binia&limit=50 - application/json null
2026-09-30 23:05:25.026 +03:00 [INF] Executing endpoint 'CMS.API.Controllers.PatientsController.Search (CMS.API)'
2026-09-30 23:05:25.033 +03:00 [INF] Route matched with {action = "Search", controller = "Patients"}. Executing controller action with signature System.Threading.Tasks.Task`1[Microsoft.AspNetCore.Mvc.IActionResult] Search(System.String, Int32, Int32) on controller CMS.API.Controllers.PatientsController (CMS.API).
2026-09-30 23:05:25.161 +03:00 [INF] Executing OkObjectResult, writing value of type 'CMS.Shared.DTOs.ApiResponse`1[[System.Collections.Generic.List`1[[CMS.Shared.DTOs.PatientDto, CMS.Shared, Version=1.0.0.0, Culture=neutral, PublicKeyToken=null]], System.Private.CoreLib, Version=8.0.0.0, Culture=neutral, PublicKeyToken=7cec85d7bea7798e]]'.
2026-09-30 23:05:25.169 +03:00 [INF] Executed action CMS.API.Controllers.PatientsController.Search (CMS.API) in 126.8869ms
2026-09-30 23:05:25.176 +03:00 [INF] Executed endpoint 'CMS.API.Controllers.PatientsController.Search (CMS.API)'
2026-09-30 23:05:25.180 +03:00 [INF] Request finished HTTP/1.1 GET http://127.0.0.1:5010/api/v1/patients/search?q=binia&limit=50 - 200 null application/json; charset=utf-8 171.0448ms
2026-09-30 23:05:25.897 +03:00 [INF] Request starting HTTP/1.1 GET http://127.0.0.1:5010/api/v1/patients/search?q=&limit=50 - application/json null
2026-09-30 23:05:25.912 +03:00 [INF] Executing endpoint 'CMS.API.Controllers.PatientsController.Search (CMS.API)'
2026-09-30 23:05:25.917 +03:00 [INF] Route matched with {action = "Search", controller = "Patients"}. Executing controller action with signature System.Threading.Tasks.Task`1[Microsoft.AspNetCore.Mvc.IActionResult] Search(System.String, Int32, Int32) on controller CMS.API.Controllers.PatientsController (CMS.API).
2026-09-30 23:05:25.927 +03:00 [INF] Executing OkObjectResult, writing value of type 'CMS.Shared.DTOs.ApiResponse`1[[System.Collections.Generic.List`1[[CMS.Shared.DTOs.PatientDto, CMS.Shared, Version=1.0.0.0, Culture=neutral, PublicKeyToken=null]], System.Private.CoreLib, Version=8.0.0.0, Culture=neutral, PublicKeyToken=7cec85d7bea7798e]]'.
2026-09-30 23:05:25.935 +03:00 [INF] Executed action CMS.API.Controllers.PatientsController.Search (CMS.API) in 10.1388ms
2026-09-30 23:05:25.940 +03:00 [INF] Executed endpoint 'CMS.API.Controllers.PatientsController.Search (CMS.API)'
2026-09-30 23:05:25.944 +03:00 [INF] Request finished HTTP/1.1 GET http://127.0.0.1:5010/api/v1/patients/search?q=&limit=50 - 200 null application/json; charset=utf-8 47.434ms
2026-09-30 23:05:28.118 +03:00 [INF] Request starting HTTP/1.1 GET http://127.0.0.1:5010/api/v1/patients/search?q=0&limit=50 - application/json null
2026-09-30 23:05:28.134 +03:00 [INF] Executing endpoint 'CMS.API.Controllers.PatientsController.Search (CMS.API)'
2026-09-30 23:05:28.139 +03:00 [INF] Route matched with {action = "Search", controller = "Patients"}. Executing controller action with signature System.Threading.Tasks.Task`1[Microsoft.AspNetCore.Mvc.IActionResult] Search(System.String, Int32, Int32) on controller CMS.API.Controllers.PatientsController (CMS.API).
2026-09-30 23:05:28.252 +03:00 [INF] Executing OkObjectResult, writing value of type 'CMS.Shared.DTOs.ApiResponse`1[[System.Collections.Generic.List`1[[CMS.Shared.DTOs.PatientDto, CMS.Shared, Version=1.0.0.0, Culture=neutral, PublicKeyToken=null]], System.Private.CoreLib, Version=8.0.0.0, Culture=neutral, PublicKeyToken=7cec85d7bea7798e]]'.
2026-09-30 23:05:28.259 +03:00 [INF] Executed action CMS.API.Controllers.PatientsController.Search (CMS.API) in 111.6981ms
2026-09-30 23:05:28.265 +03:00 [INF] Executed endpoint 'CMS.API.Controllers.PatientsController.Search (CMS.API)'
2026-09-30 23:05:28.271 +03:00 [INF] Request finished HTTP/1.1 GET http://127.0.0.1:5010/api/v1/patients/search?q=0&limit=50 - 200 null application/json; charset=utf-8 152.5077ms
2026-09-30 23:05:28.739 +03:00 [INF] Request starting HTTP/1.1 GET http://127.0.0.1:5010/api/v1/patients/search?q=09&limit=50 - application/json null
2026-09-30 23:05:28.751 +03:00 [INF] Executing endpoint 'CMS.API.Controllers.PatientsController.Search (CMS.API)'
2026-09-30 23:05:28.757 +03:00 [INF] Route matched with {action = "Search", controller = "Patients"}. Executing controller action with signature System.Threading.Tasks.Task`1[Microsoft.AspNetCore.Mvc.IActionResult] Search(System.String, Int32, Int32) on controller CMS.API.Controllers.PatientsController (CMS.API).
2026-09-30 23:05:28.872 +03:00 [INF] Executing OkObjectResult, writing value of type 'CMS.Shared.DTOs.ApiResponse`1[[System.Collections.Generic.List`1[[CMS.Shared.DTOs.PatientDto, CMS.Shared, Version=1.0.0.0, Culture=neutral, PublicKeyToken=null]], System.Private.CoreLib, Version=8.0.0.0, Culture=neutral, PublicKeyToken=7cec85d7bea7798e]]'.
2026-09-30 23:05:28.879 +03:00 [INF] Executed action CMS.API.Controllers.PatientsController.Search (CMS.API) in 112.719ms
2026-09-30 23:05:28.887 +03:00 [INF] Executed endpoint 'CMS.API.Controllers.PatientsController.Search (CMS.API)'
2026-09-30 23:05:28.891 +03:00 [INF] Request finished HTTP/1.1 GET http://127.0.0.1:5010/api/v1/patients/search?q=09&limit=50 - 200 null application/json; charset=utf-8 151.8806ms
2026-09-30 23:05:29.131 +03:00 [INF] Request starting HTTP/1.1 GET http://127.0.0.1:5010/api/v1/patients/search?q=091&limit=50 - application/json null
2026-09-30 23:05:29.147 +03:00 [INF] Executing endpoint 'CMS.API.Controllers.PatientsController.Search (CMS.API)'
2026-09-30 23:05:29.154 +03:00 [INF] Route matched with {action = "Search", controller = "Patients"}. Executing controller action with signature System.Threading.Tasks.Task`1[Microsoft.AspNetCore.Mvc.IActionResult] Search(System.String, Int32, Int32) on controller CMS.API.Controllers.PatientsController (CMS.API).
2026-09-30 23:05:29.272 +03:00 [INF] Executing OkObjectResult, writing value of type 'CMS.Shared.DTOs.ApiResponse`1[[System.Collections.Generic.List`1[[CMS.Shared.DTOs.PatientDto, CMS.Shared, Version=1.0.0.0, Culture=neutral, PublicKeyToken=null]], System.Private.CoreLib, Version=8.0.0.0, Culture=neutral, PublicKeyToken=7cec85d7bea7798e]]'.
2026-09-30 23:05:29.279 +03:00 [INF] Executed action CMS.API.Controllers.PatientsController.Search (CMS.API) in 116.509ms
2026-09-30 23:05:29.286 +03:00 [INF] Executed endpoint 'CMS.API.Controllers.PatientsController.Search (CMS.API)'
2026-09-30 23:05:29.290 +03:00 [INF] Request finished HTTP/1.1 GET http://127.0.0.1:5010/api/v1/patients/search?q=091&limit=50 - 200 null application/json; charset=utf-8 159.2004ms
2026-09-30 23:05:29.341 +03:00 [INF] Request starting HTTP/1.1 GET http://127.0.0.1:5010/api/v1/patients/search?q=0911&limit=50 - application/json null
2026-09-30 23:05:29.367 +03:00 [INF] Executing endpoint 'CMS.API.Controllers.PatientsController.Search (CMS.API)'
2026-09-30 23:05:29.374 +03:00 [INF] Route matched with {action = "Search", controller = "Patients"}. Executing controller action with signature System.Threading.Tasks.Task`1[Microsoft.AspNetCore.Mvc.IActionResult] Search(System.String, Int32, Int32) on controller CMS.API.Controllers.PatientsController (CMS.API).
2026-09-30 23:05:29.502 +03:00 [INF] Executing OkObjectResult, writing value of type 'CMS.Shared.DTOs.ApiResponse`1[[System.Collections.Generic.List`1[[CMS.Shared.DTOs.PatientDto, CMS.Shared, Version=1.0.0.0, Culture=neutral, PublicKeyToken=null]], System.Private.CoreLib, Version=8.0.0.0, Culture=neutral, PublicKeyToken=7cec85d7bea7798e]]'.
2026-09-30 23:05:29.510 +03:00 [INF] Executed action CMS.API.Controllers.PatientsController.Search (CMS.API) in 127.0893ms
2026-09-30 23:05:29.516 +03:00 [INF] Executed endpoint 'CMS.API.Controllers.PatientsController.Search (CMS.API)'
2026-09-30 23:05:29.519 +03:00 [INF] Request finished HTTP/1.1 GET http://127.0.0.1:5010/api/v1/patients/search?q=0911&limit=50 - 200 null application/json; charset=utf-8 178.1964ms
2026-09-30 23:05:29.792 +03:00 [INF] Request starting HTTP/1.1 GET http://127.0.0.1:5010/api/v1/patients/search?q=09110&limit=50 - application/json null
2026-09-30 23:05:29.803 +03:00 [INF] Executing endpoint 'CMS.API.Controllers.PatientsController.Search (CMS.API)'
2026-09-30 23:05:29.807 +03:00 [INF] Route matched with {action = "Search", controller = "Patients"}. Executing controller action with signature System.Threading.Tasks.Task`1[Microsoft.AspNetCore.Mvc.IActionResult] Search(System.String, Int32, Int32) on controller CMS.API.Controllers.PatientsController (CMS.API).
2026-09-30 23:05:29.930 +03:00 [INF] Executing OkObjectResult, writing value of type 'CMS.Shared.DTOs.ApiResponse`1[[System.Collections.Generic.List`1[[CMS.Shared.DTOs.PatientDto, CMS.Shared, Version=1.0.0.0, Culture=neutral, PublicKeyToken=null]], System.Private.CoreLib, Version=8.0.0.0, Culture=neutral, PublicKeyToken=7cec85d7bea7798e]]'.
2026-09-30 23:05:29.937 +03:00 [INF] Executed action CMS.API.Controllers.PatientsController.Search (CMS.API) in 124.1385ms
2026-09-30 23:05:29.944 +03:00 [INF] Executed endpoint 'CMS.API.Controllers.PatientsController.Search (CMS.API)'
2026-09-30 23:05:29.949 +03:00 [INF] Request finished HTTP/1.1 GET http://127.0.0.1:5010/api/v1/patients/search?q=09110&limit=50 - 200 null application/json; charset=utf-8 156.9768ms
2026-09-30 23:05:30.664 +03:00 [INF] Request starting HTTP/1.1 GET http://127.0.0.1:5010/api/v1/patients/search?q=091103&limit=50 - application/json null
2026-09-30 23:05:30.676 +03:00 [INF] Executing endpoint 'CMS.API.Controllers.PatientsController.Search (CMS.API)'
2026-09-30 23:05:30.680 +03:00 [INF] Route matched with {action = "Search", controller = "Patients"}. Executing controller action with signature System.Threading.Tasks.Task`1[Microsoft.AspNetCore.Mvc.IActionResult] Search(System.String, Int32, Int32) on controller CMS.API.Controllers.PatientsController (CMS.API).
2026-09-30 23:05:30.805 +03:00 [INF] Executing OkObjectResult, writing value of type 'CMS.Shared.DTOs.ApiResponse`1[[System.Collections.Generic.List`1[[CMS.Shared.DTOs.PatientDto, CMS.Shared, Version=1.0.0.0, Culture=neutral, PublicKeyToken=null]], System.Private.CoreLib, Version=8.0.0.0, Culture=neutral, PublicKeyToken=7cec85d7bea7798e]]'.
2026-09-30 23:05:30.812 +03:00 [INF] Executed action CMS.API.Controllers.PatientsController.Search (CMS.API) in 123.3739ms
2026-09-30 23:05:30.818 +03:00 [INF] Executed endpoint 'CMS.API.Controllers.PatientsController.Search (CMS.API)'
2026-09-30 23:05:30.822 +03:00 [INF] Request finished HTTP/1.1 GET http://127.0.0.1:5010/api/v1/patients/search?q=091103&limit=50 - 200 null application/json; charset=utf-8 157.7562ms
2026-09-30 23:05:30.928 +03:00 [INF] Request starting HTTP/1.1 GET http://127.0.0.1:5010/api/v1/patients/search?q=0911035&limit=50 - application/json null
2026-09-30 23:05:30.941 +03:00 [INF] Executing endpoint 'CMS.API.Controllers.PatientsController.Search (CMS.API)'
2026-09-30 23:05:30.946 +03:00 [INF] Route matched with {action = "Search", controller = "Patients"}. Executing controller action with signature System.Threading.Tasks.Task`1[Microsoft.AspNetCore.Mvc.IActionResult] Search(System.String, Int32, Int32) on controller CMS.API.Controllers.PatientsController (CMS.API).
2026-09-30 23:05:31.082 +03:00 [INF] Executing OkObjectResult, writing value of type 'CMS.Shared.DTOs.ApiResponse`1[[System.Collections.Generic.List`1[[CMS.Shared.DTOs.PatientDto, CMS.Shared, Version=1.0.0.0, Culture=neutral, PublicKeyToken=null]], System.Private.CoreLib, Version=8.0.0.0, Culture=neutral, PublicKeyToken=7cec85d7bea7798e]]'.
2026-09-30 23:05:31.090 +03:00 [INF] Executed action CMS.API.Controllers.PatientsController.Search (CMS.API) in 136.1962ms
2026-09-30 23:05:31.096 +03:00 [INF] Executed endpoint 'CMS.API.Controllers.PatientsController.Search (CMS.API)'
2026-09-30 23:05:31.100 +03:00 [INF] Request finished HTTP/1.1 GET http://127.0.0.1:5010/api/v1/patients/search?q=0911035&limit=50 - 200 null application/json; charset=utf-8 171.5683ms
2026-09-30 23:05:31.330 +03:00 [INF] Request starting HTTP/1.1 GET http://127.0.0.1:5010/api/v1/patients/search?q=091103522&limit=50 - application/json null
2026-09-30 23:05:31.346 +03:00 [INF] Executing endpoint 'CMS.API.Controllers.PatientsController.Search (CMS.API)'
2026-09-30 23:05:31.350 +03:00 [INF] Route matched with {action = "Search", controller = "Patients"}. Executing controller action with signature System.Threading.Tasks.Task`1[Microsoft.AspNetCore.Mvc.IActionResult] Search(System.String, Int32, Int32) on controller CMS.API.Controllers.PatientsController (CMS.API).
2026-09-30 23:05:31.490 +03:00 [INF] Executing OkObjectResult, writing value of type 'CMS.Shared.DTOs.ApiResponse`1[[System.Collections.Generic.List`1[[CMS.Shared.DTOs.PatientDto, CMS.Shared, Version=1.0.0.0, Culture=neutral, PublicKeyToken=null]], System.Private.CoreLib, Version=8.0.0.0, Culture=neutral, PublicKeyToken=7cec85d7bea7798e]]'.
2026-09-30 23:05:31.496 +03:00 [INF] Executed action CMS.API.Controllers.PatientsController.Search (CMS.API) in 131.8882ms
2026-09-30 23:05:31.502 +03:00 [INF] Executed endpoint 'CMS.API.Controllers.PatientsController.Search (CMS.API)'
2026-09-30 23:05:31.506 +03:00 [INF] Request finished HTTP/1.1 GET http://127.0.0.1:5010/api/v1/patients/search?q=091103522&limit=50 - 200 null application/json; charset=utf-8 175.858ms
2026-09-30 23:05:31.566 +03:00 [INF] Request starting HTTP/1.1 GET http://127.0.0.1:5010/api/v1/patients/search?q=0911035226&limit=50 - application/json null
2026-09-30 23:05:31.576 +03:00 [INF] Executing endpoint 'CMS.API.Controllers.PatientsController.Search (CMS.API)'
2026-09-30 23:05:31.580 +03:00 [INF] Route matched with {action = "Search", controller = "Patients"}. Executing controller action with signature System.Threading.Tasks.Task`1[Microsoft.AspNetCore.Mvc.IActionResult] Search(System.String, Int32, Int32) on controller CMS.API.Controllers.PatientsController (CMS.API).
2026-09-30 23:05:31.701 +03:00 [INF] Executing OkObjectResult, writing value of type 'CMS.Shared.DTOs.ApiResponse`1[[System.Collections.Generic.List`1[[CMS.Shared.DTOs.PatientDto, CMS.Shared, Version=1.0.0.0, Culture=neutral, PublicKeyToken=null]], System.Private.CoreLib, Version=8.0.0.0, Culture=neutral, PublicKeyToken=7cec85d7bea7798e]]'.
2026-09-30 23:05:31.707 +03:00 [INF] Executed action CMS.API.Controllers.PatientsController.Search (CMS.API) in 117.7806ms
2026-09-30 23:05:31.714 +03:00 [INF] Executed endpoint 'CMS.API.Controllers.PatientsController.Search (CMS.API)'
2026-09-30 23:05:31.718 +03:00 [INF] Request finished HTTP/1.1 GET http://127.0.0.1:5010/api/v1/patients/search?q=0911035226&limit=50 - 200 null application/json; charset=utf-8 152.1327ms
2026-09-30 23:06:05.581 +03:00 [INF] Request starting HTTP/1.1 GET http://127.0.0.1:5010/api/v1/notifications - application/json null
2026-09-30 23:06:05.593 +03:00 [INF] Executing endpoint 'CMS.API.Controllers.NotificationsController.GetNotifications (CMS.API)'
2026-09-30 23:06:05.597 +03:00 [INF] Route matched with {action = "GetNotifications", controller = "Notifications"}. Executing controller action with signature System.Threading.Tasks.Task`1[Microsoft.AspNetCore.Mvc.IActionResult] GetNotifications(System.Nullable`1[System.Int32], System.String) on controller CMS.API.Controllers.NotificationsController (CMS.API).
2026-09-30 23:06:05.619 +03:00 [INF] Executing OkObjectResult, writing value of type 'CMS.Shared.DTOs.ApiResponse`1[[System.Collections.Generic.List`1[[CMS.Shared.DTOs.NotificationItemDto, CMS.Shared, Version=1.0.0.0, Culture=neutral, PublicKeyToken=null]], System.Private.CoreLib, Version=8.0.0.0, Culture=neutral, PublicKeyToken=7cec85d7bea7798e]]'.
2026-09-30 23:06:05.626 +03:00 [INF] Executed action CMS.API.Controllers.NotificationsController.GetNotifications (CMS.API) in 20.9917ms
2026-09-30 23:06:05.633 +03:00 [INF] Executed endpoint 'CMS.API.Controllers.NotificationsController.GetNotifications (CMS.API)'
2026-09-30 23:06:05.639 +03:00 [INF] Request finished HTTP/1.1 GET http://127.0.0.1:5010/api/v1/notifications - 200 null application/json; charset=utf-8 57.9454ms
2026-09-30 23:06:27.803 +03:00 [INF] Application is shutting down...
2026-09-30 23:06:27.821 +03:00 [INF] [2026-09-30 23:06:27.821] LISTENER STOPPED: Port 10001
2026-09-30 23:06:27.825 +03:00 [INF] [2026-09-30 23:06:27.825] LISTENER STOPPED: All LIS listeners stopped.
2026-09-30 23:13:53.173 +03:00 [WRN] Cache: Redis unavailable (It was not possible to connect to the redis server(s). Error connecting right now. To allow this multiplexer to continue retrying until it's able to connect, use abortConnect=false in your connection string or AbortOnConnectFail=false; in your code.). Using MemoryCacheService fallback
2026-09-30 23:13:53.649 +03:00 [INF] CMS API Host starting...
2026-09-30 23:13:53.694 +03:00 [INF] User profile is available. Using 'C:\Users\ASUS\AppData\Local\ASP.NET\DataProtection-Keys' as key repository and Windows DPAPI to encrypt keys at rest.
2026-09-30 23:13:53.726 +03:00 [INF] [2026-09-30 23:13:53.717] LISTENER STARTED: Passively waiting for analyzer connections on 0.0.0.0:8004...
2026-09-30 23:13:53.730 +03:00 [INF] [2026-09-30 23:13:53.730] LISTENER STARTED: Passively waiting for analyzer connections on 0.0.0.0:10001...
2026-09-30 23:13:53.733 +03:00 [INF] [2026-09-30 23:13:53.733] LISTENER STARTED: Passively waiting for analyzer connections on 0.0.0.0:10002...
2026-09-30 23:13:53.834 +03:00 [INF] Now listening on: http://localhost:5010
2026-09-30 23:13:53.838 +03:00 [INF] Application started. Press Ctrl+C to shut down.
2026-09-30 23:13:53.842 +03:00 [INF] Hosting environment: Development
2026-09-30 23:13:53.844 +03:00 [INF] Content root path: C:\Users\ASUS\source\repos\CMS\src\CMS.API
2026-09-30 23:14:21.084 +03:00 [INF] Request starting HTTP/1.1 GET http://127.0.0.1:5010/api/v1/settings - null null
2026-09-30 23:14:21.084 +03:00 [INF] Request starting HTTP/1.1 GET http://127.0.0.1:5010/api/v1/dashboard/metrics - null null
2026-09-30 23:14:21.084 +03:00 [INF] Request starting HTTP/1.1 GET http://127.0.0.1:5010/api/v1/notifications - application/json null
2026-09-30 23:14:21.394 +03:00 [INF] Executing endpoint 'CMS.API.Controllers.SettingsController.GetSettings (CMS.API)'
2026-09-30 23:14:21.394 +03:00 [INF] Executing endpoint 'CMS.API.Controllers.NotificationsController.GetNotifications (CMS.API)'
2026-09-30 23:14:21.394 +03:00 [INF] Executing endpoint 'CMS.API.Controllers.DashboardController.GetMetrics (CMS.API)'
2026-09-30 23:14:21.427 +03:00 [INF] Route matched with {action = "GetMetrics", controller = "Dashboard"}. Executing controller action with signature System.Threading.Tasks.Task`1[Microsoft.AspNetCore.Mvc.IActionResult] GetMetrics() on controller CMS.API.Controllers.DashboardController (CMS.API).
2026-09-30 23:14:21.427 +03:00 [INF] Route matched with {action = "GetSettings", controller = "Settings"}. Executing controller action with signature System.Threading.Tasks.Task`1[Microsoft.AspNetCore.Mvc.IActionResult] GetSettings() on controller CMS.API.Controllers.SettingsController (CMS.API).
2026-09-30 23:14:21.428 +03:00 [INF] Route matched with {action = "GetNotifications", controller = "Notifications"}. Executing controller action with signature System.Threading.Tasks.Task`1[Microsoft.AspNetCore.Mvc.IActionResult] GetNotifications(System.Nullable`1[System.Int32], System.String) on controller CMS.API.Controllers.NotificationsController (CMS.API).
2026-09-30 23:14:21.939 +03:00 [INF] Executing OkObjectResult, writing value of type 'CMS.Shared.DTOs.ApiResponse`1[[System.Collections.Generic.List`1[[CMS.Shared.DTOs.ClinicSettingDto, CMS.Shared, Version=1.0.0.0, Culture=neutral, PublicKeyToken=null]], System.Private.CoreLib, Version=8.0.0.0, Culture=neutral, PublicKeyToken=7cec85d7bea7798e]]'.
2026-09-30 23:14:21.939 +03:00 [INF] Executing OkObjectResult, writing value of type 'CMS.Shared.DTOs.ApiResponse`1[[System.Collections.Generic.List`1[[CMS.Shared.DTOs.NotificationItemDto, CMS.Shared, Version=1.0.0.0, Culture=neutral, PublicKeyToken=null]], System.Private.CoreLib, Version=8.0.0.0, Culture=neutral, PublicKeyToken=7cec85d7bea7798e]]'.
2026-09-30 23:14:22.011 +03:00 [INF] Executed action CMS.API.Controllers.SettingsController.GetSettings (CMS.API) in 565.5753ms
2026-09-30 23:14:22.022 +03:00 [INF] Request starting HTTP/1.1 GET http://127.0.0.1:5010/api/v1/settings - null null
2026-09-30 23:14:22.027 +03:00 [INF] Executed endpoint 'CMS.API.Controllers.SettingsController.GetSettings (CMS.API)'
2026-09-30 23:14:22.042 +03:00 [INF] Request finished HTTP/1.1 GET http://127.0.0.1:5010/api/v1/settings - 200 null application/json; charset=utf-8 963.2399ms
2026-09-30 23:14:22.045 +03:00 [INF] Executed action CMS.API.Controllers.NotificationsController.GetNotifications (CMS.API) in 597.886ms
2026-09-30 23:14:22.047 +03:00 [INF] Executing endpoint 'CMS.API.Controllers.SettingsController.GetSettings (CMS.API)'
2026-09-30 23:14:22.058 +03:00 [INF] Request starting HTTP/1.1 GET http://127.0.0.1:5010/api/v1/notifications - application/json null
2026-09-30 23:14:22.061 +03:00 [INF] Executed endpoint 'CMS.API.Controllers.NotificationsController.GetNotifications (CMS.API)'
2026-09-30 23:14:22.065 +03:00 [INF] Route matched with {action = "GetSettings", controller = "Settings"}. Executing controller action with signature System.Threading.Tasks.Task`1[Microsoft.AspNetCore.Mvc.IActionResult] GetSettings() on controller CMS.API.Controllers.SettingsController (CMS.API).
2026-09-30 23:14:22.075 +03:00 [INF] Executing endpoint 'CMS.API.Controllers.NotificationsController.GetNotifications (CMS.API)'
2026-09-30 23:14:22.078 +03:00 [INF] Request finished HTTP/1.1 GET http://127.0.0.1:5010/api/v1/notifications - 200 null application/json; charset=utf-8 999.5781ms
2026-09-30 23:14:22.088 +03:00 [INF] Route matched with {action = "GetNotifications", controller = "Notifications"}. Executing controller action with signature System.Threading.Tasks.Task`1[Microsoft.AspNetCore.Mvc.IActionResult] GetNotifications(System.Nullable`1[System.Int32], System.String) on controller CMS.API.Controllers.NotificationsController (CMS.API).
2026-09-30 23:14:22.094 +03:00 [INF] Executing OkObjectResult, writing value of type 'CMS.Shared.DTOs.ApiResponse`1[[System.Collections.Generic.List`1[[CMS.Shared.DTOs.ClinicSettingDto, CMS.Shared, Version=1.0.0.0, Culture=neutral, PublicKeyToken=null]], System.Private.CoreLib, Version=8.0.0.0, Culture=neutral, PublicKeyToken=7cec85d7bea7798e]]'.
2026-09-30 23:14:22.105 +03:00 [INF] Executing OkObjectResult, writing value of type 'CMS.Shared.DTOs.ApiResponse`1[[System.Collections.Generic.List`1[[CMS.Shared.DTOs.NotificationItemDto, CMS.Shared, Version=1.0.0.0, Culture=neutral, PublicKeyToken=null]], System.Private.CoreLib, Version=8.0.0.0, Culture=neutral, PublicKeyToken=7cec85d7bea7798e]]'.
2026-09-30 23:14:22.108 +03:00 [INF] Executed action CMS.API.Controllers.SettingsController.GetSettings (CMS.API) in 23.6614ms
2026-09-30 23:14:22.114 +03:00 [INF] Executed action CMS.API.Controllers.NotificationsController.GetNotifications (CMS.API) in 10.2831ms
2026-09-30 23:14:22.115 +03:00 [INF] Request starting HTTP/1.1 GET http://127.0.0.1:5010/api/v1/settings - null null
2026-09-30 23:14:22.118 +03:00 [INF] Executed endpoint 'CMS.API.Controllers.SettingsController.GetSettings (CMS.API)'
2026-09-30 23:14:22.122 +03:00 [INF] Executed endpoint 'CMS.API.Controllers.NotificationsController.GetNotifications (CMS.API)'
2026-09-30 23:14:22.130 +03:00 [INF] Executing endpoint 'CMS.API.Controllers.SettingsController.GetSettings (CMS.API)'
2026-09-30 23:14:22.133 +03:00 [INF] Request finished HTTP/1.1 GET http://127.0.0.1:5010/api/v1/settings - 200 null application/json; charset=utf-8 111.2132ms
2026-09-30 23:14:22.137 +03:00 [INF] Request finished HTTP/1.1 GET http://127.0.0.1:5010/api/v1/notifications - 200 null application/json; charset=utf-8 78.8221ms
2026-09-30 23:14:22.142 +03:00 [INF] Route matched with {action = "GetSettings", controller = "Settings"}. Executing controller action with signature System.Threading.Tasks.Task`1[Microsoft.AspNetCore.Mvc.IActionResult] GetSettings() on controller CMS.API.Controllers.SettingsController (CMS.API).
2026-09-30 23:14:22.180 +03:00 [INF] Executing OkObjectResult, writing value of type 'CMS.Shared.DTOs.ApiResponse`1[[System.Collections.Generic.List`1[[CMS.Shared.DTOs.ClinicSettingDto, CMS.Shared, Version=1.0.0.0, Culture=neutral, PublicKeyToken=null]], System.Private.CoreLib, Version=8.0.0.0, Culture=neutral, PublicKeyToken=7cec85d7bea7798e]]'.
2026-09-30 23:14:22.186 +03:00 [INF] Executed action CMS.API.Controllers.SettingsController.GetSettings (CMS.API) in 12.7457ms
2026-09-30 23:14:22.192 +03:00 [INF] Executed endpoint 'CMS.API.Controllers.SettingsController.GetSettings (CMS.API)'
2026-09-30 23:14:22.197 +03:00 [INF] Request finished HTTP/1.1 GET http://127.0.0.1:5010/api/v1/settings - 200 null application/json; charset=utf-8 81.5277ms
2026-09-30 23:14:22.204 +03:00 [INF] Request starting HTTP/1.1 GET http://127.0.0.1:5010/api/v1/settings - null null
2026-09-30 23:14:22.211 +03:00 [INF] Executing OkObjectResult, writing value of type 'CMS.Shared.DTOs.ApiResponse`1[[CMS.Shared.DTOs.DashboardMetricsDto, CMS.Shared, Version=1.0.0.0, Culture=neutral, PublicKeyToken=null]]'.
2026-09-30 23:14:22.225 +03:00 [INF] Executing endpoint 'CMS.API.Controllers.SettingsController.GetSettings (CMS.API)'
2026-09-30 23:14:22.233 +03:00 [INF] Route matched with {action = "GetSettings", controller = "Settings"}. Executing controller action with signature System.Threading.Tasks.Task`1[Microsoft.AspNetCore.Mvc.IActionResult] GetSettings() on controller CMS.API.Controllers.SettingsController (CMS.API).
2026-09-30 23:14:22.250 +03:00 [INF] Executing OkObjectResult, writing value of type 'CMS.Shared.DTOs.ApiResponse`1[[System.Collections.Generic.List`1[[CMS.Shared.DTOs.ClinicSettingDto, CMS.Shared, Version=1.0.0.0, Culture=neutral, PublicKeyToken=null]], System.Private.CoreLib, Version=8.0.0.0, Culture=neutral, PublicKeyToken=7cec85d7bea7798e]]'.
2026-09-30 23:14:22.257 +03:00 [INF] Executed action CMS.API.Controllers.SettingsController.GetSettings (CMS.API) in 13.9192ms
2026-09-30 23:14:22.262 +03:00 [INF] Executed endpoint 'CMS.API.Controllers.SettingsController.GetSettings (CMS.API)'
2026-09-30 23:14:22.265 +03:00 [INF] Request starting HTTP/1.1 GET http://127.0.0.1:5010/api/v1/settings - null null
2026-09-30 23:14:22.266 +03:00 [INF] Request finished HTTP/1.1 GET http://127.0.0.1:5010/api/v1/settings - 200 null application/json; charset=utf-8 62.6921ms
2026-09-30 23:14:22.276 +03:00 [INF] Executing endpoint 'CMS.API.Controllers.SettingsController.GetSettings (CMS.API)'
2026-09-30 23:14:22.292 +03:00 [INF] Route matched with {action = "GetSettings", controller = "Settings"}. Executing controller action with signature System.Threading.Tasks.Task`1[Microsoft.AspNetCore.Mvc.IActionResult] GetSettings() on controller CMS.API.Controllers.SettingsController (CMS.API).
2026-09-30 23:14:22.300 +03:00 [INF] Executed action CMS.API.Controllers.DashboardController.GetMetrics (CMS.API) in 866.5208ms
2026-09-30 23:14:22.306 +03:00 [INF] Executed endpoint 'CMS.API.Controllers.DashboardController.GetMetrics (CMS.API)'
2026-09-30 23:14:22.307 +03:00 [INF] Executing OkObjectResult, writing value of type 'CMS.Shared.DTOs.ApiResponse`1[[System.Collections.Generic.List`1[[CMS.Shared.DTOs.ClinicSettingDto, CMS.Shared, Version=1.0.0.0, Culture=neutral, PublicKeyToken=null]], System.Private.CoreLib, Version=8.0.0.0, Culture=neutral, PublicKeyToken=7cec85d7bea7798e]]'.
2026-09-30 23:14:22.309 +03:00 [INF] Request starting HTTP/1.1 GET http://127.0.0.1:5010/api/v1/dashboard/metrics - null null
2026-09-30 23:14:22.310 +03:00 [INF] Request finished HTTP/1.1 GET http://127.0.0.1:5010/api/v1/dashboard/metrics - 200 null application/json; charset=utf-8 1232.5279ms
2026-09-30 23:14:22.316 +03:00 [INF] Executed action CMS.API.Controllers.SettingsController.GetSettings (CMS.API) in 17.722ms
2026-09-30 23:14:22.326 +03:00 [INF] Request starting HTTP/1.1 GET http://127.0.0.1:5010/api/v1/settings - null null
2026-09-30 23:14:22.326 +03:00 [INF] Executing endpoint 'CMS.API.Controllers.DashboardController.GetMetrics (CMS.API)'
2026-09-30 23:14:22.340 +03:00 [INF] Executed endpoint 'CMS.API.Controllers.SettingsController.GetSettings (CMS.API)'
2026-09-30 23:14:22.349 +03:00 [INF] Executing endpoint 'CMS.API.Controllers.SettingsController.GetSettings (CMS.API)'
2026-09-30 23:14:22.352 +03:00 [INF] Route matched with {action = "GetMetrics", controller = "Dashboard"}. Executing controller action with signature System.Threading.Tasks.Task`1[Microsoft.AspNetCore.Mvc.IActionResult] GetMetrics() on controller CMS.API.Controllers.DashboardController (CMS.API).
2026-09-30 23:14:22.355 +03:00 [INF] Request finished HTTP/1.1 GET http://127.0.0.1:5010/api/v1/settings - 200 null application/json; charset=utf-8 89.6687ms
2026-09-30 23:14:22.360 +03:00 [INF] Route matched with {action = "GetSettings", controller = "Settings"}. Executing controller action with signature System.Threading.Tasks.Task`1[Microsoft.AspNetCore.Mvc.IActionResult] GetSettings() on controller CMS.API.Controllers.SettingsController (CMS.API).
2026-09-30 23:14:22.391 +03:00 [INF] Executing OkObjectResult, writing value of type 'CMS.Shared.DTOs.ApiResponse`1[[System.Collections.Generic.List`1[[CMS.Shared.DTOs.ClinicSettingDto, CMS.Shared, Version=1.0.0.0, Culture=neutral, PublicKeyToken=null]], System.Private.CoreLib, Version=8.0.0.0, Culture=neutral, PublicKeyToken=7cec85d7bea7798e]]'.
2026-09-30 23:14:22.395 +03:00 [INF] Executed action CMS.API.Controllers.SettingsController.GetSettings (CMS.API) in 13.7883ms
2026-09-30 23:14:22.400 +03:00 [INF] Executed endpoint 'CMS.API.Controllers.SettingsController.GetSettings (CMS.API)'
2026-09-30 23:14:22.404 +03:00 [INF] Request finished HTTP/1.1 GET http://127.0.0.1:5010/api/v1/settings - 200 null application/json; charset=utf-8 78.3747ms
2026-09-30 23:14:22.625 +03:00 [INF] Executing OkObjectResult, writing value of type 'CMS.Shared.DTOs.ApiResponse`1[[CMS.Shared.DTOs.DashboardMetricsDto, CMS.Shared, Version=1.0.0.0, Culture=neutral, PublicKeyToken=null]]'.
2026-09-30 23:14:22.631 +03:00 [INF] Executed action CMS.API.Controllers.DashboardController.GetMetrics (CMS.API) in 264.736ms
2026-09-30 23:14:22.637 +03:00 [INF] Executed endpoint 'CMS.API.Controllers.DashboardController.GetMetrics (CMS.API)'
2026-09-30 23:14:22.640 +03:00 [INF] Request finished HTTP/1.1 GET http://127.0.0.1:5010/api/v1/dashboard/metrics - 200 null application/json; charset=utf-8 330.8354ms
2026-09-30 23:14:29.928 +03:00 [INF] Request starting HTTP/1.1 GET http://127.0.0.1:5010/api/v1/settings - null null
2026-09-30 23:14:29.929 +03:00 [INF] Request starting HTTP/1.1 GET http://127.0.0.1:5010/api/v1/notifications - application/json null
2026-09-30 23:14:29.934 +03:00 [INF] Request starting HTTP/1.1 GET http://127.0.0.1:5010/api/v1/dashboard/metrics - null null
2026-09-30 23:14:29.935 +03:00 [INF] Request starting HTTP/1.1 GET http://127.0.0.1:5010/api/v1/settings - null null
2026-09-30 23:14:29.936 +03:00 [INF] Request starting HTTP/1.1 GET http://127.0.0.1:5010/api/v1/notifications - application/json null
2026-09-30 23:14:29.937 +03:00 [INF] Request starting HTTP/1.1 GET http://127.0.0.1:5010/api/v1/dashboard/metrics - null null
2026-09-30 23:14:29.947 +03:00 [INF] Executing endpoint 'CMS.API.Controllers.SettingsController.GetSettings (CMS.API)'
2026-09-30 23:14:29.958 +03:00 [INF] Executing endpoint 'CMS.API.Controllers.NotificationsController.GetNotifications (CMS.API)'
2026-09-30 23:14:29.968 +03:00 [INF] Executing endpoint 'CMS.API.Controllers.DashboardController.GetMetrics (CMS.API)'
2026-09-30 23:14:29.977 +03:00 [INF] Executing endpoint 'CMS.API.Controllers.SettingsController.GetSettings (CMS.API)'
2026-09-30 23:14:29.997 +03:00 [INF] Executing endpoint 'CMS.API.Controllers.NotificationsController.GetNotifications (CMS.API)'
2026-09-30 23:14:30.010 +03:00 [INF] Executing endpoint 'CMS.API.Controllers.DashboardController.GetMetrics (CMS.API)'
2026-09-30 23:14:30.013 +03:00 [INF] Route matched with {action = "GetSettings", controller = "Settings"}. Executing controller action with signature System.Threading.Tasks.Task`1[Microsoft.AspNetCore.Mvc.IActionResult] GetSettings() on controller CMS.API.Controllers.SettingsController (CMS.API).
2026-09-30 23:14:30.022 +03:00 [INF] Route matched with {action = "GetNotifications", controller = "Notifications"}. Executing controller action with signature System.Threading.Tasks.Task`1[Microsoft.AspNetCore.Mvc.IActionResult] GetNotifications(System.Nullable`1[System.Int32], System.String) on controller CMS.API.Controllers.NotificationsController (CMS.API).
2026-09-30 23:14:30.027 +03:00 [INF] Route matched with {action = "GetMetrics", controller = "Dashboard"}. Executing controller action with signature System.Threading.Tasks.Task`1[Microsoft.AspNetCore.Mvc.IActionResult] GetMetrics() on controller CMS.API.Controllers.DashboardController (CMS.API).
2026-09-30 23:14:30.031 +03:00 [INF] Route matched with {action = "GetSettings", controller = "Settings"}. Executing controller action with signature System.Threading.Tasks.Task`1[Microsoft.AspNetCore.Mvc.IActionResult] GetSettings() on controller CMS.API.Controllers.SettingsController (CMS.API).
2026-09-30 23:14:30.035 +03:00 [INF] Route matched with {action = "GetNotifications", controller = "Notifications"}. Executing controller action with signature System.Threading.Tasks.Task`1[Microsoft.AspNetCore.Mvc.IActionResult] GetNotifications(System.Nullable`1[System.Int32], System.String) on controller CMS.API.Controllers.NotificationsController (CMS.API).
2026-09-30 23:14:30.042 +03:00 [INF] Route matched with {action = "GetMetrics", controller = "Dashboard"}. Executing controller action with signature System.Threading.Tasks.Task`1[Microsoft.AspNetCore.Mvc.IActionResult] GetMetrics() on controller CMS.API.Controllers.DashboardController (CMS.API).
2026-09-30 23:14:30.058 +03:00 [INF] Executing OkObjectResult, writing value of type 'CMS.Shared.DTOs.ApiResponse`1[[System.Collections.Generic.List`1[[CMS.Shared.DTOs.NotificationItemDto, CMS.Shared, Version=1.0.0.0, Culture=neutral, PublicKeyToken=null]], System.Private.CoreLib, Version=8.0.0.0, Culture=neutral, PublicKeyToken=7cec85d7bea7798e]]'.
2026-09-30 23:14:30.058 +03:00 [INF] Executing OkObjectResult, writing value of type 'CMS.Shared.DTOs.ApiResponse`1[[System.Collections.Generic.List`1[[CMS.Shared.DTOs.ClinicSettingDto, CMS.Shared, Version=1.0.0.0, Culture=neutral, PublicKeyToken=null]], System.Private.CoreLib, Version=8.0.0.0, Culture=neutral, PublicKeyToken=7cec85d7bea7798e]]'.
2026-09-30 23:14:30.076 +03:00 [INF] Executing OkObjectResult, writing value of type 'CMS.Shared.DTOs.ApiResponse`1[[System.Collections.Generic.List`1[[CMS.Shared.DTOs.ClinicSettingDto, CMS.Shared, Version=1.0.0.0, Culture=neutral, PublicKeyToken=null]], System.Private.CoreLib, Version=8.0.0.0, Culture=neutral, PublicKeyToken=7cec85d7bea7798e]]'.
2026-09-30 23:14:30.082 +03:00 [INF] Executing OkObjectResult, writing value of type 'CMS.Shared.DTOs.ApiResponse`1[[System.Collections.Generic.List`1[[CMS.Shared.DTOs.NotificationItemDto, CMS.Shared, Version=1.0.0.0, Culture=neutral, PublicKeyToken=null]], System.Private.CoreLib, Version=8.0.0.0, Culture=neutral, PublicKeyToken=7cec85d7bea7798e]]'.
2026-09-30 23:14:30.115 +03:00 [INF] Executed action CMS.API.Controllers.NotificationsController.GetNotifications (CMS.API) in 59.5821ms
2026-09-30 23:14:30.124 +03:00 [INF] Executed action CMS.API.Controllers.SettingsController.GetSettings (CMS.API) in 77.62ms
2026-09-30 23:14:30.132 +03:00 [INF] Executed action CMS.API.Controllers.SettingsController.GetSettings (CMS.API) in 58.9851ms
2026-09-30 23:14:30.144 +03:00 [INF] Executed action CMS.API.Controllers.NotificationsController.GetNotifications (CMS.API) in 62.2528ms
2026-09-30 23:14:30.150 +03:00 [INF] Executed endpoint 'CMS.API.Controllers.NotificationsController.GetNotifications (CMS.API)'
2026-09-30 23:14:30.156 +03:00 [INF] Executed endpoint 'CMS.API.Controllers.SettingsController.GetSettings (CMS.API)'
2026-09-30 23:14:30.163 +03:00 [INF] Executed endpoint 'CMS.API.Controllers.SettingsController.GetSettings (CMS.API)'
2026-09-30 23:14:30.170 +03:00 [INF] Executed endpoint 'CMS.API.Controllers.NotificationsController.GetNotifications (CMS.API)'
2026-09-30 23:14:30.180 +03:00 [INF] Request finished HTTP/1.1 GET http://127.0.0.1:5010/api/v1/notifications - 200 null application/json; charset=utf-8 248.7971ms
2026-09-30 23:14:30.193 +03:00 [INF] Request finished HTTP/1.1 GET http://127.0.0.1:5010/api/v1/settings - 200 null application/json; charset=utf-8 264.3289ms
2026-09-30 23:14:30.198 +03:00 [INF] Request finished HTTP/1.1 GET http://127.0.0.1:5010/api/v1/settings - 200 null application/json; charset=utf-8 262.3538ms
2026-09-30 23:14:30.189 +03:00 [INF] Request starting HTTP/1.1 GET http://127.0.0.1:5010/api/v1/settings - null null
2026-09-30 23:14:30.203 +03:00 [INF] Request starting HTTP/1.1 GET http://127.0.0.1:5010/api/v1/settings - null null
2026-09-30 23:14:30.211 +03:00 [INF] Request starting HTTP/1.1 GET http://127.0.0.1:5010/api/v1/settings - null null
2026-09-30 23:14:30.212 +03:00 [INF] Request finished HTTP/1.1 GET http://127.0.0.1:5010/api/v1/notifications - 200 null application/json; charset=utf-8 275.9417ms
2026-09-30 23:14:30.220 +03:00 [INF] Request starting HTTP/1.1 GET http://127.0.0.1:5010/api/v1/settings - null null
2026-09-30 23:14:30.281 +03:00 [INF] Executing endpoint 'CMS.API.Controllers.SettingsController.GetSettings (CMS.API)'
2026-09-30 23:14:30.281 +03:00 [INF] Executing OkObjectResult, writing value of type 'CMS.Shared.DTOs.ApiResponse`1[[CMS.Shared.DTOs.DashboardMetricsDto, CMS.Shared, Version=1.0.0.0, Culture=neutral, PublicKeyToken=null]]'.
2026-09-30 23:14:30.294 +03:00 [INF] Executing endpoint 'CMS.API.Controllers.SettingsController.GetSettings (CMS.API)'
2026-09-30 23:14:30.301 +03:00 [INF] Executing OkObjectResult, writing value of type 'CMS.Shared.DTOs.ApiResponse`1[[CMS.Shared.DTOs.DashboardMetricsDto, CMS.Shared, Version=1.0.0.0, Culture=neutral, PublicKeyToken=null]]'.
2026-09-30 23:14:30.303 +03:00 [INF] Executing endpoint 'CMS.API.Controllers.SettingsController.GetSettings (CMS.API)'
2026-09-30 23:14:30.325 +03:00 [INF] Executing endpoint 'CMS.API.Controllers.SettingsController.GetSettings (CMS.API)'
2026-09-30 23:14:30.328 +03:00 [INF] Route matched with {action = "GetSettings", controller = "Settings"}. Executing controller action with signature System.Threading.Tasks.Task`1[Microsoft.AspNetCore.Mvc.IActionResult] GetSettings() on controller CMS.API.Controllers.SettingsController (CMS.API).
2026-09-30 23:14:30.333 +03:00 [INF] Executed action CMS.API.Controllers.DashboardController.GetMetrics (CMS.API) in 269.8132ms
2026-09-30 23:14:30.337 +03:00 [INF] Route matched with {action = "GetSettings", controller = "Settings"}. Executing controller action with signature System.Threading.Tasks.Task`1[Microsoft.AspNetCore.Mvc.IActionResult] GetSettings() on controller CMS.API.Controllers.SettingsController (CMS.API).
2026-09-30 23:14:30.342 +03:00 [INF] Executed action CMS.API.Controllers.DashboardController.GetMetrics (CMS.API) in 246.0605ms
2026-09-30 23:14:30.348 +03:00 [INF] Route matched with {action = "GetSettings", controller = "Settings"}. Executing controller action with signature System.Threading.Tasks.Task`1[Microsoft.AspNetCore.Mvc.IActionResult] GetSettings() on controller CMS.API.Controllers.SettingsController (CMS.API).
2026-09-30 23:14:30.489 +03:00 [INF] Route matched with {action = "GetSettings", controller = "Settings"}. Executing controller action with signature System.Threading.Tasks.Task`1[Microsoft.AspNetCore.Mvc.IActionResult] GetSettings() on controller CMS.API.Controllers.SettingsController (CMS.API).
2026-09-30 23:14:30.514 +03:00 [INF] Executing OkObjectResult, writing value of type 'CMS.Shared.DTOs.ApiResponse`1[[System.Collections.Generic.List`1[[CMS.Shared.DTOs.ClinicSettingDto, CMS.Shared, Version=1.0.0.0, Culture=neutral, PublicKeyToken=null]], System.Private.CoreLib, Version=8.0.0.0, Culture=neutral, PublicKeyToken=7cec85d7bea7798e]]'.
2026-09-30 23:14:30.524 +03:00 [INF] Executed endpoint 'CMS.API.Controllers.DashboardController.GetMetrics (CMS.API)'
2026-09-30 23:14:30.546 +03:00 [INF] Executing OkObjectResult, writing value of type 'CMS.Shared.DTOs.ApiResponse`1[[System.Collections.Generic.List`1[[CMS.Shared.DTOs.ClinicSettingDto, CMS.Shared, Version=1.0.0.0, Culture=neutral, PublicKeyToken=null]], System.Private.CoreLib, Version=8.0.0.0, Culture=neutral, PublicKeyToken=7cec85d7bea7798e]]'.
2026-09-30 23:14:30.558 +03:00 [INF] Executed endpoint 'CMS.API.Controllers.DashboardController.GetMetrics (CMS.API)'
2026-09-30 23:14:30.569 +03:00 [INF] Executing OkObjectResult, writing value of type 'CMS.Shared.DTOs.ApiResponse`1[[System.Collections.Generic.List`1[[CMS.Shared.DTOs.ClinicSettingDto, CMS.Shared, Version=1.0.0.0, Culture=neutral, PublicKeyToken=null]], System.Private.CoreLib, Version=8.0.0.0, Culture=neutral, PublicKeyToken=7cec85d7bea7798e]]'.
2026-09-30 23:14:30.576 +03:00 [INF] Executing OkObjectResult, writing value of type 'CMS.Shared.DTOs.ApiResponse`1[[System.Collections.Generic.List`1[[CMS.Shared.DTOs.ClinicSettingDto, CMS.Shared, Version=1.0.0.0, Culture=neutral, PublicKeyToken=null]], System.Private.CoreLib, Version=8.0.0.0, Culture=neutral, PublicKeyToken=7cec85d7bea7798e]]'.
2026-09-30 23:14:30.579 +03:00 [INF] Executed action CMS.API.Controllers.SettingsController.GetSettings (CMS.API) in 67.8611ms
2026-09-30 23:14:30.582 +03:00 [INF] Request finished HTTP/1.1 GET http://127.0.0.1:5010/api/v1/dashboard/metrics - 200 null application/json; charset=utf-8 648.4847ms
2026-09-30 23:14:30.589 +03:00 [INF] Executed action CMS.API.Controllers.SettingsController.GetSettings (CMS.API) in 46.9913ms
2026-09-30 23:14:30.593 +03:00 [INF] Request finished HTTP/1.1 GET http://127.0.0.1:5010/api/v1/dashboard/metrics - 200 null application/json; charset=utf-8 656.4513ms
2026-09-30 23:14:30.599 +03:00 [INF] Executed action CMS.API.Controllers.SettingsController.GetSettings (CMS.API) in 32.2329ms
2026-09-30 23:14:30.608 +03:00 [INF] Executed action CMS.API.Controllers.SettingsController.GetSettings (CMS.API) in 34.6032ms
2026-09-30 23:14:30.613 +03:00 [INF] Executed endpoint 'CMS.API.Controllers.SettingsController.GetSettings (CMS.API)'
2026-09-30 23:14:30.632 +03:00 [INF] Executed endpoint 'CMS.API.Controllers.SettingsController.GetSettings (CMS.API)'
2026-09-30 23:14:30.651 +03:00 [INF] Executed endpoint 'CMS.API.Controllers.SettingsController.GetSettings (CMS.API)'
2026-09-30 23:14:30.656 +03:00 [INF] Executed endpoint 'CMS.API.Controllers.SettingsController.GetSettings (CMS.API)'
2026-09-30 23:14:30.659 +03:00 [INF] Request finished HTTP/1.1 GET http://127.0.0.1:5010/api/v1/settings - 200 null application/json; charset=utf-8 470.0436ms
2026-09-30 23:14:30.664 +03:00 [INF] Request finished HTTP/1.1 GET http://127.0.0.1:5010/api/v1/settings - 200 null application/json; charset=utf-8 460.4704ms
2026-09-30 23:14:30.668 +03:00 [INF] Request finished HTTP/1.1 GET http://127.0.0.1:5010/api/v1/settings - 200 null application/json; charset=utf-8 456.8362ms
2026-09-30 23:14:30.677 +03:00 [INF] Request finished HTTP/1.1 GET http://127.0.0.1:5010/api/v1/settings - 200 null application/json; charset=utf-8 456.7546ms
2026-09-30 23:14:35.065 +03:00 [INF] Request starting HTTP/1.1 GET http://127.0.0.1:5010/api/v1/settings - null null
2026-09-30 23:14:35.066 +03:00 [INF] Request starting HTTP/1.1 GET http://127.0.0.1:5010/api/v1/notifications - application/json null
2026-09-30 23:14:35.067 +03:00 [INF] Request starting HTTP/1.1 GET http://127.0.0.1:5010/api/v1/dashboard/metrics - null null
2026-09-30 23:14:35.068 +03:00 [INF] Request starting HTTP/1.1 GET http://127.0.0.1:5010/api/v1/settings - null null
2026-09-30 23:14:35.070 +03:00 [INF] Request starting HTTP/1.1 GET http://127.0.0.1:5010/api/v1/dashboard/metrics - null null
2026-09-30 23:14:35.071 +03:00 [INF] Request starting HTTP/1.1 GET http://127.0.0.1:5010/api/v1/notifications - application/json null
2026-09-30 23:14:35.080 +03:00 [INF] Executing endpoint 'CMS.API.Controllers.SettingsController.GetSettings (CMS.API)'
2026-09-30 23:14:35.098 +03:00 [INF] Executing endpoint 'CMS.API.Controllers.NotificationsController.GetNotifications (CMS.API)'
2026-09-30 23:14:35.110 +03:00 [INF] Executing endpoint 'CMS.API.Controllers.DashboardController.GetMetrics (CMS.API)'
2026-09-30 23:14:35.127 +03:00 [INF] Executing endpoint 'CMS.API.Controllers.SettingsController.GetSettings (CMS.API)'
2026-09-30 23:14:35.137 +03:00 [INF] Executing endpoint 'CMS.API.Controllers.DashboardController.GetMetrics (CMS.API)'
2026-09-30 23:14:35.147 +03:00 [INF] Executing endpoint 'CMS.API.Controllers.NotificationsController.GetNotifications (CMS.API)'
2026-09-30 23:14:35.150 +03:00 [INF] Route matched with {action = "GetSettings", controller = "Settings"}. Executing controller action with signature System.Threading.Tasks.Task`1[Microsoft.AspNetCore.Mvc.IActionResult] GetSettings() on controller CMS.API.Controllers.SettingsController (CMS.API).
2026-09-30 23:14:35.155 +03:00 [INF] Route matched with {action = "GetNotifications", controller = "Notifications"}. Executing controller action with signature System.Threading.Tasks.Task`1[Microsoft.AspNetCore.Mvc.IActionResult] GetNotifications(System.Nullable`1[System.Int32], System.String) on controller CMS.API.Controllers.NotificationsController (CMS.API).
2026-09-30 23:14:35.158 +03:00 [INF] Route matched with {action = "GetMetrics", controller = "Dashboard"}. Executing controller action with signature System.Threading.Tasks.Task`1[Microsoft.AspNetCore.Mvc.IActionResult] GetMetrics() on controller CMS.API.Controllers.DashboardController (CMS.API).
2026-09-30 23:14:35.163 +03:00 [INF] Route matched with {action = "GetSettings", controller = "Settings"}. Executing controller action with signature System.Threading.Tasks.Task`1[Microsoft.AspNetCore.Mvc.IActionResult] GetSettings() on controller CMS.API.Controllers.SettingsController (CMS.API).
2026-09-30 23:14:35.166 +03:00 [INF] Route matched with {action = "GetMetrics", controller = "Dashboard"}. Executing controller action with signature System.Threading.Tasks.Task`1[Microsoft.AspNetCore.Mvc.IActionResult] GetMetrics() on controller CMS.API.Controllers.DashboardController (CMS.API).
2026-09-30 23:14:35.171 +03:00 [INF] Route matched with {action = "GetNotifications", controller = "Notifications"}. Executing controller action with signature System.Threading.Tasks.Task`1[Microsoft.AspNetCore.Mvc.IActionResult] GetNotifications(System.Nullable`1[System.Int32], System.String) on controller CMS.API.Controllers.NotificationsController (CMS.API).
2026-09-30 23:14:35.195 +03:00 [INF] Executing OkObjectResult, writing value of type 'CMS.Shared.DTOs.ApiResponse`1[[System.Collections.Generic.List`1[[CMS.Shared.DTOs.ClinicSettingDto, CMS.Shared, Version=1.0.0.0, Culture=neutral, PublicKeyToken=null]], System.Private.CoreLib, Version=8.0.0.0, Culture=neutral, PublicKeyToken=7cec85d7bea7798e]]'.
2026-09-30 23:14:35.200 +03:00 [INF] Executing OkObjectResult, writing value of type 'CMS.Shared.DTOs.ApiResponse`1[[System.Collections.Generic.List`1[[CMS.Shared.DTOs.NotificationItemDto, CMS.Shared, Version=1.0.0.0, Culture=neutral, PublicKeyToken=null]], System.Private.CoreLib, Version=8.0.0.0, Culture=neutral, PublicKeyToken=7cec85d7bea7798e]]'.
2026-09-30 23:14:35.231 +03:00 [INF] Executing OkObjectResult, writing value of type 'CMS.Shared.DTOs.ApiResponse`1[[System.Collections.Generic.List`1[[CMS.Shared.DTOs.ClinicSettingDto, CMS.Shared, Version=1.0.0.0, Culture=neutral, PublicKeyToken=null]], System.Private.CoreLib, Version=8.0.0.0, Culture=neutral, PublicKeyToken=7cec85d7bea7798e]]'.
2026-09-30 23:14:35.246 +03:00 [INF] Executing OkObjectResult, writing value of type 'CMS.Shared.DTOs.ApiResponse`1[[System.Collections.Generic.List`1[[CMS.Shared.DTOs.NotificationItemDto, CMS.Shared, Version=1.0.0.0, Culture=neutral, PublicKeyToken=null]], System.Private.CoreLib, Version=8.0.0.0, Culture=neutral, PublicKeyToken=7cec85d7bea7798e]]'.
2026-09-30 23:14:35.252 +03:00 [INF] Executed action CMS.API.Controllers.SettingsController.GetSettings (CMS.API) in 62.5526ms
2026-09-30 23:14:35.259 +03:00 [INF] Executed action CMS.API.Controllers.NotificationsController.GetNotifications (CMS.API) in 60.1228ms
2026-09-30 23:14:35.264 +03:00 [INF] Executed action CMS.API.Controllers.SettingsController.GetSettings (CMS.API) in 37.2257ms
2026-09-30 23:14:35.274 +03:00 [INF] Executed action CMS.API.Controllers.NotificationsController.GetNotifications (CMS.API) in 28.2199ms
2026-09-30 23:14:35.275 +03:00 [INF] Executing OkObjectResult, writing value of type 'CMS.Shared.DTOs.ApiResponse`1[[CMS.Shared.DTOs.DashboardMetricsDto, CMS.Shared, Version=1.0.0.0, Culture=neutral, PublicKeyToken=null]]'.
2026-09-30 23:14:35.279 +03:00 [INF] Executed endpoint 'CMS.API.Controllers.SettingsController.GetSettings (CMS.API)'
2026-09-30 23:14:35.282 +03:00 [INF] Executed endpoint 'CMS.API.Controllers.NotificationsController.GetNotifications (CMS.API)'
2026-09-30 23:14:35.285 +03:00 [INF] Executing OkObjectResult, writing value of type 'CMS.Shared.DTOs.ApiResponse`1[[CMS.Shared.DTOs.DashboardMetricsDto, CMS.Shared, Version=1.0.0.0, Culture=neutral, PublicKeyToken=null]]'.
2026-09-30 23:14:35.290 +03:00 [INF] Executed endpoint 'CMS.API.Controllers.SettingsController.GetSettings (CMS.API)'
2026-09-30 23:14:35.296 +03:00 [INF] Executed endpoint 'CMS.API.Controllers.NotificationsController.GetNotifications (CMS.API)'
2026-09-30 23:14:35.300 +03:00 [INF] Executed action CMS.API.Controllers.DashboardController.GetMetrics (CMS.API) in 89.794ms
2026-09-30 23:14:35.305 +03:00 [INF] Request finished HTTP/1.1 GET http://127.0.0.1:5010/api/v1/settings - 200 null application/json; charset=utf-8 239.8729ms
2026-09-30 23:14:35.309 +03:00 [INF] Request finished HTTP/1.1 GET http://127.0.0.1:5010/api/v1/notifications - 200 null application/json; charset=utf-8 243.1222ms
2026-09-30 23:14:35.313 +03:00 [INF] Request starting HTTP/1.1 GET http://127.0.0.1:5010/api/v1/settings - null null
2026-09-30 23:14:35.314 +03:00 [INF] Executed action CMS.API.Controllers.DashboardController.GetMetrics (CMS.API) in 77.3523ms
2026-09-30 23:14:35.320 +03:00 [INF] Request finished HTTP/1.1 GET http://127.0.0.1:5010/api/v1/settings - 200 null application/json; charset=utf-8 251.6041ms
2026-09-30 23:14:35.320 +03:00 [INF] Request starting HTTP/1.1 GET http://127.0.0.1:5010/api/v1/settings - null null
2026-09-30 23:14:35.335 +03:00 [INF] Request finished HTTP/1.1 GET http://127.0.0.1:5010/api/v1/notifications - 200 null application/json; charset=utf-8 264.8854ms
2026-09-30 23:14:35.335 +03:00 [INF] Request starting HTTP/1.1 GET http://127.0.0.1:5010/api/v1/settings - null null
2026-09-30 23:14:35.343 +03:00 [INF] Executed endpoint 'CMS.API.Controllers.DashboardController.GetMetrics (CMS.API)'
2026-09-30 23:14:35.383 +03:00 [INF] Request starting HTTP/1.1 GET http://127.0.0.1:5010/api/v1/settings - null null
2026-09-30 23:14:35.418 +03:00 [INF] Executing endpoint 'CMS.API.Controllers.SettingsController.GetSettings (CMS.API)'
2026-09-30 23:14:35.422 +03:00 [INF] Executed endpoint 'CMS.API.Controllers.DashboardController.GetMetrics (CMS.API)'
2026-09-30 23:14:35.444 +03:00 [INF] Executing endpoint 'CMS.API.Controllers.SettingsController.GetSettings (CMS.API)'
2026-09-30 23:14:35.465 +03:00 [INF] Executing endpoint 'CMS.API.Controllers.SettingsController.GetSettings (CMS.API)'
2026-09-30 23:14:35.468 +03:00 [INF] Request finished HTTP/1.1 GET http://127.0.0.1:5010/api/v1/dashboard/metrics - 200 null application/json; charset=utf-8 400.3965ms
2026-09-30 23:14:35.478 +03:00 [INF] Executing endpoint 'CMS.API.Controllers.SettingsController.GetSettings (CMS.API)'
2026-09-30 23:14:35.481 +03:00 [INF] Route matched with {action = "GetSettings", controller = "Settings"}. Executing controller action with signature System.Threading.Tasks.Task`1[Microsoft.AspNetCore.Mvc.IActionResult] GetSettings() on controller CMS.API.Controllers.SettingsController (CMS.API).
2026-09-30 23:14:35.484 +03:00 [INF] Request finished HTTP/1.1 GET http://127.0.0.1:5010/api/v1/dashboard/metrics - 200 null application/json; charset=utf-8 413.8488ms
2026-09-30 23:14:35.494 +03:00 [INF] Route matched with {action = "GetSettings", controller = "Settings"}. Executing controller action with signature System.Threading.Tasks.Task`1[Microsoft.AspNetCore.Mvc.IActionResult] GetSettings() on controller CMS.API.Controllers.SettingsController (CMS.API).
2026-09-30 23:14:35.494 +03:00 [INF] Route matched with {action = "GetSettings", controller = "Settings"}. Executing controller action with signature System.Threading.Tasks.Task`1[Microsoft.AspNetCore.Mvc.IActionResult] GetSettings() on controller CMS.API.Controllers.SettingsController (CMS.API).
2026-09-30 23:14:35.511 +03:00 [INF] Route matched with {action = "GetSettings", controller = "Settings"}. Executing controller action with signature System.Threading.Tasks.Task`1[Microsoft.AspNetCore.Mvc.IActionResult] GetSettings() on controller CMS.API.Controllers.SettingsController (CMS.API).
2026-09-30 23:14:35.520 +03:00 [INF] Executing OkObjectResult, writing value of type 'CMS.Shared.DTOs.ApiResponse`1[[System.Collections.Generic.List`1[[CMS.Shared.DTOs.ClinicSettingDto, CMS.Shared, Version=1.0.0.0, Culture=neutral, PublicKeyToken=null]], System.Private.CoreLib, Version=8.0.0.0, Culture=neutral, PublicKeyToken=7cec85d7bea7798e]]'.
2026-09-30 23:14:35.538 +03:00 [INF] Executing OkObjectResult, writing value of type 'CMS.Shared.DTOs.ApiResponse`1[[System.Collections.Generic.List`1[[CMS.Shared.DTOs.ClinicSettingDto, CMS.Shared, Version=1.0.0.0, Culture=neutral, PublicKeyToken=null]], System.Private.CoreLib, Version=8.0.0.0, Culture=neutral, PublicKeyToken=7cec85d7bea7798e]]'.
2026-09-30 23:14:35.544 +03:00 [INF] Executing OkObjectResult, writing value of type 'CMS.Shared.DTOs.ApiResponse`1[[System.Collections.Generic.List`1[[CMS.Shared.DTOs.ClinicSettingDto, CMS.Shared, Version=1.0.0.0, Culture=neutral, PublicKeyToken=null]], System.Private.CoreLib, Version=8.0.0.0, Culture=neutral, PublicKeyToken=7cec85d7bea7798e]]'.
2026-09-30 23:14:35.549 +03:00 [INF] Executing OkObjectResult, writing value of type 'CMS.Shared.DTOs.ApiResponse`1[[System.Collections.Generic.List`1[[CMS.Shared.DTOs.ClinicSettingDto, CMS.Shared, Version=1.0.0.0, Culture=neutral, PublicKeyToken=null]], System.Private.CoreLib, Version=8.0.0.0, Culture=neutral, PublicKeyToken=7cec85d7bea7798e]]'.
2026-09-30 23:14:35.555 +03:00 [INF] Executed action CMS.API.Controllers.SettingsController.GetSettings (CMS.API) in 37.8478ms
2026-09-30 23:14:35.561 +03:00 [INF] Executed action CMS.API.Controllers.SettingsController.GetSettings (CMS.API) in 26.909ms
2026-09-30 23:14:35.566 +03:00 [INF] Executed action CMS.API.Controllers.SettingsController.GetSettings (CMS.API) in 23.8497ms
2026-09-30 23:14:35.570 +03:00 [INF] Executed action CMS.API.Controllers.SettingsController.GetSettings (CMS.API) in 23.0241ms
2026-09-30 23:14:35.575 +03:00 [INF] Executed endpoint 'CMS.API.Controllers.SettingsController.GetSettings (CMS.API)'
2026-09-30 23:14:35.579 +03:00 [INF] Executed endpoint 'CMS.API.Controllers.SettingsController.GetSettings (CMS.API)'
2026-09-30 23:14:35.584 +03:00 [INF] Executed endpoint 'CMS.API.Controllers.SettingsController.GetSettings (CMS.API)'
2026-09-30 23:14:35.589 +03:00 [INF] Executed endpoint 'CMS.API.Controllers.SettingsController.GetSettings (CMS.API)'
2026-09-30 23:14:35.592 +03:00 [INF] Request finished HTTP/1.1 GET http://127.0.0.1:5010/api/v1/settings - 200 null application/json; charset=utf-8 278.658ms
2026-09-30 23:14:35.596 +03:00 [INF] Request finished HTTP/1.1 GET http://127.0.0.1:5010/api/v1/settings - 200 null application/json; charset=utf-8 276.3526ms
2026-09-30 23:14:35.601 +03:00 [INF] Request finished HTTP/1.1 GET http://127.0.0.1:5010/api/v1/settings - 200 null application/json; charset=utf-8 265.7622ms
2026-09-30 23:14:35.605 +03:00 [INF] Request finished HTTP/1.1 GET http://127.0.0.1:5010/api/v1/settings - 200 null application/json; charset=utf-8 222.4461ms
2026-09-30 23:15:19.662 +03:00 [INF] Request starting HTTP/1.1 GET http://127.0.0.1:5010/api/v1/dashboard/metrics - null null
2026-09-30 23:15:19.673 +03:00 [INF] Executing endpoint 'CMS.API.Controllers.DashboardController.GetMetrics (CMS.API)'
2026-09-30 23:15:19.677 +03:00 [INF] Route matched with {action = "GetMetrics", controller = "Dashboard"}. Executing controller action with signature System.Threading.Tasks.Task`1[Microsoft.AspNetCore.Mvc.IActionResult] GetMetrics() on controller CMS.API.Controllers.DashboardController (CMS.API).
2026-09-30 23:15:19.731 +03:00 [INF] Executing OkObjectResult, writing value of type 'CMS.Shared.DTOs.ApiResponse`1[[CMS.Shared.DTOs.DashboardMetricsDto, CMS.Shared, Version=1.0.0.0, Culture=neutral, PublicKeyToken=null]]'.
2026-09-30 23:15:19.738 +03:00 [INF] Executed action CMS.API.Controllers.DashboardController.GetMetrics (CMS.API) in 53.7654ms
2026-09-30 23:15:19.744 +03:00 [INF] Executed endpoint 'CMS.API.Controllers.DashboardController.GetMetrics (CMS.API)'
2026-09-30 23:15:19.747 +03:00 [INF] Request starting HTTP/1.1 GET http://127.0.0.1:5010/api/v1/dashboard/metrics - null null
2026-09-30 23:15:19.749 +03:00 [INF] Request finished HTTP/1.1 GET http://127.0.0.1:5010/api/v1/dashboard/metrics - 200 null application/json; charset=utf-8 86.8569ms
2026-09-30 23:15:19.763 +03:00 [INF] Executing endpoint 'CMS.API.Controllers.DashboardController.GetMetrics (CMS.API)'
2026-09-30 23:15:19.783 +03:00 [INF] Route matched with {action = "GetMetrics", controller = "Dashboard"}. Executing controller action with signature System.Threading.Tasks.Task`1[Microsoft.AspNetCore.Mvc.IActionResult] GetMetrics() on controller CMS.API.Controllers.DashboardController (CMS.API).
2026-09-30 23:15:19.846 +03:00 [INF] Executing OkObjectResult, writing value of type 'CMS.Shared.DTOs.ApiResponse`1[[CMS.Shared.DTOs.DashboardMetricsDto, CMS.Shared, Version=1.0.0.0, Culture=neutral, PublicKeyToken=null]]'.
2026-09-30 23:15:19.854 +03:00 [INF] Executed action CMS.API.Controllers.DashboardController.GetMetrics (CMS.API) in 63.2188ms
2026-09-30 23:15:19.861 +03:00 [INF] Executed endpoint 'CMS.API.Controllers.DashboardController.GetMetrics (CMS.API)'
2026-09-30 23:15:19.867 +03:00 [INF] Request finished HTTP/1.1 GET http://127.0.0.1:5010/api/v1/dashboard/metrics - 200 null application/json; charset=utf-8 119.7864ms
2026-09-30 23:15:35.587 +03:00 [INF] Request starting HTTP/1.1 GET http://127.0.0.1:5010/api/v1/notifications - application/json null
2026-09-30 23:15:35.600 +03:00 [INF] Executing endpoint 'CMS.API.Controllers.NotificationsController.GetNotifications (CMS.API)'
2026-09-30 23:15:35.605 +03:00 [INF] Route matched with {action = "GetNotifications", controller = "Notifications"}. Executing controller action with signature System.Threading.Tasks.Task`1[Microsoft.AspNetCore.Mvc.IActionResult] GetNotifications(System.Nullable`1[System.Int32], System.String) on controller CMS.API.Controllers.NotificationsController (CMS.API).
2026-09-30 23:15:35.626 +03:00 [INF] Executing OkObjectResult, writing value of type 'CMS.Shared.DTOs.ApiResponse`1[[System.Collections.Generic.List`1[[CMS.Shared.DTOs.NotificationItemDto, CMS.Shared, Version=1.0.0.0, Culture=neutral, PublicKeyToken=null]], System.Private.CoreLib, Version=8.0.0.0, Culture=neutral, PublicKeyToken=7cec85d7bea7798e]]'.
2026-09-30 23:15:35.634 +03:00 [INF] Executed action CMS.API.Controllers.NotificationsController.GetNotifications (CMS.API) in 21.5151ms
2026-09-30 23:15:35.640 +03:00 [INF] Executed endpoint 'CMS.API.Controllers.NotificationsController.GetNotifications (CMS.API)'
2026-09-30 23:15:35.645 +03:00 [INF] Request finished HTTP/1.1 GET http://127.0.0.1:5010/api/v1/notifications - 200 null application/json; charset=utf-8 57.9333ms
2026-09-30 23:16:15.405 +03:00 [INF] Request starting HTTP/1.1 GET http://127.0.0.1:5010/api/v1/doctors - application/json null
2026-09-30 23:16:15.409 +03:00 [INF] Request starting HTTP/1.1 GET http://127.0.0.1:5010/api/v1/billing/invoices - application/json null
2026-09-30 23:16:15.425 +03:00 [INF] Request finished HTTP/1.1 GET http://127.0.0.1:5010/api/v1/doctors - 404 0 null 20.0781ms
2026-09-30 23:16:15.435 +03:00 [INF] Executing endpoint 'CMS.API.Controllers.BillingController.GetInvoices (CMS.API)'
2026-09-30 23:16:15.435 +03:00 [INF] Request starting HTTP/1.1 GET http://127.0.0.1:5010/api/v1/doctors - application/json null
2026-09-30 23:16:15.448 +03:00 [INF] Request reached the end of the middleware pipeline without being handled by application code. Request path: GET http://127.0.0.1:5010/api/v1/doctors, Response status code: 404
2026-09-30 23:16:15.463 +03:00 [INF] Request finished HTTP/1.1 GET http://127.0.0.1:5010/api/v1/doctors - 404 0 null 28.0037ms
2026-09-30 23:16:15.465 +03:00 [INF] Route matched with {action = "GetInvoices", controller = "Billing"}. Executing controller action with signature System.Threading.Tasks.Task`1[Microsoft.AspNetCore.Mvc.IActionResult] GetInvoices(Int32, System.Nullable`1[System.Int32], System.Nullable`1[System.DateTime], System.Nullable`1[System.DateTime], System.Nullable`1[System.DateTime]) on controller CMS.API.Controllers.BillingController (CMS.API).
2026-09-30 23:16:15.499 +03:00 [INF] Request reached the end of the middleware pipeline without being handled by application code. Request path: GET http://127.0.0.1:5010/api/v1/doctors, Response status code: 404
2026-09-30 23:16:15.642 +03:00 [INF] Executing OkObjectResult, writing value of type 'CMS.Shared.DTOs.ApiResponse`1[[System.Collections.Generic.List`1[[CMS.Shared.DTOs.InvoiceDto, CMS.Shared, Version=1.0.0.0, Culture=neutral, PublicKeyToken=null]], System.Private.CoreLib, Version=8.0.0.0, Culture=neutral, PublicKeyToken=7cec85d7bea7798e]]'.
2026-09-30 23:16:15.678 +03:00 [INF] Executed action CMS.API.Controllers.BillingController.GetInvoices (CMS.API) in 171.8696ms
2026-09-30 23:16:15.685 +03:00 [INF] Executed endpoint 'CMS.API.Controllers.BillingController.GetInvoices (CMS.API)'
2026-09-30 23:16:15.687 +03:00 [INF] Request starting HTTP/1.1 GET http://127.0.0.1:5010/api/v1/billing/invoices - application/json null
2026-09-30 23:16:15.689 +03:00 [INF] Request finished HTTP/1.1 GET http://127.0.0.1:5010/api/v1/billing/invoices - 200 null application/json; charset=utf-8 279.5995ms
2026-09-30 23:16:15.701 +03:00 [INF] Executing endpoint 'CMS.API.Controllers.BillingController.GetInvoices (CMS.API)'
2026-09-30 23:16:15.715 +03:00 [INF] Route matched with {action = "GetInvoices", controller = "Billing"}. Executing controller action with signature System.Threading.Tasks.Task`1[Microsoft.AspNetCore.Mvc.IActionResult] GetInvoices(Int32, System.Nullable`1[System.Int32], System.Nullable`1[System.DateTime], System.Nullable`1[System.DateTime], System.Nullable`1[System.DateTime]) on controller CMS.API.Controllers.BillingController (CMS.API).
2026-09-30 23:16:15.739 +03:00 [INF] Executing OkObjectResult, writing value of type 'CMS.Shared.DTOs.ApiResponse`1[[System.Collections.Generic.List`1[[CMS.Shared.DTOs.InvoiceDto, CMS.Shared, Version=1.0.0.0, Culture=neutral, PublicKeyToken=null]], System.Private.CoreLib, Version=8.0.0.0, Culture=neutral, PublicKeyToken=7cec85d7bea7798e]]'.
2026-09-30 23:16:15.748 +03:00 [INF] Executed action CMS.API.Controllers.BillingController.GetInvoices (CMS.API) in 25.3474ms
2026-09-30 23:16:15.754 +03:00 [INF] Executed endpoint 'CMS.API.Controllers.BillingController.GetInvoices (CMS.API)'
2026-09-30 23:16:15.758 +03:00 [INF] Request finished HTTP/1.1 GET http://127.0.0.1:5010/api/v1/billing/invoices - 200 null application/json; charset=utf-8 71.1993ms
2026-09-30 23:16:30.309 +03:00 [INF] Request starting HTTP/1.1 GET http://127.0.0.1:5010/api/v1/billing/invoices - application/json null
2026-09-30 23:16:30.325 +03:00 [INF] Executing endpoint 'CMS.API.Controllers.BillingController.GetInvoices (CMS.API)'
2026-09-30 23:16:30.330 +03:00 [INF] Route matched with {action = "GetInvoices", controller = "Billing"}. Executing controller action with signature System.Threading.Tasks.Task`1[Microsoft.AspNetCore.Mvc.IActionResult] GetInvoices(Int32, System.Nullable`1[System.Int32], System.Nullable`1[System.DateTime], System.Nullable`1[System.DateTime], System.Nullable`1[System.DateTime]) on controller CMS.API.Controllers.BillingController (CMS.API).
2026-09-30 23:16:30.360 +03:00 [INF] Executing OkObjectResult, writing value of type 'CMS.Shared.DTOs.ApiResponse`1[[System.Collections.Generic.List`1[[CMS.Shared.DTOs.InvoiceDto, CMS.Shared, Version=1.0.0.0, Culture=neutral, PublicKeyToken=null]], System.Private.CoreLib, Version=8.0.0.0, Culture=neutral, PublicKeyToken=7cec85d7bea7798e]]'.
2026-09-30 23:16:30.370 +03:00 [INF] Executed action CMS.API.Controllers.BillingController.GetInvoices (CMS.API) in 32.8442ms
2026-09-30 23:16:30.377 +03:00 [INF] Executed endpoint 'CMS.API.Controllers.BillingController.GetInvoices (CMS.API)'
2026-09-30 23:16:30.384 +03:00 [INF] Request finished HTTP/1.1 GET http://127.0.0.1:5010/api/v1/billing/invoices - 200 null application/json; charset=utf-8 74.2607ms
2026-09-30 23:16:35.019 +03:00 [INF] Request starting HTTP/1.1 GET http://127.0.0.1:5010/api/v1/notifications - application/json null
2026-09-30 23:16:35.030 +03:00 [INF] Executing endpoint 'CMS.API.Controllers.NotificationsController.GetNotifications (CMS.API)'
2026-09-30 23:16:35.034 +03:00 [INF] Route matched with {action = "GetNotifications", controller = "Notifications"}. Executing controller action with signature System.Threading.Tasks.Task`1[Microsoft.AspNetCore.Mvc.IActionResult] GetNotifications(System.Nullable`1[System.Int32], System.String) on controller CMS.API.Controllers.NotificationsController (CMS.API).
2026-09-30 23:16:35.054 +03:00 [INF] Executing OkObjectResult, writing value of type 'CMS.Shared.DTOs.ApiResponse`1[[System.Collections.Generic.List`1[[CMS.Shared.DTOs.NotificationItemDto, CMS.Shared, Version=1.0.0.0, Culture=neutral, PublicKeyToken=null]], System.Private.CoreLib, Version=8.0.0.0, Culture=neutral, PublicKeyToken=7cec85d7bea7798e]]'.
2026-09-30 23:16:35.061 +03:00 [INF] Executed action CMS.API.Controllers.NotificationsController.GetNotifications (CMS.API) in 20.1303ms
2026-09-30 23:16:35.066 +03:00 [INF] Executed endpoint 'CMS.API.Controllers.NotificationsController.GetNotifications (CMS.API)'
2026-09-30 23:16:35.072 +03:00 [INF] Request finished HTTP/1.1 GET http://127.0.0.1:5010/api/v1/notifications - 200 null application/json; charset=utf-8 52.8331ms
2026-09-30 23:16:35.658 +03:00 [INF] Request starting HTTP/1.1 GET http://127.0.0.1:5010/api/v1/billing/invoices - application/json null
2026-09-30 23:16:35.673 +03:00 [INF] Executing endpoint 'CMS.API.Controllers.BillingController.GetInvoices (CMS.API)'
2026-09-30 23:16:35.678 +03:00 [INF] Route matched with {action = "GetInvoices", controller = "Billing"}. Executing controller action with signature System.Threading.Tasks.Task`1[Microsoft.AspNetCore.Mvc.IActionResult] GetInvoices(Int32, System.Nullable`1[System.Int32], System.Nullable`1[System.DateTime], System.Nullable`1[System.DateTime], System.Nullable`1[System.DateTime]) on controller CMS.API.Controllers.BillingController (CMS.API).
2026-09-30 23:16:35.794 +03:00 [INF] Executing OkObjectResult, writing value of type 'CMS.Shared.DTOs.ApiResponse`1[[System.Collections.Generic.List`1[[CMS.Shared.DTOs.InvoiceDto, CMS.Shared, Version=1.0.0.0, Culture=neutral, PublicKeyToken=null]], System.Private.CoreLib, Version=8.0.0.0, Culture=neutral, PublicKeyToken=7cec85d7bea7798e]]'.
2026-09-30 23:16:35.801 +03:00 [INF] Executed action CMS.API.Controllers.BillingController.GetInvoices (CMS.API) in 112.7659ms
2026-09-30 23:16:35.809 +03:00 [INF] Executed endpoint 'CMS.API.Controllers.BillingController.GetInvoices (CMS.API)'
2026-09-30 23:16:35.812 +03:00 [INF] Request finished HTTP/1.1 GET http://127.0.0.1:5010/api/v1/billing/invoices - 200 null application/json; charset=utf-8 154.5618ms
2026-09-30 23:16:45.164 +03:00 [INF] Request starting HTTP/1.1 GET http://127.0.0.1:5010/api/v1/billing/invoices - application/json null
2026-09-30 23:16:45.179 +03:00 [INF] Executing endpoint 'CMS.API.Controllers.BillingController.GetInvoices (CMS.API)'
2026-09-30 23:16:45.184 +03:00 [INF] Route matched with {action = "GetInvoices", controller = "Billing"}. Executing controller action with signature System.Threading.Tasks.Task`1[Microsoft.AspNetCore.Mvc.IActionResult] GetInvoices(Int32, System.Nullable`1[System.Int32], System.Nullable`1[System.DateTime], System.Nullable`1[System.DateTime], System.Nullable`1[System.DateTime]) on controller CMS.API.Controllers.BillingController (CMS.API).
2026-09-30 23:16:45.317 +03:00 [INF] Executing OkObjectResult, writing value of type 'CMS.Shared.DTOs.ApiResponse`1[[System.Collections.Generic.List`1[[CMS.Shared.DTOs.InvoiceDto, CMS.Shared, Version=1.0.0.0, Culture=neutral, PublicKeyToken=null]], System.Private.CoreLib, Version=8.0.0.0, Culture=neutral, PublicKeyToken=7cec85d7bea7798e]]'.
2026-09-30 23:16:45.324 +03:00 [INF] Executed action CMS.API.Controllers.BillingController.GetInvoices (CMS.API) in 132.0133ms
2026-09-30 23:16:45.330 +03:00 [INF] Executed endpoint 'CMS.API.Controllers.BillingController.GetInvoices (CMS.API)'
2026-09-30 23:16:45.335 +03:00 [INF] Request finished HTTP/1.1 GET http://127.0.0.1:5010/api/v1/billing/invoices - 200 null application/json; charset=utf-8 170.8735ms
2026-09-30 23:16:49.101 +03:00 [INF] Request starting HTTP/1.1 GET http://127.0.0.1:5010/api/v1/billing/invoices - application/json null
2026-09-30 23:16:49.112 +03:00 [INF] Executing endpoint 'CMS.API.Controllers.BillingController.GetInvoices (CMS.API)'
2026-09-30 23:16:49.117 +03:00 [INF] Route matched with {action = "GetInvoices", controller = "Billing"}. Executing controller action with signature System.Threading.Tasks.Task`1[Microsoft.AspNetCore.Mvc.IActionResult] GetInvoices(Int32, System.Nullable`1[System.Int32], System.Nullable`1[System.DateTime], System.Nullable`1[System.DateTime], System.Nullable`1[System.DateTime]) on controller CMS.API.Controllers.BillingController (CMS.API).
2026-09-30 23:16:49.142 +03:00 [INF] Executing OkObjectResult, writing value of type 'CMS.Shared.DTOs.ApiResponse`1[[System.Collections.Generic.List`1[[CMS.Shared.DTOs.InvoiceDto, CMS.Shared, Version=1.0.0.0, Culture=neutral, PublicKeyToken=null]], System.Private.CoreLib, Version=8.0.0.0, Culture=neutral, PublicKeyToken=7cec85d7bea7798e]]'.
2026-09-30 23:16:49.148 +03:00 [INF] Executed action CMS.API.Controllers.BillingController.GetInvoices (CMS.API) in 24.3191ms
2026-09-30 23:16:49.154 +03:00 [INF] Executed endpoint 'CMS.API.Controllers.BillingController.GetInvoices (CMS.API)'
2026-09-30 23:16:49.158 +03:00 [INF] Request finished HTTP/1.1 GET http://127.0.0.1:5010/api/v1/billing/invoices - 200 null application/json; charset=utf-8 57.1636ms
2026-09-30 23:16:53.117 +03:00 [INF] Request starting HTTP/1.1 GET http://127.0.0.1:5010/api/v1/billing/invoices - application/json null
2026-09-30 23:16:53.133 +03:00 [INF] Executing endpoint 'CMS.API.Controllers.BillingController.GetInvoices (CMS.API)'
2026-09-30 23:16:53.139 +03:00 [INF] Route matched with {action = "GetInvoices", controller = "Billing"}. Executing controller action with signature System.Threading.Tasks.Task`1[Microsoft.AspNetCore.Mvc.IActionResult] GetInvoices(Int32, System.Nullable`1[System.Int32], System.Nullable`1[System.DateTime], System.Nullable`1[System.DateTime], System.Nullable`1[System.DateTime]) on controller CMS.API.Controllers.BillingController (CMS.API).
2026-09-30 23:16:53.173 +03:00 [INF] Executing OkObjectResult, writing value of type 'CMS.Shared.DTOs.ApiResponse`1[[System.Collections.Generic.List`1[[CMS.Shared.DTOs.InvoiceDto, CMS.Shared, Version=1.0.0.0, Culture=neutral, PublicKeyToken=null]], System.Private.CoreLib, Version=8.0.0.0, Culture=neutral, PublicKeyToken=7cec85d7bea7798e]]'.
2026-09-30 23:16:53.184 +03:00 [INF] Executed action CMS.API.Controllers.BillingController.GetInvoices (CMS.API) in 33.2733ms
2026-09-30 23:16:53.198 +03:00 [INF] Executed endpoint 'CMS.API.Controllers.BillingController.GetInvoices (CMS.API)'
2026-09-30 23:16:53.207 +03:00 [INF] Request finished HTTP/1.1 GET http://127.0.0.1:5010/api/v1/billing/invoices - 200 null application/json; charset=utf-8 89.6685ms
2026-09-30 23:16:57.797 +03:00 [INF] Request starting HTTP/1.1 GET http://127.0.0.1:5010/api/v1/billing/invoices - application/json null
2026-09-30 23:16:57.812 +03:00 [INF] Executing endpoint 'CMS.API.Controllers.BillingController.GetInvoices (CMS.API)'
2026-09-30 23:16:57.816 +03:00 [INF] Route matched with {action = "GetInvoices", controller = "Billing"}. Executing controller action with signature System.Threading.Tasks.Task`1[Microsoft.AspNetCore.Mvc.IActionResult] GetInvoices(Int32, System.Nullable`1[System.Int32], System.Nullable`1[System.DateTime], System.Nullable`1[System.DateTime], System.Nullable`1[System.DateTime]) on controller CMS.API.Controllers.BillingController (CMS.API).
2026-09-30 23:16:57.847 +03:00 [INF] Executing OkObjectResult, writing value of type 'CMS.Shared.DTOs.ApiResponse`1[[System.Collections.Generic.List`1[[CMS.Shared.DTOs.InvoiceDto, CMS.Shared, Version=1.0.0.0, Culture=neutral, PublicKeyToken=null]], System.Private.CoreLib, Version=8.0.0.0, Culture=neutral, PublicKeyToken=7cec85d7bea7798e]]'.
2026-09-30 23:16:57.856 +03:00 [INF] Executed action CMS.API.Controllers.BillingController.GetInvoices (CMS.API) in 28.7063ms
2026-09-30 23:16:57.862 +03:00 [INF] Executed endpoint 'CMS.API.Controllers.BillingController.GetInvoices (CMS.API)'
2026-09-30 23:16:57.867 +03:00 [INF] Request finished HTTP/1.1 GET http://127.0.0.1:5010/api/v1/billing/invoices - 200 null application/json; charset=utf-8 70.121ms
2026-09-30 23:17:11.348 +03:00 [INF] Request starting HTTP/1.1 GET http://127.0.0.1:5010/api/v1/billing/invoices - application/json null
2026-09-30 23:17:11.366 +03:00 [INF] Executing endpoint 'CMS.API.Controllers.BillingController.GetInvoices (CMS.API)'
2026-09-30 23:17:11.379 +03:00 [INF] Route matched with {action = "GetInvoices", controller = "Billing"}. Executing controller action with signature System.Threading.Tasks.Task`1[Microsoft.AspNetCore.Mvc.IActionResult] GetInvoices(Int32, System.Nullable`1[System.Int32], System.Nullable`1[System.DateTime], System.Nullable`1[System.DateTime], System.Nullable`1[System.DateTime]) on controller CMS.API.Controllers.BillingController (CMS.API).
2026-09-30 23:17:11.415 +03:00 [INF] Executing OkObjectResult, writing value of type 'CMS.Shared.DTOs.ApiResponse`1[[System.Collections.Generic.List`1[[CMS.Shared.DTOs.InvoiceDto, CMS.Shared, Version=1.0.0.0, Culture=neutral, PublicKeyToken=null]], System.Private.CoreLib, Version=8.0.0.0, Culture=neutral, PublicKeyToken=7cec85d7bea7798e]]'.
2026-09-30 23:17:11.427 +03:00 [INF] Executed action CMS.API.Controllers.BillingController.GetInvoices (CMS.API) in 35.529ms
2026-09-30 23:17:11.433 +03:00 [INF] Executed endpoint 'CMS.API.Controllers.BillingController.GetInvoices (CMS.API)'
2026-09-30 23:17:11.439 +03:00 [INF] Request finished HTTP/1.1 GET http://127.0.0.1:5010/api/v1/billing/invoices - 200 null application/json; charset=utf-8 91.1097ms
2026-09-30 23:17:25.474 +03:00 [INF] Request starting HTTP/1.1 GET http://127.0.0.1:5010/api/v1/patients - application/json null
2026-09-30 23:17:25.475 +03:00 [INF] Request starting HTTP/1.1 GET http://127.0.0.1:5010/api/v1/doctors - application/json null
2026-09-30 23:17:25.504 +03:00 [INF] Executing endpoint 'CMS.API.Controllers.PatientsController.Search (CMS.API)'
2026-09-30 23:17:25.519 +03:00 [INF] Request finished HTTP/1.1 GET http://127.0.0.1:5010/api/v1/doctors - 404 0 null 44.2918ms
2026-09-30 23:17:25.529 +03:00 [INF] Request starting HTTP/1.1 GET http://127.0.0.1:5010/api/v1/doctors - application/json null
2026-09-30 23:17:25.536 +03:00 [INF] Route matched with {action = "Search", controller = "Patients"}. Executing controller action with signature System.Threading.Tasks.Task`1[Microsoft.AspNetCore.Mvc.IActionResult] Search(System.String, Int32, Int32) on controller CMS.API.Controllers.PatientsController (CMS.API).
2026-09-30 23:17:25.540 +03:00 [INF] Request reached the end of the middleware pipeline without being handled by application code. Request path: GET http://127.0.0.1:5010/api/v1/doctors, Response status code: 404
2026-09-30 23:17:25.556 +03:00 [INF] Request finished HTTP/1.1 GET http://127.0.0.1:5010/api/v1/doctors - 404 0 null 27.1189ms
2026-09-30 23:17:25.586 +03:00 [INF] Executing OkObjectResult, writing value of type 'CMS.Shared.DTOs.ApiResponse`1[[System.Collections.Generic.List`1[[CMS.Shared.DTOs.PatientDto, CMS.Shared, Version=1.0.0.0, Culture=neutral, PublicKeyToken=null]], System.Private.CoreLib, Version=8.0.0.0, Culture=neutral, PublicKeyToken=7cec85d7bea7798e]]'.
2026-09-30 23:17:25.586 +03:00 [INF] Request reached the end of the middleware pipeline without being handled by application code. Request path: GET http://127.0.0.1:5010/api/v1/doctors, Response status code: 404
2026-09-30 23:17:25.609 +03:00 [INF] Executed action CMS.API.Controllers.PatientsController.Search (CMS.API) in 43.4897ms
2026-09-30 23:17:25.617 +03:00 [INF] Executed endpoint 'CMS.API.Controllers.PatientsController.Search (CMS.API)'
2026-09-30 23:17:25.617 +03:00 [INF] Request starting HTTP/1.1 GET http://127.0.0.1:5010/api/v1/patients - application/json null
2026-09-30 23:17:25.621 +03:00 [INF] Request finished HTTP/1.1 GET http://127.0.0.1:5010/api/v1/patients - 200 null application/json; charset=utf-8 146.6751ms
2026-09-30 23:17:25.632 +03:00 [INF] Executing endpoint 'CMS.API.Controllers.PatientsController.Search (CMS.API)'
2026-09-30 23:17:25.649 +03:00 [INF] Route matched with {action = "Search", controller = "Patients"}. Executing controller action with signature System.Threading.Tasks.Task`1[Microsoft.AspNetCore.Mvc.IActionResult] Search(System.String, Int32, Int32) on controller CMS.API.Controllers.PatientsController (CMS.API).
2026-09-30 23:17:25.657 +03:00 [INF] Executing OkObjectResult, writing value of type 'CMS.Shared.DTOs.ApiResponse`1[[System.Collections.Generic.List`1[[CMS.Shared.DTOs.PatientDto, CMS.Shared, Version=1.0.0.0, Culture=neutral, PublicKeyToken=null]], System.Private.CoreLib, Version=8.0.0.0, Culture=neutral, PublicKeyToken=7cec85d7bea7798e]]'.
2026-09-30 23:17:25.665 +03:00 [INF] Executed action CMS.API.Controllers.PatientsController.Search (CMS.API) in 8.3425ms
2026-09-30 23:17:25.670 +03:00 [INF] Executed endpoint 'CMS.API.Controllers.PatientsController.Search (CMS.API)'
2026-09-30 23:17:25.675 +03:00 [INF] Request finished HTTP/1.1 GET http://127.0.0.1:5010/api/v1/patients - 200 null application/json; charset=utf-8 58.0727ms
2026-09-30 23:17:35.011 +03:00 [INF] Request starting HTTP/1.1 GET http://127.0.0.1:5010/api/v1/notifications - application/json null
2026-09-30 23:17:35.025 +03:00 [INF] Executing endpoint 'CMS.API.Controllers.NotificationsController.GetNotifications (CMS.API)'
2026-09-30 23:17:35.032 +03:00 [INF] Route matched with {action = "GetNotifications", controller = "Notifications"}. Executing controller action with signature System.Threading.Tasks.Task`1[Microsoft.AspNetCore.Mvc.IActionResult] GetNotifications(System.Nullable`1[System.Int32], System.String) on controller CMS.API.Controllers.NotificationsController (CMS.API).
2026-09-30 23:17:35.057 +03:00 [INF] Executing OkObjectResult, writing value of type 'CMS.Shared.DTOs.ApiResponse`1[[System.Collections.Generic.List`1[[CMS.Shared.DTOs.NotificationItemDto, CMS.Shared, Version=1.0.0.0, Culture=neutral, PublicKeyToken=null]], System.Private.CoreLib, Version=8.0.0.0, Culture=neutral, PublicKeyToken=7cec85d7bea7798e]]'.
2026-09-30 23:17:35.066 +03:00 [INF] Executed action CMS.API.Controllers.NotificationsController.GetNotifications (CMS.API) in 22.9643ms
2026-09-30 23:17:35.073 +03:00 [INF] Executed endpoint 'CMS.API.Controllers.NotificationsController.GetNotifications (CMS.API)'
2026-09-30 23:17:35.078 +03:00 [INF] Request finished HTTP/1.1 GET http://127.0.0.1:5010/api/v1/notifications - 200 null application/json; charset=utf-8 67.6214ms
2026-09-30 23:17:39.810 +03:00 [INF] Request starting HTTP/1.1 GET http://127.0.0.1:5010/api/v1/patients - application/json null
2026-09-30 23:17:39.824 +03:00 [INF] Executing endpoint 'CMS.API.Controllers.PatientsController.Search (CMS.API)'
2026-09-30 23:17:39.828 +03:00 [INF] Route matched with {action = "Search", controller = "Patients"}. Executing controller action with signature System.Threading.Tasks.Task`1[Microsoft.AspNetCore.Mvc.IActionResult] Search(System.String, Int32, Int32) on controller CMS.API.Controllers.PatientsController (CMS.API).
2026-09-30 23:17:39.839 +03:00 [INF] Executing OkObjectResult, writing value of type 'CMS.Shared.DTOs.ApiResponse`1[[System.Collections.Generic.List`1[[CMS.Shared.DTOs.PatientDto, CMS.Shared, Version=1.0.0.0, Culture=neutral, PublicKeyToken=null]], System.Private.CoreLib, Version=8.0.0.0, Culture=neutral, PublicKeyToken=7cec85d7bea7798e]]'.
2026-09-30 23:17:39.845 +03:00 [INF] Executed action CMS.API.Controllers.PatientsController.Search (CMS.API) in 6.3378ms
2026-09-30 23:17:39.850 +03:00 [INF] Executed endpoint 'CMS.API.Controllers.PatientsController.Search (CMS.API)'
2026-09-30 23:17:39.854 +03:00 [INF] Request finished HTTP/1.1 GET http://127.0.0.1:5010/api/v1/patients - 200 null application/json; charset=utf-8 44.027ms
2026-09-30 23:17:44.506 +03:00 [INF] Request starting HTTP/1.1 GET http://127.0.0.1:5010/api/v1/patients - application/json null
2026-09-30 23:17:44.521 +03:00 [INF] Executing endpoint 'CMS.API.Controllers.PatientsController.Search (CMS.API)'
2026-09-30 23:17:44.526 +03:00 [INF] Route matched with {action = "Search", controller = "Patients"}. Executing controller action with signature System.Threading.Tasks.Task`1[Microsoft.AspNetCore.Mvc.IActionResult] Search(System.String, Int32, Int32) on controller CMS.API.Controllers.PatientsController (CMS.API).
2026-09-30 23:17:44.535 +03:00 [INF] Executing OkObjectResult, writing value of type 'CMS.Shared.DTOs.ApiResponse`1[[System.Collections.Generic.List`1[[CMS.Shared.DTOs.PatientDto, CMS.Shared, Version=1.0.0.0, Culture=neutral, PublicKeyToken=null]], System.Private.CoreLib, Version=8.0.0.0, Culture=neutral, PublicKeyToken=7cec85d7bea7798e]]'.
2026-09-30 23:17:44.541 +03:00 [INF] Executed action CMS.API.Controllers.PatientsController.Search (CMS.API) in 6.3971ms
2026-09-30 23:17:44.549 +03:00 [INF] Executed endpoint 'CMS.API.Controllers.PatientsController.Search (CMS.API)'
2026-09-30 23:17:44.553 +03:00 [INF] Request finished HTTP/1.1 GET http://127.0.0.1:5010/api/v1/patients - 200 null application/json; charset=utf-8 46.6303ms
2026-09-30 23:17:48.085 +03:00 [INF] Request starting HTTP/1.1 GET http://127.0.0.1:5010/api/v1/doctors - application/json null
2026-09-30 23:17:48.085 +03:00 [INF] Request starting HTTP/1.1 GET http://127.0.0.1:5010/api/v1/patients - application/json null
2026-09-30 23:17:48.098 +03:00 [INF] Request finished HTTP/1.1 GET http://127.0.0.1:5010/api/v1/doctors - 404 0 null 13.1488ms
2026-09-30 23:17:48.109 +03:00 [INF] Request starting HTTP/1.1 GET http://127.0.0.1:5010/api/v1/doctors - application/json null
2026-09-30 23:17:48.109 +03:00 [INF] Executing endpoint 'CMS.API.Controllers.PatientsController.Search (CMS.API)'
2026-09-30 23:17:48.121 +03:00 [INF] Request reached the end of the middleware pipeline without being handled by application code. Request path: GET http://127.0.0.1:5010/api/v1/doctors, Response status code: 404
2026-09-30 23:17:48.131 +03:00 [INF] Request finished HTTP/1.1 GET http://127.0.0.1:5010/api/v1/doctors - 404 0 null 21.8555ms
2026-09-30 23:17:48.135 +03:00 [INF] Route matched with {action = "Search", controller = "Patients"}. Executing controller action with signature System.Threading.Tasks.Task`1[Microsoft.AspNetCore.Mvc.IActionResult] Search(System.String, Int32, Int32) on controller CMS.API.Controllers.PatientsController (CMS.API).
2026-09-30 23:17:48.157 +03:00 [INF] Request reached the end of the middleware pipeline without being handled by application code. Request path: GET http://127.0.0.1:5010/api/v1/doctors, Response status code: 404
2026-09-30 23:17:48.166 +03:00 [INF] Executing OkObjectResult, writing value of type 'CMS.Shared.DTOs.ApiResponse`1[[System.Collections.Generic.List`1[[CMS.Shared.DTOs.PatientDto, CMS.Shared, Version=1.0.0.0, Culture=neutral, PublicKeyToken=null]], System.Private.CoreLib, Version=8.0.0.0, Culture=neutral, PublicKeyToken=7cec85d7bea7798e]]'.
2026-09-30 23:17:48.180 +03:00 [INF] Executed action CMS.API.Controllers.PatientsController.Search (CMS.API) in 14.1714ms
2026-09-30 23:17:48.188 +03:00 [INF] Executed endpoint 'CMS.API.Controllers.PatientsController.Search (CMS.API)'
2026-09-30 23:17:48.192 +03:00 [INF] Request starting HTTP/1.1 GET http://127.0.0.1:5010/api/v1/patients - application/json null
2026-09-30 23:17:48.192 +03:00 [INF] Request finished HTTP/1.1 GET http://127.0.0.1:5010/api/v1/patients - 200 null application/json; charset=utf-8 106.8834ms
2026-09-30 23:17:48.203 +03:00 [INF] Executing endpoint 'CMS.API.Controllers.PatientsController.Search (CMS.API)'
2026-09-30 23:17:48.221 +03:00 [INF] Route matched with {action = "Search", controller = "Patients"}. Executing controller action with signature System.Threading.Tasks.Task`1[Microsoft.AspNetCore.Mvc.IActionResult] Search(System.String, Int32, Int32) on controller CMS.API.Controllers.PatientsController (CMS.API).
2026-09-30 23:17:48.228 +03:00 [INF] Executing OkObjectResult, writing value of type 'CMS.Shared.DTOs.ApiResponse`1[[System.Collections.Generic.List`1[[CMS.Shared.DTOs.PatientDto, CMS.Shared, Version=1.0.0.0, Culture=neutral, PublicKeyToken=null]], System.Private.CoreLib, Version=8.0.0.0, Culture=neutral, PublicKeyToken=7cec85d7bea7798e]]'.
2026-09-30 23:17:48.235 +03:00 [INF] Executed action CMS.API.Controllers.PatientsController.Search (CMS.API) in 7.6191ms
2026-09-30 23:17:48.242 +03:00 [INF] Executed endpoint 'CMS.API.Controllers.PatientsController.Search (CMS.API)'
2026-09-30 23:17:48.247 +03:00 [INF] Request finished HTTP/1.1 GET http://127.0.0.1:5010/api/v1/patients - 200 null application/json; charset=utf-8 55.0194ms
2026-09-30 23:17:55.196 +03:00 [INF] Request starting HTTP/1.1 GET http://127.0.0.1:5010/api/v1/patients - application/json null
2026-09-30 23:17:55.206 +03:00 [INF] Executing endpoint 'CMS.API.Controllers.PatientsController.Search (CMS.API)'
2026-09-30 23:17:55.210 +03:00 [INF] Route matched with {action = "Search", controller = "Patients"}. Executing controller action with signature System.Threading.Tasks.Task`1[Microsoft.AspNetCore.Mvc.IActionResult] Search(System.String, Int32, Int32) on controller CMS.API.Controllers.PatientsController (CMS.API).
2026-09-30 23:17:55.217 +03:00 [INF] Executing OkObjectResult, writing value of type 'CMS.Shared.DTOs.ApiResponse`1[[System.Collections.Generic.List`1[[CMS.Shared.DTOs.PatientDto, CMS.Shared, Version=1.0.0.0, Culture=neutral, PublicKeyToken=null]], System.Private.CoreLib, Version=8.0.0.0, Culture=neutral, PublicKeyToken=7cec85d7bea7798e]]'.
2026-09-30 23:17:55.222 +03:00 [INF] Executed action CMS.API.Controllers.PatientsController.Search (CMS.API) in 5.9472ms
2026-09-30 23:17:55.227 +03:00 [INF] Executed endpoint 'CMS.API.Controllers.PatientsController.Search (CMS.API)'
2026-09-30 23:17:55.231 +03:00 [INF] Request finished HTTP/1.1 GET http://127.0.0.1:5010/api/v1/patients - 200 null application/json; charset=utf-8 34.9564ms
2026-09-30 23:18:05.009 +03:00 [INF] Request starting HTTP/1.1 GET http://127.0.0.1:5010/api/v1/doctors - application/json null
2026-09-30 23:18:05.009 +03:00 [INF] Request starting HTTP/1.1 GET http://127.0.0.1:5010/api/v1/billing/invoices - application/json null
2026-09-30 23:18:05.034 +03:00 [INF] Request finished HTTP/1.1 GET http://127.0.0.1:5010/api/v1/doctors - 404 0 null 24.972ms
2026-09-30 23:18:05.044 +03:00 [INF] Request starting HTTP/1.1 GET http://127.0.0.1:5010/api/v1/doctors - application/json null
2026-09-30 23:18:05.047 +03:00 [INF] Executing endpoint 'CMS.API.Controllers.BillingController.GetInvoices (CMS.API)'
2026-09-30 23:18:05.058 +03:00 [INF] Request reached the end of the middleware pipeline without being handled by application code. Request path: GET http://127.0.0.1:5010/api/v1/doctors, Response status code: 404
2026-09-30 23:18:05.073 +03:00 [INF] Route matched with {action = "GetInvoices", controller = "Billing"}. Executing controller action with signature System.Threading.Tasks.Task`1[Microsoft.AspNetCore.Mvc.IActionResult] GetInvoices(Int32, System.Nullable`1[System.Int32], System.Nullable`1[System.DateTime], System.Nullable`1[System.DateTime], System.Nullable`1[System.DateTime]) on controller CMS.API.Controllers.BillingController (CMS.API).
2026-09-30 23:18:05.069 +03:00 [INF] Request finished HTTP/1.1 GET http://127.0.0.1:5010/api/v1/doctors - 404 0 null 25.2264ms
2026-09-30 23:18:05.077 +03:00 [INF] Request starting HTTP/1.1 GET http://127.0.0.1:5010/api/v1/doctors - application/json null
2026-09-30 23:18:05.104 +03:00 [INF] Request reached the end of the middleware pipeline without being handled by application code. Request path: GET http://127.0.0.1:5010/api/v1/doctors, Response status code: 404
2026-09-30 23:18:05.118 +03:00 [INF] Request finished HTTP/1.1 GET http://127.0.0.1:5010/api/v1/doctors - 404 0 null 40.801ms
2026-09-30 23:18:05.127 +03:00 [INF] Request starting HTTP/1.1 GET http://127.0.0.1:5010/api/v1/doctors - application/json null
2026-09-30 23:18:05.138 +03:00 [INF] Request reached the end of the middleware pipeline without being handled by application code. Request path: GET http://127.0.0.1:5010/api/v1/doctors, Response status code: 404
2026-09-30 23:18:05.150 +03:00 [INF] Request finished HTTP/1.1 GET http://127.0.0.1:5010/api/v1/doctors - 404 0 null 23.3556ms
2026-09-30 23:18:05.173 +03:00 [INF] Request reached the end of the middleware pipeline without being handled by application code. Request path: GET http://127.0.0.1:5010/api/v1/doctors, Response status code: 404
2026-09-30 23:18:05.205 +03:00 [INF] Executing OkObjectResult, writing value of type 'CMS.Shared.DTOs.ApiResponse`1[[System.Collections.Generic.List`1[[CMS.Shared.DTOs.InvoiceDto, CMS.Shared, Version=1.0.0.0, Culture=neutral, PublicKeyToken=null]], System.Private.CoreLib, Version=8.0.0.0, Culture=neutral, PublicKeyToken=7cec85d7bea7798e]]'.
2026-09-30 23:18:05.213 +03:00 [INF] Executed action CMS.API.Controllers.BillingController.GetInvoices (CMS.API) in 123.1938ms
2026-09-30 23:18:05.220 +03:00 [INF] Executed endpoint 'CMS.API.Controllers.BillingController.GetInvoices (CMS.API)'
2026-09-30 23:18:05.223 +03:00 [INF] Request starting HTTP/1.1 GET http://127.0.0.1:5010/api/v1/billing/invoices - application/json null
2026-09-30 23:18:05.225 +03:00 [INF] Request finished HTTP/1.1 GET http://127.0.0.1:5010/api/v1/billing/invoices - 200 null application/json; charset=utf-8 215.9272ms
2026-09-30 23:18:05.238 +03:00 [INF] Executing endpoint 'CMS.API.Controllers.BillingController.GetInvoices (CMS.API)'
2026-09-30 23:18:05.257 +03:00 [INF] Route matched with {action = "GetInvoices", controller = "Billing"}. Executing controller action with signature System.Threading.Tasks.Task`1[Microsoft.AspNetCore.Mvc.IActionResult] GetInvoices(Int32, System.Nullable`1[System.Int32], System.Nullable`1[System.DateTime], System.Nullable`1[System.DateTime], System.Nullable`1[System.DateTime]) on controller CMS.API.Controllers.BillingController (CMS.API).
2026-09-30 23:18:05.281 +03:00 [INF] Executing OkObjectResult, writing value of type 'CMS.Shared.DTOs.ApiResponse`1[[System.Collections.Generic.List`1[[CMS.Shared.DTOs.InvoiceDto, CMS.Shared, Version=1.0.0.0, Culture=neutral, PublicKeyToken=null]], System.Private.CoreLib, Version=8.0.0.0, Culture=neutral, PublicKeyToken=7cec85d7bea7798e]]'.
2026-09-30 23:18:05.288 +03:00 [INF] Executed action CMS.API.Controllers.BillingController.GetInvoices (CMS.API) in 23.4265ms
2026-09-30 23:18:05.293 +03:00 [INF] Executed endpoint 'CMS.API.Controllers.BillingController.GetInvoices (CMS.API)'
2026-09-30 23:18:05.298 +03:00 [INF] Request finished HTTP/1.1 GET http://127.0.0.1:5010/api/v1/billing/invoices - 200 null application/json; charset=utf-8 74.8147ms
2026-09-30 23:18:19.139 +03:00 [INF] Request starting HTTP/1.1 GET http://127.0.0.1:5010/api/v1/billing/invoices - application/json null
2026-09-30 23:18:19.150 +03:00 [INF] Executing endpoint 'CMS.API.Controllers.BillingController.GetInvoices (CMS.API)'
2026-09-30 23:18:19.156 +03:00 [INF] Route matched with {action = "GetInvoices", controller = "Billing"}. Executing controller action with signature System.Threading.Tasks.Task`1[Microsoft.AspNetCore.Mvc.IActionResult] GetInvoices(Int32, System.Nullable`1[System.Int32], System.Nullable`1[System.DateTime], System.Nullable`1[System.DateTime], System.Nullable`1[System.DateTime]) on controller CMS.API.Controllers.BillingController (CMS.API).
2026-09-30 23:18:19.159 +03:00 [INF] Request starting HTTP/1.1 GET http://127.0.0.1:5010/api/v1/doctors - application/json null
2026-09-30 23:18:19.192 +03:00 [INF] Request finished HTTP/1.1 GET http://127.0.0.1:5010/api/v1/doctors - 404 0 null 32.5236ms
2026-09-30 23:18:19.192 +03:00 [INF] Executing OkObjectResult, writing value of type 'CMS.Shared.DTOs.ApiResponse`1[[System.Collections.Generic.List`1[[CMS.Shared.DTOs.InvoiceDto, CMS.Shared, Version=1.0.0.0, Culture=neutral, PublicKeyToken=null]], System.Private.CoreLib, Version=8.0.0.0, Culture=neutral, PublicKeyToken=7cec85d7bea7798e]]'.
2026-09-30 23:18:19.221 +03:00 [INF] Request reached the end of the middleware pipeline without being handled by application code. Request path: GET http://127.0.0.1:5010/api/v1/doctors, Response status code: 404
2026-09-30 23:18:19.230 +03:00 [INF] Executed action CMS.API.Controllers.BillingController.GetInvoices (CMS.API) in 66.1455ms
2026-09-30 23:18:19.248 +03:00 [INF] Executed endpoint 'CMS.API.Controllers.BillingController.GetInvoices (CMS.API)'
2026-09-30 23:18:19.253 +03:00 [INF] Request finished HTTP/1.1 GET http://127.0.0.1:5010/api/v1/billing/invoices - 200 null application/json; charset=utf-8 114.1047ms
2026-09-30 23:18:22.190 +03:00 [INF] Request starting HTTP/1.1 GET http://127.0.0.1:5010/api/v1/doctors - application/json null
2026-09-30 23:18:22.194 +03:00 [INF] Request starting HTTP/1.1 GET http://127.0.0.1:5010/api/v1/encounters/diagnoses - application/json null
2026-09-30 23:18:22.203 +03:00 [INF] Request finished HTTP/1.1 GET http://127.0.0.1:5010/api/v1/doctors - 404 0 null 13.3429ms
2026-09-30 23:18:22.214 +03:00 [INF] Request finished HTTP/1.1 GET http://127.0.0.1:5010/api/v1/encounters/diagnoses - 404 0 null 19.9955ms
2026-09-30 23:18:22.212 +03:00 [INF] Request starting HTTP/1.1 GET http://127.0.0.1:5010/api/v1/doctors - application/json null
2026-09-30 23:18:22.226 +03:00 [INF] Request starting HTTP/1.1 GET http://127.0.0.1:5010/api/v1/encounters/diagnoses - application/json null
2026-09-30 23:18:22.232 +03:00 [INF] Request reached the end of the middleware pipeline without being handled by application code. Request path: GET http://127.0.0.1:5010/api/v1/doctors, Response status code: 404
2026-09-30 23:18:22.247 +03:00 [INF] Request reached the end of the middleware pipeline without being handled by application code. Request path: GET http://127.0.0.1:5010/api/v1/encounters/diagnoses, Response status code: 404
2026-09-30 23:18:22.258 +03:00 [INF] Request finished HTTP/1.1 GET http://127.0.0.1:5010/api/v1/doctors - 404 0 null 46.5928ms
2026-09-30 23:18:22.271 +03:00 [INF] Request finished HTTP/1.1 GET http://127.0.0.1:5010/api/v1/encounters/diagnoses - 404 0 null 44.6354ms
2026-09-30 23:18:22.299 +03:00 [INF] Request reached the end of the middleware pipeline without being handled by application code. Request path: GET http://127.0.0.1:5010/api/v1/doctors, Response status code: 404
2026-09-30 23:18:22.309 +03:00 [INF] Request reached the end of the middleware pipeline without being handled by application code. Request path: GET http://127.0.0.1:5010/api/v1/encounters/diagnoses, Response status code: 404
2026-09-30 23:18:34.866 +03:00 [INF] Request starting HTTP/1.1 GET http://127.0.0.1:5010/api/v1/billing/procedures - application/json null
2026-09-30 23:18:34.867 +03:00 [INF] Request starting HTTP/1.1 GET http://127.0.0.1:5010/api/v1/doctors - application/json null
2026-09-30 23:18:34.888 +03:00 [INF] Request starting HTTP/1.1 GET http://127.0.0.1:5010/api/v1/billing/procedures - application/json null
2026-09-30 23:18:34.877 +03:00 [INF] Request finished HTTP/1.1 GET http://127.0.0.1:5010/api/v1/billing/procedures - 404 0 null 10.5562ms
2026-09-30 23:18:34.889 +03:00 [INF] Request finished HTTP/1.1 GET http://127.0.0.1:5010/api/v1/doctors - 404 0 null 21.6389ms
2026-09-30 23:18:34.898 +03:00 [INF] Request starting HTTP/1.1 GET http://127.0.0.1:5010/api/v1/doctors - application/json null
2026-09-30 23:18:34.899 +03:00 [INF] Request finished HTTP/1.1 GET http://127.0.0.1:5010/api/v1/billing/procedures - 404 0 null 11.0131ms
2026-09-30 23:18:34.913 +03:00 [INF] Request reached the end of the middleware pipeline without being handled by application code. Request path: GET http://127.0.0.1:5010/api/v1/billing/procedures, Response status code: 404
2026-09-30 23:18:34.924 +03:00 [INF] Request reached the end of the middleware pipeline without being handled by application code. Request path: GET http://127.0.0.1:5010/api/v1/doctors, Response status code: 404
2026-09-30 23:18:34.935 +03:00 [INF] Request finished HTTP/1.1 GET http://127.0.0.1:5010/api/v1/doctors - 404 0 null 37.0953ms
2026-09-30 23:18:34.947 +03:00 [INF] Request reached the end of the middleware pipeline without being handled by application code. Request path: GET http://127.0.0.1:5010/api/v1/billing/procedures, Response status code: 404
2026-09-30 23:18:34.973 +03:00 [INF] Request reached the end of the middleware pipeline without being handled by application code. Request path: GET http://127.0.0.1:5010/api/v1/doctors, Response status code: 404
2026-09-30 23:18:35.024 +03:00 [INF] Request starting HTTP/1.1 GET http://127.0.0.1:5010/api/v1/notifications - application/json null
2026-09-30 23:18:35.037 +03:00 [INF] Executing endpoint 'CMS.API.Controllers.NotificationsController.GetNotifications (CMS.API)'
2026-09-30 23:18:35.041 +03:00 [INF] Route matched with {action = "GetNotifications", controller = "Notifications"}. Executing controller action with signature System.Threading.Tasks.Task`1[Microsoft.AspNetCore.Mvc.IActionResult] GetNotifications(System.Nullable`1[System.Int32], System.String) on controller CMS.API.Controllers.NotificationsController (CMS.API).
2026-09-30 23:18:35.060 +03:00 [INF] Executing OkObjectResult, writing value of type 'CMS.Shared.DTOs.ApiResponse`1[[System.Collections.Generic.List`1[[CMS.Shared.DTOs.NotificationItemDto, CMS.Shared, Version=1.0.0.0, Culture=neutral, PublicKeyToken=null]], System.Private.CoreLib, Version=8.0.0.0, Culture=neutral, PublicKeyToken=7cec85d7bea7798e]]'.
2026-09-30 23:18:35.066 +03:00 [INF] Executed action CMS.API.Controllers.NotificationsController.GetNotifications (CMS.API) in 18.0898ms
2026-09-30 23:18:35.072 +03:00 [INF] Executed endpoint 'CMS.API.Controllers.NotificationsController.GetNotifications (CMS.API)'
2026-09-30 23:18:35.076 +03:00 [INF] Request finished HTTP/1.1 GET http://127.0.0.1:5010/api/v1/notifications - 200 null application/json; charset=utf-8 51.8263ms
2026-09-30 23:18:38.150 +03:00 [INF] Request starting HTTP/1.1 GET http://127.0.0.1:5010/api/v1/reports/datasources - application/json null
2026-09-30 23:18:38.171 +03:00 [INF] Executing endpoint 'CMS.API.Controllers.ReportsController.GetDataSources (CMS.API)'
2026-09-30 23:18:38.188 +03:00 [INF] Route matched with {action = "GetDataSources", controller = "Reports"}. Executing controller action with signature System.Threading.Tasks.Task`1[Microsoft.AspNetCore.Mvc.IActionResult] GetDataSources() on controller CMS.API.Controllers.ReportsController (CMS.API).
2026-09-30 23:18:38.345 +03:00 [INF] Executing OkObjectResult, writing value of type 'CMS.Shared.DTOs.ApiResponse`1[[System.Object, System.Private.CoreLib, Version=8.0.0.0, Culture=neutral, PublicKeyToken=7cec85d7bea7798e]]'.
2026-09-30 23:18:38.370 +03:00 [INF] Executed action CMS.API.Controllers.ReportsController.GetDataSources (CMS.API) in 173.8648ms
2026-09-30 23:18:38.380 +03:00 [INF] Executed endpoint 'CMS.API.Controllers.ReportsController.GetDataSources (CMS.API)'
2026-09-30 23:18:38.382 +03:00 [INF] Request starting HTTP/1.1 GET http://127.0.0.1:5010/api/v1/reports/datasources - application/json null
2026-09-30 23:18:38.386 +03:00 [INF] Request finished HTTP/1.1 GET http://127.0.0.1:5010/api/v1/reports/datasources - 200 null application/json; charset=utf-8 235.5475ms
2026-09-30 23:18:38.399 +03:00 [INF] Executing endpoint 'CMS.API.Controllers.ReportsController.GetDataSources (CMS.API)'
2026-09-30 23:18:38.415 +03:00 [INF] Route matched with {action = "GetDataSources", controller = "Reports"}. Executing controller action with signature System.Threading.Tasks.Task`1[Microsoft.AspNetCore.Mvc.IActionResult] GetDataSources() on controller CMS.API.Controllers.ReportsController (CMS.API).
2026-09-30 23:18:38.434 +03:00 [INF] Executing OkObjectResult, writing value of type 'CMS.Shared.DTOs.ApiResponse`1[[System.Object, System.Private.CoreLib, Version=8.0.0.0, Culture=neutral, PublicKeyToken=7cec85d7bea7798e]]'.
2026-09-30 23:18:38.441 +03:00 [INF] Executed action CMS.API.Controllers.ReportsController.GetDataSources (CMS.API) in 17.0064ms
2026-09-30 23:18:38.448 +03:00 [INF] Executed endpoint 'CMS.API.Controllers.ReportsController.GetDataSources (CMS.API)'
2026-09-30 23:18:38.452 +03:00 [INF] Request finished HTTP/1.1 GET http://127.0.0.1:5010/api/v1/reports/datasources - 200 null application/json; charset=utf-8 70.1589ms
