2026-10-07 00:05:52.893 +03:00 [WRN] Cache: Redis unavailable (It was not possible to connect to the redis server(s). Error connecting right now. To allow this multiplexer to continue retrying until it's able to connect, use abortConnect=false in your connection string or AbortOnConnectFail=false; in your code.). Using MemoryCacheService fallback
2026-10-07 00:05:53.832 +03:00 [INF] CMS API Host starting...
2026-10-07 00:05:53.915 +03:00 [INF] User profile is available. Using 'C:\Users\ASUS\AppData\Local\ASP.NET\DataProtection-Keys' as key repository and Windows DPAPI to encrypt keys at rest.
2026-10-07 00:05:53.956 +03:00 [INF] [2026-10-07 00:05:53.944] LISTENER STARTED: Passively waiting for analyzer connections on 0.0.0.0:8004...
2026-10-07 00:05:53.960 +03:00 [INF] [2026-10-07 00:05:53.959] LISTENER STARTED: Passively waiting for analyzer connections on 0.0.0.0:10001...
2026-10-07 00:05:53.961 +03:00 [INF] [2026-10-07 00:05:53.961] LISTENER STARTED: Passively waiting for analyzer connections on 0.0.0.0:10002...
2026-10-07 00:05:54.269 +03:00 [INF] Now listening on: http://0.0.0.0:5010
2026-10-07 00:05:54.269 +03:00 [INF] Now listening on: http://localhost:5010
2026-10-07 00:05:54.270 +03:00 [INF] Application started. Press Ctrl+C to shut down.
2026-10-07 00:05:54.270 +03:00 [INF] Hosting environment: Development
2026-10-07 00:05:54.270 +03:00 [INF] Content root path: C:\Users\ASUS\source\repos\CMS\src\CMS.API
2026-10-07 00:07:04.429 +03:00 [INF] Request starting HTTP/1.1 POST http://localhost:5010/api/v1/auth/login - application/json 43
2026-10-07 00:07:04.642 +03:00 [INF] Executing endpoint 'CMS.API.Controllers.AuthController.Login (CMS.API)'
2026-10-07 00:07:04.695 +03:00 [INF] Route matched with {action = "Login", controller = "Auth"}. Executing controller action with signature System.Threading.Tasks.Task`1[Microsoft.AspNetCore.Mvc.IActionResult] Login(CMS.Shared.DTOs.LoginRequest) on controller CMS.API.Controllers.AuthController (CMS.API).
2026-10-07 00:07:05.894 +03:00 [INF] Executing OkObjectResult, writing value of type 'CMS.Shared.DTOs.ApiResponse`1[[CMS.Shared.DTOs.LoginResponse, CMS.Shared, Version=1.0.0.0, Culture=neutral, PublicKeyToken=null]]'.
2026-10-07 00:07:05.961 +03:00 [INF] Executed action CMS.API.Controllers.AuthController.Login (CMS.API) in 1256.0238ms
2026-10-07 00:07:05.971 +03:00 [INF] Executed endpoint 'CMS.API.Controllers.AuthController.Login (CMS.API)'
2026-10-07 00:07:05.981 +03:00 [INF] Request finished HTTP/1.1 POST http://localhost:5010/api/v1/auth/login - 200 null application/json; charset=utf-8 1558.1568ms
2026-10-07 00:07:06.229 +03:00 [INF] Request starting HTTP/1.1 GET http://localhost:5010/api/v1/lab/catalog - null null
2026-10-07 00:07:06.243 +03:00 [INF] Executing endpoint 'CMS.API.Controllers.LaboratoryController.GetCatalog (CMS.API)'
2026-10-07 00:07:06.252 +03:00 [INF] Route matched with {action = "GetCatalog", controller = "Laboratory"}. Executing controller action with signature System.Threading.Tasks.Task`1[Microsoft.AspNetCore.Mvc.IActionResult] GetCatalog() on controller CMS.API.Controllers.LaboratoryController (CMS.API).
2026-10-07 00:07:06.261 +03:00 [INF] Authorization failed. These requirements were not met:
DenyAnonymousAuthorizationRequirement: Requires an authenticated user.
2026-10-07 00:07:06.262 +03:00 [INF] Authorization failed for the request at filter 'Microsoft.AspNetCore.Mvc.Authorization.AuthorizeFilter'.
2026-10-07 00:07:06.265 +03:00 [INF] Executing ChallengeResult with authentication schemes ([]).
2026-10-07 00:07:06.279 +03:00 [INF] AuthenticationScheme: Bearer was challenged.
2026-10-07 00:07:06.280 +03:00 [INF] Executed action CMS.API.Controllers.LaboratoryController.GetCatalog (CMS.API) in 27.5688ms
2026-10-07 00:07:06.280 +03:00 [INF] Executed endpoint 'CMS.API.Controllers.LaboratoryController.GetCatalog (CMS.API)'
2026-10-07 00:07:06.281 +03:00 [INF] Request finished HTTP/1.1 GET http://localhost:5010/api/v1/lab/catalog - 401 0 null 51.414ms
2026-10-07 00:07:12.638 +03:00 [INF] Request starting HTTP/1.1 POST http://localhost:5010/api/v1/auth/login - application/json 43
2026-10-07 00:07:12.645 +03:00 [INF] Executing endpoint 'CMS.API.Controllers.AuthController.Login (CMS.API)'
2026-10-07 00:07:12.646 +03:00 [INF] Route matched with {action = "Login", controller = "Auth"}. Executing controller action with signature System.Threading.Tasks.Task`1[Microsoft.AspNetCore.Mvc.IActionResult] Login(CMS.Shared.DTOs.LoginRequest) on controller CMS.API.Controllers.AuthController (CMS.API).
2026-10-07 00:07:12.707 +03:00 [INF] Executing OkObjectResult, writing value of type 'CMS.Shared.DTOs.ApiResponse`1[[CMS.Shared.DTOs.LoginResponse, CMS.Shared, Version=1.0.0.0, Culture=neutral, PublicKeyToken=null]]'.
2026-10-07 00:07:12.708 +03:00 [INF] Executed action CMS.API.Controllers.AuthController.Login (CMS.API) in 61.6277ms
2026-10-07 00:07:12.708 +03:00 [INF] Executed endpoint 'CMS.API.Controllers.AuthController.Login (CMS.API)'
2026-10-07 00:07:12.709 +03:00 [INF] Request finished HTTP/1.1 POST http://localhost:5010/api/v1/auth/login - 200 null application/json; charset=utf-8 70.8226ms
2026-10-07 00:07:20.315 +03:00 [INF] Request starting HTTP/1.1 POST http://localhost:5010/api/v1/auth/login - application/json 43
2026-10-07 00:07:20.316 +03:00 [INF] Executing endpoint 'CMS.API.Controllers.AuthController.Login (CMS.API)'
2026-10-07 00:07:20.317 +03:00 [INF] Route matched with {action = "Login", controller = "Auth"}. Executing controller action with signature System.Threading.Tasks.Task`1[Microsoft.AspNetCore.Mvc.IActionResult] Login(CMS.Shared.DTOs.LoginRequest) on controller CMS.API.Controllers.AuthController (CMS.API).
2026-10-07 00:07:20.352 +03:00 [INF] Executing OkObjectResult, writing value of type 'CMS.Shared.DTOs.ApiResponse`1[[CMS.Shared.DTOs.LoginResponse, CMS.Shared, Version=1.0.0.0, Culture=neutral, PublicKeyToken=null]]'.
2026-10-07 00:07:20.352 +03:00 [INF] Executed action CMS.API.Controllers.AuthController.Login (CMS.API) in 35.2843ms
2026-10-07 00:07:20.353 +03:00 [INF] Executed endpoint 'CMS.API.Controllers.AuthController.Login (CMS.API)'
2026-10-07 00:07:20.353 +03:00 [INF] Request finished HTTP/1.1 POST http://localhost:5010/api/v1/auth/login - 200 null application/json; charset=utf-8 37.7786ms
2026-10-07 00:07:20.410 +03:00 [INF] Request starting HTTP/1.1 GET http://localhost:5010/api/v1/lab/catalog - null null
2026-10-07 00:07:20.485 +03:00 [INF] Executing endpoint 'CMS.API.Controllers.LaboratoryController.GetCatalog (CMS.API)'
2026-10-07 00:07:20.486 +03:00 [INF] Route matched with {action = "GetCatalog", controller = "Laboratory"}. Executing controller action with signature System.Threading.Tasks.Task`1[Microsoft.AspNetCore.Mvc.IActionResult] GetCatalog() on controller CMS.API.Controllers.LaboratoryController (CMS.API).
2026-10-07 00:07:20.676 +03:00 [INF] Executed action CMS.API.Controllers.LaboratoryController.GetCatalog (CMS.API) in 189.5788ms
2026-10-07 00:07:20.677 +03:00 [INF] Executed endpoint 'CMS.API.Controllers.LaboratoryController.GetCatalog (CMS.API)'
2026-10-07 00:07:20.679 +03:00 [ERR] Unhandled exception encountered: A parameterless default constructor or one matching signature (System.Int32 Id, System.String TestCode, System.String TestName, System.String Category, System.String SampleType, System.Int32 TurnaroundMinutes, System.Decimal NormalRangeLow, System.Decimal NormalRangeHigh, System.String TextReferenceRange, System.String Unit, System.Decimal Price, System.Int32 DisplayOrder) is required for CMS.Shared.DTOs.LabTestCatalogDto materialization
System.InvalidOperationException: A parameterless default constructor or one matching signature (System.Int32 Id, System.String TestCode, System.String TestName, System.String Category, System.String SampleType, System.Int32 TurnaroundMinutes, System.Decimal NormalRangeLow, System.Decimal NormalRangeHigh, System.String TextReferenceRange, System.String Unit, System.Decimal Price, System.Int32 DisplayOrder) is required for CMS.Shared.DTOs.LabTestCatalogDto materialization
   at Dapper.SqlMapper.GenerateDeserializerFromMap(Type type, DbDataReader reader, Int32 startBound, Int32 length, Boolean returnNullIfFirstMissing, ILGenerator il) in /_/Dapper/SqlMapper.cs:line 3473
   at Dapper.SqlMapper.GetTypeDeserializerImpl(Type type, DbDataReader reader, Int32 startBound, Int32 length, Boolean returnNullIfFirstMissing) in /_/Dapper/SqlMapper.cs:line 3304
   at Dapper.SqlMapper.TypeDeserializerCache.GetReader(DbDataReader reader, Int32 startBound, Int32 length, Boolean returnNullIfFirstMissing) in /_/Dapper/SqlMapper.TypeDeserializerCache.cs:line 151
   at Dapper.SqlMapper.TypeDeserializerCache.GetReader(Type type, DbDataReader reader, Int32 startBound, Int32 length, Boolean returnNullIfFirstMissing) in /_/Dapper/SqlMapper.TypeDeserializerCache.cs:line 50
   at Dapper.SqlMapper.GetTypeDeserializer(Type type, DbDataReader reader, Int32 startBound, Int32 length, Boolean returnNullIfFirstMissing) in /_/Dapper/SqlMapper.cs:line 3258
   at Dapper.SqlMapper.GetDeserializer(Type type, DbDataReader reader, Int32 startBound, Int32 length, Boolean returnNullIfFirstMissing) in /_/Dapper/SqlMapper.cs:line 1945
   at Dapper.SqlMapper.QueryAsync[T](IDbConnection cnn, Type effectiveType, CommandDefinition command) in /_/Dapper/SqlMapper.Async.cs:line 442
   at CMS.API.Controllers.LaboratoryController.GetCatalog() in C:\Users\ASUS\source\repos\CMS\src\CMS.API\Controllers\Controllers.cs:line 419
   at Microsoft.AspNetCore.Mvc.Infrastructure.ActionMethodExecutor.TaskOfIActionResultExecutor.Execute(ActionContext actionContext, IActionResultTypeMapper mapper, ObjectMethodExecutor executor, Object controller, Object[] arguments)
   at Microsoft.AspNetCore.Mvc.Infrastructure.ControllerActionInvoker.<InvokeActionMethodAsync>g__Awaited|12_0(ControllerActionInvoker invoker, ValueTask`1 actionResultValueTask)
   at Microsoft.AspNetCore.Mvc.Infrastructure.ControllerActionInvoker.<InvokeNextActionFilterAsync>g__Awaited|10_0(ControllerActionInvoker invoker, Task lastTask, State next, Scope scope, Object state, Boolean isCompleted)
   at Microsoft.AspNetCore.Mvc.Infrastructure.ControllerActionInvoker.Rethrow(ActionExecutedContextSealed context)
   at Microsoft.AspNetCore.Mvc.Infrastructure.ControllerActionInvoker.Next(State& next, Scope& scope, Object& state, Boolean& isCompleted)
   at Microsoft.AspNetCore.Mvc.Infrastructure.ControllerActionInvoker.<InvokeInnerFilterAsync>g__Awaited|13_0(ControllerActionInvoker invoker, Task lastTask, State next, Scope scope, Object state, Boolean isCompleted)
   at Microsoft.AspNetCore.Mvc.Infrastructure.ResourceInvoker.<InvokeFilterPipelineAsync>g__Awaited|20_0(ResourceInvoker invoker, Task lastTask, State next, Scope scope, Object state, Boolean isCompleted)
   at Microsoft.AspNetCore.Mvc.Infrastructure.ResourceInvoker.<InvokeAsync>g__Logged|17_1(ResourceInvoker invoker)
   at Microsoft.AspNetCore.Mvc.Infrastructure.ResourceInvoker.<InvokeAsync>g__Logged|17_1(ResourceInvoker invoker)
   at Microsoft.AspNetCore.Routing.EndpointMiddleware.<Invoke>g__AwaitRequestTask|7_0(Endpoint endpoint, Task requestTask, ILogger logger)
   at Microsoft.AspNetCore.Authorization.AuthorizationMiddleware.Invoke(HttpContext context)
   at CMS.API.Middleware.TenantMiddleware.InvokeAsync(HttpContext context) in C:\Users\ASUS\source\repos\CMS\src\CMS.API\Middleware\Middlewares.cs:line 41
   at Microsoft.AspNetCore.Authentication.AuthenticationMiddleware.Invoke(HttpContext context)
   at Swashbuckle.AspNetCore.SwaggerUI.SwaggerUIMiddleware.Invoke(HttpContext httpContext)
   at Swashbuckle.AspNetCore.Swagger.SwaggerMiddleware.Invoke(HttpContext httpContext, ISwaggerProvider swaggerProvider)
   at CMS.API.Middleware.ExceptionMiddleware.InvokeAsync(HttpContext context) in C:\Users\ASUS\source\repos\CMS\src\CMS.API\Middleware\Middlewares.cs:line 60
2026-10-07 00:07:20.737 +03:00 [INF] Request finished HTTP/1.1 GET http://localhost:5010/api/v1/lab/catalog - 500 null application/json 326.7892ms
2026-10-07 00:08:33.183 +03:00 [WRN] Cache: Redis unavailable (It was not possible to connect to the redis server(s). Error connecting right now. To allow this multiplexer to continue retrying until it's able to connect, use abortConnect=false in your connection string or AbortOnConnectFail=false; in your code.). Using MemoryCacheService fallback
2026-10-07 00:08:33.740 +03:00 [INF] CMS API Host starting...
2026-10-07 00:08:33.792 +03:00 [INF] User profile is available. Using 'C:\Users\ASUS\AppData\Local\ASP.NET\DataProtection-Keys' as key repository and Windows DPAPI to encrypt keys at rest.
2026-10-07 00:08:33.872 +03:00 [INF] [2026-10-07 00:08:33.861] LISTENER STARTED: Passively waiting for analyzer connections on 0.0.0.0:8004...
2026-10-07 00:08:33.881 +03:00 [INF] [2026-10-07 00:08:33.881] LISTENER STARTED: Passively waiting for analyzer connections on 0.0.0.0:10001...
2026-10-07 00:08:33.882 +03:00 [INF] [2026-10-07 00:08:33.882] LISTENER STARTED: Passively waiting for analyzer connections on 0.0.0.0:10002...
2026-10-07 00:08:34.071 +03:00 [INF] Now listening on: http://0.0.0.0:5010
2026-10-07 00:08:34.072 +03:00 [INF] Now listening on: http://localhost:5010
2026-10-07 00:08:34.072 +03:00 [INF] Application started. Press Ctrl+C to shut down.
2026-10-07 00:08:34.072 +03:00 [INF] Hosting environment: Development
2026-10-07 00:08:34.072 +03:00 [INF] Content root path: C:\Users\ASUS\source\repos\CMS\src\CMS.API
2026-10-07 00:08:42.648 +03:00 [INF] Request starting HTTP/1.1 POST http://localhost:5010/api/v1/auth/login - application/json 43
2026-10-07 00:08:42.817 +03:00 [INF] Executing endpoint 'CMS.API.Controllers.AuthController.Login (CMS.API)'
2026-10-07 00:08:42.859 +03:00 [INF] Route matched with {action = "Login", controller = "Auth"}. Executing controller action with signature System.Threading.Tasks.Task`1[Microsoft.AspNetCore.Mvc.IActionResult] Login(CMS.Shared.DTOs.LoginRequest) on controller CMS.API.Controllers.AuthController (CMS.API).
2026-10-07 00:09:11.433 +03:00 [INF] Executing OkObjectResult, writing value of type 'CMS.Shared.DTOs.ApiResponse`1[[CMS.Shared.DTOs.LoginResponse, CMS.Shared, Version=1.0.0.0, Culture=neutral, PublicKeyToken=null]]'.
2026-10-07 00:09:11.495 +03:00 [INF] Executed action CMS.API.Controllers.AuthController.Login (CMS.API) in 28628.5408ms
2026-10-07 00:09:11.502 +03:00 [INF] Executed endpoint 'CMS.API.Controllers.AuthController.Login (CMS.API)'
2026-10-07 00:09:11.509 +03:00 [INF] Request finished HTTP/1.1 POST http://localhost:5010/api/v1/auth/login - 200 null application/json; charset=utf-8 28866.954ms
2026-10-07 00:09:11.574 +03:00 [INF] Request starting HTTP/1.1 GET http://localhost:5010/api/v1/lab/catalog - null null
2026-10-07 00:09:11.686 +03:00 [INF] Executing endpoint 'CMS.API.Controllers.LaboratoryController.GetCatalog (CMS.API)'
2026-10-07 00:09:11.695 +03:00 [INF] Route matched with {action = "GetCatalog", controller = "Laboratory"}. Executing controller action with signature System.Threading.Tasks.Task`1[Microsoft.AspNetCore.Mvc.IActionResult] GetCatalog() on controller CMS.API.Controllers.LaboratoryController (CMS.API).
2026-10-07 00:09:17.261 +03:00 [INF] Request starting HTTP/1.1 POST http://localhost:5010/api/v1/auth/login - application/json 43
2026-10-07 00:09:17.272 +03:00 [INF] Executing endpoint 'CMS.API.Controllers.AuthController.Login (CMS.API)'
2026-10-07 00:09:17.274 +03:00 [INF] Route matched with {action = "Login", controller = "Auth"}. Executing controller action with signature System.Threading.Tasks.Task`1[Microsoft.AspNetCore.Mvc.IActionResult] Login(CMS.Shared.DTOs.LoginRequest) on controller CMS.API.Controllers.AuthController (CMS.API).
2026-10-07 00:09:39.055 +03:00 [INF] Executing OkObjectResult, writing value of type 'CMS.Shared.DTOs.ApiResponse`1[[System.Collections.Generic.List`1[[CMS.Shared.DTOs.LabTestCatalogDto, CMS.Shared, Version=1.0.0.0, Culture=neutral, PublicKeyToken=null]], System.Private.CoreLib, Version=8.0.0.0, Culture=neutral, PublicKeyToken=7cec85d7bea7798e]]'.
2026-10-07 00:09:39.070 +03:00 [INF] Executing OkObjectResult, writing value of type 'CMS.Shared.DTOs.ApiResponse`1[[CMS.Shared.DTOs.LoginResponse, CMS.Shared, Version=1.0.0.0, Culture=neutral, PublicKeyToken=null]]'.
2026-10-07 00:09:39.071 +03:00 [INF] Executed action CMS.API.Controllers.AuthController.Login (CMS.API) in 21795.8226ms
2026-10-07 00:09:39.071 +03:00 [INF] Executed endpoint 'CMS.API.Controllers.AuthController.Login (CMS.API)'
2026-10-07 00:09:39.072 +03:00 [INF] Request finished HTTP/1.1 POST http://localhost:5010/api/v1/auth/login - 200 null application/json; charset=utf-8 21810.0556ms
2026-10-07 00:09:39.096 +03:00 [INF] Executed action CMS.API.Controllers.LaboratoryController.GetCatalog (CMS.API) in 27400.7861ms
2026-10-07 00:09:39.097 +03:00 [INF] Executed endpoint 'CMS.API.Controllers.LaboratoryController.GetCatalog (CMS.API)'
2026-10-07 00:09:39.097 +03:00 [INF] Request finished HTTP/1.1 GET http://localhost:5010/api/v1/lab/catalog - 200 null application/json; charset=utf-8 27523.0606ms
2026-10-07 00:09:39.172 +03:00 [INF] Request starting HTTP/1.1 GET http://localhost:5010/api/v1/lab/catalog - null null
2026-10-07 00:09:39.180 +03:00 [INF] Executing endpoint 'CMS.API.Controllers.LaboratoryController.GetCatalog (CMS.API)'
2026-10-07 00:09:39.180 +03:00 [INF] Route matched with {action = "GetCatalog", controller = "Laboratory"}. Executing controller action with signature System.Threading.Tasks.Task`1[Microsoft.AspNetCore.Mvc.IActionResult] GetCatalog() on controller CMS.API.Controllers.LaboratoryController (CMS.API).
2026-10-07 00:09:40.647 +03:00 [INF] Request starting HTTP/1.1 POST http://localhost:5010/api/v1/auth/login - application/json 43
2026-10-07 00:09:40.648 +03:00 [INF] Executing endpoint 'CMS.API.Controllers.AuthController.Login (CMS.API)'
2026-10-07 00:09:40.648 +03:00 [INF] Route matched with {action = "Login", controller = "Auth"}. Executing controller action with signature System.Threading.Tasks.Task`1[Microsoft.AspNetCore.Mvc.IActionResult] Login(CMS.Shared.DTOs.LoginRequest) on controller CMS.API.Controllers.AuthController (CMS.API).
2026-10-07 00:10:14.221 +03:00 [INF] Executed action CMS.API.Controllers.LaboratoryController.GetCatalog (CMS.API) in 35040.6022ms
2026-10-07 00:10:14.222 +03:00 [INF] Executed endpoint 'CMS.API.Controllers.LaboratoryController.GetCatalog (CMS.API)'
2026-10-07 00:10:14.223 +03:00 [ERR] Unhandled exception encountered: Execution Timeout Expired.  The timeout period elapsed prior to completion of the operation or the server is not responding.
Microsoft.Data.SqlClient.SqlException (0x80131904): Execution Timeout Expired.  The timeout period elapsed prior to completion of the operation or the server is not responding.
 ---> System.ComponentModel.Win32Exception (258): The wait operation timed out.
   at Microsoft.Data.SqlClient.SqlCommand.<>c.<ExecuteDbDataReaderAsync>b__211_0(Task`1 result)
   at System.Threading.Tasks.ContinuationResultTaskFromResultTask`2.InnerInvoke()
   at System.Threading.ExecutionContext.RunInternal(ExecutionContext executionContext, ContextCallback callback, Object state)
--- End of stack trace from previous location ---
   at System.Threading.ExecutionContext.RunInternal(ExecutionContext executionContext, ContextCallback callback, Object state)
   at System.Threading.Tasks.Task.ExecuteWithThreadLocal(Task& currentTaskSlot, Thread threadPoolThread)
--- End of stack trace from previous location ---
   at Dapper.SqlMapper.QueryAsync[T](IDbConnection cnn, Type effectiveType, CommandDefinition command) in /_/Dapper/SqlMapper.Async.cs:line 434
   at CMS.API.Controllers.LaboratoryController.GetCatalog() in C:\Users\ASUS\source\repos\CMS\src\CMS.API\Controllers\Controllers.cs:line 419
   at Microsoft.AspNetCore.Mvc.Infrastructure.ActionMethodExecutor.TaskOfIActionResultExecutor.Execute(ActionContext actionContext, IActionResultTypeMapper mapper, ObjectMethodExecutor executor, Object controller, Object[] arguments)
   at Microsoft.AspNetCore.Mvc.Infrastructure.ControllerActionInvoker.<InvokeActionMethodAsync>g__Awaited|12_0(ControllerActionInvoker invoker, ValueTask`1 actionResultValueTask)
   at Microsoft.AspNetCore.Mvc.Infrastructure.ControllerActionInvoker.<InvokeNextActionFilterAsync>g__Awaited|10_0(ControllerActionInvoker invoker, Task lastTask, State next, Scope scope, Object state, Boolean isCompleted)
   at Microsoft.AspNetCore.Mvc.Infrastructure.ControllerActionInvoker.Rethrow(ActionExecutedContextSealed context)
   at Microsoft.AspNetCore.Mvc.Infrastructure.ControllerActionInvoker.Next(State& next, Scope& scope, Object& state, Boolean& isCompleted)
   at Microsoft.AspNetCore.Mvc.Infrastructure.ControllerActionInvoker.<InvokeInnerFilterAsync>g__Awaited|13_0(ControllerActionInvoker invoker, Task lastTask, State next, Scope scope, Object state, Boolean isCompleted)
   at Microsoft.AspNetCore.Mvc.Infrastructure.ResourceInvoker.<InvokeFilterPipelineAsync>g__Awaited|20_0(ResourceInvoker invoker, Task lastTask, State next, Scope scope, Object state, Boolean isCompleted)
   at Microsoft.AspNetCore.Mvc.Infrastructure.ResourceInvoker.<InvokeAsync>g__Logged|17_1(ResourceInvoker invoker)
   at Microsoft.AspNetCore.Mvc.Infrastructure.ResourceInvoker.<InvokeAsync>g__Logged|17_1(ResourceInvoker invoker)
   at Microsoft.AspNetCore.Routing.EndpointMiddleware.<Invoke>g__AwaitRequestTask|7_0(Endpoint endpoint, Task requestTask, ILogger logger)
   at Microsoft.AspNetCore.Authorization.AuthorizationMiddleware.Invoke(HttpContext context)
   at CMS.API.Middleware.TenantMiddleware.InvokeAsync(HttpContext context) in C:\Users\ASUS\source\repos\CMS\src\CMS.API\Middleware\Middlewares.cs:line 41
   at Microsoft.AspNetCore.Authentication.AuthenticationMiddleware.Invoke(HttpContext context)
   at Swashbuckle.AspNetCore.SwaggerUI.SwaggerUIMiddleware.Invoke(HttpContext httpContext)
   at Swashbuckle.AspNetCore.Swagger.SwaggerMiddleware.Invoke(HttpContext httpContext, ISwaggerProvider swaggerProvider)
   at CMS.API.Middleware.ExceptionMiddleware.InvokeAsync(HttpContext context) in C:\Users\ASUS\source\repos\CMS\src\CMS.API\Middleware\Middlewares.cs:line 60
ClientConnectionId:2e220060-fe59-40fa-bca4-dc452a2bdbd2
Error Number:-2,State:0,Class:11
2026-10-07 00:10:14.291 +03:00 [INF] Request finished HTTP/1.1 GET http://localhost:5010/api/v1/lab/catalog - 500 null application/json 35118.6064ms
2026-10-07 00:10:15.746 +03:00 [INF] Executed action CMS.API.Controllers.AuthController.Login (CMS.API) in 35097.9147ms
2026-10-07 00:10:15.747 +03:00 [INF] Executed endpoint 'CMS.API.Controllers.AuthController.Login (CMS.API)'
2026-10-07 00:10:15.751 +03:00 [ERR] Unhandled exception encountered: Execution Timeout Expired.  The timeout period elapsed prior to completion of the operation or the server is not responding.
Microsoft.Data.SqlClient.SqlException (0x80131904): Execution Timeout Expired.  The timeout period elapsed prior to completion of the operation or the server is not responding.
 ---> System.ComponentModel.Win32Exception (258): The wait operation timed out.
   at Microsoft.Data.SqlClient.SqlCommand.<>c.<ExecuteDbDataReaderAsync>b__211_0(Task`1 result)
   at System.Threading.Tasks.ContinuationResultTaskFromResultTask`2.InnerInvoke()
   at System.Threading.ExecutionContext.RunInternal(ExecutionContext executionContext, ContextCallback callback, Object state)
--- End of stack trace from previous location ---
   at System.Threading.ExecutionContext.RunInternal(ExecutionContext executionContext, ContextCallback callback, Object state)
   at System.Threading.Tasks.Task.ExecuteWithThreadLocal(Task& currentTaskSlot, Thread threadPoolThread)
--- End of stack trace from previous location ---
   at Dapper.SqlMapper.QueryRowAsync[T](IDbConnection cnn, Row row, Type effectiveType, CommandDefinition command) in /_/Dapper/SqlMapper.Async.cs:line 489
   at CMS.API.Controllers.AuthController.Login(LoginRequest request) in C:\Users\ASUS\source\repos\CMS\src\CMS.API\Controllers\Controllers.cs:line 29
   at Microsoft.AspNetCore.Mvc.Infrastructure.ActionMethodExecutor.TaskOfIActionResultExecutor.Execute(ActionContext actionContext, IActionResultTypeMapper mapper, ObjectMethodExecutor executor, Object controller, Object[] arguments)
   at Microsoft.AspNetCore.Mvc.Infrastructure.ControllerActionInvoker.<InvokeActionMethodAsync>g__Awaited|12_0(ControllerActionInvoker invoker, ValueTask`1 actionResultValueTask)
   at Microsoft.AspNetCore.Mvc.Infrastructure.ControllerActionInvoker.<InvokeNextActionFilterAsync>g__Awaited|10_0(ControllerActionInvoker invoker, Task lastTask, State next, Scope scope, Object state, Boolean isCompleted)
   at Microsoft.AspNetCore.Mvc.Infrastructure.ControllerActionInvoker.Rethrow(ActionExecutedContextSealed context)
   at Microsoft.AspNetCore.Mvc.Infrastructure.ControllerActionInvoker.Next(State& next, Scope& scope, Object& state, Boolean& isCompleted)
   at Microsoft.AspNetCore.Mvc.Infrastructure.ControllerActionInvoker.<InvokeInnerFilterAsync>g__Awaited|13_0(ControllerActionInvoker invoker, Task lastTask, State next, Scope scope, Object state, Boolean isCompleted)
   at Microsoft.AspNetCore.Mvc.Infrastructure.ResourceInvoker.<InvokeFilterPipelineAsync>g__Awaited|20_0(ResourceInvoker invoker, Task lastTask, State next, Scope scope, Object state, Boolean isCompleted)
   at Microsoft.AspNetCore.Mvc.Infrastructure.ResourceInvoker.<InvokeAsync>g__Logged|17_1(ResourceInvoker invoker)
   at Microsoft.AspNetCore.Mvc.Infrastructure.ResourceInvoker.<InvokeAsync>g__Logged|17_1(ResourceInvoker invoker)
   at Microsoft.AspNetCore.Routing.EndpointMiddleware.<Invoke>g__AwaitRequestTask|7_0(Endpoint endpoint, Task requestTask, ILogger logger)
   at Microsoft.AspNetCore.Authorization.AuthorizationMiddleware.Invoke(HttpContext context)
   at CMS.API.Middleware.TenantMiddleware.InvokeAsync(HttpContext context) in C:\Users\ASUS\source\repos\CMS\src\CMS.API\Middleware\Middlewares.cs:line 41
   at Microsoft.AspNetCore.Authentication.AuthenticationMiddleware.Invoke(HttpContext context)
   at Swashbuckle.AspNetCore.SwaggerUI.SwaggerUIMiddleware.Invoke(HttpContext httpContext)
   at Swashbuckle.AspNetCore.Swagger.SwaggerMiddleware.Invoke(HttpContext httpContext, ISwaggerProvider swaggerProvider)
   at CMS.API.Middleware.ExceptionMiddleware.InvokeAsync(HttpContext context) in C:\Users\ASUS\source\repos\CMS\src\CMS.API\Middleware\Middlewares.cs:line 60
ClientConnectionId:f8e41607-7471-42c0-92ac-54ed7286491a
Error Number:-2,State:0,Class:11
2026-10-07 00:10:15.761 +03:00 [INF] Request finished HTTP/1.1 POST http://localhost:5010/api/v1/auth/login - 500 null application/json 35113.1345ms
2026-10-07 00:10:16.049 +03:00 [INF] Request starting HTTP/1.1 GET http://localhost:5010/api/v1/lab/catalog - null null
2026-10-07 00:10:16.050 +03:00 [INF] Executing endpoint 'CMS.API.Controllers.LaboratoryController.GetCatalog (CMS.API)'
2026-10-07 00:10:16.050 +03:00 [INF] Route matched with {action = "GetCatalog", controller = "Laboratory"}. Executing controller action with signature System.Threading.Tasks.Task`1[Microsoft.AspNetCore.Mvc.IActionResult] GetCatalog() on controller CMS.API.Controllers.LaboratoryController (CMS.API).
2026-10-07 00:10:16.052 +03:00 [INF] Authorization failed. These requirements were not met:
DenyAnonymousAuthorizationRequirement: Requires an authenticated user.
2026-10-07 00:10:16.053 +03:00 [INF] Authorization failed for the request at filter 'Microsoft.AspNetCore.Mvc.Authorization.AuthorizeFilter'.
2026-10-07 00:10:16.056 +03:00 [INF] Executing ChallengeResult with authentication schemes ([]).
2026-10-07 00:10:16.065 +03:00 [INF] AuthenticationScheme: Bearer was challenged.
2026-10-07 00:10:16.065 +03:00 [INF] Executed action CMS.API.Controllers.LaboratoryController.GetCatalog (CMS.API) in 14.7024ms
2026-10-07 00:10:16.065 +03:00 [INF] Executed endpoint 'CMS.API.Controllers.LaboratoryController.GetCatalog (CMS.API)'
2026-10-07 00:10:16.066 +03:00 [INF] Request finished HTTP/1.1 GET http://localhost:5010/api/v1/lab/catalog - 401 0 null 16.3717ms
2026-10-07 11:47:29.994 +03:00 [WRN] Cache: Redis unavailable (It was not possible to connect to the redis server(s). Error connecting right now. To allow this multiplexer to continue retrying until it's able to connect, use abortConnect=false in your connection string or AbortOnConnectFail=false; in your code.). Using MemoryCacheService fallback
2026-10-07 11:47:31.079 +03:00 [INF] CMS API Host starting...
2026-10-07 11:47:31.185 +03:00 [INF] User profile is available. Using 'C:\Users\ASUS\AppData\Local\ASP.NET\DataProtection-Keys' as key repository and Windows DPAPI to encrypt keys at rest.
2026-10-07 11:47:31.242 +03:00 [INF] [2026-10-07 11:47:31.224] LISTENER STARTED: Passively waiting for analyzer connections on 0.0.0.0:8004...
2026-10-07 11:47:31.256 +03:00 [INF] [2026-10-07 11:47:31.256] LISTENER STARTED: Passively waiting for analyzer connections on 0.0.0.0:10001...
2026-10-07 11:47:31.262 +03:00 [INF] [2026-10-07 11:47:31.262] LISTENER STARTED: Passively waiting for analyzer connections on 0.0.0.0:10002...
2026-10-07 11:47:31.538 +03:00 [INF] Now listening on: http://localhost:5010
2026-10-07 11:47:31.542 +03:00 [INF] Application started. Press Ctrl+C to shut down.
2026-10-07 11:47:31.545 +03:00 [INF] Hosting environment: Development
2026-10-07 11:47:31.548 +03:00 [INF] Content root path: C:\Users\ASUS\source\repos\CMS\src\CMS.API
2026-10-07 11:49:28.635 +03:00 [INF] Request starting HTTP/1.1 GET http://127.0.0.1:5010/api/v1/settings - null null
2026-10-07 11:49:28.911 +03:00 [INF] Executing endpoint 'CMS.API.Controllers.SettingsController.GetSettings (CMS.API)'
2026-10-07 11:49:28.961 +03:00 [INF] Route matched with {action = "GetSettings", controller = "Settings"}. Executing controller action with signature System.Threading.Tasks.Task`1[Microsoft.AspNetCore.Mvc.IActionResult] GetSettings() on controller CMS.API.Controllers.SettingsController (CMS.API).
2026-10-07 11:49:28.999 +03:00 [INF] Authorization failed. These requirements were not met:
DenyAnonymousAuthorizationRequirement: Requires an authenticated user.
2026-10-07 11:49:29.004 +03:00 [INF] Authorization failed for the request at filter 'Microsoft.AspNetCore.Mvc.Authorization.AuthorizeFilter'.
2026-10-07 11:49:29.013 +03:00 [INF] Executing ChallengeResult with authentication schemes ([]).
2026-10-07 11:49:29.029 +03:00 [INF] AuthenticationScheme: Bearer was challenged.
2026-10-07 11:49:29.042 +03:00 [INF] Executed action CMS.API.Controllers.SettingsController.GetSettings (CMS.API) in 49.2978ms
2026-10-07 11:49:29.056 +03:00 [INF] Executed endpoint 'CMS.API.Controllers.SettingsController.GetSettings (CMS.API)'
2026-10-07 11:49:29.073 +03:00 [INF] Request finished HTTP/1.1 GET http://127.0.0.1:5010/api/v1/settings - 401 0 null 442.8352ms
2026-10-07 11:49:29.086 +03:00 [INF] Request starting HTTP/1.1 GET http://127.0.0.1:5010/api/v1/settings - null null
2026-10-07 11:49:29.116 +03:00 [INF] Executing endpoint 'CMS.API.Controllers.SettingsController.GetSettings (CMS.API)'
2026-10-07 11:49:29.122 +03:00 [INF] Route matched with {action = "GetSettings", controller = "Settings"}. Executing controller action with signature System.Threading.Tasks.Task`1[Microsoft.AspNetCore.Mvc.IActionResult] GetSettings() on controller CMS.API.Controllers.SettingsController (CMS.API).
2026-10-07 11:49:29.133 +03:00 [INF] Authorization failed. These requirements were not met:
DenyAnonymousAuthorizationRequirement: Requires an authenticated user.
2026-10-07 11:49:29.137 +03:00 [INF] Authorization failed for the request at filter 'Microsoft.AspNetCore.Mvc.Authorization.AuthorizeFilter'.
2026-10-07 11:49:29.141 +03:00 [INF] Executing ChallengeResult with authentication schemes ([]).
2026-10-07 11:49:29.146 +03:00 [INF] AuthenticationScheme: Bearer was challenged.
2026-10-07 11:49:29.150 +03:00 [INF] Executed action CMS.API.Controllers.SettingsController.GetSettings (CMS.API) in 21.1324ms
2026-10-07 11:49:29.154 +03:00 [INF] Executed endpoint 'CMS.API.Controllers.SettingsController.GetSettings (CMS.API)'
2026-10-07 11:49:29.159 +03:00 [INF] Request finished HTTP/1.1 GET http://127.0.0.1:5010/api/v1/settings - 401 0 null 72.5362ms
2026-10-07 11:49:29.169 +03:00 [INF] Request starting HTTP/1.1 GET http://127.0.0.1:5010/api/v1/settings - null null
2026-10-07 11:49:29.184 +03:00 [INF] Executing endpoint 'CMS.API.Controllers.SettingsController.GetSettings (CMS.API)'
2026-10-07 11:49:29.187 +03:00 [INF] Route matched with {action = "GetSettings", controller = "Settings"}. Executing controller action with signature System.Threading.Tasks.Task`1[Microsoft.AspNetCore.Mvc.IActionResult] GetSettings() on controller CMS.API.Controllers.SettingsController (CMS.API).
2026-10-07 11:49:29.195 +03:00 [INF] Authorization failed. These requirements were not met:
DenyAnonymousAuthorizationRequirement: Requires an authenticated user.
2026-10-07 11:49:29.200 +03:00 [INF] Authorization failed for the request at filter 'Microsoft.AspNetCore.Mvc.Authorization.AuthorizeFilter'.
2026-10-07 11:49:29.203 +03:00 [INF] Executing ChallengeResult with authentication schemes ([]).
2026-10-07 11:49:29.207 +03:00 [INF] AuthenticationScheme: Bearer was challenged.
2026-10-07 11:49:29.211 +03:00 [INF] Executed action CMS.API.Controllers.SettingsController.GetSettings (CMS.API) in 18.0441ms
2026-10-07 11:49:29.215 +03:00 [INF] Executed endpoint 'CMS.API.Controllers.SettingsController.GetSettings (CMS.API)'
2026-10-07 11:49:29.218 +03:00 [INF] Request finished HTTP/1.1 GET http://127.0.0.1:5010/api/v1/settings - 401 0 null 49.5999ms
2026-10-07 11:49:29.225 +03:00 [INF] Request starting HTTP/1.1 GET http://127.0.0.1:5010/api/v1/settings - null null
2026-10-07 11:49:29.240 +03:00 [INF] Executing endpoint 'CMS.API.Controllers.SettingsController.GetSettings (CMS.API)'
2026-10-07 11:49:29.245 +03:00 [INF] Route matched with {action = "GetSettings", controller = "Settings"}. Executing controller action with signature System.Threading.Tasks.Task`1[Microsoft.AspNetCore.Mvc.IActionResult] GetSettings() on controller CMS.API.Controllers.SettingsController (CMS.API).
2026-10-07 11:49:29.251 +03:00 [INF] Authorization failed. These requirements were not met:
DenyAnonymousAuthorizationRequirement: Requires an authenticated user.
2026-10-07 11:49:29.255 +03:00 [INF] Authorization failed for the request at filter 'Microsoft.AspNetCore.Mvc.Authorization.AuthorizeFilter'.
2026-10-07 11:49:29.260 +03:00 [INF] Executing ChallengeResult with authentication schemes ([]).
2026-10-07 11:49:29.264 +03:00 [INF] AuthenticationScheme: Bearer was challenged.
2026-10-07 11:49:29.268 +03:00 [INF] Executed action CMS.API.Controllers.SettingsController.GetSettings (CMS.API) in 17.7331ms
2026-10-07 11:49:29.273 +03:00 [INF] Executed endpoint 'CMS.API.Controllers.SettingsController.GetSettings (CMS.API)'
2026-10-07 11:49:29.277 +03:00 [INF] Request finished HTTP/1.1 GET http://127.0.0.1:5010/api/v1/settings - 401 0 null 52.0782ms
2026-10-07 11:49:40.762 +03:00 [INF] Request starting HTTP/1.1 GET http://127.0.0.1:5010/api/v1/settings - null null
2026-10-07 11:49:40.768 +03:00 [INF] Request starting HTTP/1.1 GET http://127.0.0.1:5010/api/v1/settings - null null
2026-10-07 11:49:40.770 +03:00 [INF] Request starting HTTP/1.1 GET http://127.0.0.1:5010/api/v1/settings - null null
2026-10-07 11:49:40.772 +03:00 [INF] Request starting HTTP/1.1 GET http://127.0.0.1:5010/api/v1/settings - null null
2026-10-07 11:49:40.797 +03:00 [INF] Executing endpoint 'CMS.API.Controllers.SettingsController.GetSettings (CMS.API)'
2026-10-07 11:49:40.817 +03:00 [INF] Executing endpoint 'CMS.API.Controllers.SettingsController.GetSettings (CMS.API)'
2026-10-07 11:49:40.829 +03:00 [INF] Executing endpoint 'CMS.API.Controllers.SettingsController.GetSettings (CMS.API)'
2026-10-07 11:49:40.842 +03:00 [INF] Executing endpoint 'CMS.API.Controllers.SettingsController.GetSettings (CMS.API)'
2026-10-07 11:49:40.846 +03:00 [INF] Route matched with {action = "GetSettings", controller = "Settings"}. Executing controller action with signature System.Threading.Tasks.Task`1[Microsoft.AspNetCore.Mvc.IActionResult] GetSettings() on controller CMS.API.Controllers.SettingsController (CMS.API).
2026-10-07 11:49:40.851 +03:00 [INF] Route matched with {action = "GetSettings", controller = "Settings"}. Executing controller action with signature System.Threading.Tasks.Task`1[Microsoft.AspNetCore.Mvc.IActionResult] GetSettings() on controller CMS.API.Controllers.SettingsController (CMS.API).
2026-10-07 11:49:40.855 +03:00 [INF] Route matched with {action = "GetSettings", controller = "Settings"}. Executing controller action with signature System.Threading.Tasks.Task`1[Microsoft.AspNetCore.Mvc.IActionResult] GetSettings() on controller CMS.API.Controllers.SettingsController (CMS.API).
2026-10-07 11:49:40.862 +03:00 [INF] Route matched with {action = "GetSettings", controller = "Settings"}. Executing controller action with signature System.Threading.Tasks.Task`1[Microsoft.AspNetCore.Mvc.IActionResult] GetSettings() on controller CMS.API.Controllers.SettingsController (CMS.API).
2026-10-07 11:49:40.870 +03:00 [INF] Authorization failed. These requirements were not met:
DenyAnonymousAuthorizationRequirement: Requires an authenticated user.
2026-10-07 11:49:40.879 +03:00 [INF] Authorization failed. These requirements were not met:
DenyAnonymousAuthorizationRequirement: Requires an authenticated user.
2026-10-07 11:49:40.886 +03:00 [INF] Authorization failed. These requirements were not met:
DenyAnonymousAuthorizationRequirement: Requires an authenticated user.
2026-10-07 11:49:40.898 +03:00 [INF] Authorization failed. These requirements were not met:
DenyAnonymousAuthorizationRequirement: Requires an authenticated user.
2026-10-07 11:49:40.901 +03:00 [INF] Authorization failed for the request at filter 'Microsoft.AspNetCore.Mvc.Authorization.AuthorizeFilter'.
2026-10-07 11:49:40.907 +03:00 [INF] Authorization failed for the request at filter 'Microsoft.AspNetCore.Mvc.Authorization.AuthorizeFilter'.
2026-10-07 11:49:40.912 +03:00 [INF] Authorization failed for the request at filter 'Microsoft.AspNetCore.Mvc.Authorization.AuthorizeFilter'.
2026-10-07 11:49:40.920 +03:00 [INF] Authorization failed for the request at filter 'Microsoft.AspNetCore.Mvc.Authorization.AuthorizeFilter'.
2026-10-07 11:49:40.932 +03:00 [INF] Executing ChallengeResult with authentication schemes ([]).
2026-10-07 11:49:40.939 +03:00 [INF] Executing ChallengeResult with authentication schemes ([]).
2026-10-07 11:49:40.943 +03:00 [INF] Executing ChallengeResult with authentication schemes ([]).
2026-10-07 11:49:40.946 +03:00 [INF] Executing ChallengeResult with authentication schemes ([]).
2026-10-07 11:49:40.989 +03:00 [INF] AuthenticationScheme: Bearer was challenged.
2026-10-07 11:49:41.002 +03:00 [INF] AuthenticationScheme: Bearer was challenged.
2026-10-07 11:49:41.026 +03:00 [INF] AuthenticationScheme: Bearer was challenged.
2026-10-07 11:49:41.050 +03:00 [INF] AuthenticationScheme: Bearer was challenged.
2026-10-07 11:49:41.073 +03:00 [INF] Executed action CMS.API.Controllers.SettingsController.GetSettings (CMS.API) in 203.5997ms
2026-10-07 11:49:41.145 +03:00 [INF] Executed endpoint 'CMS.API.Controllers.SettingsController.GetSettings (CMS.API)'
2026-10-07 11:49:41.130 +03:00 [INF] Executed action CMS.API.Controllers.SettingsController.GetSettings (CMS.API) in 243.9774ms
2026-10-07 11:49:41.139 +03:00 [INF] Executed action CMS.API.Controllers.SettingsController.GetSettings (CMS.API) in 240.9073ms
2026-10-07 11:49:41.115 +03:00 [INF] Executed action CMS.API.Controllers.SettingsController.GetSettings (CMS.API) in 235.861ms
2026-10-07 11:49:41.152 +03:00 [INF] Request finished HTTP/1.1 GET http://127.0.0.1:5010/api/v1/settings - 401 0 null 390.5469ms
2026-10-07 11:49:41.163 +03:00 [INF] Executed endpoint 'CMS.API.Controllers.SettingsController.GetSettings (CMS.API)'
2026-10-07 11:49:41.181 +03:00 [INF] Executed endpoint 'CMS.API.Controllers.SettingsController.GetSettings (CMS.API)'
2026-10-07 11:49:41.189 +03:00 [INF] Executed endpoint 'CMS.API.Controllers.SettingsController.GetSettings (CMS.API)'
2026-10-07 11:49:41.212 +03:00 [INF] Request finished HTTP/1.1 GET http://127.0.0.1:5010/api/v1/settings - 401 0 null 441.7963ms
2026-10-07 11:49:41.217 +03:00 [INF] Request finished HTTP/1.1 GET http://127.0.0.1:5010/api/v1/settings - 401 0 null 445.0189ms
2026-10-07 11:49:41.222 +03:00 [INF] Request finished HTTP/1.1 GET http://127.0.0.1:5010/api/v1/settings - 401 0 null 453.859ms
2026-10-07 11:49:47.382 +03:00 [INF] Request starting HTTP/1.1 POST http://127.0.0.1:5010/api/v1/auth/login - application/json 56
2026-10-07 11:49:47.403 +03:00 [INF] CORS policy execution successful.
2026-10-07 11:49:47.408 +03:00 [INF] Executing endpoint 'CMS.API.Controllers.AuthController.Login (CMS.API)'
2026-10-07 11:49:47.435 +03:00 [INF] Route matched with {action = "Login", controller = "Auth"}. Executing controller action with signature System.Threading.Tasks.Task`1[Microsoft.AspNetCore.Mvc.IActionResult] Login(CMS.Shared.DTOs.LoginRequest) on controller CMS.API.Controllers.AuthController (CMS.API).
2026-10-07 11:49:48.905 +03:00 [INF] Executing OkObjectResult, writing value of type 'CMS.Shared.DTOs.ApiResponse`1[[CMS.Shared.DTOs.LoginResponse, CMS.Shared, Version=1.0.0.0, Culture=neutral, PublicKeyToken=null]]'.
2026-10-07 11:49:48.978 +03:00 [INF] Executed action CMS.API.Controllers.AuthController.Login (CMS.API) in 1532.9295ms
2026-10-07 11:49:48.986 +03:00 [INF] Executed endpoint 'CMS.API.Controllers.AuthController.Login (CMS.API)'
2026-10-07 11:49:48.994 +03:00 [INF] Request finished HTTP/1.1 POST http://127.0.0.1:5010/api/v1/auth/login - 200 null application/json; charset=utf-8 1611.1636ms
2026-10-07 11:49:49.012 +03:00 [INF] Request starting HTTP/1.1 GET http://127.0.0.1:5010/api/v1/settings - null null
2026-10-07 11:49:49.112 +03:00 [INF] Executing endpoint 'CMS.API.Controllers.SettingsController.GetSettings (CMS.API)'
2026-10-07 11:49:49.116 +03:00 [INF] Route matched with {action = "GetSettings", controller = "Settings"}. Executing controller action with signature System.Threading.Tasks.Task`1[Microsoft.AspNetCore.Mvc.IActionResult] GetSettings() on controller CMS.API.Controllers.SettingsController (CMS.API).
2026-10-07 11:49:49.205 +03:00 [INF] Executing OkObjectResult, writing value of type 'CMS.Shared.DTOs.ApiResponse`1[[System.Collections.Generic.List`1[[CMS.Shared.DTOs.ClinicSettingDto, CMS.Shared, Version=1.0.0.0, Culture=neutral, PublicKeyToken=null]], System.Private.CoreLib, Version=8.0.0.0, Culture=neutral, PublicKeyToken=7cec85d7bea7798e]]'.
2026-10-07 11:49:49.220 +03:00 [INF] Executed action CMS.API.Controllers.SettingsController.GetSettings (CMS.API) in 95.142ms
2026-10-07 11:49:49.225 +03:00 [INF] Executed endpoint 'CMS.API.Controllers.SettingsController.GetSettings (CMS.API)'
2026-10-07 11:49:49.229 +03:00 [INF] Request finished HTTP/1.1 GET http://127.0.0.1:5010/api/v1/settings - 200 null application/json; charset=utf-8 217.2929ms
2026-10-07 11:49:49.233 +03:00 [INF] Request starting HTTP/1.1 GET http://127.0.0.1:5010/api/v1/settings - null null
2026-10-07 11:49:49.251 +03:00 [INF] Executing endpoint 'CMS.API.Controllers.SettingsController.GetSettings (CMS.API)'
2026-10-07 11:49:49.256 +03:00 [INF] Route matched with {action = "GetSettings", controller = "Settings"}. Executing controller action with signature System.Threading.Tasks.Task`1[Microsoft.AspNetCore.Mvc.IActionResult] GetSettings() on controller CMS.API.Controllers.SettingsController (CMS.API).
2026-10-07 11:49:49.261 +03:00 [INF] Request starting HTTP/1.1 GET http://127.0.0.1:5010/api/v1/notifications - application/json null
2026-10-07 11:49:49.264 +03:00 [INF] Request starting HTTP/1.1 GET http://127.0.0.1:5010/api/v1/dashboard/metrics - null null
2026-10-07 11:49:49.269 +03:00 [INF] Executing OkObjectResult, writing value of type 'CMS.Shared.DTOs.ApiResponse`1[[System.Collections.Generic.List`1[[CMS.Shared.DTOs.ClinicSettingDto, CMS.Shared, Version=1.0.0.0, Culture=neutral, PublicKeyToken=null]], System.Private.CoreLib, Version=8.0.0.0, Culture=neutral, PublicKeyToken=7cec85d7bea7798e]]'.
2026-10-07 11:49:49.274 +03:00 [INF] Executing endpoint 'CMS.API.Controllers.NotificationsController.GetNotifications (CMS.API)'
2026-10-07 11:49:49.281 +03:00 [INF] Executing endpoint 'CMS.API.Controllers.DashboardController.GetMetrics (CMS.API)'
2026-10-07 11:49:49.285 +03:00 [INF] Executed action CMS.API.Controllers.SettingsController.GetSettings (CMS.API) in 20.6672ms
2026-10-07 11:49:49.295 +03:00 [INF] Request starting HTTP/1.1 GET http://127.0.0.1:5010/api/v1/settings - null null
2026-10-07 11:49:49.297 +03:00 [INF] Executed endpoint 'CMS.API.Controllers.SettingsController.GetSettings (CMS.API)'
2026-10-07 11:49:49.299 +03:00 [INF] Route matched with {action = "GetMetrics", controller = "Dashboard"}. Executing controller action with signature System.Threading.Tasks.Task`1[Microsoft.AspNetCore.Mvc.IActionResult] GetMetrics() on controller CMS.API.Controllers.DashboardController (CMS.API).
2026-10-07 11:49:49.300 +03:00 [INF] Route matched with {action = "GetNotifications", controller = "Notifications"}. Executing controller action with signature System.Threading.Tasks.Task`1[Microsoft.AspNetCore.Mvc.IActionResult] GetNotifications(System.Nullable`1[System.Int32], System.String) on controller CMS.API.Controllers.NotificationsController (CMS.API).
2026-10-07 11:49:49.307 +03:00 [INF] Executing endpoint 'CMS.API.Controllers.SettingsController.GetSettings (CMS.API)'
2026-10-07 11:49:49.309 +03:00 [INF] Request finished HTTP/1.1 GET http://127.0.0.1:5010/api/v1/settings - 200 null application/json; charset=utf-8 76.7188ms
2026-10-07 11:49:49.327 +03:00 [INF] Route matched with {action = "GetSettings", controller = "Settings"}. Executing controller action with signature System.Threading.Tasks.Task`1[Microsoft.AspNetCore.Mvc.IActionResult] GetSettings() on controller CMS.API.Controllers.SettingsController (CMS.API).
2026-10-07 11:49:49.365 +03:00 [INF] Executing OkObjectResult, writing value of type 'CMS.Shared.DTOs.ApiResponse`1[[System.Collections.Generic.List`1[[CMS.Shared.DTOs.ClinicSettingDto, CMS.Shared, Version=1.0.0.0, Culture=neutral, PublicKeyToken=null]], System.Private.CoreLib, Version=8.0.0.0, Culture=neutral, PublicKeyToken=7cec85d7bea7798e]]'.
2026-10-07 11:49:49.374 +03:00 [INF] Executed action CMS.API.Controllers.SettingsController.GetSettings (CMS.API) in 27.3941ms
2026-10-07 11:49:49.377 +03:00 [INF] Executing OkObjectResult, writing value of type 'CMS.Shared.DTOs.ApiResponse`1[[System.Collections.Generic.List`1[[CMS.Shared.DTOs.NotificationItemDto, CMS.Shared, Version=1.0.0.0, Culture=neutral, PublicKeyToken=null]], System.Private.CoreLib, Version=8.0.0.0, Culture=neutral, PublicKeyToken=7cec85d7bea7798e]]'.
2026-10-07 11:49:49.382 +03:00 [INF] Executed endpoint 'CMS.API.Controllers.SettingsController.GetSettings (CMS.API)'
2026-10-07 11:49:49.384 +03:00 [INF] Request starting HTTP/1.1 GET http://127.0.0.1:5010/api/v1/settings - null null
2026-10-07 11:49:49.390 +03:00 [INF] Request finished HTTP/1.1 GET http://127.0.0.1:5010/api/v1/settings - 200 null application/json; charset=utf-8 94.9367ms
2026-10-07 11:49:49.400 +03:00 [INF] Executing endpoint 'CMS.API.Controllers.SettingsController.GetSettings (CMS.API)'
2026-10-07 11:49:49.413 +03:00 [INF] Route matched with {action = "GetSettings", controller = "Settings"}. Executing controller action with signature System.Threading.Tasks.Task`1[Microsoft.AspNetCore.Mvc.IActionResult] GetSettings() on controller CMS.API.Controllers.SettingsController (CMS.API).
2026-10-07 11:49:49.415 +03:00 [INF] Executed action CMS.API.Controllers.NotificationsController.GetNotifications (CMS.API) in 92.3734ms
2026-10-07 11:49:49.423 +03:00 [INF] Executing OkObjectResult, writing value of type 'CMS.Shared.DTOs.ApiResponse`1[[System.Collections.Generic.List`1[[CMS.Shared.DTOs.ClinicSettingDto, CMS.Shared, Version=1.0.0.0, Culture=neutral, PublicKeyToken=null]], System.Private.CoreLib, Version=8.0.0.0, Culture=neutral, PublicKeyToken=7cec85d7bea7798e]]'.
2026-10-07 11:49:49.425 +03:00 [INF] Executed endpoint 'CMS.API.Controllers.NotificationsController.GetNotifications (CMS.API)'
2026-10-07 11:49:49.425 +03:00 [INF] Request starting HTTP/1.1 GET http://127.0.0.1:5010/api/v1/notifications - application/json null
2026-10-07 11:49:49.430 +03:00 [INF] Executed action CMS.API.Controllers.SettingsController.GetSettings (CMS.API) in 11.3329ms
2026-10-07 11:49:49.434 +03:00 [INF] Request finished HTTP/1.1 GET http://127.0.0.1:5010/api/v1/notifications - 200 null application/json; charset=utf-8 173.1246ms
2026-10-07 11:49:49.444 +03:00 [INF] Request starting HTTP/1.1 GET http://127.0.0.1:5010/api/v1/settings - null null
2026-10-07 11:49:49.447 +03:00 [INF] Executing endpoint 'CMS.API.Controllers.NotificationsController.GetNotifications (CMS.API)'
2026-10-07 11:49:49.450 +03:00 [INF] Executed endpoint 'CMS.API.Controllers.SettingsController.GetSettings (CMS.API)'
2026-10-07 11:49:49.471 +03:00 [INF] Executing endpoint 'CMS.API.Controllers.SettingsController.GetSettings (CMS.API)'
2026-10-07 11:49:49.473 +03:00 [INF] Route matched with {action = "GetNotifications", controller = "Notifications"}. Executing controller action with signature System.Threading.Tasks.Task`1[Microsoft.AspNetCore.Mvc.IActionResult] GetNotifications(System.Nullable`1[System.Int32], System.String) on controller CMS.API.Controllers.NotificationsController (CMS.API).
2026-10-07 11:49:49.477 +03:00 [INF] Request finished HTTP/1.1 GET http://127.0.0.1:5010/api/v1/settings - 200 null application/json; charset=utf-8 93.4847ms
2026-10-07 11:49:49.481 +03:00 [INF] Route matched with {action = "GetSettings", controller = "Settings"}. Executing controller action with signature System.Threading.Tasks.Task`1[Microsoft.AspNetCore.Mvc.IActionResult] GetSettings() on controller CMS.API.Controllers.SettingsController (CMS.API).
2026-10-07 11:49:49.492 +03:00 [INF] Executing OkObjectResult, writing value of type 'CMS.Shared.DTOs.ApiResponse`1[[System.Collections.Generic.List`1[[CMS.Shared.DTOs.NotificationItemDto, CMS.Shared, Version=1.0.0.0, Culture=neutral, PublicKeyToken=null]], System.Private.CoreLib, Version=8.0.0.0, Culture=neutral, PublicKeyToken=7cec85d7bea7798e]]'.
2026-10-07 11:49:49.533 +03:00 [INF] Executing OkObjectResult, writing value of type 'CMS.Shared.DTOs.ApiResponse`1[[System.Collections.Generic.List`1[[CMS.Shared.DTOs.ClinicSettingDto, CMS.Shared, Version=1.0.0.0, Culture=neutral, PublicKeyToken=null]], System.Private.CoreLib, Version=8.0.0.0, Culture=neutral, PublicKeyToken=7cec85d7bea7798e]]'.
2026-10-07 11:49:49.535 +03:00 [INF] Executed action CMS.API.Controllers.NotificationsController.GetNotifications (CMS.API) in 45.4727ms
2026-10-07 11:49:49.541 +03:00 [INF] Executed action CMS.API.Controllers.SettingsController.GetSettings (CMS.API) in 11.1365ms
2026-10-07 11:49:49.546 +03:00 [INF] Executed endpoint 'CMS.API.Controllers.NotificationsController.GetNotifications (CMS.API)'
2026-10-07 11:49:49.551 +03:00 [INF] Request starting HTTP/1.1 GET http://127.0.0.1:5010/api/v1/settings - null null
2026-10-07 11:49:49.551 +03:00 [INF] Executed endpoint 'CMS.API.Controllers.SettingsController.GetSettings (CMS.API)'
2026-10-07 11:49:49.556 +03:00 [INF] Request finished HTTP/1.1 GET http://127.0.0.1:5010/api/v1/notifications - 200 null application/json; charset=utf-8 131.4304ms
2026-10-07 11:49:49.568 +03:00 [INF] Executing endpoint 'CMS.API.Controllers.SettingsController.GetSettings (CMS.API)'
2026-10-07 11:49:49.572 +03:00 [INF] Request finished HTTP/1.1 GET http://127.0.0.1:5010/api/v1/settings - 200 null application/json; charset=utf-8 127.8098ms
2026-10-07 11:49:49.590 +03:00 [INF] Route matched with {action = "GetSettings", controller = "Settings"}. Executing controller action with signature System.Threading.Tasks.Task`1[Microsoft.AspNetCore.Mvc.IActionResult] GetSettings() on controller CMS.API.Controllers.SettingsController (CMS.API).
2026-10-07 11:49:49.612 +03:00 [INF] Executing OkObjectResult, writing value of type 'CMS.Shared.DTOs.ApiResponse`1[[System.Collections.Generic.List`1[[CMS.Shared.DTOs.ClinicSettingDto, CMS.Shared, Version=1.0.0.0, Culture=neutral, PublicKeyToken=null]], System.Private.CoreLib, Version=8.0.0.0, Culture=neutral, PublicKeyToken=7cec85d7bea7798e]]'.
2026-10-07 11:49:49.617 +03:00 [INF] Executed action CMS.API.Controllers.SettingsController.GetSettings (CMS.API) in 8.3631ms
2026-10-07 11:49:49.622 +03:00 [INF] Executed endpoint 'CMS.API.Controllers.SettingsController.GetSettings (CMS.API)'
2026-10-07 11:49:49.627 +03:00 [INF] Request finished HTTP/1.1 GET http://127.0.0.1:5010/api/v1/settings - 200 null application/json; charset=utf-8 76.2823ms
2026-10-07 11:49:50.244 +03:00 [INF] Executing OkObjectResult, writing value of type 'CMS.Shared.DTOs.ApiResponse`1[[CMS.Shared.DTOs.DashboardMetricsDto, CMS.Shared, Version=1.0.0.0, Culture=neutral, PublicKeyToken=null]]'.
2026-10-07 11:49:50.343 +03:00 [INF] Executed action CMS.API.Controllers.DashboardController.GetMetrics (CMS.API) in 1025.3853ms
2026-10-07 11:49:50.348 +03:00 [INF] Executed endpoint 'CMS.API.Controllers.DashboardController.GetMetrics (CMS.API)'
2026-10-07 11:49:50.352 +03:00 [INF] Request finished HTTP/1.1 GET http://127.0.0.1:5010/api/v1/dashboard/metrics - 200 null application/json; charset=utf-8 1087.7628ms
2026-10-07 11:49:50.353 +03:00 [INF] Request starting HTTP/1.1 GET http://127.0.0.1:5010/api/v1/dashboard/metrics - null null
2026-10-07 11:49:50.375 +03:00 [INF] Executing endpoint 'CMS.API.Controllers.DashboardController.GetMetrics (CMS.API)'
2026-10-07 11:49:50.379 +03:00 [INF] Route matched with {action = "GetMetrics", controller = "Dashboard"}. Executing controller action with signature System.Threading.Tasks.Task`1[Microsoft.AspNetCore.Mvc.IActionResult] GetMetrics() on controller CMS.API.Controllers.DashboardController (CMS.API).
2026-10-07 11:49:50.438 +03:00 [INF] Executing OkObjectResult, writing value of type 'CMS.Shared.DTOs.ApiResponse`1[[CMS.Shared.DTOs.DashboardMetricsDto, CMS.Shared, Version=1.0.0.0, Culture=neutral, PublicKeyToken=null]]'.
2026-10-07 11:49:50.444 +03:00 [INF] Executed action CMS.API.Controllers.DashboardController.GetMetrics (CMS.API) in 59.0181ms
2026-10-07 11:49:50.449 +03:00 [INF] Executed endpoint 'CMS.API.Controllers.DashboardController.GetMetrics (CMS.API)'
2026-10-07 11:49:50.453 +03:00 [INF] Request finished HTTP/1.1 GET http://127.0.0.1:5010/api/v1/dashboard/metrics - 200 null application/json; charset=utf-8 99.9634ms
2026-10-07 11:50:20.652 +03:00 [INF] Request starting HTTP/1.1 GET http://127.0.0.1:5010/api/v1/staff/doctors - application/json null
2026-10-07 11:50:20.663 +03:00 [INF] Request starting HTTP/1.1 GET http://127.0.0.1:5010/api/v1/lab/catalog - application/json null
2026-10-07 11:50:20.664 +03:00 [INF] Request starting HTTP/1.1 GET http://127.0.0.1:5010/api/v1/services?limit=1500 - application/json null
2026-10-07 11:50:20.667 +03:00 [INF] Executing endpoint 'CMS.API.Controllers.StaffController.GetDoctors (CMS.API)'
2026-10-07 11:50:20.667 +03:00 [INF] Request starting HTTP/1.1 GET http://127.0.0.1:5010/api/v1/pharmacy/formulary - application/json null
2026-10-07 11:50:20.673 +03:00 [INF] Request starting HTTP/1.1 GET http://127.0.0.1:5010/api/v1/triage/doctor/124?date=2026-10-07 - application/json null
2026-10-07 11:50:20.673 +03:00 [INF] Request starting HTTP/1.1 GET http://127.0.0.1:5010/api/v1/billing/invoices?date=2026-10-07&limit=100 - application/json null
2026-10-07 11:50:20.678 +03:00 [INF] Executing endpoint 'CMS.API.Controllers.LaboratoryController.GetCatalog (CMS.API)'
2026-10-07 11:50:20.687 +03:00 [INF] Executing endpoint 'CMS.API.Controllers.ServicesController.GetAllServices (CMS.API)'
2026-10-07 11:50:20.701 +03:00 [INF] Route matched with {action = "GetDoctors", controller = "Staff"}. Executing controller action with signature System.Threading.Tasks.Task`1[Microsoft.AspNetCore.Mvc.IActionResult] GetDoctors() on controller CMS.API.Controllers.StaffController (CMS.API).
2026-10-07 11:50:20.702 +03:00 [INF] Executing endpoint 'CMS.API.Controllers.PharmacyController.GetFormulary (CMS.API)'
2026-10-07 11:50:20.714 +03:00 [INF] Executing endpoint 'CMS.API.Controllers.TriageController.GetDoctorQueue (CMS.API)'
2026-10-07 11:50:20.723 +03:00 [INF] Executing endpoint 'CMS.API.Controllers.BillingController.GetInvoices (CMS.API)'
2026-10-07 11:50:20.735 +03:00 [INF] Route matched with {action = "GetCatalog", controller = "Laboratory"}. Executing controller action with signature System.Threading.Tasks.Task`1[Microsoft.AspNetCore.Mvc.IActionResult] GetCatalog() on controller CMS.API.Controllers.LaboratoryController (CMS.API).
2026-10-07 11:50:20.742 +03:00 [INF] Route matched with {action = "GetAllServices", controller = "Services"}. Executing controller action with signature System.Threading.Tasks.Task`1[Microsoft.AspNetCore.Mvc.IActionResult] GetAllServices(System.String, System.String, Int32) on controller CMS.API.Controllers.ServicesController (CMS.API).
2026-10-07 11:50:20.752 +03:00 [INF] Route matched with {action = "GetFormulary", controller = "Pharmacy"}. Executing controller action with signature System.Threading.Tasks.Task`1[Microsoft.AspNetCore.Mvc.IActionResult] GetFormulary() on controller CMS.API.Controllers.PharmacyController (CMS.API).
2026-10-07 11:50:20.762 +03:00 [INF] Route matched with {action = "GetDoctorQueue", controller = "Triage"}. Executing controller action with signature System.Threading.Tasks.Task`1[Microsoft.AspNetCore.Mvc.IActionResult] GetDoctorQueue(Int32, System.Nullable`1[System.DateTime]) on controller CMS.API.Controllers.TriageController (CMS.API).
2026-10-07 11:50:20.767 +03:00 [INF] Route matched with {action = "GetInvoices", controller = "Billing"}. Executing controller action with signature System.Threading.Tasks.Task`1[Microsoft.AspNetCore.Mvc.IActionResult] GetInvoices(Int32, System.Nullable`1[System.Int32], System.Nullable`1[System.DateTime], System.Nullable`1[System.DateTime], System.Nullable`1[System.DateTime]) on controller CMS.API.Controllers.BillingController (CMS.API).
2026-10-07 11:50:20.775 +03:00 [INF] Executing OkObjectResult, writing value of type 'CMS.Shared.DTOs.ApiResponse`1[[System.Collections.Generic.List`1[[CMS.Shared.DTOs.DoctorDto, CMS.Shared, Version=1.0.0.0, Culture=neutral, PublicKeyToken=null]], System.Private.CoreLib, Version=8.0.0.0, Culture=neutral, PublicKeyToken=7cec85d7bea7798e]]'.
2026-10-07 11:50:20.824 +03:00 [INF] Executing OkObjectResult, writing value of type 'CMS.Shared.DTOs.ApiResponse`1[[System.Collections.Generic.List`1[[CMS.Shared.DTOs.LabTestCatalogDto, CMS.Shared, Version=1.0.0.0, Culture=neutral, PublicKeyToken=null]], System.Private.CoreLib, Version=8.0.0.0, Culture=neutral, PublicKeyToken=7cec85d7bea7798e]]'.
2026-10-07 11:50:20.854 +03:00 [INF] Executed action CMS.API.Controllers.StaffController.GetDoctors (CMS.API) in 116.931ms
2026-10-07 11:50:20.861 +03:00 [INF] Executing OkObjectResult, writing value of type 'CMS.Shared.DTOs.ApiResponse`1[[System.Object, System.Private.CoreLib, Version=8.0.0.0, Culture=neutral, PublicKeyToken=7cec85d7bea7798e]]'.
2026-10-07 11:50:20.863 +03:00 [INF] Executed endpoint 'CMS.API.Controllers.StaffController.GetDoctors (CMS.API)'
2026-10-07 11:50:20.874 +03:00 [INF] Executed action CMS.API.Controllers.LaboratoryController.GetCatalog (CMS.API) in 105.5538ms
2026-10-07 11:50:20.878 +03:00 [INF] Request finished HTTP/1.1 GET http://127.0.0.1:5010/api/v1/staff/doctors - 200 null application/json; charset=utf-8 225.1801ms
2026-10-07 11:50:20.890 +03:00 [INF] Request starting HTTP/1.1 GET http://127.0.0.1:5010/api/v1/staff/doctors - application/json null
2026-10-07 11:50:20.891 +03:00 [INF] Executed endpoint 'CMS.API.Controllers.LaboratoryController.GetCatalog (CMS.API)'
2026-10-07 11:50:20.920 +03:00 [INF] Executed action CMS.API.Controllers.ServicesController.GetAllServices (CMS.API) in 142.9749ms
2026-10-07 11:50:20.928 +03:00 [INF] Executing OkObjectResult, writing value of type 'CMS.Shared.DTOs.ApiResponse`1[[System.Object, System.Private.CoreLib, Version=8.0.0.0, Culture=neutral, PublicKeyToken=7cec85d7bea7798e]]'.
2026-10-07 11:50:20.936 +03:00 [INF] Executing endpoint 'CMS.API.Controllers.StaffController.GetDoctors (CMS.API)'
2026-10-07 11:50:20.937 +03:00 [INF] Request finished HTTP/1.1 GET http://127.0.0.1:5010/api/v1/lab/catalog - 200 null application/json; charset=utf-8 274.7205ms
2026-10-07 11:50:20.943 +03:00 [INF] Executed endpoint 'CMS.API.Controllers.ServicesController.GetAllServices (CMS.API)'
2026-10-07 11:50:20.946 +03:00 [INF] Request starting HTTP/1.1 GET http://127.0.0.1:5010/api/v1/lab/catalog - application/json null
2026-10-07 11:50:20.950 +03:00 [INF] Executed action CMS.API.Controllers.TriageController.GetDoctorQueue (CMS.API) in 154.0852ms
2026-10-07 11:50:20.958 +03:00 [INF] Route matched with {action = "GetDoctors", controller = "Staff"}. Executing controller action with signature System.Threading.Tasks.Task`1[Microsoft.AspNetCore.Mvc.IActionResult] GetDoctors() on controller CMS.API.Controllers.StaffController (CMS.API).
2026-10-07 11:50:20.983 +03:00 [INF] Executing OkObjectResult, writing value of type 'CMS.Shared.DTOs.ApiResponse`1[[System.Collections.Generic.List`1[[CMS.Shared.DTOs.InvoiceDto, CMS.Shared, Version=1.0.0.0, Culture=neutral, PublicKeyToken=null]], System.Private.CoreLib, Version=8.0.0.0, Culture=neutral, PublicKeyToken=7cec85d7bea7798e]]'.
2026-10-07 11:50:20.995 +03:00 [INF] Request finished HTTP/1.1 GET http://127.0.0.1:5010/api/v1/services?limit=1500 - 200 null application/json; charset=utf-8 331.4226ms
2026-10-07 11:50:21.005 +03:00 [INF] Request starting HTTP/1.1 GET http://127.0.0.1:5010/api/v1/services?limit=1500 - application/json null
2026-10-07 11:50:21.017 +03:00 [INF] Executing endpoint 'CMS.API.Controllers.LaboratoryController.GetCatalog (CMS.API)'
2026-10-07 11:50:21.021 +03:00 [INF] Executed endpoint 'CMS.API.Controllers.TriageController.GetDoctorQueue (CMS.API)'
2026-10-07 11:50:21.037 +03:00 [INF] Executing OkObjectResult, writing value of type 'CMS.Shared.DTOs.ApiResponse`1[[System.Collections.Generic.List`1[[CMS.Shared.DTOs.DoctorDto, CMS.Shared, Version=1.0.0.0, Culture=neutral, PublicKeyToken=null]], System.Private.CoreLib, Version=8.0.0.0, Culture=neutral, PublicKeyToken=7cec85d7bea7798e]]'.
2026-10-07 11:50:21.057 +03:00 [INF] Executed action CMS.API.Controllers.BillingController.GetInvoices (CMS.API) in 251.7459ms
2026-10-07 11:50:21.077 +03:00 [INF] Route matched with {action = "GetCatalog", controller = "Laboratory"}. Executing controller action with signature System.Threading.Tasks.Task`1[Microsoft.AspNetCore.Mvc.IActionResult] GetCatalog() on controller CMS.API.Controllers.LaboratoryController (CMS.API).
2026-10-07 11:50:21.080 +03:00 [INF] Request finished HTTP/1.1 GET http://127.0.0.1:5010/api/v1/triage/doctor/124?date=2026-10-07 - 200 null application/json; charset=utf-8 406.9598ms
2026-10-07 11:50:21.085 +03:00 [INF] Executed action CMS.API.Controllers.StaffController.GetDoctors (CMS.API) in 49.4831ms
2026-10-07 11:50:21.074 +03:00 [INF] Executing endpoint 'CMS.API.Controllers.ServicesController.GetAllServices (CMS.API)'
2026-10-07 11:50:21.089 +03:00 [INF] Request starting HTTP/1.1 GET http://127.0.0.1:5010/api/v1/triage/doctor/139?date=2026-10-07 - application/json null
2026-10-07 11:50:21.093 +03:00 [INF] Executed endpoint 'CMS.API.Controllers.BillingController.GetInvoices (CMS.API)'
2026-10-07 11:50:21.110 +03:00 [INF] Executing OkObjectResult, writing value of type 'CMS.Shared.DTOs.ApiResponse`1[[System.Collections.Generic.List`1[[CMS.Shared.DTOs.LabTestCatalogDto, CMS.Shared, Version=1.0.0.0, Culture=neutral, PublicKeyToken=null]], System.Private.CoreLib, Version=8.0.0.0, Culture=neutral, PublicKeyToken=7cec85d7bea7798e]]'.
2026-10-07 11:50:21.112 +03:00 [INF] Executing OkObjectResult, writing value of type 'CMS.Shared.DTOs.ApiResponse`1[[System.Collections.Generic.List`1[[CMS.Shared.DTOs.DrugFormularyDto, CMS.Shared, Version=1.0.0.0, Culture=neutral, PublicKeyToken=null]], System.Private.CoreLib, Version=8.0.0.0, Culture=neutral, PublicKeyToken=7cec85d7bea7798e]]'.
2026-10-07 11:50:21.122 +03:00 [INF] Executed endpoint 'CMS.API.Controllers.StaffController.GetDoctors (CMS.API)'
2026-10-07 11:50:21.125 +03:00 [INF] Route matched with {action = "GetAllServices", controller = "Services"}. Executing controller action with signature System.Threading.Tasks.Task`1[Microsoft.AspNetCore.Mvc.IActionResult] GetAllServices(System.String, System.String, Int32) on controller CMS.API.Controllers.ServicesController (CMS.API).
2026-10-07 11:50:21.137 +03:00 [INF] Request finished HTTP/1.1 GET http://127.0.0.1:5010/api/v1/billing/invoices?date=2026-10-07&limit=100 - 200 null application/json; charset=utf-8 463.5948ms
2026-10-07 11:50:21.145 +03:00 [INF] Executed action CMS.API.Controllers.LaboratoryController.GetCatalog (CMS.API) in 46.2712ms
2026-10-07 11:50:21.137 +03:00 [INF] Executing endpoint 'CMS.API.Controllers.TriageController.GetDoctorQueue (CMS.API)'
2026-10-07 11:50:21.151 +03:00 [INF] Request finished HTTP/1.1 GET http://127.0.0.1:5010/api/v1/staff/doctors - 200 null application/json; charset=utf-8 261.1345ms
2026-10-07 11:50:21.148 +03:00 [INF] Request starting HTTP/1.1 GET http://127.0.0.1:5010/api/v1/triage/doctor/124?date=2026-10-07 - application/json null
2026-10-07 11:50:21.159 +03:00 [INF] Request starting HTTP/1.1 GET http://127.0.0.1:5010/api/v1/billing/invoices?date=2026-10-07&limit=100 - application/json null
2026-10-07 11:50:21.159 +03:00 [INF] Executing OkObjectResult, writing value of type 'CMS.Shared.DTOs.ApiResponse`1[[System.Object, System.Private.CoreLib, Version=8.0.0.0, Culture=neutral, PublicKeyToken=7cec85d7bea7798e]]'.
2026-10-07 11:50:21.181 +03:00 [INF] Executed endpoint 'CMS.API.Controllers.LaboratoryController.GetCatalog (CMS.API)'
2026-10-07 11:50:21.184 +03:00 [INF] Route matched with {action = "GetDoctorQueue", controller = "Triage"}. Executing controller action with signature System.Threading.Tasks.Task`1[Microsoft.AspNetCore.Mvc.IActionResult] GetDoctorQueue(Int32, System.Nullable`1[System.DateTime]) on controller CMS.API.Controllers.TriageController (CMS.API).
2026-10-07 11:50:21.207 +03:00 [INF] Executing endpoint 'CMS.API.Controllers.TriageController.GetDoctorQueue (CMS.API)'
2026-10-07 11:50:21.218 +03:00 [INF] Executing endpoint 'CMS.API.Controllers.BillingController.GetInvoices (CMS.API)'
2026-10-07 11:50:21.224 +03:00 [INF] Request finished HTTP/1.1 GET http://127.0.0.1:5010/api/v1/lab/catalog - 200 null application/json; charset=utf-8 278.0993ms
2026-10-07 11:50:21.244 +03:00 [INF] Executing OkObjectResult, writing value of type 'CMS.Shared.DTOs.ApiResponse`1[[System.Object, System.Private.CoreLib, Version=8.0.0.0, Culture=neutral, PublicKeyToken=7cec85d7bea7798e]]'.
2026-10-07 11:50:21.249 +03:00 [INF] Route matched with {action = "GetDoctorQueue", controller = "Triage"}. Executing controller action with signature System.Threading.Tasks.Task`1[Microsoft.AspNetCore.Mvc.IActionResult] GetDoctorQueue(Int32, System.Nullable`1[System.DateTime]) on controller CMS.API.Controllers.TriageController (CMS.API).
2026-10-07 11:50:21.254 +03:00 [INF] Route matched with {action = "GetInvoices", controller = "Billing"}. Executing controller action with signature System.Threading.Tasks.Task`1[Microsoft.AspNetCore.Mvc.IActionResult] GetInvoices(Int32, System.Nullable`1[System.Int32], System.Nullable`1[System.DateTime], System.Nullable`1[System.DateTime], System.Nullable`1[System.DateTime]) on controller CMS.API.Controllers.BillingController (CMS.API).
2026-10-07 11:50:21.256 +03:00 [INF] Request starting HTTP/1.1 GET http://127.0.0.1:5010/api/v1/pharmacy/formulary - application/json null
2026-10-07 11:50:21.265 +03:00 [INF] Executed action CMS.API.Controllers.ServicesController.GetAllServices (CMS.API) in 107.0154ms
2026-10-07 11:50:21.266 +03:00 [INF] Executed action CMS.API.Controllers.PharmacyController.GetFormulary (CMS.API) in 481.2664ms
2026-10-07 11:50:21.277 +03:00 [INF] Executed action CMS.API.Controllers.TriageController.GetDoctorQueue (CMS.API) in 38.5352ms
2026-10-07 11:50:21.285 +03:00 [INF] Executing OkObjectResult, writing value of type 'CMS.Shared.DTOs.ApiResponse`1[[System.Object, System.Private.CoreLib, Version=8.0.0.0, Culture=neutral, PublicKeyToken=7cec85d7bea7798e]]'.
2026-10-07 11:50:21.301 +03:00 [INF] Executing endpoint 'CMS.API.Controllers.PharmacyController.GetFormulary (CMS.API)'
2026-10-07 11:50:21.320 +03:00 [INF] Route matched with {action = "GetFormulary", controller = "Pharmacy"}. Executing controller action with signature System.Threading.Tasks.Task`1[Microsoft.AspNetCore.Mvc.IActionResult] GetFormulary() on controller CMS.API.Controllers.PharmacyController (CMS.API).
2026-10-07 11:50:21.306 +03:00 [INF] Executing OkObjectResult, writing value of type 'CMS.Shared.DTOs.ApiResponse`1[[System.Collections.Generic.List`1[[CMS.Shared.DTOs.InvoiceDto, CMS.Shared, Version=1.0.0.0, Culture=neutral, PublicKeyToken=null]], System.Private.CoreLib, Version=8.0.0.0, Culture=neutral, PublicKeyToken=7cec85d7bea7798e]]'.
2026-10-07 11:50:21.308 +03:00 [INF] Executed endpoint 'CMS.API.Controllers.PharmacyController.GetFormulary (CMS.API)'
2026-10-07 11:50:21.312 +03:00 [INF] Executed endpoint 'CMS.API.Controllers.TriageController.GetDoctorQueue (CMS.API)'
2026-10-07 11:50:21.316 +03:00 [INF] Executed action CMS.API.Controllers.TriageController.GetDoctorQueue (CMS.API) in 33.1453ms
2026-10-07 11:50:21.303 +03:00 [INF] Executed endpoint 'CMS.API.Controllers.ServicesController.GetAllServices (CMS.API)'
2026-10-07 11:50:21.329 +03:00 [INF] Executing OkObjectResult, writing value of type 'CMS.Shared.DTOs.ApiResponse`1[[System.Collections.Generic.List`1[[CMS.Shared.DTOs.DrugFormularyDto, CMS.Shared, Version=1.0.0.0, Culture=neutral, PublicKeyToken=null]], System.Private.CoreLib, Version=8.0.0.0, Culture=neutral, PublicKeyToken=7cec85d7bea7798e]]'.
2026-10-07 11:50:21.333 +03:00 [INF] Executed action CMS.API.Controllers.BillingController.GetInvoices (CMS.API) in 43.3491ms
2026-10-07 11:50:21.337 +03:00 [INF] Request finished HTTP/1.1 GET http://127.0.0.1:5010/api/v1/pharmacy/formulary - 200 null application/json; charset=utf-8 669.4964ms
2026-10-07 11:50:21.340 +03:00 [INF] Request finished HTTP/1.1 GET http://127.0.0.1:5010/api/v1/triage/doctor/139?date=2026-10-07 - 200 null application/json; charset=utf-8 251.2895ms
2026-10-07 11:50:21.345 +03:00 [INF] Executed endpoint 'CMS.API.Controllers.TriageController.GetDoctorQueue (CMS.API)'
2026-10-07 11:50:21.346 +03:00 [INF] Request starting HTTP/1.1 GET http://127.0.0.1:5010/api/v1/billing/invoices?date=2026-10-07&limit=100 - application/json null
2026-10-07 11:50:21.348 +03:00 [INF] Request finished HTTP/1.1 GET http://127.0.0.1:5010/api/v1/services?limit=1500 - 200 null application/json; charset=utf-8 343.1531ms
2026-10-07 11:50:21.363 +03:00 [INF] Executed endpoint 'CMS.API.Controllers.BillingController.GetInvoices (CMS.API)'
2026-10-07 11:50:21.419 +03:00 [INF] Request finished HTTP/1.1 GET http://127.0.0.1:5010/api/v1/triage/doctor/124?date=2026-10-07 - 200 null application/json; charset=utf-8 270.8153ms
2026-10-07 11:50:21.423 +03:00 [INF] Executing endpoint 'CMS.API.Controllers.BillingController.GetInvoices (CMS.API)'
2026-10-07 11:50:21.449 +03:00 [INF] Request finished HTTP/1.1 GET http://127.0.0.1:5010/api/v1/billing/invoices?date=2026-10-07&limit=100 - 200 null application/json; charset=utf-8 289.8425ms
2026-10-07 11:50:21.466 +03:00 [INF] Executed action CMS.API.Controllers.PharmacyController.GetFormulary (CMS.API) in 137.7248ms
2026-10-07 11:50:21.469 +03:00 [INF] Route matched with {action = "GetInvoices", controller = "Billing"}. Executing controller action with signature System.Threading.Tasks.Task`1[Microsoft.AspNetCore.Mvc.IActionResult] GetInvoices(Int32, System.Nullable`1[System.Int32], System.Nullable`1[System.DateTime], System.Nullable`1[System.DateTime], System.Nullable`1[System.DateTime]) on controller CMS.API.Controllers.BillingController (CMS.API).
2026-10-07 11:50:21.482 +03:00 [INF] Executed endpoint 'CMS.API.Controllers.PharmacyController.GetFormulary (CMS.API)'
2026-10-07 11:50:21.493 +03:00 [INF] Request finished HTTP/1.1 GET http://127.0.0.1:5010/api/v1/pharmacy/formulary - 200 null application/json; charset=utf-8 236.9558ms
2026-10-07 11:50:21.506 +03:00 [INF] Executing OkObjectResult, writing value of type 'CMS.Shared.DTOs.ApiResponse`1[[System.Collections.Generic.List`1[[CMS.Shared.DTOs.InvoiceDto, CMS.Shared, Version=1.0.0.0, Culture=neutral, PublicKeyToken=null]], System.Private.CoreLib, Version=8.0.0.0, Culture=neutral, PublicKeyToken=7cec85d7bea7798e]]'.
2026-10-07 11:50:21.513 +03:00 [INF] Executed action CMS.API.Controllers.BillingController.GetInvoices (CMS.API) in 25.1513ms
2026-10-07 11:50:21.518 +03:00 [INF] Executed endpoint 'CMS.API.Controllers.BillingController.GetInvoices (CMS.API)'
2026-10-07 11:50:21.534 +03:00 [INF] Request finished HTTP/1.1 GET http://127.0.0.1:5010/api/v1/billing/invoices?date=2026-10-07&limit=100 - 200 null application/json; charset=utf-8 188.0648ms
2026-10-07 11:50:24.442 +03:00 [INF] Request starting HTTP/1.1 GET http://127.0.0.1:5010/api/v1/patients/search?q= - application/json null
2026-10-07 11:50:24.452 +03:00 [INF] Executing endpoint 'CMS.API.Controllers.PatientsController.Search (CMS.API)'
2026-10-07 11:50:24.466 +03:00 [INF] Route matched with {action = "Search", controller = "Patients"}. Executing controller action with signature System.Threading.Tasks.Task`1[Microsoft.AspNetCore.Mvc.IActionResult] Search(System.String, Int32, Int32) on controller CMS.API.Controllers.PatientsController (CMS.API).
2026-10-07 11:50:24.503 +03:00 [INF] Executing OkObjectResult, writing value of type 'CMS.Shared.DTOs.ApiResponse`1[[System.Collections.Generic.List`1[[CMS.Shared.DTOs.PatientDto, CMS.Shared, Version=1.0.0.0, Culture=neutral, PublicKeyToken=null]], System.Private.CoreLib, Version=8.0.0.0, Culture=neutral, PublicKeyToken=7cec85d7bea7798e]]'.
2026-10-07 11:50:24.526 +03:00 [INF] Executed action CMS.API.Controllers.PatientsController.Search (CMS.API) in 53.273ms
2026-10-07 11:50:24.532 +03:00 [INF] Executed endpoint 'CMS.API.Controllers.PatientsController.Search (CMS.API)'
2026-10-07 11:50:24.536 +03:00 [INF] Request finished HTTP/1.1 GET http://127.0.0.1:5010/api/v1/patients/search?q= - 200 null application/json; charset=utf-8 94.2951ms
2026-10-07 11:50:25.830 +03:00 [INF] Request starting HTTP/1.1 GET http://127.0.0.1:5010/api/v1/triage/queue?date=2026-10-07 - application/json null
2026-10-07 11:50:25.836 +03:00 [INF] Request starting HTTP/1.1 GET http://127.0.0.1:5010/api/v1/staff/doctors - application/json null
2026-10-07 11:50:25.844 +03:00 [INF] Request starting HTTP/1.1 GET http://127.0.0.1:5010/api/v1/patients/search - application/json null
2026-10-07 11:50:25.844 +03:00 [INF] Request starting HTTP/1.1 GET http://127.0.0.1:5010/api/v1/services/consultation - application/json null
2026-10-07 11:50:25.847 +03:00 [INF] Executing endpoint 'CMS.API.Controllers.TriageController.GetQueue (CMS.API)'
2026-10-07 11:50:25.854 +03:00 [INF] Executing endpoint 'CMS.API.Controllers.StaffController.GetDoctors (CMS.API)'
2026-10-07 11:50:25.864 +03:00 [INF] Executing endpoint 'CMS.API.Controllers.PatientsController.Search (CMS.API)'
2026-10-07 11:50:25.873 +03:00 [INF] Executing endpoint 'CMS.API.Controllers.ServicesController.GetConsultationServices (CMS.API)'
2026-10-07 11:50:25.878 +03:00 [INF] Route matched with {action = "GetDoctors", controller = "Staff"}. Executing controller action with signature System.Threading.Tasks.Task`1[Microsoft.AspNetCore.Mvc.IActionResult] GetDoctors() on controller CMS.API.Controllers.StaffController (CMS.API).
2026-10-07 11:50:25.882 +03:00 [INF] Route matched with {action = "Search", controller = "Patients"}. Executing controller action with signature System.Threading.Tasks.Task`1[Microsoft.AspNetCore.Mvc.IActionResult] Search(System.String, Int32, Int32) on controller CMS.API.Controllers.PatientsController (CMS.API).
2026-10-07 11:50:25.887 +03:00 [INF] Route matched with {action = "GetQueue", controller = "Triage"}. Executing controller action with signature System.Threading.Tasks.Task`1[Microsoft.AspNetCore.Mvc.IActionResult] GetQueue(System.String, System.Nullable`1[System.DateTime]) on controller CMS.API.Controllers.TriageController (CMS.API).
2026-10-07 11:50:25.893 +03:00 [INF] Route matched with {action = "GetConsultationServices", controller = "Services"}. Executing controller action with signature System.Threading.Tasks.Task`1[Microsoft.AspNetCore.Mvc.IActionResult] GetConsultationServices() on controller CMS.API.Controllers.ServicesController (CMS.API).
2026-10-07 11:50:25.896 +03:00 [INF] Executing OkObjectResult, writing value of type 'CMS.Shared.DTOs.ApiResponse`1[[System.Collections.Generic.List`1[[CMS.Shared.DTOs.DoctorDto, CMS.Shared, Version=1.0.0.0, Culture=neutral, PublicKeyToken=null]], System.Private.CoreLib, Version=8.0.0.0, Culture=neutral, PublicKeyToken=7cec85d7bea7798e]]'.
2026-10-07 11:50:25.900 +03:00 [INF] Executing OkObjectResult, writing value of type 'CMS.Shared.DTOs.ApiResponse`1[[System.Collections.Generic.List`1[[CMS.Shared.DTOs.PatientDto, CMS.Shared, Version=1.0.0.0, Culture=neutral, PublicKeyToken=null]], System.Private.CoreLib, Version=8.0.0.0, Culture=neutral, PublicKeyToken=7cec85d7bea7798e]]'.
2026-10-07 11:50:25.922 +03:00 [INF] Executed action CMS.API.Controllers.StaffController.GetDoctors (CMS.API) in 29.304ms
2026-10-07 11:50:25.930 +03:00 [INF] Executed action CMS.API.Controllers.PatientsController.Search (CMS.API) in 30.6412ms
2026-10-07 11:50:25.934 +03:00 [INF] Executed endpoint 'CMS.API.Controllers.StaffController.GetDoctors (CMS.API)'
2026-10-07 11:50:25.940 +03:00 [INF] Executing OkObjectResult, writing value of type 'CMS.Shared.DTOs.ApiResponse`1[[System.Object, System.Private.CoreLib, Version=8.0.0.0, Culture=neutral, PublicKeyToken=7cec85d7bea7798e]]'.
2026-10-07 11:50:25.933 +03:00 [INF] Request starting HTTP/1.1 GET http://127.0.0.1:5010/api/v1/staff/doctors - application/json null
2026-10-07 11:50:25.942 +03:00 [INF] Executed endpoint 'CMS.API.Controllers.PatientsController.Search (CMS.API)'
2026-10-07 11:50:25.945 +03:00 [INF] Request finished HTTP/1.1 GET http://127.0.0.1:5010/api/v1/staff/doctors - 200 null application/json; charset=utf-8 109.3883ms
2026-10-07 11:50:25.958 +03:00 [INF] Executed action CMS.API.Controllers.ServicesController.GetConsultationServices (CMS.API) in 42.7327ms
2026-10-07 11:50:25.943 +03:00 [INF] Request starting HTTP/1.1 GET http://127.0.0.1:5010/api/v1/patients/search - application/json null
2026-10-07 11:50:25.969 +03:00 [INF] Request starting HTTP/1.1 GET http://127.0.0.1:5010/api/v1/services/consultation - application/json null
2026-10-07 11:50:25.983 +03:00 [INF] Executing endpoint 'CMS.API.Controllers.StaffController.GetDoctors (CMS.API)'
2026-10-07 11:50:25.988 +03:00 [INF] Request finished HTTP/1.1 GET http://127.0.0.1:5010/api/v1/patients/search - 200 null application/json; charset=utf-8 143.9851ms
2026-10-07 11:50:26.006 +03:00 [INF] Executed endpoint 'CMS.API.Controllers.ServicesController.GetConsultationServices (CMS.API)'
2026-10-07 11:50:26.015 +03:00 [INF] Executing endpoint 'CMS.API.Controllers.PatientsController.Search (CMS.API)'
2026-10-07 11:50:26.026 +03:00 [INF] Executing endpoint 'CMS.API.Controllers.ServicesController.GetConsultationServices (CMS.API)'
2026-10-07 11:50:26.027 +03:00 [INF] Route matched with {action = "GetDoctors", controller = "Staff"}. Executing controller action with signature System.Threading.Tasks.Task`1[Microsoft.AspNetCore.Mvc.IActionResult] GetDoctors() on controller CMS.API.Controllers.StaffController (CMS.API).
2026-10-07 11:50:26.048 +03:00 [INF] Executing OkObjectResult, writing value of type 'CMS.Shared.DTOs.ApiResponse`1[[System.Collections.Generic.List`1[[CMS.Shared.DTOs.TriageDto, CMS.Shared, Version=1.0.0.0, Culture=neutral, PublicKeyToken=null]], System.Private.CoreLib, Version=8.0.0.0, Culture=neutral, PublicKeyToken=7cec85d7bea7798e]]'.
2026-10-07 11:50:26.049 +03:00 [INF] Request finished HTTP/1.1 GET http://127.0.0.1:5010/api/v1/services/consultation - 200 null application/json; charset=utf-8 204.3314ms
2026-10-07 11:50:26.053 +03:00 [INF] Route matched with {action = "Search", controller = "Patients"}. Executing controller action with signature System.Threading.Tasks.Task`1[Microsoft.AspNetCore.Mvc.IActionResult] Search(System.String, Int32, Int32) on controller CMS.API.Controllers.PatientsController (CMS.API).
2026-10-07 11:50:26.057 +03:00 [INF] Route matched with {action = "GetConsultationServices", controller = "Services"}. Executing controller action with signature System.Threading.Tasks.Task`1[Microsoft.AspNetCore.Mvc.IActionResult] GetConsultationServices() on controller CMS.API.Controllers.ServicesController (CMS.API).
2026-10-07 11:50:26.065 +03:00 [INF] Executing OkObjectResult, writing value of type 'CMS.Shared.DTOs.ApiResponse`1[[System.Collections.Generic.List`1[[CMS.Shared.DTOs.DoctorDto, CMS.Shared, Version=1.0.0.0, Culture=neutral, PublicKeyToken=null]], System.Private.CoreLib, Version=8.0.0.0, Culture=neutral, PublicKeyToken=7cec85d7bea7798e]]'.
2026-10-07 11:50:26.083 +03:00 [INF] Executed action CMS.API.Controllers.TriageController.GetQueue (CMS.API) in 174.9163ms
2026-10-07 11:50:26.087 +03:00 [INF] Executing OkObjectResult, writing value of type 'CMS.Shared.DTOs.ApiResponse`1[[System.Collections.Generic.List`1[[CMS.Shared.DTOs.PatientDto, CMS.Shared, Version=1.0.0.0, Culture=neutral, PublicKeyToken=null]], System.Private.CoreLib, Version=8.0.0.0, Culture=neutral, PublicKeyToken=7cec85d7bea7798e]]'.
2026-10-07 11:50:26.092 +03:00 [INF] Request starting HTTP/1.1 GET http://127.0.0.1:5010/api/v1/triage/queue?date=2026-10-07 - application/json null
2026-10-07 11:50:26.095 +03:00 [INF] Executing OkObjectResult, writing value of type 'CMS.Shared.DTOs.ApiResponse`1[[System.Object, System.Private.CoreLib, Version=8.0.0.0, Culture=neutral, PublicKeyToken=7cec85d7bea7798e]]'.
2026-10-07 11:50:26.101 +03:00 [INF] Executed action CMS.API.Controllers.StaffController.GetDoctors (CMS.API) in 36.4277ms
2026-10-07 11:50:26.105 +03:00 [INF] Executed endpoint 'CMS.API.Controllers.TriageController.GetQueue (CMS.API)'
2026-10-07 11:50:26.110 +03:00 [INF] Executed action CMS.API.Controllers.PatientsController.Search (CMS.API) in 24.6521ms
2026-10-07 11:50:26.118 +03:00 [INF] Executing endpoint 'CMS.API.Controllers.TriageController.GetQueue (CMS.API)'
2026-10-07 11:50:26.123 +03:00 [INF] Executed action CMS.API.Controllers.ServicesController.GetConsultationServices (CMS.API) in 28.1101ms
2026-10-07 11:50:26.128 +03:00 [INF] Executed endpoint 'CMS.API.Controllers.StaffController.GetDoctors (CMS.API)'
2026-10-07 11:50:26.132 +03:00 [INF] Request finished HTTP/1.1 GET http://127.0.0.1:5010/api/v1/triage/queue?date=2026-10-07 - 200 null application/json; charset=utf-8 301.6007ms
2026-10-07 11:50:26.137 +03:00 [INF] Executed endpoint 'CMS.API.Controllers.PatientsController.Search (CMS.API)'
2026-10-07 11:50:26.142 +03:00 [INF] Route matched with {action = "GetQueue", controller = "Triage"}. Executing controller action with signature System.Threading.Tasks.Task`1[Microsoft.AspNetCore.Mvc.IActionResult] GetQueue(System.String, System.Nullable`1[System.DateTime]) on controller CMS.API.Controllers.TriageController (CMS.API).
2026-10-07 11:50:26.147 +03:00 [INF] Executed endpoint 'CMS.API.Controllers.ServicesController.GetConsultationServices (CMS.API)'
2026-10-07 11:50:26.150 +03:00 [INF] Request finished HTTP/1.1 GET http://127.0.0.1:5010/api/v1/staff/doctors - 200 null application/json; charset=utf-8 217.5735ms
2026-10-07 11:50:26.163 +03:00 [INF] Request finished HTTP/1.1 GET http://127.0.0.1:5010/api/v1/patients/search - 200 null application/json; charset=utf-8 220.7168ms
2026-10-07 11:50:26.176 +03:00 [INF] Request finished HTTP/1.1 GET http://127.0.0.1:5010/api/v1/services/consultation - 200 null application/json; charset=utf-8 207.0801ms
2026-10-07 11:50:26.203 +03:00 [INF] Executing OkObjectResult, writing value of type 'CMS.Shared.DTOs.ApiResponse`1[[System.Collections.Generic.List`1[[CMS.Shared.DTOs.TriageDto, CMS.Shared, Version=1.0.0.0, Culture=neutral, PublicKeyToken=null]], System.Private.CoreLib, Version=8.0.0.0, Culture=neutral, PublicKeyToken=7cec85d7bea7798e]]'.
2026-10-07 11:50:26.213 +03:00 [INF] Executed action CMS.API.Controllers.TriageController.GetQueue (CMS.API) in 40.5533ms
2026-10-07 11:50:26.217 +03:00 [INF] Executed endpoint 'CMS.API.Controllers.TriageController.GetQueue (CMS.API)'
2026-10-07 11:50:26.220 +03:00 [INF] Request finished HTTP/1.1 GET http://127.0.0.1:5010/api/v1/triage/queue?date=2026-10-07 - 200 null application/json; charset=utf-8 128.6599ms
2026-10-07 11:50:27.507 +03:00 [INF] Request starting HTTP/1.1 GET http://127.0.0.1:5010/api/v1/patients/search?q=&limit=50 - application/json null
2026-10-07 11:50:27.520 +03:00 [INF] Executing endpoint 'CMS.API.Controllers.PatientsController.Search (CMS.API)'
2026-10-07 11:50:27.524 +03:00 [INF] Route matched with {action = "Search", controller = "Patients"}. Executing controller action with signature System.Threading.Tasks.Task`1[Microsoft.AspNetCore.Mvc.IActionResult] Search(System.String, Int32, Int32) on controller CMS.API.Controllers.PatientsController (CMS.API).
2026-10-07 11:50:27.535 +03:00 [INF] Executing OkObjectResult, writing value of type 'CMS.Shared.DTOs.ApiResponse`1[[System.Collections.Generic.List`1[[CMS.Shared.DTOs.PatientDto, CMS.Shared, Version=1.0.0.0, Culture=neutral, PublicKeyToken=null]], System.Private.CoreLib, Version=8.0.0.0, Culture=neutral, PublicKeyToken=7cec85d7bea7798e]]'.
2026-10-07 11:50:27.540 +03:00 [INF] Executed action CMS.API.Controllers.PatientsController.Search (CMS.API) in 8.628ms
2026-10-07 11:50:27.545 +03:00 [INF] Executed endpoint 'CMS.API.Controllers.PatientsController.Search (CMS.API)'
2026-10-07 11:50:27.550 +03:00 [INF] Request finished HTTP/1.1 GET http://127.0.0.1:5010/api/v1/patients/search?q=&limit=50 - 200 null application/json; charset=utf-8 43.6015ms
2026-10-07 11:50:28.880 +03:00 [INF] Request starting HTTP/1.1 POST http://127.0.0.1:5010/api/v1/triage - application/json 111
2026-10-07 11:50:28.897 +03:00 [INF] CORS policy execution successful.
2026-10-07 11:50:28.903 +03:00 [INF] Executing endpoint 'CMS.API.Controllers.TriageController.RecordTriage (CMS.API)'
2026-10-07 11:50:28.923 +03:00 [INF] Route matched with {action = "RecordTriage", controller = "Triage"}. Executing controller action with signature System.Threading.Tasks.Task`1[Microsoft.AspNetCore.Mvc.IActionResult] RecordTriage(CMS.Shared.DTOs.RecordTriageDto) on controller CMS.API.Controllers.TriageController (CMS.API).
2026-10-07 11:50:29.103 +03:00 [INF] Executing OkObjectResult, writing value of type 'CMS.Shared.DTOs.ApiResponse`1[[System.Object, System.Private.CoreLib, Version=8.0.0.0, Culture=neutral, PublicKeyToken=7cec85d7bea7798e]]'.
2026-10-07 11:50:29.115 +03:00 [INF] Executed action CMS.API.Controllers.TriageController.RecordTriage (CMS.API) in 180.4455ms
2026-10-07 11:50:29.122 +03:00 [INF] Executed endpoint 'CMS.API.Controllers.TriageController.RecordTriage (CMS.API)'
2026-10-07 11:50:29.127 +03:00 [INF] Request finished HTTP/1.1 POST http://127.0.0.1:5010/api/v1/triage - 200 null application/json; charset=utf-8 246.5381ms
2026-10-07 11:50:29.161 +03:00 [INF] Request starting HTTP/1.1 GET http://127.0.0.1:5010/api/v1/triage/queue?date=2026-10-07 - application/json null
2026-10-07 11:50:29.165 +03:00 [INF] Request starting HTTP/1.1 GET http://127.0.0.1:5010/api/v1/staff/doctors - application/json null
2026-10-07 11:50:29.165 +03:00 [INF] Request starting HTTP/1.1 GET http://127.0.0.1:5010/api/v1/patients/search - application/json null
2026-10-07 11:50:29.167 +03:00 [INF] Request starting HTTP/1.1 GET http://127.0.0.1:5010/api/v1/services/consultation - application/json null
2026-10-07 11:50:29.172 +03:00 [INF] Executing endpoint 'CMS.API.Controllers.TriageController.GetQueue (CMS.API)'
2026-10-07 11:50:29.180 +03:00 [INF] Executing endpoint 'CMS.API.Controllers.StaffController.GetDoctors (CMS.API)'
2026-10-07 11:50:29.187 +03:00 [INF] Executing endpoint 'CMS.API.Controllers.PatientsController.Search (CMS.API)'
2026-10-07 11:50:29.196 +03:00 [INF] Executing endpoint 'CMS.API.Controllers.ServicesController.GetConsultationServices (CMS.API)'
2026-10-07 11:50:29.198 +03:00 [INF] Route matched with {action = "GetQueue", controller = "Triage"}. Executing controller action with signature System.Threading.Tasks.Task`1[Microsoft.AspNetCore.Mvc.IActionResult] GetQueue(System.String, System.Nullable`1[System.DateTime]) on controller CMS.API.Controllers.TriageController (CMS.API).
2026-10-07 11:50:29.202 +03:00 [INF] Route matched with {action = "GetDoctors", controller = "Staff"}. Executing controller action with signature System.Threading.Tasks.Task`1[Microsoft.AspNetCore.Mvc.IActionResult] GetDoctors() on controller CMS.API.Controllers.StaffController (CMS.API).
2026-10-07 11:50:29.205 +03:00 [INF] Route matched with {action = "Search", controller = "Patients"}. Executing controller action with signature System.Threading.Tasks.Task`1[Microsoft.AspNetCore.Mvc.IActionResult] Search(System.String, Int32, Int32) on controller CMS.API.Controllers.PatientsController (CMS.API).
2026-10-07 11:50:29.208 +03:00 [INF] Route matched with {action = "GetConsultationServices", controller = "Services"}. Executing controller action with signature System.Threading.Tasks.Task`1[Microsoft.AspNetCore.Mvc.IActionResult] GetConsultationServices() on controller CMS.API.Controllers.ServicesController (CMS.API).
2026-10-07 11:50:29.221 +03:00 [INF] Executing OkObjectResult, writing value of type 'CMS.Shared.DTOs.ApiResponse`1[[System.Collections.Generic.List`1[[CMS.Shared.DTOs.DoctorDto, CMS.Shared, Version=1.0.0.0, Culture=neutral, PublicKeyToken=null]], System.Private.CoreLib, Version=8.0.0.0, Culture=neutral, PublicKeyToken=7cec85d7bea7798e]]'.
2026-10-07 11:50:29.228 +03:00 [INF] Executing OkObjectResult, writing value of type 'CMS.Shared.DTOs.ApiResponse`1[[System.Collections.Generic.List`1[[CMS.Shared.DTOs.PatientDto, CMS.Shared, Version=1.0.0.0, Culture=neutral, PublicKeyToken=null]], System.Private.CoreLib, Version=8.0.0.0, Culture=neutral, PublicKeyToken=7cec85d7bea7798e]]'.
2026-10-07 11:50:29.233 +03:00 [INF] Executing OkObjectResult, writing value of type 'CMS.Shared.DTOs.ApiResponse`1[[System.Object, System.Private.CoreLib, Version=8.0.0.0, Culture=neutral, PublicKeyToken=7cec85d7bea7798e]]'.
2026-10-07 11:50:29.238 +03:00 [INF] Executed action CMS.API.Controllers.StaffController.GetDoctors (CMS.API) in 17.4317ms
2026-10-07 11:50:29.243 +03:00 [INF] Executed action CMS.API.Controllers.PatientsController.Search (CMS.API) in 16.025ms
2026-10-07 11:50:29.248 +03:00 [INF] Executed action CMS.API.Controllers.ServicesController.GetConsultationServices (CMS.API) in 14.9417ms
2026-10-07 11:50:29.252 +03:00 [INF] Executed endpoint 'CMS.API.Controllers.StaffController.GetDoctors (CMS.API)'
2026-10-07 11:50:29.257 +03:00 [INF] Executed endpoint 'CMS.API.Controllers.PatientsController.Search (CMS.API)'
2026-10-07 11:50:29.260 +03:00 [INF] Executing OkObjectResult, writing value of type 'CMS.Shared.DTOs.ApiResponse`1[[System.Collections.Generic.List`1[[CMS.Shared.DTOs.TriageDto, CMS.Shared, Version=1.0.0.0, Culture=neutral, PublicKeyToken=null]], System.Private.CoreLib, Version=8.0.0.0, Culture=neutral, PublicKeyToken=7cec85d7bea7798e]]'.
2026-10-07 11:50:29.261 +03:00 [INF] Executed endpoint 'CMS.API.Controllers.ServicesController.GetConsultationServices (CMS.API)'
2026-10-07 11:50:29.265 +03:00 [INF] Request finished HTTP/1.1 GET http://127.0.0.1:5010/api/v1/staff/doctors - 200 null application/json; charset=utf-8 100.2815ms
2026-10-07 11:50:29.268 +03:00 [INF] Request finished HTTP/1.1 GET http://127.0.0.1:5010/api/v1/patients/search - 200 null application/json; charset=utf-8 102.9932ms
2026-10-07 11:50:29.277 +03:00 [INF] Request finished HTTP/1.1 GET http://127.0.0.1:5010/api/v1/services/consultation - 200 null application/json; charset=utf-8 110.3761ms
2026-10-07 11:50:29.288 +03:00 [INF] Executed action CMS.API.Controllers.TriageController.GetQueue (CMS.API) in 73.0046ms
2026-10-07 11:50:29.310 +03:00 [INF] Executed endpoint 'CMS.API.Controllers.TriageController.GetQueue (CMS.API)'
2026-10-07 11:50:29.314 +03:00 [INF] Request finished HTTP/1.1 GET http://127.0.0.1:5010/api/v1/triage/queue?date=2026-10-07 - 200 null application/json; charset=utf-8 153.1052ms
2026-10-07 11:50:31.846 +03:00 [INF] Request starting HTTP/1.1 GET http://127.0.0.1:5010/api/v1/encounters/patient/174495 - application/json null
2026-10-07 11:50:31.847 +03:00 [INF] Request starting HTTP/1.1 GET http://127.0.0.1:5010/api/v1/billing/invoices?patientId=174495&limit=20 - application/json null
2026-10-07 11:50:31.857 +03:00 [INF] Executing endpoint 'CMS.API.Controllers.EncountersController.GetPatientEncounters (CMS.API)'
2026-10-07 11:50:31.866 +03:00 [INF] Executing endpoint 'CMS.API.Controllers.BillingController.GetInvoices (CMS.API)'
2026-10-07 11:50:31.873 +03:00 [INF] Route matched with {action = "GetInvoices", controller = "Billing"}. Executing controller action with signature System.Threading.Tasks.Task`1[Microsoft.AspNetCore.Mvc.IActionResult] GetInvoices(Int32, System.Nullable`1[System.Int32], System.Nullable`1[System.DateTime], System.Nullable`1[System.DateTime], System.Nullable`1[System.DateTime]) on controller CMS.API.Controllers.BillingController (CMS.API).
2026-10-07 11:50:31.878 +03:00 [INF] Route matched with {action = "GetPatientEncounters", controller = "Encounters"}. Executing controller action with signature System.Threading.Tasks.Task`1[Microsoft.AspNetCore.Mvc.IActionResult] GetPatientEncounters(Int32) on controller CMS.API.Controllers.EncountersController (CMS.API).
2026-10-07 11:50:32.010 +03:00 [INF] Executing OkObjectResult, writing value of type 'CMS.Shared.DTOs.ApiResponse`1[[System.Collections.Generic.List`1[[CMS.Shared.DTOs.InvoiceDto, CMS.Shared, Version=1.0.0.0, Culture=neutral, PublicKeyToken=null]], System.Private.CoreLib, Version=8.0.0.0, Culture=neutral, PublicKeyToken=7cec85d7bea7798e]]'.
2026-10-07 11:50:32.049 +03:00 [INF] Executed action CMS.API.Controllers.BillingController.GetInvoices (CMS.API) in 168.8005ms
2026-10-07 11:50:32.049 +03:00 [INF] Executing OkObjectResult, writing value of type 'CMS.Shared.DTOs.ApiResponse`1[[System.Collections.Generic.List`1[[CMS.Shared.DTOs.EncounterDto, CMS.Shared, Version=1.0.0.0, Culture=neutral, PublicKeyToken=null]], System.Private.CoreLib, Version=8.0.0.0, Culture=neutral, PublicKeyToken=7cec85d7bea7798e]]'.
2026-10-07 11:50:32.055 +03:00 [INF] Executed endpoint 'CMS.API.Controllers.BillingController.GetInvoices (CMS.API)'
2026-10-07 11:50:32.068 +03:00 [INF] Request finished HTTP/1.1 GET http://127.0.0.1:5010/api/v1/billing/invoices?patientId=174495&limit=20 - 200 null application/json; charset=utf-8 221.0548ms
2026-10-07 11:50:32.081 +03:00 [INF] Executed action CMS.API.Controllers.EncountersController.GetPatientEncounters (CMS.API) in 195.0246ms
2026-10-07 11:50:32.092 +03:00 [INF] Executed endpoint 'CMS.API.Controllers.EncountersController.GetPatientEncounters (CMS.API)'
2026-10-07 11:50:32.098 +03:00 [INF] Request finished HTTP/1.1 GET http://127.0.0.1:5010/api/v1/encounters/patient/174495 - 200 null application/json; charset=utf-8 251.823ms
2026-10-07 11:50:33.393 +03:00 [INF] Request starting HTTP/1.1 POST http://127.0.0.1:5010/api/v1/triage/assign-doctor - application/json 195
2026-10-07 11:50:33.409 +03:00 [INF] CORS policy execution successful.
2026-10-07 11:50:33.414 +03:00 [INF] Executing endpoint 'CMS.API.Controllers.TriageController.AssignDoctor (CMS.API)'
2026-10-07 11:50:33.429 +03:00 [INF] Route matched with {action = "AssignDoctor", controller = "Triage"}. Executing controller action with signature System.Threading.Tasks.Task`1[Microsoft.AspNetCore.Mvc.IActionResult] AssignDoctor(CMS.Shared.DTOs.AssignDoctorDto) on controller CMS.API.Controllers.TriageController (CMS.API).
2026-10-07 11:50:33.506 +03:00 [INF] Executing OkObjectResult, writing value of type 'CMS.Shared.DTOs.ApiResponse`1[[System.String, System.Private.CoreLib, Version=8.0.0.0, Culture=neutral, PublicKeyToken=7cec85d7bea7798e]]'.
2026-10-07 11:50:33.518 +03:00 [INF] Executed action CMS.API.Controllers.TriageController.AssignDoctor (CMS.API) in 80.9953ms
2026-10-07 11:50:33.525 +03:00 [INF] Executed endpoint 'CMS.API.Controllers.TriageController.AssignDoctor (CMS.API)'
2026-10-07 11:50:33.531 +03:00 [INF] Request finished HTTP/1.1 POST http://127.0.0.1:5010/api/v1/triage/assign-doctor - 200 null application/json; charset=utf-8 137.8894ms
2026-10-07 11:50:33.547 +03:00 [INF] Request starting HTTP/1.1 POST http://127.0.0.1:5010/api/v1/billing/invoices - application/json 223
2026-10-07 11:50:33.556 +03:00 [INF] CORS policy execution successful.
2026-10-07 11:50:33.561 +03:00 [INF] Executing endpoint 'CMS.API.Controllers.BillingController.CreateInvoice (CMS.API)'
2026-10-07 11:50:33.582 +03:00 [INF] Route matched with {action = "CreateInvoice", controller = "Billing"}. Executing controller action with signature System.Threading.Tasks.Task`1[Microsoft.AspNetCore.Mvc.IActionResult] CreateInvoice(CMS.Shared.DTOs.CreateInvoiceDto) on controller CMS.API.Controllers.BillingController (CMS.API).
2026-10-07 11:50:33.765 +03:00 [INF] Executing OkObjectResult, writing value of type 'CMS.Shared.DTOs.ApiResponse`1[[System.Object, System.Private.CoreLib, Version=8.0.0.0, Culture=neutral, PublicKeyToken=7cec85d7bea7798e]]'.
2026-10-07 11:50:33.776 +03:00 [INF] Executed action CMS.API.Controllers.BillingController.CreateInvoice (CMS.API) in 187.104ms
2026-10-07 11:50:33.780 +03:00 [INF] Executed endpoint 'CMS.API.Controllers.BillingController.CreateInvoice (CMS.API)'
2026-10-07 11:50:33.784 +03:00 [INF] Request finished HTTP/1.1 POST http://127.0.0.1:5010/api/v1/billing/invoices - 200 null application/json; charset=utf-8 237.6904ms
2026-10-07 11:50:33.796 +03:00 [INF] Request starting HTTP/1.1 GET http://127.0.0.1:5010/api/v1/triage/queue?date=2026-10-07 - application/json null
2026-10-07 11:50:33.805 +03:00 [INF] Executing endpoint 'CMS.API.Controllers.TriageController.GetQueue (CMS.API)'
2026-10-07 11:50:33.808 +03:00 [INF] Route matched with {action = "GetQueue", controller = "Triage"}. Executing controller action with signature System.Threading.Tasks.Task`1[Microsoft.AspNetCore.Mvc.IActionResult] GetQueue(System.String, System.Nullable`1[System.DateTime]) on controller CMS.API.Controllers.TriageController (CMS.API).
2026-10-07 11:50:33.870 +03:00 [INF] Executing OkObjectResult, writing value of type 'CMS.Shared.DTOs.ApiResponse`1[[System.Collections.Generic.List`1[[CMS.Shared.DTOs.TriageDto, CMS.Shared, Version=1.0.0.0, Culture=neutral, PublicKeyToken=null]], System.Private.CoreLib, Version=8.0.0.0, Culture=neutral, PublicKeyToken=7cec85d7bea7798e]]'.
2026-10-07 11:50:33.877 +03:00 [INF] Executed action CMS.API.Controllers.TriageController.GetQueue (CMS.API) in 61.91ms
2026-10-07 11:50:33.881 +03:00 [INF] Executed endpoint 'CMS.API.Controllers.TriageController.GetQueue (CMS.API)'
2026-10-07 11:50:33.886 +03:00 [INF] Request finished HTTP/1.1 GET http://127.0.0.1:5010/api/v1/triage/queue?date=2026-10-07 - 200 null application/json; charset=utf-8 90.4893ms
2026-10-07 11:50:49.306 +03:00 [INF] Request starting HTTP/1.1 GET http://127.0.0.1:5010/api/v1/notifications - application/json null
2026-10-07 11:50:49.320 +03:00 [INF] Executing endpoint 'CMS.API.Controllers.NotificationsController.GetNotifications (CMS.API)'
2026-10-07 11:50:49.325 +03:00 [INF] Route matched with {action = "GetNotifications", controller = "Notifications"}. Executing controller action with signature System.Threading.Tasks.Task`1[Microsoft.AspNetCore.Mvc.IActionResult] GetNotifications(System.Nullable`1[System.Int32], System.String) on controller CMS.API.Controllers.NotificationsController (CMS.API).
2026-10-07 11:50:49.372 +03:00 [INF] Executing OkObjectResult, writing value of type 'CMS.Shared.DTOs.ApiResponse`1[[System.Collections.Generic.List`1[[CMS.Shared.DTOs.NotificationItemDto, CMS.Shared, Version=1.0.0.0, Culture=neutral, PublicKeyToken=null]], System.Private.CoreLib, Version=8.0.0.0, Culture=neutral, PublicKeyToken=7cec85d7bea7798e]]'.
2026-10-07 11:50:49.388 +03:00 [INF] Executed action CMS.API.Controllers.NotificationsController.GetNotifications (CMS.API) in 55.3001ms
2026-10-07 11:50:49.394 +03:00 [INF] Executed endpoint 'CMS.API.Controllers.NotificationsController.GetNotifications (CMS.API)'
2026-10-07 11:50:49.398 +03:00 [INF] Request finished HTTP/1.1 GET http://127.0.0.1:5010/api/v1/notifications - 200 null application/json; charset=utf-8 91.9784ms
2026-10-07 11:51:15.701 +03:00 [INF] Request starting HTTP/1.1 GET http://127.0.0.1:5010/api/v1/billing/invoices?limit=1000&fromDate=2026-10-07&toDate=2026-10-07 - application/json null
2026-10-07 11:51:15.703 +03:00 [INF] Request starting HTTP/1.1 GET http://127.0.0.1:5010/api/v1/billing/stats?fromDate=2026-10-07&toDate=2026-10-07 - application/json null
2026-10-07 11:51:15.712 +03:00 [INF] Request starting HTTP/1.1 GET http://127.0.0.1:5010/api/v1/settings - application/json null
2026-10-07 11:51:15.711 +03:00 [INF] Request starting HTTP/1.1 GET http://127.0.0.1:5010/api/v1/patients/search - application/json null
2026-10-07 11:51:15.717 +03:00 [INF] Executing endpoint 'CMS.API.Controllers.BillingController.GetInvoices (CMS.API)'
2026-10-07 11:51:15.718 +03:00 [INF] Request starting HTTP/1.1 GET http://127.0.0.1:5010/api/v1/billing/insurance/claims - application/json null
2026-10-07 11:51:15.718 +03:00 [INF] Request starting HTTP/1.1 GET http://127.0.0.1:5010/api/v1/billing/insurance/providers - application/json null
2026-10-07 11:51:15.727 +03:00 [INF] Executing endpoint 'CMS.API.Controllers.BillingController.GetBillingStats (CMS.API)'
2026-10-07 11:51:15.736 +03:00 [INF] Executing endpoint 'CMS.API.Controllers.SettingsController.GetSettings (CMS.API)'
2026-10-07 11:51:15.744 +03:00 [INF] Executing endpoint 'CMS.API.Controllers.PatientsController.Search (CMS.API)'
2026-10-07 11:51:15.747 +03:00 [INF] Route matched with {action = "GetInvoices", controller = "Billing"}. Executing controller action with signature System.Threading.Tasks.Task`1[Microsoft.AspNetCore.Mvc.IActionResult] GetInvoices(Int32, System.Nullable`1[System.Int32], System.Nullable`1[System.DateTime], System.Nullable`1[System.DateTime], System.Nullable`1[System.DateTime]) on controller CMS.API.Controllers.BillingController (CMS.API).
2026-10-07 11:51:15.755 +03:00 [INF] Executing endpoint 'CMS.API.Controllers.BillingController.GetInsuranceClaims (CMS.API)'
2026-10-07 11:51:15.766 +03:00 [INF] Executing endpoint 'CMS.API.Controllers.BillingController.GetInsuranceProviders (CMS.API)'
2026-10-07 11:51:15.772 +03:00 [INF] Route matched with {action = "GetSettings", controller = "Settings"}. Executing controller action with signature System.Threading.Tasks.Task`1[Microsoft.AspNetCore.Mvc.IActionResult] GetSettings() on controller CMS.API.Controllers.SettingsController (CMS.API).
2026-10-07 11:51:15.778 +03:00 [INF] Route matched with {action = "Search", controller = "Patients"}. Executing controller action with signature System.Threading.Tasks.Task`1[Microsoft.AspNetCore.Mvc.IActionResult] Search(System.String, Int32, Int32) on controller CMS.API.Controllers.PatientsController (CMS.API).
2026-10-07 11:51:15.779 +03:00 [INF] Route matched with {action = "GetBillingStats", controller = "Billing"}. Executing controller action with signature System.Threading.Tasks.Task`1[Microsoft.AspNetCore.Mvc.IActionResult] GetBillingStats(System.Nullable`1[System.DateTime], System.Nullable`1[System.DateTime]) on controller CMS.API.Controllers.BillingController (CMS.API).
2026-10-07 11:51:15.799 +03:00 [INF] Route matched with {action = "GetInsuranceClaims", controller = "Billing"}. Executing controller action with signature System.Threading.Tasks.Task`1[Microsoft.AspNetCore.Mvc.IActionResult] GetInsuranceClaims() on controller CMS.API.Controllers.BillingController (CMS.API).
2026-10-07 11:51:15.803 +03:00 [INF] Route matched with {action = "GetInsuranceProviders", controller = "Billing"}. Executing controller action with signature System.Threading.Tasks.Task`1[Microsoft.AspNetCore.Mvc.IActionResult] GetInsuranceProviders() on controller CMS.API.Controllers.BillingController (CMS.API).
2026-10-07 11:51:15.819 +03:00 [INF] Executing OkObjectResult, writing value of type 'CMS.Shared.DTOs.ApiResponse`1[[System.Collections.Generic.List`1[[CMS.Shared.DTOs.ClinicSettingDto, CMS.Shared, Version=1.0.0.0, Culture=neutral, PublicKeyToken=null]], System.Private.CoreLib, Version=8.0.0.0, Culture=neutral, PublicKeyToken=7cec85d7bea7798e]]'.
2026-10-07 11:51:15.840 +03:00 [INF] Executing OkObjectResult, writing value of type 'CMS.Shared.DTOs.ApiResponse`1[[System.Collections.Generic.List`1[[CMS.Shared.DTOs.PatientDto, CMS.Shared, Version=1.0.0.0, Culture=neutral, PublicKeyToken=null]], System.Private.CoreLib, Version=8.0.0.0, Culture=neutral, PublicKeyToken=7cec85d7bea7798e]]'.
2026-10-07 11:51:15.856 +03:00 [INF] Executed action CMS.API.Controllers.SettingsController.GetSettings (CMS.API) in 52.473ms
2026-10-07 11:51:15.865 +03:00 [INF] Executed action CMS.API.Controllers.PatientsController.Search (CMS.API) in 53.1733ms
2026-10-07 11:51:15.867 +03:00 [INF] Executing OkObjectResult, writing value of type 'CMS.Shared.DTOs.ApiResponse`1[[System.Collections.Generic.List`1[[CMS.Shared.DTOs.InsuranceProviderDto, CMS.Shared, Version=1.0.0.0, Culture=neutral, PublicKeyToken=null]], System.Private.CoreLib, Version=8.0.0.0, Culture=neutral, PublicKeyToken=7cec85d7bea7798e]]'.
2026-10-07 11:51:15.874 +03:00 [INF] Executed endpoint 'CMS.API.Controllers.SettingsController.GetSettings (CMS.API)'
2026-10-07 11:51:15.879 +03:00 [INF] Executing OkObjectResult, writing value of type 'CMS.Shared.DTOs.ApiResponse`1[[CMS.Shared.DTOs.BillingStatsDto, CMS.Shared, Version=1.0.0.0, Culture=neutral, PublicKeyToken=null]]'.
2026-10-07 11:51:15.879 +03:00 [INF] Executed endpoint 'CMS.API.Controllers.PatientsController.Search (CMS.API)'
2026-10-07 11:51:15.889 +03:00 [INF] Request finished HTTP/1.1 GET http://127.0.0.1:5010/api/v1/settings - 200 null application/json; charset=utf-8 176.5561ms
2026-10-07 11:51:15.893 +03:00 [INF] Executed action CMS.API.Controllers.BillingController.GetInsuranceProviders (CMS.API) in 45.4709ms
2026-10-07 11:51:15.898 +03:00 [INF] Executing OkObjectResult, writing value of type 'CMS.Shared.DTOs.ApiResponse`1[[System.Collections.Generic.List`1[[CMS.Shared.DTOs.InsuranceClaimDto, CMS.Shared, Version=1.0.0.0, Culture=neutral, PublicKeyToken=null]], System.Private.CoreLib, Version=8.0.0.0, Culture=neutral, PublicKeyToken=7cec85d7bea7798e]]'.
2026-10-07 11:51:15.900 +03:00 [INF] Request finished HTTP/1.1 GET http://127.0.0.1:5010/api/v1/patients/search - 200 null application/json; charset=utf-8 189.8282ms
2026-10-07 11:51:15.904 +03:00 [INF] Executed action CMS.API.Controllers.BillingController.GetBillingStats (CMS.API) in 78.8597ms
2026-10-07 11:51:15.904 +03:00 [INF] Executing OkObjectResult, writing value of type 'CMS.Shared.DTOs.ApiResponse`1[[System.Collections.Generic.List`1[[CMS.Shared.DTOs.InvoiceDto, CMS.Shared, Version=1.0.0.0, Culture=neutral, PublicKeyToken=null]], System.Private.CoreLib, Version=8.0.0.0, Culture=neutral, PublicKeyToken=7cec85d7bea7798e]]'.
2026-10-07 11:51:15.897 +03:00 [INF] Request starting HTTP/1.1 GET http://127.0.0.1:5010/api/v1/settings - application/json null
2026-10-07 11:51:15.911 +03:00 [INF] Request starting HTTP/1.1 GET http://127.0.0.1:5010/api/v1/patients/search - application/json null
2026-10-07 11:51:15.921 +03:00 [INF] Executed endpoint 'CMS.API.Controllers.BillingController.GetInsuranceProviders (CMS.API)'
2026-10-07 11:51:15.929 +03:00 [INF] Executed action CMS.API.Controllers.BillingController.GetInsuranceClaims (CMS.API) in 95.8595ms
2026-10-07 11:51:15.941 +03:00 [INF] Executed endpoint 'CMS.API.Controllers.BillingController.GetBillingStats (CMS.API)'
2026-10-07 11:51:15.946 +03:00 [INF] Executed action CMS.API.Controllers.BillingController.GetInvoices (CMS.API) in 160.9317ms
2026-10-07 11:51:15.957 +03:00 [INF] Executing endpoint 'CMS.API.Controllers.SettingsController.GetSettings (CMS.API)'
2026-10-07 11:51:15.968 +03:00 [INF] Executing endpoint 'CMS.API.Controllers.PatientsController.Search (CMS.API)'
2026-10-07 11:51:15.974 +03:00 [INF] Request finished HTTP/1.1 GET http://127.0.0.1:5010/api/v1/billing/insurance/providers - 200 null application/json; charset=utf-8 255.5623ms
2026-10-07 11:51:15.981 +03:00 [INF] Executed endpoint 'CMS.API.Controllers.BillingController.GetInsuranceClaims (CMS.API)'
2026-10-07 11:51:15.985 +03:00 [INF] Request finished HTTP/1.1 GET http://127.0.0.1:5010/api/v1/billing/stats?fromDate=2026-10-07&toDate=2026-10-07 - 200 null application/json; charset=utf-8 281.315ms
2026-10-07 11:51:15.982 +03:00 [INF] Request starting HTTP/1.1 GET http://127.0.0.1:5010/api/v1/billing/insurance/providers - application/json null
2026-10-07 11:51:15.994 +03:00 [INF] Executed endpoint 'CMS.API.Controllers.BillingController.GetInvoices (CMS.API)'
2026-10-07 11:51:15.999 +03:00 [INF] Route matched with {action = "GetSettings", controller = "Settings"}. Executing controller action with signature System.Threading.Tasks.Task`1[Microsoft.AspNetCore.Mvc.IActionResult] GetSettings() on controller CMS.API.Controllers.SettingsController (CMS.API).
2026-10-07 11:51:16.003 +03:00 [INF] Route matched with {action = "Search", controller = "Patients"}. Executing controller action with signature System.Threading.Tasks.Task`1[Microsoft.AspNetCore.Mvc.IActionResult] Search(System.String, Int32, Int32) on controller CMS.API.Controllers.PatientsController (CMS.API).
2026-10-07 11:51:16.029 +03:00 [INF] Request finished HTTP/1.1 GET http://127.0.0.1:5010/api/v1/billing/insurance/claims - 200 null application/json; charset=utf-8 311.2046ms
2026-10-07 11:51:15.995 +03:00 [INF] Request starting HTTP/1.1 GET http://127.0.0.1:5010/api/v1/billing/stats?fromDate=2026-10-07&toDate=2026-10-07 - application/json null
2026-10-07 11:51:16.038 +03:00 [INF] Request starting HTTP/1.1 GET http://127.0.0.1:5010/api/v1/billing/insurance/claims - application/json null
2026-10-07 11:51:16.058 +03:00 [INF] Executing endpoint 'CMS.API.Controllers.BillingController.GetInsuranceProviders (CMS.API)'
2026-10-07 11:51:16.061 +03:00 [INF] Request finished HTTP/1.1 GET http://127.0.0.1:5010/api/v1/billing/invoices?limit=1000&fromDate=2026-10-07&toDate=2026-10-07 - 200 null application/json; charset=utf-8 359.4376ms
2026-10-07 11:51:16.068 +03:00 [INF] Request starting HTTP/1.1 GET http://127.0.0.1:5010/api/v1/billing/invoices?limit=1000&fromDate=2026-10-07&toDate=2026-10-07 - application/json null
2026-10-07 11:51:16.071 +03:00 [INF] Executing OkObjectResult, writing value of type 'CMS.Shared.DTOs.ApiResponse`1[[System.Collections.Generic.List`1[[CMS.Shared.DTOs.ClinicSettingDto, CMS.Shared, Version=1.0.0.0, Culture=neutral, PublicKeyToken=null]], System.Private.CoreLib, Version=8.0.0.0, Culture=neutral, PublicKeyToken=7cec85d7bea7798e]]'.
2026-10-07 11:51:16.075 +03:00 [INF] Executing OkObjectResult, writing value of type 'CMS.Shared.DTOs.ApiResponse`1[[System.Collections.Generic.List`1[[CMS.Shared.DTOs.PatientDto, CMS.Shared, Version=1.0.0.0, Culture=neutral, PublicKeyToken=null]], System.Private.CoreLib, Version=8.0.0.0, Culture=neutral, PublicKeyToken=7cec85d7bea7798e]]'.
2026-10-07 11:51:16.093 +03:00 [INF] Executing endpoint 'CMS.API.Controllers.BillingController.GetBillingStats (CMS.API)'
2026-10-07 11:51:16.100 +03:00 [INF] Executing endpoint 'CMS.API.Controllers.BillingController.GetInsuranceClaims (CMS.API)'
2026-10-07 11:51:16.103 +03:00 [INF] Route matched with {action = "GetInsuranceProviders", controller = "Billing"}. Executing controller action with signature System.Threading.Tasks.Task`1[Microsoft.AspNetCore.Mvc.IActionResult] GetInsuranceProviders() on controller CMS.API.Controllers.BillingController (CMS.API).
2026-10-07 11:51:16.123 +03:00 [INF] Executing endpoint 'CMS.API.Controllers.BillingController.GetInvoices (CMS.API)'
2026-10-07 11:51:16.127 +03:00 [INF] Executed action CMS.API.Controllers.SettingsController.GetSettings (CMS.API) in 59.4184ms
2026-10-07 11:51:16.135 +03:00 [INF] Executed action CMS.API.Controllers.PatientsController.Search (CMS.API) in 59.8723ms
2026-10-07 11:51:16.140 +03:00 [INF] Route matched with {action = "GetBillingStats", controller = "Billing"}. Executing controller action with signature System.Threading.Tasks.Task`1[Microsoft.AspNetCore.Mvc.IActionResult] GetBillingStats(System.Nullable`1[System.DateTime], System.Nullable`1[System.DateTime]) on controller CMS.API.Controllers.BillingController (CMS.API).
2026-10-07 11:51:16.143 +03:00 [INF] Route matched with {action = "GetInsuranceClaims", controller = "Billing"}. Executing controller action with signature System.Threading.Tasks.Task`1[Microsoft.AspNetCore.Mvc.IActionResult] GetInsuranceClaims() on controller CMS.API.Controllers.BillingController (CMS.API).
2026-10-07 11:51:16.151 +03:00 [INF] Executing OkObjectResult, writing value of type 'CMS.Shared.DTOs.ApiResponse`1[[System.Collections.Generic.List`1[[CMS.Shared.DTOs.InsuranceProviderDto, CMS.Shared, Version=1.0.0.0, Culture=neutral, PublicKeyToken=null]], System.Private.CoreLib, Version=8.0.0.0, Culture=neutral, PublicKeyToken=7cec85d7bea7798e]]'.
2026-10-07 11:51:16.153 +03:00 [INF] Route matched with {action = "GetInvoices", controller = "Billing"}. Executing controller action with signature System.Threading.Tasks.Task`1[Microsoft.AspNetCore.Mvc.IActionResult] GetInvoices(Int32, System.Nullable`1[System.Int32], System.Nullable`1[System.DateTime], System.Nullable`1[System.DateTime], System.Nullable`1[System.DateTime]) on controller CMS.API.Controllers.BillingController (CMS.API).
2026-10-07 11:51:16.157 +03:00 [INF] Executed endpoint 'CMS.API.Controllers.SettingsController.GetSettings (CMS.API)'
2026-10-07 11:51:16.164 +03:00 [INF] Executed endpoint 'CMS.API.Controllers.PatientsController.Search (CMS.API)'
2026-10-07 11:51:16.182 +03:00 [INF] Executed action CMS.API.Controllers.BillingController.GetInsuranceProviders (CMS.API) in 32.8297ms
2026-10-07 11:51:16.182 +03:00 [INF] Executing OkObjectResult, writing value of type 'CMS.Shared.DTOs.ApiResponse`1[[CMS.Shared.DTOs.BillingStatsDto, CMS.Shared, Version=1.0.0.0, Culture=neutral, PublicKeyToken=null]]'.
2026-10-07 11:51:16.187 +03:00 [INF] Executing OkObjectResult, writing value of type 'CMS.Shared.DTOs.ApiResponse`1[[System.Collections.Generic.List`1[[CMS.Shared.DTOs.InsuranceClaimDto, CMS.Shared, Version=1.0.0.0, Culture=neutral, PublicKeyToken=null]], System.Private.CoreLib, Version=8.0.0.0, Culture=neutral, PublicKeyToken=7cec85d7bea7798e]]'.
2026-10-07 11:51:16.193 +03:00 [INF] Request finished HTTP/1.1 GET http://127.0.0.1:5010/api/v1/settings - 200 null application/json; charset=utf-8 296.1043ms
2026-10-07 11:51:16.197 +03:00 [INF] Request finished HTTP/1.1 GET http://127.0.0.1:5010/api/v1/patients/search - 200 null application/json; charset=utf-8 286.4587ms
2026-10-07 11:51:16.203 +03:00 [INF] Executed endpoint 'CMS.API.Controllers.BillingController.GetInsuranceProviders (CMS.API)'
2026-10-07 11:51:16.203 +03:00 [INF] Executing OkObjectResult, writing value of type 'CMS.Shared.DTOs.ApiResponse`1[[System.Collections.Generic.List`1[[CMS.Shared.DTOs.InvoiceDto, CMS.Shared, Version=1.0.0.0, Culture=neutral, PublicKeyToken=null]], System.Private.CoreLib, Version=8.0.0.0, Culture=neutral, PublicKeyToken=7cec85d7bea7798e]]'.
2026-10-07 11:51:16.207 +03:00 [INF] Executed action CMS.API.Controllers.BillingController.GetBillingStats (CMS.API) in 36.3377ms
2026-10-07 11:51:16.211 +03:00 [INF] Executed action CMS.API.Controllers.BillingController.GetInsuranceClaims (CMS.API) in 33.7436ms
2026-10-07 11:51:16.233 +03:00 [INF] Request finished HTTP/1.1 GET http://127.0.0.1:5010/api/v1/billing/insurance/providers - 200 null application/json; charset=utf-8 251.1338ms
2026-10-07 11:51:16.237 +03:00 [INF] Executed action CMS.API.Controllers.BillingController.GetInvoices (CMS.API) in 48.7709ms
2026-10-07 11:51:16.242 +03:00 [INF] Executed endpoint 'CMS.API.Controllers.BillingController.GetBillingStats (CMS.API)'
2026-10-07 11:51:16.246 +03:00 [INF] Executed endpoint 'CMS.API.Controllers.BillingController.GetInsuranceClaims (CMS.API)'
2026-10-07 11:51:16.261 +03:00 [INF] Executed endpoint 'CMS.API.Controllers.BillingController.GetInvoices (CMS.API)'
2026-10-07 11:51:16.264 +03:00 [INF] Request finished HTTP/1.1 GET http://127.0.0.1:5010/api/v1/billing/stats?fromDate=2026-10-07&toDate=2026-10-07 - 200 null application/json; charset=utf-8 268.1931ms
2026-10-07 11:51:16.267 +03:00 [INF] Request finished HTTP/1.1 GET http://127.0.0.1:5010/api/v1/billing/insurance/claims - 200 null application/json; charset=utf-8 228.6775ms
2026-10-07 11:51:16.271 +03:00 [INF] Request finished HTTP/1.1 GET http://127.0.0.1:5010/api/v1/billing/invoices?limit=1000&fromDate=2026-10-07&toDate=2026-10-07 - 200 null application/json; charset=utf-8 203.1618ms
2026-10-07 11:51:49.311 +03:00 [INF] Request starting HTTP/1.1 GET http://127.0.0.1:5010/api/v1/notifications - application/json null
2026-10-07 11:51:49.322 +03:00 [INF] Executing endpoint 'CMS.API.Controllers.NotificationsController.GetNotifications (CMS.API)'
2026-10-07 11:51:49.328 +03:00 [INF] Route matched with {action = "GetNotifications", controller = "Notifications"}. Executing controller action with signature System.Threading.Tasks.Task`1[Microsoft.AspNetCore.Mvc.IActionResult] GetNotifications(System.Nullable`1[System.Int32], System.String) on controller CMS.API.Controllers.NotificationsController (CMS.API).
2026-10-07 11:51:49.341 +03:00 [INF] Executing OkObjectResult, writing value of type 'CMS.Shared.DTOs.ApiResponse`1[[System.Collections.Generic.List`1[[CMS.Shared.DTOs.NotificationItemDto, CMS.Shared, Version=1.0.0.0, Culture=neutral, PublicKeyToken=null]], System.Private.CoreLib, Version=8.0.0.0, Culture=neutral, PublicKeyToken=7cec85d7bea7798e]]'.
2026-10-07 11:51:49.347 +03:00 [INF] Executed action CMS.API.Controllers.NotificationsController.GetNotifications (CMS.API) in 10.8669ms
2026-10-07 11:51:49.351 +03:00 [INF] Executed endpoint 'CMS.API.Controllers.NotificationsController.GetNotifications (CMS.API)'
2026-10-07 11:51:49.355 +03:00 [INF] Request finished HTTP/1.1 GET http://127.0.0.1:5010/api/v1/notifications - 200 null application/json; charset=utf-8 44.9538ms
2026-10-07 11:51:52.374 +03:00 [INF] Request starting HTTP/1.1 GET http://127.0.0.1:5010/api/v1/staff/doctors - application/json null
2026-10-07 11:51:52.375 +03:00 [INF] Request starting HTTP/1.1 GET http://127.0.0.1:5010/api/v1/lab/catalog - application/json null
2026-10-07 11:51:52.376 +03:00 [INF] Request starting HTTP/1.1 GET http://127.0.0.1:5010/api/v1/services?limit=1500 - application/json null
2026-10-07 11:51:52.378 +03:00 [INF] Request starting HTTP/1.1 GET http://127.0.0.1:5010/api/v1/pharmacy/formulary - application/json null
2026-10-07 11:51:52.379 +03:00 [INF] Request starting HTTP/1.1 GET http://127.0.0.1:5010/api/v1/triage/doctor/139?date=2026-10-07 - application/json null
2026-10-07 11:51:52.380 +03:00 [INF] Request starting HTTP/1.1 GET http://127.0.0.1:5010/api/v1/billing/invoices?date=2026-10-07&limit=100 - application/json null
2026-10-07 11:51:52.388 +03:00 [INF] Executing endpoint 'CMS.API.Controllers.StaffController.GetDoctors (CMS.API)'
2026-10-07 11:51:52.400 +03:00 [INF] Executing endpoint 'CMS.API.Controllers.LaboratoryController.GetCatalog (CMS.API)'
2026-10-07 11:51:52.414 +03:00 [INF] Executing endpoint 'CMS.API.Controllers.ServicesController.GetAllServices (CMS.API)'
2026-10-07 11:51:52.430 +03:00 [INF] Executing endpoint 'CMS.API.Controllers.PharmacyController.GetFormulary (CMS.API)'
2026-10-07 11:51:52.459 +03:00 [INF] Executing endpoint 'CMS.API.Controllers.TriageController.GetDoctorQueue (CMS.API)'
2026-10-07 11:51:52.477 +03:00 [INF] Executing endpoint 'CMS.API.Controllers.BillingController.GetInvoices (CMS.API)'
2026-10-07 11:51:52.480 +03:00 [INF] Route matched with {action = "GetDoctors", controller = "Staff"}. Executing controller action with signature System.Threading.Tasks.Task`1[Microsoft.AspNetCore.Mvc.IActionResult] GetDoctors() on controller CMS.API.Controllers.StaffController (CMS.API).
2026-10-07 11:51:52.486 +03:00 [INF] Route matched with {action = "GetCatalog", controller = "Laboratory"}. Executing controller action with signature System.Threading.Tasks.Task`1[Microsoft.AspNetCore.Mvc.IActionResult] GetCatalog() on controller CMS.API.Controllers.LaboratoryController (CMS.API).
2026-10-07 11:51:52.494 +03:00 [INF] Route matched with {action = "GetAllServices", controller = "Services"}. Executing controller action with signature System.Threading.Tasks.Task`1[Microsoft.AspNetCore.Mvc.IActionResult] GetAllServices(System.String, System.String, Int32) on controller CMS.API.Controllers.ServicesController (CMS.API).
2026-10-07 11:51:52.500 +03:00 [INF] Route matched with {action = "GetFormulary", controller = "Pharmacy"}. Executing controller action with signature System.Threading.Tasks.Task`1[Microsoft.AspNetCore.Mvc.IActionResult] GetFormulary() on controller CMS.API.Controllers.PharmacyController (CMS.API).
2026-10-07 11:51:52.509 +03:00 [INF] Route matched with {action = "GetDoctorQueue", controller = "Triage"}. Executing controller action with signature System.Threading.Tasks.Task`1[Microsoft.AspNetCore.Mvc.IActionResult] GetDoctorQueue(Int32, System.Nullable`1[System.DateTime]) on controller CMS.API.Controllers.TriageController (CMS.API).
2026-10-07 11:51:52.516 +03:00 [INF] Route matched with {action = "GetInvoices", controller = "Billing"}. Executing controller action with signature System.Threading.Tasks.Task`1[Microsoft.AspNetCore.Mvc.IActionResult] GetInvoices(Int32, System.Nullable`1[System.Int32], System.Nullable`1[System.DateTime], System.Nullable`1[System.DateTime], System.Nullable`1[System.DateTime]) on controller CMS.API.Controllers.BillingController (CMS.API).
2026-10-07 11:51:52.530 +03:00 [INF] Executing OkObjectResult, writing value of type 'CMS.Shared.DTOs.ApiResponse`1[[System.Collections.Generic.List`1[[CMS.Shared.DTOs.DoctorDto, CMS.Shared, Version=1.0.0.0, Culture=neutral, PublicKeyToken=null]], System.Private.CoreLib, Version=8.0.0.0, Culture=neutral, PublicKeyToken=7cec85d7bea7798e]]'.
2026-10-07 11:51:52.555 +03:00 [INF] Executing OkObjectResult, writing value of type 'CMS.Shared.DTOs.ApiResponse`1[[System.Object, System.Private.CoreLib, Version=8.0.0.0, Culture=neutral, PublicKeyToken=7cec85d7bea7798e]]'.
2026-10-07 11:51:52.563 +03:00 [INF] Executing OkObjectResult, writing value of type 'CMS.Shared.DTOs.ApiResponse`1[[System.Collections.Generic.List`1[[CMS.Shared.DTOs.DrugFormularyDto, CMS.Shared, Version=1.0.0.0, Culture=neutral, PublicKeyToken=null]], System.Private.CoreLib, Version=8.0.0.0, Culture=neutral, PublicKeyToken=7cec85d7bea7798e]]'.
2026-10-07 11:51:52.585 +03:00 [INF] Executing OkObjectResult, writing value of type 'CMS.Shared.DTOs.ApiResponse`1[[System.Collections.Generic.List`1[[CMS.Shared.DTOs.LabTestCatalogDto, CMS.Shared, Version=1.0.0.0, Culture=neutral, PublicKeyToken=null]], System.Private.CoreLib, Version=8.0.0.0, Culture=neutral, PublicKeyToken=7cec85d7bea7798e]]'.
2026-10-07 11:51:52.585 +03:00 [INF] Executed action CMS.API.Controllers.StaffController.GetDoctors (CMS.API) in 54.6413ms
2026-10-07 11:51:52.602 +03:00 [INF] Executed action CMS.API.Controllers.ServicesController.GetAllServices (CMS.API) in 47.3364ms
2026-10-07 11:51:52.605 +03:00 [INF] Executed action CMS.API.Controllers.LaboratoryController.GetCatalog (CMS.API) in 62.1006ms
2026-10-07 11:51:52.611 +03:00 [INF] Executed endpoint 'CMS.API.Controllers.StaffController.GetDoctors (CMS.API)'
2026-10-07 11:51:52.616 +03:00 [INF] Executed endpoint 'CMS.API.Controllers.ServicesController.GetAllServices (CMS.API)'
2026-10-07 11:51:52.622 +03:00 [INF] Executed endpoint 'CMS.API.Controllers.LaboratoryController.GetCatalog (CMS.API)'
2026-10-07 11:51:52.627 +03:00 [INF] Request finished HTTP/1.1 GET http://127.0.0.1:5010/api/v1/staff/doctors - 200 null application/json; charset=utf-8 252.7945ms
2026-10-07 11:51:52.633 +03:00 [INF] Request finished HTTP/1.1 GET http://127.0.0.1:5010/api/v1/services?limit=1500 - 200 null application/json; charset=utf-8 257.5646ms
2026-10-07 11:51:52.638 +03:00 [INF] Request finished HTTP/1.1 GET http://127.0.0.1:5010/api/v1/lab/catalog - 200 null application/json; charset=utf-8 263.3292ms
2026-10-07 11:51:52.646 +03:00 [INF] Executed action CMS.API.Controllers.PharmacyController.GetFormulary (CMS.API) in 84.8615ms
2026-10-07 11:51:52.655 +03:00 [INF] Request starting HTTP/1.1 GET http://127.0.0.1:5010/api/v1/staff/doctors - application/json null
2026-10-07 11:51:52.664 +03:00 [INF] Request starting HTTP/1.1 GET http://127.0.0.1:5010/api/v1/services?limit=1500 - application/json null
2026-10-07 11:51:52.664 +03:00 [INF] Request starting HTTP/1.1 GET http://127.0.0.1:5010/api/v1/pharmacy/formulary - application/json null
2026-10-07 11:51:52.675 +03:00 [INF] Executing OkObjectResult, writing value of type 'CMS.Shared.DTOs.ApiResponse`1[[System.Object, System.Private.CoreLib, Version=8.0.0.0, Culture=neutral, PublicKeyToken=7cec85d7bea7798e]]'.
2026-10-07 11:51:52.679 +03:00 [INF] Executed endpoint 'CMS.API.Controllers.PharmacyController.GetFormulary (CMS.API)'
2026-10-07 11:51:52.683 +03:00 [INF] Executing OkObjectResult, writing value of type 'CMS.Shared.DTOs.ApiResponse`1[[System.Collections.Generic.List`1[[CMS.Shared.DTOs.InvoiceDto, CMS.Shared, Version=1.0.0.0, Culture=neutral, PublicKeyToken=null]], System.Private.CoreLib, Version=8.0.0.0, Culture=neutral, PublicKeyToken=7cec85d7bea7798e]]'.
2026-10-07 11:51:52.686 +03:00 [INF] Executing endpoint 'CMS.API.Controllers.StaffController.GetDoctors (CMS.API)'
2026-10-07 11:51:52.694 +03:00 [INF] Executing endpoint 'CMS.API.Controllers.ServicesController.GetAllServices (CMS.API)'
2026-10-07 11:51:52.701 +03:00 [INF] Executing endpoint 'CMS.API.Controllers.PharmacyController.GetFormulary (CMS.API)'
2026-10-07 11:51:52.709 +03:00 [INF] Request finished HTTP/1.1 GET http://127.0.0.1:5010/api/v1/pharmacy/formulary - 200 null application/json; charset=utf-8 331.3177ms
2026-10-07 11:51:52.714 +03:00 [INF] Executed action CMS.API.Controllers.TriageController.GetDoctorQueue (CMS.API) in 142.4212ms
2026-10-07 11:51:52.715 +03:00 [INF] Executed action CMS.API.Controllers.BillingController.GetInvoices (CMS.API) in 135.6382ms
2026-10-07 11:51:52.719 +03:00 [INF] Request starting HTTP/1.1 GET http://127.0.0.1:5010/api/v1/lab/catalog - application/json null
2026-10-07 11:51:52.721 +03:00 [INF] Route matched with {action = "GetDoctors", controller = "Staff"}. Executing controller action with signature System.Threading.Tasks.Task`1[Microsoft.AspNetCore.Mvc.IActionResult] GetDoctors() on controller CMS.API.Controllers.StaffController (CMS.API).
2026-10-07 11:51:52.725 +03:00 [INF] Route matched with {action = "GetAllServices", controller = "Services"}. Executing controller action with signature System.Threading.Tasks.Task`1[Microsoft.AspNetCore.Mvc.IActionResult] GetAllServices(System.String, System.String, Int32) on controller CMS.API.Controllers.ServicesController (CMS.API).
2026-10-07 11:51:52.733 +03:00 [INF] Route matched with {action = "GetFormulary", controller = "Pharmacy"}. Executing controller action with signature System.Threading.Tasks.Task`1[Microsoft.AspNetCore.Mvc.IActionResult] GetFormulary() on controller CMS.API.Controllers.PharmacyController (CMS.API).
2026-10-07 11:51:52.759 +03:00 [INF] Executed endpoint 'CMS.API.Controllers.TriageController.GetDoctorQueue (CMS.API)'
2026-10-07 11:51:52.763 +03:00 [INF] Executed endpoint 'CMS.API.Controllers.BillingController.GetInvoices (CMS.API)'
2026-10-07 11:51:52.774 +03:00 [INF] Executing endpoint 'CMS.API.Controllers.LaboratoryController.GetCatalog (CMS.API)'
2026-10-07 11:51:52.779 +03:00 [INF] Executing OkObjectResult, writing value of type 'CMS.Shared.DTOs.ApiResponse`1[[System.Collections.Generic.List`1[[CMS.Shared.DTOs.DoctorDto, CMS.Shared, Version=1.0.0.0, Culture=neutral, PublicKeyToken=null]], System.Private.CoreLib, Version=8.0.0.0, Culture=neutral, PublicKeyToken=7cec85d7bea7798e]]'.
2026-10-07 11:51:52.786 +03:00 [INF] Executing OkObjectResult, writing value of type 'CMS.Shared.DTOs.ApiResponse`1[[System.Object, System.Private.CoreLib, Version=8.0.0.0, Culture=neutral, PublicKeyToken=7cec85d7bea7798e]]'.
2026-10-07 11:51:52.792 +03:00 [INF] Executing OkObjectResult, writing value of type 'CMS.Shared.DTOs.ApiResponse`1[[System.Collections.Generic.List`1[[CMS.Shared.DTOs.DrugFormularyDto, CMS.Shared, Version=1.0.0.0, Culture=neutral, PublicKeyToken=null]], System.Private.CoreLib, Version=8.0.0.0, Culture=neutral, PublicKeyToken=7cec85d7bea7798e]]'.
2026-10-07 11:51:52.795 +03:00 [INF] Request finished HTTP/1.1 GET http://127.0.0.1:5010/api/v1/triage/doctor/139?date=2026-10-07 - 200 null application/json; charset=utf-8 415.3627ms
2026-10-07 11:51:52.800 +03:00 [INF] Request finished HTTP/1.1 GET http://127.0.0.1:5010/api/v1/billing/invoices?date=2026-10-07&limit=100 - 200 null application/json; charset=utf-8 419.8471ms
2026-10-07 11:51:52.806 +03:00 [INF] Route matched with {action = "GetCatalog", controller = "Laboratory"}. Executing controller action with signature System.Threading.Tasks.Task`1[Microsoft.AspNetCore.Mvc.IActionResult] GetCatalog() on controller CMS.API.Controllers.LaboratoryController (CMS.API).
2026-10-07 11:51:52.804 +03:00 [INF] Request starting HTTP/1.1 GET http://127.0.0.1:5010/api/v1/triage/doctor/139?date=2026-10-07 - application/json null
2026-10-07 11:51:52.810 +03:00 [INF] Request starting HTTP/1.1 GET http://127.0.0.1:5010/api/v1/billing/invoices?date=2026-10-07&limit=100 - application/json null
2026-10-07 11:51:52.810 +03:00 [INF] Executed action CMS.API.Controllers.StaffController.GetDoctors (CMS.API) in 31.0482ms
2026-10-07 11:51:52.825 +03:00 [INF] Executed action CMS.API.Controllers.ServicesController.GetAllServices (CMS.API) in 39.0219ms
2026-10-07 11:51:52.864 +03:00 [INF] Executed action CMS.API.Controllers.PharmacyController.GetFormulary (CMS.API) in 72.5916ms
2026-10-07 11:51:52.869 +03:00 [INF] Executing OkObjectResult, writing value of type 'CMS.Shared.DTOs.ApiResponse`1[[System.Collections.Generic.List`1[[CMS.Shared.DTOs.LabTestCatalogDto, CMS.Shared, Version=1.0.0.0, Culture=neutral, PublicKeyToken=null]], System.Private.CoreLib, Version=8.0.0.0, Culture=neutral, PublicKeyToken=7cec85d7bea7798e]]'.
2026-10-07 11:51:52.873 +03:00 [INF] Executing endpoint 'CMS.API.Controllers.TriageController.GetDoctorQueue (CMS.API)'
2026-10-07 11:51:52.881 +03:00 [INF] Executing endpoint 'CMS.API.Controllers.BillingController.GetInvoices (CMS.API)'
2026-10-07 11:51:52.884 +03:00 [INF] Executed endpoint 'CMS.API.Controllers.StaffController.GetDoctors (CMS.API)'
2026-10-07 11:51:52.887 +03:00 [INF] Executed endpoint 'CMS.API.Controllers.ServicesController.GetAllServices (CMS.API)'
2026-10-07 11:51:52.892 +03:00 [INF] Executed endpoint 'CMS.API.Controllers.PharmacyController.GetFormulary (CMS.API)'
2026-10-07 11:51:52.896 +03:00 [INF] Executed action CMS.API.Controllers.LaboratoryController.GetCatalog (CMS.API) in 30.771ms
2026-10-07 11:51:52.899 +03:00 [INF] Route matched with {action = "GetDoctorQueue", controller = "Triage"}. Executing controller action with signature System.Threading.Tasks.Task`1[Microsoft.AspNetCore.Mvc.IActionResult] GetDoctorQueue(Int32, System.Nullable`1[System.DateTime]) on controller CMS.API.Controllers.TriageController (CMS.API).
2026-10-07 11:51:52.901 +03:00 [INF] Route matched with {action = "GetInvoices", controller = "Billing"}. Executing controller action with signature System.Threading.Tasks.Task`1[Microsoft.AspNetCore.Mvc.IActionResult] GetInvoices(Int32, System.Nullable`1[System.Int32], System.Nullable`1[System.DateTime], System.Nullable`1[System.DateTime], System.Nullable`1[System.DateTime]) on controller CMS.API.Controllers.BillingController (CMS.API).
2026-10-07 11:51:52.904 +03:00 [INF] Request finished HTTP/1.1 GET http://127.0.0.1:5010/api/v1/staff/doctors - 200 null application/json; charset=utf-8 248.8962ms
2026-10-07 11:51:52.909 +03:00 [INF] Request finished HTTP/1.1 GET http://127.0.0.1:5010/api/v1/services?limit=1500 - 200 null application/json; charset=utf-8 245.5405ms
2026-10-07 11:51:52.913 +03:00 [INF] Request finished HTTP/1.1 GET http://127.0.0.1:5010/api/v1/pharmacy/formulary - 200 null application/json; charset=utf-8 248.5509ms
2026-10-07 11:51:52.918 +03:00 [INF] Executed endpoint 'CMS.API.Controllers.LaboratoryController.GetCatalog (CMS.API)'
2026-10-07 11:51:52.913 +03:00 [INF] Request starting HTTP/1.1 GET http://127.0.0.1:5010/api/v1/medicalcertificates/patient/174495 - application/json null
2026-10-07 11:51:52.923 +03:00 [INF] Request starting HTTP/1.1 GET http://127.0.0.1:5010/api/v1/triage/patient/174495/latest - application/json null
2026-10-07 11:51:52.924 +03:00 [INF] Request starting HTTP/1.1 GET http://127.0.0.1:5010/api/v1/encounters/patient/174495 - application/json null
2026-10-07 11:51:52.929 +03:00 [INF] Executing OkObjectResult, writing value of type 'CMS.Shared.DTOs.ApiResponse`1[[System.Object, System.Private.CoreLib, Version=8.0.0.0, Culture=neutral, PublicKeyToken=7cec85d7bea7798e]]'.
2026-10-07 11:51:52.944 +03:00 [INF] Executing OkObjectResult, writing value of type 'CMS.Shared.DTOs.ApiResponse`1[[System.Collections.Generic.List`1[[CMS.Shared.DTOs.InvoiceDto, CMS.Shared, Version=1.0.0.0, Culture=neutral, PublicKeyToken=null]], System.Private.CoreLib, Version=8.0.0.0, Culture=neutral, PublicKeyToken=7cec85d7bea7798e]]'.
2026-10-07 11:51:52.981 +03:00 [INF] Request finished HTTP/1.1 GET http://127.0.0.1:5010/api/v1/lab/catalog - 200 null application/json; charset=utf-8 261.7858ms
2026-10-07 11:51:52.994 +03:00 [INF] Executing endpoint 'CMS.API.Controllers.MedicalCertificatesController.GetPatientCertificates (CMS.API)'
2026-10-07 11:51:53.005 +03:00 [INF] Executing endpoint 'CMS.API.Controllers.TriageController.GetLatestPatientVitals (CMS.API)'
2026-10-07 11:51:53.015 +03:00 [INF] Executing endpoint 'CMS.API.Controllers.EncountersController.GetPatientEncounters (CMS.API)'
2026-10-07 11:51:53.020 +03:00 [INF] Executed action CMS.API.Controllers.TriageController.GetDoctorQueue (CMS.API) in 93.1715ms
2026-10-07 11:51:53.026 +03:00 [INF] Executed action CMS.API.Controllers.BillingController.GetInvoices (CMS.API) in 93.7096ms
2026-10-07 11:51:53.055 +03:00 [INF] Route matched with {action = "GetPatientCertificates", controller = "MedicalCertificates"}. Executing controller action with signature System.Threading.Tasks.Task`1[Microsoft.AspNetCore.Mvc.IActionResult] GetPatientCertificates(Int32) on controller CMS.API.Controllers.MedicalCertificatesController (CMS.API).
2026-10-07 11:51:53.057 +03:00 [INF] Route matched with {action = "GetPatientEncounters", controller = "Encounters"}. Executing controller action with signature System.Threading.Tasks.Task`1[Microsoft.AspNetCore.Mvc.IActionResult] GetPatientEncounters(Int32) on controller CMS.API.Controllers.EncountersController (CMS.API).
2026-10-07 11:51:53.059 +03:00 [INF] Route matched with {action = "GetLatestPatientVitals", controller = "Triage"}. Executing controller action with signature System.Threading.Tasks.Task`1[Microsoft.AspNetCore.Mvc.IActionResult] GetLatestPatientVitals(Int32) on controller CMS.API.Controllers.TriageController (CMS.API).
2026-10-07 11:51:53.063 +03:00 [INF] Executed endpoint 'CMS.API.Controllers.TriageController.GetDoctorQueue (CMS.API)'
2026-10-07 11:51:53.068 +03:00 [INF] Executed endpoint 'CMS.API.Controllers.BillingController.GetInvoices (CMS.API)'
2026-10-07 11:51:53.088 +03:00 [INF] Request finished HTTP/1.1 GET http://127.0.0.1:5010/api/v1/triage/doctor/139?date=2026-10-07 - 200 null application/json; charset=utf-8 284.1094ms
2026-10-07 11:51:53.094 +03:00 [INF] Request finished HTTP/1.1 GET http://127.0.0.1:5010/api/v1/billing/invoices?date=2026-10-07&limit=100 - 200 null application/json; charset=utf-8 284.8971ms
2026-10-07 11:51:53.124 +03:00 [INF] Executing OkObjectResult, writing value of type 'CMS.Shared.DTOs.ApiResponse`1[[CMS.Shared.DTOs.TriageDto, CMS.Shared, Version=1.0.0.0, Culture=neutral, PublicKeyToken=null]]'.
2026-10-07 11:51:53.138 +03:00 [INF] Executing OkObjectResult, writing value of type 'CMS.Shared.DTOs.ApiResponse`1[[System.Collections.Generic.List`1[[CMS.Shared.DTOs.MedicalCertificateDto, CMS.Shared, Version=1.0.0.0, Culture=neutral, PublicKeyToken=null]], System.Private.CoreLib, Version=8.0.0.0, Culture=neutral, PublicKeyToken=7cec85d7bea7798e]]'.
2026-10-07 11:51:53.140 +03:00 [INF] Executed action CMS.API.Controllers.TriageController.GetLatestPatientVitals (CMS.API) in 55.1248ms
2026-10-07 11:51:53.148 +03:00 [INF] Request starting HTTP/1.1 GET http://127.0.0.1:5010/api/v1/triage/patient/174495/latest - application/json null
2026-10-07 11:51:53.150 +03:00 [INF] Executed endpoint 'CMS.API.Controllers.TriageController.GetLatestPatientVitals (CMS.API)'
2026-10-07 11:51:53.150 +03:00 [INF] Executed action CMS.API.Controllers.MedicalCertificatesController.GetPatientCertificates (CMS.API) in 77.8112ms
2026-10-07 11:51:53.158 +03:00 [INF] Request starting HTTP/1.1 GET http://127.0.0.1:5010/api/v1/medicalcertificates/patient/174495 - application/json null
2026-10-07 11:51:53.161 +03:00 [INF] Executing endpoint 'CMS.API.Controllers.TriageController.GetLatestPatientVitals (CMS.API)'
2026-10-07 11:51:53.163 +03:00 [INF] Request finished HTTP/1.1 GET http://127.0.0.1:5010/api/v1/triage/patient/174495/latest - 200 null application/json; charset=utf-8 239.8667ms
2026-10-07 11:51:53.169 +03:00 [INF] Executed endpoint 'CMS.API.Controllers.MedicalCertificatesController.GetPatientCertificates (CMS.API)'
2026-10-07 11:51:53.177 +03:00 [INF] Executing endpoint 'CMS.API.Controllers.MedicalCertificatesController.GetPatientCertificates (CMS.API)'
2026-10-07 11:51:53.180 +03:00 [INF] Route matched with {action = "GetLatestPatientVitals", controller = "Triage"}. Executing controller action with signature System.Threading.Tasks.Task`1[Microsoft.AspNetCore.Mvc.IActionResult] GetLatestPatientVitals(Int32) on controller CMS.API.Controllers.TriageController (CMS.API).
2026-10-07 11:51:53.193 +03:00 [INF] Request finished HTTP/1.1 GET http://127.0.0.1:5010/api/v1/medicalcertificates/patient/174495 - 200 null application/json; charset=utf-8 280.2045ms
2026-10-07 11:51:53.196 +03:00 [INF] Route matched with {action = "GetPatientCertificates", controller = "MedicalCertificates"}. Executing controller action with signature System.Threading.Tasks.Task`1[Microsoft.AspNetCore.Mvc.IActionResult] GetPatientCertificates(Int32) on controller CMS.API.Controllers.MedicalCertificatesController (CMS.API).
2026-10-07 11:51:53.204 +03:00 [INF] Executing OkObjectResult, writing value of type 'CMS.Shared.DTOs.ApiResponse`1[[CMS.Shared.DTOs.TriageDto, CMS.Shared, Version=1.0.0.0, Culture=neutral, PublicKeyToken=null]]'.
2026-10-07 11:51:53.207 +03:00 [INF] Executing OkObjectResult, writing value of type 'CMS.Shared.DTOs.ApiResponse`1[[System.Collections.Generic.List`1[[CMS.Shared.DTOs.EncounterDto, CMS.Shared, Version=1.0.0.0, Culture=neutral, PublicKeyToken=null]], System.Private.CoreLib, Version=8.0.0.0, Culture=neutral, PublicKeyToken=7cec85d7bea7798e]]'.
2026-10-07 11:51:53.222 +03:00 [INF] Executing OkObjectResult, writing value of type 'CMS.Shared.DTOs.ApiResponse`1[[System.Collections.Generic.List`1[[CMS.Shared.DTOs.MedicalCertificateDto, CMS.Shared, Version=1.0.0.0, Culture=neutral, PublicKeyToken=null]], System.Private.CoreLib, Version=8.0.0.0, Culture=neutral, PublicKeyToken=7cec85d7bea7798e]]'.
2026-10-07 11:51:53.225 +03:00 [INF] Executed action CMS.API.Controllers.TriageController.GetLatestPatientVitals (CMS.API) in 23.4565ms
2026-10-07 11:51:53.229 +03:00 [INF] Executed action CMS.API.Controllers.EncountersController.GetPatientEncounters (CMS.API) in 149.9088ms
2026-10-07 11:51:53.234 +03:00 [INF] Executed action CMS.API.Controllers.MedicalCertificatesController.GetPatientCertificates (CMS.API) in 13.7216ms
2026-10-07 11:51:53.238 +03:00 [INF] Request starting HTTP/1.1 GET http://127.0.0.1:5010/api/v1/encounters/patient/174495 - application/json null
2026-10-07 11:51:53.242 +03:00 [INF] Executed endpoint 'CMS.API.Controllers.TriageController.GetLatestPatientVitals (CMS.API)'
2026-10-07 11:51:53.247 +03:00 [INF] Executed endpoint 'CMS.API.Controllers.EncountersController.GetPatientEncounters (CMS.API)'
2026-10-07 11:51:53.251 +03:00 [INF] Executed endpoint 'CMS.API.Controllers.MedicalCertificatesController.GetPatientCertificates (CMS.API)'
2026-10-07 11:51:53.259 +03:00 [INF] Executing endpoint 'CMS.API.Controllers.EncountersController.GetPatientEncounters (CMS.API)'
2026-10-07 11:51:53.262 +03:00 [INF] Request finished HTTP/1.1 GET http://127.0.0.1:5010/api/v1/triage/patient/174495/latest - 200 null application/json; charset=utf-8 113.693ms
2026-10-07 11:51:53.267 +03:00 [INF] Request finished HTTP/1.1 GET http://127.0.0.1:5010/api/v1/encounters/patient/174495 - 200 null application/json; charset=utf-8 342.8725ms
2026-10-07 11:51:53.272 +03:00 [INF] Request finished HTTP/1.1 GET http://127.0.0.1:5010/api/v1/medicalcertificates/patient/174495 - 200 null application/json; charset=utf-8 114.4344ms
2026-10-07 11:51:53.277 +03:00 [INF] Route matched with {action = "GetPatientEncounters", controller = "Encounters"}. Executing controller action with signature System.Threading.Tasks.Task`1[Microsoft.AspNetCore.Mvc.IActionResult] GetPatientEncounters(Int32) on controller CMS.API.Controllers.EncountersController (CMS.API).
2026-10-07 11:51:53.321 +03:00 [INF] Executing OkObjectResult, writing value of type 'CMS.Shared.DTOs.ApiResponse`1[[System.Collections.Generic.List`1[[CMS.Shared.DTOs.EncounterDto, CMS.Shared, Version=1.0.0.0, Culture=neutral, PublicKeyToken=null]], System.Private.CoreLib, Version=8.0.0.0, Culture=neutral, PublicKeyToken=7cec85d7bea7798e]]'.
2026-10-07 11:51:53.326 +03:00 [INF] Executed action CMS.API.Controllers.EncountersController.GetPatientEncounters (CMS.API) in 8.7047ms
2026-10-07 11:51:53.332 +03:00 [INF] Executed endpoint 'CMS.API.Controllers.EncountersController.GetPatientEncounters (CMS.API)'
2026-10-07 11:51:53.336 +03:00 [INF] Request finished HTTP/1.1 GET http://127.0.0.1:5010/api/v1/encounters/patient/174495 - 200 null application/json; charset=utf-8 97.832ms
2026-10-07 11:52:49.137 +03:00 [INF] Request starting HTTP/1.1 GET http://127.0.0.1:5010/api/v1/notifications - application/json null
2026-10-07 11:52:49.146 +03:00 [INF] Executing endpoint 'CMS.API.Controllers.NotificationsController.GetNotifications (CMS.API)'
2026-10-07 11:52:49.149 +03:00 [INF] Route matched with {action = "GetNotifications", controller = "Notifications"}. Executing controller action with signature System.Threading.Tasks.Task`1[Microsoft.AspNetCore.Mvc.IActionResult] GetNotifications(System.Nullable`1[System.Int32], System.String) on controller CMS.API.Controllers.NotificationsController (CMS.API).
2026-10-07 11:52:49.169 +03:00 [INF] Executing OkObjectResult, writing value of type 'CMS.Shared.DTOs.ApiResponse`1[[System.Collections.Generic.List`1[[CMS.Shared.DTOs.NotificationItemDto, CMS.Shared, Version=1.0.0.0, Culture=neutral, PublicKeyToken=null]], System.Private.CoreLib, Version=8.0.0.0, Culture=neutral, PublicKeyToken=7cec85d7bea7798e]]'.
2026-10-07 11:52:49.174 +03:00 [INF] Executed action CMS.API.Controllers.NotificationsController.GetNotifications (CMS.API) in 18.7921ms
2026-10-07 11:52:49.179 +03:00 [INF] Executed endpoint 'CMS.API.Controllers.NotificationsController.GetNotifications (CMS.API)'
2026-10-07 11:52:49.183 +03:00 [INF] Request finished HTTP/1.1 GET http://127.0.0.1:5010/api/v1/notifications - 200 null application/json; charset=utf-8 45.6541ms
2026-10-07 11:52:49.423 +03:00 [INF] Request starting HTTP/1.1 GET http://127.0.0.1:5010/api/v1/triage/queue?date=2026-10-07 - application/json null
2026-10-07 11:52:49.424 +03:00 [INF] Request starting HTTP/1.1 GET http://127.0.0.1:5010/api/v1/staff/doctors - application/json null
2026-10-07 11:52:49.424 +03:00 [INF] Request starting HTTP/1.1 GET http://127.0.0.1:5010/api/v1/patients/search - application/json null
2026-10-07 11:52:49.425 +03:00 [INF] Request starting HTTP/1.1 GET http://127.0.0.1:5010/api/v1/services/consultation - application/json null
2026-10-07 11:52:49.433 +03:00 [INF] Executing endpoint 'CMS.API.Controllers.TriageController.GetQueue (CMS.API)'
2026-10-07 11:52:49.441 +03:00 [INF] Executing endpoint 'CMS.API.Controllers.StaffController.GetDoctors (CMS.API)'
2026-10-07 11:52:49.453 +03:00 [INF] Executing endpoint 'CMS.API.Controllers.PatientsController.Search (CMS.API)'
2026-10-07 11:52:49.462 +03:00 [INF] Executing endpoint 'CMS.API.Controllers.ServicesController.GetConsultationServices (CMS.API)'
2026-10-07 11:52:49.466 +03:00 [INF] Route matched with {action = "GetQueue", controller = "Triage"}. Executing controller action with signature System.Threading.Tasks.Task`1[Microsoft.AspNetCore.Mvc.IActionResult] GetQueue(System.String, System.Nullable`1[System.DateTime]) on controller CMS.API.Controllers.TriageController (CMS.API).
2026-10-07 11:52:49.470 +03:00 [INF] Route matched with {action = "GetDoctors", controller = "Staff"}. Executing controller action with signature System.Threading.Tasks.Task`1[Microsoft.AspNetCore.Mvc.IActionResult] GetDoctors() on controller CMS.API.Controllers.StaffController (CMS.API).
2026-10-07 11:52:49.473 +03:00 [INF] Route matched with {action = "Search", controller = "Patients"}. Executing controller action with signature System.Threading.Tasks.Task`1[Microsoft.AspNetCore.Mvc.IActionResult] Search(System.String, Int32, Int32) on controller CMS.API.Controllers.PatientsController (CMS.API).
2026-10-07 11:52:49.477 +03:00 [INF] Route matched with {action = "GetConsultationServices", controller = "Services"}. Executing controller action with signature System.Threading.Tasks.Task`1[Microsoft.AspNetCore.Mvc.IActionResult] GetConsultationServices() on controller CMS.API.Controllers.ServicesController (CMS.API).
2026-10-07 11:52:49.490 +03:00 [INF] Executing OkObjectResult, writing value of type 'CMS.Shared.DTOs.ApiResponse`1[[System.Collections.Generic.List`1[[CMS.Shared.DTOs.DoctorDto, CMS.Shared, Version=1.0.0.0, Culture=neutral, PublicKeyToken=null]], System.Private.CoreLib, Version=8.0.0.0, Culture=neutral, PublicKeyToken=7cec85d7bea7798e]]'.
2026-10-07 11:52:49.507 +03:00 [INF] Executing OkObjectResult, writing value of type 'CMS.Shared.DTOs.ApiResponse`1[[System.Object, System.Private.CoreLib, Version=8.0.0.0, Culture=neutral, PublicKeyToken=7cec85d7bea7798e]]'.
2026-10-07 11:52:49.512 +03:00 [INF] Executed action CMS.API.Controllers.StaffController.GetDoctors (CMS.API) in 21.4349ms
2026-10-07 11:52:49.515 +03:00 [INF] Executing OkObjectResult, writing value of type 'CMS.Shared.DTOs.ApiResponse`1[[System.Collections.Generic.List`1[[CMS.Shared.DTOs.PatientDto, CMS.Shared, Version=1.0.0.0, Culture=neutral, PublicKeyToken=null]], System.Private.CoreLib, Version=8.0.0.0, Culture=neutral, PublicKeyToken=7cec85d7bea7798e]]'.
2026-10-07 11:52:49.516 +03:00 [INF] Executed action CMS.API.Controllers.ServicesController.GetConsultationServices (CMS.API) in 9.289ms
2026-10-07 11:52:49.520 +03:00 [INF] Request starting HTTP/1.1 GET http://127.0.0.1:5010/api/v1/staff/doctors - application/json null
2026-10-07 11:52:49.520 +03:00 [INF] Executed endpoint 'CMS.API.Controllers.StaffController.GetDoctors (CMS.API)'
2026-10-07 11:52:49.525 +03:00 [INF] Executed action CMS.API.Controllers.PatientsController.Search (CMS.API) in 27.488ms
2026-10-07 11:52:49.528 +03:00 [INF] Request starting HTTP/1.1 GET http://127.0.0.1:5010/api/v1/services/consultation - application/json null
2026-10-07 11:52:49.530 +03:00 [INF] Executed endpoint 'CMS.API.Controllers.ServicesController.GetConsultationServices (CMS.API)'
2026-10-07 11:52:49.538 +03:00 [INF] Executing endpoint 'CMS.API.Controllers.StaffController.GetDoctors (CMS.API)'
2026-10-07 11:52:49.541 +03:00 [INF] Request finished HTTP/1.1 GET http://127.0.0.1:5010/api/v1/staff/doctors - 200 null application/json; charset=utf-8 117.8263ms
2026-10-07 11:52:49.546 +03:00 [INF] Executed endpoint 'CMS.API.Controllers.PatientsController.Search (CMS.API)'
2026-10-07 11:52:49.548 +03:00 [INF] Request starting HTTP/1.1 GET http://127.0.0.1:5010/api/v1/patients/search - application/json null
2026-10-07 11:52:49.554 +03:00 [INF] Executing endpoint 'CMS.API.Controllers.ServicesController.GetConsultationServices (CMS.API)'
2026-10-07 11:52:49.556 +03:00 [INF] Request finished HTTP/1.1 GET http://127.0.0.1:5010/api/v1/services/consultation - 200 null application/json; charset=utf-8 131.1446ms
2026-10-07 11:52:49.561 +03:00 [INF] Route matched with {action = "GetDoctors", controller = "Staff"}. Executing controller action with signature System.Threading.Tasks.Task`1[Microsoft.AspNetCore.Mvc.IActionResult] GetDoctors() on controller CMS.API.Controllers.StaffController (CMS.API).
2026-10-07 11:52:49.574 +03:00 [INF] Request finished HTTP/1.1 GET http://127.0.0.1:5010/api/v1/patients/search - 200 null application/json; charset=utf-8 150.0217ms
2026-10-07 11:52:49.582 +03:00 [INF] Executing endpoint 'CMS.API.Controllers.PatientsController.Search (CMS.API)'
2026-10-07 11:52:49.585 +03:00 [INF] Route matched with {action = "GetConsultationServices", controller = "Services"}. Executing controller action with signature System.Threading.Tasks.Task`1[Microsoft.AspNetCore.Mvc.IActionResult] GetConsultationServices() on controller CMS.API.Controllers.ServicesController (CMS.API).
2026-10-07 11:52:49.602 +03:00 [INF] Executing OkObjectResult, writing value of type 'CMS.Shared.DTOs.ApiResponse`1[[System.Collections.Generic.List`1[[CMS.Shared.DTOs.DoctorDto, CMS.Shared, Version=1.0.0.0, Culture=neutral, PublicKeyToken=null]], System.Private.CoreLib, Version=8.0.0.0, Culture=neutral, PublicKeyToken=7cec85d7bea7798e]]'.
2026-10-07 11:52:49.613 +03:00 [INF] Executing OkObjectResult, writing value of type 'CMS.Shared.DTOs.ApiResponse`1[[System.Collections.Generic.List`1[[CMS.Shared.DTOs.TriageDto, CMS.Shared, Version=1.0.0.0, Culture=neutral, PublicKeyToken=null]], System.Private.CoreLib, Version=8.0.0.0, Culture=neutral, PublicKeyToken=7cec85d7bea7798e]]'.
2026-10-07 11:52:49.617 +03:00 [INF] Route matched with {action = "Search", controller = "Patients"}. Executing controller action with signature System.Threading.Tasks.Task`1[Microsoft.AspNetCore.Mvc.IActionResult] Search(System.String, Int32, Int32) on controller CMS.API.Controllers.PatientsController (CMS.API).
2026-10-07 11:52:49.623 +03:00 [INF] Executing OkObjectResult, writing value of type 'CMS.Shared.DTOs.ApiResponse`1[[System.Object, System.Private.CoreLib, Version=8.0.0.0, Culture=neutral, PublicKeyToken=7cec85d7bea7798e]]'.
2026-10-07 11:52:49.627 +03:00 [INF] Executed action CMS.API.Controllers.StaffController.GetDoctors (CMS.API) in 26.1281ms
2026-10-07 11:52:49.633 +03:00 [INF] Executed action CMS.API.Controllers.TriageController.GetQueue (CMS.API) in 149.082ms
2026-10-07 11:52:49.639 +03:00 [INF] Executing OkObjectResult, writing value of type 'CMS.Shared.DTOs.ApiResponse`1[[System.Collections.Generic.List`1[[CMS.Shared.DTOs.PatientDto, CMS.Shared, Version=1.0.0.0, Culture=neutral, PublicKeyToken=null]], System.Private.CoreLib, Version=8.0.0.0, Culture=neutral, PublicKeyToken=7cec85d7bea7798e]]'.
2026-10-07 11:52:49.641 +03:00 [INF] Request starting HTTP/1.1 GET http://127.0.0.1:5010/api/v1/triage/queue?date=2026-10-07 - application/json null
2026-10-07 11:52:49.643 +03:00 [INF] Executed action CMS.API.Controllers.ServicesController.GetConsultationServices (CMS.API) in 20.0343ms
2026-10-07 11:52:49.648 +03:00 [INF] Executed endpoint 'CMS.API.Controllers.StaffController.GetDoctors (CMS.API)'
2026-10-07 11:52:49.652 +03:00 [INF] Executed endpoint 'CMS.API.Controllers.TriageController.GetQueue (CMS.API)'
2026-10-07 11:52:49.657 +03:00 [INF] Executed action CMS.API.Controllers.PatientsController.Search (CMS.API) in 17.6307ms
2026-10-07 11:52:49.665 +03:00 [INF] Executing endpoint 'CMS.API.Controllers.TriageController.GetQueue (CMS.API)'
2026-10-07 11:52:49.670 +03:00 [INF] Executed endpoint 'CMS.API.Controllers.ServicesController.GetConsultationServices (CMS.API)'
2026-10-07 11:52:49.675 +03:00 [INF] Request finished HTTP/1.1 GET http://127.0.0.1:5010/api/v1/staff/doctors - 200 null application/json; charset=utf-8 154.9004ms
2026-10-07 11:52:49.678 +03:00 [INF] Request finished HTTP/1.1 GET http://127.0.0.1:5010/api/v1/triage/queue?date=2026-10-07 - 200 null application/json; charset=utf-8 255.2104ms
2026-10-07 11:52:49.682 +03:00 [INF] Executed endpoint 'CMS.API.Controllers.PatientsController.Search (CMS.API)'
2026-10-07 11:52:49.686 +03:00 [INF] Route matched with {action = "GetQueue", controller = "Triage"}. Executing controller action with signature System.Threading.Tasks.Task`1[Microsoft.AspNetCore.Mvc.IActionResult] GetQueue(System.String, System.Nullable`1[System.DateTime]) on controller CMS.API.Controllers.TriageController (CMS.API).
2026-10-07 11:52:49.689 +03:00 [INF] Request finished HTTP/1.1 GET http://127.0.0.1:5010/api/v1/services/consultation - 200 null application/json; charset=utf-8 161.4043ms
2026-10-07 11:52:49.715 +03:00 [INF] Request finished HTTP/1.1 GET http://127.0.0.1:5010/api/v1/patients/search - 200 null application/json; charset=utf-8 167.2595ms
2026-10-07 11:52:49.756 +03:00 [INF] Executing OkObjectResult, writing value of type 'CMS.Shared.DTOs.ApiResponse`1[[System.Collections.Generic.List`1[[CMS.Shared.DTOs.TriageDto, CMS.Shared, Version=1.0.0.0, Culture=neutral, PublicKeyToken=null]], System.Private.CoreLib, Version=8.0.0.0, Culture=neutral, PublicKeyToken=7cec85d7bea7798e]]'.
2026-10-07 11:52:49.760 +03:00 [INF] Executed action CMS.API.Controllers.TriageController.GetQueue (CMS.API) in 38.3557ms
2026-10-07 11:52:49.765 +03:00 [INF] Executed endpoint 'CMS.API.Controllers.TriageController.GetQueue (CMS.API)'
2026-10-07 11:52:49.769 +03:00 [INF] Request finished HTTP/1.1 GET http://127.0.0.1:5010/api/v1/triage/queue?date=2026-10-07 - 200 null application/json; charset=utf-8 127.427ms
2026-10-07 11:52:50.187 +03:00 [INF] Request starting HTTP/1.1 GET http://127.0.0.1:5010/api/v1/patients/search?q= - application/json null
2026-10-07 11:52:50.200 +03:00 [INF] Executing endpoint 'CMS.API.Controllers.PatientsController.Search (CMS.API)'
2026-10-07 11:52:50.204 +03:00 [INF] Route matched with {action = "Search", controller = "Patients"}. Executing controller action with signature System.Threading.Tasks.Task`1[Microsoft.AspNetCore.Mvc.IActionResult] Search(System.String, Int32, Int32) on controller CMS.API.Controllers.PatientsController (CMS.API).
2026-10-07 11:52:50.210 +03:00 [INF] Executing OkObjectResult, writing value of type 'CMS.Shared.DTOs.ApiResponse`1[[System.Collections.Generic.List`1[[CMS.Shared.DTOs.PatientDto, CMS.Shared, Version=1.0.0.0, Culture=neutral, PublicKeyToken=null]], System.Private.CoreLib, Version=8.0.0.0, Culture=neutral, PublicKeyToken=7cec85d7bea7798e]]'.
2026-10-07 11:52:50.215 +03:00 [INF] Executed action CMS.API.Controllers.PatientsController.Search (CMS.API) in 5.7261ms
2026-10-07 11:52:50.220 +03:00 [INF] Executed endpoint 'CMS.API.Controllers.PatientsController.Search (CMS.API)'
2026-10-07 11:52:50.223 +03:00 [INF] Request finished HTTP/1.1 GET http://127.0.0.1:5010/api/v1/patients/search?q= - 200 null application/json; charset=utf-8 35.4372ms
2026-10-07 11:53:14.039 +03:00 [INF] Request starting HTTP/1.1 GET http://127.0.0.1:5010/api/v1/triage/queue?date=2026-10-07 - application/json null
2026-10-07 11:53:14.045 +03:00 [INF] Request starting HTTP/1.1 GET http://127.0.0.1:5010/api/v1/staff/doctors - application/json null
2026-10-07 11:53:14.045 +03:00 [INF] Request starting HTTP/1.1 GET http://127.0.0.1:5010/api/v1/patients/search - application/json null
2026-10-07 11:53:14.047 +03:00 [INF] Request starting HTTP/1.1 GET http://127.0.0.1:5010/api/v1/services/consultation - application/json null
2026-10-07 11:53:14.055 +03:00 [INF] Executing endpoint 'CMS.API.Controllers.TriageController.GetQueue (CMS.API)'
2026-10-07 11:53:14.064 +03:00 [INF] Executing endpoint 'CMS.API.Controllers.StaffController.GetDoctors (CMS.API)'
2026-10-07 11:53:14.073 +03:00 [INF] Executing endpoint 'CMS.API.Controllers.PatientsController.Search (CMS.API)'
2026-10-07 11:53:14.082 +03:00 [INF] Executing endpoint 'CMS.API.Controllers.ServicesController.GetConsultationServices (CMS.API)'
2026-10-07 11:53:14.085 +03:00 [INF] Route matched with {action = "GetQueue", controller = "Triage"}. Executing controller action with signature System.Threading.Tasks.Task`1[Microsoft.AspNetCore.Mvc.IActionResult] GetQueue(System.String, System.Nullable`1[System.DateTime]) on controller CMS.API.Controllers.TriageController (CMS.API).
2026-10-07 11:53:14.089 +03:00 [INF] Route matched with {action = "GetDoctors", controller = "Staff"}. Executing controller action with signature System.Threading.Tasks.Task`1[Microsoft.AspNetCore.Mvc.IActionResult] GetDoctors() on controller CMS.API.Controllers.StaffController (CMS.API).
2026-10-07 11:53:14.092 +03:00 [INF] Route matched with {action = "Search", controller = "Patients"}. Executing controller action with signature System.Threading.Tasks.Task`1[Microsoft.AspNetCore.Mvc.IActionResult] Search(System.String, Int32, Int32) on controller CMS.API.Controllers.PatientsController (CMS.API).
2026-10-07 11:53:14.096 +03:00 [INF] Route matched with {action = "GetConsultationServices", controller = "Services"}. Executing controller action with signature System.Threading.Tasks.Task`1[Microsoft.AspNetCore.Mvc.IActionResult] GetConsultationServices() on controller CMS.API.Controllers.ServicesController (CMS.API).
2026-10-07 11:53:14.111 +03:00 [INF] Executing OkObjectResult, writing value of type 'CMS.Shared.DTOs.ApiResponse`1[[System.Collections.Generic.List`1[[CMS.Shared.DTOs.DoctorDto, CMS.Shared, Version=1.0.0.0, Culture=neutral, PublicKeyToken=null]], System.Private.CoreLib, Version=8.0.0.0, Culture=neutral, PublicKeyToken=7cec85d7bea7798e]]'.
2026-10-07 11:53:14.117 +03:00 [INF] Executing OkObjectResult, writing value of type 'CMS.Shared.DTOs.ApiResponse`1[[System.Collections.Generic.List`1[[CMS.Shared.DTOs.PatientDto, CMS.Shared, Version=1.0.0.0, Culture=neutral, PublicKeyToken=null]], System.Private.CoreLib, Version=8.0.0.0, Culture=neutral, PublicKeyToken=7cec85d7bea7798e]]'.
2026-10-07 11:53:14.125 +03:00 [INF] Executing OkObjectResult, writing value of type 'CMS.Shared.DTOs.ApiResponse`1[[System.Object, System.Private.CoreLib, Version=8.0.0.0, Culture=neutral, PublicKeyToken=7cec85d7bea7798e]]'.
2026-10-07 11:53:14.129 +03:00 [INF] Executed action CMS.API.Controllers.StaffController.GetDoctors (CMS.API) in 18.8757ms
2026-10-07 11:53:14.136 +03:00 [INF] Executed action CMS.API.Controllers.PatientsController.Search (CMS.API) in 18.5201ms
2026-10-07 11:53:14.142 +03:00 [INF] Executed action CMS.API.Controllers.ServicesController.GetConsultationServices (CMS.API) in 17.7239ms
2026-10-07 11:53:14.142 +03:00 [INF] Request starting HTTP/1.1 GET http://127.0.0.1:5010/api/v1/staff/doctors - application/json null
2026-10-07 11:53:14.146 +03:00 [INF] Request starting HTTP/1.1 GET http://127.0.0.1:5010/api/v1/patients/search - application/json null
2026-10-07 11:53:14.146 +03:00 [INF] Executed endpoint 'CMS.API.Controllers.StaffController.GetDoctors (CMS.API)'
2026-10-07 11:53:14.151 +03:00 [INF] Executed endpoint 'CMS.API.Controllers.PatientsController.Search (CMS.API)'
2026-10-07 11:53:14.155 +03:00 [INF] Executed endpoint 'CMS.API.Controllers.ServicesController.GetConsultationServices (CMS.API)'
2026-10-07 11:53:14.191 +03:00 [INF] Request finished HTTP/1.1 GET http://127.0.0.1:5010/api/v1/services/consultation - 200 null application/json; charset=utf-8 143.7102ms
2026-10-07 11:53:14.178 +03:00 [INF] Executing endpoint 'CMS.API.Controllers.PatientsController.Search (CMS.API)'
2026-10-07 11:53:14.180 +03:00 [INF] Request finished HTTP/1.1 GET http://127.0.0.1:5010/api/v1/staff/doctors - 200 null application/json; charset=utf-8 134.8711ms
2026-10-07 11:53:14.187 +03:00 [INF] Request finished HTTP/1.1 GET http://127.0.0.1:5010/api/v1/patients/search - 200 null application/json; charset=utf-8 141.1473ms
2026-10-07 11:53:14.190 +03:00 [INF] Request starting HTTP/1.1 GET http://127.0.0.1:5010/api/v1/services/consultation - application/json null
2026-10-07 11:53:14.163 +03:00 [INF] Executing endpoint 'CMS.API.Controllers.StaffController.GetDoctors (CMS.API)'
2026-10-07 11:53:14.206 +03:00 [INF] Route matched with {action = "Search", controller = "Patients"}. Executing controller action with signature System.Threading.Tasks.Task`1[Microsoft.AspNetCore.Mvc.IActionResult] Search(System.String, Int32, Int32) on controller CMS.API.Controllers.PatientsController (CMS.API).
2026-10-07 11:53:14.238 +03:00 [INF] Executing endpoint 'CMS.API.Controllers.ServicesController.GetConsultationServices (CMS.API)'
2026-10-07 11:53:14.241 +03:00 [INF] Route matched with {action = "GetDoctors", controller = "Staff"}. Executing controller action with signature System.Threading.Tasks.Task`1[Microsoft.AspNetCore.Mvc.IActionResult] GetDoctors() on controller CMS.API.Controllers.StaffController (CMS.API).
2026-10-07 11:53:14.246 +03:00 [INF] Executing OkObjectResult, writing value of type 'CMS.Shared.DTOs.ApiResponse`1[[System.Collections.Generic.List`1[[CMS.Shared.DTOs.PatientDto, CMS.Shared, Version=1.0.0.0, Culture=neutral, PublicKeyToken=null]], System.Private.CoreLib, Version=8.0.0.0, Culture=neutral, PublicKeyToken=7cec85d7bea7798e]]'.
2026-10-07 11:53:14.249 +03:00 [INF] Route matched with {action = "GetConsultationServices", controller = "Services"}. Executing controller action with signature System.Threading.Tasks.Task`1[Microsoft.AspNetCore.Mvc.IActionResult] GetConsultationServices() on controller CMS.API.Controllers.ServicesController (CMS.API).
2026-10-07 11:53:14.254 +03:00 [INF] Executing OkObjectResult, writing value of type 'CMS.Shared.DTOs.ApiResponse`1[[System.Collections.Generic.List`1[[CMS.Shared.DTOs.DoctorDto, CMS.Shared, Version=1.0.0.0, Culture=neutral, PublicKeyToken=null]], System.Private.CoreLib, Version=8.0.0.0, Culture=neutral, PublicKeyToken=7cec85d7bea7798e]]'.
2026-10-07 11:53:14.258 +03:00 [INF] Executed action CMS.API.Controllers.PatientsController.Search (CMS.API) in 11.9428ms
2026-10-07 11:53:14.264 +03:00 [INF] Executing OkObjectResult, writing value of type 'CMS.Shared.DTOs.ApiResponse`1[[System.Object, System.Private.CoreLib, Version=8.0.0.0, Culture=neutral, PublicKeyToken=7cec85d7bea7798e]]'.
2026-10-07 11:53:14.268 +03:00 [INF] Executed action CMS.API.Controllers.StaffController.GetDoctors (CMS.API) in 14.0069ms
2026-10-07 11:53:14.272 +03:00 [INF] Executed endpoint 'CMS.API.Controllers.PatientsController.Search (CMS.API)'
2026-10-07 11:53:14.277 +03:00 [INF] Executed action CMS.API.Controllers.ServicesController.GetConsultationServices (CMS.API) in 13.0946ms
2026-10-07 11:53:14.281 +03:00 [INF] Executed endpoint 'CMS.API.Controllers.StaffController.GetDoctors (CMS.API)'
2026-10-07 11:53:14.284 +03:00 [INF] Request finished HTTP/1.1 GET http://127.0.0.1:5010/api/v1/patients/search - 200 null application/json; charset=utf-8 138.1282ms
2026-10-07 11:53:14.289 +03:00 [INF] Executed endpoint 'CMS.API.Controllers.ServicesController.GetConsultationServices (CMS.API)'
2026-10-07 11:53:14.293 +03:00 [INF] Request finished HTTP/1.1 GET http://127.0.0.1:5010/api/v1/staff/doctors - 200 null application/json; charset=utf-8 150.8668ms
2026-10-07 11:53:14.297 +03:00 [INF] Executing OkObjectResult, writing value of type 'CMS.Shared.DTOs.ApiResponse`1[[System.Collections.Generic.List`1[[CMS.Shared.DTOs.TriageDto, CMS.Shared, Version=1.0.0.0, Culture=neutral, PublicKeyToken=null]], System.Private.CoreLib, Version=8.0.0.0, Culture=neutral, PublicKeyToken=7cec85d7bea7798e]]'.
2026-10-07 11:53:14.307 +03:00 [INF] Request finished HTTP/1.1 GET http://127.0.0.1:5010/api/v1/services/consultation - 200 null application/json; charset=utf-8 117.298ms
2026-10-07 11:53:14.325 +03:00 [INF] Executed action CMS.API.Controllers.TriageController.GetQueue (CMS.API) in 223.6102ms
2026-10-07 11:53:14.333 +03:00 [INF] Request starting HTTP/1.1 GET http://127.0.0.1:5010/api/v1/triage/queue?date=2026-10-07 - application/json null
2026-10-07 11:53:14.342 +03:00 [INF] Executed endpoint 'CMS.API.Controllers.TriageController.GetQueue (CMS.API)'
2026-10-07 11:53:14.352 +03:00 [INF] Executing endpoint 'CMS.API.Controllers.TriageController.GetQueue (CMS.API)'
2026-10-07 11:53:14.356 +03:00 [INF] Request finished HTTP/1.1 GET http://127.0.0.1:5010/api/v1/triage/queue?date=2026-10-07 - 200 null application/json; charset=utf-8 316.8354ms
2026-10-07 11:53:14.360 +03:00 [INF] Route matched with {action = "GetQueue", controller = "Triage"}. Executing controller action with signature System.Threading.Tasks.Task`1[Microsoft.AspNetCore.Mvc.IActionResult] GetQueue(System.String, System.Nullable`1[System.DateTime]) on controller CMS.API.Controllers.TriageController (CMS.API).
2026-10-07 11:53:14.425 +03:00 [INF] Executing OkObjectResult, writing value of type 'CMS.Shared.DTOs.ApiResponse`1[[System.Collections.Generic.List`1[[CMS.Shared.DTOs.TriageDto, CMS.Shared, Version=1.0.0.0, Culture=neutral, PublicKeyToken=null]], System.Private.CoreLib, Version=8.0.0.0, Culture=neutral, PublicKeyToken=7cec85d7bea7798e]]'.
2026-10-07 11:53:14.429 +03:00 [INF] Executed action CMS.API.Controllers.TriageController.GetQueue (CMS.API) in 52.1051ms
2026-10-07 11:53:14.437 +03:00 [INF] Executed endpoint 'CMS.API.Controllers.TriageController.GetQueue (CMS.API)'
2026-10-07 11:53:14.443 +03:00 [INF] Request finished HTTP/1.1 GET http://127.0.0.1:5010/api/v1/triage/queue?date=2026-10-07 - 200 null application/json; charset=utf-8 109.3655ms
2026-10-07 11:53:14.883 +03:00 [INF] Request starting HTTP/1.1 GET http://127.0.0.1:5010/api/v1/staff/doctors - application/json null
2026-10-07 11:53:14.884 +03:00 [INF] Request starting HTTP/1.1 GET http://127.0.0.1:5010/api/v1/lab/catalog - application/json null
2026-10-07 11:53:14.884 +03:00 [INF] Request starting HTTP/1.1 GET http://127.0.0.1:5010/api/v1/services?limit=1500 - application/json null
2026-10-07 11:53:14.884 +03:00 [INF] Request starting HTTP/1.1 GET http://127.0.0.1:5010/api/v1/pharmacy/formulary - application/json null
2026-10-07 11:53:14.885 +03:00 [INF] Request starting HTTP/1.1 GET http://127.0.0.1:5010/api/v1/triage/doctor/139?date=2026-10-07 - application/json null
2026-10-07 11:53:14.885 +03:00 [INF] Request starting HTTP/1.1 GET http://127.0.0.1:5010/api/v1/billing/invoices?date=2026-10-07&limit=100 - application/json null
2026-10-07 11:53:14.893 +03:00 [INF] Executing endpoint 'CMS.API.Controllers.StaffController.GetDoctors (CMS.API)'
2026-10-07 11:53:14.900 +03:00 [INF] Executing endpoint 'CMS.API.Controllers.LaboratoryController.GetCatalog (CMS.API)'
2026-10-07 11:53:14.910 +03:00 [INF] Executing endpoint 'CMS.API.Controllers.ServicesController.GetAllServices (CMS.API)'
2026-10-07 11:53:14.917 +03:00 [INF] Executing endpoint 'CMS.API.Controllers.PharmacyController.GetFormulary (CMS.API)'
2026-10-07 11:53:14.926 +03:00 [INF] Executing endpoint 'CMS.API.Controllers.TriageController.GetDoctorQueue (CMS.API)'
2026-10-07 11:53:14.934 +03:00 [INF] Executing endpoint 'CMS.API.Controllers.BillingController.GetInvoices (CMS.API)'
2026-10-07 11:53:14.937 +03:00 [INF] Route matched with {action = "GetDoctors", controller = "Staff"}. Executing controller action with signature System.Threading.Tasks.Task`1[Microsoft.AspNetCore.Mvc.IActionResult] GetDoctors() on controller CMS.API.Controllers.StaffController (CMS.API).
2026-10-07 11:53:14.940 +03:00 [INF] Route matched with {action = "GetCatalog", controller = "Laboratory"}. Executing controller action with signature System.Threading.Tasks.Task`1[Microsoft.AspNetCore.Mvc.IActionResult] GetCatalog() on controller CMS.API.Controllers.LaboratoryController (CMS.API).
2026-10-07 11:53:14.944 +03:00 [INF] Route matched with {action = "GetAllServices", controller = "Services"}. Executing controller action with signature System.Threading.Tasks.Task`1[Microsoft.AspNetCore.Mvc.IActionResult] GetAllServices(System.String, System.String, Int32) on controller CMS.API.Controllers.ServicesController (CMS.API).
2026-10-07 11:53:14.947 +03:00 [INF] Route matched with {action = "GetFormulary", controller = "Pharmacy"}. Executing controller action with signature System.Threading.Tasks.Task`1[Microsoft.AspNetCore.Mvc.IActionResult] GetFormulary() on controller CMS.API.Controllers.PharmacyController (CMS.API).
2026-10-07 11:53:14.951 +03:00 [INF] Route matched with {action = "GetDoctorQueue", controller = "Triage"}. Executing controller action with signature System.Threading.Tasks.Task`1[Microsoft.AspNetCore.Mvc.IActionResult] GetDoctorQueue(Int32, System.Nullable`1[System.DateTime]) on controller CMS.API.Controllers.TriageController (CMS.API).
2026-10-07 11:53:14.955 +03:00 [INF] Route matched with {action = "GetInvoices", controller = "Billing"}. Executing controller action with signature System.Threading.Tasks.Task`1[Microsoft.AspNetCore.Mvc.IActionResult] GetInvoices(Int32, System.Nullable`1[System.Int32], System.Nullable`1[System.DateTime], System.Nullable`1[System.DateTime], System.Nullable`1[System.DateTime]) on controller CMS.API.Controllers.BillingController (CMS.API).
2026-10-07 11:53:14.961 +03:00 [INF] Executing OkObjectResult, writing value of type 'CMS.Shared.DTOs.ApiResponse`1[[System.Collections.Generic.List`1[[CMS.Shared.DTOs.DoctorDto, CMS.Shared, Version=1.0.0.0, Culture=neutral, PublicKeyToken=null]], System.Private.CoreLib, Version=8.0.0.0, Culture=neutral, PublicKeyToken=7cec85d7bea7798e]]'.
2026-10-07 11:53:14.976 +03:00 [INF] Executing OkObjectResult, writing value of type 'CMS.Shared.DTOs.ApiResponse`1[[System.Object, System.Private.CoreLib, Version=8.0.0.0, Culture=neutral, PublicKeyToken=7cec85d7bea7798e]]'.
2026-10-07 11:53:14.985 +03:00 [INF] Executing OkObjectResult, writing value of type 'CMS.Shared.DTOs.ApiResponse`1[[System.Collections.Generic.List`1[[CMS.Shared.DTOs.DrugFormularyDto, CMS.Shared, Version=1.0.0.0, Culture=neutral, PublicKeyToken=null]], System.Private.CoreLib, Version=8.0.0.0, Culture=neutral, PublicKeyToken=7cec85d7bea7798e]]'.
2026-10-07 11:53:14.997 +03:00 [INF] Executing OkObjectResult, writing value of type 'CMS.Shared.DTOs.ApiResponse`1[[System.Collections.Generic.List`1[[CMS.Shared.DTOs.LabTestCatalogDto, CMS.Shared, Version=1.0.0.0, Culture=neutral, PublicKeyToken=null]], System.Private.CoreLib, Version=8.0.0.0, Culture=neutral, PublicKeyToken=7cec85d7bea7798e]]'.
2026-10-07 11:53:15.006 +03:00 [INF] Executed action CMS.API.Controllers.StaffController.GetDoctors (CMS.API) in 44.4823ms
2026-10-07 11:53:15.019 +03:00 [INF] Executed action CMS.API.Controllers.ServicesController.GetAllServices (CMS.API) in 42.4422ms
2026-10-07 11:53:15.029 +03:00 [INF] Executed action CMS.API.Controllers.LaboratoryController.GetCatalog (CMS.API) in 61.4475ms
2026-10-07 11:53:15.038 +03:00 [INF] Executed endpoint 'CMS.API.Controllers.StaffController.GetDoctors (CMS.API)'
2026-10-07 11:53:15.045 +03:00 [INF] Executing OkObjectResult, writing value of type 'CMS.Shared.DTOs.ApiResponse`1[[System.Object, System.Private.CoreLib, Version=8.0.0.0, Culture=neutral, PublicKeyToken=7cec85d7bea7798e]]'.
2026-10-07 11:53:15.047 +03:00 [INF] Executed endpoint 'CMS.API.Controllers.ServicesController.GetAllServices (CMS.API)'
2026-10-07 11:53:15.055 +03:00 [INF] Executed endpoint 'CMS.API.Controllers.LaboratoryController.GetCatalog (CMS.API)'
2026-10-07 11:53:15.060 +03:00 [INF] Request finished HTTP/1.1 GET http://127.0.0.1:5010/api/v1/staff/doctors - 200 null application/json; charset=utf-8 176.298ms
2026-10-07 11:53:15.066 +03:00 [INF] Executed action CMS.API.Controllers.TriageController.GetDoctorQueue (CMS.API) in 73.8918ms
2026-10-07 11:53:15.074 +03:00 [INF] Request finished HTTP/1.1 GET http://127.0.0.1:5010/api/v1/services?limit=1500 - 200 null application/json; charset=utf-8 190.3364ms
2026-10-07 11:53:15.079 +03:00 [INF] Request finished HTTP/1.1 GET http://127.0.0.1:5010/api/v1/lab/catalog - 200 null application/json; charset=utf-8 195.4878ms
2026-10-07 11:53:15.079 +03:00 [INF] Request starting HTTP/1.1 GET http://127.0.0.1:5010/api/v1/staff/doctors - application/json null
2026-10-07 11:53:15.077 +03:00 [INF] Executed action CMS.API.Controllers.PharmacyController.GetFormulary (CMS.API) in 92.1452ms
2026-10-07 11:53:15.092 +03:00 [INF] Request starting HTTP/1.1 GET http://127.0.0.1:5010/api/v1/services?limit=1500 - application/json null
2026-10-07 11:53:15.096 +03:00 [INF] Request starting HTTP/1.1 GET http://127.0.0.1:5010/api/v1/pharmacy/formulary - application/json null
2026-10-07 11:53:15.096 +03:00 [INF] Executed endpoint 'CMS.API.Controllers.TriageController.GetDoctorQueue (CMS.API)'
2026-10-07 11:53:15.115 +03:00 [INF] Executing OkObjectResult, writing value of type 'CMS.Shared.DTOs.ApiResponse`1[[System.Collections.Generic.List`1[[CMS.Shared.DTOs.InvoiceDto, CMS.Shared, Version=1.0.0.0, Culture=neutral, PublicKeyToken=null]], System.Private.CoreLib, Version=8.0.0.0, Culture=neutral, PublicKeyToken=7cec85d7bea7798e]]'.
2026-10-07 11:53:15.128 +03:00 [INF] Executing endpoint 'CMS.API.Controllers.StaffController.GetDoctors (CMS.API)'
2026-10-07 11:53:15.132 +03:00 [INF] Executed endpoint 'CMS.API.Controllers.PharmacyController.GetFormulary (CMS.API)'
2026-10-07 11:53:15.140 +03:00 [INF] Executing endpoint 'CMS.API.Controllers.ServicesController.GetAllServices (CMS.API)'
2026-10-07 11:53:15.148 +03:00 [INF] Executing endpoint 'CMS.API.Controllers.PharmacyController.GetFormulary (CMS.API)'
2026-10-07 11:53:15.151 +03:00 [INF] Request finished HTTP/1.1 GET http://127.0.0.1:5010/api/v1/triage/doctor/139?date=2026-10-07 - 200 null application/json; charset=utf-8 266.2479ms
2026-10-07 11:53:15.156 +03:00 [INF] Executed action CMS.API.Controllers.BillingController.GetInvoices (CMS.API) in 157.4061ms
2026-10-07 11:53:15.190 +03:00 [INF] Executed endpoint 'CMS.API.Controllers.BillingController.GetInvoices (CMS.API)'
2026-10-07 11:53:15.160 +03:00 [INF] Route matched with {action = "GetDoctors", controller = "Staff"}. Executing controller action with signature System.Threading.Tasks.Task`1[Microsoft.AspNetCore.Mvc.IActionResult] GetDoctors() on controller CMS.API.Controllers.StaffController (CMS.API).
2026-10-07 11:53:15.164 +03:00 [INF] Request finished HTTP/1.1 GET http://127.0.0.1:5010/api/v1/pharmacy/formulary - 200 null application/json; charset=utf-8 279.1078ms
2026-10-07 11:53:15.168 +03:00 [INF] Route matched with {action = "GetAllServices", controller = "Services"}. Executing controller action with signature System.Threading.Tasks.Task`1[Microsoft.AspNetCore.Mvc.IActionResult] GetAllServices(System.String, System.String, Int32) on controller CMS.API.Controllers.ServicesController (CMS.API).
2026-10-07 11:53:15.171 +03:00 [INF] Request starting HTTP/1.1 GET http://127.0.0.1:5010/api/v1/triage/doctor/139?date=2026-10-07 - application/json null
2026-10-07 11:53:15.172 +03:00 [INF] Route matched with {action = "GetFormulary", controller = "Pharmacy"}. Executing controller action with signature System.Threading.Tasks.Task`1[Microsoft.AspNetCore.Mvc.IActionResult] GetFormulary() on controller CMS.API.Controllers.PharmacyController (CMS.API).
2026-10-07 11:53:15.160 +03:00 [INF] Request starting HTTP/1.1 GET http://127.0.0.1:5010/api/v1/lab/catalog - application/json null
2026-10-07 11:53:15.205 +03:00 [INF] Request finished HTTP/1.1 GET http://127.0.0.1:5010/api/v1/billing/invoices?date=2026-10-07&limit=100 - 200 null application/json; charset=utf-8 319.6857ms
2026-10-07 11:53:15.212 +03:00 [INF] Executing OkObjectResult, writing value of type 'CMS.Shared.DTOs.ApiResponse`1[[System.Collections.Generic.List`1[[CMS.Shared.DTOs.DoctorDto, CMS.Shared, Version=1.0.0.0, Culture=neutral, PublicKeyToken=null]], System.Private.CoreLib, Version=8.0.0.0, Culture=neutral, PublicKeyToken=7cec85d7bea7798e]]'.
2026-10-07 11:53:15.213 +03:00 [INF] Request starting HTTP/1.1 GET http://127.0.0.1:5010/api/v1/billing/invoices?date=2026-10-07&limit=100 - application/json null
2026-10-07 11:53:15.228 +03:00 [INF] Executing OkObjectResult, writing value of type 'CMS.Shared.DTOs.ApiResponse`1[[System.Object, System.Private.CoreLib, Version=8.0.0.0, Culture=neutral, PublicKeyToken=7cec85d7bea7798e]]'.
2026-10-07 11:53:15.238 +03:00 [INF] Executing endpoint 'CMS.API.Controllers.TriageController.GetDoctorQueue (CMS.API)'
2026-10-07 11:53:15.244 +03:00 [INF] Executing OkObjectResult, writing value of type 'CMS.Shared.DTOs.ApiResponse`1[[System.Collections.Generic.List`1[[CMS.Shared.DTOs.DrugFormularyDto, CMS.Shared, Version=1.0.0.0, Culture=neutral, PublicKeyToken=null]], System.Private.CoreLib, Version=8.0.0.0, Culture=neutral, PublicKeyToken=7cec85d7bea7798e]]'.
2026-10-07 11:53:15.253 +03:00 [INF] Executing endpoint 'CMS.API.Controllers.LaboratoryController.GetCatalog (CMS.API)'
2026-10-07 11:53:15.266 +03:00 [INF] Executed action CMS.API.Controllers.StaffController.GetDoctors (CMS.API) in 54.5937ms
2026-10-07 11:53:15.274 +03:00 [INF] Executing endpoint 'CMS.API.Controllers.BillingController.GetInvoices (CMS.API)'
2026-10-07 11:53:15.281 +03:00 [INF] Route matched with {action = "GetDoctorQueue", controller = "Triage"}. Executing controller action with signature System.Threading.Tasks.Task`1[Microsoft.AspNetCore.Mvc.IActionResult] GetDoctorQueue(Int32, System.Nullable`1[System.DateTime]) on controller CMS.API.Controllers.TriageController (CMS.API).
2026-10-07 11:53:15.283 +03:00 [INF] Executed action CMS.API.Controllers.ServicesController.GetAllServices (CMS.API) in 55.3167ms
2026-10-07 11:53:15.289 +03:00 [INF] Route matched with {action = "GetCatalog", controller = "Laboratory"}. Executing controller action with signature System.Threading.Tasks.Task`1[Microsoft.AspNetCore.Mvc.IActionResult] GetCatalog() on controller CMS.API.Controllers.LaboratoryController (CMS.API).
2026-10-07 11:53:15.294 +03:00 [INF] Executed endpoint 'CMS.API.Controllers.StaffController.GetDoctors (CMS.API)'
2026-10-07 11:53:15.300 +03:00 [INF] Route matched with {action = "GetInvoices", controller = "Billing"}. Executing controller action with signature System.Threading.Tasks.Task`1[Microsoft.AspNetCore.Mvc.IActionResult] GetInvoices(Int32, System.Nullable`1[System.Int32], System.Nullable`1[System.DateTime], System.Nullable`1[System.DateTime], System.Nullable`1[System.DateTime]) on controller CMS.API.Controllers.BillingController (CMS.API).
2026-10-07 11:53:15.309 +03:00 [INF] Executing OkObjectResult, writing value of type 'CMS.Shared.DTOs.ApiResponse`1[[System.Object, System.Private.CoreLib, Version=8.0.0.0, Culture=neutral, PublicKeyToken=7cec85d7bea7798e]]'.
2026-10-07 11:53:15.311 +03:00 [INF] Executed endpoint 'CMS.API.Controllers.ServicesController.GetAllServices (CMS.API)'
2026-10-07 11:53:15.320 +03:00 [INF] Executed action CMS.API.Controllers.PharmacyController.GetFormulary (CMS.API) in 76.1211ms
2026-10-07 11:53:15.322 +03:00 [INF] Request finished HTTP/1.1 GET http://127.0.0.1:5010/api/v1/staff/doctors - 200 null application/json; charset=utf-8 242.4463ms
2026-10-07 11:53:15.322 +03:00 [INF] Executing OkObjectResult, writing value of type 'CMS.Shared.DTOs.ApiResponse`1[[System.Collections.Generic.List`1[[CMS.Shared.DTOs.LabTestCatalogDto, CMS.Shared, Version=1.0.0.0, Culture=neutral, PublicKeyToken=null]], System.Private.CoreLib, Version=8.0.0.0, Culture=neutral, PublicKeyToken=7cec85d7bea7798e]]'.
2026-10-07 11:53:15.333 +03:00 [INF] Request starting HTTP/1.1 GET http://127.0.0.1:5010/api/v1/encounters/patient/174495 - application/json null
2026-10-07 11:53:15.333 +03:00 [INF] Executed action CMS.API.Controllers.TriageController.GetDoctorQueue (CMS.API) in 27.1021ms
2026-10-07 11:53:15.337 +03:00 [INF] Request finished HTTP/1.1 GET http://127.0.0.1:5010/api/v1/services?limit=1500 - 200 null application/json; charset=utf-8 245.3628ms
2026-10-07 11:53:15.341 +03:00 [INF] Executed endpoint 'CMS.API.Controllers.PharmacyController.GetFormulary (CMS.API)'
2026-10-07 11:53:15.341 +03:00 [INF] Executing OkObjectResult, writing value of type 'CMS.Shared.DTOs.ApiResponse`1[[System.Collections.Generic.List`1[[CMS.Shared.DTOs.InvoiceDto, CMS.Shared, Version=1.0.0.0, Culture=neutral, PublicKeyToken=null]], System.Private.CoreLib, Version=8.0.0.0, Culture=neutral, PublicKeyToken=7cec85d7bea7798e]]'.
2026-10-07 11:53:15.343 +03:00 [INF] Request starting HTTP/1.1 GET http://127.0.0.1:5010/api/v1/medicalcertificates/patient/174495 - application/json null
2026-10-07 11:53:15.355 +03:00 [INF] Executed action CMS.API.Controllers.LaboratoryController.GetCatalog (CMS.API) in 37.1685ms
2026-10-07 11:53:15.363 +03:00 [INF] Executing endpoint 'CMS.API.Controllers.EncountersController.GetPatientEncounters (CMS.API)'
2026-10-07 11:53:15.366 +03:00 [INF] Executed endpoint 'CMS.API.Controllers.TriageController.GetDoctorQueue (CMS.API)'
2026-10-07 11:53:15.379 +03:00 [INF] Request finished HTTP/1.1 GET http://127.0.0.1:5010/api/v1/pharmacy/formulary - 200 null application/json; charset=utf-8 282.7397ms
2026-10-07 11:53:15.383 +03:00 [INF] Executed action CMS.API.Controllers.BillingController.GetInvoices (CMS.API) in 54.7362ms
2026-10-07 11:53:15.385 +03:00 [INF] Request starting HTTP/1.1 GET http://127.0.0.1:5010/api/v1/triage/patient/174495/latest - application/json null
2026-10-07 11:53:15.391 +03:00 [INF] Executing endpoint 'CMS.API.Controllers.MedicalCertificatesController.GetPatientCertificates (CMS.API)'
2026-10-07 11:53:15.395 +03:00 [INF] Executed endpoint 'CMS.API.Controllers.LaboratoryController.GetCatalog (CMS.API)'
2026-10-07 11:53:15.398 +03:00 [INF] Route matched with {action = "GetPatientEncounters", controller = "Encounters"}. Executing controller action with signature System.Threading.Tasks.Task`1[Microsoft.AspNetCore.Mvc.IActionResult] GetPatientEncounters(Int32) on controller CMS.API.Controllers.EncountersController (CMS.API).
2026-10-07 11:53:15.401 +03:00 [INF] Request finished HTTP/1.1 GET http://127.0.0.1:5010/api/v1/triage/doctor/139?date=2026-10-07 - 200 null application/json; charset=utf-8 229.22ms
2026-10-07 11:53:15.416 +03:00 [INF] Executed endpoint 'CMS.API.Controllers.BillingController.GetInvoices (CMS.API)'
2026-10-07 11:53:15.425 +03:00 [INF] Executing endpoint 'CMS.API.Controllers.TriageController.GetLatestPatientVitals (CMS.API)'
2026-10-07 11:53:15.429 +03:00 [INF] Route matched with {action = "GetPatientCertificates", controller = "MedicalCertificates"}. Executing controller action with signature System.Threading.Tasks.Task`1[Microsoft.AspNetCore.Mvc.IActionResult] GetPatientCertificates(Int32) on controller CMS.API.Controllers.MedicalCertificatesController (CMS.API).
2026-10-07 11:53:15.434 +03:00 [INF] Request finished HTTP/1.1 GET http://127.0.0.1:5010/api/v1/lab/catalog - 200 null application/json; charset=utf-8 273.2112ms
2026-10-07 11:53:15.458 +03:00 [INF] Request finished HTTP/1.1 GET http://127.0.0.1:5010/api/v1/billing/invoices?date=2026-10-07&limit=100 - 200 null application/json; charset=utf-8 245.1882ms
2026-10-07 11:53:15.462 +03:00 [INF] Route matched with {action = "GetLatestPatientVitals", controller = "Triage"}. Executing controller action with signature System.Threading.Tasks.Task`1[Microsoft.AspNetCore.Mvc.IActionResult] GetLatestPatientVitals(Int32) on controller CMS.API.Controllers.TriageController (CMS.API).
2026-10-07 11:53:15.499 +03:00 [INF] Executing OkObjectResult, writing value of type 'CMS.Shared.DTOs.ApiResponse`1[[System.Collections.Generic.List`1[[CMS.Shared.DTOs.MedicalCertificateDto, CMS.Shared, Version=1.0.0.0, Culture=neutral, PublicKeyToken=null]], System.Private.CoreLib, Version=8.0.0.0, Culture=neutral, PublicKeyToken=7cec85d7bea7798e]]'.
2026-10-07 11:53:15.508 +03:00 [INF] Executed action CMS.API.Controllers.MedicalCertificatesController.GetPatientCertificates (CMS.API) in 39.522ms
2026-10-07 11:53:15.515 +03:00 [INF] Executed endpoint 'CMS.API.Controllers.MedicalCertificatesController.GetPatientCertificates (CMS.API)'
2026-10-07 11:53:15.516 +03:00 [INF] Request starting HTTP/1.1 GET http://127.0.0.1:5010/api/v1/medicalcertificates/patient/174495 - application/json null
2026-10-07 11:53:15.522 +03:00 [INF] Executing OkObjectResult, writing value of type 'CMS.Shared.DTOs.ApiResponse`1[[CMS.Shared.DTOs.TriageDto, CMS.Shared, Version=1.0.0.0, Culture=neutral, PublicKeyToken=null]]'.
2026-10-07 11:53:15.522 +03:00 [INF] Request finished HTTP/1.1 GET http://127.0.0.1:5010/api/v1/medicalcertificates/patient/174495 - 200 null application/json; charset=utf-8 178.9599ms
2026-10-07 11:53:15.530 +03:00 [INF] Executing endpoint 'CMS.API.Controllers.MedicalCertificatesController.GetPatientCertificates (CMS.API)'
2026-10-07 11:53:15.536 +03:00 [INF] Executed action CMS.API.Controllers.TriageController.GetLatestPatientVitals (CMS.API) in 41.22ms
2026-10-07 11:53:15.542 +03:00 [INF] Request starting HTTP/1.1 GET http://127.0.0.1:5010/api/v1/triage/patient/174495/latest - application/json null
2026-10-07 11:53:15.549 +03:00 [INF] Route matched with {action = "GetPatientCertificates", controller = "MedicalCertificates"}. Executing controller action with signature System.Threading.Tasks.Task`1[Microsoft.AspNetCore.Mvc.IActionResult] GetPatientCertificates(Int32) on controller CMS.API.Controllers.MedicalCertificatesController (CMS.API).
2026-10-07 11:53:15.551 +03:00 [INF] Executing OkObjectResult, writing value of type 'CMS.Shared.DTOs.ApiResponse`1[[System.Collections.Generic.List`1[[CMS.Shared.DTOs.EncounterDto, CMS.Shared, Version=1.0.0.0, Culture=neutral, PublicKeyToken=null]], System.Private.CoreLib, Version=8.0.0.0, Culture=neutral, PublicKeyToken=7cec85d7bea7798e]]'.
2026-10-07 11:53:15.553 +03:00 [INF] Executed endpoint 'CMS.API.Controllers.TriageController.GetLatestPatientVitals (CMS.API)'
2026-10-07 11:53:15.560 +03:00 [INF] Executing endpoint 'CMS.API.Controllers.TriageController.GetLatestPatientVitals (CMS.API)'
2026-10-07 11:53:15.566 +03:00 [INF] Executing OkObjectResult, writing value of type 'CMS.Shared.DTOs.ApiResponse`1[[System.Collections.Generic.List`1[[CMS.Shared.DTOs.MedicalCertificateDto, CMS.Shared, Version=1.0.0.0, Culture=neutral, PublicKeyToken=null]], System.Private.CoreLib, Version=8.0.0.0, Culture=neutral, PublicKeyToken=7cec85d7bea7798e]]'.
2026-10-07 11:53:15.569 +03:00 [INF] Executed action CMS.API.Controllers.EncountersController.GetPatientEncounters (CMS.API) in 126.9415ms
2026-10-07 11:53:15.573 +03:00 [INF] Request finished HTTP/1.1 GET http://127.0.0.1:5010/api/v1/triage/patient/174495/latest - 200 null application/json; charset=utf-8 187.5058ms
2026-10-07 11:53:15.576 +03:00 [INF] Route matched with {action = "GetLatestPatientVitals", controller = "Triage"}. Executing controller action with signature System.Threading.Tasks.Task`1[Microsoft.AspNetCore.Mvc.IActionResult] GetLatestPatientVitals(Int32) on controller CMS.API.Controllers.TriageController (CMS.API).
2026-10-07 11:53:15.577 +03:00 [INF] Request starting HTTP/1.1 GET http://127.0.0.1:5010/api/v1/encounters/patient/174495 - application/json null
2026-10-07 11:53:15.581 +03:00 [INF] Executed action CMS.API.Controllers.MedicalCertificatesController.GetPatientCertificates (CMS.API) in 16.6408ms
2026-10-07 11:53:15.585 +03:00 [INF] Executed endpoint 'CMS.API.Controllers.EncountersController.GetPatientEncounters (CMS.API)'
2026-10-07 11:53:15.600 +03:00 [INF] Executing OkObjectResult, writing value of type 'CMS.Shared.DTOs.ApiResponse`1[[CMS.Shared.DTOs.TriageDto, CMS.Shared, Version=1.0.0.0, Culture=neutral, PublicKeyToken=null]]'.
2026-10-07 11:53:15.605 +03:00 [INF] Executing endpoint 'CMS.API.Controllers.EncountersController.GetPatientEncounters (CMS.API)'
2026-10-07 11:53:15.609 +03:00 [INF] Executed endpoint 'CMS.API.Controllers.MedicalCertificatesController.GetPatientCertificates (CMS.API)'
2026-10-07 11:53:15.613 +03:00 [INF] Request finished HTTP/1.1 GET http://127.0.0.1:5010/api/v1/encounters/patient/174495 - 200 null application/json; charset=utf-8 279.4383ms
2026-10-07 11:53:15.618 +03:00 [INF] Executed action CMS.API.Controllers.TriageController.GetLatestPatientVitals (CMS.API) in 19.6938ms
2026-10-07 11:53:15.621 +03:00 [INF] Route matched with {action = "GetPatientEncounters", controller = "Encounters"}. Executing controller action with signature System.Threading.Tasks.Task`1[Microsoft.AspNetCore.Mvc.IActionResult] GetPatientEncounters(Int32) on controller CMS.API.Controllers.EncountersController (CMS.API).
2026-10-07 11:53:15.624 +03:00 [INF] Request finished HTTP/1.1 GET http://127.0.0.1:5010/api/v1/medicalcertificates/patient/174495 - 200 null application/json; charset=utf-8 107.4664ms
2026-10-07 11:53:15.639 +03:00 [INF] Executed endpoint 'CMS.API.Controllers.TriageController.GetLatestPatientVitals (CMS.API)'
2026-10-07 11:53:15.647 +03:00 [INF] Executing OkObjectResult, writing value of type 'CMS.Shared.DTOs.ApiResponse`1[[System.Collections.Generic.List`1[[CMS.Shared.DTOs.EncounterDto, CMS.Shared, Version=1.0.0.0, Culture=neutral, PublicKeyToken=null]], System.Private.CoreLib, Version=8.0.0.0, Culture=neutral, PublicKeyToken=7cec85d7bea7798e]]'.
2026-10-07 11:53:15.660 +03:00 [INF] Request finished HTTP/1.1 GET http://127.0.0.1:5010/api/v1/triage/patient/174495/latest - 200 null application/json; charset=utf-8 117.747ms
2026-10-07 11:53:15.665 +03:00 [INF] Executed action CMS.API.Controllers.EncountersController.GetPatientEncounters (CMS.API) in 20.141ms
2026-10-07 11:53:15.681 +03:00 [INF] Executed endpoint 'CMS.API.Controllers.EncountersController.GetPatientEncounters (CMS.API)'
2026-10-07 11:53:15.684 +03:00 [INF] Request finished HTTP/1.1 GET http://127.0.0.1:5010/api/v1/encounters/patient/174495 - 200 null application/json; charset=utf-8 107.0749ms
2026-10-07 11:53:49.307 +03:00 [INF] Request starting HTTP/1.1 GET http://127.0.0.1:5010/api/v1/notifications - application/json null
2026-10-07 11:53:49.318 +03:00 [INF] Executing endpoint 'CMS.API.Controllers.NotificationsController.GetNotifications (CMS.API)'
2026-10-07 11:53:49.321 +03:00 [INF] Route matched with {action = "GetNotifications", controller = "Notifications"}. Executing controller action with signature System.Threading.Tasks.Task`1[Microsoft.AspNetCore.Mvc.IActionResult] GetNotifications(System.Nullable`1[System.Int32], System.String) on controller CMS.API.Controllers.NotificationsController (CMS.API).
2026-10-07 11:53:49.342 +03:00 [INF] Executing OkObjectResult, writing value of type 'CMS.Shared.DTOs.ApiResponse`1[[System.Collections.Generic.List`1[[CMS.Shared.DTOs.NotificationItemDto, CMS.Shared, Version=1.0.0.0, Culture=neutral, PublicKeyToken=null]], System.Private.CoreLib, Version=8.0.0.0, Culture=neutral, PublicKeyToken=7cec85d7bea7798e]]'.
2026-10-07 11:53:49.347 +03:00 [INF] Executed action CMS.API.Controllers.NotificationsController.GetNotifications (CMS.API) in 19.1018ms
2026-10-07 11:53:49.353 +03:00 [INF] Executed endpoint 'CMS.API.Controllers.NotificationsController.GetNotifications (CMS.API)'
2026-10-07 11:53:49.356 +03:00 [INF] Request finished HTTP/1.1 GET http://127.0.0.1:5010/api/v1/notifications - 200 null application/json; charset=utf-8 49.4319ms
2026-10-07 11:54:49.303 +03:00 [INF] Request starting HTTP/1.1 GET http://127.0.0.1:5010/api/v1/notifications - application/json null
2026-10-07 11:54:49.314 +03:00 [INF] Executing endpoint 'CMS.API.Controllers.NotificationsController.GetNotifications (CMS.API)'
2026-10-07 11:54:49.317 +03:00 [INF] Route matched with {action = "GetNotifications", controller = "Notifications"}. Executing controller action with signature System.Threading.Tasks.Task`1[Microsoft.AspNetCore.Mvc.IActionResult] GetNotifications(System.Nullable`1[System.Int32], System.String) on controller CMS.API.Controllers.NotificationsController (CMS.API).
2026-10-07 11:54:49.354 +03:00 [INF] Executing OkObjectResult, writing value of type 'CMS.Shared.DTOs.ApiResponse`1[[System.Collections.Generic.List`1[[CMS.Shared.DTOs.NotificationItemDto, CMS.Shared, Version=1.0.0.0, Culture=neutral, PublicKeyToken=null]], System.Private.CoreLib, Version=8.0.0.0, Culture=neutral, PublicKeyToken=7cec85d7bea7798e]]'.
2026-10-07 11:54:49.360 +03:00 [INF] Executed action CMS.API.Controllers.NotificationsController.GetNotifications (CMS.API) in 37.4003ms
2026-10-07 11:54:49.365 +03:00 [INF] Executed endpoint 'CMS.API.Controllers.NotificationsController.GetNotifications (CMS.API)'
2026-10-07 11:54:49.369 +03:00 [INF] Request finished HTTP/1.1 GET http://127.0.0.1:5010/api/v1/notifications - 200 null application/json; charset=utf-8 65.7429ms
2026-10-07 11:55:04.329 +03:00 [INF] Request starting HTTP/1.1 GET http://127.0.0.1:5010/api/v1/billing/invoices?limit=1000&fromDate=2026-10-07&toDate=2026-10-07 - application/json null
2026-10-07 11:55:04.330 +03:00 [INF] Request starting HTTP/1.1 GET http://127.0.0.1:5010/api/v1/billing/stats?fromDate=2026-10-07&toDate=2026-10-07 - application/json null
2026-10-07 11:55:04.332 +03:00 [INF] Request starting HTTP/1.1 GET http://127.0.0.1:5010/api/v1/patients/search - application/json null
2026-10-07 11:55:04.342 +03:00 [INF] Executing endpoint 'CMS.API.Controllers.BillingController.GetInvoices (CMS.API)'
2026-10-07 11:55:04.343 +03:00 [INF] Request starting HTTP/1.1 GET http://127.0.0.1:5010/api/v1/settings - application/json null
2026-10-07 11:55:04.343 +03:00 [INF] Request starting HTTP/1.1 GET http://127.0.0.1:5010/api/v1/billing/insurance/claims - application/json null
2026-10-07 11:55:04.344 +03:00 [INF] Request starting HTTP/1.1 GET http://127.0.0.1:5010/api/v1/billing/insurance/providers - application/json null
2026-10-07 11:55:04.351 +03:00 [INF] Executing endpoint 'CMS.API.Controllers.BillingController.GetBillingStats (CMS.API)'
2026-10-07 11:55:04.360 +03:00 [INF] Executing endpoint 'CMS.API.Controllers.PatientsController.Search (CMS.API)'
2026-10-07 11:55:04.363 +03:00 [INF] Route matched with {action = "GetInvoices", controller = "Billing"}. Executing controller action with signature System.Threading.Tasks.Task`1[Microsoft.AspNetCore.Mvc.IActionResult] GetInvoices(Int32, System.Nullable`1[System.Int32], System.Nullable`1[System.DateTime], System.Nullable`1[System.DateTime], System.Nullable`1[System.DateTime]) on controller CMS.API.Controllers.BillingController (CMS.API).
2026-10-07 11:55:04.372 +03:00 [INF] Executing endpoint 'CMS.API.Controllers.SettingsController.GetSettings (CMS.API)'
2026-10-07 11:55:04.381 +03:00 [INF] Executing endpoint 'CMS.API.Controllers.BillingController.GetInsuranceClaims (CMS.API)'
2026-10-07 11:55:04.389 +03:00 [INF] Executing endpoint 'CMS.API.Controllers.BillingController.GetInsuranceProviders (CMS.API)'
2026-10-07 11:55:04.392 +03:00 [INF] Route matched with {action = "GetBillingStats", controller = "Billing"}. Executing controller action with signature System.Threading.Tasks.Task`1[Microsoft.AspNetCore.Mvc.IActionResult] GetBillingStats(System.Nullable`1[System.DateTime], System.Nullable`1[System.DateTime]) on controller CMS.API.Controllers.BillingController (CMS.API).
2026-10-07 11:55:04.396 +03:00 [INF] Route matched with {action = "Search", controller = "Patients"}. Executing controller action with signature System.Threading.Tasks.Task`1[Microsoft.AspNetCore.Mvc.IActionResult] Search(System.String, Int32, Int32) on controller CMS.API.Controllers.PatientsController (CMS.API).
2026-10-07 11:55:04.407 +03:00 [INF] Route matched with {action = "GetSettings", controller = "Settings"}. Executing controller action with signature System.Threading.Tasks.Task`1[Microsoft.AspNetCore.Mvc.IActionResult] GetSettings() on controller CMS.API.Controllers.SettingsController (CMS.API).
2026-10-07 11:55:04.410 +03:00 [INF] Route matched with {action = "GetInsuranceClaims", controller = "Billing"}. Executing controller action with signature System.Threading.Tasks.Task`1[Microsoft.AspNetCore.Mvc.IActionResult] GetInsuranceClaims() on controller CMS.API.Controllers.BillingController (CMS.API).
2026-10-07 11:55:04.414 +03:00 [INF] Route matched with {action = "GetInsuranceProviders", controller = "Billing"}. Executing controller action with signature System.Threading.Tasks.Task`1[Microsoft.AspNetCore.Mvc.IActionResult] GetInsuranceProviders() on controller CMS.API.Controllers.BillingController (CMS.API).
2026-10-07 11:55:04.455 +03:00 [INF] Executing OkObjectResult, writing value of type 'CMS.Shared.DTOs.ApiResponse`1[[System.Collections.Generic.List`1[[CMS.Shared.DTOs.ClinicSettingDto, CMS.Shared, Version=1.0.0.0, Culture=neutral, PublicKeyToken=null]], System.Private.CoreLib, Version=8.0.0.0, Culture=neutral, PublicKeyToken=7cec85d7bea7798e]]'.
2026-10-07 11:55:04.460 +03:00 [INF] Executing OkObjectResult, writing value of type 'CMS.Shared.DTOs.ApiResponse`1[[System.Collections.Generic.List`1[[CMS.Shared.DTOs.PatientDto, CMS.Shared, Version=1.0.0.0, Culture=neutral, PublicKeyToken=null]], System.Private.CoreLib, Version=8.0.0.0, Culture=neutral, PublicKeyToken=7cec85d7bea7798e]]'.
2026-10-07 11:55:04.461 +03:00 [INF] Executed action CMS.API.Controllers.SettingsController.GetSettings (CMS.API) in 25.1263ms
2026-10-07 11:55:04.468 +03:00 [INF] Executed action CMS.API.Controllers.PatientsController.Search (CMS.API) in 41.2025ms
2026-10-07 11:55:04.472 +03:00 [INF] Executed endpoint 'CMS.API.Controllers.SettingsController.GetSettings (CMS.API)'
2026-10-07 11:55:04.475 +03:00 [INF] Executing OkObjectResult, writing value of type 'CMS.Shared.DTOs.ApiResponse`1[[CMS.Shared.DTOs.BillingStatsDto, CMS.Shared, Version=1.0.0.0, Culture=neutral, PublicKeyToken=null]]'.
2026-10-07 11:55:04.476 +03:00 [INF] Executing OkObjectResult, writing value of type 'CMS.Shared.DTOs.ApiResponse`1[[System.Collections.Generic.List`1[[CMS.Shared.DTOs.InsuranceProviderDto, CMS.Shared, Version=1.0.0.0, Culture=neutral, PublicKeyToken=null]], System.Private.CoreLib, Version=8.0.0.0, Culture=neutral, PublicKeyToken=7cec85d7bea7798e]]'.
2026-10-07 11:55:04.477 +03:00 [INF] Executed endpoint 'CMS.API.Controllers.PatientsController.Search (CMS.API)'
2026-10-07 11:55:04.486 +03:00 [INF] Executed action CMS.API.Controllers.BillingController.GetBillingStats (CMS.API) in 65.3014ms
2026-10-07 11:55:04.481 +03:00 [INF] Request finished HTTP/1.1 GET http://127.0.0.1:5010/api/v1/settings - 200 null application/json; charset=utf-8 137.8ms
2026-10-07 11:55:04.490 +03:00 [INF] Executed action CMS.API.Controllers.BillingController.GetInsuranceProviders (CMS.API) in 37.1317ms
2026-10-07 11:55:04.494 +03:00 [INF] Request finished HTTP/1.1 GET http://127.0.0.1:5010/api/v1/patients/search - 200 null application/json; charset=utf-8 161.9769ms
2026-10-07 11:55:04.495 +03:00 [INF] Executing OkObjectResult, writing value of type 'CMS.Shared.DTOs.ApiResponse`1[[System.Collections.Generic.List`1[[CMS.Shared.DTOs.InvoiceDto, CMS.Shared, Version=1.0.0.0, Culture=neutral, PublicKeyToken=null]], System.Private.CoreLib, Version=8.0.0.0, Culture=neutral, PublicKeyToken=7cec85d7bea7798e]]'.
2026-10-07 11:55:04.500 +03:00 [INF] Executed endpoint 'CMS.API.Controllers.BillingController.GetBillingStats (CMS.API)'
2026-10-07 11:55:04.488 +03:00 [INF] Request starting HTTP/1.1 GET http://127.0.0.1:5010/api/v1/settings - application/json null
2026-10-07 11:55:04.503 +03:00 [INF] Request starting HTTP/1.1 GET http://127.0.0.1:5010/api/v1/patients/search - application/json null
2026-10-07 11:55:04.510 +03:00 [INF] Executing OkObjectResult, writing value of type 'CMS.Shared.DTOs.ApiResponse`1[[System.Collections.Generic.List`1[[CMS.Shared.DTOs.InsuranceClaimDto, CMS.Shared, Version=1.0.0.0, Culture=neutral, PublicKeyToken=null]], System.Private.CoreLib, Version=8.0.0.0, Culture=neutral, PublicKeyToken=7cec85d7bea7798e]]'.
2026-10-07 11:55:04.514 +03:00 [INF] Executed endpoint 'CMS.API.Controllers.BillingController.GetInsuranceProviders (CMS.API)'
2026-10-07 11:55:04.529 +03:00 [INF] Executed action CMS.API.Controllers.BillingController.GetInvoices (CMS.API) in 126.7366ms
2026-10-07 11:55:04.533 +03:00 [INF] Request finished HTTP/1.1 GET http://127.0.0.1:5010/api/v1/billing/stats?fromDate=2026-10-07&toDate=2026-10-07 - 200 null application/json; charset=utf-8 202.6506ms
2026-10-07 11:55:04.542 +03:00 [INF] Executing endpoint 'CMS.API.Controllers.SettingsController.GetSettings (CMS.API)'
2026-10-07 11:55:04.549 +03:00 [INF] Executing endpoint 'CMS.API.Controllers.PatientsController.Search (CMS.API)'
2026-10-07 11:55:04.552 +03:00 [INF] Executed action CMS.API.Controllers.BillingController.GetInsuranceClaims (CMS.API) in 109.1004ms
2026-10-07 11:55:04.556 +03:00 [INF] Request finished HTTP/1.1 GET http://127.0.0.1:5010/api/v1/billing/insurance/providers - 200 null application/json; charset=utf-8 212.121ms
2026-10-07 11:55:04.561 +03:00 [INF] Executed endpoint 'CMS.API.Controllers.BillingController.GetInvoices (CMS.API)'
2026-10-07 11:55:04.540 +03:00 [INF] Request starting HTTP/1.1 GET http://127.0.0.1:5010/api/v1/billing/stats?fromDate=2026-10-07&toDate=2026-10-07 - application/json null
2026-10-07 11:55:04.575 +03:00 [INF] Route matched with {action = "GetSettings", controller = "Settings"}. Executing controller action with signature System.Threading.Tasks.Task`1[Microsoft.AspNetCore.Mvc.IActionResult] GetSettings() on controller CMS.API.Controllers.SettingsController (CMS.API).
2026-10-07 11:55:04.578 +03:00 [INF] Route matched with {action = "Search", controller = "Patients"}. Executing controller action with signature System.Threading.Tasks.Task`1[Microsoft.AspNetCore.Mvc.IActionResult] Search(System.String, Int32, Int32) on controller CMS.API.Controllers.PatientsController (CMS.API).
2026-10-07 11:55:04.582 +03:00 [INF] Executed endpoint 'CMS.API.Controllers.BillingController.GetInsuranceClaims (CMS.API)'
2026-10-07 11:55:04.596 +03:00 [INF] Request finished HTTP/1.1 GET http://127.0.0.1:5010/api/v1/billing/invoices?limit=1000&fromDate=2026-10-07&toDate=2026-10-07 - 200 null application/json; charset=utf-8 267.4697ms
2026-10-07 11:55:04.563 +03:00 [INF] Request starting HTTP/1.1 GET http://127.0.0.1:5010/api/v1/billing/insurance/providers - application/json null
2026-10-07 11:55:04.604 +03:00 [INF] Request starting HTTP/1.1 GET http://127.0.0.1:5010/api/v1/billing/invoices?limit=1000&fromDate=2026-10-07&toDate=2026-10-07 - application/json null
2026-10-07 11:55:04.607 +03:00 [INF] Executing endpoint 'CMS.API.Controllers.BillingController.GetBillingStats (CMS.API)'
2026-10-07 11:55:04.616 +03:00 [INF] Executing OkObjectResult, writing value of type 'CMS.Shared.DTOs.ApiResponse`1[[System.Collections.Generic.List`1[[CMS.Shared.DTOs.ClinicSettingDto, CMS.Shared, Version=1.0.0.0, Culture=neutral, PublicKeyToken=null]], System.Private.CoreLib, Version=8.0.0.0, Culture=neutral, PublicKeyToken=7cec85d7bea7798e]]'.
2026-10-07 11:55:04.621 +03:00 [INF] Executing OkObjectResult, writing value of type 'CMS.Shared.DTOs.ApiResponse`1[[System.Collections.Generic.List`1[[CMS.Shared.DTOs.PatientDto, CMS.Shared, Version=1.0.0.0, Culture=neutral, PublicKeyToken=null]], System.Private.CoreLib, Version=8.0.0.0, Culture=neutral, PublicKeyToken=7cec85d7bea7798e]]'.
2026-10-07 11:55:04.624 +03:00 [INF] Request finished HTTP/1.1 GET http://127.0.0.1:5010/api/v1/billing/insurance/claims - 200 null application/json; charset=utf-8 281.223ms
2026-10-07 11:55:04.632 +03:00 [INF] Request starting HTTP/1.1 GET http://127.0.0.1:5010/api/v1/billing/insurance/claims - application/json null
2026-10-07 11:55:04.646 +03:00 [INF] Executing endpoint 'CMS.API.Controllers.BillingController.GetInsuranceProviders (CMS.API)'
2026-10-07 11:55:04.655 +03:00 [INF] Executing endpoint 'CMS.API.Controllers.BillingController.GetInvoices (CMS.API)'
2026-10-07 11:55:04.659 +03:00 [INF] Route matched with {action = "GetBillingStats", controller = "Billing"}. Executing controller action with signature System.Threading.Tasks.Task`1[Microsoft.AspNetCore.Mvc.IActionResult] GetBillingStats(System.Nullable`1[System.DateTime], System.Nullable`1[System.DateTime]) on controller CMS.API.Controllers.BillingController (CMS.API).
2026-10-07 11:55:04.665 +03:00 [INF] Executed action CMS.API.Controllers.SettingsController.GetSettings (CMS.API) in 51.176ms
2026-10-07 11:55:04.672 +03:00 [INF] Executed action CMS.API.Controllers.PatientsController.Search (CMS.API) in 51.3854ms
2026-10-07 11:55:04.702 +03:00 [INF] Executing endpoint 'CMS.API.Controllers.BillingController.GetInsuranceClaims (CMS.API)'
2026-10-07 11:55:04.706 +03:00 [INF] Route matched with {action = "GetInsuranceProviders", controller = "Billing"}. Executing controller action with signature System.Threading.Tasks.Task`1[Microsoft.AspNetCore.Mvc.IActionResult] GetInsuranceProviders() on controller CMS.API.Controllers.BillingController (CMS.API).
2026-10-07 11:55:04.710 +03:00 [INF] Route matched with {action = "GetInvoices", controller = "Billing"}. Executing controller action with signature System.Threading.Tasks.Task`1[Microsoft.AspNetCore.Mvc.IActionResult] GetInvoices(Int32, System.Nullable`1[System.Int32], System.Nullable`1[System.DateTime], System.Nullable`1[System.DateTime], System.Nullable`1[System.DateTime]) on controller CMS.API.Controllers.BillingController (CMS.API).
2026-10-07 11:55:04.724 +03:00 [INF] Executed endpoint 'CMS.API.Controllers.SettingsController.GetSettings (CMS.API)'
2026-10-07 11:55:04.731 +03:00 [INF] Executed endpoint 'CMS.API.Controllers.PatientsController.Search (CMS.API)'
2026-10-07 11:55:04.732 +03:00 [INF] Executing OkObjectResult, writing value of type 'CMS.Shared.DTOs.ApiResponse`1[[CMS.Shared.DTOs.BillingStatsDto, CMS.Shared, Version=1.0.0.0, Culture=neutral, PublicKeyToken=null]]'.
2026-10-07 11:55:04.735 +03:00 [INF] Route matched with {action = "GetInsuranceClaims", controller = "Billing"}. Executing controller action with signature System.Threading.Tasks.Task`1[Microsoft.AspNetCore.Mvc.IActionResult] GetInsuranceClaims() on controller CMS.API.Controllers.BillingController (CMS.API).
2026-10-07 11:55:04.743 +03:00 [INF] Executing OkObjectResult, writing value of type 'CMS.Shared.DTOs.ApiResponse`1[[System.Collections.Generic.List`1[[CMS.Shared.DTOs.InsuranceProviderDto, CMS.Shared, Version=1.0.0.0, Culture=neutral, PublicKeyToken=null]], System.Private.CoreLib, Version=8.0.0.0, Culture=neutral, PublicKeyToken=7cec85d7bea7798e]]'.
2026-10-07 11:55:04.753 +03:00 [INF] Request finished HTTP/1.1 GET http://127.0.0.1:5010/api/v1/settings - 200 null application/json; charset=utf-8 265.3865ms
2026-10-07 11:55:04.757 +03:00 [INF] Request finished HTTP/1.1 GET http://127.0.0.1:5010/api/v1/patients/search - 200 null application/json; charset=utf-8 254.1237ms
2026-10-07 11:55:04.765 +03:00 [INF] Executed action CMS.API.Controllers.BillingController.GetBillingStats (CMS.API) in 46.7323ms
2026-10-07 11:55:04.773 +03:00 [INF] Executing OkObjectResult, writing value of type 'CMS.Shared.DTOs.ApiResponse`1[[System.Collections.Generic.List`1[[CMS.Shared.DTOs.InvoiceDto, CMS.Shared, Version=1.0.0.0, Culture=neutral, PublicKeyToken=null]], System.Private.CoreLib, Version=8.0.0.0, Culture=neutral, PublicKeyToken=7cec85d7bea7798e]]'.
2026-10-07 11:55:04.778 +03:00 [INF] Executed action CMS.API.Controllers.BillingController.GetInsuranceProviders (CMS.API) in 36.358ms
2026-10-07 11:55:04.804 +03:00 [INF] Executed endpoint 'CMS.API.Controllers.BillingController.GetBillingStats (CMS.API)'
2026-10-07 11:55:04.805 +03:00 [INF] Executing OkObjectResult, writing value of type 'CMS.Shared.DTOs.ApiResponse`1[[System.Collections.Generic.List`1[[CMS.Shared.DTOs.InsuranceClaimDto, CMS.Shared, Version=1.0.0.0, Culture=neutral, PublicKeyToken=null]], System.Private.CoreLib, Version=8.0.0.0, Culture=neutral, PublicKeyToken=7cec85d7bea7798e]]'.
2026-10-07 11:55:04.809 +03:00 [INF] Executed action CMS.API.Controllers.BillingController.GetInvoices (CMS.API) in 59.0807ms
2026-10-07 11:55:04.812 +03:00 [INF] Executed endpoint 'CMS.API.Controllers.BillingController.GetInsuranceProviders (CMS.API)'
2026-10-07 11:55:04.815 +03:00 [INF] Request finished HTTP/1.1 GET http://127.0.0.1:5010/api/v1/billing/stats?fromDate=2026-10-07&toDate=2026-10-07 - 200 null application/json; charset=utf-8 275.2204ms
2026-10-07 11:55:04.819 +03:00 [INF] Executed action CMS.API.Controllers.BillingController.GetInsuranceClaims (CMS.API) in 45.0741ms
2026-10-07 11:55:04.823 +03:00 [INF] Executed endpoint 'CMS.API.Controllers.BillingController.GetInvoices (CMS.API)'
2026-10-07 11:55:04.826 +03:00 [INF] Request finished HTTP/1.1 GET http://127.0.0.1:5010/api/v1/billing/insurance/providers - 200 null application/json; charset=utf-8 263.7812ms
2026-10-07 11:55:04.839 +03:00 [INF] Executed endpoint 'CMS.API.Controllers.BillingController.GetInsuranceClaims (CMS.API)'
2026-10-07 11:55:04.842 +03:00 [INF] Request finished HTTP/1.1 GET http://127.0.0.1:5010/api/v1/billing/invoices?limit=1000&fromDate=2026-10-07&toDate=2026-10-07 - 200 null application/json; charset=utf-8 238.5148ms
2026-10-07 11:55:04.855 +03:00 [INF] Request finished HTTP/1.1 GET http://127.0.0.1:5010/api/v1/billing/insurance/claims - 200 null application/json; charset=utf-8 222.9507ms
2026-10-07 11:55:13.388 +03:00 [INF] Request starting HTTP/1.1 POST http://127.0.0.1:5010/api/v1/billing/payments - application/json 137
2026-10-07 11:55:13.404 +03:00 [INF] CORS policy execution successful.
2026-10-07 11:55:13.409 +03:00 [INF] Executing endpoint 'CMS.API.Controllers.BillingController.ProcessPayment (CMS.API)'
2026-10-07 11:55:13.428 +03:00 [INF] Route matched with {action = "ProcessPayment", controller = "Billing"}. Executing controller action with signature System.Threading.Tasks.Task`1[Microsoft.AspNetCore.Mvc.IActionResult] ProcessPayment(CMS.Shared.DTOs.ProcessPaymentDto) on controller CMS.API.Controllers.BillingController (CMS.API).
2026-10-07 11:55:13.767 +03:00 [INF] Executing OkObjectResult, writing value of type 'CMS.Shared.DTOs.ApiResponse`1[[System.String, System.Private.CoreLib, Version=8.0.0.0, Culture=neutral, PublicKeyToken=7cec85d7bea7798e]]'.
2026-10-07 11:55:13.773 +03:00 [INF] Executed action CMS.API.Controllers.BillingController.ProcessPayment (CMS.API) in 333.3504ms
2026-10-07 11:55:13.778 +03:00 [INF] Executed endpoint 'CMS.API.Controllers.BillingController.ProcessPayment (CMS.API)'
2026-10-07 11:55:13.783 +03:00 [INF] Request finished HTTP/1.1 POST http://127.0.0.1:5010/api/v1/billing/payments - 200 null application/json; charset=utf-8 394.7297ms
2026-10-07 11:55:13.798 +03:00 [INF] Request starting HTTP/1.1 GET http://127.0.0.1:5010/api/v1/billing/invoices?limit=1000&fromDate=2026-10-07&toDate=2026-10-07 - application/json null
2026-10-07 11:55:13.798 +03:00 [INF] Request starting HTTP/1.1 GET http://127.0.0.1:5010/api/v1/billing/stats?fromDate=2026-10-07&toDate=2026-10-07 - application/json null
2026-10-07 11:55:13.806 +03:00 [INF] Executing endpoint 'CMS.API.Controllers.BillingController.GetInvoices (CMS.API)'
2026-10-07 11:55:13.817 +03:00 [INF] Executing endpoint 'CMS.API.Controllers.BillingController.GetBillingStats (CMS.API)'
2026-10-07 11:55:13.820 +03:00 [INF] Route matched with {action = "GetInvoices", controller = "Billing"}. Executing controller action with signature System.Threading.Tasks.Task`1[Microsoft.AspNetCore.Mvc.IActionResult] GetInvoices(Int32, System.Nullable`1[System.Int32], System.Nullable`1[System.DateTime], System.Nullable`1[System.DateTime], System.Nullable`1[System.DateTime]) on controller CMS.API.Controllers.BillingController (CMS.API).
2026-10-07 11:55:13.824 +03:00 [INF] Route matched with {action = "GetBillingStats", controller = "Billing"}. Executing controller action with signature System.Threading.Tasks.Task`1[Microsoft.AspNetCore.Mvc.IActionResult] GetBillingStats(System.Nullable`1[System.DateTime], System.Nullable`1[System.DateTime]) on controller CMS.API.Controllers.BillingController (CMS.API).
2026-10-07 11:55:13.971 +03:00 [INF] Executing OkObjectResult, writing value of type 'CMS.Shared.DTOs.ApiResponse`1[[System.Collections.Generic.List`1[[CMS.Shared.DTOs.InvoiceDto, CMS.Shared, Version=1.0.0.0, Culture=neutral, PublicKeyToken=null]], System.Private.CoreLib, Version=8.0.0.0, Culture=neutral, PublicKeyToken=7cec85d7bea7798e]]'.
2026-10-07 11:55:13.976 +03:00 [INF] Executed action CMS.API.Controllers.BillingController.GetInvoices (CMS.API) in 139.8782ms
2026-10-07 11:55:13.977 +03:00 [INF] Executing OkObjectResult, writing value of type 'CMS.Shared.DTOs.ApiResponse`1[[CMS.Shared.DTOs.BillingStatsDto, CMS.Shared, Version=1.0.0.0, Culture=neutral, PublicKeyToken=null]]'.
2026-10-07 11:55:13.981 +03:00 [INF] Executed endpoint 'CMS.API.Controllers.BillingController.GetInvoices (CMS.API)'
2026-10-07 11:55:13.995 +03:00 [INF] Executed action CMS.API.Controllers.BillingController.GetBillingStats (CMS.API) in 41.5262ms
2026-10-07 11:55:14.006 +03:00 [INF] Request finished HTTP/1.1 GET http://127.0.0.1:5010/api/v1/billing/invoices?limit=1000&fromDate=2026-10-07&toDate=2026-10-07 - 200 null application/json; charset=utf-8 207.859ms
2026-10-07 11:55:14.019 +03:00 [INF] Executed endpoint 'CMS.API.Controllers.BillingController.GetBillingStats (CMS.API)'
2026-10-07 11:55:14.046 +03:00 [INF] Request finished HTTP/1.1 GET http://127.0.0.1:5010/api/v1/billing/stats?fromDate=2026-10-07&toDate=2026-10-07 - 200 null application/json; charset=utf-8 247.2818ms
2026-10-07 11:55:49.322 +03:00 [INF] Request starting HTTP/1.1 GET http://127.0.0.1:5010/api/v1/notifications - application/json null
2026-10-07 11:55:49.331 +03:00 [INF] Executing endpoint 'CMS.API.Controllers.NotificationsController.GetNotifications (CMS.API)'
2026-10-07 11:55:49.334 +03:00 [INF] Route matched with {action = "GetNotifications", controller = "Notifications"}. Executing controller action with signature System.Threading.Tasks.Task`1[Microsoft.AspNetCore.Mvc.IActionResult] GetNotifications(System.Nullable`1[System.Int32], System.String) on controller CMS.API.Controllers.NotificationsController (CMS.API).
2026-10-07 11:55:49.350 +03:00 [INF] Executing OkObjectResult, writing value of type 'CMS.Shared.DTOs.ApiResponse`1[[System.Collections.Generic.List`1[[CMS.Shared.DTOs.NotificationItemDto, CMS.Shared, Version=1.0.0.0, Culture=neutral, PublicKeyToken=null]], System.Private.CoreLib, Version=8.0.0.0, Culture=neutral, PublicKeyToken=7cec85d7bea7798e]]'.
2026-10-07 11:55:49.354 +03:00 [INF] Executed action CMS.API.Controllers.NotificationsController.GetNotifications (CMS.API) in 14.7949ms
2026-10-07 11:55:49.359 +03:00 [INF] Executed endpoint 'CMS.API.Controllers.NotificationsController.GetNotifications (CMS.API)'
2026-10-07 11:55:49.363 +03:00 [INF] Request finished HTTP/1.1 GET http://127.0.0.1:5010/api/v1/notifications - 200 null application/json; charset=utf-8 41.285ms
2026-10-07 11:57:13.268 +03:00 [INF] Request starting HTTP/1.1 GET http://127.0.0.1:5010/api/v1/notifications - application/json null
2026-10-07 11:57:13.277 +03:00 [INF] Executing endpoint 'CMS.API.Controllers.NotificationsController.GetNotifications (CMS.API)'
2026-10-07 11:57:13.281 +03:00 [INF] Route matched with {action = "GetNotifications", controller = "Notifications"}. Executing controller action with signature System.Threading.Tasks.Task`1[Microsoft.AspNetCore.Mvc.IActionResult] GetNotifications(System.Nullable`1[System.Int32], System.String) on controller CMS.API.Controllers.NotificationsController (CMS.API).
2026-10-07 11:57:13.318 +03:00 [INF] Executing OkObjectResult, writing value of type 'CMS.Shared.DTOs.ApiResponse`1[[System.Collections.Generic.List`1[[CMS.Shared.DTOs.NotificationItemDto, CMS.Shared, Version=1.0.0.0, Culture=neutral, PublicKeyToken=null]], System.Private.CoreLib, Version=8.0.0.0, Culture=neutral, PublicKeyToken=7cec85d7bea7798e]]'.
2026-10-07 11:57:13.323 +03:00 [INF] Executed action CMS.API.Controllers.NotificationsController.GetNotifications (CMS.API) in 35.6228ms
2026-10-07 11:57:13.329 +03:00 [INF] Executed endpoint 'CMS.API.Controllers.NotificationsController.GetNotifications (CMS.API)'
2026-10-07 11:57:13.333 +03:00 [INF] Request finished HTTP/1.1 GET http://127.0.0.1:5010/api/v1/notifications - 200 null application/json; charset=utf-8 65.2115ms
2026-10-07 11:57:19.227 +03:00 [INF] Request starting HTTP/1.1 GET http://127.0.0.1:5010/api/v1/reports/doctor-performance - application/json null
2026-10-07 11:57:19.228 +03:00 [INF] Request starting HTTP/1.1 GET http://127.0.0.1:5010/api/v1/reports/sales?dateFrom=2026-09-30&dateTo=2026-10-07 - application/json null
2026-10-07 11:57:19.230 +03:00 [INF] Request starting HTTP/1.1 GET http://127.0.0.1:5010/api/v1/reports/receptionists - application/json null
2026-10-07 11:57:19.248 +03:00 [INF] Executing endpoint 'CMS.API.Controllers.ReportsController.GetDoctorPerformanceReport (CMS.API)'
2026-10-07 11:57:19.266 +03:00 [INF] Executing endpoint 'CMS.API.Controllers.ReportsController.GetSalesReport (CMS.API)'
2026-10-07 11:57:19.273 +03:00 [INF] Executing endpoint 'CMS.API.Controllers.ReportsController.GetReceptionists (CMS.API)'
2026-10-07 11:57:19.288 +03:00 [INF] Route matched with {action = "GetDoctorPerformanceReport", controller = "Reports"}. Executing controller action with signature System.Threading.Tasks.Task`1[Microsoft.AspNetCore.Mvc.IActionResult] GetDoctorPerformanceReport(System.Nullable`1[System.DateTime], System.Nullable`1[System.DateTime], System.String) on controller CMS.API.Controllers.ReportsController (CMS.API).
2026-10-07 11:57:19.292 +03:00 [INF] Route matched with {action = "GetSalesReport", controller = "Reports"}. Executing controller action with signature System.Threading.Tasks.Task`1[Microsoft.AspNetCore.Mvc.IActionResult] GetSalesReport(System.Nullable`1[System.DateTime], System.Nullable`1[System.DateTime], System.String) on controller CMS.API.Controllers.ReportsController (CMS.API).
2026-10-07 11:57:19.300 +03:00 [INF] Route matched with {action = "GetReceptionists", controller = "Reports"}. Executing controller action with signature System.Threading.Tasks.Task`1[Microsoft.AspNetCore.Mvc.IActionResult] GetReceptionists() on controller CMS.API.Controllers.ReportsController (CMS.API).
2026-10-07 11:57:21.017 +03:00 [INF] Executing OkObjectResult, writing value of type 'CMS.Shared.DTOs.ApiResponse`1[[System.Object, System.Private.CoreLib, Version=8.0.0.0, Culture=neutral, PublicKeyToken=7cec85d7bea7798e]]'.
2026-10-07 11:57:21.023 +03:00 [INF] Executed action CMS.API.Controllers.ReportsController.GetSalesReport (CMS.API) in 1709.8821ms
2026-10-07 11:57:21.031 +03:00 [INF] Executed endpoint 'CMS.API.Controllers.ReportsController.GetSalesReport (CMS.API)'
2026-10-07 11:57:21.034 +03:00 [INF] Request starting HTTP/1.1 GET http://127.0.0.1:5010/api/v1/reports/sales?dateFrom=2026-09-30&dateTo=2026-10-07 - application/json null
2026-10-07 11:57:21.037 +03:00 [INF] Executing OkObjectResult, writing value of type 'CMS.Shared.DTOs.ApiResponse`1[[System.Object, System.Private.CoreLib, Version=8.0.0.0, Culture=neutral, PublicKeyToken=7cec85d7bea7798e]]'.
2026-10-07 11:57:21.053 +03:00 [INF] Executed action CMS.API.Controllers.ReportsController.GetReceptionists (CMS.API) in 1726.9783ms
2026-10-07 11:57:21.049 +03:00 [INF] Executing endpoint 'CMS.API.Controllers.ReportsController.GetSalesReport (CMS.API)'
2026-10-07 11:57:21.038 +03:00 [INF] Request finished HTTP/1.1 GET http://127.0.0.1:5010/api/v1/reports/sales?dateFrom=2026-09-30&dateTo=2026-10-07 - 200 null application/json; charset=utf-8 1809.8734ms
2026-10-07 11:57:21.062 +03:00 [INF] Request starting HTTP/1.1 GET http://127.0.0.1:5010/api/v1/reports/receptionists - application/json null
2026-10-07 11:57:21.064 +03:00 [INF] Executed endpoint 'CMS.API.Controllers.ReportsController.GetReceptionists (CMS.API)'
2026-10-07 11:57:21.067 +03:00 [INF] Route matched with {action = "GetSalesReport", controller = "Reports"}. Executing controller action with signature System.Threading.Tasks.Task`1[Microsoft.AspNetCore.Mvc.IActionResult] GetSalesReport(System.Nullable`1[System.DateTime], System.Nullable`1[System.DateTime], System.String) on controller CMS.API.Controllers.ReportsController (CMS.API).
2026-10-07 11:57:21.086 +03:00 [INF] Executing endpoint 'CMS.API.Controllers.ReportsController.GetReceptionists (CMS.API)'
2026-10-07 11:57:21.089 +03:00 [INF] Request finished HTTP/1.1 GET http://127.0.0.1:5010/api/v1/reports/receptionists - 200 null application/json; charset=utf-8 1858.6239ms
2026-10-07 11:57:21.102 +03:00 [INF] Route matched with {action = "GetReceptionists", controller = "Reports"}. Executing controller action with signature System.Threading.Tasks.Task`1[Microsoft.AspNetCore.Mvc.IActionResult] GetReceptionists() on controller CMS.API.Controllers.ReportsController (CMS.API).
2026-10-07 11:57:21.111 +03:00 [INF] Executing OkObjectResult, writing value of type 'CMS.Shared.DTOs.ApiResponse`1[[System.Object, System.Private.CoreLib, Version=8.0.0.0, Culture=neutral, PublicKeyToken=7cec85d7bea7798e]]'.
2026-10-07 11:57:21.122 +03:00 [INF] Executing OkObjectResult, writing value of type 'CMS.Shared.DTOs.ApiResponse`1[[System.Object, System.Private.CoreLib, Version=8.0.0.0, Culture=neutral, PublicKeyToken=7cec85d7bea7798e]]'.
2026-10-07 11:57:21.125 +03:00 [INF] Executed action CMS.API.Controllers.ReportsController.GetSalesReport (CMS.API) in 27.248ms
2026-10-07 11:57:21.130 +03:00 [INF] Executed action CMS.API.Controllers.ReportsController.GetReceptionists (CMS.API) in 9.5898ms
2026-10-07 11:57:21.134 +03:00 [INF] Executed endpoint 'CMS.API.Controllers.ReportsController.GetSalesReport (CMS.API)'
2026-10-07 11:57:21.138 +03:00 [INF] Executed endpoint 'CMS.API.Controllers.ReportsController.GetReceptionists (CMS.API)'
2026-10-07 11:57:21.142 +03:00 [INF] Request finished HTTP/1.1 GET http://127.0.0.1:5010/api/v1/reports/sales?dateFrom=2026-09-30&dateTo=2026-10-07 - 200 null application/json; charset=utf-8 107.724ms
2026-10-07 11:57:21.145 +03:00 [INF] Request finished HTTP/1.1 GET http://127.0.0.1:5010/api/v1/reports/receptionists - 200 null application/json; charset=utf-8 83.3129ms
2026-10-07 11:57:22.598 +03:00 [INF] Executing OkObjectResult, writing value of type 'CMS.Shared.DTOs.ApiResponse`1[[System.Object, System.Private.CoreLib, Version=8.0.0.0, Culture=neutral, PublicKeyToken=7cec85d7bea7798e]]'.
2026-10-07 11:57:22.605 +03:00 [INF] Executed action CMS.API.Controllers.ReportsController.GetDoctorPerformanceReport (CMS.API) in 3300.288ms
2026-10-07 11:57:22.613 +03:00 [INF] Executed endpoint 'CMS.API.Controllers.ReportsController.GetDoctorPerformanceReport (CMS.API)'
2026-10-07 11:57:22.617 +03:00 [INF] Request starting HTTP/1.1 GET http://127.0.0.1:5010/api/v1/reports/doctor-performance - application/json null
2026-10-07 11:57:22.619 +03:00 [INF] Request finished HTTP/1.1 GET http://127.0.0.1:5010/api/v1/reports/doctor-performance - 200 null application/json; charset=utf-8 3392.0875ms
2026-10-07 11:57:22.632 +03:00 [INF] Executing endpoint 'CMS.API.Controllers.ReportsController.GetDoctorPerformanceReport (CMS.API)'
2026-10-07 11:57:22.647 +03:00 [INF] Route matched with {action = "GetDoctorPerformanceReport", controller = "Reports"}. Executing controller action with signature System.Threading.Tasks.Task`1[Microsoft.AspNetCore.Mvc.IActionResult] GetDoctorPerformanceReport(System.Nullable`1[System.DateTime], System.Nullable`1[System.DateTime], System.String) on controller CMS.API.Controllers.ReportsController (CMS.API).
2026-10-07 11:57:23.595 +03:00 [INF] Executing OkObjectResult, writing value of type 'CMS.Shared.DTOs.ApiResponse`1[[System.Object, System.Private.CoreLib, Version=8.0.0.0, Culture=neutral, PublicKeyToken=7cec85d7bea7798e]]'.
2026-10-07 11:57:23.601 +03:00 [INF] Executed action CMS.API.Controllers.ReportsController.GetDoctorPerformanceReport (CMS.API) in 946.8251ms
2026-10-07 11:57:23.608 +03:00 [INF] Executed endpoint 'CMS.API.Controllers.ReportsController.GetDoctorPerformanceReport (CMS.API)'
2026-10-07 11:57:23.612 +03:00 [INF] Request finished HTTP/1.1 GET http://127.0.0.1:5010/api/v1/reports/doctor-performance - 200 null application/json; charset=utf-8 994.9363ms
2026-10-07 11:57:24.638 +03:00 [INF] Request starting HTTP/1.1 GET http://127.0.0.1:5010/api/v1/reports/sales?dateFrom=2026-10-07&dateTo=2026-10-07 - application/json null
2026-10-07 11:57:24.651 +03:00 [INF] Executing endpoint 'CMS.API.Controllers.ReportsController.GetSalesReport (CMS.API)'
2026-10-07 11:57:24.655 +03:00 [INF] Route matched with {action = "GetSalesReport", controller = "Reports"}. Executing controller action with signature System.Threading.Tasks.Task`1[Microsoft.AspNetCore.Mvc.IActionResult] GetSalesReport(System.Nullable`1[System.DateTime], System.Nullable`1[System.DateTime], System.String) on controller CMS.API.Controllers.ReportsController (CMS.API).
2026-10-07 11:57:24.676 +03:00 [INF] Executing OkObjectResult, writing value of type 'CMS.Shared.DTOs.ApiResponse`1[[System.Object, System.Private.CoreLib, Version=8.0.0.0, Culture=neutral, PublicKeyToken=7cec85d7bea7798e]]'.
2026-10-07 11:57:24.681 +03:00 [INF] Executed action CMS.API.Controllers.ReportsController.GetSalesReport (CMS.API) in 18.1374ms
2026-10-07 11:57:24.685 +03:00 [INF] Executed endpoint 'CMS.API.Controllers.ReportsController.GetSalesReport (CMS.API)'
2026-10-07 11:57:24.689 +03:00 [INF] Request finished HTTP/1.1 GET http://127.0.0.1:5010/api/v1/reports/sales?dateFrom=2026-10-07&dateTo=2026-10-07 - 200 null application/json; charset=utf-8 50.668ms
2026-10-07 11:57:46.269 +03:00 [INF] Request starting HTTP/1.1 GET http://127.0.0.1:5010/api/v1/billing/invoices?limit=1000&fromDate=2026-10-07&toDate=2026-10-07 - application/json null
2026-10-07 11:57:46.270 +03:00 [INF] Request starting HTTP/1.1 GET http://127.0.0.1:5010/api/v1/billing/stats?fromDate=2026-10-07&toDate=2026-10-07 - application/json null
2026-10-07 11:57:46.270 +03:00 [INF] Request starting HTTP/1.1 GET http://127.0.0.1:5010/api/v1/patients/search - application/json null
2026-10-07 11:57:46.271 +03:00 [INF] Request starting HTTP/1.1 GET http://127.0.0.1:5010/api/v1/settings - application/json null
2026-10-07 11:57:46.272 +03:00 [INF] Request starting HTTP/1.1 GET http://127.0.0.1:5010/api/v1/billing/insurance/providers - application/json null
2026-10-07 11:57:46.272 +03:00 [INF] Request starting HTTP/1.1 GET http://127.0.0.1:5010/api/v1/billing/insurance/claims - application/json null
2026-10-07 11:57:46.278 +03:00 [INF] Executing endpoint 'CMS.API.Controllers.BillingController.GetInvoices (CMS.API)'
2026-10-07 11:57:46.287 +03:00 [INF] Executing endpoint 'CMS.API.Controllers.BillingController.GetBillingStats (CMS.API)'
2026-10-07 11:57:46.296 +03:00 [INF] Executing endpoint 'CMS.API.Controllers.PatientsController.Search (CMS.API)'
2026-10-07 11:57:46.305 +03:00 [INF] Executing endpoint 'CMS.API.Controllers.SettingsController.GetSettings (CMS.API)'
2026-10-07 11:57:46.313 +03:00 [INF] Executing endpoint 'CMS.API.Controllers.BillingController.GetInsuranceProviders (CMS.API)'
2026-10-07 11:57:46.321 +03:00 [INF] Executing endpoint 'CMS.API.Controllers.BillingController.GetInsuranceClaims (CMS.API)'
2026-10-07 11:57:46.324 +03:00 [INF] Route matched with {action = "GetInvoices", controller = "Billing"}. Executing controller action with signature System.Threading.Tasks.Task`1[Microsoft.AspNetCore.Mvc.IActionResult] GetInvoices(Int32, System.Nullable`1[System.Int32], System.Nullable`1[System.DateTime], System.Nullable`1[System.DateTime], System.Nullable`1[System.DateTime]) on controller CMS.API.Controllers.BillingController (CMS.API).
2026-10-07 11:57:46.327 +03:00 [INF] Route matched with {action = "GetBillingStats", controller = "Billing"}. Executing controller action with signature System.Threading.Tasks.Task`1[Microsoft.AspNetCore.Mvc.IActionResult] GetBillingStats(System.Nullable`1[System.DateTime], System.Nullable`1[System.DateTime]) on controller CMS.API.Controllers.BillingController (CMS.API).
2026-10-07 11:57:46.331 +03:00 [INF] Route matched with {action = "Search", controller = "Patients"}. Executing controller action with signature System.Threading.Tasks.Task`1[Microsoft.AspNetCore.Mvc.IActionResult] Search(System.String, Int32, Int32) on controller CMS.API.Controllers.PatientsController (CMS.API).
2026-10-07 11:57:46.335 +03:00 [INF] Route matched with {action = "GetSettings", controller = "Settings"}. Executing controller action with signature System.Threading.Tasks.Task`1[Microsoft.AspNetCore.Mvc.IActionResult] GetSettings() on controller CMS.API.Controllers.SettingsController (CMS.API).
2026-10-07 11:57:46.339 +03:00 [INF] Route matched with {action = "GetInsuranceProviders", controller = "Billing"}. Executing controller action with signature System.Threading.Tasks.Task`1[Microsoft.AspNetCore.Mvc.IActionResult] GetInsuranceProviders() on controller CMS.API.Controllers.BillingController (CMS.API).
2026-10-07 11:57:46.343 +03:00 [INF] Route matched with {action = "GetInsuranceClaims", controller = "Billing"}. Executing controller action with signature System.Threading.Tasks.Task`1[Microsoft.AspNetCore.Mvc.IActionResult] GetInsuranceClaims() on controller CMS.API.Controllers.BillingController (CMS.API).
2026-10-07 11:57:46.382 +03:00 [INF] Executing OkObjectResult, writing value of type 'CMS.Shared.DTOs.ApiResponse`1[[System.Collections.Generic.List`1[[CMS.Shared.DTOs.PatientDto, CMS.Shared, Version=1.0.0.0, Culture=neutral, PublicKeyToken=null]], System.Private.CoreLib, Version=8.0.0.0, Culture=neutral, PublicKeyToken=7cec85d7bea7798e]]'.
2026-10-07 11:57:46.387 +03:00 [INF] Executing OkObjectResult, writing value of type 'CMS.Shared.DTOs.ApiResponse`1[[CMS.Shared.DTOs.BillingStatsDto, CMS.Shared, Version=1.0.0.0, Culture=neutral, PublicKeyToken=null]]'.
2026-10-07 11:57:46.391 +03:00 [INF] Executing OkObjectResult, writing value of type 'CMS.Shared.DTOs.ApiResponse`1[[System.Collections.Generic.List`1[[CMS.Shared.DTOs.InsuranceProviderDto, CMS.Shared, Version=1.0.0.0, Culture=neutral, PublicKeyToken=null]], System.Private.CoreLib, Version=8.0.0.0, Culture=neutral, PublicKeyToken=7cec85d7bea7798e]]'.
2026-10-07 11:57:46.398 +03:00 [INF] Executed action CMS.API.Controllers.PatientsController.Search (CMS.API) in 30.1262ms
2026-10-07 11:57:46.399 +03:00 [INF] Executing OkObjectResult, writing value of type 'CMS.Shared.DTOs.ApiResponse`1[[System.Collections.Generic.List`1[[CMS.Shared.DTOs.ClinicSettingDto, CMS.Shared, Version=1.0.0.0, Culture=neutral, PublicKeyToken=null]], System.Private.CoreLib, Version=8.0.0.0, Culture=neutral, PublicKeyToken=7cec85d7bea7798e]]'.
2026-10-07 11:57:46.402 +03:00 [INF] Executed action CMS.API.Controllers.BillingController.GetBillingStats (CMS.API) in 45.2187ms
2026-10-07 11:57:46.406 +03:00 [INF] Executed action CMS.API.Controllers.BillingController.GetInsuranceProviders (CMS.API) in 21.9793ms
2026-10-07 11:57:46.410 +03:00 [INF] Executed endpoint 'CMS.API.Controllers.PatientsController.Search (CMS.API)'
2026-10-07 11:57:46.415 +03:00 [INF] Executed action CMS.API.Controllers.SettingsController.GetSettings (CMS.API) in 38.3574ms
2026-10-07 11:57:46.419 +03:00 [INF] Executing OkObjectResult, writing value of type 'CMS.Shared.DTOs.ApiResponse`1[[System.Collections.Generic.List`1[[CMS.Shared.DTOs.InvoiceDto, CMS.Shared, Version=1.0.0.0, Culture=neutral, PublicKeyToken=null]], System.Private.CoreLib, Version=8.0.0.0, Culture=neutral, PublicKeyToken=7cec85d7bea7798e]]'.
2026-10-07 11:57:46.420 +03:00 [INF] Executed endpoint 'CMS.API.Controllers.BillingController.GetBillingStats (CMS.API)'
2026-10-07 11:57:46.421 +03:00 [INF] Executing OkObjectResult, writing value of type 'CMS.Shared.DTOs.ApiResponse`1[[System.Collections.Generic.List`1[[CMS.Shared.DTOs.InsuranceClaimDto, CMS.Shared, Version=1.0.0.0, Culture=neutral, PublicKeyToken=null]], System.Private.CoreLib, Version=8.0.0.0, Culture=neutral, PublicKeyToken=7cec85d7bea7798e]]'.
2026-10-07 11:57:46.424 +03:00 [INF] Executed endpoint 'CMS.API.Controllers.BillingController.GetInsuranceProviders (CMS.API)'
2026-10-07 11:57:46.428 +03:00 [INF] Request finished HTTP/1.1 GET http://127.0.0.1:5010/api/v1/patients/search - 200 null application/json; charset=utf-8 157.8996ms
2026-10-07 11:57:46.433 +03:00 [INF] Executed endpoint 'CMS.API.Controllers.SettingsController.GetSettings (CMS.API)'
2026-10-07 11:57:46.438 +03:00 [INF] Executed action CMS.API.Controllers.BillingController.GetInvoices (CMS.API) in 87.6154ms
2026-10-07 11:57:46.441 +03:00 [INF] Request finished HTTP/1.1 GET http://127.0.0.1:5010/api/v1/billing/stats?fromDate=2026-10-07&toDate=2026-10-07 - 200 null application/json; charset=utf-8 171.2582ms
2026-10-07 11:57:46.445 +03:00 [INF] Executed action CMS.API.Controllers.BillingController.GetInsuranceClaims (CMS.API) in 52.8515ms
2026-10-07 11:57:46.436 +03:00 [INF] Request starting HTTP/1.1 GET http://127.0.0.1:5010/api/v1/patients/search - application/json null
2026-10-07 11:57:46.448 +03:00 [INF] Request starting HTTP/1.1 GET http://127.0.0.1:5010/api/v1/billing/stats?fromDate=2026-10-07&toDate=2026-10-07 - application/json null
2026-10-07 11:57:46.565 +03:00 [INF] Request finished HTTP/1.1 GET http://127.0.0.1:5010/api/v1/billing/insurance/providers - 200 null application/json; charset=utf-8 293.4369ms
2026-10-07 11:57:46.566 +03:00 [INF] Request finished HTTP/1.1 GET http://127.0.0.1:5010/api/v1/settings - 200 null application/json; charset=utf-8 294.1908ms
2026-10-07 11:57:46.566 +03:00 [INF] Executed endpoint 'CMS.API.Controllers.BillingController.GetInvoices (CMS.API)'
2026-10-07 11:57:46.566 +03:00 [INF] Executed endpoint 'CMS.API.Controllers.BillingController.GetInsuranceClaims (CMS.API)'
2026-10-07 11:57:46.567 +03:00 [INF] Executing endpoint 'CMS.API.Controllers.PatientsController.Search (CMS.API)'
2026-10-07 11:57:46.567 +03:00 [INF] Executing endpoint 'CMS.API.Controllers.BillingController.GetBillingStats (CMS.API)'
2026-10-07 11:57:46.585 +03:00 [INF] Request starting HTTP/1.1 GET http://127.0.0.1:5010/api/v1/billing/insurance/providers - application/json null
2026-10-07 11:57:46.604 +03:00 [INF] Request finished HTTP/1.1 GET http://127.0.0.1:5010/api/v1/billing/invoices?limit=1000&fromDate=2026-10-07&toDate=2026-10-07 - 200 null application/json; charset=utf-8 334.6003ms
2026-10-07 11:57:46.608 +03:00 [INF] Request finished HTTP/1.1 GET http://127.0.0.1:5010/api/v1/billing/insurance/claims - 200 null application/json; charset=utf-8 335.8383ms
2026-10-07 11:57:46.586 +03:00 [INF] Request starting HTTP/1.1 GET http://127.0.0.1:5010/api/v1/settings - application/json null
2026-10-07 11:57:46.612 +03:00 [INF] Request starting HTTP/1.1 GET http://127.0.0.1:5010/api/v1/billing/invoices?limit=1000&fromDate=2026-10-07&toDate=2026-10-07 - application/json null
2026-10-07 11:57:46.613 +03:00 [INF] Route matched with {action = "Search", controller = "Patients"}. Executing controller action with signature System.Threading.Tasks.Task`1[Microsoft.AspNetCore.Mvc.IActionResult] Search(System.String, Int32, Int32) on controller CMS.API.Controllers.PatientsController (CMS.API).
2026-10-07 11:57:46.618 +03:00 [INF] Route matched with {action = "GetBillingStats", controller = "Billing"}. Executing controller action with signature System.Threading.Tasks.Task`1[Microsoft.AspNetCore.Mvc.IActionResult] GetBillingStats(System.Nullable`1[System.DateTime], System.Nullable`1[System.DateTime]) on controller CMS.API.Controllers.BillingController (CMS.API).
2026-10-07 11:57:46.618 +03:00 [INF] Request starting HTTP/1.1 GET http://127.0.0.1:5010/api/v1/billing/insurance/claims - application/json null
2026-10-07 11:57:46.628 +03:00 [INF] Executing endpoint 'CMS.API.Controllers.BillingController.GetInsuranceProviders (CMS.API)'
2026-10-07 11:57:46.661 +03:00 [INF] Executing endpoint 'CMS.API.Controllers.SettingsController.GetSettings (CMS.API)'
2026-10-07 11:57:46.670 +03:00 [INF] Executing endpoint 'CMS.API.Controllers.BillingController.GetInvoices (CMS.API)'
2026-10-07 11:57:46.676 +03:00 [INF] Executing OkObjectResult, writing value of type 'CMS.Shared.DTOs.ApiResponse`1[[System.Collections.Generic.List`1[[CMS.Shared.DTOs.PatientDto, CMS.Shared, Version=1.0.0.0, Culture=neutral, PublicKeyToken=null]], System.Private.CoreLib, Version=8.0.0.0, Culture=neutral, PublicKeyToken=7cec85d7bea7798e]]'.
2026-10-07 11:57:46.694 +03:00 [INF] Executing endpoint 'CMS.API.Controllers.BillingController.GetInsuranceClaims (CMS.API)'
2026-10-07 11:57:46.695 +03:00 [INF] Executing OkObjectResult, writing value of type 'CMS.Shared.DTOs.ApiResponse`1[[CMS.Shared.DTOs.BillingStatsDto, CMS.Shared, Version=1.0.0.0, Culture=neutral, PublicKeyToken=null]]'.
2026-10-07 11:57:46.699 +03:00 [INF] Route matched with {action = "GetInsuranceProviders", controller = "Billing"}. Executing controller action with signature System.Threading.Tasks.Task`1[Microsoft.AspNetCore.Mvc.IActionResult] GetInsuranceProviders() on controller CMS.API.Controllers.BillingController (CMS.API).
2026-10-07 11:57:46.703 +03:00 [INF] Route matched with {action = "GetSettings", controller = "Settings"}. Executing controller action with signature System.Threading.Tasks.Task`1[Microsoft.AspNetCore.Mvc.IActionResult] GetSettings() on controller CMS.API.Controllers.SettingsController (CMS.API).
2026-10-07 11:57:46.706 +03:00 [INF] Route matched with {action = "GetInvoices", controller = "Billing"}. Executing controller action with signature System.Threading.Tasks.Task`1[Microsoft.AspNetCore.Mvc.IActionResult] GetInvoices(Int32, System.Nullable`1[System.Int32], System.Nullable`1[System.DateTime], System.Nullable`1[System.DateTime], System.Nullable`1[System.DateTime]) on controller CMS.API.Controllers.BillingController (CMS.API).
2026-10-07 11:57:46.712 +03:00 [INF] Executed action CMS.API.Controllers.PatientsController.Search (CMS.API) in 35.463ms
2026-10-07 11:57:46.715 +03:00 [INF] Route matched with {action = "GetInsuranceClaims", controller = "Billing"}. Executing controller action with signature System.Threading.Tasks.Task`1[Microsoft.AspNetCore.Mvc.IActionResult] GetInsuranceClaims() on controller CMS.API.Controllers.BillingController (CMS.API).
2026-10-07 11:57:46.719 +03:00 [INF] Executed action CMS.API.Controllers.BillingController.GetBillingStats (CMS.API) in 35.4492ms
2026-10-07 11:57:46.725 +03:00 [INF] Executing OkObjectResult, writing value of type 'CMS.Shared.DTOs.ApiResponse`1[[System.Collections.Generic.List`1[[CMS.Shared.DTOs.InsuranceProviderDto, CMS.Shared, Version=1.0.0.0, Culture=neutral, PublicKeyToken=null]], System.Private.CoreLib, Version=8.0.0.0, Culture=neutral, PublicKeyToken=7cec85d7bea7798e]]'.
2026-10-07 11:57:46.733 +03:00 [INF] Executing OkObjectResult, writing value of type 'CMS.Shared.DTOs.ApiResponse`1[[System.Collections.Generic.List`1[[CMS.Shared.DTOs.ClinicSettingDto, CMS.Shared, Version=1.0.0.0, Culture=neutral, PublicKeyToken=null]], System.Private.CoreLib, Version=8.0.0.0, Culture=neutral, PublicKeyToken=7cec85d7bea7798e]]'.
2026-10-07 11:57:46.741 +03:00 [INF] Executed endpoint 'CMS.API.Controllers.PatientsController.Search (CMS.API)'
2026-10-07 11:57:46.752 +03:00 [INF] Executing OkObjectResult, writing value of type 'CMS.Shared.DTOs.ApiResponse`1[[System.Collections.Generic.List`1[[CMS.Shared.DTOs.InvoiceDto, CMS.Shared, Version=1.0.0.0, Culture=neutral, PublicKeyToken=null]], System.Private.CoreLib, Version=8.0.0.0, Culture=neutral, PublicKeyToken=7cec85d7bea7798e]]'.
2026-10-07 11:57:46.754 +03:00 [INF] Executed endpoint 'CMS.API.Controllers.BillingController.GetBillingStats (CMS.API)'
2026-10-07 11:57:46.758 +03:00 [INF] Executing OkObjectResult, writing value of type 'CMS.Shared.DTOs.ApiResponse`1[[System.Collections.Generic.List`1[[CMS.Shared.DTOs.InsuranceClaimDto, CMS.Shared, Version=1.0.0.0, Culture=neutral, PublicKeyToken=null]], System.Private.CoreLib, Version=8.0.0.0, Culture=neutral, PublicKeyToken=7cec85d7bea7798e]]'.
2026-10-07 11:57:46.759 +03:00 [INF] Executed action CMS.API.Controllers.BillingController.GetInsuranceProviders (CMS.API) in 35.1149ms
2026-10-07 11:57:46.764 +03:00 [INF] Executed action CMS.API.Controllers.SettingsController.GetSettings (CMS.API) in 33.6325ms
2026-10-07 11:57:46.768 +03:00 [INF] Request finished HTTP/1.1 GET http://127.0.0.1:5010/api/v1/patients/search - 200 null application/json; charset=utf-8 331.7612ms
2026-10-07 11:57:46.772 +03:00 [INF] Executed action CMS.API.Controllers.BillingController.GetInvoices (CMS.API) in 35.2539ms
2026-10-07 11:57:46.776 +03:00 [INF] Request finished HTTP/1.1 GET http://127.0.0.1:5010/api/v1/billing/stats?fromDate=2026-10-07&toDate=2026-10-07 - 200 null application/json; charset=utf-8 328.1289ms
2026-10-07 11:57:46.780 +03:00 [INF] Executed action CMS.API.Controllers.BillingController.GetInsuranceClaims (CMS.API) in 30.9581ms
2026-10-07 11:57:46.784 +03:00 [INF] Executed endpoint 'CMS.API.Controllers.BillingController.GetInsuranceProviders (CMS.API)'
2026-10-07 11:57:46.788 +03:00 [INF] Executed endpoint 'CMS.API.Controllers.SettingsController.GetSettings (CMS.API)'
2026-10-07 11:57:46.801 +03:00 [INF] Executed endpoint 'CMS.API.Controllers.BillingController.GetInvoices (CMS.API)'
2026-10-07 11:57:46.896 +03:00 [INF] Executed endpoint 'CMS.API.Controllers.BillingController.GetInsuranceClaims (CMS.API)'
2026-10-07 11:57:46.900 +03:00 [INF] Request finished HTTP/1.1 GET http://127.0.0.1:5010/api/v1/billing/insurance/providers - 200 null application/json; charset=utf-8 314.5927ms
2026-10-07 11:57:46.903 +03:00 [INF] Request finished HTTP/1.1 GET http://127.0.0.1:5010/api/v1/settings - 200 null application/json; charset=utf-8 317.4219ms
2026-10-07 11:57:46.907 +03:00 [INF] Request finished HTTP/1.1 GET http://127.0.0.1:5010/api/v1/billing/invoices?limit=1000&fromDate=2026-10-07&toDate=2026-10-07 - 200 null application/json; charset=utf-8 294.8515ms
2026-10-07 11:57:46.910 +03:00 [INF] Request finished HTTP/1.1 GET http://127.0.0.1:5010/api/v1/billing/insurance/claims - 200 null application/json; charset=utf-8 291.9776ms
2026-10-07 11:57:49.135 +03:00 [INF] Request starting HTTP/1.1 GET http://127.0.0.1:5010/api/v1/notifications - application/json null
2026-10-07 11:57:49.147 +03:00 [INF] Executing endpoint 'CMS.API.Controllers.NotificationsController.GetNotifications (CMS.API)'
2026-10-07 11:57:49.151 +03:00 [INF] Route matched with {action = "GetNotifications", controller = "Notifications"}. Executing controller action with signature System.Threading.Tasks.Task`1[Microsoft.AspNetCore.Mvc.IActionResult] GetNotifications(System.Nullable`1[System.Int32], System.String) on controller CMS.API.Controllers.NotificationsController (CMS.API).
2026-10-07 11:57:49.172 +03:00 [INF] Executing OkObjectResult, writing value of type 'CMS.Shared.DTOs.ApiResponse`1[[System.Collections.Generic.List`1[[CMS.Shared.DTOs.NotificationItemDto, CMS.Shared, Version=1.0.0.0, Culture=neutral, PublicKeyToken=null]], System.Private.CoreLib, Version=8.0.0.0, Culture=neutral, PublicKeyToken=7cec85d7bea7798e]]'.
2026-10-07 11:57:49.177 +03:00 [INF] Executed action CMS.API.Controllers.NotificationsController.GetNotifications (CMS.API) in 19.8027ms
2026-10-07 11:57:49.181 +03:00 [INF] Executed endpoint 'CMS.API.Controllers.NotificationsController.GetNotifications (CMS.API)'
2026-10-07 11:57:49.185 +03:00 [INF] Request finished HTTP/1.1 GET http://127.0.0.1:5010/api/v1/notifications - 200 null application/json; charset=utf-8 49.9808ms
2026-10-07 11:58:49.300 +03:00 [INF] Request starting HTTP/1.1 GET http://127.0.0.1:5010/api/v1/notifications - application/json null
2026-10-07 11:58:49.313 +03:00 [INF] Executing endpoint 'CMS.API.Controllers.NotificationsController.GetNotifications (CMS.API)'
2026-10-07 11:58:49.317 +03:00 [INF] Route matched with {action = "GetNotifications", controller = "Notifications"}. Executing controller action with signature System.Threading.Tasks.Task`1[Microsoft.AspNetCore.Mvc.IActionResult] GetNotifications(System.Nullable`1[System.Int32], System.String) on controller CMS.API.Controllers.NotificationsController (CMS.API).
2026-10-07 11:58:49.364 +03:00 [INF] Executing OkObjectResult, writing value of type 'CMS.Shared.DTOs.ApiResponse`1[[System.Collections.Generic.List`1[[CMS.Shared.DTOs.NotificationItemDto, CMS.Shared, Version=1.0.0.0, Culture=neutral, PublicKeyToken=null]], System.Private.CoreLib, Version=8.0.0.0, Culture=neutral, PublicKeyToken=7cec85d7bea7798e]]'.
2026-10-07 11:58:49.371 +03:00 [INF] Executed action CMS.API.Controllers.NotificationsController.GetNotifications (CMS.API) in 45.6418ms
2026-10-07 11:58:49.378 +03:00 [INF] Executed endpoint 'CMS.API.Controllers.NotificationsController.GetNotifications (CMS.API)'
2026-10-07 11:58:49.382 +03:00 [INF] Request finished HTTP/1.1 GET http://127.0.0.1:5010/api/v1/notifications - 200 null application/json; charset=utf-8 81.1333ms
2026-10-07 11:59:51.332 +03:00 [INF] Request starting HTTP/1.1 GET http://127.0.0.1:5010/api/v1/notifications - application/json null
2026-10-07 11:59:51.341 +03:00 [INF] Executing endpoint 'CMS.API.Controllers.NotificationsController.GetNotifications (CMS.API)'
2026-10-07 11:59:51.346 +03:00 [INF] Route matched with {action = "GetNotifications", controller = "Notifications"}. Executing controller action with signature System.Threading.Tasks.Task`1[Microsoft.AspNetCore.Mvc.IActionResult] GetNotifications(System.Nullable`1[System.Int32], System.String) on controller CMS.API.Controllers.NotificationsController (CMS.API).
2026-10-07 11:59:51.382 +03:00 [INF] Executing OkObjectResult, writing value of type 'CMS.Shared.DTOs.ApiResponse`1[[System.Collections.Generic.List`1[[CMS.Shared.DTOs.NotificationItemDto, CMS.Shared, Version=1.0.0.0, Culture=neutral, PublicKeyToken=null]], System.Private.CoreLib, Version=8.0.0.0, Culture=neutral, PublicKeyToken=7cec85d7bea7798e]]'.
2026-10-07 11:59:51.387 +03:00 [INF] Executed action CMS.API.Controllers.NotificationsController.GetNotifications (CMS.API) in 35.4217ms
2026-10-07 11:59:51.393 +03:00 [INF] Executed endpoint 'CMS.API.Controllers.NotificationsController.GetNotifications (CMS.API)'
2026-10-07 11:59:51.397 +03:00 [INF] Request finished HTTP/1.1 GET http://127.0.0.1:5010/api/v1/notifications - 200 null application/json; charset=utf-8 64.2102ms
2026-10-07 11:59:54.907 +03:00 [INF] Request starting HTTP/1.1 GET http://127.0.0.1:5010/api/v1/reports/doctor-performance - application/json null
2026-10-07 11:59:54.911 +03:00 [INF] Request starting HTTP/1.1 GET http://127.0.0.1:5010/api/v1/reports/procedures?dateFrom=2026-09-30&dateTo=2026-10-07 - application/json null
2026-10-07 11:59:54.912 +03:00 [INF] Request starting HTTP/1.1 GET http://127.0.0.1:5010/api/v1/reports/receptionists - application/json null
2026-10-07 11:59:54.919 +03:00 [INF] Executing endpoint 'CMS.API.Controllers.ReportsController.GetDoctorPerformanceReport (CMS.API)'
2026-10-07 11:59:54.930 +03:00 [INF] Executing endpoint 'CMS.API.Controllers.ReportsController.GetProcedureReport (CMS.API)'
2026-10-07 11:59:54.938 +03:00 [INF] Executing endpoint 'CMS.API.Controllers.ReportsController.GetReceptionists (CMS.API)'
2026-10-07 11:59:54.942 +03:00 [INF] Route matched with {action = "GetDoctorPerformanceReport", controller = "Reports"}. Executing controller action with signature System.Threading.Tasks.Task`1[Microsoft.AspNetCore.Mvc.IActionResult] GetDoctorPerformanceReport(System.Nullable`1[System.DateTime], System.Nullable`1[System.DateTime], System.String) on controller CMS.API.Controllers.ReportsController (CMS.API).
2026-10-07 11:59:54.949 +03:00 [INF] Route matched with {action = "GetReceptionists", controller = "Reports"}. Executing controller action with signature System.Threading.Tasks.Task`1[Microsoft.AspNetCore.Mvc.IActionResult] GetReceptionists() on controller CMS.API.Controllers.ReportsController (CMS.API).
2026-10-07 11:59:54.953 +03:00 [INF] Route matched with {action = "GetProcedureReport", controller = "Reports"}. Executing controller action with signature System.Threading.Tasks.Task`1[Microsoft.AspNetCore.Mvc.IActionResult] GetProcedureReport(System.Nullable`1[System.DateTime], System.Nullable`1[System.DateTime], System.String) on controller CMS.API.Controllers.ReportsController (CMS.API).
2026-10-07 11:59:55.016 +03:00 [INF] Executing OkObjectResult, writing value of type 'CMS.Shared.DTOs.ApiResponse`1[[System.Object, System.Private.CoreLib, Version=8.0.0.0, Culture=neutral, PublicKeyToken=7cec85d7bea7798e]]'.
2026-10-07 11:59:55.044 +03:00 [INF] Executed action CMS.API.Controllers.ReportsController.GetReceptionists (CMS.API) in 77.6227ms
2026-10-07 11:59:55.055 +03:00 [INF] Request starting HTTP/1.1 GET http://127.0.0.1:5010/api/v1/reports/receptionists - application/json null
2026-10-07 11:59:55.058 +03:00 [INF] Executed endpoint 'CMS.API.Controllers.ReportsController.GetReceptionists (CMS.API)'
2026-10-07 11:59:55.083 +03:00 [INF] Request finished HTTP/1.1 GET http://127.0.0.1:5010/api/v1/reports/receptionists - 200 null application/json; charset=utf-8 170.9429ms
2026-10-07 11:59:55.072 +03:00 [INF] Executing endpoint 'CMS.API.Controllers.ReportsController.GetReceptionists (CMS.API)'
2026-10-07 11:59:55.089 +03:00 [INF] Executing OkObjectResult, writing value of type 'CMS.Shared.DTOs.ApiResponse`1[[System.Object, System.Private.CoreLib, Version=8.0.0.0, Culture=neutral, PublicKeyToken=7cec85d7bea7798e]]'.
2026-10-07 11:59:55.115 +03:00 [INF] Route matched with {action = "GetReceptionists", controller = "Reports"}. Executing controller action with signature System.Threading.Tasks.Task`1[Microsoft.AspNetCore.Mvc.IActionResult] GetReceptionists() on controller CMS.API.Controllers.ReportsController (CMS.API).
2026-10-07 11:59:55.121 +03:00 [INF] Executed action CMS.API.Controllers.ReportsController.GetProcedureReport (CMS.API) in 146.0287ms
2026-10-07 11:59:55.130 +03:00 [INF] Request starting HTTP/1.1 GET http://127.0.0.1:5010/api/v1/reports/procedures?dateFrom=2026-09-30&dateTo=2026-10-07 - application/json null
2026-10-07 11:59:55.133 +03:00 [INF] Executing OkObjectResult, writing value of type 'CMS.Shared.DTOs.ApiResponse`1[[System.Object, System.Private.CoreLib, Version=8.0.0.0, Culture=neutral, PublicKeyToken=7cec85d7bea7798e]]'.
2026-10-07 11:59:55.135 +03:00 [INF] Executed endpoint 'CMS.API.Controllers.ReportsController.GetProcedureReport (CMS.API)'
2026-10-07 11:59:55.148 +03:00 [INF] Executing endpoint 'CMS.API.Controllers.ReportsController.GetProcedureReport (CMS.API)'
2026-10-07 11:59:55.153 +03:00 [INF] Executed action CMS.API.Controllers.ReportsController.GetReceptionists (CMS.API) in 21.6713ms
2026-10-07 11:59:55.156 +03:00 [INF] Request finished HTTP/1.1 GET http://127.0.0.1:5010/api/v1/reports/procedures?dateFrom=2026-09-30&dateTo=2026-10-07 - 200 null application/json; charset=utf-8 245.1895ms
2026-10-07 11:59:55.162 +03:00 [INF] Route matched with {action = "GetProcedureReport", controller = "Reports"}. Executing controller action with signature System.Threading.Tasks.Task`1[Microsoft.AspNetCore.Mvc.IActionResult] GetProcedureReport(System.Nullable`1[System.DateTime], System.Nullable`1[System.DateTime], System.String) on controller CMS.API.Controllers.ReportsController (CMS.API).
2026-10-07 11:59:55.167 +03:00 [INF] Executed endpoint 'CMS.API.Controllers.ReportsController.GetReceptionists (CMS.API)'
2026-10-07 11:59:55.204 +03:00 [INF] Request finished HTTP/1.1 GET http://127.0.0.1:5010/api/v1/reports/receptionists - 200 null application/json; charset=utf-8 148.8644ms
2026-10-07 11:59:55.206 +03:00 [INF] Executing OkObjectResult, writing value of type 'CMS.Shared.DTOs.ApiResponse`1[[System.Object, System.Private.CoreLib, Version=8.0.0.0, Culture=neutral, PublicKeyToken=7cec85d7bea7798e]]'.
2026-10-07 11:59:55.224 +03:00 [INF] Executed action CMS.API.Controllers.ReportsController.GetProcedureReport (CMS.API) in 34.3698ms
2026-10-07 11:59:55.234 +03:00 [INF] Executed endpoint 'CMS.API.Controllers.ReportsController.GetProcedureReport (CMS.API)'
2026-10-07 11:59:55.238 +03:00 [INF] Request finished HTTP/1.1 GET http://127.0.0.1:5010/api/v1/reports/procedures?dateFrom=2026-09-30&dateTo=2026-10-07 - 200 null application/json; charset=utf-8 108.8403ms
2026-10-07 11:59:56.457 +03:00 [INF] Executing OkObjectResult, writing value of type 'CMS.Shared.DTOs.ApiResponse`1[[System.Object, System.Private.CoreLib, Version=8.0.0.0, Culture=neutral, PublicKeyToken=7cec85d7bea7798e]]'.
2026-10-07 11:59:56.462 +03:00 [INF] Executed action CMS.API.Controllers.ReportsController.GetDoctorPerformanceReport (CMS.API) in 1506.7016ms
2026-10-07 11:59:56.468 +03:00 [INF] Executed endpoint 'CMS.API.Controllers.ReportsController.GetDoctorPerformanceReport (CMS.API)'
2026-10-07 11:59:56.470 +03:00 [INF] Request starting HTTP/1.1 GET http://127.0.0.1:5010/api/v1/reports/doctor-performance - application/json null
2026-10-07 11:59:56.472 +03:00 [INF] Request finished HTTP/1.1 GET http://127.0.0.1:5010/api/v1/reports/doctor-performance - 200 null application/json; charset=utf-8 1564.8328ms
2026-10-07 11:59:56.482 +03:00 [INF] Executing endpoint 'CMS.API.Controllers.ReportsController.GetDoctorPerformanceReport (CMS.API)'
2026-10-07 11:59:56.497 +03:00 [INF] Route matched with {action = "GetDoctorPerformanceReport", controller = "Reports"}. Executing controller action with signature System.Threading.Tasks.Task`1[Microsoft.AspNetCore.Mvc.IActionResult] GetDoctorPerformanceReport(System.Nullable`1[System.DateTime], System.Nullable`1[System.DateTime], System.String) on controller CMS.API.Controllers.ReportsController (CMS.API).
2026-10-07 11:59:57.854 +03:00 [INF] Executing OkObjectResult, writing value of type 'CMS.Shared.DTOs.ApiResponse`1[[System.Object, System.Private.CoreLib, Version=8.0.0.0, Culture=neutral, PublicKeyToken=7cec85d7bea7798e]]'.
2026-10-07 11:59:57.860 +03:00 [INF] Executed action CMS.API.Controllers.ReportsController.GetDoctorPerformanceReport (CMS.API) in 1356.5848ms
2026-10-07 11:59:57.866 +03:00 [INF] Executed endpoint 'CMS.API.Controllers.ReportsController.GetDoctorPerformanceReport (CMS.API)'
2026-10-07 11:59:57.870 +03:00 [INF] Request finished HTTP/1.1 GET http://127.0.0.1:5010/api/v1/reports/doctor-performance - 200 null application/json; charset=utf-8 1399.4154ms
2026-10-07 12:00:00.102 +03:00 [INF] Request starting HTTP/1.1 GET http://127.0.0.1:5010/api/v1/reports/procedures?dateFrom=2026-09-30&dateTo=2026-10-07&category=Clinical+Procedure - application/json null
2026-10-07 12:00:00.111 +03:00 [INF] Executing endpoint 'CMS.API.Controllers.ReportsController.GetProcedureReport (CMS.API)'
2026-10-07 12:00:00.116 +03:00 [INF] Route matched with {action = "GetProcedureReport", controller = "Reports"}. Executing controller action with signature System.Threading.Tasks.Task`1[Microsoft.AspNetCore.Mvc.IActionResult] GetProcedureReport(System.Nullable`1[System.DateTime], System.Nullable`1[System.DateTime], System.String) on controller CMS.API.Controllers.ReportsController (CMS.API).
2026-10-07 12:00:00.138 +03:00 [INF] Executing OkObjectResult, writing value of type 'CMS.Shared.DTOs.ApiResponse`1[[System.Object, System.Private.CoreLib, Version=8.0.0.0, Culture=neutral, PublicKeyToken=7cec85d7bea7798e]]'.
2026-10-07 12:00:00.142 +03:00 [INF] Executed action CMS.API.Controllers.ReportsController.GetProcedureReport (CMS.API) in 20.872ms
2026-10-07 12:00:00.148 +03:00 [INF] Executed endpoint 'CMS.API.Controllers.ReportsController.GetProcedureReport (CMS.API)'
2026-10-07 12:00:00.152 +03:00 [INF] Request finished HTTP/1.1 GET http://127.0.0.1:5010/api/v1/reports/procedures?dateFrom=2026-09-30&dateTo=2026-10-07&category=Clinical+Procedure - 200 null application/json; charset=utf-8 49.4858ms
2026-10-07 12:00:08.048 +03:00 [INF] Request starting HTTP/1.1 GET http://127.0.0.1:5010/api/v1/staff/doctors - application/json null
2026-10-07 12:00:08.066 +03:00 [INF] Executing endpoint 'CMS.API.Controllers.StaffController.GetDoctors (CMS.API)'
2026-10-07 12:00:08.070 +03:00 [INF] Route matched with {action = "GetDoctors", controller = "Staff"}. Executing controller action with signature System.Threading.Tasks.Task`1[Microsoft.AspNetCore.Mvc.IActionResult] GetDoctors() on controller CMS.API.Controllers.StaffController (CMS.API).
2026-10-07 12:00:08.070 +03:00 [INF] Request starting HTTP/1.1 GET http://127.0.0.1:5010/api/v1/lab/catalog - application/json null
2026-10-07 12:00:08.072 +03:00 [INF] Request starting HTTP/1.1 GET http://127.0.0.1:5010/api/v1/services?limit=1500 - application/json null
2026-10-07 12:00:08.073 +03:00 [INF] Request starting HTTP/1.1 GET http://127.0.0.1:5010/api/v1/pharmacy/formulary - application/json null
2026-10-07 12:00:08.073 +03:00 [INF] Request starting HTTP/1.1 GET http://127.0.0.1:5010/api/v1/triage/doctor/139?date=2026-10-07 - application/json null
2026-10-07 12:00:08.074 +03:00 [INF] Request starting HTTP/1.1 GET http://127.0.0.1:5010/api/v1/billing/invoices?date=2026-10-07&limit=100 - application/json null
2026-10-07 12:00:08.077 +03:00 [INF] Executing OkObjectResult, writing value of type 'CMS.Shared.DTOs.ApiResponse`1[[System.Collections.Generic.List`1[[CMS.Shared.DTOs.DoctorDto, CMS.Shared, Version=1.0.0.0, Culture=neutral, PublicKeyToken=null]], System.Private.CoreLib, Version=8.0.0.0, Culture=neutral, PublicKeyToken=7cec85d7bea7798e]]'.
2026-10-07 12:00:08.085 +03:00 [INF] Executing endpoint 'CMS.API.Controllers.LaboratoryController.GetCatalog (CMS.API)'
2026-10-07 12:00:08.094 +03:00 [INF] Executing endpoint 'CMS.API.Controllers.ServicesController.GetAllServices (CMS.API)'
2026-10-07 12:00:08.104 +03:00 [INF] Executing endpoint 'CMS.API.Controllers.PharmacyController.GetFormulary (CMS.API)'
2026-10-07 12:00:08.114 +03:00 [INF] Executing endpoint 'CMS.API.Controllers.TriageController.GetDoctorQueue (CMS.API)'
2026-10-07 12:00:08.122 +03:00 [INF] Executing endpoint 'CMS.API.Controllers.BillingController.GetInvoices (CMS.API)'
2026-10-07 12:00:08.128 +03:00 [INF] Executed action CMS.API.Controllers.StaffController.GetDoctors (CMS.API) in 51.3214ms
2026-10-07 12:00:08.134 +03:00 [INF] Route matched with {action = "GetCatalog", controller = "Laboratory"}. Executing controller action with signature System.Threading.Tasks.Task`1[Microsoft.AspNetCore.Mvc.IActionResult] GetCatalog() on controller CMS.API.Controllers.LaboratoryController (CMS.API).
2026-10-07 12:00:08.138 +03:00 [INF] Route matched with {action = "GetAllServices", controller = "Services"}. Executing controller action with signature System.Threading.Tasks.Task`1[Microsoft.AspNetCore.Mvc.IActionResult] GetAllServices(System.String, System.String, Int32) on controller CMS.API.Controllers.ServicesController (CMS.API).
2026-10-07 12:00:08.141 +03:00 [INF] Route matched with {action = "GetFormulary", controller = "Pharmacy"}. Executing controller action with signature System.Threading.Tasks.Task`1[Microsoft.AspNetCore.Mvc.IActionResult] GetFormulary() on controller CMS.API.Controllers.PharmacyController (CMS.API).
2026-10-07 12:00:08.145 +03:00 [INF] Route matched with {action = "GetDoctorQueue", controller = "Triage"}. Executing controller action with signature System.Threading.Tasks.Task`1[Microsoft.AspNetCore.Mvc.IActionResult] GetDoctorQueue(Int32, System.Nullable`1[System.DateTime]) on controller CMS.API.Controllers.TriageController (CMS.API).
2026-10-07 12:00:08.149 +03:00 [INF] Route matched with {action = "GetInvoices", controller = "Billing"}. Executing controller action with signature System.Threading.Tasks.Task`1[Microsoft.AspNetCore.Mvc.IActionResult] GetInvoices(Int32, System.Nullable`1[System.Int32], System.Nullable`1[System.DateTime], System.Nullable`1[System.DateTime], System.Nullable`1[System.DateTime]) on controller CMS.API.Controllers.BillingController (CMS.API).
2026-10-07 12:00:08.153 +03:00 [INF] Executed endpoint 'CMS.API.Controllers.StaffController.GetDoctors (CMS.API)'
2026-10-07 12:00:08.174 +03:00 [INF] Executing OkObjectResult, writing value of type 'CMS.Shared.DTOs.ApiResponse`1[[System.Object, System.Private.CoreLib, Version=8.0.0.0, Culture=neutral, PublicKeyToken=7cec85d7bea7798e]]'.
2026-10-07 12:00:08.181 +03:00 [INF] Executing OkObjectResult, writing value of type 'CMS.Shared.DTOs.ApiResponse`1[[System.Collections.Generic.List`1[[CMS.Shared.DTOs.DrugFormularyDto, CMS.Shared, Version=1.0.0.0, Culture=neutral, PublicKeyToken=null]], System.Private.CoreLib, Version=8.0.0.0, Culture=neutral, PublicKeyToken=7cec85d7bea7798e]]'.
2026-10-07 12:00:08.194 +03:00 [INF] Executing OkObjectResult, writing value of type 'CMS.Shared.DTOs.ApiResponse`1[[System.Collections.Generic.List`1[[CMS.Shared.DTOs.LabTestCatalogDto, CMS.Shared, Version=1.0.0.0, Culture=neutral, PublicKeyToken=null]], System.Private.CoreLib, Version=8.0.0.0, Culture=neutral, PublicKeyToken=7cec85d7bea7798e]]'.
2026-10-07 12:00:08.199 +03:00 [INF] Request finished HTTP/1.1 GET http://127.0.0.1:5010/api/v1/staff/doctors - 200 null application/json; charset=utf-8 151.4709ms
2026-10-07 12:00:08.208 +03:00 [INF] Request starting HTTP/1.1 GET http://127.0.0.1:5010/api/v1/staff/doctors - application/json null
2026-10-07 12:00:08.213 +03:00 [INF] Executed action CMS.API.Controllers.ServicesController.GetAllServices (CMS.API) in 39.4056ms
2026-10-07 12:00:08.247 +03:00 [INF] Executed action CMS.API.Controllers.LaboratoryController.GetCatalog (CMS.API) in 82.6878ms
2026-10-07 12:00:08.254 +03:00 [INF] Executing OkObjectResult, writing value of type 'CMS.Shared.DTOs.ApiResponse`1[[System.Object, System.Private.CoreLib, Version=8.0.0.0, Culture=neutral, PublicKeyToken=7cec85d7bea7798e]]'.
2026-10-07 12:00:08.261 +03:00 [INF] Executed action CMS.API.Controllers.PharmacyController.GetFormulary (CMS.API) in 80.3694ms
2026-10-07 12:00:08.271 +03:00 [INF] Executing endpoint 'CMS.API.Controllers.StaffController.GetDoctors (CMS.API)'
2026-10-07 12:00:08.273 +03:00 [INF] Executing OkObjectResult, writing value of type 'CMS.Shared.DTOs.ApiResponse`1[[System.Collections.Generic.List`1[[CMS.Shared.DTOs.InvoiceDto, CMS.Shared, Version=1.0.0.0, Culture=neutral, PublicKeyToken=null]], System.Private.CoreLib, Version=8.0.0.0, Culture=neutral, PublicKeyToken=7cec85d7bea7798e]]'.
2026-10-07 12:00:08.275 +03:00 [INF] Executed endpoint 'CMS.API.Controllers.ServicesController.GetAllServices (CMS.API)'
2026-10-07 12:00:08.279 +03:00 [INF] Executed endpoint 'CMS.API.Controllers.LaboratoryController.GetCatalog (CMS.API)'
2026-10-07 12:00:08.283 +03:00 [INF] Executed action CMS.API.Controllers.TriageController.GetDoctorQueue (CMS.API) in 95.6835ms
2026-10-07 12:00:08.287 +03:00 [INF] Executed endpoint 'CMS.API.Controllers.PharmacyController.GetFormulary (CMS.API)'
2026-10-07 12:00:08.289 +03:00 [INF] Route matched with {action = "GetDoctors", controller = "Staff"}. Executing controller action with signature System.Threading.Tasks.Task`1[Microsoft.AspNetCore.Mvc.IActionResult] GetDoctors() on controller CMS.API.Controllers.StaffController (CMS.API).
2026-10-07 12:00:08.293 +03:00 [INF] Executed action CMS.API.Controllers.BillingController.GetInvoices (CMS.API) in 98.8995ms
2026-10-07 12:00:08.298 +03:00 [INF] Request finished HTTP/1.1 GET http://127.0.0.1:5010/api/v1/services?limit=1500 - 200 null application/json; charset=utf-8 225.6295ms
2026-10-07 12:00:08.303 +03:00 [INF] Request finished HTTP/1.1 GET http://127.0.0.1:5010/api/v1/lab/catalog - 200 null application/json; charset=utf-8 232.8133ms
2026-10-07 12:00:08.307 +03:00 [INF] Request starting HTTP/1.1 GET http://127.0.0.1:5010/api/v1/services?limit=1500 - application/json null
2026-10-07 12:00:08.310 +03:00 [INF] Executed endpoint 'CMS.API.Controllers.TriageController.GetDoctorQueue (CMS.API)'
2026-10-07 12:00:08.316 +03:00 [INF] Request starting HTTP/1.1 GET http://127.0.0.1:5010/api/v1/pharmacy/formulary - application/json null
2026-10-07 12:00:08.365 +03:00 [INF] Request finished HTTP/1.1 GET http://127.0.0.1:5010/api/v1/pharmacy/formulary - 200 null application/json; charset=utf-8 292.4311ms
2026-10-07 12:00:08.383 +03:00 [INF] Request starting HTTP/1.1 GET http://127.0.0.1:5010/api/v1/lab/catalog - application/json null
2026-10-07 12:00:08.465 +03:00 [INF] Executing OkObjectResult, writing value of type 'CMS.Shared.DTOs.ApiResponse`1[[System.Collections.Generic.List`1[[CMS.Shared.DTOs.DoctorDto, CMS.Shared, Version=1.0.0.0, Culture=neutral, PublicKeyToken=null]], System.Private.CoreLib, Version=8.0.0.0, Culture=neutral, PublicKeyToken=7cec85d7bea7798e]]'.
2026-10-07 12:00:08.469 +03:00 [INF] Executed endpoint 'CMS.API.Controllers.BillingController.GetInvoices (CMS.API)'
2026-10-07 12:00:08.500 +03:00 [INF] Executing endpoint 'CMS.API.Controllers.ServicesController.GetAllServices (CMS.API)'
2026-10-07 12:00:08.503 +03:00 [INF] Request finished HTTP/1.1 GET http://127.0.0.1:5010/api/v1/triage/doctor/139?date=2026-10-07 - 200 null application/json; charset=utf-8 430.2705ms
2026-10-07 12:00:08.512 +03:00 [INF] Request starting HTTP/1.1 GET http://127.0.0.1:5010/api/v1/triage/doctor/139?date=2026-10-07 - application/json null
2026-10-07 12:00:08.517 +03:00 [INF] Executing endpoint 'CMS.API.Controllers.PharmacyController.GetFormulary (CMS.API)'
2026-10-07 12:00:08.535 +03:00 [INF] Executing endpoint 'CMS.API.Controllers.LaboratoryController.GetCatalog (CMS.API)'
2026-10-07 12:00:08.538 +03:00 [INF] Executed action CMS.API.Controllers.StaffController.GetDoctors (CMS.API) in 74.0205ms
2026-10-07 12:00:08.541 +03:00 [INF] Request finished HTTP/1.1 GET http://127.0.0.1:5010/api/v1/billing/invoices?date=2026-10-07&limit=100 - 200 null application/json; charset=utf-8 466.8794ms
2026-10-07 12:00:08.545 +03:00 [INF] Route matched with {action = "GetAllServices", controller = "Services"}. Executing controller action with signature System.Threading.Tasks.Task`1[Microsoft.AspNetCore.Mvc.IActionResult] GetAllServices(System.String, System.String, Int32) on controller CMS.API.Controllers.ServicesController (CMS.API).
2026-10-07 12:00:08.551 +03:00 [INF] Request starting HTTP/1.1 GET http://127.0.0.1:5010/api/v1/billing/invoices?date=2026-10-07&limit=100 - application/json null
2026-10-07 12:00:08.569 +03:00 [INF] Executing endpoint 'CMS.API.Controllers.TriageController.GetDoctorQueue (CMS.API)'
2026-10-07 12:00:08.572 +03:00 [INF] Route matched with {action = "GetFormulary", controller = "Pharmacy"}. Executing controller action with signature System.Threading.Tasks.Task`1[Microsoft.AspNetCore.Mvc.IActionResult] GetFormulary() on controller CMS.API.Controllers.PharmacyController (CMS.API).
2026-10-07 12:00:08.575 +03:00 [INF] Route matched with {action = "GetCatalog", controller = "Laboratory"}. Executing controller action with signature System.Threading.Tasks.Task`1[Microsoft.AspNetCore.Mvc.IActionResult] GetCatalog() on controller CMS.API.Controllers.LaboratoryController (CMS.API).
2026-10-07 12:00:08.580 +03:00 [INF] Executed endpoint 'CMS.API.Controllers.StaffController.GetDoctors (CMS.API)'
2026-10-07 12:00:08.598 +03:00 [INF] Executing OkObjectResult, writing value of type 'CMS.Shared.DTOs.ApiResponse`1[[System.Object, System.Private.CoreLib, Version=8.0.0.0, Culture=neutral, PublicKeyToken=7cec85d7bea7798e]]'.
2026-10-07 12:00:08.606 +03:00 [INF] Executing endpoint 'CMS.API.Controllers.BillingController.GetInvoices (CMS.API)'
2026-10-07 12:00:08.609 +03:00 [INF] Route matched with {action = "GetDoctorQueue", controller = "Triage"}. Executing controller action with signature System.Threading.Tasks.Task`1[Microsoft.AspNetCore.Mvc.IActionResult] GetDoctorQueue(Int32, System.Nullable`1[System.DateTime]) on controller CMS.API.Controllers.TriageController (CMS.API).
2026-10-07 12:00:08.616 +03:00 [INF] Executing OkObjectResult, writing value of type 'CMS.Shared.DTOs.ApiResponse`1[[System.Collections.Generic.List`1[[CMS.Shared.DTOs.DrugFormularyDto, CMS.Shared, Version=1.0.0.0, Culture=neutral, PublicKeyToken=null]], System.Private.CoreLib, Version=8.0.0.0, Culture=neutral, PublicKeyToken=7cec85d7bea7798e]]'.
2026-10-07 12:00:08.627 +03:00 [INF] Executing OkObjectResult, writing value of type 'CMS.Shared.DTOs.ApiResponse`1[[System.Collections.Generic.List`1[[CMS.Shared.DTOs.LabTestCatalogDto, CMS.Shared, Version=1.0.0.0, Culture=neutral, PublicKeyToken=null]], System.Private.CoreLib, Version=8.0.0.0, Culture=neutral, PublicKeyToken=7cec85d7bea7798e]]'.
2026-10-07 12:00:08.627 +03:00 [INF] Request finished HTTP/1.1 GET http://127.0.0.1:5010/api/v1/staff/doctors - 200 null application/json; charset=utf-8 418.9502ms
2026-10-07 12:00:08.638 +03:00 [INF] Executed action CMS.API.Controllers.ServicesController.GetAllServices (CMS.API) in 40.517ms
2026-10-07 12:00:08.639 +03:00 [INF] Route matched with {action = "GetInvoices", controller = "Billing"}. Executing controller action with signature System.Threading.Tasks.Task`1[Microsoft.AspNetCore.Mvc.IActionResult] GetInvoices(Int32, System.Nullable`1[System.Int32], System.Nullable`1[System.DateTime], System.Nullable`1[System.DateTime], System.Nullable`1[System.DateTime]) on controller CMS.API.Controllers.BillingController (CMS.API).
2026-10-07 12:00:08.644 +03:00 [INF] Request starting HTTP/1.1 GET http://127.0.0.1:5010/api/v1/encounters/patient/174495 - application/json null
2026-10-07 12:00:08.649 +03:00 [INF] Executing OkObjectResult, writing value of type 'CMS.Shared.DTOs.ApiResponse`1[[System.Object, System.Private.CoreLib, Version=8.0.0.0, Culture=neutral, PublicKeyToken=7cec85d7bea7798e]]'.
2026-10-07 12:00:08.658 +03:00 [INF] Executed action CMS.API.Controllers.LaboratoryController.GetCatalog (CMS.API) in 36.4126ms
2026-10-07 12:00:08.680 +03:00 [INF] Executed endpoint 'CMS.API.Controllers.ServicesController.GetAllServices (CMS.API)'
2026-10-07 12:00:08.689 +03:00 [INF] Executed action CMS.API.Controllers.PharmacyController.GetFormulary (CMS.API) in 72.862ms
2026-10-07 12:00:08.698 +03:00 [INF] Executing endpoint 'CMS.API.Controllers.EncountersController.GetPatientEncounters (CMS.API)'
2026-10-07 12:00:08.701 +03:00 [INF] Executing OkObjectResult, writing value of type 'CMS.Shared.DTOs.ApiResponse`1[[System.Collections.Generic.List`1[[CMS.Shared.DTOs.InvoiceDto, CMS.Shared, Version=1.0.0.0, Culture=neutral, PublicKeyToken=null]], System.Private.CoreLib, Version=8.0.0.0, Culture=neutral, PublicKeyToken=7cec85d7bea7798e]]'.
2026-10-07 12:00:08.708 +03:00 [INF] Executed endpoint 'CMS.API.Controllers.LaboratoryController.GetCatalog (CMS.API)'
2026-10-07 12:00:08.711 +03:00 [INF] Request finished HTTP/1.1 GET http://127.0.0.1:5010/api/v1/services?limit=1500 - 200 null application/json; charset=utf-8 404.2386ms
2026-10-07 12:00:08.719 +03:00 [INF] Executed endpoint 'CMS.API.Controllers.PharmacyController.GetFormulary (CMS.API)'
2026-10-07 12:00:08.703 +03:00 [INF] Executed action CMS.API.Controllers.TriageController.GetDoctorQueue (CMS.API) in 56.4178ms
2026-10-07 12:00:08.721 +03:00 [INF] Request starting HTTP/1.1 GET http://127.0.0.1:5010/api/v1/medicalcertificates/patient/174495 - application/json null
2026-10-07 12:00:08.723 +03:00 [INF] Route matched with {action = "GetPatientEncounters", controller = "Encounters"}. Executing controller action with signature System.Threading.Tasks.Task`1[Microsoft.AspNetCore.Mvc.IActionResult] GetPatientEncounters(Int32) on controller CMS.API.Controllers.EncountersController (CMS.API).
2026-10-07 12:00:08.728 +03:00 [INF] Executed action CMS.API.Controllers.BillingController.GetInvoices (CMS.API) in 40.5421ms
2026-10-07 12:00:08.731 +03:00 [INF] Request finished HTTP/1.1 GET http://127.0.0.1:5010/api/v1/lab/catalog - 200 null application/json; charset=utf-8 348.2821ms
2026-10-07 12:00:08.737 +03:00 [INF] Request starting HTTP/1.1 GET http://127.0.0.1:5010/api/v1/triage/patient/174495/latest - application/json null
2026-10-07 12:00:08.745 +03:00 [INF] Request finished HTTP/1.1 GET http://127.0.0.1:5010/api/v1/pharmacy/formulary - 200 null application/json; charset=utf-8 428.5292ms
2026-10-07 12:00:08.749 +03:00 [INF] Executed endpoint 'CMS.API.Controllers.TriageController.GetDoctorQueue (CMS.API)'
2026-10-07 12:00:08.757 +03:00 [INF] Executing endpoint 'CMS.API.Controllers.MedicalCertificatesController.GetPatientCertificates (CMS.API)'
2026-10-07 12:00:08.768 +03:00 [INF] Executed endpoint 'CMS.API.Controllers.BillingController.GetInvoices (CMS.API)'
2026-10-07 12:00:08.786 +03:00 [INF] Executing endpoint 'CMS.API.Controllers.TriageController.GetLatestPatientVitals (CMS.API)'
2026-10-07 12:00:08.798 +03:00 [INF] Request finished HTTP/1.1 GET http://127.0.0.1:5010/api/v1/triage/doctor/139?date=2026-10-07 - 200 null application/json; charset=utf-8 285.8315ms
2026-10-07 12:00:08.802 +03:00 [INF] Route matched with {action = "GetPatientCertificates", controller = "MedicalCertificates"}. Executing controller action with signature System.Threading.Tasks.Task`1[Microsoft.AspNetCore.Mvc.IActionResult] GetPatientCertificates(Int32) on controller CMS.API.Controllers.MedicalCertificatesController (CMS.API).
2026-10-07 12:00:08.804 +03:00 [INF] Request finished HTTP/1.1 GET http://127.0.0.1:5010/api/v1/billing/invoices?date=2026-10-07&limit=100 - 200 null application/json; charset=utf-8 253.595ms
2026-10-07 12:00:08.807 +03:00 [INF] Route matched with {action = "GetLatestPatientVitals", controller = "Triage"}. Executing controller action with signature System.Threading.Tasks.Task`1[Microsoft.AspNetCore.Mvc.IActionResult] GetLatestPatientVitals(Int32) on controller CMS.API.Controllers.TriageController (CMS.API).
2026-10-07 12:00:08.843 +03:00 [INF] Executing OkObjectResult, writing value of type 'CMS.Shared.DTOs.ApiResponse`1[[System.Collections.Generic.List`1[[CMS.Shared.DTOs.EncounterDto, CMS.Shared, Version=1.0.0.0, Culture=neutral, PublicKeyToken=null]], System.Private.CoreLib, Version=8.0.0.0, Culture=neutral, PublicKeyToken=7cec85d7bea7798e]]'.
2026-10-07 12:00:08.845 +03:00 [INF] Executing OkObjectResult, writing value of type 'CMS.Shared.DTOs.ApiResponse`1[[System.Collections.Generic.List`1[[CMS.Shared.DTOs.MedicalCertificateDto, CMS.Shared, Version=1.0.0.0, Culture=neutral, PublicKeyToken=null]], System.Private.CoreLib, Version=8.0.0.0, Culture=neutral, PublicKeyToken=7cec85d7bea7798e]]'.
2026-10-07 12:00:08.849 +03:00 [INF] Executed action CMS.API.Controllers.EncountersController.GetPatientEncounters (CMS.API) in 86.3957ms
2026-10-07 12:00:08.853 +03:00 [INF] Executed action CMS.API.Controllers.MedicalCertificatesController.GetPatientCertificates (CMS.API) in 31.7268ms
2026-10-07 12:00:08.858 +03:00 [INF] Executed endpoint 'CMS.API.Controllers.EncountersController.GetPatientEncounters (CMS.API)'
2026-10-07 12:00:08.859 +03:00 [INF] Executing OkObjectResult, writing value of type 'CMS.Shared.DTOs.ApiResponse`1[[CMS.Shared.DTOs.TriageDto, CMS.Shared, Version=1.0.0.0, Culture=neutral, PublicKeyToken=null]]'.
2026-10-07 12:00:08.856 +03:00 [INF] Request starting HTTP/1.1 GET http://127.0.0.1:5010/api/v1/encounters/patient/174495 - application/json null
2026-10-07 12:00:08.864 +03:00 [INF] Request starting HTTP/1.1 GET http://127.0.0.1:5010/api/v1/medicalcertificates/patient/174495 - application/json null
2026-10-07 12:00:08.864 +03:00 [INF] Executed endpoint 'CMS.API.Controllers.MedicalCertificatesController.GetPatientCertificates (CMS.API)'
2026-10-07 12:00:08.868 +03:00 [INF] Request finished HTTP/1.1 GET http://127.0.0.1:5010/api/v1/encounters/patient/174495 - 200 null application/json; charset=utf-8 223.9498ms
2026-10-07 12:00:08.872 +03:00 [INF] Executed action CMS.API.Controllers.TriageController.GetLatestPatientVitals (CMS.API) in 33.8286ms
2026-10-07 12:00:08.879 +03:00 [INF] Request starting HTTP/1.1 GET http://127.0.0.1:5010/api/v1/triage/patient/174495/latest - application/json null
2026-10-07 12:00:08.881 +03:00 [INF] Executing endpoint 'CMS.API.Controllers.EncountersController.GetPatientEncounters (CMS.API)'
2026-10-07 12:00:08.887 +03:00 [INF] Executing endpoint 'CMS.API.Controllers.MedicalCertificatesController.GetPatientCertificates (CMS.API)'
2026-10-07 12:00:08.890 +03:00 [INF] Request finished HTTP/1.1 GET http://127.0.0.1:5010/api/v1/medicalcertificates/patient/174495 - 200 null application/json; charset=utf-8 169.0648ms
2026-10-07 12:00:08.905 +03:00 [INF] Executed endpoint 'CMS.API.Controllers.TriageController.GetLatestPatientVitals (CMS.API)'
2026-10-07 12:00:08.915 +03:00 [INF] Executing endpoint 'CMS.API.Controllers.TriageController.GetLatestPatientVitals (CMS.API)'
2026-10-07 12:00:08.918 +03:00 [INF] Route matched with {action = "GetPatientEncounters", controller = "Encounters"}. Executing controller action with signature System.Threading.Tasks.Task`1[Microsoft.AspNetCore.Mvc.IActionResult] GetPatientEncounters(Int32) on controller CMS.API.Controllers.EncountersController (CMS.API).
2026-10-07 12:00:08.922 +03:00 [INF] Route matched with {action = "GetPatientCertificates", controller = "MedicalCertificates"}. Executing controller action with signature System.Threading.Tasks.Task`1[Microsoft.AspNetCore.Mvc.IActionResult] GetPatientCertificates(Int32) on controller CMS.API.Controllers.MedicalCertificatesController (CMS.API).
2026-10-07 12:00:08.935 +03:00 [INF] Request finished HTTP/1.1 GET http://127.0.0.1:5010/api/v1/triage/patient/174495/latest - 200 null application/json; charset=utf-8 197.2464ms
2026-10-07 12:00:08.939 +03:00 [INF] Route matched with {action = "GetLatestPatientVitals", controller = "Triage"}. Executing controller action with signature System.Threading.Tasks.Task`1[Microsoft.AspNetCore.Mvc.IActionResult] GetLatestPatientVitals(Int32) on controller CMS.API.Controllers.TriageController (CMS.API).
2026-10-07 12:00:08.947 +03:00 [INF] Executing OkObjectResult, writing value of type 'CMS.Shared.DTOs.ApiResponse`1[[System.Collections.Generic.List`1[[CMS.Shared.DTOs.EncounterDto, CMS.Shared, Version=1.0.0.0, Culture=neutral, PublicKeyToken=null]], System.Private.CoreLib, Version=8.0.0.0, Culture=neutral, PublicKeyToken=7cec85d7bea7798e]]'.
2026-10-07 12:00:08.954 +03:00 [INF] Executing OkObjectResult, writing value of type 'CMS.Shared.DTOs.ApiResponse`1[[System.Collections.Generic.List`1[[CMS.Shared.DTOs.MedicalCertificateDto, CMS.Shared, Version=1.0.0.0, Culture=neutral, PublicKeyToken=null]], System.Private.CoreLib, Version=8.0.0.0, Culture=neutral, PublicKeyToken=7cec85d7bea7798e]]'.
2026-10-07 12:00:08.974 +03:00 [INF] Executing OkObjectResult, writing value of type 'CMS.Shared.DTOs.ApiResponse`1[[CMS.Shared.DTOs.TriageDto, CMS.Shared, Version=1.0.0.0, Culture=neutral, PublicKeyToken=null]]'.
2026-10-07 12:00:08.976 +03:00 [INF] Executed action CMS.API.Controllers.EncountersController.GetPatientEncounters (CMS.API) in 31.6104ms
2026-10-07 12:00:08.981 +03:00 [INF] Executed action CMS.API.Controllers.MedicalCertificatesController.GetPatientCertificates (CMS.API) in 27.8757ms
2026-10-07 12:00:08.986 +03:00 [INF] Executed action CMS.API.Controllers.TriageController.GetLatestPatientVitals (CMS.API) in 14.5406ms
2026-10-07 12:00:08.990 +03:00 [INF] Executed endpoint 'CMS.API.Controllers.EncountersController.GetPatientEncounters (CMS.API)'
2026-10-07 12:00:08.995 +03:00 [INF] Executed endpoint 'CMS.API.Controllers.MedicalCertificatesController.GetPatientCertificates (CMS.API)'
2026-10-07 12:00:09.002 +03:00 [INF] Executed endpoint 'CMS.API.Controllers.TriageController.GetLatestPatientVitals (CMS.API)'
2026-10-07 12:00:09.006 +03:00 [INF] Request finished HTTP/1.1 GET http://127.0.0.1:5010/api/v1/encounters/patient/174495 - 200 null application/json; charset=utf-8 149.7966ms
2026-10-07 12:00:09.010 +03:00 [INF] Request finished HTTP/1.1 GET http://127.0.0.1:5010/api/v1/medicalcertificates/patient/174495 - 200 null application/json; charset=utf-8 146.4185ms
2026-10-07 12:00:09.015 +03:00 [INF] Request finished HTTP/1.1 GET http://127.0.0.1:5010/api/v1/triage/patient/174495/latest - 200 null application/json; charset=utf-8 135.6536ms
2026-10-07 12:00:14.278 +03:00 [INF] Request starting HTTP/1.1 POST http://127.0.0.1:5010/api/v1/procedures - application/json 183
2026-10-07 12:00:14.292 +03:00 [INF] CORS policy execution successful.
2026-10-07 12:00:14.296 +03:00 [INF] Executing endpoint 'CMS.API.Controllers.ProceduresController.CreateOrder (CMS.API)'
2026-10-07 12:00:14.312 +03:00 [INF] Route matched with {action = "CreateOrder", controller = "Procedures"}. Executing controller action with signature System.Threading.Tasks.Task`1[Microsoft.AspNetCore.Mvc.IActionResult] CreateOrder(CMS.Shared.DTOs.CreateProcedureOrderDto) on controller CMS.API.Controllers.ProceduresController (CMS.API).
2026-10-07 12:00:14.341 +03:00 [INF] Executing BadRequestObjectResult, writing value of type 'Microsoft.AspNetCore.Mvc.ValidationProblemDetails'.
2026-10-07 12:00:14.371 +03:00 [INF] Executed action CMS.API.Controllers.ProceduresController.CreateOrder (CMS.API) in 49.3163ms
2026-10-07 12:00:14.377 +03:00 [INF] Executed endpoint 'CMS.API.Controllers.ProceduresController.CreateOrder (CMS.API)'
2026-10-07 12:00:14.382 +03:00 [INF] Request finished HTTP/1.1 POST http://127.0.0.1:5010/api/v1/procedures - 400 null application/problem+json; charset=utf-8 103.2076ms
2026-10-07 12:00:14.403 +03:00 [INF] Request starting HTTP/1.1 POST http://127.0.0.1:5010/api/v1/procedures - application/json 184
2026-10-07 12:00:14.414 +03:00 [INF] CORS policy execution successful.
2026-10-07 12:00:14.416 +03:00 [INF] Executing endpoint 'CMS.API.Controllers.ProceduresController.CreateOrder (CMS.API)'
2026-10-07 12:00:14.422 +03:00 [INF] Route matched with {action = "CreateOrder", controller = "Procedures"}. Executing controller action with signature System.Threading.Tasks.Task`1[Microsoft.AspNetCore.Mvc.IActionResult] CreateOrder(CMS.Shared.DTOs.CreateProcedureOrderDto) on controller CMS.API.Controllers.ProceduresController (CMS.API).
2026-10-07 12:00:14.431 +03:00 [INF] Executing BadRequestObjectResult, writing value of type 'Microsoft.AspNetCore.Mvc.ValidationProblemDetails'.
2026-10-07 12:00:14.436 +03:00 [INF] Executed action CMS.API.Controllers.ProceduresController.CreateOrder (CMS.API) in 7.0533ms
2026-10-07 12:00:14.442 +03:00 [INF] Executed endpoint 'CMS.API.Controllers.ProceduresController.CreateOrder (CMS.API)'
2026-10-07 12:00:14.446 +03:00 [INF] Request finished HTTP/1.1 POST http://127.0.0.1:5010/api/v1/procedures - 400 null application/problem+json; charset=utf-8 42.6532ms
2026-10-07 12:00:14.461 +03:00 [INF] Request starting HTTP/1.1 POST http://127.0.0.1:5010/api/v1/procedures - application/json 173
2026-10-07 12:00:14.470 +03:00 [INF] CORS policy execution successful.
2026-10-07 12:00:14.474 +03:00 [INF] Executing endpoint 'CMS.API.Controllers.ProceduresController.CreateOrder (CMS.API)'
2026-10-07 12:00:14.477 +03:00 [INF] Route matched with {action = "CreateOrder", controller = "Procedures"}. Executing controller action with signature System.Threading.Tasks.Task`1[Microsoft.AspNetCore.Mvc.IActionResult] CreateOrder(CMS.Shared.DTOs.CreateProcedureOrderDto) on controller CMS.API.Controllers.ProceduresController (CMS.API).
2026-10-07 12:00:14.487 +03:00 [INF] Executing BadRequestObjectResult, writing value of type 'Microsoft.AspNetCore.Mvc.ValidationProblemDetails'.
2026-10-07 12:00:14.493 +03:00 [INF] Executed action CMS.API.Controllers.ProceduresController.CreateOrder (CMS.API) in 7.8635ms
2026-10-07 12:00:14.499 +03:00 [INF] Executed endpoint 'CMS.API.Controllers.ProceduresController.CreateOrder (CMS.API)'
2026-10-07 12:00:14.502 +03:00 [INF] Request finished HTTP/1.1 POST http://127.0.0.1:5010/api/v1/procedures - 400 null application/problem+json; charset=utf-8 40.8969ms
2026-10-07 12:00:14.514 +03:00 [INF] Request starting HTTP/1.1 POST http://127.0.0.1:5010/api/v1/billing/invoices - application/json 461
2026-10-07 12:00:14.521 +03:00 [INF] CORS policy execution successful.
2026-10-07 12:00:14.523 +03:00 [INF] Executing endpoint 'CMS.API.Controllers.BillingController.CreateInvoice (CMS.API)'
2026-10-07 12:00:14.527 +03:00 [INF] Route matched with {action = "CreateInvoice", controller = "Billing"}. Executing controller action with signature System.Threading.Tasks.Task`1[Microsoft.AspNetCore.Mvc.IActionResult] CreateInvoice(CMS.Shared.DTOs.CreateInvoiceDto) on controller CMS.API.Controllers.BillingController (CMS.API).
2026-10-07 12:00:14.612 +03:00 [INF] Executing OkObjectResult, writing value of type 'CMS.Shared.DTOs.ApiResponse`1[[System.Object, System.Private.CoreLib, Version=8.0.0.0, Culture=neutral, PublicKeyToken=7cec85d7bea7798e]]'.
2026-10-07 12:00:14.617 +03:00 [INF] Executed action CMS.API.Controllers.BillingController.CreateInvoice (CMS.API) in 82.5155ms
2026-10-07 12:00:14.623 +03:00 [INF] Executed endpoint 'CMS.API.Controllers.BillingController.CreateInvoice (CMS.API)'
2026-10-07 12:00:14.627 +03:00 [INF] Request finished HTTP/1.1 POST http://127.0.0.1:5010/api/v1/billing/invoices - 200 null application/json; charset=utf-8 113.2829ms
2026-10-07 12:00:17.073 +03:00 [INF] Request starting HTTP/1.1 GET http://127.0.0.1:5010/api/v1/reports/doctor-performance - application/json null
2026-10-07 12:00:17.074 +03:00 [INF] Request starting HTTP/1.1 GET http://127.0.0.1:5010/api/v1/reports/receptionists - application/json null
2026-10-07 12:00:17.075 +03:00 [INF] Request starting HTTP/1.1 GET http://127.0.0.1:5010/api/v1/reports/procedures?dateFrom=2026-09-30&dateTo=2026-10-07 - application/json null
2026-10-07 12:00:17.084 +03:00 [INF] Executing endpoint 'CMS.API.Controllers.ReportsController.GetDoctorPerformanceReport (CMS.API)'
2026-10-07 12:00:17.093 +03:00 [INF] Executing endpoint 'CMS.API.Controllers.ReportsController.GetReceptionists (CMS.API)'
2026-10-07 12:00:17.102 +03:00 [INF] Executing endpoint 'CMS.API.Controllers.ReportsController.GetProcedureReport (CMS.API)'
2026-10-07 12:00:17.106 +03:00 [INF] Route matched with {action = "GetDoctorPerformanceReport", controller = "Reports"}. Executing controller action with signature System.Threading.Tasks.Task`1[Microsoft.AspNetCore.Mvc.IActionResult] GetDoctorPerformanceReport(System.Nullable`1[System.DateTime], System.Nullable`1[System.DateTime], System.String) on controller CMS.API.Controllers.ReportsController (CMS.API).
2026-10-07 12:00:17.116 +03:00 [INF] Route matched with {action = "GetReceptionists", controller = "Reports"}. Executing controller action with signature System.Threading.Tasks.Task`1[Microsoft.AspNetCore.Mvc.IActionResult] GetReceptionists() on controller CMS.API.Controllers.ReportsController (CMS.API).
2026-10-07 12:00:17.120 +03:00 [INF] Route matched with {action = "GetProcedureReport", controller = "Reports"}. Executing controller action with signature System.Threading.Tasks.Task`1[Microsoft.AspNetCore.Mvc.IActionResult] GetProcedureReport(System.Nullable`1[System.DateTime], System.Nullable`1[System.DateTime], System.String) on controller CMS.API.Controllers.ReportsController (CMS.API).
2026-10-07 12:00:17.139 +03:00 [INF] Executing OkObjectResult, writing value of type 'CMS.Shared.DTOs.ApiResponse`1[[System.Object, System.Private.CoreLib, Version=8.0.0.0, Culture=neutral, PublicKeyToken=7cec85d7bea7798e]]'.
2026-10-07 12:00:17.149 +03:00 [INF] Executed action CMS.API.Controllers.ReportsController.GetReceptionists (CMS.API) in 12.35ms
2026-10-07 12:00:17.160 +03:00 [INF] Request starting HTTP/1.1 GET http://127.0.0.1:5010/api/v1/reports/receptionists - application/json null
2026-10-07 12:00:17.160 +03:00 [INF] Executing OkObjectResult, writing value of type 'CMS.Shared.DTOs.ApiResponse`1[[System.Object, System.Private.CoreLib, Version=8.0.0.0, Culture=neutral, PublicKeyToken=7cec85d7bea7798e]]'.
2026-10-07 12:00:17.162 +03:00 [INF] Executed endpoint 'CMS.API.Controllers.ReportsController.GetReceptionists (CMS.API)'
2026-10-07 12:00:17.175 +03:00 [INF] Executing endpoint 'CMS.API.Controllers.ReportsController.GetReceptionists (CMS.API)'
2026-10-07 12:00:17.184 +03:00 [INF] Executed action CMS.API.Controllers.ReportsController.GetProcedureReport (CMS.API) in 40.5243ms
2026-10-07 12:00:17.188 +03:00 [INF] Request finished HTTP/1.1 GET http://127.0.0.1:5010/api/v1/reports/receptionists - 200 null application/json; charset=utf-8 113.5634ms
2026-10-07 12:00:17.193 +03:00 [INF] Request starting HTTP/1.1 GET http://127.0.0.1:5010/api/v1/reports/procedures?dateFrom=2026-09-30&dateTo=2026-10-07 - application/json null
2026-10-07 12:00:17.194 +03:00 [INF] Route matched with {action = "GetReceptionists", controller = "Reports"}. Executing controller action with signature System.Threading.Tasks.Task`1[Microsoft.AspNetCore.Mvc.IActionResult] GetReceptionists() on controller CMS.API.Controllers.ReportsController (CMS.API).
2026-10-07 12:00:17.200 +03:00 [INF] Executed endpoint 'CMS.API.Controllers.ReportsController.GetProcedureReport (CMS.API)'
2026-10-07 12:00:17.220 +03:00 [INF] Executing endpoint 'CMS.API.Controllers.ReportsController.GetProcedureReport (CMS.API)'
2026-10-07 12:00:17.231 +03:00 [INF] Executing OkObjectResult, writing value of type 'CMS.Shared.DTOs.ApiResponse`1[[System.Object, System.Private.CoreLib, Version=8.0.0.0, Culture=neutral, PublicKeyToken=7cec85d7bea7798e]]'.
2026-10-07 12:00:17.234 +03:00 [INF] Request finished HTTP/1.1 GET http://127.0.0.1:5010/api/v1/reports/procedures?dateFrom=2026-09-30&dateTo=2026-10-07 - 200 null application/json; charset=utf-8 159.5892ms
2026-10-07 12:00:17.241 +03:00 [INF] Route matched with {action = "GetProcedureReport", controller = "Reports"}. Executing controller action with signature System.Threading.Tasks.Task`1[Microsoft.AspNetCore.Mvc.IActionResult] GetProcedureReport(System.Nullable`1[System.DateTime], System.Nullable`1[System.DateTime], System.String) on controller CMS.API.Controllers.ReportsController (CMS.API).
2026-10-07 12:00:17.247 +03:00 [INF] Executed action CMS.API.Controllers.ReportsController.GetReceptionists (CMS.API) in 18.5013ms
2026-10-07 12:00:17.269 +03:00 [INF] Executed endpoint 'CMS.API.Controllers.ReportsController.GetReceptionists (CMS.API)'
2026-10-07 12:00:17.272 +03:00 [INF] Request finished HTTP/1.1 GET http://127.0.0.1:5010/api/v1/reports/receptionists - 200 null application/json; charset=utf-8 112.8579ms
2026-10-07 12:00:17.277 +03:00 [INF] Executing OkObjectResult, writing value of type 'CMS.Shared.DTOs.ApiResponse`1[[System.Object, System.Private.CoreLib, Version=8.0.0.0, Culture=neutral, PublicKeyToken=7cec85d7bea7798e]]'.
2026-10-07 12:00:17.291 +03:00 [INF] Executed action CMS.API.Controllers.ReportsController.GetProcedureReport (CMS.API) in 25.3075ms
2026-10-07 12:00:17.297 +03:00 [INF] Executed endpoint 'CMS.API.Controllers.ReportsController.GetProcedureReport (CMS.API)'
2026-10-07 12:00:17.301 +03:00 [INF] Request finished HTTP/1.1 GET http://127.0.0.1:5010/api/v1/reports/procedures?dateFrom=2026-09-30&dateTo=2026-10-07 - 200 null application/json; charset=utf-8 107.1961ms
2026-10-07 12:00:18.319 +03:00 [INF] Executing OkObjectResult, writing value of type 'CMS.Shared.DTOs.ApiResponse`1[[System.Object, System.Private.CoreLib, Version=8.0.0.0, Culture=neutral, PublicKeyToken=7cec85d7bea7798e]]'.
2026-10-07 12:00:18.324 +03:00 [INF] Executed action CMS.API.Controllers.ReportsController.GetDoctorPerformanceReport (CMS.API) in 1196.3396ms
2026-10-07 12:00:18.329 +03:00 [INF] Executed endpoint 'CMS.API.Controllers.ReportsController.GetDoctorPerformanceReport (CMS.API)'
2026-10-07 12:00:18.332 +03:00 [INF] Request starting HTTP/1.1 GET http://127.0.0.1:5010/api/v1/reports/doctor-performance - application/json null
2026-10-07 12:00:18.334 +03:00 [INF] Request finished HTTP/1.1 GET http://127.0.0.1:5010/api/v1/reports/doctor-performance - 200 null application/json; charset=utf-8 1260.6078ms
2026-10-07 12:00:18.342 +03:00 [INF] Executing endpoint 'CMS.API.Controllers.ReportsController.GetDoctorPerformanceReport (CMS.API)'
2026-10-07 12:00:18.356 +03:00 [INF] Route matched with {action = "GetDoctorPerformanceReport", controller = "Reports"}. Executing controller action with signature System.Threading.Tasks.Task`1[Microsoft.AspNetCore.Mvc.IActionResult] GetDoctorPerformanceReport(System.Nullable`1[System.DateTime], System.Nullable`1[System.DateTime], System.String) on controller CMS.API.Controllers.ReportsController (CMS.API).
2026-10-07 12:00:19.494 +03:00 [INF] Executing OkObjectResult, writing value of type 'CMS.Shared.DTOs.ApiResponse`1[[System.Object, System.Private.CoreLib, Version=8.0.0.0, Culture=neutral, PublicKeyToken=7cec85d7bea7798e]]'.
2026-10-07 12:00:19.499 +03:00 [INF] Executed action CMS.API.Controllers.ReportsController.GetDoctorPerformanceReport (CMS.API) in 1136.0324ms
2026-10-07 12:00:19.505 +03:00 [INF] Executed endpoint 'CMS.API.Controllers.ReportsController.GetDoctorPerformanceReport (CMS.API)'
2026-10-07 12:00:19.509 +03:00 [INF] Request finished HTTP/1.1 GET http://127.0.0.1:5010/api/v1/reports/doctor-performance - 200 null application/json; charset=utf-8 1176.9461ms
2026-10-07 12:00:19.569 +03:00 [INF] Request starting HTTP/1.1 GET http://127.0.0.1:5010/api/v1/billing/invoices?limit=1000&fromDate=2026-10-07&toDate=2026-10-07 - application/json null
2026-10-07 12:00:19.570 +03:00 [INF] Request starting HTTP/1.1 GET http://127.0.0.1:5010/api/v1/billing/stats?fromDate=2026-10-07&toDate=2026-10-07 - application/json null
2026-10-07 12:00:19.570 +03:00 [INF] Request starting HTTP/1.1 GET http://127.0.0.1:5010/api/v1/patients/search - application/json null
2026-10-07 12:00:19.571 +03:00 [INF] Request starting HTTP/1.1 GET http://127.0.0.1:5010/api/v1/settings - application/json null
2026-10-07 12:00:19.572 +03:00 [INF] Request starting HTTP/1.1 GET http://127.0.0.1:5010/api/v1/billing/insurance/providers - application/json null
2026-10-07 12:00:19.572 +03:00 [INF] Request starting HTTP/1.1 GET http://127.0.0.1:5010/api/v1/billing/insurance/claims - application/json null
2026-10-07 12:00:19.579 +03:00 [INF] Executing endpoint 'CMS.API.Controllers.BillingController.GetInvoices (CMS.API)'
2026-10-07 12:00:19.587 +03:00 [INF] Executing endpoint 'CMS.API.Controllers.BillingController.GetBillingStats (CMS.API)'
2026-10-07 12:00:19.598 +03:00 [INF] Executing endpoint 'CMS.API.Controllers.PatientsController.Search (CMS.API)'
2026-10-07 12:00:19.608 +03:00 [INF] Executing endpoint 'CMS.API.Controllers.SettingsController.GetSettings (CMS.API)'
2026-10-07 12:00:19.618 +03:00 [INF] Executing endpoint 'CMS.API.Controllers.BillingController.GetInsuranceProviders (CMS.API)'
2026-10-07 12:00:19.629 +03:00 [INF] Executing endpoint 'CMS.API.Controllers.BillingController.GetInsuranceClaims (CMS.API)'
2026-10-07 12:00:19.634 +03:00 [INF] Route matched with {action = "GetInvoices", controller = "Billing"}. Executing controller action with signature System.Threading.Tasks.Task`1[Microsoft.AspNetCore.Mvc.IActionResult] GetInvoices(Int32, System.Nullable`1[System.Int32], System.Nullable`1[System.DateTime], System.Nullable`1[System.DateTime], System.Nullable`1[System.DateTime]) on controller CMS.API.Controllers.BillingController (CMS.API).
2026-10-07 12:00:19.640 +03:00 [INF] Route matched with {action = "GetBillingStats", controller = "Billing"}. Executing controller action with signature System.Threading.Tasks.Task`1[Microsoft.AspNetCore.Mvc.IActionResult] GetBillingStats(System.Nullable`1[System.DateTime], System.Nullable`1[System.DateTime]) on controller CMS.API.Controllers.BillingController (CMS.API).
2026-10-07 12:00:19.645 +03:00 [INF] Route matched with {action = "Search", controller = "Patients"}. Executing controller action with signature System.Threading.Tasks.Task`1[Microsoft.AspNetCore.Mvc.IActionResult] Search(System.String, Int32, Int32) on controller CMS.API.Controllers.PatientsController (CMS.API).
2026-10-07 12:00:19.648 +03:00 [INF] Route matched with {action = "GetSettings", controller = "Settings"}. Executing controller action with signature System.Threading.Tasks.Task`1[Microsoft.AspNetCore.Mvc.IActionResult] GetSettings() on controller CMS.API.Controllers.SettingsController (CMS.API).
2026-10-07 12:00:19.652 +03:00 [INF] Route matched with {action = "GetInsuranceProviders", controller = "Billing"}. Executing controller action with signature System.Threading.Tasks.Task`1[Microsoft.AspNetCore.Mvc.IActionResult] GetInsuranceProviders() on controller CMS.API.Controllers.BillingController (CMS.API).
2026-10-07 12:00:19.655 +03:00 [INF] Route matched with {action = "GetInsuranceClaims", controller = "Billing"}. Executing controller action with signature System.Threading.Tasks.Task`1[Microsoft.AspNetCore.Mvc.IActionResult] GetInsuranceClaims() on controller CMS.API.Controllers.BillingController (CMS.API).
2026-10-07 12:00:19.695 +03:00 [INF] Executing OkObjectResult, writing value of type 'CMS.Shared.DTOs.ApiResponse`1[[System.Collections.Generic.List`1[[CMS.Shared.DTOs.InvoiceDto, CMS.Shared, Version=1.0.0.0, Culture=neutral, PublicKeyToken=null]], System.Private.CoreLib, Version=8.0.0.0, Culture=neutral, PublicKeyToken=7cec85d7bea7798e]]'.
2026-10-07 12:00:19.700 +03:00 [INF] Executing OkObjectResult, writing value of type 'CMS.Shared.DTOs.ApiResponse`1[[System.Collections.Generic.List`1[[CMS.Shared.DTOs.PatientDto, CMS.Shared, Version=1.0.0.0, Culture=neutral, PublicKeyToken=null]], System.Private.CoreLib, Version=8.0.0.0, Culture=neutral, PublicKeyToken=7cec85d7bea7798e]]'.
2026-10-07 12:00:19.703 +03:00 [INF] Executing OkObjectResult, writing value of type 'CMS.Shared.DTOs.ApiResponse`1[[System.Collections.Generic.List`1[[CMS.Shared.DTOs.ClinicSettingDto, CMS.Shared, Version=1.0.0.0, Culture=neutral, PublicKeyToken=null]], System.Private.CoreLib, Version=8.0.0.0, Culture=neutral, PublicKeyToken=7cec85d7bea7798e]]'.
2026-10-07 12:00:19.705 +03:00 [INF] Executing OkObjectResult, writing value of type 'CMS.Shared.DTOs.ApiResponse`1[[CMS.Shared.DTOs.BillingStatsDto, CMS.Shared, Version=1.0.0.0, Culture=neutral, PublicKeyToken=null]]'.
2026-10-07 12:00:19.710 +03:00 [INF] Executing OkObjectResult, writing value of type 'CMS.Shared.DTOs.ApiResponse`1[[System.Collections.Generic.List`1[[CMS.Shared.DTOs.InsuranceProviderDto, CMS.Shared, Version=1.0.0.0, Culture=neutral, PublicKeyToken=null]], System.Private.CoreLib, Version=8.0.0.0, Culture=neutral, PublicKeyToken=7cec85d7bea7798e]]'.
2026-10-07 12:00:19.715 +03:00 [INF] Executed action CMS.API.Controllers.BillingController.GetInvoices (CMS.API) in 51.0417ms
2026-10-07 12:00:19.720 +03:00 [INF] Executed action CMS.API.Controllers.PatientsController.Search (CMS.API) in 39.2794ms
2026-10-07 12:00:19.724 +03:00 [INF] Executed action CMS.API.Controllers.SettingsController.GetSettings (CMS.API) in 29.6144ms
2026-10-07 12:00:19.728 +03:00 [INF] Executed action CMS.API.Controllers.BillingController.GetBillingStats (CMS.API) in 56.1808ms
2026-10-07 12:00:19.732 +03:00 [INF] Executed action CMS.API.Controllers.BillingController.GetInsuranceProviders (CMS.API) in 28.5486ms
2026-10-07 12:00:19.737 +03:00 [INF] Executed endpoint 'CMS.API.Controllers.BillingController.GetInvoices (CMS.API)'
2026-10-07 12:00:19.740 +03:00 [INF] Executed endpoint 'CMS.API.Controllers.PatientsController.Search (CMS.API)'
2026-10-07 12:00:19.745 +03:00 [INF] Executed endpoint 'CMS.API.Controllers.SettingsController.GetSettings (CMS.API)'
2026-10-07 12:00:19.748 +03:00 [INF] Executing OkObjectResult, writing value of type 'CMS.Shared.DTOs.ApiResponse`1[[System.Collections.Generic.List`1[[CMS.Shared.DTOs.InsuranceClaimDto, CMS.Shared, Version=1.0.0.0, Culture=neutral, PublicKeyToken=null]], System.Private.CoreLib, Version=8.0.0.0, Culture=neutral, PublicKeyToken=7cec85d7bea7798e]]'.
2026-10-07 12:00:19.754 +03:00 [INF] Executed endpoint 'CMS.API.Controllers.BillingController.GetInsuranceProviders (CMS.API)'
2026-10-07 12:00:19.757 +03:00 [INF] Request finished HTTP/1.1 GET http://127.0.0.1:5010/api/v1/billing/invoices?limit=1000&fromDate=2026-10-07&toDate=2026-10-07 - 200 null application/json; charset=utf-8 188.4354ms
2026-10-07 12:00:19.761 +03:00 [INF] Request finished HTTP/1.1 GET http://127.0.0.1:5010/api/v1/patients/search - 200 null application/json; charset=utf-8 191.1308ms
2026-10-07 12:00:19.750 +03:00 [INF] Executed endpoint 'CMS.API.Controllers.BillingController.GetBillingStats (CMS.API)'
2026-10-07 12:00:19.766 +03:00 [INF] Request finished HTTP/1.1 GET http://127.0.0.1:5010/api/v1/settings - 200 null application/json; charset=utf-8 195.0207ms
2026-10-07 12:00:19.771 +03:00 [INF] Executed action CMS.API.Controllers.BillingController.GetInsuranceClaims (CMS.API) in 60.1067ms
2026-10-07 12:00:19.765 +03:00 [INF] Request starting HTTP/1.1 GET http://127.0.0.1:5010/api/v1/billing/invoices?limit=1000&fromDate=2026-10-07&toDate=2026-10-07 - application/json null
2026-10-07 12:00:19.774 +03:00 [INF] Request finished HTTP/1.1 GET http://127.0.0.1:5010/api/v1/billing/insurance/providers - 200 null application/json; charset=utf-8 202.712ms
2026-10-07 12:00:19.776 +03:00 [INF] Request starting HTTP/1.1 GET http://127.0.0.1:5010/api/v1/patients/search - application/json null
2026-10-07 12:00:19.776 +03:00 [INF] Request starting HTTP/1.1 GET http://127.0.0.1:5010/api/v1/settings - application/json null
2026-10-07 12:00:19.783 +03:00 [INF] Request starting HTTP/1.1 GET http://127.0.0.1:5010/api/v1/billing/stats?fromDate=2026-10-07&toDate=2026-10-07 - application/json null
2026-10-07 12:00:19.798 +03:00 [INF] Request finished HTTP/1.1 GET http://127.0.0.1:5010/api/v1/billing/stats?fromDate=2026-10-07&toDate=2026-10-07 - 200 null application/json; charset=utf-8 228.7377ms
2026-10-07 12:00:19.804 +03:00 [INF] Request starting HTTP/1.1 GET http://127.0.0.1:5010/api/v1/billing/insurance/providers - application/json null
2026-10-07 12:00:19.811 +03:00 [INF] Executed endpoint 'CMS.API.Controllers.BillingController.GetInsuranceClaims (CMS.API)'
2026-10-07 12:00:19.819 +03:00 [INF] Executing endpoint 'CMS.API.Controllers.BillingController.GetInvoices (CMS.API)'
2026-10-07 12:00:19.836 +03:00 [INF] Executing endpoint 'CMS.API.Controllers.PatientsController.Search (CMS.API)'
2026-10-07 12:00:19.843 +03:00 [INF] Executing endpoint 'CMS.API.Controllers.SettingsController.GetSettings (CMS.API)'
2026-10-07 12:00:19.850 +03:00 [INF] Executing endpoint 'CMS.API.Controllers.BillingController.GetBillingStats (CMS.API)'
2026-10-07 12:00:19.867 +03:00 [INF] Executing endpoint 'CMS.API.Controllers.BillingController.GetInsuranceProviders (CMS.API)'
2026-10-07 12:00:19.870 +03:00 [INF] Request finished HTTP/1.1 GET http://127.0.0.1:5010/api/v1/billing/insurance/claims - 200 null application/json; charset=utf-8 297.8482ms
2026-10-07 12:00:19.874 +03:00 [INF] Route matched with {action = "GetInvoices", controller = "Billing"}. Executing controller action with signature System.Threading.Tasks.Task`1[Microsoft.AspNetCore.Mvc.IActionResult] GetInvoices(Int32, System.Nullable`1[System.Int32], System.Nullable`1[System.DateTime], System.Nullable`1[System.DateTime], System.Nullable`1[System.DateTime]) on controller CMS.API.Controllers.BillingController (CMS.API).
2026-10-07 12:00:19.876 +03:00 [INF] Request starting HTTP/1.1 GET http://127.0.0.1:5010/api/v1/billing/insurance/claims - application/json null
2026-10-07 12:00:19.877 +03:00 [INF] Route matched with {action = "Search", controller = "Patients"}. Executing controller action with signature System.Threading.Tasks.Task`1[Microsoft.AspNetCore.Mvc.IActionResult] Search(System.String, Int32, Int32) on controller CMS.API.Controllers.PatientsController (CMS.API).
2026-10-07 12:00:19.880 +03:00 [INF] Route matched with {action = "GetSettings", controller = "Settings"}. Executing controller action with signature System.Threading.Tasks.Task`1[Microsoft.AspNetCore.Mvc.IActionResult] GetSettings() on controller CMS.API.Controllers.SettingsController (CMS.API).
2026-10-07 12:00:19.884 +03:00 [INF] Route matched with {action = "GetBillingStats", controller = "Billing"}. Executing controller action with signature System.Threading.Tasks.Task`1[Microsoft.AspNetCore.Mvc.IActionResult] GetBillingStats(System.Nullable`1[System.DateTime], System.Nullable`1[System.DateTime]) on controller CMS.API.Controllers.BillingController (CMS.API).
2026-10-07 12:00:19.887 +03:00 [INF] Route matched with {action = "GetInsuranceProviders", controller = "Billing"}. Executing controller action with signature System.Threading.Tasks.Task`1[Microsoft.AspNetCore.Mvc.IActionResult] GetInsuranceProviders() on controller CMS.API.Controllers.BillingController (CMS.API).
2026-10-07 12:00:19.920 +03:00 [INF] Executing endpoint 'CMS.API.Controllers.BillingController.GetInsuranceClaims (CMS.API)'
2026-10-07 12:00:19.927 +03:00 [INF] Executing OkObjectResult, writing value of type 'CMS.Shared.DTOs.ApiResponse`1[[System.Collections.Generic.List`1[[CMS.Shared.DTOs.InvoiceDto, CMS.Shared, Version=1.0.0.0, Culture=neutral, PublicKeyToken=null]], System.Private.CoreLib, Version=8.0.0.0, Culture=neutral, PublicKeyToken=7cec85d7bea7798e]]'.
2026-10-07 12:00:19.928 +03:00 [INF] Executing OkObjectResult, writing value of type 'CMS.Shared.DTOs.ApiResponse`1[[System.Collections.Generic.List`1[[CMS.Shared.DTOs.PatientDto, CMS.Shared, Version=1.0.0.0, Culture=neutral, PublicKeyToken=null]], System.Private.CoreLib, Version=8.0.0.0, Culture=neutral, PublicKeyToken=7cec85d7bea7798e]]'.
2026-10-07 12:00:19.936 +03:00 [INF] Executing OkObjectResult, writing value of type 'CMS.Shared.DTOs.ApiResponse`1[[System.Collections.Generic.List`1[[CMS.Shared.DTOs.ClinicSettingDto, CMS.Shared, Version=1.0.0.0, Culture=neutral, PublicKeyToken=null]], System.Private.CoreLib, Version=8.0.0.0, Culture=neutral, PublicKeyToken=7cec85d7bea7798e]]'.
2026-10-07 12:00:19.949 +03:00 [INF] Executing OkObjectResult, writing value of type 'CMS.Shared.DTOs.ApiResponse`1[[System.Collections.Generic.List`1[[CMS.Shared.DTOs.InsuranceProviderDto, CMS.Shared, Version=1.0.0.0, Culture=neutral, PublicKeyToken=null]], System.Private.CoreLib, Version=8.0.0.0, Culture=neutral, PublicKeyToken=7cec85d7bea7798e]]'.
2026-10-07 12:00:19.952 +03:00 [INF] Route matched with {action = "GetInsuranceClaims", controller = "Billing"}. Executing controller action with signature System.Threading.Tasks.Task`1[Microsoft.AspNetCore.Mvc.IActionResult] GetInsuranceClaims() on controller CMS.API.Controllers.BillingController (CMS.API).
2026-10-07 12:00:19.955 +03:00 [INF] Executing OkObjectResult, writing value of type 'CMS.Shared.DTOs.ApiResponse`1[[CMS.Shared.DTOs.BillingStatsDto, CMS.Shared, Version=1.0.0.0, Culture=neutral, PublicKeyToken=null]]'.
2026-10-07 12:00:19.957 +03:00 [INF] Executed action CMS.API.Controllers.BillingController.GetInvoices (CMS.API) in 49.0893ms
2026-10-07 12:00:19.962 +03:00 [INF] Executed action CMS.API.Controllers.PatientsController.Search (CMS.API) in 34.5933ms
2026-10-07 12:00:19.966 +03:00 [INF] Executed action CMS.API.Controllers.SettingsController.GetSettings (CMS.API) in 32.6813ms
2026-10-07 12:00:19.972 +03:00 [INF] Executed action CMS.API.Controllers.BillingController.GetInsuranceProviders (CMS.API) in 24.6696ms
2026-10-07 12:00:19.983 +03:00 [INF] Executed action CMS.API.Controllers.BillingController.GetBillingStats (CMS.API) in 42.2132ms
2026-10-07 12:00:19.990 +03:00 [INF] Executing OkObjectResult, writing value of type 'CMS.Shared.DTOs.ApiResponse`1[[System.Collections.Generic.List`1[[CMS.Shared.DTOs.InsuranceClaimDto, CMS.Shared, Version=1.0.0.0, Culture=neutral, PublicKeyToken=null]], System.Private.CoreLib, Version=8.0.0.0, Culture=neutral, PublicKeyToken=7cec85d7bea7798e]]'.
2026-10-07 12:00:19.990 +03:00 [INF] Executed endpoint 'CMS.API.Controllers.BillingController.GetInvoices (CMS.API)'
2026-10-07 12:00:19.996 +03:00 [INF] Executed endpoint 'CMS.API.Controllers.PatientsController.Search (CMS.API)'
2026-10-07 12:00:20.003 +03:00 [INF] Executed endpoint 'CMS.API.Controllers.SettingsController.GetSettings (CMS.API)'
2026-10-07 12:00:20.010 +03:00 [INF] Executed endpoint 'CMS.API.Controllers.BillingController.GetInsuranceProviders (CMS.API)'
2026-10-07 12:00:20.016 +03:00 [INF] Executed endpoint 'CMS.API.Controllers.BillingController.GetBillingStats (CMS.API)'
2026-10-07 12:00:20.022 +03:00 [INF] Executed action CMS.API.Controllers.BillingController.GetInsuranceClaims (CMS.API) in 44.0578ms
2026-10-07 12:00:20.026 +03:00 [INF] Request finished HTTP/1.1 GET http://127.0.0.1:5010/api/v1/billing/invoices?limit=1000&fromDate=2026-10-07&toDate=2026-10-07 - 200 null application/json; charset=utf-8 261.7339ms
2026-10-07 12:00:20.030 +03:00 [INF] Request finished HTTP/1.1 GET http://127.0.0.1:5010/api/v1/patients/search - 200 null application/json; charset=utf-8 254.6127ms
2026-10-07 12:00:20.034 +03:00 [INF] Request finished HTTP/1.1 GET http://127.0.0.1:5010/api/v1/settings - 200 null application/json; charset=utf-8 257.888ms
2026-10-07 12:00:20.037 +03:00 [INF] Request finished HTTP/1.1 GET http://127.0.0.1:5010/api/v1/billing/insurance/providers - 200 null application/json; charset=utf-8 233.0627ms
2026-10-07 12:00:20.041 +03:00 [INF] Request finished HTTP/1.1 GET http://127.0.0.1:5010/api/v1/billing/stats?fromDate=2026-10-07&toDate=2026-10-07 - 200 null application/json; charset=utf-8 257.8759ms
2026-10-07 12:00:20.047 +03:00 [INF] Executed endpoint 'CMS.API.Controllers.BillingController.GetInsuranceClaims (CMS.API)'
2026-10-07 12:00:20.102 +03:00 [INF] Request finished HTTP/1.1 GET http://127.0.0.1:5010/api/v1/billing/insurance/claims - 200 null application/json; charset=utf-8 226.4031ms
2026-10-07 12:00:27.693 +03:00 [INF] Request starting HTTP/1.1 POST http://127.0.0.1:5010/api/v1/billing/payments - application/json 140
2026-10-07 12:00:27.705 +03:00 [INF] CORS policy execution successful.
2026-10-07 12:00:27.709 +03:00 [INF] Executing endpoint 'CMS.API.Controllers.BillingController.ProcessPayment (CMS.API)'
2026-10-07 12:00:27.712 +03:00 [INF] Route matched with {action = "ProcessPayment", controller = "Billing"}. Executing controller action with signature System.Threading.Tasks.Task`1[Microsoft.AspNetCore.Mvc.IActionResult] ProcessPayment(CMS.Shared.DTOs.ProcessPaymentDto) on controller CMS.API.Controllers.BillingController (CMS.API).
2026-10-07 12:00:27.786 +03:00 [INF] Executing OkObjectResult, writing value of type 'CMS.Shared.DTOs.ApiResponse`1[[System.String, System.Private.CoreLib, Version=8.0.0.0, Culture=neutral, PublicKeyToken=7cec85d7bea7798e]]'.
2026-10-07 12:00:27.794 +03:00 [INF] Executed action CMS.API.Controllers.BillingController.ProcessPayment (CMS.API) in 74.3986ms
2026-10-07 12:00:27.799 +03:00 [INF] Executed endpoint 'CMS.API.Controllers.BillingController.ProcessPayment (CMS.API)'
2026-10-07 12:00:27.803 +03:00 [INF] Request finished HTTP/1.1 POST http://127.0.0.1:5010/api/v1/billing/payments - 200 null application/json; charset=utf-8 110.4846ms
2026-10-07 12:00:27.818 +03:00 [INF] Request starting HTTP/1.1 GET http://127.0.0.1:5010/api/v1/billing/invoices?limit=1000&fromDate=2026-10-07&toDate=2026-10-07 - application/json null
2026-10-07 12:00:27.819 +03:00 [INF] Request starting HTTP/1.1 GET http://127.0.0.1:5010/api/v1/billing/stats?fromDate=2026-10-07&toDate=2026-10-07 - application/json null
2026-10-07 12:00:27.828 +03:00 [INF] Executing endpoint 'CMS.API.Controllers.BillingController.GetInvoices (CMS.API)'
2026-10-07 12:00:27.836 +03:00 [INF] Executing endpoint 'CMS.API.Controllers.BillingController.GetBillingStats (CMS.API)'
2026-10-07 12:00:27.839 +03:00 [INF] Route matched with {action = "GetInvoices", controller = "Billing"}. Executing controller action with signature System.Threading.Tasks.Task`1[Microsoft.AspNetCore.Mvc.IActionResult] GetInvoices(Int32, System.Nullable`1[System.Int32], System.Nullable`1[System.DateTime], System.Nullable`1[System.DateTime], System.Nullable`1[System.DateTime]) on controller CMS.API.Controllers.BillingController (CMS.API).
2026-10-07 12:00:27.843 +03:00 [INF] Route matched with {action = "GetBillingStats", controller = "Billing"}. Executing controller action with signature System.Threading.Tasks.Task`1[Microsoft.AspNetCore.Mvc.IActionResult] GetBillingStats(System.Nullable`1[System.DateTime], System.Nullable`1[System.DateTime]) on controller CMS.API.Controllers.BillingController (CMS.API).
2026-10-07 12:00:27.862 +03:00 [INF] Executing OkObjectResult, writing value of type 'CMS.Shared.DTOs.ApiResponse`1[[System.Collections.Generic.List`1[[CMS.Shared.DTOs.InvoiceDto, CMS.Shared, Version=1.0.0.0, Culture=neutral, PublicKeyToken=null]], System.Private.CoreLib, Version=8.0.0.0, Culture=neutral, PublicKeyToken=7cec85d7bea7798e]]'.
2026-10-07 12:00:27.863 +03:00 [INF] Executing OkObjectResult, writing value of type 'CMS.Shared.DTOs.ApiResponse`1[[CMS.Shared.DTOs.BillingStatsDto, CMS.Shared, Version=1.0.0.0, Culture=neutral, PublicKeyToken=null]]'.
2026-10-07 12:00:27.866 +03:00 [INF] Executed action CMS.API.Controllers.BillingController.GetInvoices (CMS.API) in 18.0642ms
2026-10-07 12:00:27.870 +03:00 [INF] Executed action CMS.API.Controllers.BillingController.GetBillingStats (CMS.API) in 17.059ms
2026-10-07 12:00:27.874 +03:00 [INF] Executed endpoint 'CMS.API.Controllers.BillingController.GetInvoices (CMS.API)'
2026-10-07 12:00:27.878 +03:00 [INF] Executed endpoint 'CMS.API.Controllers.BillingController.GetBillingStats (CMS.API)'
2026-10-07 12:00:27.881 +03:00 [INF] Request finished HTTP/1.1 GET http://127.0.0.1:5010/api/v1/billing/invoices?limit=1000&fromDate=2026-10-07&toDate=2026-10-07 - 200 null application/json; charset=utf-8 63.1581ms
2026-10-07 12:00:27.884 +03:00 [INF] Request finished HTTP/1.1 GET http://127.0.0.1:5010/api/v1/billing/stats?fromDate=2026-10-07&toDate=2026-10-07 - 200 null application/json; charset=utf-8 65.2914ms
2026-10-07 12:00:29.925 +03:00 [INF] Request starting HTTP/1.1 GET http://127.0.0.1:5010/api/v1/reports/datasources - application/json null
2026-10-07 12:00:29.936 +03:00 [INF] Executing endpoint 'CMS.API.Controllers.ReportsController.GetDataSources (CMS.API)'
2026-10-07 12:00:29.947 +03:00 [INF] Route matched with {action = "GetDataSources", controller = "Reports"}. Executing controller action with signature System.Threading.Tasks.Task`1[Microsoft.AspNetCore.Mvc.IActionResult] GetDataSources() on controller CMS.API.Controllers.ReportsController (CMS.API).
2026-10-07 12:00:30.187 +03:00 [INF] Executing OkObjectResult, writing value of type 'CMS.Shared.DTOs.ApiResponse`1[[System.Object, System.Private.CoreLib, Version=8.0.0.0, Culture=neutral, PublicKeyToken=7cec85d7bea7798e]]'.
2026-10-07 12:00:30.197 +03:00 [INF] Executed action CMS.API.Controllers.ReportsController.GetDataSources (CMS.API) in 199.2255ms
2026-10-07 12:00:30.201 +03:00 [INF] Executed endpoint 'CMS.API.Controllers.ReportsController.GetDataSources (CMS.API)'
2026-10-07 12:00:30.204 +03:00 [INF] Request starting HTTP/1.1 GET http://127.0.0.1:5010/api/v1/reports/datasources - application/json null
2026-10-07 12:00:30.205 +03:00 [INF] Request finished HTTP/1.1 GET http://127.0.0.1:5010/api/v1/reports/datasources - 200 null application/json; charset=utf-8 280.0582ms
2026-10-07 12:00:30.216 +03:00 [INF] Executing endpoint 'CMS.API.Controllers.ReportsController.GetDataSources (CMS.API)'
2026-10-07 12:00:30.232 +03:00 [INF] Route matched with {action = "GetDataSources", controller = "Reports"}. Executing controller action with signature System.Threading.Tasks.Task`1[Microsoft.AspNetCore.Mvc.IActionResult] GetDataSources() on controller CMS.API.Controllers.ReportsController (CMS.API).
2026-10-07 12:00:30.247 +03:00 [INF] Executing OkObjectResult, writing value of type 'CMS.Shared.DTOs.ApiResponse`1[[System.Object, System.Private.CoreLib, Version=8.0.0.0, Culture=neutral, PublicKeyToken=7cec85d7bea7798e]]'.
2026-10-07 12:00:30.252 +03:00 [INF] Executed action CMS.API.Controllers.ReportsController.GetDataSources (CMS.API) in 13.259ms
2026-10-07 12:00:30.256 +03:00 [INF] Executed endpoint 'CMS.API.Controllers.ReportsController.GetDataSources (CMS.API)'
2026-10-07 12:00:30.260 +03:00 [INF] Request finished HTTP/1.1 GET http://127.0.0.1:5010/api/v1/reports/datasources - 200 null application/json; charset=utf-8 56.1596ms
2026-10-07 12:00:31.821 +03:00 [INF] Request starting HTTP/1.1 GET http://127.0.0.1:5010/api/v1/reports/doctor-performance - application/json null
2026-10-07 12:00:31.821 +03:00 [INF] Request starting HTTP/1.1 GET http://127.0.0.1:5010/api/v1/reports/receptionists - application/json null
2026-10-07 12:00:31.822 +03:00 [INF] Request starting HTTP/1.1 GET http://127.0.0.1:5010/api/v1/reports/procedures?dateFrom=2026-09-30&dateTo=2026-10-07 - application/json null
2026-10-07 12:00:31.832 +03:00 [INF] Executing endpoint 'CMS.API.Controllers.ReportsController.GetDoctorPerformanceReport (CMS.API)'
2026-10-07 12:00:31.840 +03:00 [INF] Executing endpoint 'CMS.API.Controllers.ReportsController.GetReceptionists (CMS.API)'
2026-10-07 12:00:31.848 +03:00 [INF] Executing endpoint 'CMS.API.Controllers.ReportsController.GetProcedureReport (CMS.API)'
2026-10-07 12:00:31.851 +03:00 [INF] Route matched with {action = "GetDoctorPerformanceReport", controller = "Reports"}. Executing controller action with signature System.Threading.Tasks.Task`1[Microsoft.AspNetCore.Mvc.IActionResult] GetDoctorPerformanceReport(System.Nullable`1[System.DateTime], System.Nullable`1[System.DateTime], System.String) on controller CMS.API.Controllers.ReportsController (CMS.API).
2026-10-07 12:00:31.854 +03:00 [INF] Route matched with {action = "GetReceptionists", controller = "Reports"}. Executing controller action with signature System.Threading.Tasks.Task`1[Microsoft.AspNetCore.Mvc.IActionResult] GetReceptionists() on controller CMS.API.Controllers.ReportsController (CMS.API).
2026-10-07 12:00:31.858 +03:00 [INF] Route matched with {action = "GetProcedureReport", controller = "Reports"}. Executing controller action with signature System.Threading.Tasks.Task`1[Microsoft.AspNetCore.Mvc.IActionResult] GetProcedureReport(System.Nullable`1[System.DateTime], System.Nullable`1[System.DateTime], System.String) on controller CMS.API.Controllers.ReportsController (CMS.API).
2026-10-07 12:00:31.872 +03:00 [INF] Executing OkObjectResult, writing value of type 'CMS.Shared.DTOs.ApiResponse`1[[System.Object, System.Private.CoreLib, Version=8.0.0.0, Culture=neutral, PublicKeyToken=7cec85d7bea7798e]]'.
2026-10-07 12:00:31.881 +03:00 [INF] Executed action CMS.API.Controllers.ReportsController.GetReceptionists (CMS.API) in 10.6252ms
2026-10-07 12:00:31.886 +03:00 [INF] Executed endpoint 'CMS.API.Controllers.ReportsController.GetReceptionists (CMS.API)'
2026-10-07 12:00:31.890 +03:00 [INF] Request starting HTTP/1.1 GET http://127.0.0.1:5010/api/v1/reports/receptionists - application/json null
2026-10-07 12:00:31.888 +03:00 [INF] Executing OkObjectResult, writing value of type 'CMS.Shared.DTOs.ApiResponse`1[[System.Object, System.Private.CoreLib, Version=8.0.0.0, Culture=neutral, PublicKeyToken=7cec85d7bea7798e]]'.
2026-10-07 12:00:31.890 +03:00 [INF] Request finished HTTP/1.1 GET http://127.0.0.1:5010/api/v1/reports/receptionists - 200 null application/json; charset=utf-8 68.9761ms
2026-10-07 12:00:31.901 +03:00 [INF] Executing endpoint 'CMS.API.Controllers.ReportsController.GetReceptionists (CMS.API)'
2026-10-07 12:00:31.905 +03:00 [INF] Executed action CMS.API.Controllers.ReportsController.GetProcedureReport (CMS.API) in 28.9495ms
2026-10-07 12:00:31.913 +03:00 [INF] Request starting HTTP/1.1 GET http://127.0.0.1:5010/api/v1/reports/procedures?dateFrom=2026-09-30&dateTo=2026-10-07 - application/json null
2026-10-07 12:00:31.919 +03:00 [INF] Route matched with {action = "GetReceptionists", controller = "Reports"}. Executing controller action with signature System.Threading.Tasks.Task`1[Microsoft.AspNetCore.Mvc.IActionResult] GetReceptionists() on controller CMS.API.Controllers.ReportsController (CMS.API).
2026-10-07 12:00:31.923 +03:00 [INF] Executed endpoint 'CMS.API.Controllers.ReportsController.GetProcedureReport (CMS.API)'
2026-10-07 12:00:31.932 +03:00 [INF] Executing endpoint 'CMS.API.Controllers.ReportsController.GetProcedureReport (CMS.API)'
2026-10-07 12:00:31.939 +03:00 [INF] Executing OkObjectResult, writing value of type 'CMS.Shared.DTOs.ApiResponse`1[[System.Object, System.Private.CoreLib, Version=8.0.0.0, Culture=neutral, PublicKeyToken=7cec85d7bea7798e]]'.
2026-10-07 12:00:31.941 +03:00 [INF] Request finished HTTP/1.1 GET http://127.0.0.1:5010/api/v1/reports/procedures?dateFrom=2026-09-30&dateTo=2026-10-07 - 200 null application/json; charset=utf-8 119.0868ms
2026-10-07 12:00:31.944 +03:00 [INF] Route matched with {action = "GetProcedureReport", controller = "Reports"}. Executing controller action with signature System.Threading.Tasks.Task`1[Microsoft.AspNetCore.Mvc.IActionResult] GetProcedureReport(System.Nullable`1[System.DateTime], System.Nullable`1[System.DateTime], System.String) on controller CMS.API.Controllers.ReportsController (CMS.API).
2026-10-07 12:00:31.950 +03:00 [INF] Executed action CMS.API.Controllers.ReportsController.GetReceptionists (CMS.API) in 12.6878ms
2026-10-07 12:00:31.973 +03:00 [INF] Executed endpoint 'CMS.API.Controllers.ReportsController.GetReceptionists (CMS.API)'
2026-10-07 12:00:31.977 +03:00 [INF] Request finished HTTP/1.1 GET http://127.0.0.1:5010/api/v1/reports/receptionists - 200 null application/json; charset=utf-8 86.9978ms
2026-10-07 12:00:31.980 +03:00 [INF] Executing OkObjectResult, writing value of type 'CMS.Shared.DTOs.ApiResponse`1[[System.Object, System.Private.CoreLib, Version=8.0.0.0, Culture=neutral, PublicKeyToken=7cec85d7bea7798e]]'.
2026-10-07 12:00:31.996 +03:00 [INF] Executed action CMS.API.Controllers.ReportsController.GetProcedureReport (CMS.API) in 27.4723ms
2026-10-07 12:00:32.001 +03:00 [INF] Executed endpoint 'CMS.API.Controllers.ReportsController.GetProcedureReport (CMS.API)'
2026-10-07 12:00:32.004 +03:00 [INF] Request finished HTTP/1.1 GET http://127.0.0.1:5010/api/v1/reports/procedures?dateFrom=2026-09-30&dateTo=2026-10-07 - 200 null application/json; charset=utf-8 91.5465ms
2026-10-07 12:00:33.155 +03:00 [INF] Executing OkObjectResult, writing value of type 'CMS.Shared.DTOs.ApiResponse`1[[System.Object, System.Private.CoreLib, Version=8.0.0.0, Culture=neutral, PublicKeyToken=7cec85d7bea7798e]]'.
2026-10-07 12:00:33.160 +03:00 [INF] Executed action CMS.API.Controllers.ReportsController.GetDoctorPerformanceReport (CMS.API) in 1295.9218ms
2026-10-07 12:00:33.166 +03:00 [INF] Executed endpoint 'CMS.API.Controllers.ReportsController.GetDoctorPerformanceReport (CMS.API)'
2026-10-07 12:00:33.169 +03:00 [INF] Request starting HTTP/1.1 GET http://127.0.0.1:5010/api/v1/reports/doctor-performance - application/json null
2026-10-07 12:00:33.171 +03:00 [INF] Request finished HTTP/1.1 GET http://127.0.0.1:5010/api/v1/reports/doctor-performance - 200 null application/json; charset=utf-8 1350.0648ms
2026-10-07 12:00:33.182 +03:00 [INF] Executing endpoint 'CMS.API.Controllers.ReportsController.GetDoctorPerformanceReport (CMS.API)'
2026-10-07 12:00:33.199 +03:00 [INF] Route matched with {action = "GetDoctorPerformanceReport", controller = "Reports"}. Executing controller action with signature System.Threading.Tasks.Task`1[Microsoft.AspNetCore.Mvc.IActionResult] GetDoctorPerformanceReport(System.Nullable`1[System.DateTime], System.Nullable`1[System.DateTime], System.String) on controller CMS.API.Controllers.ReportsController (CMS.API).
2026-10-07 12:00:35.013 +03:00 [INF] Request starting HTTP/1.1 GET http://127.0.0.1:5010/api/v1/reports/procedures?dateFrom=2026-09-30&dateTo=2026-10-07 - application/json null
2026-10-07 12:00:35.033 +03:00 [INF] Executing endpoint 'CMS.API.Controllers.ReportsController.GetProcedureReport (CMS.API)'
2026-10-07 12:00:35.038 +03:00 [INF] Route matched with {action = "GetProcedureReport", controller = "Reports"}. Executing controller action with signature System.Threading.Tasks.Task`1[Microsoft.AspNetCore.Mvc.IActionResult] GetProcedureReport(System.Nullable`1[System.DateTime], System.Nullable`1[System.DateTime], System.String) on controller CMS.API.Controllers.ReportsController (CMS.API).
2026-10-07 12:00:38.915 +03:00 [INF] Request starting HTTP/1.1 GET http://127.0.0.1:5010/api/v1/reports/procedures?dateFrom=2026-10-07&dateTo=2026-10-07 - application/json null
2026-10-07 12:00:38.926 +03:00 [INF] Executing endpoint 'CMS.API.Controllers.ReportsController.GetProcedureReport (CMS.API)'
2026-10-07 12:00:38.929 +03:00 [INF] Route matched with {action = "GetProcedureReport", controller = "Reports"}. Executing controller action with signature System.Threading.Tasks.Task`1[Microsoft.AspNetCore.Mvc.IActionResult] GetProcedureReport(System.Nullable`1[System.DateTime], System.Nullable`1[System.DateTime], System.String) on controller CMS.API.Controllers.ReportsController (CMS.API).
2026-10-07 12:00:38.955 +03:00 [INF] Executing OkObjectResult, writing value of type 'CMS.Shared.DTOs.ApiResponse`1[[System.Object, System.Private.CoreLib, Version=8.0.0.0, Culture=neutral, PublicKeyToken=7cec85d7bea7798e]]'.
2026-10-07 12:00:38.959 +03:00 [INF] Executed action CMS.API.Controllers.ReportsController.GetProcedureReport (CMS.API) in 23.6904ms
2026-10-07 12:00:38.964 +03:00 [INF] Executed endpoint 'CMS.API.Controllers.ReportsController.GetProcedureReport (CMS.API)'
2026-10-07 12:00:38.968 +03:00 [INF] Request finished HTTP/1.1 GET http://127.0.0.1:5010/api/v1/reports/procedures?dateFrom=2026-10-07&dateTo=2026-10-07 - 200 null application/json; charset=utf-8 53.0563ms
2026-10-07 12:00:44.601 +03:00 [INF] Executing OkObjectResult, writing value of type 'CMS.Shared.DTOs.ApiResponse`1[[System.Object, System.Private.CoreLib, Version=8.0.0.0, Culture=neutral, PublicKeyToken=7cec85d7bea7798e]]'.
2026-10-07 12:00:44.606 +03:00 [INF] Executed action CMS.API.Controllers.ReportsController.GetProcedureReport (CMS.API) in 9562.2393ms
2026-10-07 12:00:44.613 +03:00 [INF] Executed endpoint 'CMS.API.Controllers.ReportsController.GetProcedureReport (CMS.API)'
2026-10-07 12:00:44.617 +03:00 [INF] Request starting HTTP/1.1 GET http://127.0.0.1:5010/api/v1/reports/procedures?dateFrom=2026-09-30&dateTo=2026-10-07 - application/json null
2026-10-07 12:00:44.619 +03:00 [INF] Request finished HTTP/1.1 GET http://127.0.0.1:5010/api/v1/reports/procedures?dateFrom=2026-09-30&dateTo=2026-10-07 - 200 null application/json; charset=utf-8 9606.4087ms
2026-10-07 12:00:44.634 +03:00 [INF] Executing endpoint 'CMS.API.Controllers.ReportsController.GetProcedureReport (CMS.API)'
2026-10-07 12:00:44.665 +03:00 [INF] Route matched with {action = "GetProcedureReport", controller = "Reports"}. Executing controller action with signature System.Threading.Tasks.Task`1[Microsoft.AspNetCore.Mvc.IActionResult] GetProcedureReport(System.Nullable`1[System.DateTime], System.Nullable`1[System.DateTime], System.String) on controller CMS.API.Controllers.ReportsController (CMS.API).
2026-10-07 12:00:44.712 +03:00 [INF] Executing OkObjectResult, writing value of type 'CMS.Shared.DTOs.ApiResponse`1[[System.Object, System.Private.CoreLib, Version=8.0.0.0, Culture=neutral, PublicKeyToken=7cec85d7bea7798e]]'.
2026-10-07 12:00:44.718 +03:00 [INF] Executed action CMS.API.Controllers.ReportsController.GetProcedureReport (CMS.API) in 33.0966ms
2026-10-07 12:00:44.726 +03:00 [INF] Executed endpoint 'CMS.API.Controllers.ReportsController.GetProcedureReport (CMS.API)'
2026-10-07 12:00:44.730 +03:00 [INF] Request finished HTTP/1.1 GET http://127.0.0.1:5010/api/v1/reports/procedures?dateFrom=2026-09-30&dateTo=2026-10-07 - 200 null application/json; charset=utf-8 112.4455ms
2026-10-07 12:00:46.107 +03:00 [INF] Executing OkObjectResult, writing value of type 'CMS.Shared.DTOs.ApiResponse`1[[System.Object, System.Private.CoreLib, Version=8.0.0.0, Culture=neutral, PublicKeyToken=7cec85d7bea7798e]]'.
2026-10-07 12:00:46.114 +03:00 [INF] Executed action CMS.API.Controllers.ReportsController.GetDoctorPerformanceReport (CMS.API) in 12909.0646ms
2026-10-07 12:00:46.120 +03:00 [INF] Executed endpoint 'CMS.API.Controllers.ReportsController.GetDoctorPerformanceReport (CMS.API)'
2026-10-07 12:00:46.127 +03:00 [INF] Request finished HTTP/1.1 GET http://127.0.0.1:5010/api/v1/reports/doctor-performance - 200 null application/json; charset=utf-8 12957.0599ms
2026-10-07 12:00:49.311 +03:00 [INF] Request starting HTTP/1.1 GET http://127.0.0.1:5010/api/v1/notifications - application/json null
2026-10-07 12:00:49.326 +03:00 [INF] Executing endpoint 'CMS.API.Controllers.NotificationsController.GetNotifications (CMS.API)'
2026-10-07 12:00:49.333 +03:00 [INF] Route matched with {action = "GetNotifications", controller = "Notifications"}. Executing controller action with signature System.Threading.Tasks.Task`1[Microsoft.AspNetCore.Mvc.IActionResult] GetNotifications(System.Nullable`1[System.Int32], System.String) on controller CMS.API.Controllers.NotificationsController (CMS.API).
2026-10-07 12:00:49.364 +03:00 [INF] Executing OkObjectResult, writing value of type 'CMS.Shared.DTOs.ApiResponse`1[[System.Collections.Generic.List`1[[CMS.Shared.DTOs.NotificationItemDto, CMS.Shared, Version=1.0.0.0, Culture=neutral, PublicKeyToken=null]], System.Private.CoreLib, Version=8.0.0.0, Culture=neutral, PublicKeyToken=7cec85d7bea7798e]]'.
2026-10-07 12:00:49.371 +03:00 [INF] Executed action CMS.API.Controllers.NotificationsController.GetNotifications (CMS.API) in 29.6094ms
2026-10-07 12:00:49.380 +03:00 [INF] Executed endpoint 'CMS.API.Controllers.NotificationsController.GetNotifications (CMS.API)'
2026-10-07 12:00:49.387 +03:00 [INF] Request finished HTTP/1.1 GET http://127.0.0.1:5010/api/v1/notifications - 200 null application/json; charset=utf-8 76.2304ms
2026-10-07 12:01:51.582 +03:00 [INF] Request starting HTTP/1.1 GET http://127.0.0.1:5010/api/v1/notifications - application/json null
2026-10-07 12:01:51.592 +03:00 [INF] Executing endpoint 'CMS.API.Controllers.NotificationsController.GetNotifications (CMS.API)'
2026-10-07 12:01:51.596 +03:00 [INF] Route matched with {action = "GetNotifications", controller = "Notifications"}. Executing controller action with signature System.Threading.Tasks.Task`1[Microsoft.AspNetCore.Mvc.IActionResult] GetNotifications(System.Nullable`1[System.Int32], System.String) on controller CMS.API.Controllers.NotificationsController (CMS.API).
2026-10-07 12:01:51.630 +03:00 [INF] Executing OkObjectResult, writing value of type 'CMS.Shared.DTOs.ApiResponse`1[[System.Collections.Generic.List`1[[CMS.Shared.DTOs.NotificationItemDto, CMS.Shared, Version=1.0.0.0, Culture=neutral, PublicKeyToken=null]], System.Private.CoreLib, Version=8.0.0.0, Culture=neutral, PublicKeyToken=7cec85d7bea7798e]]'.
2026-10-07 12:01:51.636 +03:00 [INF] Executed action CMS.API.Controllers.NotificationsController.GetNotifications (CMS.API) in 32.8936ms
2026-10-07 12:01:51.641 +03:00 [INF] Executed endpoint 'CMS.API.Controllers.NotificationsController.GetNotifications (CMS.API)'
2026-10-07 12:01:51.644 +03:00 [INF] Request finished HTTP/1.1 GET http://127.0.0.1:5010/api/v1/notifications - 200 null application/json; charset=utf-8 62.6626ms
2026-10-07 12:01:53.438 +03:00 [INF] Request starting HTTP/1.1 GET http://127.0.0.1:5010/api/v1/reports/doctor-performance - application/json null
2026-10-07 12:01:53.439 +03:00 [INF] Request starting HTTP/1.1 GET http://127.0.0.1:5010/api/v1/reports/receptionists - application/json null
2026-10-07 12:01:53.440 +03:00 [INF] Request starting HTTP/1.1 GET http://127.0.0.1:5010/api/v1/reports/sales?dateFrom=2026-09-30&dateTo=2026-10-07 - application/json null
2026-10-07 12:01:53.449 +03:00 [INF] Executing endpoint 'CMS.API.Controllers.ReportsController.GetDoctorPerformanceReport (CMS.API)'
2026-10-07 12:01:53.463 +03:00 [INF] Executing endpoint 'CMS.API.Controllers.ReportsController.GetReceptionists (CMS.API)'
2026-10-07 12:01:53.474 +03:00 [INF] Executing endpoint 'CMS.API.Controllers.ReportsController.GetSalesReport (CMS.API)'
2026-10-07 12:01:53.479 +03:00 [INF] Route matched with {action = "GetDoctorPerformanceReport", controller = "Reports"}. Executing controller action with signature System.Threading.Tasks.Task`1[Microsoft.AspNetCore.Mvc.IActionResult] GetDoctorPerformanceReport(System.Nullable`1[System.DateTime], System.Nullable`1[System.DateTime], System.String) on controller CMS.API.Controllers.ReportsController (CMS.API).
2026-10-07 12:01:53.482 +03:00 [INF] Route matched with {action = "GetReceptionists", controller = "Reports"}. Executing controller action with signature System.Threading.Tasks.Task`1[Microsoft.AspNetCore.Mvc.IActionResult] GetReceptionists() on controller CMS.API.Controllers.ReportsController (CMS.API).
2026-10-07 12:01:53.486 +03:00 [INF] Route matched with {action = "GetSalesReport", controller = "Reports"}. Executing controller action with signature System.Threading.Tasks.Task`1[Microsoft.AspNetCore.Mvc.IActionResult] GetSalesReport(System.Nullable`1[System.DateTime], System.Nullable`1[System.DateTime], System.String) on controller CMS.API.Controllers.ReportsController (CMS.API).
2026-10-07 12:01:53.535 +03:00 [INF] Executing OkObjectResult, writing value of type 'CMS.Shared.DTOs.ApiResponse`1[[System.Object, System.Private.CoreLib, Version=8.0.0.0, Culture=neutral, PublicKeyToken=7cec85d7bea7798e]]'.
2026-10-07 12:01:53.541 +03:00 [INF] Executed action CMS.API.Controllers.ReportsController.GetReceptionists (CMS.API) in 38.5469ms
2026-10-07 12:01:53.548 +03:00 [INF] Executed endpoint 'CMS.API.Controllers.ReportsController.GetReceptionists (CMS.API)'
2026-10-07 12:01:53.551 +03:00 [INF] Request starting HTTP/1.1 GET http://127.0.0.1:5010/api/v1/reports/receptionists - application/json null
2026-10-07 12:01:53.553 +03:00 [INF] Request finished HTTP/1.1 GET http://127.0.0.1:5010/api/v1/reports/receptionists - 200 null application/json; charset=utf-8 114.0583ms
2026-10-07 12:01:53.563 +03:00 [INF] Executing endpoint 'CMS.API.Controllers.ReportsController.GetReceptionists (CMS.API)'
2026-10-07 12:01:53.576 +03:00 [INF] Route matched with {action = "GetReceptionists", controller = "Reports"}. Executing controller action with signature System.Threading.Tasks.Task`1[Microsoft.AspNetCore.Mvc.IActionResult] GetReceptionists() on controller CMS.API.Controllers.ReportsController (CMS.API).
2026-10-07 12:01:53.580 +03:00 [INF] Executing OkObjectResult, writing value of type 'CMS.Shared.DTOs.ApiResponse`1[[System.Object, System.Private.CoreLib, Version=8.0.0.0, Culture=neutral, PublicKeyToken=7cec85d7bea7798e]]'.
2026-10-07 12:01:53.584 +03:00 [INF] Executing OkObjectResult, writing value of type 'CMS.Shared.DTOs.ApiResponse`1[[System.Object, System.Private.CoreLib, Version=8.0.0.0, Culture=neutral, PublicKeyToken=7cec85d7bea7798e]]'.
2026-10-07 12:01:53.587 +03:00 [INF] Executed action CMS.API.Controllers.ReportsController.GetSalesReport (CMS.API) in 75.659ms
2026-10-07 12:01:53.591 +03:00 [INF] Executed action CMS.API.Controllers.ReportsController.GetReceptionists (CMS.API) in 8.3689ms
2026-10-07 12:01:53.595 +03:00 [INF] Executed endpoint 'CMS.API.Controllers.ReportsController.GetSalesReport (CMS.API)'
2026-10-07 12:01:53.595 +03:00 [INF] Request starting HTTP/1.1 GET http://127.0.0.1:5010/api/v1/reports/sales?dateFrom=2026-09-30&dateTo=2026-10-07 - application/json null
2026-10-07 12:01:53.599 +03:00 [INF] Executed endpoint 'CMS.API.Controllers.ReportsController.GetReceptionists (CMS.API)'
2026-10-07 12:01:53.602 +03:00 [INF] Request finished HTTP/1.1 GET http://127.0.0.1:5010/api/v1/reports/sales?dateFrom=2026-09-30&dateTo=2026-10-07 - 200 null application/json; charset=utf-8 162.2693ms
2026-10-07 12:01:53.611 +03:00 [INF] Executing endpoint 'CMS.API.Controllers.ReportsController.GetSalesReport (CMS.API)'
2026-10-07 12:01:53.614 +03:00 [INF] Request finished HTTP/1.1 GET http://127.0.0.1:5010/api/v1/reports/receptionists - 200 null application/json; charset=utf-8 63.097ms
2026-10-07 12:01:53.629 +03:00 [INF] Route matched with {action = "GetSalesReport", controller = "Reports"}. Executing controller action with signature System.Threading.Tasks.Task`1[Microsoft.AspNetCore.Mvc.IActionResult] GetSalesReport(System.Nullable`1[System.DateTime], System.Nullable`1[System.DateTime], System.String) on controller CMS.API.Controllers.ReportsController (CMS.API).
2026-10-07 12:01:53.658 +03:00 [INF] Executing OkObjectResult, writing value of type 'CMS.Shared.DTOs.ApiResponse`1[[System.Object, System.Private.CoreLib, Version=8.0.0.0, Culture=neutral, PublicKeyToken=7cec85d7bea7798e]]'.
2026-10-07 12:01:53.662 +03:00 [INF] Executed action CMS.API.Controllers.ReportsController.GetSalesReport (CMS.API) in 15.2527ms
2026-10-07 12:01:53.666 +03:00 [INF] Executed endpoint 'CMS.API.Controllers.ReportsController.GetSalesReport (CMS.API)'
2026-10-07 12:01:53.670 +03:00 [INF] Request finished HTTP/1.1 GET http://127.0.0.1:5010/api/v1/reports/sales?dateFrom=2026-09-30&dateTo=2026-10-07 - 200 null application/json; charset=utf-8 74.7078ms
2026-10-07 12:01:54.798 +03:00 [INF] Executing OkObjectResult, writing value of type 'CMS.Shared.DTOs.ApiResponse`1[[System.Object, System.Private.CoreLib, Version=8.0.0.0, Culture=neutral, PublicKeyToken=7cec85d7bea7798e]]'.
2026-10-07 12:01:54.804 +03:00 [INF] Executed action CMS.API.Controllers.ReportsController.GetDoctorPerformanceReport (CMS.API) in 1310.1361ms
2026-10-07 12:01:54.810 +03:00 [INF] Executed endpoint 'CMS.API.Controllers.ReportsController.GetDoctorPerformanceReport (CMS.API)'
2026-10-07 12:01:54.813 +03:00 [INF] Request starting HTTP/1.1 GET http://127.0.0.1:5010/api/v1/reports/doctor-performance - application/json null
2026-10-07 12:01:54.815 +03:00 [INF] Request finished HTTP/1.1 GET http://127.0.0.1:5010/api/v1/reports/doctor-performance - 200 null application/json; charset=utf-8 1376.7008ms
2026-10-07 12:01:54.825 +03:00 [INF] Executing endpoint 'CMS.API.Controllers.ReportsController.GetDoctorPerformanceReport (CMS.API)'
2026-10-07 12:01:54.840 +03:00 [INF] Route matched with {action = "GetDoctorPerformanceReport", controller = "Reports"}. Executing controller action with signature System.Threading.Tasks.Task`1[Microsoft.AspNetCore.Mvc.IActionResult] GetDoctorPerformanceReport(System.Nullable`1[System.DateTime], System.Nullable`1[System.DateTime], System.String) on controller CMS.API.Controllers.ReportsController (CMS.API).
2026-10-07 12:01:55.842 +03:00 [INF] Executing OkObjectResult, writing value of type 'CMS.Shared.DTOs.ApiResponse`1[[System.Object, System.Private.CoreLib, Version=8.0.0.0, Culture=neutral, PublicKeyToken=7cec85d7bea7798e]]'.
2026-10-07 12:01:55.847 +03:00 [INF] Executed action CMS.API.Controllers.ReportsController.GetDoctorPerformanceReport (CMS.API) in 999.451ms
2026-10-07 12:01:55.852 +03:00 [INF] Executed endpoint 'CMS.API.Controllers.ReportsController.GetDoctorPerformanceReport (CMS.API)'
2026-10-07 12:01:55.855 +03:00 [INF] Request finished HTTP/1.1 GET http://127.0.0.1:5010/api/v1/reports/doctor-performance - 200 null application/json; charset=utf-8 1042.0075ms
2026-10-07 12:02:49.307 +03:00 [INF] Request starting HTTP/1.1 GET http://127.0.0.1:5010/api/v1/notifications - application/json null
2026-10-07 12:02:49.322 +03:00 [INF] Executing endpoint 'CMS.API.Controllers.NotificationsController.GetNotifications (CMS.API)'
2026-10-07 12:02:49.330 +03:00 [INF] Route matched with {action = "GetNotifications", controller = "Notifications"}. Executing controller action with signature System.Threading.Tasks.Task`1[Microsoft.AspNetCore.Mvc.IActionResult] GetNotifications(System.Nullable`1[System.Int32], System.String) on controller CMS.API.Controllers.NotificationsController (CMS.API).
2026-10-07 12:02:49.413 +03:00 [INF] Executing OkObjectResult, writing value of type 'CMS.Shared.DTOs.ApiResponse`1[[System.Collections.Generic.List`1[[CMS.Shared.DTOs.NotificationItemDto, CMS.Shared, Version=1.0.0.0, Culture=neutral, PublicKeyToken=null]], System.Private.CoreLib, Version=8.0.0.0, Culture=neutral, PublicKeyToken=7cec85d7bea7798e]]'.
2026-10-07 12:02:49.421 +03:00 [INF] Executed action CMS.API.Controllers.NotificationsController.GetNotifications (CMS.API) in 81.0565ms
2026-10-07 12:02:49.429 +03:00 [INF] Executed endpoint 'CMS.API.Controllers.NotificationsController.GetNotifications (CMS.API)'
2026-10-07 12:02:49.435 +03:00 [INF] Request finished HTTP/1.1 GET http://127.0.0.1:5010/api/v1/notifications - 200 null application/json; charset=utf-8 127.4991ms
2026-10-07 12:03:31.120 +03:00 [INF] Request starting HTTP/1.1 GET http://127.0.0.1:5010/api/v1/reports/my-patient-summary?dateFrom=2026-09-30&dateTo=2026-10-07 - application/json null
2026-10-07 12:03:31.129 +03:00 [INF] Executing endpoint 'CMS.API.Controllers.ReportsController.GetMyPatientSummary (CMS.API)'
2026-10-07 12:03:31.142 +03:00 [INF] Route matched with {action = "GetMyPatientSummary", controller = "Reports"}. Executing controller action with signature System.Threading.Tasks.Task`1[Microsoft.AspNetCore.Mvc.IActionResult] GetMyPatientSummary(System.Nullable`1[System.DateTime], System.Nullable`1[System.DateTime], System.Nullable`1[System.Int32]) on controller CMS.API.Controllers.ReportsController (CMS.API).
2026-10-07 12:03:31.377 +03:00 [INF] Executing OkObjectResult, writing value of type 'CMS.Shared.DTOs.ApiResponse`1[[System.Object, System.Private.CoreLib, Version=8.0.0.0, Culture=neutral, PublicKeyToken=7cec85d7bea7798e]]'.
2026-10-07 12:03:31.383 +03:00 [INF] Executed action CMS.API.Controllers.ReportsController.GetMyPatientSummary (CMS.API) in 233.7666ms
2026-10-07 12:03:31.389 +03:00 [INF] Executed endpoint 'CMS.API.Controllers.ReportsController.GetMyPatientSummary (CMS.API)'
2026-10-07 12:03:31.392 +03:00 [INF] Request starting HTTP/1.1 GET http://127.0.0.1:5010/api/v1/reports/my-patient-summary?dateFrom=2026-09-30&dateTo=2026-10-07 - application/json null
2026-10-07 12:03:31.394 +03:00 [INF] Request finished HTTP/1.1 GET http://127.0.0.1:5010/api/v1/reports/my-patient-summary?dateFrom=2026-09-30&dateTo=2026-10-07 - 200 null application/json; charset=utf-8 273.6003ms
2026-10-07 12:03:31.403 +03:00 [INF] Executing endpoint 'CMS.API.Controllers.ReportsController.GetMyPatientSummary (CMS.API)'
2026-10-07 12:03:31.416 +03:00 [INF] Route matched with {action = "GetMyPatientSummary", controller = "Reports"}. Executing controller action with signature System.Threading.Tasks.Task`1[Microsoft.AspNetCore.Mvc.IActionResult] GetMyPatientSummary(System.Nullable`1[System.DateTime], System.Nullable`1[System.DateTime], System.Nullable`1[System.Int32]) on controller CMS.API.Controllers.ReportsController (CMS.API).
2026-10-07 12:03:31.467 +03:00 [INF] Executing OkObjectResult, writing value of type 'CMS.Shared.DTOs.ApiResponse`1[[System.Object, System.Private.CoreLib, Version=8.0.0.0, Culture=neutral, PublicKeyToken=7cec85d7bea7798e]]'.
2026-10-07 12:03:31.471 +03:00 [INF] Executed action CMS.API.Controllers.ReportsController.GetMyPatientSummary (CMS.API) in 48.4538ms
2026-10-07 12:03:31.475 +03:00 [INF] Executed endpoint 'CMS.API.Controllers.ReportsController.GetMyPatientSummary (CMS.API)'
2026-10-07 12:03:31.478 +03:00 [INF] Request finished HTTP/1.1 GET http://127.0.0.1:5010/api/v1/reports/my-patient-summary?dateFrom=2026-09-30&dateTo=2026-10-07 - 200 null application/json; charset=utf-8 86.0076ms
2026-10-07 12:03:36.618 +03:00 [INF] Request starting HTTP/1.1 GET http://127.0.0.1:5010/api/v1/reports/doctor-performance - application/json null
2026-10-07 12:03:36.618 +03:00 [INF] Request starting HTTP/1.1 GET http://127.0.0.1:5010/api/v1/reports/receptionists - application/json null
2026-10-07 12:03:36.619 +03:00 [INF] Request starting HTTP/1.1 GET http://127.0.0.1:5010/api/v1/reports/procedures?dateFrom=2026-09-30&dateTo=2026-10-07 - application/json null
2026-10-07 12:03:36.628 +03:00 [INF] Executing endpoint 'CMS.API.Controllers.ReportsController.GetDoctorPerformanceReport (CMS.API)'
2026-10-07 12:03:36.637 +03:00 [INF] Executing endpoint 'CMS.API.Controllers.ReportsController.GetReceptionists (CMS.API)'
2026-10-07 12:03:36.646 +03:00 [INF] Executing endpoint 'CMS.API.Controllers.ReportsController.GetProcedureReport (CMS.API)'
2026-10-07 12:03:36.648 +03:00 [INF] Route matched with {action = "GetDoctorPerformanceReport", controller = "Reports"}. Executing controller action with signature System.Threading.Tasks.Task`1[Microsoft.AspNetCore.Mvc.IActionResult] GetDoctorPerformanceReport(System.Nullable`1[System.DateTime], System.Nullable`1[System.DateTime], System.String) on controller CMS.API.Controllers.ReportsController (CMS.API).
2026-10-07 12:03:36.652 +03:00 [INF] Route matched with {action = "GetReceptionists", controller = "Reports"}. Executing controller action with signature System.Threading.Tasks.Task`1[Microsoft.AspNetCore.Mvc.IActionResult] GetReceptionists() on controller CMS.API.Controllers.ReportsController (CMS.API).
2026-10-07 12:03:36.657 +03:00 [INF] Route matched with {action = "GetProcedureReport", controller = "Reports"}. Executing controller action with signature System.Threading.Tasks.Task`1[Microsoft.AspNetCore.Mvc.IActionResult] GetProcedureReport(System.Nullable`1[System.DateTime], System.Nullable`1[System.DateTime], System.String) on controller CMS.API.Controllers.ReportsController (CMS.API).
2026-10-07 12:03:36.695 +03:00 [INF] Executing OkObjectResult, writing value of type 'CMS.Shared.DTOs.ApiResponse`1[[System.Object, System.Private.CoreLib, Version=8.0.0.0, Culture=neutral, PublicKeyToken=7cec85d7bea7798e]]'.
2026-10-07 12:03:36.701 +03:00 [INF] Executed action CMS.API.Controllers.ReportsController.GetReceptionists (CMS.API) in 32.0774ms
2026-10-07 12:03:36.708 +03:00 [INF] Executed endpoint 'CMS.API.Controllers.ReportsController.GetReceptionists (CMS.API)'
2026-10-07 12:03:36.710 +03:00 [INF] Request starting HTTP/1.1 GET http://127.0.0.1:5010/api/v1/reports/receptionists - application/json null
2026-10-07 12:03:36.712 +03:00 [INF] Request finished HTTP/1.1 GET http://127.0.0.1:5010/api/v1/reports/receptionists - 200 null application/json; charset=utf-8 93.7935ms
2026-10-07 12:03:36.722 +03:00 [INF] Executing endpoint 'CMS.API.Controllers.ReportsController.GetReceptionists (CMS.API)'
2026-10-07 12:03:36.735 +03:00 [INF] Route matched with {action = "GetReceptionists", controller = "Reports"}. Executing controller action with signature System.Threading.Tasks.Task`1[Microsoft.AspNetCore.Mvc.IActionResult] GetReceptionists() on controller CMS.API.Controllers.ReportsController (CMS.API).
2026-10-07 12:03:36.736 +03:00 [INF] Executing OkObjectResult, writing value of type 'CMS.Shared.DTOs.ApiResponse`1[[System.Object, System.Private.CoreLib, Version=8.0.0.0, Culture=neutral, PublicKeyToken=7cec85d7bea7798e]]'.
2026-10-07 12:03:36.743 +03:00 [INF] Executing OkObjectResult, writing value of type 'CMS.Shared.DTOs.ApiResponse`1[[System.Object, System.Private.CoreLib, Version=8.0.0.0, Culture=neutral, PublicKeyToken=7cec85d7bea7798e]]'.
2026-10-07 12:03:36.745 +03:00 [INF] Executed action CMS.API.Controllers.ReportsController.GetProcedureReport (CMS.API) in 68.6189ms
2026-10-07 12:03:36.751 +03:00 [INF] Executed action CMS.API.Controllers.ReportsController.GetReceptionists (CMS.API) in 9.5947ms
2026-10-07 12:03:36.755 +03:00 [INF] Request starting HTTP/1.1 GET http://127.0.0.1:5010/api/v1/reports/procedures?dateFrom=2026-09-30&dateTo=2026-10-07 - application/json null
2026-10-07 12:03:36.757 +03:00 [INF] Executed endpoint 'CMS.API.Controllers.ReportsController.GetProcedureReport (CMS.API)'
2026-10-07 12:03:36.761 +03:00 [INF] Executed endpoint 'CMS.API.Controllers.ReportsController.GetReceptionists (CMS.API)'
2026-10-07 12:03:36.771 +03:00 [INF] Executing endpoint 'CMS.API.Controllers.ReportsController.GetProcedureReport (CMS.API)'
2026-10-07 12:03:36.774 +03:00 [INF] Request finished HTTP/1.1 GET http://127.0.0.1:5010/api/v1/reports/procedures?dateFrom=2026-09-30&dateTo=2026-10-07 - 200 null application/json; charset=utf-8 154.9891ms
2026-10-07 12:03:36.777 +03:00 [INF] Request finished HTTP/1.1 GET http://127.0.0.1:5010/api/v1/reports/receptionists - 200 null application/json; charset=utf-8 66.9013ms
2026-10-07 12:03:36.781 +03:00 [INF] Route matched with {action = "GetProcedureReport", controller = "Reports"}. Executing controller action with signature System.Threading.Tasks.Task`1[Microsoft.AspNetCore.Mvc.IActionResult] GetProcedureReport(System.Nullable`1[System.DateTime], System.Nullable`1[System.DateTime], System.String) on controller CMS.API.Controllers.ReportsController (CMS.API).
2026-10-07 12:03:36.820 +03:00 [INF] Executing OkObjectResult, writing value of type 'CMS.Shared.DTOs.ApiResponse`1[[System.Object, System.Private.CoreLib, Version=8.0.0.0, Culture=neutral, PublicKeyToken=7cec85d7bea7798e]]'.
2026-10-07 12:03:36.824 +03:00 [INF] Executed action CMS.API.Controllers.ReportsController.GetProcedureReport (CMS.API) in 15.3688ms
2026-10-07 12:03:36.830 +03:00 [INF] Executed endpoint 'CMS.API.Controllers.ReportsController.GetProcedureReport (CMS.API)'
2026-10-07 12:03:36.833 +03:00 [INF] Request finished HTTP/1.1 GET http://127.0.0.1:5010/api/v1/reports/procedures?dateFrom=2026-09-30&dateTo=2026-10-07 - 200 null application/json; charset=utf-8 78.0133ms
2026-10-07 12:03:37.877 +03:00 [INF] Executing OkObjectResult, writing value of type 'CMS.Shared.DTOs.ApiResponse`1[[System.Object, System.Private.CoreLib, Version=8.0.0.0, Culture=neutral, PublicKeyToken=7cec85d7bea7798e]]'.
2026-10-07 12:03:37.883 +03:00 [INF] Executed action CMS.API.Controllers.ReportsController.GetDoctorPerformanceReport (CMS.API) in 1220.4593ms
2026-10-07 12:03:37.891 +03:00 [INF] Executed endpoint 'CMS.API.Controllers.ReportsController.GetDoctorPerformanceReport (CMS.API)'
2026-10-07 12:03:37.897 +03:00 [INF] Request starting HTTP/1.1 GET http://127.0.0.1:5010/api/v1/reports/doctor-performance - application/json null
2026-10-07 12:03:37.897 +03:00 [INF] Request finished HTTP/1.1 GET http://127.0.0.1:5010/api/v1/reports/doctor-performance - 200 null application/json; charset=utf-8 1278.5954ms
2026-10-07 12:03:37.908 +03:00 [INF] Executing endpoint 'CMS.API.Controllers.ReportsController.GetDoctorPerformanceReport (CMS.API)'
2026-10-07 12:03:37.923 +03:00 [INF] Route matched with {action = "GetDoctorPerformanceReport", controller = "Reports"}. Executing controller action with signature System.Threading.Tasks.Task`1[Microsoft.AspNetCore.Mvc.IActionResult] GetDoctorPerformanceReport(System.Nullable`1[System.DateTime], System.Nullable`1[System.DateTime], System.String) on controller CMS.API.Controllers.ReportsController (CMS.API).
2026-10-07 12:03:38.968 +03:00 [INF] Executing OkObjectResult, writing value of type 'CMS.Shared.DTOs.ApiResponse`1[[System.Object, System.Private.CoreLib, Version=8.0.0.0, Culture=neutral, PublicKeyToken=7cec85d7bea7798e]]'.
2026-10-07 12:03:38.973 +03:00 [INF] Executed action CMS.API.Controllers.ReportsController.GetDoctorPerformanceReport (CMS.API) in 1044.1735ms
2026-10-07 12:03:38.981 +03:00 [INF] Executed endpoint 'CMS.API.Controllers.ReportsController.GetDoctorPerformanceReport (CMS.API)'
2026-10-07 12:03:38.986 +03:00 [INF] Request finished HTTP/1.1 GET http://127.0.0.1:5010/api/v1/reports/doctor-performance - 200 null application/json; charset=utf-8 1089.1507ms
2026-10-07 12:03:49.141 +03:00 [INF] Request starting HTTP/1.1 GET http://127.0.0.1:5010/api/v1/notifications - application/json null
2026-10-07 12:03:49.152 +03:00 [INF] Executing endpoint 'CMS.API.Controllers.NotificationsController.GetNotifications (CMS.API)'
2026-10-07 12:03:49.156 +03:00 [INF] Route matched with {action = "GetNotifications", controller = "Notifications"}. Executing controller action with signature System.Threading.Tasks.Task`1[Microsoft.AspNetCore.Mvc.IActionResult] GetNotifications(System.Nullable`1[System.Int32], System.String) on controller CMS.API.Controllers.NotificationsController (CMS.API).
2026-10-07 12:03:49.165 +03:00 [INF] Executing OkObjectResult, writing value of type 'CMS.Shared.DTOs.ApiResponse`1[[System.Collections.Generic.List`1[[CMS.Shared.DTOs.NotificationItemDto, CMS.Shared, Version=1.0.0.0, Culture=neutral, PublicKeyToken=null]], System.Private.CoreLib, Version=8.0.0.0, Culture=neutral, PublicKeyToken=7cec85d7bea7798e]]'.
2026-10-07 12:03:49.169 +03:00 [INF] Executed action CMS.API.Controllers.NotificationsController.GetNotifications (CMS.API) in 6.5285ms
2026-10-07 12:03:49.174 +03:00 [INF] Executed endpoint 'CMS.API.Controllers.NotificationsController.GetNotifications (CMS.API)'
2026-10-07 12:03:49.178 +03:00 [INF] Request finished HTTP/1.1 GET http://127.0.0.1:5010/api/v1/notifications - 200 null application/json; charset=utf-8 37.2429ms
2026-10-07 12:03:49.866 +03:00 [INF] Request starting HTTP/1.1 GET http://127.0.0.1:5010/api/v1/reports/doctor-performance - application/json null
2026-10-07 12:03:49.876 +03:00 [INF] Request starting HTTP/1.1 GET http://127.0.0.1:5010/api/v1/reports/receptionists - application/json null
2026-10-07 12:03:49.878 +03:00 [INF] Request starting HTTP/1.1 GET http://127.0.0.1:5010/api/v1/reports/doctor-performance?dateFrom=2026-09-30&dateTo=2026-10-07 - application/json null
2026-10-07 12:03:49.886 +03:00 [INF] Executing endpoint 'CMS.API.Controllers.ReportsController.GetDoctorPerformanceReport (CMS.API)'
2026-10-07 12:03:49.897 +03:00 [INF] Executing endpoint 'CMS.API.Controllers.ReportsController.GetReceptionists (CMS.API)'
2026-10-07 12:03:49.912 +03:00 [INF] Executing endpoint 'CMS.API.Controllers.ReportsController.GetDoctorPerformanceReport (CMS.API)'
2026-10-07 12:03:49.916 +03:00 [INF] Route matched with {action = "GetDoctorPerformanceReport", controller = "Reports"}. Executing controller action with signature System.Threading.Tasks.Task`1[Microsoft.AspNetCore.Mvc.IActionResult] GetDoctorPerformanceReport(System.Nullable`1[System.DateTime], System.Nullable`1[System.DateTime], System.String) on controller CMS.API.Controllers.ReportsController (CMS.API).
2026-10-07 12:03:49.920 +03:00 [INF] Route matched with {action = "GetReceptionists", controller = "Reports"}. Executing controller action with signature System.Threading.Tasks.Task`1[Microsoft.AspNetCore.Mvc.IActionResult] GetReceptionists() on controller CMS.API.Controllers.ReportsController (CMS.API).
2026-10-07 12:03:49.927 +03:00 [INF] Route matched with {action = "GetDoctorPerformanceReport", controller = "Reports"}. Executing controller action with signature System.Threading.Tasks.Task`1[Microsoft.AspNetCore.Mvc.IActionResult] GetDoctorPerformanceReport(System.Nullable`1[System.DateTime], System.Nullable`1[System.DateTime], System.String) on controller CMS.API.Controllers.ReportsController (CMS.API).
2026-10-07 12:03:49.946 +03:00 [INF] Executing OkObjectResult, writing value of type 'CMS.Shared.DTOs.ApiResponse`1[[System.Object, System.Private.CoreLib, Version=8.0.0.0, Culture=neutral, PublicKeyToken=7cec85d7bea7798e]]'.
2026-10-07 12:03:49.960 +03:00 [INF] Executed action CMS.API.Controllers.ReportsController.GetReceptionists (CMS.API) in 16.1986ms
2026-10-07 12:03:49.968 +03:00 [INF] Executed endpoint 'CMS.API.Controllers.ReportsController.GetReceptionists (CMS.API)'
2026-10-07 12:03:49.970 +03:00 [INF] Request starting HTTP/1.1 GET http://127.0.0.1:5010/api/v1/reports/receptionists - application/json null
2026-10-07 12:03:49.972 +03:00 [INF] Request finished HTTP/1.1 GET http://127.0.0.1:5010/api/v1/reports/receptionists - 200 null application/json; charset=utf-8 95.6515ms
2026-10-07 12:03:49.981 +03:00 [INF] Executing endpoint 'CMS.API.Controllers.ReportsController.GetReceptionists (CMS.API)'
2026-10-07 12:03:50.003 +03:00 [INF] Route matched with {action = "GetReceptionists", controller = "Reports"}. Executing controller action with signature System.Threading.Tasks.Task`1[Microsoft.AspNetCore.Mvc.IActionResult] GetReceptionists() on controller CMS.API.Controllers.ReportsController (CMS.API).
2026-10-07 12:03:50.011 +03:00 [INF] Executing OkObjectResult, writing value of type 'CMS.Shared.DTOs.ApiResponse`1[[System.Object, System.Private.CoreLib, Version=8.0.0.0, Culture=neutral, PublicKeyToken=7cec85d7bea7798e]]'.
2026-10-07 12:03:50.016 +03:00 [INF] Executed action CMS.API.Controllers.ReportsController.GetReceptionists (CMS.API) in 7.0495ms
2026-10-07 12:03:50.023 +03:00 [INF] Executed endpoint 'CMS.API.Controllers.ReportsController.GetReceptionists (CMS.API)'
2026-10-07 12:03:50.028 +03:00 [INF] Request finished HTTP/1.1 GET http://127.0.0.1:5010/api/v1/reports/receptionists - 200 null application/json; charset=utf-8 58.0131ms
2026-10-07 12:03:55.007 +03:00 [INF] Executing OkObjectResult, writing value of type 'CMS.Shared.DTOs.ApiResponse`1[[System.Object, System.Private.CoreLib, Version=8.0.0.0, Culture=neutral, PublicKeyToken=7cec85d7bea7798e]]'.
2026-10-07 12:03:55.015 +03:00 [INF] Executed action CMS.API.Controllers.ReportsController.GetDoctorPerformanceReport (CMS.API) in 5064.0571ms
2026-10-07 12:03:55.021 +03:00 [INF] Executed endpoint 'CMS.API.Controllers.ReportsController.GetDoctorPerformanceReport (CMS.API)'
2026-10-07 12:03:55.023 +03:00 [INF] Request starting HTTP/1.1 GET http://127.0.0.1:5010/api/v1/reports/doctor-performance?dateFrom=2026-09-30&dateTo=2026-10-07 - application/json null
2026-10-07 12:03:55.028 +03:00 [INF] Request finished HTTP/1.1 GET http://127.0.0.1:5010/api/v1/reports/doctor-performance?dateFrom=2026-09-30&dateTo=2026-10-07 - 200 null application/json; charset=utf-8 5149.9971ms
2026-10-07 12:03:55.046 +03:00 [INF] Executing endpoint 'CMS.API.Controllers.ReportsController.GetDoctorPerformanceReport (CMS.API)'
2026-10-07 12:03:55.074 +03:00 [INF] Route matched with {action = "GetDoctorPerformanceReport", controller = "Reports"}. Executing controller action with signature System.Threading.Tasks.Task`1[Microsoft.AspNetCore.Mvc.IActionResult] GetDoctorPerformanceReport(System.Nullable`1[System.DateTime], System.Nullable`1[System.DateTime], System.String) on controller CMS.API.Controllers.ReportsController (CMS.API).
2026-10-07 12:03:55.134 +03:00 [INF] Executing OkObjectResult, writing value of type 'CMS.Shared.DTOs.ApiResponse`1[[System.Object, System.Private.CoreLib, Version=8.0.0.0, Culture=neutral, PublicKeyToken=7cec85d7bea7798e]]'.
2026-10-07 12:03:55.147 +03:00 [INF] Executed action CMS.API.Controllers.ReportsController.GetDoctorPerformanceReport (CMS.API) in 65.8074ms
2026-10-07 12:03:55.170 +03:00 [INF] Executed endpoint 'CMS.API.Controllers.ReportsController.GetDoctorPerformanceReport (CMS.API)'
2026-10-07 12:03:55.177 +03:00 [INF] Request finished HTTP/1.1 GET http://127.0.0.1:5010/api/v1/reports/doctor-performance?dateFrom=2026-09-30&dateTo=2026-10-07 - 200 null application/json; charset=utf-8 153.6912ms
2026-10-07 12:03:55.933 +03:00 [INF] Executing OkObjectResult, writing value of type 'CMS.Shared.DTOs.ApiResponse`1[[System.Object, System.Private.CoreLib, Version=8.0.0.0, Culture=neutral, PublicKeyToken=7cec85d7bea7798e]]'.
2026-10-07 12:03:55.937 +03:00 [INF] Executed action CMS.API.Controllers.ReportsController.GetDoctorPerformanceReport (CMS.API) in 6002.9613ms
2026-10-07 12:03:55.942 +03:00 [INF] Executed endpoint 'CMS.API.Controllers.ReportsController.GetDoctorPerformanceReport (CMS.API)'
2026-10-07 12:03:55.944 +03:00 [INF] Request starting HTTP/1.1 GET http://127.0.0.1:5010/api/v1/reports/doctor-performance - application/json null
2026-10-07 12:03:55.945 +03:00 [INF] Request finished HTTP/1.1 GET http://127.0.0.1:5010/api/v1/reports/doctor-performance - 200 null application/json; charset=utf-8 6079.2369ms
2026-10-07 12:03:55.953 +03:00 [INF] Executing endpoint 'CMS.API.Controllers.ReportsController.GetDoctorPerformanceReport (CMS.API)'
2026-10-07 12:03:55.966 +03:00 [INF] Route matched with {action = "GetDoctorPerformanceReport", controller = "Reports"}. Executing controller action with signature System.Threading.Tasks.Task`1[Microsoft.AspNetCore.Mvc.IActionResult] GetDoctorPerformanceReport(System.Nullable`1[System.DateTime], System.Nullable`1[System.DateTime], System.String) on controller CMS.API.Controllers.ReportsController (CMS.API).
2026-10-07 12:03:56.916 +03:00 [INF] Executing OkObjectResult, writing value of type 'CMS.Shared.DTOs.ApiResponse`1[[System.Object, System.Private.CoreLib, Version=8.0.0.0, Culture=neutral, PublicKeyToken=7cec85d7bea7798e]]'.
2026-10-07 12:03:56.922 +03:00 [INF] Executed action CMS.API.Controllers.ReportsController.GetDoctorPerformanceReport (CMS.API) in 949.8759ms
2026-10-07 12:03:56.926 +03:00 [INF] Executed endpoint 'CMS.API.Controllers.ReportsController.GetDoctorPerformanceReport (CMS.API)'
2026-10-07 12:03:56.930 +03:00 [INF] Request finished HTTP/1.1 GET http://127.0.0.1:5010/api/v1/reports/doctor-performance - 200 null application/json; charset=utf-8 985.9365ms
2026-10-07 12:04:49.517 +03:00 [INF] Application is shutting down...
2026-10-07 12:04:49.534 +03:00 [INF] [2026-10-07 12:04:49.534] LISTENER STOPPED: All LIS listeners stopped.
2026-10-07 13:13:59.106 +03:00 [WRN] Cache: Redis unavailable (It was not possible to connect to the redis server(s). Error connecting right now. To allow this multiplexer to continue retrying until it's able to connect, use abortConnect=false in your connection string or AbortOnConnectFail=false; in your code.). Using MemoryCacheService fallback
2026-10-07 13:13:59.824 +03:00 [INF] CMS API Host starting...
2026-10-07 13:13:59.892 +03:00 [INF] User profile is available. Using 'C:\Users\ASUS\AppData\Local\ASP.NET\DataProtection-Keys' as key repository and Windows DPAPI to encrypt keys at rest.
2026-10-07 13:13:59.930 +03:00 [INF] [2026-10-07 13:13:59.919] LISTENER STARTED: Passively waiting for analyzer connections on 0.0.0.0:8004...
2026-10-07 13:13:59.934 +03:00 [INF] [2026-10-07 13:13:59.934] LISTENER STARTED: Passively waiting for analyzer connections on 0.0.0.0:10001...
2026-10-07 13:13:59.937 +03:00 [INF] [2026-10-07 13:13:59.937] LISTENER STARTED: Passively waiting for analyzer connections on 0.0.0.0:10002...
2026-10-07 13:14:00.118 +03:00 [INF] Now listening on: http://localhost:5010
2026-10-07 13:14:00.121 +03:00 [INF] Application started. Press Ctrl+C to shut down.
2026-10-07 13:14:00.124 +03:00 [INF] Hosting environment: Development
2026-10-07 13:14:00.127 +03:00 [INF] Content root path: C:\Users\ASUS\source\repos\CMS\src\CMS.API
2026-10-07 13:14:35.606 +03:00 [INF] Request starting HTTP/1.1 GET http://127.0.0.1:5010/api/v1/settings - null null
2026-10-07 13:14:36.056 +03:00 [INF] Executing endpoint 'CMS.API.Controllers.SettingsController.GetSettings (CMS.API)'
2026-10-07 13:14:36.136 +03:00 [INF] Route matched with {action = "GetSettings", controller = "Settings"}. Executing controller action with signature System.Threading.Tasks.Task`1[Microsoft.AspNetCore.Mvc.IActionResult] GetSettings() on controller CMS.API.Controllers.SettingsController (CMS.API).
2026-10-07 13:14:37.220 +03:00 [INF] Executing OkObjectResult, writing value of type 'CMS.Shared.DTOs.ApiResponse`1[[System.Collections.Generic.List`1[[CMS.Shared.DTOs.ClinicSettingDto, CMS.Shared, Version=1.0.0.0, Culture=neutral, PublicKeyToken=null]], System.Private.CoreLib, Version=8.0.0.0, Culture=neutral, PublicKeyToken=7cec85d7bea7798e]]'.
2026-10-07 13:14:37.407 +03:00 [INF] Executed action CMS.API.Controllers.SettingsController.GetSettings (CMS.API) in 1252.1733ms
2026-10-07 13:14:37.434 +03:00 [INF] Request starting HTTP/1.1 GET http://127.0.0.1:5010/api/v1/settings - null null
2026-10-07 13:14:37.461 +03:00 [INF] Executed endpoint 'CMS.API.Controllers.SettingsController.GetSettings (CMS.API)'
2026-10-07 13:14:37.481 +03:00 [INF] Request finished HTTP/1.1 GET http://127.0.0.1:5010/api/v1/settings - 200 null application/json; charset=utf-8 1879.9276ms
2026-10-07 13:14:37.485 +03:00 [INF] Executing endpoint 'CMS.API.Controllers.SettingsController.GetSettings (CMS.API)'
2026-10-07 13:14:37.498 +03:00 [INF] Route matched with {action = "GetSettings", controller = "Settings"}. Executing controller action with signature System.Threading.Tasks.Task`1[Microsoft.AspNetCore.Mvc.IActionResult] GetSettings() on controller CMS.API.Controllers.SettingsController (CMS.API).
2026-10-07 13:14:37.521 +03:00 [INF] Executing OkObjectResult, writing value of type 'CMS.Shared.DTOs.ApiResponse`1[[System.Collections.Generic.List`1[[CMS.Shared.DTOs.ClinicSettingDto, CMS.Shared, Version=1.0.0.0, Culture=neutral, PublicKeyToken=null]], System.Private.CoreLib, Version=8.0.0.0, Culture=neutral, PublicKeyToken=7cec85d7bea7798e]]'.
2026-10-07 13:14:37.528 +03:00 [INF] Executed action CMS.API.Controllers.SettingsController.GetSettings (CMS.API) in 22.998ms
2026-10-07 13:14:37.533 +03:00 [INF] Executed endpoint 'CMS.API.Controllers.SettingsController.GetSettings (CMS.API)'
2026-10-07 13:14:37.534 +03:00 [INF] Request starting HTTP/1.1 GET http://127.0.0.1:5010/api/v1/settings - null null
2026-10-07 13:14:37.537 +03:00 [INF] Request finished HTTP/1.1 GET http://127.0.0.1:5010/api/v1/settings - 200 null application/json; charset=utf-8 103.1369ms
2026-10-07 13:14:37.554 +03:00 [INF] Executing endpoint 'CMS.API.Controllers.SettingsController.GetSettings (CMS.API)'
2026-10-07 13:14:37.560 +03:00 [INF] Route matched with {action = "GetSettings", controller = "Settings"}. Executing controller action with signature System.Threading.Tasks.Task`1[Microsoft.AspNetCore.Mvc.IActionResult] GetSettings() on controller CMS.API.Controllers.SettingsController (CMS.API).
2026-10-07 13:14:37.573 +03:00 [INF] Executing OkObjectResult, writing value of type 'CMS.Shared.DTOs.ApiResponse`1[[System.Collections.Generic.List`1[[CMS.Shared.DTOs.ClinicSettingDto, CMS.Shared, Version=1.0.0.0, Culture=neutral, PublicKeyToken=null]], System.Private.CoreLib, Version=8.0.0.0, Culture=neutral, PublicKeyToken=7cec85d7bea7798e]]'.
2026-10-07 13:14:37.579 +03:00 [INF] Executed action CMS.API.Controllers.SettingsController.GetSettings (CMS.API) in 13.9522ms
2026-10-07 13:14:37.585 +03:00 [INF] Executed endpoint 'CMS.API.Controllers.SettingsController.GetSettings (CMS.API)'
2026-10-07 13:14:37.586 +03:00 [INF] Request starting HTTP/1.1 GET http://127.0.0.1:5010/api/v1/settings - null null
2026-10-07 13:14:37.590 +03:00 [INF] Request finished HTTP/1.1 GET http://127.0.0.1:5010/api/v1/settings - 200 null application/json; charset=utf-8 55.7661ms
2026-10-07 13:14:37.601 +03:00 [INF] Executing endpoint 'CMS.API.Controllers.SettingsController.GetSettings (CMS.API)'
2026-10-07 13:14:37.615 +03:00 [INF] Route matched with {action = "GetSettings", controller = "Settings"}. Executing controller action with signature System.Threading.Tasks.Task`1[Microsoft.AspNetCore.Mvc.IActionResult] GetSettings() on controller CMS.API.Controllers.SettingsController (CMS.API).
2026-10-07 13:14:37.623 +03:00 [INF] Executing OkObjectResult, writing value of type 'CMS.Shared.DTOs.ApiResponse`1[[System.Collections.Generic.List`1[[CMS.Shared.DTOs.ClinicSettingDto, CMS.Shared, Version=1.0.0.0, Culture=neutral, PublicKeyToken=null]], System.Private.CoreLib, Version=8.0.0.0, Culture=neutral, PublicKeyToken=7cec85d7bea7798e]]'.
2026-10-07 13:14:37.628 +03:00 [INF] Executed action CMS.API.Controllers.SettingsController.GetSettings (CMS.API) in 7.5836ms
2026-10-07 13:14:37.634 +03:00 [INF] Executed endpoint 'CMS.API.Controllers.SettingsController.GetSettings (CMS.API)'
2026-10-07 13:14:37.637 +03:00 [INF] Request finished HTTP/1.1 GET http://127.0.0.1:5010/api/v1/settings - 200 null application/json; charset=utf-8 50.7006ms
2026-10-07 13:14:54.251 +03:00 [INF] Request starting HTTP/1.1 POST http://127.0.0.1:5010/api/v1/auth/login - application/json 56
2026-10-07 13:14:54.274 +03:00 [INF] CORS policy execution successful.
2026-10-07 13:14:54.285 +03:00 [INF] Executing endpoint 'CMS.API.Controllers.AuthController.Login (CMS.API)'
2026-10-07 13:14:54.317 +03:00 [INF] Route matched with {action = "Login", controller = "Auth"}. Executing controller action with signature System.Threading.Tasks.Task`1[Microsoft.AspNetCore.Mvc.IActionResult] Login(CMS.Shared.DTOs.LoginRequest) on controller CMS.API.Controllers.AuthController (CMS.API).
2026-10-07 13:14:54.709 +03:00 [INF] Executing OkObjectResult, writing value of type 'CMS.Shared.DTOs.ApiResponse`1[[CMS.Shared.DTOs.LoginResponse, CMS.Shared, Version=1.0.0.0, Culture=neutral, PublicKeyToken=null]]'.
2026-10-07 13:14:54.745 +03:00 [INF] Executed action CMS.API.Controllers.AuthController.Login (CMS.API) in 416.8993ms
2026-10-07 13:14:54.751 +03:00 [INF] Executed endpoint 'CMS.API.Controllers.AuthController.Login (CMS.API)'
2026-10-07 13:14:54.756 +03:00 [INF] Request finished HTTP/1.1 POST http://127.0.0.1:5010/api/v1/auth/login - 200 null application/json; charset=utf-8 504.3711ms
2026-10-07 13:14:54.770 +03:00 [INF] Request starting HTTP/1.1 GET http://127.0.0.1:5010/api/v1/settings - null null
2026-10-07 13:14:54.785 +03:00 [INF] Executing endpoint 'CMS.API.Controllers.SettingsController.GetSettings (CMS.API)'
2026-10-07 13:14:54.791 +03:00 [INF] Route matched with {action = "GetSettings", controller = "Settings"}. Executing controller action with signature System.Threading.Tasks.Task`1[Microsoft.AspNetCore.Mvc.IActionResult] GetSettings() on controller CMS.API.Controllers.SettingsController (CMS.API).
2026-10-07 13:14:54.801 +03:00 [INF] Executing OkObjectResult, writing value of type 'CMS.Shared.DTOs.ApiResponse`1[[System.Collections.Generic.List`1[[CMS.Shared.DTOs.ClinicSettingDto, CMS.Shared, Version=1.0.0.0, Culture=neutral, PublicKeyToken=null]], System.Private.CoreLib, Version=8.0.0.0, Culture=neutral, PublicKeyToken=7cec85d7bea7798e]]'.
2026-10-07 13:14:54.808 +03:00 [INF] Executed action CMS.API.Controllers.SettingsController.GetSettings (CMS.API) in 10.4296ms
2026-10-07 13:14:54.813 +03:00 [INF] Executed endpoint 'CMS.API.Controllers.SettingsController.GetSettings (CMS.API)'
2026-10-07 13:14:54.817 +03:00 [INF] Request finished HTTP/1.1 GET http://127.0.0.1:5010/api/v1/settings - 200 null application/json; charset=utf-8 47.0342ms
2026-10-07 13:14:54.818 +03:00 [INF] Request starting HTTP/1.1 GET http://127.0.0.1:5010/api/v1/settings - null null
2026-10-07 13:14:54.840 +03:00 [INF] Executing endpoint 'CMS.API.Controllers.SettingsController.GetSettings (CMS.API)'
2026-10-07 13:14:54.844 +03:00 [INF] Route matched with {action = "GetSettings", controller = "Settings"}. Executing controller action with signature System.Threading.Tasks.Task`1[Microsoft.AspNetCore.Mvc.IActionResult] GetSettings() on controller CMS.API.Controllers.SettingsController (CMS.API).
2026-10-07 13:14:54.854 +03:00 [INF] Executing OkObjectResult, writing value of type 'CMS.Shared.DTOs.ApiResponse`1[[System.Collections.Generic.List`1[[CMS.Shared.DTOs.ClinicSettingDto, CMS.Shared, Version=1.0.0.0, Culture=neutral, PublicKeyToken=null]], System.Private.CoreLib, Version=8.0.0.0, Culture=neutral, PublicKeyToken=7cec85d7bea7798e]]'.
2026-10-07 13:14:54.859 +03:00 [INF] Executed action CMS.API.Controllers.SettingsController.GetSettings (CMS.API) in 8.5333ms
2026-10-07 13:14:54.864 +03:00 [INF] Executed endpoint 'CMS.API.Controllers.SettingsController.GetSettings (CMS.API)'
2026-10-07 13:14:54.868 +03:00 [INF] Request finished HTTP/1.1 GET http://127.0.0.1:5010/api/v1/settings - 200 null application/json; charset=utf-8 50.6706ms
2026-10-07 13:14:54.962 +03:00 [INF] Request starting HTTP/1.1 GET http://127.0.0.1:5010/api/v1/settings - null null
2026-10-07 13:14:54.973 +03:00 [INF] Executing endpoint 'CMS.API.Controllers.SettingsController.GetSettings (CMS.API)'
2026-10-07 13:14:54.980 +03:00 [INF] Route matched with {action = "GetSettings", controller = "Settings"}. Executing controller action with signature System.Threading.Tasks.Task`1[Microsoft.AspNetCore.Mvc.IActionResult] GetSettings() on controller CMS.API.Controllers.SettingsController (CMS.API).
2026-10-07 13:14:54.993 +03:00 [INF] Executing OkObjectResult, writing value of type 'CMS.Shared.DTOs.ApiResponse`1[[System.Collections.Generic.List`1[[CMS.Shared.DTOs.ClinicSettingDto, CMS.Shared, Version=1.0.0.0, Culture=neutral, PublicKeyToken=null]], System.Private.CoreLib, Version=8.0.0.0, Culture=neutral, PublicKeyToken=7cec85d7bea7798e]]'.
2026-10-07 13:14:54.998 +03:00 [INF] Request starting HTTP/1.1 GET http://127.0.0.1:5010/api/v1/notifications - application/json null
2026-10-07 13:14:55.007 +03:00 [INF] Request starting HTTP/1.1 GET http://127.0.0.1:5010/api/v1/settings - null null
2026-10-07 13:14:54.999 +03:00 [INF] Request starting HTTP/1.1 GET http://127.0.0.1:5010/api/v1/dashboard/metrics - null null
2026-10-07 13:14:54.999 +03:00 [INF] Executed action CMS.API.Controllers.SettingsController.GetSettings (CMS.API) in 10.3749ms
2026-10-07 13:14:55.008 +03:00 [INF] Executing endpoint 'CMS.API.Controllers.NotificationsController.GetNotifications (CMS.API)'
2026-10-07 13:14:55.016 +03:00 [INF] Executing endpoint 'CMS.API.Controllers.SettingsController.GetSettings (CMS.API)'
2026-10-07 13:14:55.025 +03:00 [INF] Executing endpoint 'CMS.API.Controllers.DashboardController.GetMetrics (CMS.API)'
2026-10-07 13:14:55.029 +03:00 [INF] Executed endpoint 'CMS.API.Controllers.SettingsController.GetSettings (CMS.API)'
2026-10-07 13:14:55.035 +03:00 [INF] Route matched with {action = "GetSettings", controller = "Settings"}. Executing controller action with signature System.Threading.Tasks.Task`1[Microsoft.AspNetCore.Mvc.IActionResult] GetSettings() on controller CMS.API.Controllers.SettingsController (CMS.API).
2026-10-07 13:14:55.044 +03:00 [INF] Route matched with {action = "GetNotifications", controller = "Notifications"}. Executing controller action with signature System.Threading.Tasks.Task`1[Microsoft.AspNetCore.Mvc.IActionResult] GetNotifications(System.Nullable`1[System.Int32], System.String) on controller CMS.API.Controllers.NotificationsController (CMS.API).
2026-10-07 13:14:55.044 +03:00 [INF] Request finished HTTP/1.1 GET http://127.0.0.1:5010/api/v1/settings - 200 null application/json; charset=utf-8 82.0159ms
2026-10-07 13:14:55.049 +03:00 [INF] Route matched with {action = "GetMetrics", controller = "Dashboard"}. Executing controller action with signature System.Threading.Tasks.Task`1[Microsoft.AspNetCore.Mvc.IActionResult] GetMetrics() on controller CMS.API.Controllers.DashboardController (CMS.API).
2026-10-07 13:14:55.053 +03:00 [INF] Executing OkObjectResult, writing value of type 'CMS.Shared.DTOs.ApiResponse`1[[System.Collections.Generic.List`1[[CMS.Shared.DTOs.ClinicSettingDto, CMS.Shared, Version=1.0.0.0, Culture=neutral, PublicKeyToken=null]], System.Private.CoreLib, Version=8.0.0.0, Culture=neutral, PublicKeyToken=7cec85d7bea7798e]]'.
2026-10-07 13:14:55.079 +03:00 [INF] Executed action CMS.API.Controllers.SettingsController.GetSettings (CMS.API) in 28.8825ms
2026-10-07 13:14:55.085 +03:00 [INF] Executed endpoint 'CMS.API.Controllers.SettingsController.GetSettings (CMS.API)'
2026-10-07 13:14:55.089 +03:00 [INF] Request starting HTTP/1.1 GET http://127.0.0.1:5010/api/v1/settings - null null
2026-10-07 13:14:55.089 +03:00 [INF] Request finished HTTP/1.1 GET http://127.0.0.1:5010/api/v1/settings - 200 null application/json; charset=utf-8 82.8777ms
2026-10-07 13:14:55.100 +03:00 [INF] Executing endpoint 'CMS.API.Controllers.SettingsController.GetSettings (CMS.API)'
2026-10-07 13:14:55.100 +03:00 [INF] Executing OkObjectResult, writing value of type 'CMS.Shared.DTOs.ApiResponse`1[[System.Collections.Generic.List`1[[CMS.Shared.DTOs.NotificationItemDto, CMS.Shared, Version=1.0.0.0, Culture=neutral, PublicKeyToken=null]], System.Private.CoreLib, Version=8.0.0.0, Culture=neutral, PublicKeyToken=7cec85d7bea7798e]]'.
2026-10-07 13:14:55.112 +03:00 [INF] Route matched with {action = "GetSettings", controller = "Settings"}. Executing controller action with signature System.Threading.Tasks.Task`1[Microsoft.AspNetCore.Mvc.IActionResult] GetSettings() on controller CMS.API.Controllers.SettingsController (CMS.API).
2026-10-07 13:14:55.126 +03:00 [INF] Executing OkObjectResult, writing value of type 'CMS.Shared.DTOs.ApiResponse`1[[System.Collections.Generic.List`1[[CMS.Shared.DTOs.ClinicSettingDto, CMS.Shared, Version=1.0.0.0, Culture=neutral, PublicKeyToken=null]], System.Private.CoreLib, Version=8.0.0.0, Culture=neutral, PublicKeyToken=7cec85d7bea7798e]]'.
2026-10-07 13:14:55.132 +03:00 [INF] Executed action CMS.API.Controllers.SettingsController.GetSettings (CMS.API) in 9.8488ms
2026-10-07 13:14:55.137 +03:00 [INF] Executed endpoint 'CMS.API.Controllers.SettingsController.GetSettings (CMS.API)'
2026-10-07 13:14:55.140 +03:00 [INF] Request starting HTTP/1.1 GET http://127.0.0.1:5010/api/v1/settings - null null
2026-10-07 13:14:55.141 +03:00 [INF] Request finished HTTP/1.1 GET http://127.0.0.1:5010/api/v1/settings - 200 null application/json; charset=utf-8 51.9429ms
2026-10-07 13:14:55.151 +03:00 [INF] Executing endpoint 'CMS.API.Controllers.SettingsController.GetSettings (CMS.API)'
2026-10-07 13:14:55.157 +03:00 [INF] Executed action CMS.API.Controllers.NotificationsController.GetNotifications (CMS.API) in 100.3111ms
2026-10-07 13:14:55.164 +03:00 [INF] Route matched with {action = "GetSettings", controller = "Settings"}. Executing controller action with signature System.Threading.Tasks.Task`1[Microsoft.AspNetCore.Mvc.IActionResult] GetSettings() on controller CMS.API.Controllers.SettingsController (CMS.API).
2026-10-07 13:14:55.167 +03:00 [INF] Request starting HTTP/1.1 GET http://127.0.0.1:5010/api/v1/notifications - application/json null
2026-10-07 13:14:55.168 +03:00 [INF] Executed endpoint 'CMS.API.Controllers.NotificationsController.GetNotifications (CMS.API)'
2026-10-07 13:14:55.178 +03:00 [INF] Executing OkObjectResult, writing value of type 'CMS.Shared.DTOs.ApiResponse`1[[System.Collections.Generic.List`1[[CMS.Shared.DTOs.ClinicSettingDto, CMS.Shared, Version=1.0.0.0, Culture=neutral, PublicKeyToken=null]], System.Private.CoreLib, Version=8.0.0.0, Culture=neutral, PublicKeyToken=7cec85d7bea7798e]]'.
2026-10-07 13:14:55.185 +03:00 [INF] Executing endpoint 'CMS.API.Controllers.NotificationsController.GetNotifications (CMS.API)'
2026-10-07 13:14:55.188 +03:00 [INF] Request finished HTTP/1.1 GET http://127.0.0.1:5010/api/v1/notifications - 200 null application/json; charset=utf-8 189.8468ms
2026-10-07 13:14:55.194 +03:00 [INF] Executed action CMS.API.Controllers.SettingsController.GetSettings (CMS.API) in 19.6124ms
2026-10-07 13:14:55.197 +03:00 [INF] Route matched with {action = "GetNotifications", controller = "Notifications"}. Executing controller action with signature System.Threading.Tasks.Task`1[Microsoft.AspNetCore.Mvc.IActionResult] GetNotifications(System.Nullable`1[System.Int32], System.String) on controller CMS.API.Controllers.NotificationsController (CMS.API).
2026-10-07 13:14:55.209 +03:00 [INF] Executed endpoint 'CMS.API.Controllers.SettingsController.GetSettings (CMS.API)'
2026-10-07 13:14:55.216 +03:00 [INF] Executing OkObjectResult, writing value of type 'CMS.Shared.DTOs.ApiResponse`1[[System.Collections.Generic.List`1[[CMS.Shared.DTOs.NotificationItemDto, CMS.Shared, Version=1.0.0.0, Culture=neutral, PublicKeyToken=null]], System.Private.CoreLib, Version=8.0.0.0, Culture=neutral, PublicKeyToken=7cec85d7bea7798e]]'.
2026-10-07 13:14:55.219 +03:00 [INF] Request finished HTTP/1.1 GET http://127.0.0.1:5010/api/v1/settings - 200 null application/json; charset=utf-8 78.4304ms
2026-10-07 13:14:55.223 +03:00 [INF] Executed action CMS.API.Controllers.NotificationsController.GetNotifications (CMS.API) in 7.7208ms
2026-10-07 13:14:55.236 +03:00 [INF] Executed endpoint 'CMS.API.Controllers.NotificationsController.GetNotifications (CMS.API)'
2026-10-07 13:14:55.241 +03:00 [INF] Request finished HTTP/1.1 GET http://127.0.0.1:5010/api/v1/notifications - 200 null application/json; charset=utf-8 73.9532ms
2026-10-07 13:14:55.433 +03:00 [INF] Executing OkObjectResult, writing value of type 'CMS.Shared.DTOs.ApiResponse`1[[CMS.Shared.DTOs.DashboardMetricsDto, CMS.Shared, Version=1.0.0.0, Culture=neutral, PublicKeyToken=null]]'.
2026-10-07 13:14:55.537 +03:00 [INF] Executed action CMS.API.Controllers.DashboardController.GetMetrics (CMS.API) in 462.4633ms
2026-10-07 13:14:55.545 +03:00 [INF] Executed endpoint 'CMS.API.Controllers.DashboardController.GetMetrics (CMS.API)'
2026-10-07 13:14:55.550 +03:00 [INF] Request starting HTTP/1.1 GET http://127.0.0.1:5010/api/v1/dashboard/metrics - null null
2026-10-07 13:14:55.552 +03:00 [INF] Request finished HTTP/1.1 GET http://127.0.0.1:5010/api/v1/dashboard/metrics - 200 null application/json; charset=utf-8 553.6587ms
2026-10-07 13:14:55.565 +03:00 [INF] Executing endpoint 'CMS.API.Controllers.DashboardController.GetMetrics (CMS.API)'
2026-10-07 13:14:55.580 +03:00 [INF] Route matched with {action = "GetMetrics", controller = "Dashboard"}. Executing controller action with signature System.Threading.Tasks.Task`1[Microsoft.AspNetCore.Mvc.IActionResult] GetMetrics() on controller CMS.API.Controllers.DashboardController (CMS.API).
2026-10-07 13:14:55.641 +03:00 [INF] Executing OkObjectResult, writing value of type 'CMS.Shared.DTOs.ApiResponse`1[[CMS.Shared.DTOs.DashboardMetricsDto, CMS.Shared, Version=1.0.0.0, Culture=neutral, PublicKeyToken=null]]'.
2026-10-07 13:14:55.647 +03:00 [INF] Executed action CMS.API.Controllers.DashboardController.GetMetrics (CMS.API) in 60.5954ms
2026-10-07 13:14:55.653 +03:00 [INF] Executed endpoint 'CMS.API.Controllers.DashboardController.GetMetrics (CMS.API)'
2026-10-07 13:14:55.658 +03:00 [INF] Request finished HTTP/1.1 GET http://127.0.0.1:5010/api/v1/dashboard/metrics - 200 null application/json; charset=utf-8 108.684ms
2026-10-07 13:14:59.717 +03:00 [INF] Request starting HTTP/1.1 GET http://127.0.0.1:5010/api/v1/triage/queue?date=2026-10-07 - application/json null
2026-10-07 13:14:59.723 +03:00 [INF] Request starting HTTP/1.1 GET http://127.0.0.1:5010/api/v1/staff/doctors - application/json null
2026-10-07 13:14:59.724 +03:00 [INF] Request starting HTTP/1.1 GET http://127.0.0.1:5010/api/v1/patients/search - application/json null
2026-10-07 13:14:59.724 +03:00 [INF] Request starting HTTP/1.1 GET http://127.0.0.1:5010/api/v1/services/consultation - application/json null
2026-10-07 13:14:59.728 +03:00 [INF] Executing endpoint 'CMS.API.Controllers.TriageController.GetQueue (CMS.API)'
2026-10-07 13:14:59.738 +03:00 [INF] Executing endpoint 'CMS.API.Controllers.StaffController.GetDoctors (CMS.API)'
2026-10-07 13:14:59.749 +03:00 [INF] Executing endpoint 'CMS.API.Controllers.PatientsController.Search (CMS.API)'
2026-10-07 13:14:59.760 +03:00 [INF] Executing endpoint 'CMS.API.Controllers.ServicesController.GetConsultationServices (CMS.API)'
2026-10-07 13:14:59.777 +03:00 [INF] Route matched with {action = "GetQueue", controller = "Triage"}. Executing controller action with signature System.Threading.Tasks.Task`1[Microsoft.AspNetCore.Mvc.IActionResult] GetQueue(System.String, System.Nullable`1[System.DateTime]) on controller CMS.API.Controllers.TriageController (CMS.API).
2026-10-07 13:14:59.779 +03:00 [INF] Route matched with {action = "GetDoctors", controller = "Staff"}. Executing controller action with signature System.Threading.Tasks.Task`1[Microsoft.AspNetCore.Mvc.IActionResult] GetDoctors() on controller CMS.API.Controllers.StaffController (CMS.API).
2026-10-07 13:14:59.787 +03:00 [INF] Route matched with {action = "Search", controller = "Patients"}. Executing controller action with signature System.Threading.Tasks.Task`1[Microsoft.AspNetCore.Mvc.IActionResult] Search(System.String, Int32, Int32) on controller CMS.API.Controllers.PatientsController (CMS.API).
2026-10-07 13:14:59.791 +03:00 [INF] Route matched with {action = "GetConsultationServices", controller = "Services"}. Executing controller action with signature System.Threading.Tasks.Task`1[Microsoft.AspNetCore.Mvc.IActionResult] GetConsultationServices() on controller CMS.API.Controllers.ServicesController (CMS.API).
2026-10-07 13:14:59.823 +03:00 [INF] Executing OkObjectResult, writing value of type 'CMS.Shared.DTOs.ApiResponse`1[[System.Collections.Generic.List`1[[CMS.Shared.DTOs.DoctorDto, CMS.Shared, Version=1.0.0.0, Culture=neutral, PublicKeyToken=null]], System.Private.CoreLib, Version=8.0.0.0, Culture=neutral, PublicKeyToken=7cec85d7bea7798e]]'.
2026-10-07 13:14:59.850 +03:00 [INF] Executing OkObjectResult, writing value of type 'CMS.Shared.DTOs.ApiResponse`1[[System.Object, System.Private.CoreLib, Version=8.0.0.0, Culture=neutral, PublicKeyToken=7cec85d7bea7798e]]'.
2026-10-07 13:14:59.853 +03:00 [INF] Executing OkObjectResult, writing value of type 'CMS.Shared.DTOs.ApiResponse`1[[System.Collections.Generic.List`1[[CMS.Shared.DTOs.PatientDto, CMS.Shared, Version=1.0.0.0, Culture=neutral, PublicKeyToken=null]], System.Private.CoreLib, Version=8.0.0.0, Culture=neutral, PublicKeyToken=7cec85d7bea7798e]]'.
2026-10-07 13:14:59.859 +03:00 [INF] Executed action CMS.API.Controllers.StaffController.GetDoctors (CMS.API) in 61.2861ms
2026-10-07 13:14:59.861 +03:00 [INF] Executed action CMS.API.Controllers.ServicesController.GetConsultationServices (CMS.API) in 49.2552ms
2026-10-07 13:14:59.866 +03:00 [INF] Executed endpoint 'CMS.API.Controllers.StaffController.GetDoctors (CMS.API)'
2026-10-07 13:14:59.867 +03:00 [INF] Request starting HTTP/1.1 GET http://127.0.0.1:5010/api/v1/staff/doctors - application/json null
2026-10-07 13:14:59.886 +03:00 [INF] Request starting HTTP/1.1 GET http://127.0.0.1:5010/api/v1/patients/search - application/json null
2026-10-07 13:14:59.872 +03:00 [INF] Request starting HTTP/1.1 GET http://127.0.0.1:5010/api/v1/services/consultation - application/json null
2026-10-07 13:14:59.877 +03:00 [INF] Request finished HTTP/1.1 GET http://127.0.0.1:5010/api/v1/staff/doctors - 200 null application/json; charset=utf-8 154.4636ms
2026-10-07 13:14:59.878 +03:00 [INF] Executed action CMS.API.Controllers.PatientsController.Search (CMS.API) in 73.915ms
2026-10-07 13:14:59.871 +03:00 [INF] Executed endpoint 'CMS.API.Controllers.ServicesController.GetConsultationServices (CMS.API)'
2026-10-07 13:14:59.889 +03:00 [INF] Executing endpoint 'CMS.API.Controllers.StaffController.GetDoctors (CMS.API)'
2026-10-07 13:14:59.895 +03:00 [INF] Executing endpoint 'CMS.API.Controllers.PatientsController.Search (CMS.API)'
2026-10-07 13:14:59.902 +03:00 [INF] Executing endpoint 'CMS.API.Controllers.ServicesController.GetConsultationServices (CMS.API)'
2026-10-07 13:14:59.914 +03:00 [INF] Executed endpoint 'CMS.API.Controllers.PatientsController.Search (CMS.API)'
2026-10-07 13:14:59.917 +03:00 [INF] Request finished HTTP/1.1 GET http://127.0.0.1:5010/api/v1/services/consultation - 200 null application/json; charset=utf-8 192.9537ms
2026-10-07 13:14:59.922 +03:00 [INF] Route matched with {action = "GetDoctors", controller = "Staff"}. Executing controller action with signature System.Threading.Tasks.Task`1[Microsoft.AspNetCore.Mvc.IActionResult] GetDoctors() on controller CMS.API.Controllers.StaffController (CMS.API).
2026-10-07 13:14:59.924 +03:00 [INF] Route matched with {action = "Search", controller = "Patients"}. Executing controller action with signature System.Threading.Tasks.Task`1[Microsoft.AspNetCore.Mvc.IActionResult] Search(System.String, Int32, Int32) on controller CMS.API.Controllers.PatientsController (CMS.API).
2026-10-07 13:14:59.927 +03:00 [INF] Route matched with {action = "GetConsultationServices", controller = "Services"}. Executing controller action with signature System.Threading.Tasks.Task`1[Microsoft.AspNetCore.Mvc.IActionResult] GetConsultationServices() on controller CMS.API.Controllers.ServicesController (CMS.API).
2026-10-07 13:14:59.930 +03:00 [INF] Request finished HTTP/1.1 GET http://127.0.0.1:5010/api/v1/patients/search - 200 null application/json; charset=utf-8 206.384ms
2026-10-07 13:14:59.946 +03:00 [INF] Executing OkObjectResult, writing value of type 'CMS.Shared.DTOs.ApiResponse`1[[System.Collections.Generic.List`1[[CMS.Shared.DTOs.DoctorDto, CMS.Shared, Version=1.0.0.0, Culture=neutral, PublicKeyToken=null]], System.Private.CoreLib, Version=8.0.0.0, Culture=neutral, PublicKeyToken=7cec85d7bea7798e]]'.
2026-10-07 13:14:59.951 +03:00 [INF] Executing OkObjectResult, writing value of type 'CMS.Shared.DTOs.ApiResponse`1[[System.Collections.Generic.List`1[[CMS.Shared.DTOs.PatientDto, CMS.Shared, Version=1.0.0.0, Culture=neutral, PublicKeyToken=null]], System.Private.CoreLib, Version=8.0.0.0, Culture=neutral, PublicKeyToken=7cec85d7bea7798e]]'.
2026-10-07 13:14:59.957 +03:00 [INF] Executing OkObjectResult, writing value of type 'CMS.Shared.DTOs.ApiResponse`1[[System.Object, System.Private.CoreLib, Version=8.0.0.0, Culture=neutral, PublicKeyToken=7cec85d7bea7798e]]'.
2026-10-07 13:14:59.972 +03:00 [INF] Executed action CMS.API.Controllers.StaffController.GetDoctors (CMS.API) in 27.0028ms
2026-10-07 13:14:59.978 +03:00 [INF] Executed action CMS.API.Controllers.PatientsController.Search (CMS.API) in 27.4287ms
2026-10-07 13:14:59.981 +03:00 [INF] Executing OkObjectResult, writing value of type 'CMS.Shared.DTOs.ApiResponse`1[[System.Collections.Generic.List`1[[CMS.Shared.DTOs.TriageDto, CMS.Shared, Version=1.0.0.0, Culture=neutral, PublicKeyToken=null]], System.Private.CoreLib, Version=8.0.0.0, Culture=neutral, PublicKeyToken=7cec85d7bea7798e]]'.
2026-10-07 13:14:59.981 +03:00 [INF] Executed action CMS.API.Controllers.ServicesController.GetConsultationServices (CMS.API) in 24.9525ms
2026-10-07 13:14:59.986 +03:00 [INF] Executed endpoint 'CMS.API.Controllers.StaffController.GetDoctors (CMS.API)'
2026-10-07 13:14:59.989 +03:00 [INF] Executed endpoint 'CMS.API.Controllers.PatientsController.Search (CMS.API)'
2026-10-07 13:14:59.997 +03:00 [INF] Executed endpoint 'CMS.API.Controllers.ServicesController.GetConsultationServices (CMS.API)'
2026-10-07 13:15:00.000 +03:00 [INF] Request finished HTTP/1.1 GET http://127.0.0.1:5010/api/v1/staff/doctors - 200 null application/json; charset=utf-8 132.9758ms
2026-10-07 13:15:00.004 +03:00 [INF] Request finished HTTP/1.1 GET http://127.0.0.1:5010/api/v1/patients/search - 200 null application/json; charset=utf-8 118.0146ms
2026-10-07 13:15:00.007 +03:00 [INF] Request finished HTTP/1.1 GET http://127.0.0.1:5010/api/v1/services/consultation - 200 null application/json; charset=utf-8 135.0998ms
2026-10-07 13:15:00.022 +03:00 [INF] Executed action CMS.API.Controllers.TriageController.GetQueue (CMS.API) in 232.454ms
2026-10-07 13:15:00.031 +03:00 [INF] Request starting HTTP/1.1 GET http://127.0.0.1:5010/api/v1/triage/queue?date=2026-10-07 - application/json null
2026-10-07 13:15:00.045 +03:00 [INF] Executed endpoint 'CMS.API.Controllers.TriageController.GetQueue (CMS.API)'
2026-10-07 13:15:00.057 +03:00 [INF] Executing endpoint 'CMS.API.Controllers.TriageController.GetQueue (CMS.API)'
2026-10-07 13:15:00.057 +03:00 [INF] Request finished HTTP/1.1 GET http://127.0.0.1:5010/api/v1/triage/queue?date=2026-10-07 - 200 null application/json; charset=utf-8 340.6151ms
2026-10-07 13:15:00.062 +03:00 [INF] Route matched with {action = "GetQueue", controller = "Triage"}. Executing controller action with signature System.Threading.Tasks.Task`1[Microsoft.AspNetCore.Mvc.IActionResult] GetQueue(System.String, System.Nullable`1[System.DateTime]) on controller CMS.API.Controllers.TriageController (CMS.API).
2026-10-07 13:15:00.131 +03:00 [INF] Executing OkObjectResult, writing value of type 'CMS.Shared.DTOs.ApiResponse`1[[System.Collections.Generic.List`1[[CMS.Shared.DTOs.TriageDto, CMS.Shared, Version=1.0.0.0, Culture=neutral, PublicKeyToken=null]], System.Private.CoreLib, Version=8.0.0.0, Culture=neutral, PublicKeyToken=7cec85d7bea7798e]]'.
2026-10-07 13:15:00.137 +03:00 [INF] Executed action CMS.API.Controllers.TriageController.GetQueue (CMS.API) in 59.2854ms
2026-10-07 13:15:00.143 +03:00 [INF] Executed endpoint 'CMS.API.Controllers.TriageController.GetQueue (CMS.API)'
2026-10-07 13:15:00.147 +03:00 [INF] Request finished HTTP/1.1 GET http://127.0.0.1:5010/api/v1/triage/queue?date=2026-10-07 - 200 null application/json; charset=utf-8 115.7929ms
2026-10-07 13:15:20.558 +03:00 [INF] Request starting HTTP/1.1 GET http://127.0.0.1:5010/api/v1/patients/search?q=&limit=50 - application/json null
2026-10-07 13:15:20.572 +03:00 [INF] Executing endpoint 'CMS.API.Controllers.PatientsController.Search (CMS.API)'
2026-10-07 13:15:20.576 +03:00 [INF] Route matched with {action = "Search", controller = "Patients"}. Executing controller action with signature System.Threading.Tasks.Task`1[Microsoft.AspNetCore.Mvc.IActionResult] Search(System.String, Int32, Int32) on controller CMS.API.Controllers.PatientsController (CMS.API).
2026-10-07 13:15:20.634 +03:00 [INF] Executing OkObjectResult, writing value of type 'CMS.Shared.DTOs.ApiResponse`1[[System.Collections.Generic.List`1[[CMS.Shared.DTOs.PatientDto, CMS.Shared, Version=1.0.0.0, Culture=neutral, PublicKeyToken=null]], System.Private.CoreLib, Version=8.0.0.0, Culture=neutral, PublicKeyToken=7cec85d7bea7798e]]'.
2026-10-07 13:15:20.640 +03:00 [INF] Executed action CMS.API.Controllers.PatientsController.Search (CMS.API) in 57.7803ms
2026-10-07 13:15:20.646 +03:00 [INF] Executed endpoint 'CMS.API.Controllers.PatientsController.Search (CMS.API)'
2026-10-07 13:15:20.650 +03:00 [INF] Request finished HTTP/1.1 GET http://127.0.0.1:5010/api/v1/patients/search?q=&limit=50 - 200 null application/json; charset=utf-8 91.8269ms
2026-10-07 13:15:23.173 +03:00 [INF] Request starting HTTP/1.1 POST http://127.0.0.1:5010/api/v1/triage - application/json 111
2026-10-07 13:15:23.195 +03:00 [INF] CORS policy execution successful.
2026-10-07 13:15:23.205 +03:00 [INF] Executing endpoint 'CMS.API.Controllers.TriageController.RecordTriage (CMS.API)'
2026-10-07 13:15:23.234 +03:00 [INF] Route matched with {action = "RecordTriage", controller = "Triage"}. Executing controller action with signature System.Threading.Tasks.Task`1[Microsoft.AspNetCore.Mvc.IActionResult] RecordTriage(CMS.Shared.DTOs.RecordTriageDto) on controller CMS.API.Controllers.TriageController (CMS.API).
2026-10-07 13:15:23.416 +03:00 [INF] Executing OkObjectResult, writing value of type 'CMS.Shared.DTOs.ApiResponse`1[[System.Object, System.Private.CoreLib, Version=8.0.0.0, Culture=neutral, PublicKeyToken=7cec85d7bea7798e]]'.
2026-10-07 13:15:23.427 +03:00 [INF] Executed action CMS.API.Controllers.TriageController.RecordTriage (CMS.API) in 183.8123ms
2026-10-07 13:15:23.433 +03:00 [INF] Executed endpoint 'CMS.API.Controllers.TriageController.RecordTriage (CMS.API)'
2026-10-07 13:15:23.437 +03:00 [INF] Request finished HTTP/1.1 POST http://127.0.0.1:5010/api/v1/triage - 200 null application/json; charset=utf-8 263.5779ms
2026-10-07 13:15:23.462 +03:00 [INF] Request starting HTTP/1.1 GET http://127.0.0.1:5010/api/v1/triage/queue?date=2026-10-07 - application/json null
2026-10-07 13:15:23.462 +03:00 [INF] Request starting HTTP/1.1 GET http://127.0.0.1:5010/api/v1/staff/doctors - application/json null
2026-10-07 13:15:23.462 +03:00 [INF] Request starting HTTP/1.1 GET http://127.0.0.1:5010/api/v1/patients/search - application/json null
2026-10-07 13:15:23.463 +03:00 [INF] Request starting HTTP/1.1 GET http://127.0.0.1:5010/api/v1/services/consultation - application/json null
2026-10-07 13:15:23.471 +03:00 [INF] Executing endpoint 'CMS.API.Controllers.TriageController.GetQueue (CMS.API)'
2026-10-07 13:15:23.478 +03:00 [INF] Executing endpoint 'CMS.API.Controllers.StaffController.GetDoctors (CMS.API)'
2026-10-07 13:15:23.485 +03:00 [INF] Executing endpoint 'CMS.API.Controllers.PatientsController.Search (CMS.API)'
2026-10-07 13:15:23.492 +03:00 [INF] Executing endpoint 'CMS.API.Controllers.ServicesController.GetConsultationServices (CMS.API)'
2026-10-07 13:15:23.494 +03:00 [INF] Route matched with {action = "GetQueue", controller = "Triage"}. Executing controller action with signature System.Threading.Tasks.Task`1[Microsoft.AspNetCore.Mvc.IActionResult] GetQueue(System.String, System.Nullable`1[System.DateTime]) on controller CMS.API.Controllers.TriageController (CMS.API).
2026-10-07 13:15:23.496 +03:00 [INF] Route matched with {action = "GetDoctors", controller = "Staff"}. Executing controller action with signature System.Threading.Tasks.Task`1[Microsoft.AspNetCore.Mvc.IActionResult] GetDoctors() on controller CMS.API.Controllers.StaffController (CMS.API).
2026-10-07 13:15:23.499 +03:00 [INF] Route matched with {action = "Search", controller = "Patients"}. Executing controller action with signature System.Threading.Tasks.Task`1[Microsoft.AspNetCore.Mvc.IActionResult] Search(System.String, Int32, Int32) on controller CMS.API.Controllers.PatientsController (CMS.API).
2026-10-07 13:15:23.502 +03:00 [INF] Route matched with {action = "GetConsultationServices", controller = "Services"}. Executing controller action with signature System.Threading.Tasks.Task`1[Microsoft.AspNetCore.Mvc.IActionResult] GetConsultationServices() on controller CMS.API.Controllers.ServicesController (CMS.API).
2026-10-07 13:15:23.513 +03:00 [INF] Executing OkObjectResult, writing value of type 'CMS.Shared.DTOs.ApiResponse`1[[System.Collections.Generic.List`1[[CMS.Shared.DTOs.DoctorDto, CMS.Shared, Version=1.0.0.0, Culture=neutral, PublicKeyToken=null]], System.Private.CoreLib, Version=8.0.0.0, Culture=neutral, PublicKeyToken=7cec85d7bea7798e]]'.
2026-10-07 13:15:23.518 +03:00 [INF] Executing OkObjectResult, writing value of type 'CMS.Shared.DTOs.ApiResponse`1[[System.Collections.Generic.List`1[[CMS.Shared.DTOs.PatientDto, CMS.Shared, Version=1.0.0.0, Culture=neutral, PublicKeyToken=null]], System.Private.CoreLib, Version=8.0.0.0, Culture=neutral, PublicKeyToken=7cec85d7bea7798e]]'.
2026-10-07 13:15:23.525 +03:00 [INF] Executing OkObjectResult, writing value of type 'CMS.Shared.DTOs.ApiResponse`1[[System.Object, System.Private.CoreLib, Version=8.0.0.0, Culture=neutral, PublicKeyToken=7cec85d7bea7798e]]'.
2026-10-07 13:15:23.529 +03:00 [INF] Executed action CMS.API.Controllers.StaffController.GetDoctors (CMS.API) in 18.6826ms
2026-10-07 13:15:23.535 +03:00 [INF] Executed action CMS.API.Controllers.PatientsController.Search (CMS.API) in 17.6332ms
2026-10-07 13:15:23.539 +03:00 [INF] Executed action CMS.API.Controllers.ServicesController.GetConsultationServices (CMS.API) in 14.2883ms
2026-10-07 13:15:23.543 +03:00 [INF] Executed endpoint 'CMS.API.Controllers.StaffController.GetDoctors (CMS.API)'
2026-10-07 13:15:23.547 +03:00 [INF] Executed endpoint 'CMS.API.Controllers.PatientsController.Search (CMS.API)'
2026-10-07 13:15:23.551 +03:00 [INF] Executed endpoint 'CMS.API.Controllers.ServicesController.GetConsultationServices (CMS.API)'
2026-10-07 13:15:23.554 +03:00 [INF] Request finished HTTP/1.1 GET http://127.0.0.1:5010/api/v1/staff/doctors - 200 null application/json; charset=utf-8 91.518ms
2026-10-07 13:15:23.557 +03:00 [INF] Request finished HTTP/1.1 GET http://127.0.0.1:5010/api/v1/patients/search - 200 null application/json; charset=utf-8 94.6068ms
2026-10-07 13:15:23.561 +03:00 [INF] Request finished HTTP/1.1 GET http://127.0.0.1:5010/api/v1/services/consultation - 200 null application/json; charset=utf-8 98.096ms
2026-10-07 13:15:23.674 +03:00 [INF] Executing OkObjectResult, writing value of type 'CMS.Shared.DTOs.ApiResponse`1[[System.Collections.Generic.List`1[[CMS.Shared.DTOs.TriageDto, CMS.Shared, Version=1.0.0.0, Culture=neutral, PublicKeyToken=null]], System.Private.CoreLib, Version=8.0.0.0, Culture=neutral, PublicKeyToken=7cec85d7bea7798e]]'.
2026-10-07 13:15:23.681 +03:00 [INF] Executed action CMS.API.Controllers.TriageController.GetQueue (CMS.API) in 174.962ms
2026-10-07 13:15:23.687 +03:00 [INF] Executed endpoint 'CMS.API.Controllers.TriageController.GetQueue (CMS.API)'
2026-10-07 13:15:23.694 +03:00 [INF] Request finished HTTP/1.1 GET http://127.0.0.1:5010/api/v1/triage/queue?date=2026-10-07 - 200 null application/json; charset=utf-8 231.9736ms
2026-10-07 13:15:26.969 +03:00 [INF] Request starting HTTP/1.1 GET http://127.0.0.1:5010/api/v1/encounters/patient/174494 - application/json null
2026-10-07 13:15:26.970 +03:00 [INF] Request starting HTTP/1.1 GET http://127.0.0.1:5010/api/v1/billing/invoices?patientId=174494&limit=20 - application/json null
2026-10-07 13:15:26.984 +03:00 [INF] Executing endpoint 'CMS.API.Controllers.EncountersController.GetPatientEncounters (CMS.API)'
2026-10-07 13:15:26.993 +03:00 [INF] Executing endpoint 'CMS.API.Controllers.BillingController.GetInvoices (CMS.API)'
2026-10-07 13:15:27.012 +03:00 [INF] Route matched with {action = "GetPatientEncounters", controller = "Encounters"}. Executing controller action with signature System.Threading.Tasks.Task`1[Microsoft.AspNetCore.Mvc.IActionResult] GetPatientEncounters(Int32) on controller CMS.API.Controllers.EncountersController (CMS.API).
2026-10-07 13:15:27.014 +03:00 [INF] Route matched with {action = "GetInvoices", controller = "Billing"}. Executing controller action with signature System.Threading.Tasks.Task`1[Microsoft.AspNetCore.Mvc.IActionResult] GetInvoices(Int32, System.Nullable`1[System.Int32], System.Nullable`1[System.DateTime], System.Nullable`1[System.DateTime], System.Nullable`1[System.DateTime]) on controller CMS.API.Controllers.BillingController (CMS.API).
2026-10-07 13:15:27.147 +03:00 [INF] Executing OkObjectResult, writing value of type 'CMS.Shared.DTOs.ApiResponse`1[[System.Collections.Generic.List`1[[CMS.Shared.DTOs.EncounterDto, CMS.Shared, Version=1.0.0.0, Culture=neutral, PublicKeyToken=null]], System.Private.CoreLib, Version=8.0.0.0, Culture=neutral, PublicKeyToken=7cec85d7bea7798e]]'.
2026-10-07 13:15:27.164 +03:00 [INF] Executed action CMS.API.Controllers.EncountersController.GetPatientEncounters (CMS.API) in 145.4471ms
2026-10-07 13:15:27.170 +03:00 [INF] Executed endpoint 'CMS.API.Controllers.EncountersController.GetPatientEncounters (CMS.API)'
2026-10-07 13:15:27.176 +03:00 [INF] Request finished HTTP/1.1 GET http://127.0.0.1:5010/api/v1/encounters/patient/174494 - 200 null application/json; charset=utf-8 206.9384ms
2026-10-07 13:15:27.335 +03:00 [INF] Executing OkObjectResult, writing value of type 'CMS.Shared.DTOs.ApiResponse`1[[System.Collections.Generic.List`1[[CMS.Shared.DTOs.InvoiceDto, CMS.Shared, Version=1.0.0.0, Culture=neutral, PublicKeyToken=null]], System.Private.CoreLib, Version=8.0.0.0, Culture=neutral, PublicKeyToken=7cec85d7bea7798e]]'.
2026-10-07 13:15:27.364 +03:00 [INF] Executed action CMS.API.Controllers.BillingController.GetInvoices (CMS.API) in 337.9279ms
2026-10-07 13:15:27.370 +03:00 [INF] Executed endpoint 'CMS.API.Controllers.BillingController.GetInvoices (CMS.API)'
2026-10-07 13:15:27.375 +03:00 [INF] Request finished HTTP/1.1 GET http://127.0.0.1:5010/api/v1/billing/invoices?patientId=174494&limit=20 - 200 null application/json; charset=utf-8 405.4117ms
2026-10-07 13:15:41.454 +03:00 [INF] Request starting HTTP/1.1 POST http://127.0.0.1:5010/api/v1/triage/assign-doctor - application/json 195
2026-10-07 13:15:41.503 +03:00 [INF] CORS policy execution successful.
2026-10-07 13:15:41.508 +03:00 [INF] Executing endpoint 'CMS.API.Controllers.TriageController.AssignDoctor (CMS.API)'
2026-10-07 13:15:41.528 +03:00 [INF] Route matched with {action = "AssignDoctor", controller = "Triage"}. Executing controller action with signature System.Threading.Tasks.Task`1[Microsoft.AspNetCore.Mvc.IActionResult] AssignDoctor(CMS.Shared.DTOs.AssignDoctorDto) on controller CMS.API.Controllers.TriageController (CMS.API).
2026-10-07 13:15:41.583 +03:00 [INF] Executing OkObjectResult, writing value of type 'CMS.Shared.DTOs.ApiResponse`1[[System.String, System.Private.CoreLib, Version=8.0.0.0, Culture=neutral, PublicKeyToken=7cec85d7bea7798e]]'.
2026-10-07 13:15:41.593 +03:00 [INF] Executed action CMS.API.Controllers.TriageController.AssignDoctor (CMS.API) in 53.3851ms
2026-10-07 13:15:41.600 +03:00 [INF] Executed endpoint 'CMS.API.Controllers.TriageController.AssignDoctor (CMS.API)'
2026-10-07 13:15:41.603 +03:00 [INF] Request finished HTTP/1.1 POST http://127.0.0.1:5010/api/v1/triage/assign-doctor - 200 null application/json; charset=utf-8 148.7604ms
2026-10-07 13:15:41.622 +03:00 [INF] Request starting HTTP/1.1 POST http://127.0.0.1:5010/api/v1/billing/invoices - application/json 238
2026-10-07 13:15:41.648 +03:00 [INF] CORS policy execution successful.
2026-10-07 13:15:41.740 +03:00 [INF] Executing endpoint 'CMS.API.Controllers.BillingController.CreateInvoice (CMS.API)'
2026-10-07 13:15:41.753 +03:00 [INF] Route matched with {action = "CreateInvoice", controller = "Billing"}. Executing controller action with signature System.Threading.Tasks.Task`1[Microsoft.AspNetCore.Mvc.IActionResult] CreateInvoice(CMS.Shared.DTOs.CreateInvoiceDto) on controller CMS.API.Controllers.BillingController (CMS.API).
2026-10-07 13:15:41.901 +03:00 [INF] Executing OkObjectResult, writing value of type 'CMS.Shared.DTOs.ApiResponse`1[[System.Object, System.Private.CoreLib, Version=8.0.0.0, Culture=neutral, PublicKeyToken=7cec85d7bea7798e]]'.
2026-10-07 13:15:41.912 +03:00 [INF] Executed action CMS.API.Controllers.BillingController.CreateInvoice (CMS.API) in 154.0295ms
2026-10-07 13:15:41.917 +03:00 [INF] Executed endpoint 'CMS.API.Controllers.BillingController.CreateInvoice (CMS.API)'
2026-10-07 13:15:41.922 +03:00 [INF] Request finished HTTP/1.1 POST http://127.0.0.1:5010/api/v1/billing/invoices - 200 null application/json; charset=utf-8 299.4136ms
2026-10-07 13:15:41.934 +03:00 [INF] Request starting HTTP/1.1 GET http://127.0.0.1:5010/api/v1/triage/queue?date=2026-10-07 - application/json null
2026-10-07 13:15:41.946 +03:00 [INF] Executing endpoint 'CMS.API.Controllers.TriageController.GetQueue (CMS.API)'
2026-10-07 13:15:41.950 +03:00 [INF] Route matched with {action = "GetQueue", controller = "Triage"}. Executing controller action with signature System.Threading.Tasks.Task`1[Microsoft.AspNetCore.Mvc.IActionResult] GetQueue(System.String, System.Nullable`1[System.DateTime]) on controller CMS.API.Controllers.TriageController (CMS.API).
2026-10-07 13:15:42.000 +03:00 [INF] Executing OkObjectResult, writing value of type 'CMS.Shared.DTOs.ApiResponse`1[[System.Collections.Generic.List`1[[CMS.Shared.DTOs.TriageDto, CMS.Shared, Version=1.0.0.0, Culture=neutral, PublicKeyToken=null]], System.Private.CoreLib, Version=8.0.0.0, Culture=neutral, PublicKeyToken=7cec85d7bea7798e]]'.
2026-10-07 13:15:42.005 +03:00 [INF] Executed action CMS.API.Controllers.TriageController.GetQueue (CMS.API) in 47.9186ms
2026-10-07 13:15:42.010 +03:00 [INF] Executed endpoint 'CMS.API.Controllers.TriageController.GetQueue (CMS.API)'
2026-10-07 13:15:42.013 +03:00 [INF] Request finished HTTP/1.1 GET http://127.0.0.1:5010/api/v1/triage/queue?date=2026-10-07 - 200 null application/json; charset=utf-8 79.7684ms
2026-10-07 13:15:54.884 +03:00 [INF] Request starting HTTP/1.1 GET http://127.0.0.1:5010/api/v1/notifications - application/json null
2026-10-07 13:15:54.899 +03:00 [INF] Executing endpoint 'CMS.API.Controllers.NotificationsController.GetNotifications (CMS.API)'
2026-10-07 13:15:54.903 +03:00 [INF] Route matched with {action = "GetNotifications", controller = "Notifications"}. Executing controller action with signature System.Threading.Tasks.Task`1[Microsoft.AspNetCore.Mvc.IActionResult] GetNotifications(System.Nullable`1[System.Int32], System.String) on controller CMS.API.Controllers.NotificationsController (CMS.API).
2026-10-07 13:15:54.929 +03:00 [INF] Executing OkObjectResult, writing value of type 'CMS.Shared.DTOs.ApiResponse`1[[System.Collections.Generic.List`1[[CMS.Shared.DTOs.NotificationItemDto, CMS.Shared, Version=1.0.0.0, Culture=neutral, PublicKeyToken=null]], System.Private.CoreLib, Version=8.0.0.0, Culture=neutral, PublicKeyToken=7cec85d7bea7798e]]'.
2026-10-07 13:15:54.938 +03:00 [INF] Executed action CMS.API.Controllers.NotificationsController.GetNotifications (CMS.API) in 26.4794ms
2026-10-07 13:15:54.944 +03:00 [INF] Executed endpoint 'CMS.API.Controllers.NotificationsController.GetNotifications (CMS.API)'
2026-10-07 13:15:54.949 +03:00 [INF] Request finished HTTP/1.1 GET http://127.0.0.1:5010/api/v1/notifications - 200 null application/json; charset=utf-8 65.2231ms
2026-10-07 13:15:58.011 +03:00 [INF] Request starting HTTP/1.1 GET http://127.0.0.1:5010/api/v1/encounters/patient/174495 - application/json null
2026-10-07 13:15:58.011 +03:00 [INF] Request starting HTTP/1.1 GET http://127.0.0.1:5010/api/v1/billing/invoices?patientId=174495&limit=20 - application/json null
2026-10-07 13:15:58.024 +03:00 [INF] Executing endpoint 'CMS.API.Controllers.EncountersController.GetPatientEncounters (CMS.API)'
2026-10-07 13:15:58.031 +03:00 [INF] Executing endpoint 'CMS.API.Controllers.BillingController.GetInvoices (CMS.API)'
2026-10-07 13:15:58.034 +03:00 [INF] Route matched with {action = "GetPatientEncounters", controller = "Encounters"}. Executing controller action with signature System.Threading.Tasks.Task`1[Microsoft.AspNetCore.Mvc.IActionResult] GetPatientEncounters(Int32) on controller CMS.API.Controllers.EncountersController (CMS.API).
2026-10-07 13:15:58.038 +03:00 [INF] Route matched with {action = "GetInvoices", controller = "Billing"}. Executing controller action with signature System.Threading.Tasks.Task`1[Microsoft.AspNetCore.Mvc.IActionResult] GetInvoices(Int32, System.Nullable`1[System.Int32], System.Nullable`1[System.DateTime], System.Nullable`1[System.DateTime], System.Nullable`1[System.DateTime]) on controller CMS.API.Controllers.BillingController (CMS.API).
2026-10-07 13:15:58.053 +03:00 [INF] Executing OkObjectResult, writing value of type 'CMS.Shared.DTOs.ApiResponse`1[[System.Collections.Generic.List`1[[CMS.Shared.DTOs.EncounterDto, CMS.Shared, Version=1.0.0.0, Culture=neutral, PublicKeyToken=null]], System.Private.CoreLib, Version=8.0.0.0, Culture=neutral, PublicKeyToken=7cec85d7bea7798e]]'.
2026-10-07 13:15:58.066 +03:00 [INF] Executed action CMS.API.Controllers.EncountersController.GetPatientEncounters (CMS.API) in 18.4785ms
2026-10-07 13:15:58.074 +03:00 [INF] Executed endpoint 'CMS.API.Controllers.EncountersController.GetPatientEncounters (CMS.API)'
2026-10-07 13:15:58.078 +03:00 [INF] Request finished HTTP/1.1 GET http://127.0.0.1:5010/api/v1/encounters/patient/174495 - 200 null application/json; charset=utf-8 66.9464ms
2026-10-07 13:15:58.090 +03:00 [INF] Executing OkObjectResult, writing value of type 'CMS.Shared.DTOs.ApiResponse`1[[System.Collections.Generic.List`1[[CMS.Shared.DTOs.InvoiceDto, CMS.Shared, Version=1.0.0.0, Culture=neutral, PublicKeyToken=null]], System.Private.CoreLib, Version=8.0.0.0, Culture=neutral, PublicKeyToken=7cec85d7bea7798e]]'.
2026-10-07 13:15:58.102 +03:00 [INF] Executed action CMS.API.Controllers.BillingController.GetInvoices (CMS.API) in 43.0245ms
2026-10-07 13:15:58.109 +03:00 [INF] Executed endpoint 'CMS.API.Controllers.BillingController.GetInvoices (CMS.API)'
2026-10-07 13:15:58.113 +03:00 [INF] Request finished HTTP/1.1 GET http://127.0.0.1:5010/api/v1/billing/invoices?patientId=174495&limit=20 - 200 null application/json; charset=utf-8 101.6058ms
2026-10-07 13:16:05.136 +03:00 [INF] Request starting HTTP/1.1 POST http://127.0.0.1:5010/api/v1/triage/assign-doctor - application/json 188
2026-10-07 13:16:05.149 +03:00 [INF] CORS policy execution successful.
2026-10-07 13:16:05.155 +03:00 [INF] Executing endpoint 'CMS.API.Controllers.TriageController.AssignDoctor (CMS.API)'
2026-10-07 13:16:05.162 +03:00 [INF] Route matched with {action = "AssignDoctor", controller = "Triage"}. Executing controller action with signature System.Threading.Tasks.Task`1[Microsoft.AspNetCore.Mvc.IActionResult] AssignDoctor(CMS.Shared.DTOs.AssignDoctorDto) on controller CMS.API.Controllers.TriageController (CMS.API).
2026-10-07 13:16:05.186 +03:00 [INF] Executing OkObjectResult, writing value of type 'CMS.Shared.DTOs.ApiResponse`1[[System.String, System.Private.CoreLib, Version=8.0.0.0, Culture=neutral, PublicKeyToken=7cec85d7bea7798e]]'.
2026-10-07 13:16:05.194 +03:00 [INF] Executed action CMS.API.Controllers.TriageController.AssignDoctor (CMS.API) in 18.6023ms
2026-10-07 13:16:05.203 +03:00 [INF] Executed endpoint 'CMS.API.Controllers.TriageController.AssignDoctor (CMS.API)'
2026-10-07 13:16:05.210 +03:00 [INF] Request finished HTTP/1.1 POST http://127.0.0.1:5010/api/v1/triage/assign-doctor - 200 null application/json; charset=utf-8 73.7255ms
2026-10-07 13:16:05.226 +03:00 [INF] Request starting HTTP/1.1 GET http://127.0.0.1:5010/api/v1/triage/queue?date=2026-10-07 - application/json null
2026-10-07 13:16:05.273 +03:00 [INF] Executing endpoint 'CMS.API.Controllers.TriageController.GetQueue (CMS.API)'
2026-10-07 13:16:05.280 +03:00 [INF] Route matched with {action = "GetQueue", controller = "Triage"}. Executing controller action with signature System.Threading.Tasks.Task`1[Microsoft.AspNetCore.Mvc.IActionResult] GetQueue(System.String, System.Nullable`1[System.DateTime]) on controller CMS.API.Controllers.TriageController (CMS.API).
2026-10-07 13:16:05.361 +03:00 [INF] Executing OkObjectResult, writing value of type 'CMS.Shared.DTOs.ApiResponse`1[[System.Collections.Generic.List`1[[CMS.Shared.DTOs.TriageDto, CMS.Shared, Version=1.0.0.0, Culture=neutral, PublicKeyToken=null]], System.Private.CoreLib, Version=8.0.0.0, Culture=neutral, PublicKeyToken=7cec85d7bea7798e]]'.
2026-10-07 13:16:05.501 +03:00 [INF] Executed action CMS.API.Controllers.TriageController.GetQueue (CMS.API) in 213.8024ms
2026-10-07 13:16:05.532 +03:00 [INF] Executed endpoint 'CMS.API.Controllers.TriageController.GetQueue (CMS.API)'
2026-10-07 13:16:05.536 +03:00 [INF] Request finished HTTP/1.1 GET http://127.0.0.1:5010/api/v1/triage/queue?date=2026-10-07 - 200 null application/json; charset=utf-8 310.5644ms
2026-10-07 13:16:55.303 +03:00 [INF] Request starting HTTP/1.1 GET http://127.0.0.1:5010/api/v1/notifications - application/json null
2026-10-07 13:16:55.320 +03:00 [INF] Executing endpoint 'CMS.API.Controllers.NotificationsController.GetNotifications (CMS.API)'
2026-10-07 13:16:55.330 +03:00 [INF] Route matched with {action = "GetNotifications", controller = "Notifications"}. Executing controller action with signature System.Threading.Tasks.Task`1[Microsoft.AspNetCore.Mvc.IActionResult] GetNotifications(System.Nullable`1[System.Int32], System.String) on controller CMS.API.Controllers.NotificationsController (CMS.API).
2026-10-07 13:16:55.379 +03:00 [INF] Executing OkObjectResult, writing value of type 'CMS.Shared.DTOs.ApiResponse`1[[System.Collections.Generic.List`1[[CMS.Shared.DTOs.NotificationItemDto, CMS.Shared, Version=1.0.0.0, Culture=neutral, PublicKeyToken=null]], System.Private.CoreLib, Version=8.0.0.0, Culture=neutral, PublicKeyToken=7cec85d7bea7798e]]'.
2026-10-07 13:16:55.390 +03:00 [INF] Executed action CMS.API.Controllers.NotificationsController.GetNotifications (CMS.API) in 47.9802ms
2026-10-07 13:16:55.395 +03:00 [INF] Executed endpoint 'CMS.API.Controllers.NotificationsController.GetNotifications (CMS.API)'
2026-10-07 13:16:55.401 +03:00 [INF] Request finished HTTP/1.1 GET http://127.0.0.1:5010/api/v1/notifications - 200 null application/json; charset=utf-8 97.9593ms
2026-10-07 13:17:55.317 +03:00 [INF] Request starting HTTP/1.1 GET http://127.0.0.1:5010/api/v1/notifications - application/json null
2026-10-07 13:17:55.336 +03:00 [INF] Executing endpoint 'CMS.API.Controllers.NotificationsController.GetNotifications (CMS.API)'
2026-10-07 13:17:55.342 +03:00 [INF] Route matched with {action = "GetNotifications", controller = "Notifications"}. Executing controller action with signature System.Threading.Tasks.Task`1[Microsoft.AspNetCore.Mvc.IActionResult] GetNotifications(System.Nullable`1[System.Int32], System.String) on controller CMS.API.Controllers.NotificationsController (CMS.API).
2026-10-07 13:17:55.402 +03:00 [INF] Executing OkObjectResult, writing value of type 'CMS.Shared.DTOs.ApiResponse`1[[System.Collections.Generic.List`1[[CMS.Shared.DTOs.NotificationItemDto, CMS.Shared, Version=1.0.0.0, Culture=neutral, PublicKeyToken=null]], System.Private.CoreLib, Version=8.0.0.0, Culture=neutral, PublicKeyToken=7cec85d7bea7798e]]'.
2026-10-07 13:17:55.411 +03:00 [INF] Executed action CMS.API.Controllers.NotificationsController.GetNotifications (CMS.API) in 58.6542ms
2026-10-07 13:17:55.420 +03:00 [INF] Executed endpoint 'CMS.API.Controllers.NotificationsController.GetNotifications (CMS.API)'
2026-10-07 13:17:55.425 +03:00 [INF] Request finished HTTP/1.1 GET http://127.0.0.1:5010/api/v1/notifications - 200 null application/json; charset=utf-8 107.7069ms
2026-10-07 13:18:55.301 +03:00 [INF] Request starting HTTP/1.1 GET http://127.0.0.1:5010/api/v1/notifications - application/json null
2026-10-07 13:18:55.310 +03:00 [INF] Executing endpoint 'CMS.API.Controllers.NotificationsController.GetNotifications (CMS.API)'
2026-10-07 13:18:55.316 +03:00 [INF] Route matched with {action = "GetNotifications", controller = "Notifications"}. Executing controller action with signature System.Threading.Tasks.Task`1[Microsoft.AspNetCore.Mvc.IActionResult] GetNotifications(System.Nullable`1[System.Int32], System.String) on controller CMS.API.Controllers.NotificationsController (CMS.API).
2026-10-07 13:18:55.360 +03:00 [INF] Executing OkObjectResult, writing value of type 'CMS.Shared.DTOs.ApiResponse`1[[System.Collections.Generic.List`1[[CMS.Shared.DTOs.NotificationItemDto, CMS.Shared, Version=1.0.0.0, Culture=neutral, PublicKeyToken=null]], System.Private.CoreLib, Version=8.0.0.0, Culture=neutral, PublicKeyToken=7cec85d7bea7798e]]'.
2026-10-07 13:18:55.366 +03:00 [INF] Executed action CMS.API.Controllers.NotificationsController.GetNotifications (CMS.API) in 43.5149ms
2026-10-07 13:18:55.372 +03:00 [INF] Executed endpoint 'CMS.API.Controllers.NotificationsController.GetNotifications (CMS.API)'
2026-10-07 13:18:55.376 +03:00 [INF] Request finished HTTP/1.1 GET http://127.0.0.1:5010/api/v1/notifications - 200 null application/json; charset=utf-8 75.5943ms
2026-10-07 13:19:55.294 +03:00 [INF] Request starting HTTP/1.1 GET http://127.0.0.1:5010/api/v1/notifications - application/json null
2026-10-07 13:19:55.303 +03:00 [INF] Executing endpoint 'CMS.API.Controllers.NotificationsController.GetNotifications (CMS.API)'
2026-10-07 13:19:55.307 +03:00 [INF] Route matched with {action = "GetNotifications", controller = "Notifications"}. Executing controller action with signature System.Threading.Tasks.Task`1[Microsoft.AspNetCore.Mvc.IActionResult] GetNotifications(System.Nullable`1[System.Int32], System.String) on controller CMS.API.Controllers.NotificationsController (CMS.API).
2026-10-07 13:19:55.353 +03:00 [INF] Executing OkObjectResult, writing value of type 'CMS.Shared.DTOs.ApiResponse`1[[System.Collections.Generic.List`1[[CMS.Shared.DTOs.NotificationItemDto, CMS.Shared, Version=1.0.0.0, Culture=neutral, PublicKeyToken=null]], System.Private.CoreLib, Version=8.0.0.0, Culture=neutral, PublicKeyToken=7cec85d7bea7798e]]'.
2026-10-07 13:19:55.360 +03:00 [INF] Executed action CMS.API.Controllers.NotificationsController.GetNotifications (CMS.API) in 47.0042ms
2026-10-07 13:19:55.366 +03:00 [INF] Executed endpoint 'CMS.API.Controllers.NotificationsController.GetNotifications (CMS.API)'
2026-10-07 13:19:55.371 +03:00 [INF] Request finished HTTP/1.1 GET http://127.0.0.1:5010/api/v1/notifications - 200 null application/json; charset=utf-8 77.182ms
2026-10-07 13:20:55.293 +03:00 [INF] Request starting HTTP/1.1 GET http://127.0.0.1:5010/api/v1/notifications - application/json null
2026-10-07 13:20:55.304 +03:00 [INF] Executing endpoint 'CMS.API.Controllers.NotificationsController.GetNotifications (CMS.API)'
2026-10-07 13:20:55.308 +03:00 [INF] Route matched with {action = "GetNotifications", controller = "Notifications"}. Executing controller action with signature System.Threading.Tasks.Task`1[Microsoft.AspNetCore.Mvc.IActionResult] GetNotifications(System.Nullable`1[System.Int32], System.String) on controller CMS.API.Controllers.NotificationsController (CMS.API).
2026-10-07 13:20:55.341 +03:00 [INF] Executing OkObjectResult, writing value of type 'CMS.Shared.DTOs.ApiResponse`1[[System.Collections.Generic.List`1[[CMS.Shared.DTOs.NotificationItemDto, CMS.Shared, Version=1.0.0.0, Culture=neutral, PublicKeyToken=null]], System.Private.CoreLib, Version=8.0.0.0, Culture=neutral, PublicKeyToken=7cec85d7bea7798e]]'.
2026-10-07 13:20:55.349 +03:00 [INF] Executed action CMS.API.Controllers.NotificationsController.GetNotifications (CMS.API) in 33.5909ms
2026-10-07 13:20:55.355 +03:00 [INF] Executed endpoint 'CMS.API.Controllers.NotificationsController.GetNotifications (CMS.API)'
2026-10-07 13:20:55.359 +03:00 [INF] Request finished HTTP/1.1 GET http://127.0.0.1:5010/api/v1/notifications - 200 null application/json; charset=utf-8 66.1284ms
2026-10-07 13:22:18.296 +03:00 [INF] Request starting HTTP/1.1 GET http://127.0.0.1:5010/api/v1/notifications - application/json null
2026-10-07 13:22:18.309 +03:00 [INF] Executing endpoint 'CMS.API.Controllers.NotificationsController.GetNotifications (CMS.API)'
2026-10-07 13:22:18.313 +03:00 [INF] Route matched with {action = "GetNotifications", controller = "Notifications"}. Executing controller action with signature System.Threading.Tasks.Task`1[Microsoft.AspNetCore.Mvc.IActionResult] GetNotifications(System.Nullable`1[System.Int32], System.String) on controller CMS.API.Controllers.NotificationsController (CMS.API).
2026-10-07 13:22:18.349 +03:00 [INF] Executing OkObjectResult, writing value of type 'CMS.Shared.DTOs.ApiResponse`1[[System.Collections.Generic.List`1[[CMS.Shared.DTOs.NotificationItemDto, CMS.Shared, Version=1.0.0.0, Culture=neutral, PublicKeyToken=null]], System.Private.CoreLib, Version=8.0.0.0, Culture=neutral, PublicKeyToken=7cec85d7bea7798e]]'.
2026-10-07 13:22:18.357 +03:00 [INF] Executed action CMS.API.Controllers.NotificationsController.GetNotifications (CMS.API) in 33.3574ms
2026-10-07 13:22:18.364 +03:00 [INF] Executed endpoint 'CMS.API.Controllers.NotificationsController.GetNotifications (CMS.API)'
2026-10-07 13:22:18.369 +03:00 [INF] Request finished HTTP/1.1 GET http://127.0.0.1:5010/api/v1/notifications - 200 null application/json; charset=utf-8 73.2423ms
2026-10-07 13:23:18.312 +03:00 [INF] Request starting HTTP/1.1 GET http://127.0.0.1:5010/api/v1/notifications - application/json null
2026-10-07 13:23:18.324 +03:00 [INF] Executing endpoint 'CMS.API.Controllers.NotificationsController.GetNotifications (CMS.API)'
2026-10-07 13:23:18.329 +03:00 [INF] Route matched with {action = "GetNotifications", controller = "Notifications"}. Executing controller action with signature System.Threading.Tasks.Task`1[Microsoft.AspNetCore.Mvc.IActionResult] GetNotifications(System.Nullable`1[System.Int32], System.String) on controller CMS.API.Controllers.NotificationsController (CMS.API).
2026-10-07 13:23:18.375 +03:00 [INF] Executing OkObjectResult, writing value of type 'CMS.Shared.DTOs.ApiResponse`1[[System.Collections.Generic.List`1[[CMS.Shared.DTOs.NotificationItemDto, CMS.Shared, Version=1.0.0.0, Culture=neutral, PublicKeyToken=null]], System.Private.CoreLib, Version=8.0.0.0, Culture=neutral, PublicKeyToken=7cec85d7bea7798e]]'.
2026-10-07 13:23:18.383 +03:00 [INF] Executed action CMS.API.Controllers.NotificationsController.GetNotifications (CMS.API) in 45.7381ms
2026-10-07 13:23:18.390 +03:00 [INF] Executed endpoint 'CMS.API.Controllers.NotificationsController.GetNotifications (CMS.API)'
2026-10-07 13:23:18.396 +03:00 [INF] Request finished HTTP/1.1 GET http://127.0.0.1:5010/api/v1/notifications - 200 null application/json; charset=utf-8 83.6835ms
2026-10-07 13:24:18.304 +03:00 [INF] Request starting HTTP/1.1 GET http://127.0.0.1:5010/api/v1/notifications - application/json null
2026-10-07 13:24:18.321 +03:00 [INF] Executing endpoint 'CMS.API.Controllers.NotificationsController.GetNotifications (CMS.API)'
2026-10-07 13:24:18.327 +03:00 [INF] Route matched with {action = "GetNotifications", controller = "Notifications"}. Executing controller action with signature System.Threading.Tasks.Task`1[Microsoft.AspNetCore.Mvc.IActionResult] GetNotifications(System.Nullable`1[System.Int32], System.String) on controller CMS.API.Controllers.NotificationsController (CMS.API).
2026-10-07 13:24:18.376 +03:00 [INF] Executing OkObjectResult, writing value of type 'CMS.Shared.DTOs.ApiResponse`1[[System.Collections.Generic.List`1[[CMS.Shared.DTOs.NotificationItemDto, CMS.Shared, Version=1.0.0.0, Culture=neutral, PublicKeyToken=null]], System.Private.CoreLib, Version=8.0.0.0, Culture=neutral, PublicKeyToken=7cec85d7bea7798e]]'.
2026-10-07 13:24:18.384 +03:00 [INF] Executed action CMS.API.Controllers.NotificationsController.GetNotifications (CMS.API) in 47.5426ms
2026-10-07 13:24:18.391 +03:00 [INF] Executed endpoint 'CMS.API.Controllers.NotificationsController.GetNotifications (CMS.API)'
2026-10-07 13:24:18.398 +03:00 [INF] Request finished HTTP/1.1 GET http://127.0.0.1:5010/api/v1/notifications - 200 null application/json; charset=utf-8 93.7412ms
2026-10-07 13:25:18.323 +03:00 [INF] Request starting HTTP/1.1 GET http://127.0.0.1:5010/api/v1/notifications - application/json null
2026-10-07 13:25:18.341 +03:00 [INF] Executing endpoint 'CMS.API.Controllers.NotificationsController.GetNotifications (CMS.API)'
2026-10-07 13:25:18.347 +03:00 [INF] Route matched with {action = "GetNotifications", controller = "Notifications"}. Executing controller action with signature System.Threading.Tasks.Task`1[Microsoft.AspNetCore.Mvc.IActionResult] GetNotifications(System.Nullable`1[System.Int32], System.String) on controller CMS.API.Controllers.NotificationsController (CMS.API).
2026-10-07 13:25:18.391 +03:00 [INF] Executing OkObjectResult, writing value of type 'CMS.Shared.DTOs.ApiResponse`1[[System.Collections.Generic.List`1[[CMS.Shared.DTOs.NotificationItemDto, CMS.Shared, Version=1.0.0.0, Culture=neutral, PublicKeyToken=null]], System.Private.CoreLib, Version=8.0.0.0, Culture=neutral, PublicKeyToken=7cec85d7bea7798e]]'.
2026-10-07 13:25:18.398 +03:00 [INF] Executed action CMS.API.Controllers.NotificationsController.GetNotifications (CMS.API) in 43.4865ms
2026-10-07 13:25:18.407 +03:00 [INF] Executed endpoint 'CMS.API.Controllers.NotificationsController.GetNotifications (CMS.API)'
2026-10-07 13:25:18.411 +03:00 [INF] Request finished HTTP/1.1 GET http://127.0.0.1:5010/api/v1/notifications - 200 null application/json; charset=utf-8 87.4358ms
2026-10-07 13:26:18.308 +03:00 [INF] Request starting HTTP/1.1 POST http://127.0.0.1:5010/api/v1/auth/logout - null 0
2026-10-07 13:26:18.319 +03:00 [INF] CORS policy execution successful.
2026-10-07 13:26:18.323 +03:00 [INF] Executing endpoint 'CMS.API.Controllers.AuthController.Logout (CMS.API)'
2026-10-07 13:26:18.330 +03:00 [INF] Request starting HTTP/1.1 GET http://127.0.0.1:5010/api/v1/notifications - application/json null
2026-10-07 13:26:18.332 +03:00 [INF] Route matched with {action = "Logout", controller = "Auth"}. Executing controller action with signature Microsoft.AspNetCore.Mvc.IActionResult Logout() on controller CMS.API.Controllers.AuthController (CMS.API).
2026-10-07 13:26:18.340 +03:00 [INF] Executing endpoint 'CMS.API.Controllers.NotificationsController.GetNotifications (CMS.API)'
2026-10-07 13:26:18.347 +03:00 [INF] Executing OkObjectResult, writing value of type 'CMS.Shared.DTOs.ApiResponse`1[[System.String, System.Private.CoreLib, Version=8.0.0.0, Culture=neutral, PublicKeyToken=7cec85d7bea7798e]]'.
2026-10-07 13:26:18.349 +03:00 [INF] Route matched with {action = "GetNotifications", controller = "Notifications"}. Executing controller action with signature System.Threading.Tasks.Task`1[Microsoft.AspNetCore.Mvc.IActionResult] GetNotifications(System.Nullable`1[System.Int32], System.String) on controller CMS.API.Controllers.NotificationsController (CMS.API).
2026-10-07 13:26:18.354 +03:00 [INF] Executed action CMS.API.Controllers.AuthController.Logout (CMS.API) in 8.3476ms
2026-10-07 13:26:18.360 +03:00 [INF] Request starting HTTP/1.1 GET http://127.0.0.1:5010/api/v1/settings - null null
2026-10-07 13:26:18.366 +03:00 [INF] Executed endpoint 'CMS.API.Controllers.AuthController.Logout (CMS.API)'
2026-10-07 13:26:18.374 +03:00 [INF] Executing endpoint 'CMS.API.Controllers.SettingsController.GetSettings (CMS.API)'
2026-10-07 13:26:18.378 +03:00 [INF] Request finished HTTP/1.1 POST http://127.0.0.1:5010/api/v1/auth/logout - 200 null application/json; charset=utf-8 70.4051ms
2026-10-07 13:26:18.382 +03:00 [INF] Route matched with {action = "GetSettings", controller = "Settings"}. Executing controller action with signature System.Threading.Tasks.Task`1[Microsoft.AspNetCore.Mvc.IActionResult] GetSettings() on controller CMS.API.Controllers.SettingsController (CMS.API).
2026-10-07 13:26:18.394 +03:00 [INF] Executing OkObjectResult, writing value of type 'CMS.Shared.DTOs.ApiResponse`1[[System.Collections.Generic.List`1[[CMS.Shared.DTOs.NotificationItemDto, CMS.Shared, Version=1.0.0.0, Culture=neutral, PublicKeyToken=null]], System.Private.CoreLib, Version=8.0.0.0, Culture=neutral, PublicKeyToken=7cec85d7bea7798e]]'.
2026-10-07 13:26:18.402 +03:00 [INF] Executed action CMS.API.Controllers.NotificationsController.GetNotifications (CMS.API) in 39.9739ms
2026-10-07 13:26:18.407 +03:00 [INF] Executed endpoint 'CMS.API.Controllers.NotificationsController.GetNotifications (CMS.API)'
2026-10-07 13:26:18.411 +03:00 [INF] Request finished HTTP/1.1 GET http://127.0.0.1:5010/api/v1/notifications - 200 null application/json; charset=utf-8 80.8409ms
2026-10-07 13:26:18.421 +03:00 [INF] Executing OkObjectResult, writing value of type 'CMS.Shared.DTOs.ApiResponse`1[[System.Collections.Generic.List`1[[CMS.Shared.DTOs.ClinicSettingDto, CMS.Shared, Version=1.0.0.0, Culture=neutral, PublicKeyToken=null]], System.Private.CoreLib, Version=8.0.0.0, Culture=neutral, PublicKeyToken=7cec85d7bea7798e]]'.
2026-10-07 13:26:18.426 +03:00 [INF] Executed action CMS.API.Controllers.SettingsController.GetSettings (CMS.API) in 28.2637ms
2026-10-07 13:26:18.430 +03:00 [INF] Executed endpoint 'CMS.API.Controllers.SettingsController.GetSettings (CMS.API)'
2026-10-07 13:26:18.433 +03:00 [INF] Request finished HTTP/1.1 GET http://127.0.0.1:5010/api/v1/settings - 200 null application/json; charset=utf-8 73.8418ms
2026-10-07 13:26:18.434 +03:00 [INF] Request starting HTTP/1.1 GET http://127.0.0.1:5010/api/v1/settings - null null
2026-10-07 13:26:18.451 +03:00 [INF] Executing endpoint 'CMS.API.Controllers.SettingsController.GetSettings (CMS.API)'
2026-10-07 13:26:18.456 +03:00 [INF] Route matched with {action = "GetSettings", controller = "Settings"}. Executing controller action with signature System.Threading.Tasks.Task`1[Microsoft.AspNetCore.Mvc.IActionResult] GetSettings() on controller CMS.API.Controllers.SettingsController (CMS.API).
2026-10-07 13:26:18.463 +03:00 [INF] Executing OkObjectResult, writing value of type 'CMS.Shared.DTOs.ApiResponse`1[[System.Collections.Generic.List`1[[CMS.Shared.DTOs.ClinicSettingDto, CMS.Shared, Version=1.0.0.0, Culture=neutral, PublicKeyToken=null]], System.Private.CoreLib, Version=8.0.0.0, Culture=neutral, PublicKeyToken=7cec85d7bea7798e]]'.
2026-10-07 13:26:18.467 +03:00 [INF] Executed action CMS.API.Controllers.SettingsController.GetSettings (CMS.API) in 6.2391ms
2026-10-07 13:26:18.471 +03:00 [INF] Executed endpoint 'CMS.API.Controllers.SettingsController.GetSettings (CMS.API)'
2026-10-07 13:26:18.475 +03:00 [INF] Request finished HTTP/1.1 GET http://127.0.0.1:5010/api/v1/settings - 200 null application/json; charset=utf-8 41.4543ms
