2026-09-05 22:38:05.422 +03:00 [INF] User profile is available. Using 'C:\Users\ASUS\AppData\Local\ASP.NET\DataProtection-Keys' as key repository and Windows DPAPI to encrypt keys at rest.
2026-09-05 22:38:05.646 +03:00 [ERR] Hosting failed to start
System.IO.IOException: Failed to bind to address http://127.0.0.1:5010: address already in use.
 ---> Microsoft.AspNetCore.Connections.AddressInUseException: Only one usage of each socket address (protocol/network address/port) is normally permitted.
 ---> System.Net.Sockets.SocketException (10048): Only one usage of each socket address (protocol/network address/port) is normally permitted.
   at System.Net.Sockets.Socket.UpdateStatusAfterSocketErrorAndThrowException(SocketError error, Boolean disconnectOnFailure, String callerName)
   at System.Net.Sockets.Socket.DoBind(EndPoint endPointSnapshot, SocketAddress socketAddress)
   at System.Net.Sockets.Socket.Bind(EndPoint localEP)
   at Microsoft.AspNetCore.Server.Kestrel.Transport.Sockets.SocketTransportOptions.CreateDefaultBoundListenSocket(EndPoint endpoint)
   at Microsoft.AspNetCore.Server.Kestrel.Transport.Sockets.SocketConnectionListener.Bind()
   --- End of inner exception stack trace ---
   at Microsoft.AspNetCore.Server.Kestrel.Transport.Sockets.SocketConnectionListener.Bind()
   at Microsoft.AspNetCore.Server.Kestrel.Transport.Sockets.SocketTransportFactory.BindAsync(EndPoint endpoint, CancellationToken cancellationToken)
   at Microsoft.AspNetCore.Server.Kestrel.Core.Internal.Infrastructure.TransportManager.BindAsync(EndPoint endPoint, ConnectionDelegate connectionDelegate, EndpointConfig endpointConfig, CancellationToken cancellationToken)
   at Microsoft.AspNetCore.Server.Kestrel.Core.KestrelServerImpl.<>c__DisplayClass28_0`1.<<StartAsync>g__OnBind|0>d.MoveNext()
--- End of stack trace from previous location ---
   at Microsoft.AspNetCore.Server.Kestrel.Core.Internal.AddressBinder.BindEndpointAsync(ListenOptions endpoint, AddressBindContext context, CancellationToken cancellationToken)
   --- End of inner exception stack trace ---
   at Microsoft.AspNetCore.Server.Kestrel.Core.Internal.AddressBinder.BindEndpointAsync(ListenOptions endpoint, AddressBindContext context, CancellationToken cancellationToken)
   at Microsoft.AspNetCore.Server.Kestrel.Core.LocalhostListenOptions.BindAsync(AddressBindContext context, CancellationToken cancellationToken)
   at Microsoft.AspNetCore.Server.Kestrel.Core.Internal.AddressBinder.AddressesStrategy.BindAsync(AddressBindContext context, CancellationToken cancellationToken)
   at Microsoft.AspNetCore.Server.Kestrel.Core.Internal.AddressBinder.BindAsync(ListenOptions[] listenOptions, AddressBindContext context, Func`2 useHttps, CancellationToken cancellationToken)
   at Microsoft.AspNetCore.Server.Kestrel.Core.KestrelServerImpl.BindAsync(CancellationToken cancellationToken)
   at Microsoft.AspNetCore.Server.Kestrel.Core.KestrelServerImpl.StartAsync[TContext](IHttpApplication`1 application, CancellationToken cancellationToken)
   at Microsoft.AspNetCore.Hosting.GenericWebHostService.StartAsync(CancellationToken cancellationToken)
   at Microsoft.Extensions.Hosting.Internal.Host.<StartAsync>b__15_1(IHostedService service, CancellationToken token)
   at Microsoft.Extensions.Hosting.Internal.Host.ForeachService[T](IEnumerable`1 services, CancellationToken token, Boolean concurrent, Boolean abortOnFirstException, List`1 exceptions, Func`3 operation)
2026-09-05 22:40:37.650 +03:00 [INF] User profile is available. Using 'C:\Users\ASUS\AppData\Local\ASP.NET\DataProtection-Keys' as key repository and Windows DPAPI to encrypt keys at rest.
2026-09-05 22:40:37.873 +03:00 [INF] Now listening on: http://localhost:5010
2026-09-05 22:40:37.883 +03:00 [INF] Application started. Press Ctrl+C to shut down.
2026-09-05 22:40:37.886 +03:00 [INF] Hosting environment: Development
2026-09-05 22:40:37.888 +03:00 [INF] Content root path: C:\Users\ASUS\source\repos\CMS\src\CMS.API
2026-09-05 22:41:45.339 +03:00 [INF] Request starting HTTP/1.1 GET http://localhost:5010/api/v1/settings - null null
2026-09-05 22:41:45.339 +03:00 [INF] Request starting HTTP/1.1 GET http://localhost:5010/api/v1/dashboard/metrics - null null
2026-09-05 22:41:45.490 +03:00 [INF] Executing endpoint 'CMS.API.Controllers.SettingsController.GetSettings (CMS.API)'
2026-09-05 22:41:45.503 +03:00 [INF] Failed to validate the token.
Microsoft.IdentityModel.Tokens.SecurityTokenMalformedException: IDX14100: JWT is not well formed, there are no dots (.).
The token needs to be in JWS or JWE Compact Serialization Format. (JWS): 'EncodedHeader.EncodedPayload.EncodedSignature'. (JWE): 'EncodedProtectedHeader.EncodedEncryptedKey.EncodedInitializationVector.EncodedCiphertext.EncodedAuthenticationTag'.
   at Microsoft.IdentityModel.JsonWebTokens.JsonWebToken.ReadToken(ReadOnlyMemory`1 encodedTokenMemory)
   at Microsoft.IdentityModel.JsonWebTokens.JsonWebToken..ctor(String jwtEncodedString)
   at Microsoft.IdentityModel.JsonWebTokens.JsonWebTokenHandler.ReadToken(String token, TokenValidationParameters validationParameters)
2026-09-05 22:41:45.518 +03:00 [INF] Route matched with {action = "GetSettings", controller = "Settings"}. Executing controller action with signature System.Threading.Tasks.Task`1[Microsoft.AspNetCore.Mvc.IActionResult] GetSettings() on controller CMS.API.Controllers.SettingsController (CMS.API).
2026-09-05 22:41:45.522 +03:00 [INF] Bearer was not authenticated. Failure message: IDX14100: JWT is not well formed, there are no dots (.).
The token needs to be in JWS or JWE Compact Serialization Format. (JWS): 'EncodedHeader.EncodedPayload.EncodedSignature'. (JWE): 'EncodedProtectedHeader.EncodedEncryptedKey.EncodedInitializationVector.EncodedCiphertext.EncodedAuthenticationTag'.
2026-09-05 22:41:45.526 +03:00 [INF] Executing endpoint 'CMS.API.Controllers.DashboardController.GetMetrics (CMS.API)'
2026-09-05 22:41:45.538 +03:00 [INF] Route matched with {action = "GetMetrics", controller = "Dashboard"}. Executing controller action with signature System.Threading.Tasks.Task`1[Microsoft.AspNetCore.Mvc.IActionResult] GetMetrics() on controller CMS.API.Controllers.DashboardController (CMS.API).
2026-09-05 22:41:46.039 +03:00 [INF] Executing OkObjectResult, writing value of type 'CMS.Shared.DTOs.ApiResponse`1[[System.Collections.Generic.List`1[[CMS.Shared.DTOs.ClinicSettingDto, CMS.Shared, Version=1.0.0.0, Culture=neutral, PublicKeyToken=null]], System.Private.CoreLib, Version=8.0.0.0, Culture=neutral, PublicKeyToken=7cec85d7bea7798e]]'.
2026-09-05 22:41:46.128 +03:00 [INF] Executed action CMS.API.Controllers.SettingsController.GetSettings (CMS.API) in 596.6325ms
2026-09-05 22:41:46.135 +03:00 [INF] Request starting HTTP/1.1 GET http://localhost:5010/api/v1/settings - null null
2026-09-05 22:41:46.141 +03:00 [INF] Executed endpoint 'CMS.API.Controllers.SettingsController.GetSettings (CMS.API)'
2026-09-05 22:41:46.152 +03:00 [INF] Request finished HTTP/1.1 GET http://localhost:5010/api/v1/settings - 200 null application/json; charset=utf-8 815.8664ms
2026-09-05 22:41:46.156 +03:00 [INF] Executing endpoint 'CMS.API.Controllers.SettingsController.GetSettings (CMS.API)'
2026-09-05 22:41:46.171 +03:00 [INF] Route matched with {action = "GetSettings", controller = "Settings"}. Executing controller action with signature System.Threading.Tasks.Task`1[Microsoft.AspNetCore.Mvc.IActionResult] GetSettings() on controller CMS.API.Controllers.SettingsController (CMS.API).
2026-09-05 22:41:46.184 +03:00 [INF] Executing OkObjectResult, writing value of type 'CMS.Shared.DTOs.ApiResponse`1[[System.Collections.Generic.List`1[[CMS.Shared.DTOs.ClinicSettingDto, CMS.Shared, Version=1.0.0.0, Culture=neutral, PublicKeyToken=null]], System.Private.CoreLib, Version=8.0.0.0, Culture=neutral, PublicKeyToken=7cec85d7bea7798e]]'.
2026-09-05 22:41:46.188 +03:00 [INF] Executed action CMS.API.Controllers.SettingsController.GetSettings (CMS.API) in 13.517ms
2026-09-05 22:41:46.192 +03:00 [INF] Executed endpoint 'CMS.API.Controllers.SettingsController.GetSettings (CMS.API)'
2026-09-05 22:41:46.194 +03:00 [INF] Request finished HTTP/1.1 GET http://localhost:5010/api/v1/settings - 200 null application/json; charset=utf-8 58.898ms
2026-09-05 22:41:46.234 +03:00 [INF] Executing OkObjectResult, writing value of type 'CMS.Shared.DTOs.ApiResponse`1[[CMS.Shared.DTOs.DashboardMetricsDto, CMS.Shared, Version=1.0.0.0, Culture=neutral, PublicKeyToken=null]]'.
2026-09-05 22:41:46.290 +03:00 [INF] Executed action CMS.API.Controllers.DashboardController.GetMetrics (CMS.API) in 747.4401ms
2026-09-05 22:41:46.294 +03:00 [INF] Executed endpoint 'CMS.API.Controllers.DashboardController.GetMetrics (CMS.API)'
2026-09-05 22:41:46.297 +03:00 [INF] Request starting HTTP/1.1 GET http://localhost:5010/api/v1/dashboard/metrics - null null
2026-09-05 22:41:46.297 +03:00 [INF] Request finished HTTP/1.1 GET http://localhost:5010/api/v1/dashboard/metrics - 200 null application/json; charset=utf-8 964.1839ms
2026-09-05 22:41:46.305 +03:00 [INF] Failed to validate the token.
Microsoft.IdentityModel.Tokens.SecurityTokenMalformedException: IDX14100: JWT is not well formed, there are no dots (.).
The token needs to be in JWS or JWE Compact Serialization Format. (JWS): 'EncodedHeader.EncodedPayload.EncodedSignature'. (JWE): 'EncodedProtectedHeader.EncodedEncryptedKey.EncodedInitializationVector.EncodedCiphertext.EncodedAuthenticationTag'.
   at Microsoft.IdentityModel.JsonWebTokens.JsonWebToken.ReadToken(ReadOnlyMemory`1 encodedTokenMemory)
   at Microsoft.IdentityModel.JsonWebTokens.JsonWebToken..ctor(String jwtEncodedString)
   at Microsoft.IdentityModel.JsonWebTokens.JsonWebTokenHandler.ReadToken(String token, TokenValidationParameters validationParameters)
2026-09-05 22:41:46.317 +03:00 [INF] Bearer was not authenticated. Failure message: IDX14100: JWT is not well formed, there are no dots (.).
The token needs to be in JWS or JWE Compact Serialization Format. (JWS): 'EncodedHeader.EncodedPayload.EncodedSignature'. (JWE): 'EncodedProtectedHeader.EncodedEncryptedKey.EncodedInitializationVector.EncodedCiphertext.EncodedAuthenticationTag'.
2026-09-05 22:41:46.320 +03:00 [INF] Executing endpoint 'CMS.API.Controllers.DashboardController.GetMetrics (CMS.API)'
2026-09-05 22:41:46.322 +03:00 [INF] Route matched with {action = "GetMetrics", controller = "Dashboard"}. Executing controller action with signature System.Threading.Tasks.Task`1[Microsoft.AspNetCore.Mvc.IActionResult] GetMetrics() on controller CMS.API.Controllers.DashboardController (CMS.API).
2026-09-05 22:41:46.356 +03:00 [INF] Executing OkObjectResult, writing value of type 'CMS.Shared.DTOs.ApiResponse`1[[CMS.Shared.DTOs.DashboardMetricsDto, CMS.Shared, Version=1.0.0.0, Culture=neutral, PublicKeyToken=null]]'.
2026-09-05 22:41:46.359 +03:00 [INF] Executed action CMS.API.Controllers.DashboardController.GetMetrics (CMS.API) in 32.8513ms
2026-09-05 22:41:46.362 +03:00 [INF] Executed endpoint 'CMS.API.Controllers.DashboardController.GetMetrics (CMS.API)'
2026-09-05 22:41:46.366 +03:00 [INF] Request finished HTTP/1.1 GET http://localhost:5010/api/v1/dashboard/metrics - 200 null application/json; charset=utf-8 68.9106ms
2026-09-05 22:42:03.206 +03:00 [INF] Request starting HTTP/1.1 GET http://localhost:5010/api/v1/patients/search?q= - application/json null
2026-09-05 22:42:03.218 +03:00 [INF] Executing endpoint 'CMS.API.Controllers.PatientsController.Search (CMS.API)'
2026-09-05 22:42:03.245 +03:00 [INF] Route matched with {action = "Search", controller = "Patients"}. Executing controller action with signature System.Threading.Tasks.Task`1[Microsoft.AspNetCore.Mvc.IActionResult] Search(System.String, Int32) on controller CMS.API.Controllers.PatientsController (CMS.API).
2026-09-05 22:42:03.703 +03:00 [INF] Executing OkObjectResult, writing value of type 'CMS.Shared.DTOs.ApiResponse`1[[System.Collections.Generic.List`1[[CMS.Shared.DTOs.PatientDto, CMS.Shared, Version=1.0.0.0, Culture=neutral, PublicKeyToken=null]], System.Private.CoreLib, Version=8.0.0.0, Culture=neutral, PublicKeyToken=7cec85d7bea7798e]]'.
2026-09-05 22:42:03.851 +03:00 [INF] Executed action CMS.API.Controllers.PatientsController.Search (CMS.API) in 601.6271ms
2026-09-05 22:42:03.860 +03:00 [INF] Executed endpoint 'CMS.API.Controllers.PatientsController.Search (CMS.API)'
2026-09-05 22:42:03.865 +03:00 [INF] Request finished HTTP/1.1 GET http://localhost:5010/api/v1/patients/search?q= - 200 null application/json; charset=utf-8 658.9797ms
2026-09-05 22:42:09.794 +03:00 [INF] Request starting HTTP/1.1 GET http://localhost:5010/api/v1/laboratory/worklist?date=2026-09-05 - application/json null
2026-09-05 22:42:09.794 +03:00 [INF] Request starting HTTP/1.1 GET http://localhost:5010/api/v1/laboratory/catalog - application/json null
2026-09-05 22:42:09.796 +03:00 [INF] Request starting HTTP/1.1 GET http://localhost:5010/api/v1/laboratory/criticals - application/json null
2026-09-05 22:42:09.806 +03:00 [INF] Executing endpoint 'CMS.API.Controllers.LaboratoryController.GetWorklist (CMS.API)'
2026-09-05 22:42:09.814 +03:00 [INF] Executing endpoint 'CMS.API.Controllers.LaboratoryController.GetCatalog (CMS.API)'
2026-09-05 22:42:09.818 +03:00 [INF] Executing endpoint 'CMS.API.Controllers.LaboratoryController.GetCriticals (CMS.API)'
2026-09-05 22:42:09.837 +03:00 [INF] Route matched with {action = "GetCatalog", controller = "Laboratory"}. Executing controller action with signature System.Threading.Tasks.Task`1[Microsoft.AspNetCore.Mvc.IActionResult] GetCatalog() on controller CMS.API.Controllers.LaboratoryController (CMS.API).
2026-09-05 22:42:09.838 +03:00 [INF] Route matched with {action = "GetWorklist", controller = "Laboratory"}. Executing controller action with signature System.Threading.Tasks.Task`1[Microsoft.AspNetCore.Mvc.IActionResult] GetWorklist(System.Nullable`1[System.DateTime], System.Nullable`1[System.Byte]) on controller CMS.API.Controllers.LaboratoryController (CMS.API).
2026-09-05 22:42:09.841 +03:00 [INF] Route matched with {action = "GetCriticals", controller = "Laboratory"}. Executing controller action with signature System.Threading.Tasks.Task`1[Microsoft.AspNetCore.Mvc.IActionResult] GetCriticals() on controller CMS.API.Controllers.LaboratoryController (CMS.API).
2026-09-05 22:42:09.966 +03:00 [INF] Executing OkObjectResult, writing value of type 'CMS.Shared.DTOs.ApiResponse`1[[System.Collections.Generic.List`1[[CMS.Shared.DTOs.LabTestCatalogDto, CMS.Shared, Version=1.0.0.0, Culture=neutral, PublicKeyToken=null]], System.Private.CoreLib, Version=8.0.0.0, Culture=neutral, PublicKeyToken=7cec85d7bea7798e]]'.
2026-09-05 22:42:10.094 +03:00 [INF] Executing OkObjectResult, writing value of type 'CMS.Shared.DTOs.ApiResponse`1[[System.Object, System.Private.CoreLib, Version=8.0.0.0, Culture=neutral, PublicKeyToken=7cec85d7bea7798e]]'.
2026-09-05 22:42:10.105 +03:00 [INF] Executing OkObjectResult, writing value of type 'CMS.Shared.DTOs.ApiResponse`1[[System.Object, System.Private.CoreLib, Version=8.0.0.0, Culture=neutral, PublicKeyToken=7cec85d7bea7798e]]'.
2026-09-05 22:42:10.124 +03:00 [INF] Executed action CMS.API.Controllers.LaboratoryController.GetCatalog (CMS.API) in 265.5949ms
2026-09-05 22:42:10.127 +03:00 [INF] Executed action CMS.API.Controllers.LaboratoryController.GetCriticals (CMS.API) in 240.2083ms
2026-09-05 22:42:10.142 +03:00 [INF] Executed endpoint 'CMS.API.Controllers.LaboratoryController.GetCatalog (CMS.API)'
2026-09-05 22:42:10.151 +03:00 [INF] Request finished HTTP/1.1 GET http://localhost:5010/api/v1/laboratory/catalog - 200 null application/json; charset=utf-8 357.1366ms
2026-09-05 22:42:10.149 +03:00 [INF] Request starting HTTP/1.1 GET http://localhost:5010/api/v1/laboratory/criticals - application/json null
2026-09-05 22:42:10.150 +03:00 [INF] Executed endpoint 'CMS.API.Controllers.LaboratoryController.GetCriticals (CMS.API)'
2026-09-05 22:42:10.149 +03:00 [INF] Request starting HTTP/1.1 GET http://localhost:5010/api/v1/laboratory/catalog - application/json null
2026-09-05 22:42:10.165 +03:00 [INF] Executing endpoint 'CMS.API.Controllers.LaboratoryController.GetCriticals (CMS.API)'
2026-09-05 22:42:10.167 +03:00 [INF] Request finished HTTP/1.1 GET http://localhost:5010/api/v1/laboratory/criticals - 200 null application/json; charset=utf-8 371.2331ms
2026-09-05 22:42:10.173 +03:00 [INF] Executing endpoint 'CMS.API.Controllers.LaboratoryController.GetCatalog (CMS.API)'
2026-09-05 22:42:10.188 +03:00 [INF] Route matched with {action = "GetCatalog", controller = "Laboratory"}. Executing controller action with signature System.Threading.Tasks.Task`1[Microsoft.AspNetCore.Mvc.IActionResult] GetCatalog() on controller CMS.API.Controllers.LaboratoryController (CMS.API).
2026-09-05 22:42:10.185 +03:00 [INF] Executed action CMS.API.Controllers.LaboratoryController.GetWorklist (CMS.API) in 311.7591ms
2026-09-05 22:42:10.177 +03:00 [INF] Route matched with {action = "GetCriticals", controller = "Laboratory"}. Executing controller action with signature System.Threading.Tasks.Task`1[Microsoft.AspNetCore.Mvc.IActionResult] GetCriticals() on controller CMS.API.Controllers.LaboratoryController (CMS.API).
2026-09-05 22:42:10.202 +03:00 [INF] Request starting HTTP/1.1 GET http://localhost:5010/api/v1/laboratory/worklist?date=2026-09-05 - application/json null
2026-09-05 22:42:10.212 +03:00 [INF] Executing OkObjectResult, writing value of type 'CMS.Shared.DTOs.ApiResponse`1[[System.Collections.Generic.List`1[[CMS.Shared.DTOs.LabTestCatalogDto, CMS.Shared, Version=1.0.0.0, Culture=neutral, PublicKeyToken=null]], System.Private.CoreLib, Version=8.0.0.0, Culture=neutral, PublicKeyToken=7cec85d7bea7798e]]'.
2026-09-05 22:42:10.237 +03:00 [INF] Executed action CMS.API.Controllers.LaboratoryController.GetCatalog (CMS.API) in 28.0806ms
2026-09-05 22:42:10.229 +03:00 [INF] Executing OkObjectResult, writing value of type 'CMS.Shared.DTOs.ApiResponse`1[[System.Object, System.Private.CoreLib, Version=8.0.0.0, Culture=neutral, PublicKeyToken=7cec85d7bea7798e]]'.
2026-09-05 22:42:10.247 +03:00 [INF] Executed action CMS.API.Controllers.LaboratoryController.GetCriticals (CMS.API) in 24.7264ms
2026-09-05 22:42:10.219 +03:00 [INF] Executed endpoint 'CMS.API.Controllers.LaboratoryController.GetWorklist (CMS.API)'
2026-09-05 22:42:10.259 +03:00 [INF] Request finished HTTP/1.1 GET http://localhost:5010/api/v1/laboratory/worklist?date=2026-09-05 - 200 null application/json; charset=utf-8 465.1598ms
2026-09-05 22:42:10.233 +03:00 [INF] Executing endpoint 'CMS.API.Controllers.LaboratoryController.GetWorklist (CMS.API)'
2026-09-05 22:42:10.257 +03:00 [INF] Executed endpoint 'CMS.API.Controllers.LaboratoryController.GetCriticals (CMS.API)'
2026-09-05 22:42:10.277 +03:00 [INF] Request finished HTTP/1.1 GET http://localhost:5010/api/v1/laboratory/criticals - 200 null application/json; charset=utf-8 127.7497ms
2026-09-05 22:42:10.275 +03:00 [INF] Route matched with {action = "GetWorklist", controller = "Laboratory"}. Executing controller action with signature System.Threading.Tasks.Task`1[Microsoft.AspNetCore.Mvc.IActionResult] GetWorklist(System.Nullable`1[System.DateTime], System.Nullable`1[System.Byte]) on controller CMS.API.Controllers.LaboratoryController (CMS.API).
2026-09-05 22:42:10.243 +03:00 [INF] Executed endpoint 'CMS.API.Controllers.LaboratoryController.GetCatalog (CMS.API)'
2026-09-05 22:42:10.310 +03:00 [INF] Request finished HTTP/1.1 GET http://localhost:5010/api/v1/laboratory/catalog - 200 null application/json; charset=utf-8 160.9952ms
2026-09-05 22:42:10.326 +03:00 [INF] Executing OkObjectResult, writing value of type 'CMS.Shared.DTOs.ApiResponse`1[[System.Object, System.Private.CoreLib, Version=8.0.0.0, Culture=neutral, PublicKeyToken=7cec85d7bea7798e]]'.
2026-09-05 22:42:10.374 +03:00 [INF] Executed action CMS.API.Controllers.LaboratoryController.GetWorklist (CMS.API) in 68.1364ms
2026-09-05 22:42:10.385 +03:00 [INF] Executed endpoint 'CMS.API.Controllers.LaboratoryController.GetWorklist (CMS.API)'
2026-09-05 22:42:10.386 +03:00 [INF] Request finished HTTP/1.1 GET http://localhost:5010/api/v1/laboratory/worklist?date=2026-09-05 - 200 null application/json; charset=utf-8 183.9979ms
2026-09-05 22:42:18.566 +03:00 [INF] Request starting HTTP/1.1 GET http://localhost:5010/api/v1/laboratory/worklist?date=2026-09-04 - application/json null
2026-09-05 22:42:18.566 +03:00 [INF] Request starting HTTP/1.1 GET http://localhost:5010/api/v1/laboratory/catalog - application/json null
2026-09-05 22:42:18.569 +03:00 [INF] Request starting HTTP/1.1 GET http://localhost:5010/api/v1/laboratory/criticals - application/json null
2026-09-05 22:42:18.582 +03:00 [INF] Executing endpoint 'CMS.API.Controllers.LaboratoryController.GetWorklist (CMS.API)'
2026-09-05 22:42:18.592 +03:00 [INF] Executing endpoint 'CMS.API.Controllers.LaboratoryController.GetCatalog (CMS.API)'
2026-09-05 22:42:18.604 +03:00 [INF] Executing endpoint 'CMS.API.Controllers.LaboratoryController.GetCriticals (CMS.API)'
2026-09-05 22:42:18.607 +03:00 [INF] Route matched with {action = "GetWorklist", controller = "Laboratory"}. Executing controller action with signature System.Threading.Tasks.Task`1[Microsoft.AspNetCore.Mvc.IActionResult] GetWorklist(System.Nullable`1[System.DateTime], System.Nullable`1[System.Byte]) on controller CMS.API.Controllers.LaboratoryController (CMS.API).
2026-09-05 22:42:18.610 +03:00 [INF] Route matched with {action = "GetCatalog", controller = "Laboratory"}. Executing controller action with signature System.Threading.Tasks.Task`1[Microsoft.AspNetCore.Mvc.IActionResult] GetCatalog() on controller CMS.API.Controllers.LaboratoryController (CMS.API).
2026-09-05 22:42:18.620 +03:00 [INF] Route matched with {action = "GetCriticals", controller = "Laboratory"}. Executing controller action with signature System.Threading.Tasks.Task`1[Microsoft.AspNetCore.Mvc.IActionResult] GetCriticals() on controller CMS.API.Controllers.LaboratoryController (CMS.API).
2026-09-05 22:42:18.631 +03:00 [INF] Executing OkObjectResult, writing value of type 'CMS.Shared.DTOs.ApiResponse`1[[System.Object, System.Private.CoreLib, Version=8.0.0.0, Culture=neutral, PublicKeyToken=7cec85d7bea7798e]]'.
2026-09-05 22:42:18.641 +03:00 [INF] Executing OkObjectResult, writing value of type 'CMS.Shared.DTOs.ApiResponse`1[[System.Collections.Generic.List`1[[CMS.Shared.DTOs.LabTestCatalogDto, CMS.Shared, Version=1.0.0.0, Culture=neutral, PublicKeyToken=null]], System.Private.CoreLib, Version=8.0.0.0, Culture=neutral, PublicKeyToken=7cec85d7bea7798e]]'.
2026-09-05 22:42:18.648 +03:00 [INF] Executing OkObjectResult, writing value of type 'CMS.Shared.DTOs.ApiResponse`1[[System.Object, System.Private.CoreLib, Version=8.0.0.0, Culture=neutral, PublicKeyToken=7cec85d7bea7798e]]'.
2026-09-05 22:42:18.651 +03:00 [INF] Executed action CMS.API.Controllers.LaboratoryController.GetWorklist (CMS.API) in 23.6282ms
2026-09-05 22:42:18.654 +03:00 [INF] Executed action CMS.API.Controllers.LaboratoryController.GetCatalog (CMS.API) in 16.0178ms
2026-09-05 22:42:18.658 +03:00 [INF] Executed action CMS.API.Controllers.LaboratoryController.GetCriticals (CMS.API) in 13.1065ms
2026-09-05 22:42:18.661 +03:00 [INF] Executed endpoint 'CMS.API.Controllers.LaboratoryController.GetWorklist (CMS.API)'
2026-09-05 22:42:18.665 +03:00 [INF] Executed endpoint 'CMS.API.Controllers.LaboratoryController.GetCatalog (CMS.API)'
2026-09-05 22:42:18.668 +03:00 [INF] Executed endpoint 'CMS.API.Controllers.LaboratoryController.GetCriticals (CMS.API)'
2026-09-05 22:42:18.670 +03:00 [INF] Request finished HTTP/1.1 GET http://localhost:5010/api/v1/laboratory/worklist?date=2026-09-04 - 200 null application/json; charset=utf-8 103.9838ms
2026-09-05 22:42:18.674 +03:00 [INF] Request finished HTTP/1.1 GET http://localhost:5010/api/v1/laboratory/catalog - 200 null application/json; charset=utf-8 107.8086ms
2026-09-05 22:42:18.678 +03:00 [INF] Request finished HTTP/1.1 GET http://localhost:5010/api/v1/laboratory/criticals - 200 null application/json; charset=utf-8 108.709ms
2026-09-05 22:42:21.987 +03:00 [INF] Request starting HTTP/1.1 GET http://localhost:5010/api/v1/laboratory/catalog - application/json null
2026-09-05 22:42:22.021 +03:00 [INF] Request starting HTTP/1.1 GET http://localhost:5010/api/v1/laboratory/worklist?date=2026-09-05 - application/json null
2026-09-05 22:42:22.021 +03:00 [INF] Request starting HTTP/1.1 GET http://localhost:5010/api/v1/laboratory/criticals - application/json null
2026-09-05 22:42:22.028 +03:00 [INF] Executing endpoint 'CMS.API.Controllers.LaboratoryController.GetCatalog (CMS.API)'
2026-09-05 22:42:22.204 +03:00 [INF] Executing endpoint 'CMS.API.Controllers.LaboratoryController.GetWorklist (CMS.API)'
2026-09-05 22:42:22.224 +03:00 [INF] Route matched with {action = "GetWorklist", controller = "Laboratory"}. Executing controller action with signature System.Threading.Tasks.Task`1[Microsoft.AspNetCore.Mvc.IActionResult] GetWorklist(System.Nullable`1[System.DateTime], System.Nullable`1[System.Byte]) on controller CMS.API.Controllers.LaboratoryController (CMS.API).
2026-09-05 22:42:22.222 +03:00 [INF] Route matched with {action = "GetCatalog", controller = "Laboratory"}. Executing controller action with signature System.Threading.Tasks.Task`1[Microsoft.AspNetCore.Mvc.IActionResult] GetCatalog() on controller CMS.API.Controllers.LaboratoryController (CMS.API).
2026-09-05 22:42:22.220 +03:00 [INF] Executing endpoint 'CMS.API.Controllers.LaboratoryController.GetCriticals (CMS.API)'
2026-09-05 22:42:22.233 +03:00 [INF] Executing OkObjectResult, writing value of type 'CMS.Shared.DTOs.ApiResponse`1[[System.Object, System.Private.CoreLib, Version=8.0.0.0, Culture=neutral, PublicKeyToken=7cec85d7bea7798e]]'.
2026-09-05 22:42:22.236 +03:00 [INF] Route matched with {action = "GetCriticals", controller = "Laboratory"}. Executing controller action with signature System.Threading.Tasks.Task`1[Microsoft.AspNetCore.Mvc.IActionResult] GetCriticals() on controller CMS.API.Controllers.LaboratoryController (CMS.API).
2026-09-05 22:42:22.238 +03:00 [INF] Executed action CMS.API.Controllers.LaboratoryController.GetWorklist (CMS.API) in 8.126ms
2026-09-05 22:42:22.240 +03:00 [INF] Executing OkObjectResult, writing value of type 'CMS.Shared.DTOs.ApiResponse`1[[System.Collections.Generic.List`1[[CMS.Shared.DTOs.LabTestCatalogDto, CMS.Shared, Version=1.0.0.0, Culture=neutral, PublicKeyToken=null]], System.Private.CoreLib, Version=8.0.0.0, Culture=neutral, PublicKeyToken=7cec85d7bea7798e]]'.
2026-09-05 22:42:22.245 +03:00 [INF] Executing OkObjectResult, writing value of type 'CMS.Shared.DTOs.ApiResponse`1[[System.Object, System.Private.CoreLib, Version=8.0.0.0, Culture=neutral, PublicKeyToken=7cec85d7bea7798e]]'.
2026-09-05 22:42:22.247 +03:00 [INF] Executed endpoint 'CMS.API.Controllers.LaboratoryController.GetWorklist (CMS.API)'
2026-09-05 22:42:22.250 +03:00 [INF] Executed action CMS.API.Controllers.LaboratoryController.GetCatalog (CMS.API) in 15.708ms
2026-09-05 22:42:22.252 +03:00 [INF] Executed action CMS.API.Controllers.LaboratoryController.GetCriticals (CMS.API) in 9.1926ms
2026-09-05 22:42:22.256 +03:00 [INF] Request finished HTTP/1.1 GET http://localhost:5010/api/v1/laboratory/worklist?date=2026-09-05 - 200 null application/json; charset=utf-8 234.3064ms
2026-09-05 22:42:22.260 +03:00 [INF] Executed endpoint 'CMS.API.Controllers.LaboratoryController.GetCatalog (CMS.API)'
2026-09-05 22:42:22.264 +03:00 [INF] Executed endpoint 'CMS.API.Controllers.LaboratoryController.GetCriticals (CMS.API)'
2026-09-05 22:42:22.272 +03:00 [INF] Request finished HTTP/1.1 GET http://localhost:5010/api/v1/laboratory/catalog - 200 null application/json; charset=utf-8 284.8334ms
2026-09-05 22:42:22.276 +03:00 [INF] Request finished HTTP/1.1 GET http://localhost:5010/api/v1/laboratory/criticals - 200 null application/json; charset=utf-8 254.586ms
2026-09-05 22:42:25.195 +03:00 [INF] Request starting HTTP/1.1 GET http://localhost:5010/api/v1/laboratory/worklist?date=2026-09-06 - application/json null
2026-09-05 22:42:25.208 +03:00 [INF] Request starting HTTP/1.1 GET http://localhost:5010/api/v1/laboratory/catalog - application/json null
2026-09-05 22:42:25.209 +03:00 [INF] Request starting HTTP/1.1 GET http://localhost:5010/api/v1/laboratory/criticals - application/json null
2026-09-05 22:42:25.223 +03:00 [INF] Executing endpoint 'CMS.API.Controllers.LaboratoryController.GetWorklist (CMS.API)'
2026-09-05 22:42:25.227 +03:00 [INF] Executing endpoint 'CMS.API.Controllers.LaboratoryController.GetCatalog (CMS.API)'
2026-09-05 22:42:25.236 +03:00 [INF] Executing endpoint 'CMS.API.Controllers.LaboratoryController.GetCriticals (CMS.API)'
2026-09-05 22:42:25.238 +03:00 [INF] Route matched with {action = "GetWorklist", controller = "Laboratory"}. Executing controller action with signature System.Threading.Tasks.Task`1[Microsoft.AspNetCore.Mvc.IActionResult] GetWorklist(System.Nullable`1[System.DateTime], System.Nullable`1[System.Byte]) on controller CMS.API.Controllers.LaboratoryController (CMS.API).
2026-09-05 22:42:25.239 +03:00 [INF] Route matched with {action = "GetCatalog", controller = "Laboratory"}. Executing controller action with signature System.Threading.Tasks.Task`1[Microsoft.AspNetCore.Mvc.IActionResult] GetCatalog() on controller CMS.API.Controllers.LaboratoryController (CMS.API).
2026-09-05 22:42:25.241 +03:00 [INF] Route matched with {action = "GetCriticals", controller = "Laboratory"}. Executing controller action with signature System.Threading.Tasks.Task`1[Microsoft.AspNetCore.Mvc.IActionResult] GetCriticals() on controller CMS.API.Controllers.LaboratoryController (CMS.API).
2026-09-05 22:42:25.250 +03:00 [INF] Executing OkObjectResult, writing value of type 'CMS.Shared.DTOs.ApiResponse`1[[System.Object, System.Private.CoreLib, Version=8.0.0.0, Culture=neutral, PublicKeyToken=7cec85d7bea7798e]]'.
2026-09-05 22:42:25.256 +03:00 [INF] Executing OkObjectResult, writing value of type 'CMS.Shared.DTOs.ApiResponse`1[[System.Collections.Generic.List`1[[CMS.Shared.DTOs.LabTestCatalogDto, CMS.Shared, Version=1.0.0.0, Culture=neutral, PublicKeyToken=null]], System.Private.CoreLib, Version=8.0.0.0, Culture=neutral, PublicKeyToken=7cec85d7bea7798e]]'.
2026-09-05 22:42:25.258 +03:00 [INF] Executing OkObjectResult, writing value of type 'CMS.Shared.DTOs.ApiResponse`1[[System.Object, System.Private.CoreLib, Version=8.0.0.0, Culture=neutral, PublicKeyToken=7cec85d7bea7798e]]'.
2026-09-05 22:42:25.259 +03:00 [INF] Executed action CMS.API.Controllers.LaboratoryController.GetWorklist (CMS.API) in 15.7031ms
2026-09-05 22:42:25.266 +03:00 [INF] Executed action CMS.API.Controllers.LaboratoryController.GetCatalog (CMS.API) in 13.8452ms
2026-09-05 22:42:25.272 +03:00 [INF] Executed action CMS.API.Controllers.LaboratoryController.GetCriticals (CMS.API) in 16.0366ms
2026-09-05 22:42:25.274 +03:00 [INF] Executed endpoint 'CMS.API.Controllers.LaboratoryController.GetWorklist (CMS.API)'
2026-09-05 22:42:25.277 +03:00 [INF] Executed endpoint 'CMS.API.Controllers.LaboratoryController.GetCatalog (CMS.API)'
2026-09-05 22:42:25.285 +03:00 [INF] Executed endpoint 'CMS.API.Controllers.LaboratoryController.GetCriticals (CMS.API)'
2026-09-05 22:42:25.287 +03:00 [INF] Request finished HTTP/1.1 GET http://localhost:5010/api/v1/laboratory/worklist?date=2026-09-06 - 200 null application/json; charset=utf-8 91.56ms
2026-09-05 22:42:25.290 +03:00 [INF] Request finished HTTP/1.1 GET http://localhost:5010/api/v1/laboratory/catalog - 200 null application/json; charset=utf-8 82.1192ms
2026-09-05 22:42:25.292 +03:00 [INF] Request finished HTTP/1.1 GET http://localhost:5010/api/v1/laboratory/criticals - 200 null application/json; charset=utf-8 83.6417ms
2026-09-05 22:45:15.023 +03:00 [INF] Request starting HTTP/1.1 GET http://localhost:5010/api/v1/billing/invoices - application/json null
2026-09-05 22:45:15.023 +03:00 [INF] Request starting HTTP/1.1 GET http://localhost:5010/api/v1/patients/search - application/json null
2026-09-05 22:45:15.040 +03:00 [INF] Executing endpoint 'CMS.API.Controllers.BillingController.GetInvoices (CMS.API)'
2026-09-05 22:45:15.050 +03:00 [INF] Executing endpoint 'CMS.API.Controllers.PatientsController.Search (CMS.API)'
2026-09-05 22:45:15.067 +03:00 [INF] Route matched with {action = "Search", controller = "Patients"}. Executing controller action with signature System.Threading.Tasks.Task`1[Microsoft.AspNetCore.Mvc.IActionResult] Search(System.String, Int32) on controller CMS.API.Controllers.PatientsController (CMS.API).
2026-09-05 22:45:15.062 +03:00 [INF] Route matched with {action = "GetInvoices", controller = "Billing"}. Executing controller action with signature System.Threading.Tasks.Task`1[Microsoft.AspNetCore.Mvc.IActionResult] GetInvoices() on controller CMS.API.Controllers.BillingController (CMS.API).
2026-09-05 22:45:15.104 +03:00 [INF] Executing OkObjectResult, writing value of type 'CMS.Shared.DTOs.ApiResponse`1[[System.Collections.Generic.List`1[[CMS.Shared.DTOs.PatientDto, CMS.Shared, Version=1.0.0.0, Culture=neutral, PublicKeyToken=null]], System.Private.CoreLib, Version=8.0.0.0, Culture=neutral, PublicKeyToken=7cec85d7bea7798e]]'.
2026-09-05 22:45:15.164 +03:00 [INF] Executed action CMS.API.Controllers.PatientsController.Search (CMS.API) in 93.5422ms
2026-09-05 22:45:15.175 +03:00 [INF] Request starting HTTP/1.1 GET http://localhost:5010/api/v1/patients/search - application/json null
2026-09-05 22:45:15.183 +03:00 [INF] Executed endpoint 'CMS.API.Controllers.PatientsController.Search (CMS.API)'
2026-09-05 22:45:15.186 +03:00 [INF] Executing OkObjectResult, writing value of type 'CMS.Shared.DTOs.ApiResponse`1[[System.Collections.Generic.List`1[[CMS.Shared.DTOs.InvoiceDto, CMS.Shared, Version=1.0.0.0, Culture=neutral, PublicKeyToken=null]], System.Private.CoreLib, Version=8.0.0.0, Culture=neutral, PublicKeyToken=7cec85d7bea7798e]]'.
2026-09-05 22:45:15.193 +03:00 [INF] Executing endpoint 'CMS.API.Controllers.PatientsController.Search (CMS.API)'
2026-09-05 22:45:15.196 +03:00 [INF] Request finished HTTP/1.1 GET http://localhost:5010/api/v1/patients/search - 200 null application/json; charset=utf-8 173.0882ms
2026-09-05 22:45:15.226 +03:00 [INF] Executed action CMS.API.Controllers.BillingController.GetInvoices (CMS.API) in 145.6047ms
2026-09-05 22:45:15.312 +03:00 [INF] Executed endpoint 'CMS.API.Controllers.BillingController.GetInvoices (CMS.API)'
2026-09-05 22:45:15.314 +03:00 [INF] Request finished HTTP/1.1 GET http://localhost:5010/api/v1/billing/invoices - 200 null application/json; charset=utf-8 291.0639ms
2026-09-05 22:45:15.209 +03:00 [INF] Route matched with {action = "Search", controller = "Patients"}. Executing controller action with signature System.Threading.Tasks.Task`1[Microsoft.AspNetCore.Mvc.IActionResult] Search(System.String, Int32) on controller CMS.API.Controllers.PatientsController (CMS.API).
2026-09-05 22:45:15.234 +03:00 [INF] Request starting HTTP/1.1 GET http://localhost:5010/api/v1/billing/invoices - application/json null
2026-09-05 22:45:15.330 +03:00 [INF] Executing OkObjectResult, writing value of type 'CMS.Shared.DTOs.ApiResponse`1[[System.Collections.Generic.List`1[[CMS.Shared.DTOs.PatientDto, CMS.Shared, Version=1.0.0.0, Culture=neutral, PublicKeyToken=null]], System.Private.CoreLib, Version=8.0.0.0, Culture=neutral, PublicKeyToken=7cec85d7bea7798e]]'.
2026-09-05 22:45:15.333 +03:00 [INF] Executed action CMS.API.Controllers.PatientsController.Search (CMS.API) in 8.722ms
2026-09-05 22:45:15.333 +03:00 [INF] Executing endpoint 'CMS.API.Controllers.BillingController.GetInvoices (CMS.API)'
2026-09-05 22:45:15.337 +03:00 [INF] Executed endpoint 'CMS.API.Controllers.PatientsController.Search (CMS.API)'
2026-09-05 22:45:15.338 +03:00 [INF] Route matched with {action = "GetInvoices", controller = "Billing"}. Executing controller action with signature System.Threading.Tasks.Task`1[Microsoft.AspNetCore.Mvc.IActionResult] GetInvoices() on controller CMS.API.Controllers.BillingController (CMS.API).
2026-09-05 22:45:15.339 +03:00 [INF] Request finished HTTP/1.1 GET http://localhost:5010/api/v1/patients/search - 200 null application/json; charset=utf-8 164.3763ms
2026-09-05 22:45:15.353 +03:00 [INF] Executing OkObjectResult, writing value of type 'CMS.Shared.DTOs.ApiResponse`1[[System.Collections.Generic.List`1[[CMS.Shared.DTOs.InvoiceDto, CMS.Shared, Version=1.0.0.0, Culture=neutral, PublicKeyToken=null]], System.Private.CoreLib, Version=8.0.0.0, Culture=neutral, PublicKeyToken=7cec85d7bea7798e]]'.
2026-09-05 22:45:15.356 +03:00 [INF] Executed action CMS.API.Controllers.BillingController.GetInvoices (CMS.API) in 8.179ms
2026-09-05 22:45:15.365 +03:00 [INF] Executed endpoint 'CMS.API.Controllers.BillingController.GetInvoices (CMS.API)'
2026-09-05 22:45:15.368 +03:00 [INF] Request finished HTTP/1.1 GET http://localhost:5010/api/v1/billing/invoices - 200 null application/json; charset=utf-8 133.6363ms
2026-09-05 22:45:22.830 +03:00 [INF] Request starting HTTP/1.1 POST http://localhost:5010/api/v1/billing/payments - application/json 130
2026-09-05 22:45:22.837 +03:00 [INF] CORS policy execution successful.
2026-09-05 22:45:22.840 +03:00 [INF] Executing endpoint 'CMS.API.Controllers.BillingController.ProcessPayment (CMS.API)'
2026-09-05 22:45:22.854 +03:00 [INF] Route matched with {action = "ProcessPayment", controller = "Billing"}. Executing controller action with signature System.Threading.Tasks.Task`1[Microsoft.AspNetCore.Mvc.IActionResult] ProcessPayment(CMS.Shared.DTOs.ProcessPaymentDto) on controller CMS.API.Controllers.BillingController (CMS.API).
2026-09-05 22:45:23.006 +03:00 [INF] Executing OkObjectResult, writing value of type 'CMS.Shared.DTOs.ApiResponse`1[[System.String, System.Private.CoreLib, Version=8.0.0.0, Culture=neutral, PublicKeyToken=7cec85d7bea7798e]]'.
2026-09-05 22:45:23.013 +03:00 [INF] Executed action CMS.API.Controllers.BillingController.ProcessPayment (CMS.API) in 153.527ms
2026-09-05 22:45:23.018 +03:00 [INF] Executed endpoint 'CMS.API.Controllers.BillingController.ProcessPayment (CMS.API)'
2026-09-05 22:45:23.021 +03:00 [INF] Request finished HTTP/1.1 POST http://localhost:5010/api/v1/billing/payments - 200 null application/json; charset=utf-8 190.4197ms
2026-09-05 22:45:23.042 +03:00 [INF] Request starting HTTP/1.1 GET http://localhost:5010/api/v1/billing/invoices - application/json null
2026-09-05 22:45:23.045 +03:00 [INF] Request starting HTTP/1.1 GET http://localhost:5010/api/v1/patients/search - application/json null
2026-09-05 22:45:23.053 +03:00 [INF] Executing endpoint 'CMS.API.Controllers.BillingController.GetInvoices (CMS.API)'
2026-09-05 22:45:23.057 +03:00 [INF] Executing endpoint 'CMS.API.Controllers.PatientsController.Search (CMS.API)'
2026-09-05 22:45:23.060 +03:00 [INF] Route matched with {action = "GetInvoices", controller = "Billing"}. Executing controller action with signature System.Threading.Tasks.Task`1[Microsoft.AspNetCore.Mvc.IActionResult] GetInvoices() on controller CMS.API.Controllers.BillingController (CMS.API).
2026-09-05 22:45:23.062 +03:00 [INF] Route matched with {action = "Search", controller = "Patients"}. Executing controller action with signature System.Threading.Tasks.Task`1[Microsoft.AspNetCore.Mvc.IActionResult] Search(System.String, Int32) on controller CMS.API.Controllers.PatientsController (CMS.API).
2026-09-05 22:45:23.072 +03:00 [INF] Executing OkObjectResult, writing value of type 'CMS.Shared.DTOs.ApiResponse`1[[System.Collections.Generic.List`1[[CMS.Shared.DTOs.PatientDto, CMS.Shared, Version=1.0.0.0, Culture=neutral, PublicKeyToken=null]], System.Private.CoreLib, Version=8.0.0.0, Culture=neutral, PublicKeyToken=7cec85d7bea7798e]]'.
2026-09-05 22:45:23.076 +03:00 [INF] Executed action CMS.API.Controllers.PatientsController.Search (CMS.API) in 6.2571ms
2026-09-05 22:45:23.079 +03:00 [INF] Executed endpoint 'CMS.API.Controllers.PatientsController.Search (CMS.API)'
2026-09-05 22:45:23.082 +03:00 [INF] Request finished HTTP/1.1 GET http://localhost:5010/api/v1/patients/search - 200 null application/json; charset=utf-8 37.7061ms
2026-09-05 22:45:23.097 +03:00 [INF] Executing OkObjectResult, writing value of type 'CMS.Shared.DTOs.ApiResponse`1[[System.Collections.Generic.List`1[[CMS.Shared.DTOs.InvoiceDto, CMS.Shared, Version=1.0.0.0, Culture=neutral, PublicKeyToken=null]], System.Private.CoreLib, Version=8.0.0.0, Culture=neutral, PublicKeyToken=7cec85d7bea7798e]]'.
2026-09-05 22:45:23.100 +03:00 [INF] Executed action CMS.API.Controllers.BillingController.GetInvoices (CMS.API) in 33.9234ms
2026-09-05 22:45:23.103 +03:00 [INF] Executed endpoint 'CMS.API.Controllers.BillingController.GetInvoices (CMS.API)'
2026-09-05 22:45:23.105 +03:00 [INF] Request finished HTTP/1.1 GET http://localhost:5010/api/v1/billing/invoices - 200 null application/json; charset=utf-8 63.2874ms
2026-09-05 22:45:32.383 +03:00 [INF] Request starting HTTP/1.1 GET http://localhost:5010/api/v1/triage/queue?date=2026-09-05 - application/json null
2026-09-05 22:45:32.383 +03:00 [INF] Request starting HTTP/1.1 GET http://localhost:5010/api/v1/staff/doctors - application/json null
2026-09-05 22:45:32.384 +03:00 [INF] Request starting HTTP/1.1 GET http://localhost:5010/api/v1/patients/search - application/json null
2026-09-05 22:45:32.395 +03:00 [INF] Executing endpoint 'CMS.API.Controllers.TriageController.GetQueue (CMS.API)'
2026-09-05 22:45:32.405 +03:00 [INF] Executing endpoint 'CMS.API.Controllers.StaffController.GetDoctors (CMS.API)'
2026-09-05 22:45:32.416 +03:00 [INF] Executing endpoint 'CMS.API.Controllers.PatientsController.Search (CMS.API)'
2026-09-05 22:45:32.430 +03:00 [INF] Route matched with {action = "Search", controller = "Patients"}. Executing controller action with signature System.Threading.Tasks.Task`1[Microsoft.AspNetCore.Mvc.IActionResult] Search(System.String, Int32) on controller CMS.API.Controllers.PatientsController (CMS.API).
2026-09-05 22:45:32.433 +03:00 [INF] Route matched with {action = "GetQueue", controller = "Triage"}. Executing controller action with signature System.Threading.Tasks.Task`1[Microsoft.AspNetCore.Mvc.IActionResult] GetQueue(System.String, System.Nullable`1[System.DateTime]) on controller CMS.API.Controllers.TriageController (CMS.API).
2026-09-05 22:45:32.435 +03:00 [INF] Route matched with {action = "GetDoctors", controller = "Staff"}. Executing controller action with signature System.Threading.Tasks.Task`1[Microsoft.AspNetCore.Mvc.IActionResult] GetDoctors() on controller CMS.API.Controllers.StaffController (CMS.API).
2026-09-05 22:45:32.470 +03:00 [INF] Executing OkObjectResult, writing value of type 'CMS.Shared.DTOs.ApiResponse`1[[System.Collections.Generic.List`1[[CMS.Shared.DTOs.PatientDto, CMS.Shared, Version=1.0.0.0, Culture=neutral, PublicKeyToken=null]], System.Private.CoreLib, Version=8.0.0.0, Culture=neutral, PublicKeyToken=7cec85d7bea7798e]]'.
2026-09-05 22:45:32.477 +03:00 [INF] Executed action CMS.API.Controllers.PatientsController.Search (CMS.API) in 39.342ms
2026-09-05 22:45:32.484 +03:00 [INF] Executed endpoint 'CMS.API.Controllers.PatientsController.Search (CMS.API)'
2026-09-05 22:45:32.490 +03:00 [INF] Request starting HTTP/1.1 GET http://localhost:5010/api/v1/patients/search - application/json null
2026-09-05 22:45:32.491 +03:00 [INF] Request finished HTTP/1.1 GET http://localhost:5010/api/v1/patients/search - 200 null application/json; charset=utf-8 106.2664ms
2026-09-05 22:45:32.544 +03:00 [INF] Executing endpoint 'CMS.API.Controllers.PatientsController.Search (CMS.API)'
2026-09-05 22:45:32.662 +03:00 [INF] Route matched with {action = "Search", controller = "Patients"}. Executing controller action with signature System.Threading.Tasks.Task`1[Microsoft.AspNetCore.Mvc.IActionResult] Search(System.String, Int32) on controller CMS.API.Controllers.PatientsController (CMS.API).
2026-09-05 22:45:32.674 +03:00 [INF] Executing OkObjectResult, writing value of type 'CMS.Shared.DTOs.ApiResponse`1[[System.Collections.Generic.List`1[[CMS.Shared.DTOs.TriageDto, CMS.Shared, Version=1.0.0.0, Culture=neutral, PublicKeyToken=null]], System.Private.CoreLib, Version=8.0.0.0, Culture=neutral, PublicKeyToken=7cec85d7bea7798e]]'.
2026-09-05 22:45:32.686 +03:00 [INF] Executing OkObjectResult, writing value of type 'CMS.Shared.DTOs.ApiResponse`1[[System.Collections.Generic.List`1[[CMS.Shared.DTOs.PatientDto, CMS.Shared, Version=1.0.0.0, Culture=neutral, PublicKeyToken=null]], System.Private.CoreLib, Version=8.0.0.0, Culture=neutral, PublicKeyToken=7cec85d7bea7798e]]'.
2026-09-05 22:45:32.693 +03:00 [INF] Executing OkObjectResult, writing value of type 'CMS.Shared.DTOs.ApiResponse`1[[System.Collections.Generic.List`1[[CMS.Shared.DTOs.DoctorDto, CMS.Shared, Version=1.0.0.0, Culture=neutral, PublicKeyToken=null]], System.Private.CoreLib, Version=8.0.0.0, Culture=neutral, PublicKeyToken=7cec85d7bea7798e]]'.
2026-09-05 22:45:32.696 +03:00 [INF] Executed action CMS.API.Controllers.PatientsController.Search (CMS.API) in 12.7291ms
2026-09-05 22:45:32.707 +03:00 [INF] Executed endpoint 'CMS.API.Controllers.PatientsController.Search (CMS.API)'
2026-09-05 22:45:32.711 +03:00 [INF] Request finished HTTP/1.1 GET http://localhost:5010/api/v1/patients/search - 200 null application/json; charset=utf-8 221.0458ms
2026-09-05 22:45:32.718 +03:00 [INF] Executed action CMS.API.Controllers.StaffController.GetDoctors (CMS.API) in 264.1214ms
2026-09-05 22:45:32.728 +03:00 [INF] Executed endpoint 'CMS.API.Controllers.StaffController.GetDoctors (CMS.API)'
2026-09-05 22:45:32.728 +03:00 [INF] Request starting HTTP/1.1 GET http://localhost:5010/api/v1/staff/doctors - application/json null
2026-09-05 22:45:32.732 +03:00 [INF] Request finished HTTP/1.1 GET http://localhost:5010/api/v1/staff/doctors - 200 null application/json; charset=utf-8 348.1753ms
2026-09-05 22:45:32.737 +03:00 [INF] Executed action CMS.API.Controllers.TriageController.GetQueue (CMS.API) in 290.4019ms
2026-09-05 22:45:32.740 +03:00 [INF] Executing endpoint 'CMS.API.Controllers.StaffController.GetDoctors (CMS.API)'
2026-09-05 22:45:32.747 +03:00 [INF] Request starting HTTP/1.1 GET http://localhost:5010/api/v1/triage/queue?date=2026-09-05 - application/json null
2026-09-05 22:45:32.755 +03:00 [INF] Executed endpoint 'CMS.API.Controllers.TriageController.GetQueue (CMS.API)'
2026-09-05 22:45:32.758 +03:00 [INF] Route matched with {action = "GetDoctors", controller = "Staff"}. Executing controller action with signature System.Threading.Tasks.Task`1[Microsoft.AspNetCore.Mvc.IActionResult] GetDoctors() on controller CMS.API.Controllers.StaffController (CMS.API).
2026-09-05 22:45:32.768 +03:00 [INF] Executing endpoint 'CMS.API.Controllers.TriageController.GetQueue (CMS.API)'
2026-09-05 22:45:32.769 +03:00 [INF] Request finished HTTP/1.1 GET http://localhost:5010/api/v1/triage/queue?date=2026-09-05 - 200 null application/json; charset=utf-8 386.3489ms
2026-09-05 22:45:32.781 +03:00 [INF] Route matched with {action = "GetQueue", controller = "Triage"}. Executing controller action with signature System.Threading.Tasks.Task`1[Microsoft.AspNetCore.Mvc.IActionResult] GetQueue(System.String, System.Nullable`1[System.DateTime]) on controller CMS.API.Controllers.TriageController (CMS.API).
2026-09-05 22:45:32.806 +03:00 [INF] Executing OkObjectResult, writing value of type 'CMS.Shared.DTOs.ApiResponse`1[[System.Collections.Generic.List`1[[CMS.Shared.DTOs.TriageDto, CMS.Shared, Version=1.0.0.0, Culture=neutral, PublicKeyToken=null]], System.Private.CoreLib, Version=8.0.0.0, Culture=neutral, PublicKeyToken=7cec85d7bea7798e]]'.
2026-09-05 22:45:32.818 +03:00 [INF] Executed action CMS.API.Controllers.TriageController.GetQueue (CMS.API) in 16.043ms
2026-09-05 22:45:32.825 +03:00 [INF] Executed endpoint 'CMS.API.Controllers.TriageController.GetQueue (CMS.API)'
2026-09-05 22:45:32.827 +03:00 [INF] Executing OkObjectResult, writing value of type 'CMS.Shared.DTOs.ApiResponse`1[[System.Collections.Generic.List`1[[CMS.Shared.DTOs.DoctorDto, CMS.Shared, Version=1.0.0.0, Culture=neutral, PublicKeyToken=null]], System.Private.CoreLib, Version=8.0.0.0, Culture=neutral, PublicKeyToken=7cec85d7bea7798e]]'.
2026-09-05 22:45:32.830 +03:00 [INF] Request finished HTTP/1.1 GET http://localhost:5010/api/v1/triage/queue?date=2026-09-05 - 200 null application/json; charset=utf-8 83.6013ms
2026-09-05 22:45:32.837 +03:00 [INF] Executed action CMS.API.Controllers.StaffController.GetDoctors (CMS.API) in 60.9921ms
2026-09-05 22:45:32.863 +03:00 [INF] Executed endpoint 'CMS.API.Controllers.StaffController.GetDoctors (CMS.API)'
2026-09-05 22:45:32.868 +03:00 [INF] Request finished HTTP/1.1 GET http://localhost:5010/api/v1/staff/doctors - 200 null application/json; charset=utf-8 139.9177ms
2026-09-05 22:45:35.634 +03:00 [INF] Request starting HTTP/1.1 GET http://localhost:5010/api/v1/billing/invoices - application/json null
2026-09-05 22:45:35.636 +03:00 [INF] Request starting HTTP/1.1 GET http://localhost:5010/api/v1/patients/search - application/json null
2026-09-05 22:45:35.651 +03:00 [INF] Executing endpoint 'CMS.API.Controllers.BillingController.GetInvoices (CMS.API)'
2026-09-05 22:45:35.665 +03:00 [INF] Executing endpoint 'CMS.API.Controllers.PatientsController.Search (CMS.API)'
2026-09-05 22:45:35.669 +03:00 [INF] Route matched with {action = "GetInvoices", controller = "Billing"}. Executing controller action with signature System.Threading.Tasks.Task`1[Microsoft.AspNetCore.Mvc.IActionResult] GetInvoices() on controller CMS.API.Controllers.BillingController (CMS.API).
2026-09-05 22:45:35.673 +03:00 [INF] Route matched with {action = "Search", controller = "Patients"}. Executing controller action with signature System.Threading.Tasks.Task`1[Microsoft.AspNetCore.Mvc.IActionResult] Search(System.String, Int32) on controller CMS.API.Controllers.PatientsController (CMS.API).
2026-09-05 22:45:35.695 +03:00 [INF] Executing OkObjectResult, writing value of type 'CMS.Shared.DTOs.ApiResponse`1[[System.Collections.Generic.List`1[[CMS.Shared.DTOs.PatientDto, CMS.Shared, Version=1.0.0.0, Culture=neutral, PublicKeyToken=null]], System.Private.CoreLib, Version=8.0.0.0, Culture=neutral, PublicKeyToken=7cec85d7bea7798e]]'.
2026-09-05 22:45:35.702 +03:00 [INF] Executed action CMS.API.Controllers.PatientsController.Search (CMS.API) in 10.9852ms
2026-09-05 22:45:35.711 +03:00 [INF] Executed endpoint 'CMS.API.Controllers.PatientsController.Search (CMS.API)'
2026-09-05 22:45:35.716 +03:00 [INF] Request finished HTTP/1.1 GET http://localhost:5010/api/v1/patients/search - 200 null application/json; charset=utf-8 80.7356ms
2026-09-05 22:45:35.717 +03:00 [INF] Request starting HTTP/1.1 GET http://localhost:5010/api/v1/patients/search - application/json null
2026-09-05 22:45:35.717 +03:00 [INF] Executing OkObjectResult, writing value of type 'CMS.Shared.DTOs.ApiResponse`1[[System.Collections.Generic.List`1[[CMS.Shared.DTOs.InvoiceDto, CMS.Shared, Version=1.0.0.0, Culture=neutral, PublicKeyToken=null]], System.Private.CoreLib, Version=8.0.0.0, Culture=neutral, PublicKeyToken=7cec85d7bea7798e]]'.
2026-09-05 22:45:35.738 +03:00 [INF] Executing endpoint 'CMS.API.Controllers.PatientsController.Search (CMS.API)'
2026-09-05 22:45:35.743 +03:00 [INF] Executed action CMS.API.Controllers.BillingController.GetInvoices (CMS.API) in 60.2985ms
2026-09-05 22:45:35.748 +03:00 [INF] Route matched with {action = "Search", controller = "Patients"}. Executing controller action with signature System.Threading.Tasks.Task`1[Microsoft.AspNetCore.Mvc.IActionResult] Search(System.String, Int32) on controller CMS.API.Controllers.PatientsController (CMS.API).
2026-09-05 22:45:35.753 +03:00 [INF] Executed endpoint 'CMS.API.Controllers.BillingController.GetInvoices (CMS.API)'
2026-09-05 22:45:35.754 +03:00 [INF] Request starting HTTP/1.1 GET http://localhost:5010/api/v1/billing/invoices - application/json null
2026-09-05 22:45:35.762 +03:00 [INF] Executing OkObjectResult, writing value of type 'CMS.Shared.DTOs.ApiResponse`1[[System.Collections.Generic.List`1[[CMS.Shared.DTOs.PatientDto, CMS.Shared, Version=1.0.0.0, Culture=neutral, PublicKeyToken=null]], System.Private.CoreLib, Version=8.0.0.0, Culture=neutral, PublicKeyToken=7cec85d7bea7798e]]'.
2026-09-05 22:45:35.763 +03:00 [INF] Request finished HTTP/1.1 GET http://localhost:5010/api/v1/billing/invoices - 200 null application/json; charset=utf-8 129.8612ms
2026-09-05 22:45:35.773 +03:00 [INF] Executing endpoint 'CMS.API.Controllers.BillingController.GetInvoices (CMS.API)'
2026-09-05 22:45:35.780 +03:00 [INF] Executed action CMS.API.Controllers.PatientsController.Search (CMS.API) in 21.0169ms
2026-09-05 22:45:35.825 +03:00 [INF] Route matched with {action = "GetInvoices", controller = "Billing"}. Executing controller action with signature System.Threading.Tasks.Task`1[Microsoft.AspNetCore.Mvc.IActionResult] GetInvoices() on controller CMS.API.Controllers.BillingController (CMS.API).
2026-09-05 22:45:35.829 +03:00 [INF] Executed endpoint 'CMS.API.Controllers.PatientsController.Search (CMS.API)'
2026-09-05 22:45:35.840 +03:00 [INF] Executing OkObjectResult, writing value of type 'CMS.Shared.DTOs.ApiResponse`1[[System.Collections.Generic.List`1[[CMS.Shared.DTOs.InvoiceDto, CMS.Shared, Version=1.0.0.0, Culture=neutral, PublicKeyToken=null]], System.Private.CoreLib, Version=8.0.0.0, Culture=neutral, PublicKeyToken=7cec85d7bea7798e]]'.
2026-09-05 22:45:35.841 +03:00 [INF] Request finished HTTP/1.1 GET http://localhost:5010/api/v1/patients/search - 200 null application/json; charset=utf-8 124.2043ms
2026-09-05 22:45:35.849 +03:00 [INF] Executed action CMS.API.Controllers.BillingController.GetInvoices (CMS.API) in 12.3642ms
2026-09-05 22:45:35.867 +03:00 [INF] Executed endpoint 'CMS.API.Controllers.BillingController.GetInvoices (CMS.API)'
2026-09-05 22:45:35.872 +03:00 [INF] Request finished HTTP/1.1 GET http://localhost:5010/api/v1/billing/invoices - 200 null application/json; charset=utf-8 117.8793ms
2026-09-05 22:45:36.698 +03:00 [INF] Request starting HTTP/1.1 GET http://localhost:5010/api/v1/laboratory/worklist?date=2026-09-05 - application/json null
2026-09-05 22:45:36.704 +03:00 [INF] Request starting HTTP/1.1 GET http://localhost:5010/api/v1/laboratory/catalog - application/json null
2026-09-05 22:45:36.704 +03:00 [INF] Request starting HTTP/1.1 GET http://localhost:5010/api/v1/laboratory/criticals - application/json null
2026-09-05 22:45:36.736 +03:00 [INF] Executing endpoint 'CMS.API.Controllers.LaboratoryController.GetCriticals (CMS.API)'
2026-09-05 22:45:36.730 +03:00 [INF] Executing endpoint 'CMS.API.Controllers.LaboratoryController.GetCatalog (CMS.API)'
2026-09-05 22:45:36.835 +03:00 [INF] Route matched with {action = "GetCatalog", controller = "Laboratory"}. Executing controller action with signature System.Threading.Tasks.Task`1[Microsoft.AspNetCore.Mvc.IActionResult] GetCatalog() on controller CMS.API.Controllers.LaboratoryController (CMS.API).
2026-09-05 22:45:36.833 +03:00 [INF] Route matched with {action = "GetCriticals", controller = "Laboratory"}. Executing controller action with signature System.Threading.Tasks.Task`1[Microsoft.AspNetCore.Mvc.IActionResult] GetCriticals() on controller CMS.API.Controllers.LaboratoryController (CMS.API).
2026-09-05 22:45:36.715 +03:00 [INF] Executing endpoint 'CMS.API.Controllers.LaboratoryController.GetWorklist (CMS.API)'
2026-09-05 22:45:36.855 +03:00 [INF] Route matched with {action = "GetWorklist", controller = "Laboratory"}. Executing controller action with signature System.Threading.Tasks.Task`1[Microsoft.AspNetCore.Mvc.IActionResult] GetWorklist(System.Nullable`1[System.DateTime], System.Nullable`1[System.Byte]) on controller CMS.API.Controllers.LaboratoryController (CMS.API).
2026-09-05 22:45:36.850 +03:00 [INF] Executing OkObjectResult, writing value of type 'CMS.Shared.DTOs.ApiResponse`1[[System.Collections.Generic.List`1[[CMS.Shared.DTOs.LabTestCatalogDto, CMS.Shared, Version=1.0.0.0, Culture=neutral, PublicKeyToken=null]], System.Private.CoreLib, Version=8.0.0.0, Culture=neutral, PublicKeyToken=7cec85d7bea7798e]]'.
2026-09-05 22:45:36.865 +03:00 [INF] Executed action CMS.API.Controllers.LaboratoryController.GetCatalog (CMS.API) in 26.3713ms
2026-09-05 22:45:36.876 +03:00 [INF] Request starting HTTP/1.1 GET http://localhost:5010/api/v1/laboratory/catalog - application/json null
2026-09-05 22:45:36.881 +03:00 [INF] Executed endpoint 'CMS.API.Controllers.LaboratoryController.GetCatalog (CMS.API)'
2026-09-05 22:45:36.888 +03:00 [INF] Request finished HTTP/1.1 GET http://localhost:5010/api/v1/laboratory/catalog - 200 null application/json; charset=utf-8 184.4474ms
2026-09-05 22:45:36.886 +03:00 [INF] Executing endpoint 'CMS.API.Controllers.LaboratoryController.GetCatalog (CMS.API)'
2026-09-05 22:45:36.903 +03:00 [INF] Executing OkObjectResult, writing value of type 'CMS.Shared.DTOs.ApiResponse`1[[System.Object, System.Private.CoreLib, Version=8.0.0.0, Culture=neutral, PublicKeyToken=7cec85d7bea7798e]]'.
2026-09-05 22:45:36.917 +03:00 [INF] Executing OkObjectResult, writing value of type 'CMS.Shared.DTOs.ApiResponse`1[[System.Object, System.Private.CoreLib, Version=8.0.0.0, Culture=neutral, PublicKeyToken=7cec85d7bea7798e]]'.
2026-09-05 22:45:37.000 +03:00 [INF] Executed action CMS.API.Controllers.LaboratoryController.GetWorklist (CMS.API) in 139.4801ms
2026-09-05 22:45:36.994 +03:00 [INF] Executed action CMS.API.Controllers.LaboratoryController.GetCriticals (CMS.API) in 141.6596ms
2026-09-05 22:45:36.989 +03:00 [INF] Route matched with {action = "GetCatalog", controller = "Laboratory"}. Executing controller action with signature System.Threading.Tasks.Task`1[Microsoft.AspNetCore.Mvc.IActionResult] GetCatalog() on controller CMS.API.Controllers.LaboratoryController (CMS.API).
2026-09-05 22:45:37.011 +03:00 [INF] Request starting HTTP/1.1 GET http://localhost:5010/api/v1/laboratory/criticals - application/json null
2026-09-05 22:45:37.017 +03:00 [INF] Executed endpoint 'CMS.API.Controllers.LaboratoryController.GetWorklist (CMS.API)'
2026-09-05 22:45:37.020 +03:00 [INF] Request starting HTTP/1.1 GET http://localhost:5010/api/v1/laboratory/worklist?date=2026-09-05 - application/json null
2026-09-05 22:45:37.021 +03:00 [INF] Executed endpoint 'CMS.API.Controllers.LaboratoryController.GetCriticals (CMS.API)'
2026-09-05 22:45:37.027 +03:00 [INF] Executing OkObjectResult, writing value of type 'CMS.Shared.DTOs.ApiResponse`1[[System.Collections.Generic.List`1[[CMS.Shared.DTOs.LabTestCatalogDto, CMS.Shared, Version=1.0.0.0, Culture=neutral, PublicKeyToken=null]], System.Private.CoreLib, Version=8.0.0.0, Culture=neutral, PublicKeyToken=7cec85d7bea7798e]]'.
2026-09-05 22:45:37.033 +03:00 [INF] Executing endpoint 'CMS.API.Controllers.LaboratoryController.GetCriticals (CMS.API)'
2026-09-05 22:45:37.034 +03:00 [INF] Request finished HTTP/1.1 GET http://localhost:5010/api/v1/laboratory/worklist?date=2026-09-05 - 200 null application/json; charset=utf-8 336.6294ms
2026-09-05 22:45:37.044 +03:00 [INF] Executing endpoint 'CMS.API.Controllers.LaboratoryController.GetWorklist (CMS.API)'
2026-09-05 22:45:37.078 +03:00 [INF] Route matched with {action = "GetWorklist", controller = "Laboratory"}. Executing controller action with signature System.Threading.Tasks.Task`1[Microsoft.AspNetCore.Mvc.IActionResult] GetWorklist(System.Nullable`1[System.DateTime], System.Nullable`1[System.Byte]) on controller CMS.API.Controllers.LaboratoryController (CMS.API).
2026-09-05 22:45:37.052 +03:00 [INF] Executed action CMS.API.Controllers.LaboratoryController.GetCatalog (CMS.API) in 27.8247ms
2026-09-05 22:45:37.141 +03:00 [INF] Executed endpoint 'CMS.API.Controllers.LaboratoryController.GetCatalog (CMS.API)'
2026-09-05 22:45:37.148 +03:00 [INF] Request finished HTTP/1.1 GET http://localhost:5010/api/v1/laboratory/catalog - 200 null application/json; charset=utf-8 272.6339ms
2026-09-05 22:45:37.061 +03:00 [INF] Route matched with {action = "GetCriticals", controller = "Laboratory"}. Executing controller action with signature System.Threading.Tasks.Task`1[Microsoft.AspNetCore.Mvc.IActionResult] GetCriticals() on controller CMS.API.Controllers.LaboratoryController (CMS.API).
2026-09-05 22:45:37.048 +03:00 [INF] Request finished HTTP/1.1 GET http://localhost:5010/api/v1/laboratory/criticals - 200 null application/json; charset=utf-8 343.8359ms
2026-09-05 22:45:37.153 +03:00 [INF] Executing OkObjectResult, writing value of type 'CMS.Shared.DTOs.ApiResponse`1[[System.Object, System.Private.CoreLib, Version=8.0.0.0, Culture=neutral, PublicKeyToken=7cec85d7bea7798e]]'.
2026-09-05 22:45:37.183 +03:00 [INF] Executing OkObjectResult, writing value of type 'CMS.Shared.DTOs.ApiResponse`1[[System.Object, System.Private.CoreLib, Version=8.0.0.0, Culture=neutral, PublicKeyToken=7cec85d7bea7798e]]'.
2026-09-05 22:45:37.194 +03:00 [INF] Executed action CMS.API.Controllers.LaboratoryController.GetWorklist (CMS.API) in 60.0999ms
2026-09-05 22:45:37.200 +03:00 [INF] Executed action CMS.API.Controllers.LaboratoryController.GetCriticals (CMS.API) in 21.0624ms
2026-09-05 22:45:37.205 +03:00 [INF] Executed endpoint 'CMS.API.Controllers.LaboratoryController.GetWorklist (CMS.API)'
2026-09-05 22:45:37.210 +03:00 [INF] Executed endpoint 'CMS.API.Controllers.LaboratoryController.GetCriticals (CMS.API)'
2026-09-05 22:45:37.219 +03:00 [INF] Request finished HTTP/1.1 GET http://localhost:5010/api/v1/laboratory/criticals - 200 null application/json; charset=utf-8 208.0903ms
2026-09-05 22:45:37.213 +03:00 [INF] Request finished HTTP/1.1 GET http://localhost:5010/api/v1/laboratory/worklist?date=2026-09-05 - 200 null application/json; charset=utf-8 192.6841ms
2026-09-05 22:47:51.471 +03:00 [INF] Request starting HTTP/1.1 GET http://localhost:5010/api/v1/billing/invoices - application/json null
2026-09-05 22:47:51.484 +03:00 [INF] Request starting HTTP/1.1 GET http://localhost:5010/api/v1/patients/search - application/json null
2026-09-05 22:47:51.511 +03:00 [INF] Executing endpoint 'CMS.API.Controllers.BillingController.GetInvoices (CMS.API)'
2026-09-05 22:47:51.519 +03:00 [INF] Executing endpoint 'CMS.API.Controllers.PatientsController.Search (CMS.API)'
2026-09-05 22:47:51.522 +03:00 [INF] Route matched with {action = "Search", controller = "Patients"}. Executing controller action with signature System.Threading.Tasks.Task`1[Microsoft.AspNetCore.Mvc.IActionResult] Search(System.String, Int32) on controller CMS.API.Controllers.PatientsController (CMS.API).
2026-09-05 22:47:51.520 +03:00 [INF] Route matched with {action = "GetInvoices", controller = "Billing"}. Executing controller action with signature System.Threading.Tasks.Task`1[Microsoft.AspNetCore.Mvc.IActionResult] GetInvoices() on controller CMS.API.Controllers.BillingController (CMS.API).
2026-09-05 22:47:51.583 +03:00 [INF] Executing OkObjectResult, writing value of type 'CMS.Shared.DTOs.ApiResponse`1[[System.Collections.Generic.List`1[[CMS.Shared.DTOs.PatientDto, CMS.Shared, Version=1.0.0.0, Culture=neutral, PublicKeyToken=null]], System.Private.CoreLib, Version=8.0.0.0, Culture=neutral, PublicKeyToken=7cec85d7bea7798e]]'.
2026-09-05 22:47:51.605 +03:00 [INF] Executing OkObjectResult, writing value of type 'CMS.Shared.DTOs.ApiResponse`1[[System.Collections.Generic.List`1[[CMS.Shared.DTOs.InvoiceDto, CMS.Shared, Version=1.0.0.0, Culture=neutral, PublicKeyToken=null]], System.Private.CoreLib, Version=8.0.0.0, Culture=neutral, PublicKeyToken=7cec85d7bea7798e]]'.
2026-09-05 22:47:51.616 +03:00 [INF] Executed action CMS.API.Controllers.BillingController.GetInvoices (CMS.API) in 79.1486ms
2026-09-05 22:47:51.613 +03:00 [INF] Executed action CMS.API.Controllers.PatientsController.Search (CMS.API) in 83.166ms
2026-09-05 22:47:51.646 +03:00 [INF] Executed endpoint 'CMS.API.Controllers.PatientsController.Search (CMS.API)'
2026-09-05 22:47:51.648 +03:00 [INF] Request finished HTTP/1.1 GET http://localhost:5010/api/v1/patients/search - 200 null application/json; charset=utf-8 163.843ms
2026-09-05 22:47:51.644 +03:00 [INF] Executed endpoint 'CMS.API.Controllers.BillingController.GetInvoices (CMS.API)'
2026-09-05 22:47:51.663 +03:00 [INF] Request finished HTTP/1.1 GET http://localhost:5010/api/v1/billing/invoices - 200 null application/json; charset=utf-8 192.0733ms
2026-09-05 22:47:51.643 +03:00 [INF] Request starting HTTP/1.1 GET http://localhost:5010/api/v1/billing/invoices - application/json null
2026-09-05 22:47:51.682 +03:00 [INF] Executing endpoint 'CMS.API.Controllers.BillingController.GetInvoices (CMS.API)'
2026-09-05 22:47:51.636 +03:00 [INF] Request starting HTTP/1.1 GET http://localhost:5010/api/v1/patients/search - application/json null
2026-09-05 22:47:51.687 +03:00 [INF] Route matched with {action = "GetInvoices", controller = "Billing"}. Executing controller action with signature System.Threading.Tasks.Task`1[Microsoft.AspNetCore.Mvc.IActionResult] GetInvoices() on controller CMS.API.Controllers.BillingController (CMS.API).
2026-09-05 22:47:51.693 +03:00 [INF] Executing endpoint 'CMS.API.Controllers.PatientsController.Search (CMS.API)'
2026-09-05 22:47:51.701 +03:00 [INF] Route matched with {action = "Search", controller = "Patients"}. Executing controller action with signature System.Threading.Tasks.Task`1[Microsoft.AspNetCore.Mvc.IActionResult] Search(System.String, Int32) on controller CMS.API.Controllers.PatientsController (CMS.API).
2026-09-05 22:47:51.707 +03:00 [INF] Executing OkObjectResult, writing value of type 'CMS.Shared.DTOs.ApiResponse`1[[System.Collections.Generic.List`1[[CMS.Shared.DTOs.InvoiceDto, CMS.Shared, Version=1.0.0.0, Culture=neutral, PublicKeyToken=null]], System.Private.CoreLib, Version=8.0.0.0, Culture=neutral, PublicKeyToken=7cec85d7bea7798e]]'.
2026-09-05 22:47:51.711 +03:00 [INF] Executing OkObjectResult, writing value of type 'CMS.Shared.DTOs.ApiResponse`1[[System.Collections.Generic.List`1[[CMS.Shared.DTOs.PatientDto, CMS.Shared, Version=1.0.0.0, Culture=neutral, PublicKeyToken=null]], System.Private.CoreLib, Version=8.0.0.0, Culture=neutral, PublicKeyToken=7cec85d7bea7798e]]'.
2026-09-05 22:47:51.712 +03:00 [INF] Executed action CMS.API.Controllers.BillingController.GetInvoices (CMS.API) in 15.5382ms
2026-09-05 22:47:51.714 +03:00 [INF] Executed action CMS.API.Controllers.PatientsController.Search (CMS.API) in 4.4875ms
2026-09-05 22:47:51.718 +03:00 [INF] Executed endpoint 'CMS.API.Controllers.BillingController.GetInvoices (CMS.API)'
2026-09-05 22:47:51.721 +03:00 [INF] Executed endpoint 'CMS.API.Controllers.PatientsController.Search (CMS.API)'
2026-09-05 22:47:51.723 +03:00 [INF] Request finished HTTP/1.1 GET http://localhost:5010/api/v1/billing/invoices - 200 null application/json; charset=utf-8 80.2289ms
2026-09-05 22:47:51.726 +03:00 [INF] Request finished HTTP/1.1 GET http://localhost:5010/api/v1/patients/search - 200 null application/json; charset=utf-8 89.9656ms
2026-09-05 22:49:04.604 +03:00 [INF] Request starting HTTP/1.1 GET http://localhost:5010/api/v1/triage/doctor/2?date=2026-09-05 - application/json null
2026-09-05 22:49:04.604 +03:00 [INF] Request starting HTTP/1.1 GET http://localhost:5010/api/v1/staff/doctors - application/json null
2026-09-05 22:49:04.614 +03:00 [INF] Executing endpoint 'CMS.API.Controllers.TriageController.GetDoctorQueue (CMS.API)'
2026-09-05 22:49:04.622 +03:00 [INF] Executing endpoint 'CMS.API.Controllers.StaffController.GetDoctors (CMS.API)'
2026-09-05 22:49:04.626 +03:00 [INF] Route matched with {action = "GetDoctors", controller = "Staff"}. Executing controller action with signature System.Threading.Tasks.Task`1[Microsoft.AspNetCore.Mvc.IActionResult] GetDoctors() on controller CMS.API.Controllers.StaffController (CMS.API).
2026-09-05 22:49:04.632 +03:00 [INF] Route matched with {action = "GetDoctorQueue", controller = "Triage"}. Executing controller action with signature System.Threading.Tasks.Task`1[Microsoft.AspNetCore.Mvc.IActionResult] GetDoctorQueue(Int32, System.Nullable`1[System.DateTime]) on controller CMS.API.Controllers.TriageController (CMS.API).
2026-09-05 22:49:04.634 +03:00 [INF] Executing OkObjectResult, writing value of type 'CMS.Shared.DTOs.ApiResponse`1[[System.Collections.Generic.List`1[[CMS.Shared.DTOs.DoctorDto, CMS.Shared, Version=1.0.0.0, Culture=neutral, PublicKeyToken=null]], System.Private.CoreLib, Version=8.0.0.0, Culture=neutral, PublicKeyToken=7cec85d7bea7798e]]'.
2026-09-05 22:49:04.641 +03:00 [INF] Executed action CMS.API.Controllers.StaffController.GetDoctors (CMS.API) in 10.8318ms
2026-09-05 22:49:04.648 +03:00 [INF] Executed endpoint 'CMS.API.Controllers.StaffController.GetDoctors (CMS.API)'
2026-09-05 22:49:04.653 +03:00 [INF] Request starting HTTP/1.1 GET http://localhost:5010/api/v1/staff/doctors - application/json null
2026-09-05 22:49:04.656 +03:00 [INF] Request finished HTTP/1.1 GET http://localhost:5010/api/v1/staff/doctors - 200 null application/json; charset=utf-8 51.5344ms
2026-09-05 22:49:04.664 +03:00 [INF] Executing endpoint 'CMS.API.Controllers.StaffController.GetDoctors (CMS.API)'
2026-09-05 22:49:04.675 +03:00 [INF] Route matched with {action = "GetDoctors", controller = "Staff"}. Executing controller action with signature System.Threading.Tasks.Task`1[Microsoft.AspNetCore.Mvc.IActionResult] GetDoctors() on controller CMS.API.Controllers.StaffController (CMS.API).
2026-09-05 22:49:04.680 +03:00 [INF] Executing OkObjectResult, writing value of type 'CMS.Shared.DTOs.ApiResponse`1[[System.Collections.Generic.List`1[[CMS.Shared.DTOs.DoctorDto, CMS.Shared, Version=1.0.0.0, Culture=neutral, PublicKeyToken=null]], System.Private.CoreLib, Version=8.0.0.0, Culture=neutral, PublicKeyToken=7cec85d7bea7798e]]'.
2026-09-05 22:49:04.684 +03:00 [INF] Executed action CMS.API.Controllers.StaffController.GetDoctors (CMS.API) in 4.5782ms
2026-09-05 22:49:04.690 +03:00 [INF] Executed endpoint 'CMS.API.Controllers.StaffController.GetDoctors (CMS.API)'
2026-09-05 22:49:04.693 +03:00 [INF] Request finished HTTP/1.1 GET http://localhost:5010/api/v1/staff/doctors - 200 null application/json; charset=utf-8 39.4294ms
2026-09-05 22:49:04.722 +03:00 [INF] Executing OkObjectResult, writing value of type 'CMS.Shared.DTOs.ApiResponse`1[[System.Object, System.Private.CoreLib, Version=8.0.0.0, Culture=neutral, PublicKeyToken=7cec85d7bea7798e]]'.
2026-09-05 22:49:04.731 +03:00 [INF] Executed action CMS.API.Controllers.TriageController.GetDoctorQueue (CMS.API) in 94.0132ms
2026-09-05 22:49:04.734 +03:00 [INF] Executed endpoint 'CMS.API.Controllers.TriageController.GetDoctorQueue (CMS.API)'
2026-09-05 22:49:04.739 +03:00 [INF] Request starting HTTP/1.1 GET http://localhost:5010/api/v1/triage/doctor/2?date=2026-09-05 - application/json null
2026-09-05 22:49:04.740 +03:00 [INF] Request finished HTTP/1.1 GET http://localhost:5010/api/v1/triage/doctor/2?date=2026-09-05 - 200 null application/json; charset=utf-8 135.9975ms
2026-09-05 22:49:04.747 +03:00 [INF] Executing endpoint 'CMS.API.Controllers.TriageController.GetDoctorQueue (CMS.API)'
2026-09-05 22:49:04.758 +03:00 [INF] Route matched with {action = "GetDoctorQueue", controller = "Triage"}. Executing controller action with signature System.Threading.Tasks.Task`1[Microsoft.AspNetCore.Mvc.IActionResult] GetDoctorQueue(Int32, System.Nullable`1[System.DateTime]) on controller CMS.API.Controllers.TriageController (CMS.API).
2026-09-05 22:49:04.765 +03:00 [INF] Executing OkObjectResult, writing value of type 'CMS.Shared.DTOs.ApiResponse`1[[System.Object, System.Private.CoreLib, Version=8.0.0.0, Culture=neutral, PublicKeyToken=7cec85d7bea7798e]]'.
2026-09-05 22:49:04.769 +03:00 [INF] Executed action CMS.API.Controllers.TriageController.GetDoctorQueue (CMS.API) in 7.2214ms
2026-09-05 22:49:04.775 +03:00 [INF] Executed endpoint 'CMS.API.Controllers.TriageController.GetDoctorQueue (CMS.API)'
2026-09-05 22:49:04.779 +03:00 [INF] Request starting HTTP/1.1 GET http://localhost:5010/api/v1/encounters/patient/19 - application/json null
2026-09-05 22:49:04.779 +03:00 [INF] Request finished HTTP/1.1 GET http://localhost:5010/api/v1/triage/doctor/2?date=2026-09-05 - 200 null application/json; charset=utf-8 40.0723ms
2026-09-05 22:49:04.780 +03:00 [INF] Request starting HTTP/1.1 GET http://localhost:5010/api/v1/medicalcertificates/patient/19 - application/json null
2026-09-05 22:49:04.780 +03:00 [INF] Request starting HTTP/1.1 GET http://localhost:5010/api/v1/triage/patient/19/latest - application/json null
2026-09-05 22:49:04.787 +03:00 [INF] Executing endpoint 'CMS.API.Controllers.EncountersController.GetPatientEncounters (CMS.API)'
2026-09-05 22:49:04.802 +03:00 [INF] Executing endpoint 'CMS.API.Controllers.MedicalCertificatesController.GetPatientCertificates (CMS.API)'
2026-09-05 22:49:04.808 +03:00 [INF] Executing endpoint 'CMS.API.Controllers.TriageController.GetLatestPatientVitals (CMS.API)'
2026-09-05 22:49:04.822 +03:00 [INF] Route matched with {action = "GetPatientEncounters", controller = "Encounters"}. Executing controller action with signature System.Threading.Tasks.Task`1[Microsoft.AspNetCore.Mvc.IActionResult] GetPatientEncounters(Int32) on controller CMS.API.Controllers.EncountersController (CMS.API).
2026-09-05 22:49:04.822 +03:00 [INF] Route matched with {action = "GetPatientCertificates", controller = "MedicalCertificates"}. Executing controller action with signature System.Threading.Tasks.Task`1[Microsoft.AspNetCore.Mvc.IActionResult] GetPatientCertificates(Int32) on controller CMS.API.Controllers.MedicalCertificatesController (CMS.API).
2026-09-05 22:49:04.826 +03:00 [INF] Route matched with {action = "GetLatestPatientVitals", controller = "Triage"}. Executing controller action with signature System.Threading.Tasks.Task`1[Microsoft.AspNetCore.Mvc.IActionResult] GetLatestPatientVitals(Int32) on controller CMS.API.Controllers.TriageController (CMS.API).
2026-09-05 22:49:04.845 +03:00 [INF] Executing OkObjectResult, writing value of type 'CMS.Shared.DTOs.ApiResponse`1[[System.Collections.Generic.List`1[[CMS.Shared.DTOs.MedicalCertificateDto, CMS.Shared, Version=1.0.0.0, Culture=neutral, PublicKeyToken=null]], System.Private.CoreLib, Version=8.0.0.0, Culture=neutral, PublicKeyToken=7cec85d7bea7798e]]'.
2026-09-05 22:49:04.859 +03:00 [INF] Executing OkObjectResult, writing value of type 'CMS.Shared.DTOs.ApiResponse`1[[System.Collections.Generic.List`1[[CMS.Shared.DTOs.EncounterDto, CMS.Shared, Version=1.0.0.0, Culture=neutral, PublicKeyToken=null]], System.Private.CoreLib, Version=8.0.0.0, Culture=neutral, PublicKeyToken=7cec85d7bea7798e]]'.
2026-09-05 22:49:04.883 +03:00 [INF] Executed action CMS.API.Controllers.MedicalCertificatesController.GetPatientCertificates (CMS.API) in 50.5871ms
2026-09-05 22:49:04.896 +03:00 [INF] Request starting HTTP/1.1 GET http://localhost:5010/api/v1/medicalcertificates/patient/19 - application/json null
2026-09-05 22:49:04.910 +03:00 [INF] Executing OkObjectResult, writing value of type 'CMS.Shared.DTOs.ApiResponse`1[[CMS.Shared.DTOs.TriageDto, CMS.Shared, Version=1.0.0.0, Culture=neutral, PublicKeyToken=null]]'.
2026-09-05 22:49:04.912 +03:00 [INF] Executed endpoint 'CMS.API.Controllers.MedicalCertificatesController.GetPatientCertificates (CMS.API)'
2026-09-05 22:49:04.916 +03:00 [INF] Executing endpoint 'CMS.API.Controllers.MedicalCertificatesController.GetPatientCertificates (CMS.API)'
2026-09-05 22:49:04.920 +03:00 [INF] Executed action CMS.API.Controllers.EncountersController.GetPatientEncounters (CMS.API) in 93.8966ms
2026-09-05 22:49:04.931 +03:00 [INF] Executed endpoint 'CMS.API.Controllers.EncountersController.GetPatientEncounters (CMS.API)'
2026-09-05 22:49:04.921 +03:00 [INF] Executed action CMS.API.Controllers.TriageController.GetLatestPatientVitals (CMS.API) in 58.3057ms
2026-09-05 22:49:04.928 +03:00 [INF] Route matched with {action = "GetPatientCertificates", controller = "MedicalCertificates"}. Executing controller action with signature System.Threading.Tasks.Task`1[Microsoft.AspNetCore.Mvc.IActionResult] GetPatientCertificates(Int32) on controller CMS.API.Controllers.MedicalCertificatesController (CMS.API).
2026-09-05 22:49:04.920 +03:00 [INF] Request finished HTTP/1.1 GET http://localhost:5010/api/v1/medicalcertificates/patient/19 - 200 null application/json; charset=utf-8 140.5935ms
2026-09-05 22:49:04.937 +03:00 [INF] Request starting HTTP/1.1 GET http://localhost:5010/api/v1/encounters/patient/19 - application/json null
2026-09-05 22:49:04.937 +03:00 [INF] Request starting HTTP/1.1 GET http://localhost:5010/api/v1/triage/patient/19/latest - application/json null
2026-09-05 22:49:04.941 +03:00 [INF] Request finished HTTP/1.1 GET http://localhost:5010/api/v1/encounters/patient/19 - 200 null application/json; charset=utf-8 162.0345ms
2026-09-05 22:49:04.945 +03:00 [INF] Executed endpoint 'CMS.API.Controllers.TriageController.GetLatestPatientVitals (CMS.API)'
2026-09-05 22:49:04.950 +03:00 [INF] Executing OkObjectResult, writing value of type 'CMS.Shared.DTOs.ApiResponse`1[[System.Collections.Generic.List`1[[CMS.Shared.DTOs.MedicalCertificateDto, CMS.Shared, Version=1.0.0.0, Culture=neutral, PublicKeyToken=null]], System.Private.CoreLib, Version=8.0.0.0, Culture=neutral, PublicKeyToken=7cec85d7bea7798e]]'.
2026-09-05 22:49:04.978 +03:00 [INF] Executed action CMS.API.Controllers.MedicalCertificatesController.GetPatientCertificates (CMS.API) in 30.2815ms
2026-09-05 22:49:04.964 +03:00 [INF] Executing endpoint 'CMS.API.Controllers.TriageController.GetLatestPatientVitals (CMS.API)'
2026-09-05 22:49:04.969 +03:00 [INF] Request finished HTTP/1.1 GET http://localhost:5010/api/v1/triage/patient/19/latest - 200 null application/json; charset=utf-8 189.545ms
2026-09-05 22:49:04.960 +03:00 [INF] Executing endpoint 'CMS.API.Controllers.EncountersController.GetPatientEncounters (CMS.API)'
2026-09-05 22:49:04.986 +03:00 [INF] Executed endpoint 'CMS.API.Controllers.MedicalCertificatesController.GetPatientCertificates (CMS.API)'
2026-09-05 22:49:04.992 +03:00 [INF] Route matched with {action = "GetLatestPatientVitals", controller = "Triage"}. Executing controller action with signature System.Threading.Tasks.Task`1[Microsoft.AspNetCore.Mvc.IActionResult] GetLatestPatientVitals(Int32) on controller CMS.API.Controllers.TriageController (CMS.API).
2026-09-05 22:49:04.999 +03:00 [INF] Route matched with {action = "GetPatientEncounters", controller = "Encounters"}. Executing controller action with signature System.Threading.Tasks.Task`1[Microsoft.AspNetCore.Mvc.IActionResult] GetPatientEncounters(Int32) on controller CMS.API.Controllers.EncountersController (CMS.API).
2026-09-05 22:49:05.000 +03:00 [INF] Request finished HTTP/1.1 GET http://localhost:5010/api/v1/medicalcertificates/patient/19 - 200 null application/json; charset=utf-8 104.1263ms
2026-09-05 22:49:05.010 +03:00 [INF] Executing OkObjectResult, writing value of type 'CMS.Shared.DTOs.ApiResponse`1[[CMS.Shared.DTOs.TriageDto, CMS.Shared, Version=1.0.0.0, Culture=neutral, PublicKeyToken=null]]'.
2026-09-05 22:49:05.013 +03:00 [INF] Executing OkObjectResult, writing value of type 'CMS.Shared.DTOs.ApiResponse`1[[System.Collections.Generic.List`1[[CMS.Shared.DTOs.EncounterDto, CMS.Shared, Version=1.0.0.0, Culture=neutral, PublicKeyToken=null]], System.Private.CoreLib, Version=8.0.0.0, Culture=neutral, PublicKeyToken=7cec85d7bea7798e]]'.
2026-09-05 22:49:05.022 +03:00 [INF] Executed action CMS.API.Controllers.TriageController.GetLatestPatientVitals (CMS.API) in 13.9881ms
2026-09-05 22:49:05.024 +03:00 [INF] Executed action CMS.API.Controllers.EncountersController.GetPatientEncounters (CMS.API) in 13.4034ms
2026-09-05 22:49:05.028 +03:00 [INF] Executed endpoint 'CMS.API.Controllers.TriageController.GetLatestPatientVitals (CMS.API)'
2026-09-05 22:49:05.030 +03:00 [INF] Executed endpoint 'CMS.API.Controllers.EncountersController.GetPatientEncounters (CMS.API)'
2026-09-05 22:49:05.032 +03:00 [INF] Request finished HTTP/1.1 GET http://localhost:5010/api/v1/triage/patient/19/latest - 200 null application/json; charset=utf-8 94.9153ms
2026-09-05 22:49:05.036 +03:00 [INF] Request finished HTTP/1.1 GET http://localhost:5010/api/v1/encounters/patient/19 - 200 null application/json; charset=utf-8 99.7927ms
2026-09-05 22:50:09.062 +03:00 [INF] Request starting HTTP/1.1 GET http://localhost:5010/api/v1/encounters/patient/13 - application/json null
2026-09-05 22:50:09.072 +03:00 [INF] Request starting HTTP/1.1 GET http://localhost:5010/api/v1/medicalcertificates/patient/13 - application/json null
2026-09-05 22:50:09.073 +03:00 [INF] Request starting HTTP/1.1 GET http://localhost:5010/api/v1/triage/patient/13/latest - application/json null
2026-09-05 22:50:09.080 +03:00 [INF] Executing endpoint 'CMS.API.Controllers.EncountersController.GetPatientEncounters (CMS.API)'
2026-09-05 22:50:09.098 +03:00 [INF] Executing endpoint 'CMS.API.Controllers.MedicalCertificatesController.GetPatientCertificates (CMS.API)'
2026-09-05 22:50:09.124 +03:00 [INF] Executing endpoint 'CMS.API.Controllers.TriageController.GetLatestPatientVitals (CMS.API)'
2026-09-05 22:50:09.135 +03:00 [INF] Route matched with {action = "GetPatientEncounters", controller = "Encounters"}. Executing controller action with signature System.Threading.Tasks.Task`1[Microsoft.AspNetCore.Mvc.IActionResult] GetPatientEncounters(Int32) on controller CMS.API.Controllers.EncountersController (CMS.API).
2026-09-05 22:50:09.142 +03:00 [INF] Route matched with {action = "GetPatientCertificates", controller = "MedicalCertificates"}. Executing controller action with signature System.Threading.Tasks.Task`1[Microsoft.AspNetCore.Mvc.IActionResult] GetPatientCertificates(Int32) on controller CMS.API.Controllers.MedicalCertificatesController (CMS.API).
2026-09-05 22:50:09.154 +03:00 [INF] Route matched with {action = "GetLatestPatientVitals", controller = "Triage"}. Executing controller action with signature System.Threading.Tasks.Task`1[Microsoft.AspNetCore.Mvc.IActionResult] GetLatestPatientVitals(Int32) on controller CMS.API.Controllers.TriageController (CMS.API).
2026-09-05 22:50:09.180 +03:00 [INF] Executing OkObjectResult, writing value of type 'CMS.Shared.DTOs.ApiResponse`1[[System.Collections.Generic.List`1[[CMS.Shared.DTOs.MedicalCertificateDto, CMS.Shared, Version=1.0.0.0, Culture=neutral, PublicKeyToken=null]], System.Private.CoreLib, Version=8.0.0.0, Culture=neutral, PublicKeyToken=7cec85d7bea7798e]]'.
2026-09-05 22:50:09.190 +03:00 [INF] Executed action CMS.API.Controllers.MedicalCertificatesController.GetPatientCertificates (CMS.API) in 17.3058ms
2026-09-05 22:50:09.197 +03:00 [INF] Executed endpoint 'CMS.API.Controllers.MedicalCertificatesController.GetPatientCertificates (CMS.API)'
2026-09-05 22:50:09.203 +03:00 [INF] Request finished HTTP/1.1 GET http://localhost:5010/api/v1/medicalcertificates/patient/13 - 200 null application/json; charset=utf-8 130.1666ms
2026-09-05 22:50:09.230 +03:00 [INF] Executing OkObjectResult, writing value of type 'CMS.Shared.DTOs.ApiResponse`1[[System.Collections.Generic.List`1[[CMS.Shared.DTOs.EncounterDto, CMS.Shared, Version=1.0.0.0, Culture=neutral, PublicKeyToken=null]], System.Private.CoreLib, Version=8.0.0.0, Culture=neutral, PublicKeyToken=7cec85d7bea7798e]]'.
2026-09-05 22:50:09.237 +03:00 [INF] Executed action CMS.API.Controllers.EncountersController.GetPatientEncounters (CMS.API) in 73.124ms
2026-09-05 22:50:09.244 +03:00 [INF] Executed endpoint 'CMS.API.Controllers.EncountersController.GetPatientEncounters (CMS.API)'
2026-09-05 22:50:09.249 +03:00 [INF] Request finished HTTP/1.1 GET http://localhost:5010/api/v1/encounters/patient/13 - 200 null application/json; charset=utf-8 187.0671ms
2026-09-05 22:50:09.289 +03:00 [INF] Executing OkObjectResult, writing value of type 'CMS.Shared.DTOs.ApiResponse`1[[CMS.Shared.DTOs.TriageDto, CMS.Shared, Version=1.0.0.0, Culture=neutral, PublicKeyToken=null]]'.
2026-09-05 22:50:09.293 +03:00 [INF] Executed action CMS.API.Controllers.TriageController.GetLatestPatientVitals (CMS.API) in 110.577ms
2026-09-05 22:50:09.299 +03:00 [INF] Executed endpoint 'CMS.API.Controllers.TriageController.GetLatestPatientVitals (CMS.API)'
2026-09-05 22:50:09.302 +03:00 [INF] Request finished HTTP/1.1 GET http://localhost:5010/api/v1/triage/patient/13/latest - 200 null application/json; charset=utf-8 229.1224ms
2026-09-05 22:50:10.394 +03:00 [INF] Request starting HTTP/1.1 GET http://localhost:5010/api/v1/medicalcertificates/patient/19 - application/json null
2026-09-05 22:50:10.394 +03:00 [INF] Request starting HTTP/1.1 GET http://localhost:5010/api/v1/encounters/patient/19 - application/json null
2026-09-05 22:50:10.394 +03:00 [INF] Request starting HTTP/1.1 GET http://localhost:5010/api/v1/triage/patient/19/latest - application/json null
2026-09-05 22:50:10.402 +03:00 [INF] Executing endpoint 'CMS.API.Controllers.MedicalCertificatesController.GetPatientCertificates (CMS.API)'
2026-09-05 22:50:10.412 +03:00 [INF] Executing endpoint 'CMS.API.Controllers.EncountersController.GetPatientEncounters (CMS.API)'
2026-09-05 22:50:10.417 +03:00 [INF] Executing endpoint 'CMS.API.Controllers.TriageController.GetLatestPatientVitals (CMS.API)'
2026-09-05 22:50:10.418 +03:00 [INF] Route matched with {action = "GetPatientCertificates", controller = "MedicalCertificates"}. Executing controller action with signature System.Threading.Tasks.Task`1[Microsoft.AspNetCore.Mvc.IActionResult] GetPatientCertificates(Int32) on controller CMS.API.Controllers.MedicalCertificatesController (CMS.API).
2026-09-05 22:50:10.425 +03:00 [INF] Route matched with {action = "GetPatientEncounters", controller = "Encounters"}. Executing controller action with signature System.Threading.Tasks.Task`1[Microsoft.AspNetCore.Mvc.IActionResult] GetPatientEncounters(Int32) on controller CMS.API.Controllers.EncountersController (CMS.API).
2026-09-05 22:50:10.428 +03:00 [INF] Route matched with {action = "GetLatestPatientVitals", controller = "Triage"}. Executing controller action with signature System.Threading.Tasks.Task`1[Microsoft.AspNetCore.Mvc.IActionResult] GetLatestPatientVitals(Int32) on controller CMS.API.Controllers.TriageController (CMS.API).
2026-09-05 22:50:10.432 +03:00 [INF] Executing OkObjectResult, writing value of type 'CMS.Shared.DTOs.ApiResponse`1[[System.Collections.Generic.List`1[[CMS.Shared.DTOs.MedicalCertificateDto, CMS.Shared, Version=1.0.0.0, Culture=neutral, PublicKeyToken=null]], System.Private.CoreLib, Version=8.0.0.0, Culture=neutral, PublicKeyToken=7cec85d7bea7798e]]'.
2026-09-05 22:50:10.435 +03:00 [INF] Executing OkObjectResult, writing value of type 'CMS.Shared.DTOs.ApiResponse`1[[System.Collections.Generic.List`1[[CMS.Shared.DTOs.EncounterDto, CMS.Shared, Version=1.0.0.0, Culture=neutral, PublicKeyToken=null]], System.Private.CoreLib, Version=8.0.0.0, Culture=neutral, PublicKeyToken=7cec85d7bea7798e]]'.
2026-09-05 22:50:10.443 +03:00 [INF] Executed action CMS.API.Controllers.MedicalCertificatesController.GetPatientCertificates (CMS.API) in 12.1815ms
2026-09-05 22:50:10.443 +03:00 [INF] Executing OkObjectResult, writing value of type 'CMS.Shared.DTOs.ApiResponse`1[[CMS.Shared.DTOs.TriageDto, CMS.Shared, Version=1.0.0.0, Culture=neutral, PublicKeyToken=null]]'.
2026-09-05 22:50:10.445 +03:00 [INF] Executed action CMS.API.Controllers.EncountersController.GetPatientEncounters (CMS.API) in 11.9452ms
2026-09-05 22:50:10.447 +03:00 [INF] Executed endpoint 'CMS.API.Controllers.MedicalCertificatesController.GetPatientCertificates (CMS.API)'
2026-09-05 22:50:10.450 +03:00 [INF] Executed action CMS.API.Controllers.TriageController.GetLatestPatientVitals (CMS.API) in 10.3977ms
2026-09-05 22:50:10.457 +03:00 [INF] Executed endpoint 'CMS.API.Controllers.EncountersController.GetPatientEncounters (CMS.API)'
2026-09-05 22:50:10.459 +03:00 [INF] Request finished HTTP/1.1 GET http://localhost:5010/api/v1/medicalcertificates/patient/19 - 200 null application/json; charset=utf-8 65.2861ms
2026-09-05 22:50:10.462 +03:00 [INF] Executed endpoint 'CMS.API.Controllers.TriageController.GetLatestPatientVitals (CMS.API)'
2026-09-05 22:50:10.464 +03:00 [INF] Request finished HTTP/1.1 GET http://localhost:5010/api/v1/encounters/patient/19 - 200 null application/json; charset=utf-8 70.3493ms
2026-09-05 22:50:10.479 +03:00 [INF] Request finished HTTP/1.1 GET http://localhost:5010/api/v1/triage/patient/19/latest - 200 null application/json; charset=utf-8 84.5307ms
2026-09-05 22:50:15.041 +03:00 [INF] Request starting HTTP/1.1 GET http://localhost:5010/api/v1/laboratory/patient/19 - application/json null
2026-09-05 22:50:15.082 +03:00 [INF] Request starting HTTP/1.1 GET http://localhost:5010/api/v1/encounters/patient/19 - application/json null
2026-09-05 22:50:15.122 +03:00 [INF] Executing endpoint 'CMS.API.Controllers.EncountersController.GetPatientEncounters (CMS.API)'
2026-09-05 22:50:15.098 +03:00 [INF] Request starting HTTP/1.1 GET http://localhost:5010/api/v1/pharmacy/prescriptions - application/json null
2026-09-05 22:50:15.099 +03:00 [INF] Request starting HTTP/1.1 GET http://localhost:5010/api/v1/medicalcertificates/patient/19 - application/json null
2026-09-05 22:50:15.242 +03:00 [INF] Executing endpoint 'CMS.API.Controllers.MedicalCertificatesController.GetPatientCertificates (CMS.API)'
2026-09-05 22:50:15.094 +03:00 [INF] Request starting HTTP/1.1 GET http://localhost:5010/api/v1/billing/invoices - application/json null
2026-09-05 22:50:15.232 +03:00 [INF] Route matched with {action = "GetPatientEncounters", controller = "Encounters"}. Executing controller action with signature System.Threading.Tasks.Task`1[Microsoft.AspNetCore.Mvc.IActionResult] GetPatientEncounters(Int32) on controller CMS.API.Controllers.EncountersController (CMS.API).
2026-09-05 22:50:15.236 +03:00 [INF] Executing endpoint 'CMS.API.Controllers.PharmacyController.GetPrescriptions (CMS.API)'
2026-09-05 22:50:15.103 +03:00 [INF] Executing endpoint 'CMS.API.Controllers.LaboratoryController.GetPatientLabOrders (CMS.API)'
2026-09-05 22:50:15.244 +03:00 [INF] Route matched with {action = "GetPatientCertificates", controller = "MedicalCertificates"}. Executing controller action with signature System.Threading.Tasks.Task`1[Microsoft.AspNetCore.Mvc.IActionResult] GetPatientCertificates(Int32) on controller CMS.API.Controllers.MedicalCertificatesController (CMS.API).
2026-09-05 22:50:15.248 +03:00 [INF] Executing endpoint 'CMS.API.Controllers.BillingController.GetInvoices (CMS.API)'
2026-09-05 22:50:15.253 +03:00 [INF] Executing OkObjectResult, writing value of type 'CMS.Shared.DTOs.ApiResponse`1[[System.Collections.Generic.List`1[[CMS.Shared.DTOs.EncounterDto, CMS.Shared, Version=1.0.0.0, Culture=neutral, PublicKeyToken=null]], System.Private.CoreLib, Version=8.0.0.0, Culture=neutral, PublicKeyToken=7cec85d7bea7798e]]'.
2026-09-05 22:50:15.263 +03:00 [INF] Route matched with {action = "GetPrescriptions", controller = "Pharmacy"}. Executing controller action with signature System.Threading.Tasks.Task`1[Microsoft.AspNetCore.Mvc.IActionResult] GetPrescriptions() on controller CMS.API.Controllers.PharmacyController (CMS.API).
2026-09-05 22:50:15.263 +03:00 [INF] Route matched with {action = "GetPatientLabOrders", controller = "Laboratory"}. Executing controller action with signature System.Threading.Tasks.Task`1[Microsoft.AspNetCore.Mvc.IActionResult] GetPatientLabOrders(Int32) on controller CMS.API.Controllers.LaboratoryController (CMS.API).
2026-09-05 22:50:15.266 +03:00 [INF] Executing OkObjectResult, writing value of type 'CMS.Shared.DTOs.ApiResponse`1[[System.Collections.Generic.List`1[[CMS.Shared.DTOs.MedicalCertificateDto, CMS.Shared, Version=1.0.0.0, Culture=neutral, PublicKeyToken=null]], System.Private.CoreLib, Version=8.0.0.0, Culture=neutral, PublicKeyToken=7cec85d7bea7798e]]'.
2026-09-05 22:50:15.266 +03:00 [INF] Route matched with {action = "GetInvoices", controller = "Billing"}. Executing controller action with signature System.Threading.Tasks.Task`1[Microsoft.AspNetCore.Mvc.IActionResult] GetInvoices() on controller CMS.API.Controllers.BillingController (CMS.API).
2026-09-05 22:50:15.269 +03:00 [INF] Executed action CMS.API.Controllers.EncountersController.GetPatientEncounters (CMS.API) in 18.0976ms
2026-09-05 22:50:15.279 +03:00 [INF] Executed action CMS.API.Controllers.MedicalCertificatesController.GetPatientCertificates (CMS.API) in 14.8567ms
2026-09-05 22:50:15.287 +03:00 [INF] Executed endpoint 'CMS.API.Controllers.EncountersController.GetPatientEncounters (CMS.API)'
2026-09-05 22:50:15.293 +03:00 [INF] Request finished HTTP/1.1 GET http://localhost:5010/api/v1/encounters/patient/19 - 200 null application/json; charset=utf-8 210.9277ms
2026-09-05 22:50:15.290 +03:00 [INF] Executed endpoint 'CMS.API.Controllers.MedicalCertificatesController.GetPatientCertificates (CMS.API)'
2026-09-05 22:50:15.305 +03:00 [INF] Executing OkObjectResult, writing value of type 'CMS.Shared.DTOs.ApiResponse`1[[System.Collections.Generic.List`1[[CMS.Shared.DTOs.InvoiceDto, CMS.Shared, Version=1.0.0.0, Culture=neutral, PublicKeyToken=null]], System.Private.CoreLib, Version=8.0.0.0, Culture=neutral, PublicKeyToken=7cec85d7bea7798e]]'.
2026-09-05 22:50:15.306 +03:00 [INF] Request finished HTTP/1.1 GET http://localhost:5010/api/v1/medicalcertificates/patient/19 - 200 null application/json; charset=utf-8 206.742ms
2026-09-05 22:50:15.312 +03:00 [INF] Executed action CMS.API.Controllers.BillingController.GetInvoices (CMS.API) in 28.453ms
2026-09-05 22:50:15.334 +03:00 [INF] Executed endpoint 'CMS.API.Controllers.BillingController.GetInvoices (CMS.API)'
2026-09-05 22:50:15.329 +03:00 [INF] Executing OkObjectResult, writing value of type 'CMS.Shared.DTOs.ApiResponse`1[[System.Object, System.Private.CoreLib, Version=8.0.0.0, Culture=neutral, PublicKeyToken=7cec85d7bea7798e]]'.
2026-09-05 22:50:15.348 +03:00 [INF] Executed action CMS.API.Controllers.LaboratoryController.GetPatientLabOrders (CMS.API) in 70.9058ms
2026-09-05 22:50:15.342 +03:00 [INF] Request finished HTTP/1.1 GET http://localhost:5010/api/v1/billing/invoices - 200 null application/json; charset=utf-8 249.8785ms
2026-09-05 22:50:15.326 +03:00 [INF] Executed action CMS.API.Controllers.PharmacyController.GetPrescriptions (CMS.API) in 53.4414ms
2026-09-05 22:50:15.363 +03:00 [INF] Executed endpoint 'CMS.API.Controllers.PharmacyController.GetPrescriptions (CMS.API)'
2026-09-05 22:50:15.352 +03:00 [INF] Executed endpoint 'CMS.API.Controllers.LaboratoryController.GetPatientLabOrders (CMS.API)'
2026-09-05 22:50:15.368 +03:00 [INF] Request finished HTTP/1.1 GET http://localhost:5010/api/v1/laboratory/patient/19 - 200 null application/json; charset=utf-8 326.3668ms
2026-09-05 22:50:15.373 +03:00 [ERR] Unhandled exception encountered: Invalid column name 'DoctorId'.
Invalid column name 'DoctorId'.
Invalid column name 'StatusId'.
Microsoft.Data.SqlClient.SqlException (0x80131904): Invalid column name 'DoctorId'.
Invalid column name 'DoctorId'.
Invalid column name 'StatusId'.
   at System.Threading.Tasks.ContinuationResultTaskFromResultTask`2.InnerInvoke()
   at System.Threading.ExecutionContext.RunInternal(ExecutionContext executionContext, ContextCallback callback, Object state)
--- End of stack trace from previous location ---
   at System.Threading.ExecutionContext.RunInternal(ExecutionContext executionContext, ContextCallback callback, Object state)
   at System.Threading.Tasks.Task.ExecuteWithThreadLocal(Task& currentTaskSlot, Thread threadPoolThread)
--- End of stack trace from previous location ---
   at Dapper.SqlMapper.QueryAsync[T](IDbConnection cnn, Type effectiveType, CommandDefinition command) in /_/Dapper/SqlMapper.Async.cs:line 434
   at CMS.Application.Pharmacy.PharmacyService.GetPrescriptionsAsync(Byte tenantId) in C:\Users\ASUS\source\repos\CMS\src\CMS.Application\Pharmacy\PharmacyService.cs:line 112
   at CMS.API.Controllers.PharmacyController.GetPrescriptions() in C:\Users\ASUS\source\repos\CMS\src\CMS.API\Controllers\PharmacyBillingControllers.cs:line 33
   at Microsoft.AspNetCore.Mvc.Infrastructure.ActionMethodExecutor.TaskOfIActionResultExecutor.Execute(ActionContext actionContext, IActionResultTypeMapper mapper, ObjectMethodExecutor executor, Object controller, Object[] arguments)
   at Microsoft.AspNetCore.Mvc.Infrastructure.ControllerActionInvoker.<InvokeActionMethodAsync>g__Awaited|12_0(ControllerActionInvoker invoker, ValueTask`1 actionResultValueTask)
   at Microsoft.AspNetCore.Mvc.Infrastructure.ControllerActionInvoker.<InvokeNextActionFilterAsync>g__Awaited|10_0(ControllerActionInvoker invoker, Task lastTask, State next, Scope scope, Object state, Boolean isCompleted)
   at Microsoft.AspNetCore.Mvc.Infrastructure.ControllerActionInvoker.Rethrow(ActionExecutedContextSealed context)
   at Microsoft.AspNetCore.Mvc.Infrastructure.ControllerActionInvoker.Next(State& next, Scope& scope, Object& state, Boolean& isCompleted)
   at Microsoft.AspNetCore.Mvc.Infrastructure.ControllerActionInvoker.<InvokeInnerFilterAsync>g__Awaited|13_0(ControllerActionInvoker invoker, Task lastTask, State next, Scope scope, Object state, Boolean isCompleted)
   at Microsoft.AspNetCore.Mvc.Infrastructure.ResourceInvoker.<InvokeFilterPipelineAsync>g__Awaited|20_0(ResourceInvoker invoker, Task lastTask, State next, Scope scope, Object state, Boolean isCompleted)
   at Microsoft.AspNetCore.Mvc.Infrastructure.ResourceInvoker.<InvokeAsync>g__Logged|17_1(ResourceInvoker invoker)
   at Microsoft.AspNetCore.Mvc.Infrastructure.ResourceInvoker.<InvokeAsync>g__Logged|17_1(ResourceInvoker invoker)
   at Microsoft.AspNetCore.Routing.EndpointMiddleware.<Invoke>g__AwaitRequestTask|7_0(Endpoint endpoint, Task requestTask, ILogger logger)
   at Microsoft.AspNetCore.Authorization.AuthorizationMiddleware.Invoke(HttpContext context)
   at Microsoft.AspNetCore.Authentication.AuthenticationMiddleware.Invoke(HttpContext context)
   at Swashbuckle.AspNetCore.SwaggerUI.SwaggerUIMiddleware.Invoke(HttpContext httpContext)
   at Swashbuckle.AspNetCore.Swagger.SwaggerMiddleware.Invoke(HttpContext httpContext, ISwaggerProvider swaggerProvider)
   at CMS.API.Middleware.TenantMiddleware.InvokeAsync(HttpContext context) in C:\Users\ASUS\source\repos\CMS\src\CMS.API\Middleware\Middlewares.cs:line 26
   at CMS.API.Middleware.ExceptionMiddleware.InvokeAsync(HttpContext context) in C:\Users\ASUS\source\repos\CMS\src\CMS.API\Middleware\Middlewares.cs:line 45
ClientConnectionId:1a86bdb5-9513-474e-9f63-85f8053a0951
Error Number:207,State:1,Class:16
2026-09-05 22:50:15.434 +03:00 [INF] Request finished HTTP/1.1 GET http://localhost:5010/api/v1/pharmacy/prescriptions - 500 null application/json 335.8695ms
2026-09-05 22:50:37.711 +03:00 [INF] Request starting HTTP/1.1 GET http://localhost:5010/api/v1/staff/doctors - application/json null
2026-09-05 22:50:37.725 +03:00 [INF] Request starting HTTP/1.1 GET http://localhost:5010/api/v1/appointments/doctor/1?date=2026-09-05 - application/json null
2026-09-05 22:50:37.729 +03:00 [INF] Executing endpoint 'CMS.API.Controllers.StaffController.GetDoctors (CMS.API)'
2026-09-05 22:50:37.733 +03:00 [INF] Executing endpoint 'CMS.API.Controllers.AppointmentsController.GetDoctorAppointments (CMS.API)'
2026-09-05 22:50:37.735 +03:00 [INF] Route matched with {action = "GetDoctors", controller = "Staff"}. Executing controller action with signature System.Threading.Tasks.Task`1[Microsoft.AspNetCore.Mvc.IActionResult] GetDoctors() on controller CMS.API.Controllers.StaffController (CMS.API).
2026-09-05 22:50:37.746 +03:00 [INF] Executing OkObjectResult, writing value of type 'CMS.Shared.DTOs.ApiResponse`1[[System.Collections.Generic.List`1[[CMS.Shared.DTOs.DoctorDto, CMS.Shared, Version=1.0.0.0, Culture=neutral, PublicKeyToken=null]], System.Private.CoreLib, Version=8.0.0.0, Culture=neutral, PublicKeyToken=7cec85d7bea7798e]]'.
2026-09-05 22:50:37.749 +03:00 [INF] Executed action CMS.API.Controllers.StaffController.GetDoctors (CMS.API) in 7.3335ms
2026-09-05 22:50:37.750 +03:00 [INF] Route matched with {action = "GetDoctorAppointments", controller = "Appointments"}. Executing controller action with signature System.Threading.Tasks.Task`1[Microsoft.AspNetCore.Mvc.IActionResult] GetDoctorAppointments(Int32, System.DateTime) on controller CMS.API.Controllers.AppointmentsController (CMS.API).
2026-09-05 22:50:37.753 +03:00 [INF] Executed endpoint 'CMS.API.Controllers.StaffController.GetDoctors (CMS.API)'
2026-09-05 22:50:37.765 +03:00 [INF] Request starting HTTP/1.1 GET http://localhost:5010/api/v1/staff/doctors - application/json null
2026-09-05 22:50:37.766 +03:00 [INF] Request finished HTTP/1.1 GET http://localhost:5010/api/v1/staff/doctors - 200 null application/json; charset=utf-8 55.0107ms
2026-09-05 22:50:37.815 +03:00 [INF] Executing endpoint 'CMS.API.Controllers.StaffController.GetDoctors (CMS.API)'
2026-09-05 22:50:37.863 +03:00 [INF] Route matched with {action = "GetDoctors", controller = "Staff"}. Executing controller action with signature System.Threading.Tasks.Task`1[Microsoft.AspNetCore.Mvc.IActionResult] GetDoctors() on controller CMS.API.Controllers.StaffController (CMS.API).
2026-09-05 22:50:37.870 +03:00 [INF] Executing OkObjectResult, writing value of type 'CMS.Shared.DTOs.ApiResponse`1[[System.Collections.Generic.List`1[[CMS.Shared.DTOs.DoctorDto, CMS.Shared, Version=1.0.0.0, Culture=neutral, PublicKeyToken=null]], System.Private.CoreLib, Version=8.0.0.0, Culture=neutral, PublicKeyToken=7cec85d7bea7798e]]'.
2026-09-05 22:50:37.878 +03:00 [INF] Executed action CMS.API.Controllers.AppointmentsController.GetDoctorAppointments (CMS.API) in 120.1734ms
2026-09-05 22:50:37.880 +03:00 [INF] Executed action CMS.API.Controllers.StaffController.GetDoctors (CMS.API) in 13.3421ms
2026-09-05 22:50:37.882 +03:00 [INF] Executed endpoint 'CMS.API.Controllers.AppointmentsController.GetDoctorAppointments (CMS.API)'
2026-09-05 22:50:37.885 +03:00 [INF] Executed endpoint 'CMS.API.Controllers.StaffController.GetDoctors (CMS.API)'
2026-09-05 22:50:37.888 +03:00 [ERR] Unhandled exception encountered: A parameterless default constructor or one matching signature (System.Int32 Id, System.Int32 PatientId, System.String PatientName, System.Int32 DoctorId, System.String DoctorName, System.DateTime SlotDateTime, System.Byte DurationMinutes, System.Byte StatusId, System.String StatusName, System.String ReasonForVisit) is required for CMS.Shared.DTOs.AppointmentDto materialization
System.InvalidOperationException: A parameterless default constructor or one matching signature (System.Int32 Id, System.Int32 PatientId, System.String PatientName, System.Int32 DoctorId, System.String DoctorName, System.DateTime SlotDateTime, System.Byte DurationMinutes, System.Byte StatusId, System.String StatusName, System.String ReasonForVisit) is required for CMS.Shared.DTOs.AppointmentDto materialization
   at Dapper.SqlMapper.GenerateDeserializerFromMap(Type type, DbDataReader reader, Int32 startBound, Int32 length, Boolean returnNullIfFirstMissing, ILGenerator il) in /_/Dapper/SqlMapper.cs:line 3473
   at Dapper.SqlMapper.GetTypeDeserializerImpl(Type type, DbDataReader reader, Int32 startBound, Int32 length, Boolean returnNullIfFirstMissing) in /_/Dapper/SqlMapper.cs:line 3304
   at Dapper.SqlMapper.TypeDeserializerCache.GetReader(DbDataReader reader, Int32 startBound, Int32 length, Boolean returnNullIfFirstMissing) in /_/Dapper/SqlMapper.TypeDeserializerCache.cs:line 151
   at Dapper.SqlMapper.TypeDeserializerCache.GetReader(Type type, DbDataReader reader, Int32 startBound, Int32 length, Boolean returnNullIfFirstMissing) in /_/Dapper/SqlMapper.TypeDeserializerCache.cs:line 50
   at Dapper.SqlMapper.GetTypeDeserializer(Type type, DbDataReader reader, Int32 startBound, Int32 length, Boolean returnNullIfFirstMissing) in /_/Dapper/SqlMapper.cs:line 3258
   at Dapper.SqlMapper.GetDeserializer(Type type, DbDataReader reader, Int32 startBound, Int32 length, Boolean returnNullIfFirstMissing) in /_/Dapper/SqlMapper.cs:line 1945
   at Dapper.SqlMapper.QueryAsync[T](IDbConnection cnn, Type effectiveType, CommandDefinition command) in /_/Dapper/SqlMapper.Async.cs:line 442
   at CMS.Application.Appointments.AppointmentService.GetDoctorAppointmentsAsync(Byte tenantId, Int32 doctorId, DateTime date) in C:\Users\ASUS\source\repos\CMS\src\CMS.Application\Appointments\AppointmentService.cs:line 55
   at CMS.API.Controllers.AppointmentsController.GetDoctorAppointments(Int32 doctorId, DateTime date) in C:\Users\ASUS\source\repos\CMS\src\CMS.API\Controllers\ClinicalControllers.cs:line 60
   at Microsoft.AspNetCore.Mvc.Infrastructure.ActionMethodExecutor.TaskOfIActionResultExecutor.Execute(ActionContext actionContext, IActionResultTypeMapper mapper, ObjectMethodExecutor executor, Object controller, Object[] arguments)
   at Microsoft.AspNetCore.Mvc.Infrastructure.ControllerActionInvoker.<InvokeActionMethodAsync>g__Awaited|12_0(ControllerActionInvoker invoker, ValueTask`1 actionResultValueTask)
   at Microsoft.AspNetCore.Mvc.Infrastructure.ControllerActionInvoker.<InvokeNextActionFilterAsync>g__Awaited|10_0(ControllerActionInvoker invoker, Task lastTask, State next, Scope scope, Object state, Boolean isCompleted)
   at Microsoft.AspNetCore.Mvc.Infrastructure.ControllerActionInvoker.Rethrow(ActionExecutedContextSealed context)
   at Microsoft.AspNetCore.Mvc.Infrastructure.ControllerActionInvoker.Next(State& next, Scope& scope, Object& state, Boolean& isCompleted)
   at Microsoft.AspNetCore.Mvc.Infrastructure.ControllerActionInvoker.<InvokeInnerFilterAsync>g__Awaited|13_0(ControllerActionInvoker invoker, Task lastTask, State next, Scope scope, Object state, Boolean isCompleted)
   at Microsoft.AspNetCore.Mvc.Infrastructure.ResourceInvoker.<InvokeFilterPipelineAsync>g__Awaited|20_0(ResourceInvoker invoker, Task lastTask, State next, Scope scope, Object state, Boolean isCompleted)
   at Microsoft.AspNetCore.Mvc.Infrastructure.ResourceInvoker.<InvokeAsync>g__Logged|17_1(ResourceInvoker invoker)
   at Microsoft.AspNetCore.Mvc.Infrastructure.ResourceInvoker.<InvokeAsync>g__Logged|17_1(ResourceInvoker invoker)
   at Microsoft.AspNetCore.Routing.EndpointMiddleware.<Invoke>g__AwaitRequestTask|7_0(Endpoint endpoint, Task requestTask, ILogger logger)
   at Microsoft.AspNetCore.Authorization.AuthorizationMiddleware.Invoke(HttpContext context)
   at Microsoft.AspNetCore.Authentication.AuthenticationMiddleware.Invoke(HttpContext context)
   at Swashbuckle.AspNetCore.SwaggerUI.SwaggerUIMiddleware.Invoke(HttpContext httpContext)
   at Swashbuckle.AspNetCore.Swagger.SwaggerMiddleware.Invoke(HttpContext httpContext, ISwaggerProvider swaggerProvider)
   at CMS.API.Middleware.TenantMiddleware.InvokeAsync(HttpContext context) in C:\Users\ASUS\source\repos\CMS\src\CMS.API\Middleware\Middlewares.cs:line 26
   at CMS.API.Middleware.ExceptionMiddleware.InvokeAsync(HttpContext context) in C:\Users\ASUS\source\repos\CMS\src\CMS.API\Middleware\Middlewares.cs:line 45
2026-09-05 22:50:37.889 +03:00 [INF] Request finished HTTP/1.1 GET http://localhost:5010/api/v1/staff/doctors - 200 null application/json; charset=utf-8 123.9546ms
2026-09-05 22:50:37.905 +03:00 [INF] Request finished HTTP/1.1 GET http://localhost:5010/api/v1/appointments/doctor/1?date=2026-09-05 - 500 null application/json 179.4087ms
2026-09-05 22:50:37.916 +03:00 [INF] Request starting HTTP/1.1 GET http://localhost:5010/api/v1/appointments/doctor/1?date=2026-09-05 - application/json null
2026-09-05 22:50:37.926 +03:00 [INF] Executing endpoint 'CMS.API.Controllers.AppointmentsController.GetDoctorAppointments (CMS.API)'
2026-09-05 22:50:37.928 +03:00 [INF] Route matched with {action = "GetDoctorAppointments", controller = "Appointments"}. Executing controller action with signature System.Threading.Tasks.Task`1[Microsoft.AspNetCore.Mvc.IActionResult] GetDoctorAppointments(Int32, System.DateTime) on controller CMS.API.Controllers.AppointmentsController (CMS.API).
2026-09-05 22:50:37.935 +03:00 [INF] Executed action CMS.API.Controllers.AppointmentsController.GetDoctorAppointments (CMS.API) in 3.293ms
2026-09-05 22:50:37.940 +03:00 [INF] Executed endpoint 'CMS.API.Controllers.AppointmentsController.GetDoctorAppointments (CMS.API)'
2026-09-05 22:50:37.941 +03:00 [ERR] Unhandled exception encountered: A parameterless default constructor or one matching signature (System.Int32 Id, System.Int32 PatientId, System.String PatientName, System.Int32 DoctorId, System.String DoctorName, System.DateTime SlotDateTime, System.Byte DurationMinutes, System.Byte StatusId, System.String StatusName, System.String ReasonForVisit) is required for CMS.Shared.DTOs.AppointmentDto materialization
System.InvalidOperationException: A parameterless default constructor or one matching signature (System.Int32 Id, System.Int32 PatientId, System.String PatientName, System.Int32 DoctorId, System.String DoctorName, System.DateTime SlotDateTime, System.Byte DurationMinutes, System.Byte StatusId, System.String StatusName, System.String ReasonForVisit) is required for CMS.Shared.DTOs.AppointmentDto materialization
   at Dapper.SqlMapper.GenerateDeserializerFromMap(Type type, DbDataReader reader, Int32 startBound, Int32 length, Boolean returnNullIfFirstMissing, ILGenerator il) in /_/Dapper/SqlMapper.cs:line 3473
   at Dapper.SqlMapper.GetTypeDeserializerImpl(Type type, DbDataReader reader, Int32 startBound, Int32 length, Boolean returnNullIfFirstMissing) in /_/Dapper/SqlMapper.cs:line 3304
   at Dapper.SqlMapper.TypeDeserializerCache.GetReader(DbDataReader reader, Int32 startBound, Int32 length, Boolean returnNullIfFirstMissing) in /_/Dapper/SqlMapper.TypeDeserializerCache.cs:line 151
   at Dapper.SqlMapper.TypeDeserializerCache.GetReader(Type type, DbDataReader reader, Int32 startBound, Int32 length, Boolean returnNullIfFirstMissing) in /_/Dapper/SqlMapper.TypeDeserializerCache.cs:line 50
   at Dapper.SqlMapper.GetTypeDeserializer(Type type, DbDataReader reader, Int32 startBound, Int32 length, Boolean returnNullIfFirstMissing) in /_/Dapper/SqlMapper.cs:line 3258
   at Dapper.SqlMapper.GetDeserializer(Type type, DbDataReader reader, Int32 startBound, Int32 length, Boolean returnNullIfFirstMissing) in /_/Dapper/SqlMapper.cs:line 1945
   at Dapper.SqlMapper.QueryAsync[T](IDbConnection cnn, Type effectiveType, CommandDefinition command) in /_/Dapper/SqlMapper.Async.cs:line 442
   at CMS.Application.Appointments.AppointmentService.GetDoctorAppointmentsAsync(Byte tenantId, Int32 doctorId, DateTime date) in C:\Users\ASUS\source\repos\CMS\src\CMS.Application\Appointments\AppointmentService.cs:line 55
   at CMS.API.Controllers.AppointmentsController.GetDoctorAppointments(Int32 doctorId, DateTime date) in C:\Users\ASUS\source\repos\CMS\src\CMS.API\Controllers\ClinicalControllers.cs:line 60
   at Microsoft.AspNetCore.Mvc.Infrastructure.ActionMethodExecutor.TaskOfIActionResultExecutor.Execute(ActionContext actionContext, IActionResultTypeMapper mapper, ObjectMethodExecutor executor, Object controller, Object[] arguments)
   at Microsoft.AspNetCore.Mvc.Infrastructure.ControllerActionInvoker.<InvokeActionMethodAsync>g__Awaited|12_0(ControllerActionInvoker invoker, ValueTask`1 actionResultValueTask)
   at Microsoft.AspNetCore.Mvc.Infrastructure.ControllerActionInvoker.<InvokeNextActionFilterAsync>g__Awaited|10_0(ControllerActionInvoker invoker, Task lastTask, State next, Scope scope, Object state, Boolean isCompleted)
   at Microsoft.AspNetCore.Mvc.Infrastructure.ControllerActionInvoker.Rethrow(ActionExecutedContextSealed context)
   at Microsoft.AspNetCore.Mvc.Infrastructure.ControllerActionInvoker.Next(State& next, Scope& scope, Object& state, Boolean& isCompleted)
   at Microsoft.AspNetCore.Mvc.Infrastructure.ControllerActionInvoker.<InvokeInnerFilterAsync>g__Awaited|13_0(ControllerActionInvoker invoker, Task lastTask, State next, Scope scope, Object state, Boolean isCompleted)
   at Microsoft.AspNetCore.Mvc.Infrastructure.ResourceInvoker.<InvokeFilterPipelineAsync>g__Awaited|20_0(ResourceInvoker invoker, Task lastTask, State next, Scope scope, Object state, Boolean isCompleted)
   at Microsoft.AspNetCore.Mvc.Infrastructure.ResourceInvoker.<InvokeAsync>g__Logged|17_1(ResourceInvoker invoker)
   at Microsoft.AspNetCore.Mvc.Infrastructure.ResourceInvoker.<InvokeAsync>g__Logged|17_1(ResourceInvoker invoker)
   at Microsoft.AspNetCore.Routing.EndpointMiddleware.<Invoke>g__AwaitRequestTask|7_0(Endpoint endpoint, Task requestTask, ILogger logger)
   at Microsoft.AspNetCore.Authorization.AuthorizationMiddleware.Invoke(HttpContext context)
   at Microsoft.AspNetCore.Authentication.AuthenticationMiddleware.Invoke(HttpContext context)
   at Swashbuckle.AspNetCore.SwaggerUI.SwaggerUIMiddleware.Invoke(HttpContext httpContext)
   at Swashbuckle.AspNetCore.Swagger.SwaggerMiddleware.Invoke(HttpContext httpContext, ISwaggerProvider swaggerProvider)
   at CMS.API.Middleware.TenantMiddleware.InvokeAsync(HttpContext context) in C:\Users\ASUS\source\repos\CMS\src\CMS.API\Middleware\Middlewares.cs:line 26
   at CMS.API.Middleware.ExceptionMiddleware.InvokeAsync(HttpContext context) in C:\Users\ASUS\source\repos\CMS\src\CMS.API\Middleware\Middlewares.cs:line 45
2026-09-05 22:50:37.955 +03:00 [INF] Request finished HTTP/1.1 GET http://localhost:5010/api/v1/appointments/doctor/1?date=2026-09-05 - 500 null application/json 38.683ms
2026-09-05 22:50:41.024 +03:00 [INF] Request starting HTTP/1.1 GET http://localhost:5010/api/v1/laboratory/catalog - application/json null
2026-09-05 22:50:41.025 +03:00 [INF] Request starting HTTP/1.1 GET http://localhost:5010/api/v1/laboratory/worklist?date=2026-09-05 - application/json null
2026-09-05 22:50:41.025 +03:00 [INF] Request starting HTTP/1.1 GET http://localhost:5010/api/v1/laboratory/criticals - application/json null
2026-09-05 22:50:41.031 +03:00 [INF] Executing endpoint 'CMS.API.Controllers.LaboratoryController.GetCatalog (CMS.API)'
2026-09-05 22:50:41.035 +03:00 [INF] Executing endpoint 'CMS.API.Controllers.LaboratoryController.GetWorklist (CMS.API)'
2026-09-05 22:50:41.040 +03:00 [INF] Executing endpoint 'CMS.API.Controllers.LaboratoryController.GetCriticals (CMS.API)'
2026-09-05 22:50:41.042 +03:00 [INF] Route matched with {action = "GetCatalog", controller = "Laboratory"}. Executing controller action with signature System.Threading.Tasks.Task`1[Microsoft.AspNetCore.Mvc.IActionResult] GetCatalog() on controller CMS.API.Controllers.LaboratoryController (CMS.API).
2026-09-05 22:50:41.044 +03:00 [INF] Route matched with {action = "GetWorklist", controller = "Laboratory"}. Executing controller action with signature System.Threading.Tasks.Task`1[Microsoft.AspNetCore.Mvc.IActionResult] GetWorklist(System.Nullable`1[System.DateTime], System.Nullable`1[System.Byte]) on controller CMS.API.Controllers.LaboratoryController (CMS.API).
2026-09-05 22:50:41.045 +03:00 [INF] Route matched with {action = "GetCriticals", controller = "Laboratory"}. Executing controller action with signature System.Threading.Tasks.Task`1[Microsoft.AspNetCore.Mvc.IActionResult] GetCriticals() on controller CMS.API.Controllers.LaboratoryController (CMS.API).
2026-09-05 22:50:41.051 +03:00 [INF] Executing OkObjectResult, writing value of type 'CMS.Shared.DTOs.ApiResponse`1[[System.Collections.Generic.List`1[[CMS.Shared.DTOs.LabTestCatalogDto, CMS.Shared, Version=1.0.0.0, Culture=neutral, PublicKeyToken=null]], System.Private.CoreLib, Version=8.0.0.0, Culture=neutral, PublicKeyToken=7cec85d7bea7798e]]'.
2026-09-05 22:50:41.090 +03:00 [INF] Executed action CMS.API.Controllers.LaboratoryController.GetCatalog (CMS.API) in 41.3992ms
2026-09-05 22:50:41.113 +03:00 [INF] Request starting HTTP/1.1 GET http://localhost:5010/api/v1/laboratory/catalog - application/json null
2026-09-05 22:50:41.164 +03:00 [INF] Executing OkObjectResult, writing value of type 'CMS.Shared.DTOs.ApiResponse`1[[System.Object, System.Private.CoreLib, Version=8.0.0.0, Culture=neutral, PublicKeyToken=7cec85d7bea7798e]]'.
2026-09-05 22:50:41.210 +03:00 [INF] Executing OkObjectResult, writing value of type 'CMS.Shared.DTOs.ApiResponse`1[[System.Object, System.Private.CoreLib, Version=8.0.0.0, Culture=neutral, PublicKeyToken=7cec85d7bea7798e]]'.
2026-09-05 22:50:41.210 +03:00 [INF] Executed endpoint 'CMS.API.Controllers.LaboratoryController.GetCatalog (CMS.API)'
2026-09-05 22:50:41.216 +03:00 [INF] Executed action CMS.API.Controllers.LaboratoryController.GetWorklist (CMS.API) in 164.8016ms
2026-09-05 22:50:41.224 +03:00 [INF] Executed action CMS.API.Controllers.LaboratoryController.GetCriticals (CMS.API) in 141.3298ms
2026-09-05 22:50:41.214 +03:00 [INF] Executing endpoint 'CMS.API.Controllers.LaboratoryController.GetCatalog (CMS.API)'
2026-09-05 22:50:41.229 +03:00 [INF] Request finished HTTP/1.1 GET http://localhost:5010/api/v1/laboratory/catalog - 200 null application/json; charset=utf-8 204.9908ms
2026-09-05 22:50:41.227 +03:00 [INF] Request starting HTTP/1.1 GET http://localhost:5010/api/v1/laboratory/worklist?date=2026-09-05 - application/json null
2026-09-05 22:50:41.234 +03:00 [INF] Request starting HTTP/1.1 GET http://localhost:5010/api/v1/laboratory/criticals - application/json null
2026-09-05 22:50:41.239 +03:00 [INF] Executed endpoint 'CMS.API.Controllers.LaboratoryController.GetWorklist (CMS.API)'
2026-09-05 22:50:41.241 +03:00 [INF] Executed endpoint 'CMS.API.Controllers.LaboratoryController.GetCriticals (CMS.API)'
2026-09-05 22:50:41.243 +03:00 [INF] Route matched with {action = "GetCatalog", controller = "Laboratory"}. Executing controller action with signature System.Threading.Tasks.Task`1[Microsoft.AspNetCore.Mvc.IActionResult] GetCatalog() on controller CMS.API.Controllers.LaboratoryController (CMS.API).
2026-09-05 22:50:41.257 +03:00 [INF] Executing endpoint 'CMS.API.Controllers.LaboratoryController.GetWorklist (CMS.API)'
2026-09-05 22:50:41.261 +03:00 [INF] Executing endpoint 'CMS.API.Controllers.LaboratoryController.GetCriticals (CMS.API)'
2026-09-05 22:50:41.263 +03:00 [INF] Request finished HTTP/1.1 GET http://localhost:5010/api/v1/laboratory/worklist?date=2026-09-05 - 200 null application/json; charset=utf-8 237.776ms
2026-09-05 22:50:41.266 +03:00 [INF] Request finished HTTP/1.1 GET http://localhost:5010/api/v1/laboratory/criticals - 200 null application/json; charset=utf-8 240.5389ms
2026-09-05 22:50:41.274 +03:00 [INF] Executing OkObjectResult, writing value of type 'CMS.Shared.DTOs.ApiResponse`1[[System.Collections.Generic.List`1[[CMS.Shared.DTOs.LabTestCatalogDto, CMS.Shared, Version=1.0.0.0, Culture=neutral, PublicKeyToken=null]], System.Private.CoreLib, Version=8.0.0.0, Culture=neutral, PublicKeyToken=7cec85d7bea7798e]]'.
2026-09-05 22:50:41.276 +03:00 [INF] Route matched with {action = "GetWorklist", controller = "Laboratory"}. Executing controller action with signature System.Threading.Tasks.Task`1[Microsoft.AspNetCore.Mvc.IActionResult] GetWorklist(System.Nullable`1[System.DateTime], System.Nullable`1[System.Byte]) on controller CMS.API.Controllers.LaboratoryController (CMS.API).
2026-09-05 22:50:41.278 +03:00 [INF] Route matched with {action = "GetCriticals", controller = "Laboratory"}. Executing controller action with signature System.Threading.Tasks.Task`1[Microsoft.AspNetCore.Mvc.IActionResult] GetCriticals() on controller CMS.API.Controllers.LaboratoryController (CMS.API).
2026-09-05 22:50:41.293 +03:00 [INF] Executed action CMS.API.Controllers.LaboratoryController.GetCatalog (CMS.API) in 20.744ms
2026-09-05 22:50:41.300 +03:00 [INF] Executing OkObjectResult, writing value of type 'CMS.Shared.DTOs.ApiResponse`1[[System.Object, System.Private.CoreLib, Version=8.0.0.0, Culture=neutral, PublicKeyToken=7cec85d7bea7798e]]'.
2026-09-05 22:50:41.303 +03:00 [INF] Executing OkObjectResult, writing value of type 'CMS.Shared.DTOs.ApiResponse`1[[System.Object, System.Private.CoreLib, Version=8.0.0.0, Culture=neutral, PublicKeyToken=7cec85d7bea7798e]]'.
2026-09-05 22:50:41.310 +03:00 [INF] Executed action CMS.API.Controllers.LaboratoryController.GetCriticals (CMS.API) in 8.2062ms
2026-09-05 22:50:41.308 +03:00 [INF] Executed action CMS.API.Controllers.LaboratoryController.GetWorklist (CMS.API) in 10.1876ms
2026-09-05 22:50:41.306 +03:00 [INF] Executed endpoint 'CMS.API.Controllers.LaboratoryController.GetCatalog (CMS.API)'
2026-09-05 22:50:41.317 +03:00 [INF] Executed endpoint 'CMS.API.Controllers.LaboratoryController.GetCriticals (CMS.API)'
2026-09-05 22:50:41.320 +03:00 [INF] Executed endpoint 'CMS.API.Controllers.LaboratoryController.GetWorklist (CMS.API)'
2026-09-05 22:50:41.322 +03:00 [INF] Request finished HTTP/1.1 GET http://localhost:5010/api/v1/laboratory/catalog - 200 null application/json; charset=utf-8 209.2448ms
2026-09-05 22:50:41.327 +03:00 [INF] Request finished HTTP/1.1 GET http://localhost:5010/api/v1/laboratory/criticals - 200 null application/json; charset=utf-8 92.9471ms
2026-09-05 22:50:41.333 +03:00 [INF] Request finished HTTP/1.1 GET http://localhost:5010/api/v1/laboratory/worklist?date=2026-09-05 - 200 null application/json; charset=utf-8 105.5887ms
2026-09-05 23:12:29.889 +03:00 [INF] Application is shutting down...
2026-09-05 23:22:27.263 +03:00 [INF] User profile is available. Using 'C:\Users\ASUS\AppData\Local\ASP.NET\DataProtection-Keys' as key repository and Windows DPAPI to encrypt keys at rest.
2026-09-05 23:22:27.483 +03:00 [INF] Now listening on: http://localhost:5010
2026-09-05 23:22:27.486 +03:00 [INF] Application started. Press Ctrl+C to shut down.
2026-09-05 23:22:27.487 +03:00 [INF] Hosting environment: Development
2026-09-05 23:22:27.487 +03:00 [INF] Content root path: C:\Users\ASUS\source\repos\CMS\src\CMS.API
