2026-09-02 11:28:54.230 +03:00 [INF] User profile is available. Using 'C:\Users\ASUS\AppData\Local\ASP.NET\DataProtection-Keys' as key repository and Windows DPAPI to encrypt keys at rest.
2026-09-02 11:28:54.573 +03:00 [ERR] Hosting failed to start
System.IO.IOException: Failed to bind to address http://127.0.0.1:5010: address already in use.
 ---> Microsoft.AspNetCore.Connections.AddressInUseException: Only one usage of each socket address (protocol/network address/port) is normally permitted.
 ---> System.Net.Sockets.SocketException (10048): Only one usage of each socket address (protocol/network address/port) is normally permitted.
   at System.Net.Sockets.Socket.UpdateStatusAfterSocketErrorAndThrowException(SocketError error, Boolean disconnectOnFailure, String callerName)
   at System.Net.Sockets.Socket.DoBind(EndPoint endPointSnapshot, SocketAddress socketAddress)
   at System.Net.Sockets.Socket.Bind(EndPoint localEP)
   at Microsoft.AspNetCore.Server.Kestrel.Transport.Sockets.SocketTransportOptions.CreateDefaultBoundListenSocket(EndPoint endpoint)
   at Microsoft.AspNetCore.Server.Kestrel.Transport.Sockets.SocketConnectionListener.Bind()
   --- End of inner exception stack trace ---
   at Microsoft.AspNetCore.Server.Kestrel.Transport.Sockets.SocketConnectionListener.Bind()
   at Microsoft.AspNetCore.Server.Kestrel.Transport.Sockets.SocketTransportFactory.BindAsync(EndPoint endpoint, CancellationToken cancellationToken)
   at Microsoft.AspNetCore.Server.Kestrel.Core.Internal.Infrastructure.TransportManager.BindAsync(EndPoint endPoint, ConnectionDelegate connectionDelegate, EndpointConfig endpointConfig, CancellationToken cancellationToken)
   at Microsoft.AspNetCore.Server.Kestrel.Core.KestrelServerImpl.<>c__DisplayClass28_0`1.<<StartAsync>g__OnBind|0>d.MoveNext()
--- End of stack trace from previous location ---
   at Microsoft.AspNetCore.Server.Kestrel.Core.Internal.AddressBinder.BindEndpointAsync(ListenOptions endpoint, AddressBindContext context, CancellationToken cancellationToken)
   --- End of inner exception stack trace ---
   at Microsoft.AspNetCore.Server.Kestrel.Core.Internal.AddressBinder.BindEndpointAsync(ListenOptions endpoint, AddressBindContext context, CancellationToken cancellationToken)
   at Microsoft.AspNetCore.Server.Kestrel.Core.LocalhostListenOptions.BindAsync(AddressBindContext context, CancellationToken cancellationToken)
   at Microsoft.AspNetCore.Server.Kestrel.Core.Internal.AddressBinder.AddressesStrategy.BindAsync(AddressBindContext context, CancellationToken cancellationToken)
   at Microsoft.AspNetCore.Server.Kestrel.Core.Internal.AddressBinder.BindAsync(ListenOptions[] listenOptions, AddressBindContext context, Func`2 useHttps, CancellationToken cancellationToken)
   at Microsoft.AspNetCore.Server.Kestrel.Core.KestrelServerImpl.BindAsync(CancellationToken cancellationToken)
   at Microsoft.AspNetCore.Server.Kestrel.Core.KestrelServerImpl.StartAsync[TContext](IHttpApplication`1 application, CancellationToken cancellationToken)
   at Microsoft.AspNetCore.Hosting.GenericWebHostService.StartAsync(CancellationToken cancellationToken)
   at Microsoft.Extensions.Hosting.Internal.Host.<StartAsync>b__15_1(IHostedService service, CancellationToken token)
   at Microsoft.Extensions.Hosting.Internal.Host.ForeachService[T](IEnumerable`1 services, CancellationToken token, Boolean concurrent, Boolean abortOnFirstException, List`1 exceptions, Func`3 operation)
2026-09-02 12:06:31.357 +03:00 [INF] User profile is available. Using 'C:\Users\ASUS\AppData\Local\ASP.NET\DataProtection-Keys' as key repository and Windows DPAPI to encrypt keys at rest.
2026-09-02 12:06:31.579 +03:00 [INF] Now listening on: http://localhost:5010
2026-09-02 12:06:31.586 +03:00 [INF] Application started. Press Ctrl+C to shut down.
2026-09-02 12:06:31.589 +03:00 [INF] Hosting environment: Development
2026-09-02 12:06:31.592 +03:00 [INF] Content root path: C:\Users\ASUS\source\repos\CMS\src\CMS.API
2026-09-02 12:06:43.009 +03:00 [INF] Request starting HTTP/1.1 GET http://localhost:5010/api/v1/dashboard/metrics - null null
2026-09-02 12:06:42.998 +03:00 [INF] Request starting HTTP/1.1 GET http://localhost:5010/api/v1/dashboard/metrics - null null
2026-09-02 12:06:43.487 +03:00 [INF] Failed to validate the token.
Microsoft.IdentityModel.Tokens.SecurityTokenMalformedException: IDX14120: JWT is not well formed, there is only one dot (.).
The token needs to be in JWS or JWE Compact Serialization Format. (JWS): 'EncodedHeader.EncodedPayload.EncodedSignature'. (JWE): 'EncodedProtectedHeader.EncodedEncryptedKey.EncodedInitializationVector.EncodedCiphertext.EncodedAuthenticationTag'.
   at Microsoft.IdentityModel.JsonWebTokens.JsonWebToken.ReadToken(ReadOnlyMemory`1 encodedTokenMemory)
   at Microsoft.IdentityModel.JsonWebTokens.JsonWebToken..ctor(String jwtEncodedString)
   at Microsoft.IdentityModel.JsonWebTokens.JsonWebTokenHandler.ReadToken(String token, TokenValidationParameters validationParameters)
2026-09-02 12:06:43.487 +03:00 [INF] Failed to validate the token.
Microsoft.IdentityModel.Tokens.SecurityTokenMalformedException: IDX14120: JWT is not well formed, there is only one dot (.).
The token needs to be in JWS or JWE Compact Serialization Format. (JWS): 'EncodedHeader.EncodedPayload.EncodedSignature'. (JWE): 'EncodedProtectedHeader.EncodedEncryptedKey.EncodedInitializationVector.EncodedCiphertext.EncodedAuthenticationTag'.
   at Microsoft.IdentityModel.JsonWebTokens.JsonWebToken.ReadToken(ReadOnlyMemory`1 encodedTokenMemory)
   at Microsoft.IdentityModel.JsonWebTokens.JsonWebToken..ctor(String jwtEncodedString)
   at Microsoft.IdentityModel.JsonWebTokens.JsonWebTokenHandler.ReadToken(String token, TokenValidationParameters validationParameters)
2026-09-02 12:06:43.523 +03:00 [INF] Bearer was not authenticated. Failure message: IDX14120: JWT is not well formed, there is only one dot (.).
The token needs to be in JWS or JWE Compact Serialization Format. (JWS): 'EncodedHeader.EncodedPayload.EncodedSignature'. (JWE): 'EncodedProtectedHeader.EncodedEncryptedKey.EncodedInitializationVector.EncodedCiphertext.EncodedAuthenticationTag'.
2026-09-02 12:06:43.526 +03:00 [INF] Bearer was not authenticated. Failure message: IDX14120: JWT is not well formed, there is only one dot (.).
The token needs to be in JWS or JWE Compact Serialization Format. (JWS): 'EncodedHeader.EncodedPayload.EncodedSignature'. (JWE): 'EncodedProtectedHeader.EncodedEncryptedKey.EncodedInitializationVector.EncodedCiphertext.EncodedAuthenticationTag'.
2026-09-02 12:06:43.541 +03:00 [INF] Executing endpoint 'CMS.API.Controllers.DashboardController.GetMetrics (CMS.API)'
2026-09-02 12:06:43.541 +03:00 [INF] Executing endpoint 'CMS.API.Controllers.DashboardController.GetMetrics (CMS.API)'
2026-09-02 12:06:43.587 +03:00 [INF] Route matched with {action = "GetMetrics", controller = "Dashboard"}. Executing controller action with signature System.Threading.Tasks.Task`1[Microsoft.AspNetCore.Mvc.IActionResult] GetMetrics() on controller CMS.API.Controllers.DashboardController (CMS.API).
2026-09-02 12:06:43.587 +03:00 [INF] Route matched with {action = "GetMetrics", controller = "Dashboard"}. Executing controller action with signature System.Threading.Tasks.Task`1[Microsoft.AspNetCore.Mvc.IActionResult] GetMetrics() on controller CMS.API.Controllers.DashboardController (CMS.API).
2026-09-02 12:06:44.955 +03:00 [INF] Executing OkObjectResult, writing value of type 'CMS.Shared.DTOs.ApiResponse`1[[CMS.Shared.DTOs.DashboardMetricsDto, CMS.Shared, Version=1.0.0.0, Culture=neutral, PublicKeyToken=null]]'.
2026-09-02 12:06:44.955 +03:00 [INF] Executing OkObjectResult, writing value of type 'CMS.Shared.DTOs.ApiResponse`1[[CMS.Shared.DTOs.DashboardMetricsDto, CMS.Shared, Version=1.0.0.0, Culture=neutral, PublicKeyToken=null]]'.
2026-09-02 12:06:45.289 +03:00 [INF] Executed action CMS.API.Controllers.DashboardController.GetMetrics (CMS.API) in 1653.6378ms
2026-09-02 12:06:45.289 +03:00 [INF] Executed action CMS.API.Controllers.DashboardController.GetMetrics (CMS.API) in 1643.831ms
2026-09-02 12:06:45.305 +03:00 [INF] Executed endpoint 'CMS.API.Controllers.DashboardController.GetMetrics (CMS.API)'
2026-09-02 12:06:45.310 +03:00 [INF] Executed endpoint 'CMS.API.Controllers.DashboardController.GetMetrics (CMS.API)'
2026-09-02 12:06:45.336 +03:00 [INF] Request finished HTTP/1.1 GET http://localhost:5010/api/v1/dashboard/metrics - 200 null application/json; charset=utf-8 2344.2147ms
2026-09-02 12:06:45.337 +03:00 [INF] Request finished HTTP/1.1 GET http://localhost:5010/api/v1/dashboard/metrics - 200 null application/json; charset=utf-8 2348.5583ms
2026-09-02 12:06:46.342 +03:00 [INF] Request starting HTTP/1.1 GET http://localhost:5010/api/v1/patients/search?q= - application/json null
2026-09-02 12:06:46.361 +03:00 [INF] Failed to validate the token.
Microsoft.IdentityModel.Tokens.SecurityTokenMalformedException: IDX14100: JWT is not well formed, there are no dots (.).
The token needs to be in JWS or JWE Compact Serialization Format. (JWS): 'EncodedHeader.EncodedPayload.EncodedSignature'. (JWE): 'EncodedProtectedHeader.EncodedEncryptedKey.EncodedInitializationVector.EncodedCiphertext.EncodedAuthenticationTag'.
   at Microsoft.IdentityModel.JsonWebTokens.JsonWebToken.ReadToken(ReadOnlyMemory`1 encodedTokenMemory)
   at Microsoft.IdentityModel.JsonWebTokens.JsonWebToken..ctor(String jwtEncodedString)
   at Microsoft.IdentityModel.JsonWebTokens.JsonWebTokenHandler.ReadToken(String token, TokenValidationParameters validationParameters)
2026-09-02 12:06:46.365 +03:00 [INF] Bearer was not authenticated. Failure message: IDX14100: JWT is not well formed, there are no dots (.).
The token needs to be in JWS or JWE Compact Serialization Format. (JWS): 'EncodedHeader.EncodedPayload.EncodedSignature'. (JWE): 'EncodedProtectedHeader.EncodedEncryptedKey.EncodedInitializationVector.EncodedCiphertext.EncodedAuthenticationTag'.
2026-09-02 12:06:46.368 +03:00 [INF] Executing endpoint 'CMS.API.Controllers.PatientsController.Search (CMS.API)'
2026-09-02 12:06:46.394 +03:00 [INF] Route matched with {action = "Search", controller = "Patients"}. Executing controller action with signature System.Threading.Tasks.Task`1[Microsoft.AspNetCore.Mvc.IActionResult] Search(System.String, Int32) on controller CMS.API.Controllers.PatientsController (CMS.API).
2026-09-02 12:06:46.707 +03:00 [INF] Executing BadRequestObjectResult, writing value of type 'Microsoft.AspNetCore.Mvc.ValidationProblemDetails'.
2026-09-02 12:06:46.747 +03:00 [INF] Executed action CMS.API.Controllers.PatientsController.Search (CMS.API) in 348.7355ms
2026-09-02 12:06:46.754 +03:00 [INF] Executed endpoint 'CMS.API.Controllers.PatientsController.Search (CMS.API)'
2026-09-02 12:06:46.756 +03:00 [INF] Request finished HTTP/1.1 GET http://localhost:5010/api/v1/patients/search?q= - 400 null application/problem+json; charset=utf-8 414.0217ms
2026-09-02 12:07:02.096 +03:00 [INF] Request starting HTTP/1.1 GET http://localhost:5010/api/v1/dashboard/metrics - null null
2026-09-02 12:07:02.096 +03:00 [INF] Request starting HTTP/1.1 GET http://localhost:5010/api/v1/dashboard/metrics - null null
2026-09-02 12:07:02.108 +03:00 [INF] Failed to validate the token.
Microsoft.IdentityModel.Tokens.SecurityTokenMalformedException: IDX14120: JWT is not well formed, there is only one dot (.).
The token needs to be in JWS or JWE Compact Serialization Format. (JWS): 'EncodedHeader.EncodedPayload.EncodedSignature'. (JWE): 'EncodedProtectedHeader.EncodedEncryptedKey.EncodedInitializationVector.EncodedCiphertext.EncodedAuthenticationTag'.
   at Microsoft.IdentityModel.JsonWebTokens.JsonWebToken.ReadToken(ReadOnlyMemory`1 encodedTokenMemory)
   at Microsoft.IdentityModel.JsonWebTokens.JsonWebToken..ctor(String jwtEncodedString)
   at Microsoft.IdentityModel.JsonWebTokens.JsonWebTokenHandler.ReadToken(String token, TokenValidationParameters validationParameters)
2026-09-02 12:07:02.437 +03:00 [INF] Failed to validate the token.
Microsoft.IdentityModel.Tokens.SecurityTokenMalformedException: IDX14120: JWT is not well formed, there is only one dot (.).
The token needs to be in JWS or JWE Compact Serialization Format. (JWS): 'EncodedHeader.EncodedPayload.EncodedSignature'. (JWE): 'EncodedProtectedHeader.EncodedEncryptedKey.EncodedInitializationVector.EncodedCiphertext.EncodedAuthenticationTag'.
   at Microsoft.IdentityModel.JsonWebTokens.JsonWebToken.ReadToken(ReadOnlyMemory`1 encodedTokenMemory)
   at Microsoft.IdentityModel.JsonWebTokens.JsonWebToken..ctor(String jwtEncodedString)
   at Microsoft.IdentityModel.JsonWebTokens.JsonWebTokenHandler.ReadToken(String token, TokenValidationParameters validationParameters)
2026-09-02 12:07:02.443 +03:00 [INF] Bearer was not authenticated. Failure message: IDX14120: JWT is not well formed, there is only one dot (.).
The token needs to be in JWS or JWE Compact Serialization Format. (JWS): 'EncodedHeader.EncodedPayload.EncodedSignature'. (JWE): 'EncodedProtectedHeader.EncodedEncryptedKey.EncodedInitializationVector.EncodedCiphertext.EncodedAuthenticationTag'.
2026-09-02 12:07:02.447 +03:00 [INF] Bearer was not authenticated. Failure message: IDX14120: JWT is not well formed, there is only one dot (.).
The token needs to be in JWS or JWE Compact Serialization Format. (JWS): 'EncodedHeader.EncodedPayload.EncodedSignature'. (JWE): 'EncodedProtectedHeader.EncodedEncryptedKey.EncodedInitializationVector.EncodedCiphertext.EncodedAuthenticationTag'.
2026-09-02 12:07:02.450 +03:00 [INF] Executing endpoint 'CMS.API.Controllers.DashboardController.GetMetrics (CMS.API)'
2026-09-02 12:07:02.454 +03:00 [INF] Executing endpoint 'CMS.API.Controllers.DashboardController.GetMetrics (CMS.API)'
2026-09-02 12:07:02.457 +03:00 [INF] Route matched with {action = "GetMetrics", controller = "Dashboard"}. Executing controller action with signature System.Threading.Tasks.Task`1[Microsoft.AspNetCore.Mvc.IActionResult] GetMetrics() on controller CMS.API.Controllers.DashboardController (CMS.API).
2026-09-02 12:07:02.461 +03:00 [INF] Route matched with {action = "GetMetrics", controller = "Dashboard"}. Executing controller action with signature System.Threading.Tasks.Task`1[Microsoft.AspNetCore.Mvc.IActionResult] GetMetrics() on controller CMS.API.Controllers.DashboardController (CMS.API).
2026-09-02 12:07:02.482 +03:00 [INF] Executing OkObjectResult, writing value of type 'CMS.Shared.DTOs.ApiResponse`1[[CMS.Shared.DTOs.DashboardMetricsDto, CMS.Shared, Version=1.0.0.0, Culture=neutral, PublicKeyToken=null]]'.
2026-09-02 12:07:02.484 +03:00 [INF] Executing OkObjectResult, writing value of type 'CMS.Shared.DTOs.ApiResponse`1[[CMS.Shared.DTOs.DashboardMetricsDto, CMS.Shared, Version=1.0.0.0, Culture=neutral, PublicKeyToken=null]]'.
2026-09-02 12:07:02.488 +03:00 [INF] Executed action CMS.API.Controllers.DashboardController.GetMetrics (CMS.API) in 22.0193ms
2026-09-02 12:07:02.503 +03:00 [INF] Executed endpoint 'CMS.API.Controllers.DashboardController.GetMetrics (CMS.API)'
2026-09-02 12:07:02.496 +03:00 [INF] Executed action CMS.API.Controllers.DashboardController.GetMetrics (CMS.API) in 23.0919ms
2026-09-02 12:07:02.509 +03:00 [INF] Request finished HTTP/1.1 GET http://localhost:5010/api/v1/dashboard/metrics - 200 null application/json; charset=utf-8 412.2037ms
2026-09-02 12:07:02.514 +03:00 [INF] Executed endpoint 'CMS.API.Controllers.DashboardController.GetMetrics (CMS.API)'
2026-09-02 12:07:02.528 +03:00 [INF] Request finished HTTP/1.1 GET http://localhost:5010/api/v1/dashboard/metrics - 200 null application/json; charset=utf-8 431.4763ms
2026-09-02 12:07:04.921 +03:00 [INF] Request starting HTTP/1.1 GET http://localhost:5010/api/v1/dashboard/metrics - null null
2026-09-02 12:07:04.944 +03:00 [INF] Failed to validate the token.
Microsoft.IdentityModel.Tokens.SecurityTokenMalformedException: IDX14120: JWT is not well formed, there is only one dot (.).
The token needs to be in JWS or JWE Compact Serialization Format. (JWS): 'EncodedHeader.EncodedPayload.EncodedSignature'. (JWE): 'EncodedProtectedHeader.EncodedEncryptedKey.EncodedInitializationVector.EncodedCiphertext.EncodedAuthenticationTag'.
   at Microsoft.IdentityModel.JsonWebTokens.JsonWebToken.ReadToken(ReadOnlyMemory`1 encodedTokenMemory)
   at Microsoft.IdentityModel.JsonWebTokens.JsonWebToken..ctor(String jwtEncodedString)
   at Microsoft.IdentityModel.JsonWebTokens.JsonWebTokenHandler.ReadToken(String token, TokenValidationParameters validationParameters)
2026-09-02 12:07:04.935 +03:00 [INF] Request starting HTTP/1.1 GET http://localhost:5010/api/v1/dashboard/metrics - null null
2026-09-02 12:07:05.277 +03:00 [INF] Bearer was not authenticated. Failure message: IDX14120: JWT is not well formed, there is only one dot (.).
The token needs to be in JWS or JWE Compact Serialization Format. (JWS): 'EncodedHeader.EncodedPayload.EncodedSignature'. (JWE): 'EncodedProtectedHeader.EncodedEncryptedKey.EncodedInitializationVector.EncodedCiphertext.EncodedAuthenticationTag'.
2026-09-02 12:07:05.329 +03:00 [INF] Failed to validate the token.
Microsoft.IdentityModel.Tokens.SecurityTokenMalformedException: IDX14120: JWT is not well formed, there is only one dot (.).
The token needs to be in JWS or JWE Compact Serialization Format. (JWS): 'EncodedHeader.EncodedPayload.EncodedSignature'. (JWE): 'EncodedProtectedHeader.EncodedEncryptedKey.EncodedInitializationVector.EncodedCiphertext.EncodedAuthenticationTag'.
   at Microsoft.IdentityModel.JsonWebTokens.JsonWebToken.ReadToken(ReadOnlyMemory`1 encodedTokenMemory)
   at Microsoft.IdentityModel.JsonWebTokens.JsonWebToken..ctor(String jwtEncodedString)
   at Microsoft.IdentityModel.JsonWebTokens.JsonWebTokenHandler.ReadToken(String token, TokenValidationParameters validationParameters)
2026-09-02 12:07:05.348 +03:00 [INF] Executing endpoint 'CMS.API.Controllers.DashboardController.GetMetrics (CMS.API)'
2026-09-02 12:07:05.370 +03:00 [INF] Bearer was not authenticated. Failure message: IDX14120: JWT is not well formed, there is only one dot (.).
The token needs to be in JWS or JWE Compact Serialization Format. (JWS): 'EncodedHeader.EncodedPayload.EncodedSignature'. (JWE): 'EncodedProtectedHeader.EncodedEncryptedKey.EncodedInitializationVector.EncodedCiphertext.EncodedAuthenticationTag'.
2026-09-02 12:07:05.391 +03:00 [INF] Route matched with {action = "GetMetrics", controller = "Dashboard"}. Executing controller action with signature System.Threading.Tasks.Task`1[Microsoft.AspNetCore.Mvc.IActionResult] GetMetrics() on controller CMS.API.Controllers.DashboardController (CMS.API).
2026-09-02 12:07:05.395 +03:00 [INF] Executing endpoint 'CMS.API.Controllers.DashboardController.GetMetrics (CMS.API)'
2026-09-02 12:07:05.419 +03:00 [INF] Route matched with {action = "GetMetrics", controller = "Dashboard"}. Executing controller action with signature System.Threading.Tasks.Task`1[Microsoft.AspNetCore.Mvc.IActionResult] GetMetrics() on controller CMS.API.Controllers.DashboardController (CMS.API).
2026-09-02 12:07:05.545 +03:00 [INF] Executing OkObjectResult, writing value of type 'CMS.Shared.DTOs.ApiResponse`1[[CMS.Shared.DTOs.DashboardMetricsDto, CMS.Shared, Version=1.0.0.0, Culture=neutral, PublicKeyToken=null]]'.
2026-09-02 12:07:05.558 +03:00 [INF] Executing OkObjectResult, writing value of type 'CMS.Shared.DTOs.ApiResponse`1[[CMS.Shared.DTOs.DashboardMetricsDto, CMS.Shared, Version=1.0.0.0, Culture=neutral, PublicKeyToken=null]]'.
2026-09-02 12:07:05.581 +03:00 [INF] Executed action CMS.API.Controllers.DashboardController.GetMetrics (CMS.API) in 176.7017ms
2026-09-02 12:07:05.575 +03:00 [INF] Executed action CMS.API.Controllers.DashboardController.GetMetrics (CMS.API) in 146.0431ms
2026-09-02 12:07:05.594 +03:00 [INF] Executed endpoint 'CMS.API.Controllers.DashboardController.GetMetrics (CMS.API)'
2026-09-02 12:07:05.600 +03:00 [INF] Executed endpoint 'CMS.API.Controllers.DashboardController.GetMetrics (CMS.API)'
2026-09-02 12:07:05.604 +03:00 [INF] Request finished HTTP/1.1 GET http://localhost:5010/api/v1/dashboard/metrics - 200 null application/json; charset=utf-8 682.5547ms
2026-09-02 12:07:05.611 +03:00 [INF] Request finished HTTP/1.1 GET http://localhost:5010/api/v1/dashboard/metrics - 200 null application/json; charset=utf-8 675.657ms
2026-09-02 12:07:13.679 +03:00 [INF] Request starting HTTP/1.1 GET http://localhost:5010/api/v1/patients/search - application/json null
2026-09-02 12:07:13.690 +03:00 [INF] Request starting HTTP/1.1 GET http://localhost:5010/api/v1/encounters/patient/1 - application/json null
2026-09-02 12:07:13.697 +03:00 [INF] Request starting HTTP/1.1 GET http://localhost:5010/api/v1/medicalcertificates/patient/1 - application/json null
2026-09-02 12:07:13.859 +03:00 [INF] Failed to validate the token.
Microsoft.IdentityModel.Tokens.SecurityTokenMalformedException: IDX14100: JWT is not well formed, there are no dots (.).
The token needs to be in JWS or JWE Compact Serialization Format. (JWS): 'EncodedHeader.EncodedPayload.EncodedSignature'. (JWE): 'EncodedProtectedHeader.EncodedEncryptedKey.EncodedInitializationVector.EncodedCiphertext.EncodedAuthenticationTag'.
   at Microsoft.IdentityModel.JsonWebTokens.JsonWebToken.ReadToken(ReadOnlyMemory`1 encodedTokenMemory)
   at Microsoft.IdentityModel.JsonWebTokens.JsonWebToken..ctor(String jwtEncodedString)
   at Microsoft.IdentityModel.JsonWebTokens.JsonWebTokenHandler.ReadToken(String token, TokenValidationParameters validationParameters)
2026-09-02 12:07:14.224 +03:00 [INF] Failed to validate the token.
Microsoft.IdentityModel.Tokens.SecurityTokenMalformedException: IDX14100: JWT is not well formed, there are no dots (.).
The token needs to be in JWS or JWE Compact Serialization Format. (JWS): 'EncodedHeader.EncodedPayload.EncodedSignature'. (JWE): 'EncodedProtectedHeader.EncodedEncryptedKey.EncodedInitializationVector.EncodedCiphertext.EncodedAuthenticationTag'.
   at Microsoft.IdentityModel.JsonWebTokens.JsonWebToken.ReadToken(ReadOnlyMemory`1 encodedTokenMemory)
   at Microsoft.IdentityModel.JsonWebTokens.JsonWebToken..ctor(String jwtEncodedString)
   at Microsoft.IdentityModel.JsonWebTokens.JsonWebTokenHandler.ReadToken(String token, TokenValidationParameters validationParameters)
2026-09-02 12:07:14.267 +03:00 [INF] Bearer was not authenticated. Failure message: IDX14100: JWT is not well formed, there are no dots (.).
The token needs to be in JWS or JWE Compact Serialization Format. (JWS): 'EncodedHeader.EncodedPayload.EncodedSignature'. (JWE): 'EncodedProtectedHeader.EncodedEncryptedKey.EncodedInitializationVector.EncodedCiphertext.EncodedAuthenticationTag'.
2026-09-02 12:07:14.256 +03:00 [INF] Bearer was not authenticated. Failure message: IDX14100: JWT is not well formed, there are no dots (.).
The token needs to be in JWS or JWE Compact Serialization Format. (JWS): 'EncodedHeader.EncodedPayload.EncodedSignature'. (JWE): 'EncodedProtectedHeader.EncodedEncryptedKey.EncodedInitializationVector.EncodedCiphertext.EncodedAuthenticationTag'.
2026-09-02 12:07:14.247 +03:00 [INF] Failed to validate the token.
Microsoft.IdentityModel.Tokens.SecurityTokenMalformedException: IDX14100: JWT is not well formed, there are no dots (.).
The token needs to be in JWS or JWE Compact Serialization Format. (JWS): 'EncodedHeader.EncodedPayload.EncodedSignature'. (JWE): 'EncodedProtectedHeader.EncodedEncryptedKey.EncodedInitializationVector.EncodedCiphertext.EncodedAuthenticationTag'.
   at Microsoft.IdentityModel.JsonWebTokens.JsonWebToken.ReadToken(ReadOnlyMemory`1 encodedTokenMemory)
   at Microsoft.IdentityModel.JsonWebTokens.JsonWebToken..ctor(String jwtEncodedString)
   at Microsoft.IdentityModel.JsonWebTokens.JsonWebTokenHandler.ReadToken(String token, TokenValidationParameters validationParameters)
2026-09-02 12:07:14.540 +03:00 [INF] Executing endpoint 'CMS.API.Controllers.EncountersController.GetPatientEncounters (CMS.API)'
2026-09-02 12:07:14.542 +03:00 [INF] Executing endpoint 'CMS.API.Controllers.PatientsController.Search (CMS.API)'
2026-09-02 12:07:14.547 +03:00 [INF] Bearer was not authenticated. Failure message: IDX14100: JWT is not well formed, there are no dots (.).
The token needs to be in JWS or JWE Compact Serialization Format. (JWS): 'EncodedHeader.EncodedPayload.EncodedSignature'. (JWE): 'EncodedProtectedHeader.EncodedEncryptedKey.EncodedInitializationVector.EncodedCiphertext.EncodedAuthenticationTag'.
2026-09-02 12:07:14.561 +03:00 [INF] Route matched with {action = "Search", controller = "Patients"}. Executing controller action with signature System.Threading.Tasks.Task`1[Microsoft.AspNetCore.Mvc.IActionResult] Search(System.String, Int32) on controller CMS.API.Controllers.PatientsController (CMS.API).
2026-09-02 12:07:14.576 +03:00 [INF] Route matched with {action = "GetPatientEncounters", controller = "Encounters"}. Executing controller action with signature System.Threading.Tasks.Task`1[Microsoft.AspNetCore.Mvc.IActionResult] GetPatientEncounters(Int32) on controller CMS.API.Controllers.EncountersController (CMS.API).
2026-09-02 12:07:14.596 +03:00 [INF] Executing endpoint 'CMS.API.Controllers.MedicalCertificatesController.GetPatientCertificates (CMS.API)'
2026-09-02 12:07:14.613 +03:00 [INF] Executing BadRequestObjectResult, writing value of type 'Microsoft.AspNetCore.Mvc.ValidationProblemDetails'.
2026-09-02 12:07:14.706 +03:00 [INF] Executed action CMS.API.Controllers.PatientsController.Search (CMS.API) in 99.9541ms
2026-09-02 12:07:14.691 +03:00 [INF] Executed action CMS.API.Controllers.EncountersController.GetPatientEncounters (CMS.API) in 73.3867ms
2026-09-02 12:07:14.789 +03:00 [INF] Executed endpoint 'CMS.API.Controllers.EncountersController.GetPatientEncounters (CMS.API)'
2026-09-02 12:07:14.731 +03:00 [INF] Route matched with {action = "GetPatientCertificates", controller = "MedicalCertificates"}. Executing controller action with signature System.Threading.Tasks.Task`1[Microsoft.AspNetCore.Mvc.IActionResult] GetPatientCertificates(Int32) on controller CMS.API.Controllers.MedicalCertificatesController (CMS.API).
2026-09-02 12:07:14.784 +03:00 [INF] Executed endpoint 'CMS.API.Controllers.PatientsController.Search (CMS.API)'
2026-09-02 12:07:14.725 +03:00 [INF] Request starting HTTP/1.1 GET http://localhost:5010/api/v1/patients/search - application/json null
2026-09-02 12:07:14.793 +03:00 [ERR] Unhandled exception encountered: Incorrect syntax near the keyword 'Plan'.
Microsoft.Data.SqlClient.SqlException (0x80131904): Incorrect syntax near the keyword 'Plan'.
   at Microsoft.Data.SqlClient.SqlCommand.<>c.<ExecuteDbDataReaderAsync>b__211_0(Task`1 result)
   at System.Threading.Tasks.ContinuationResultTaskFromResultTask`2.InnerInvoke()
   at System.Threading.ExecutionContext.RunInternal(ExecutionContext executionContext, ContextCallback callback, Object state)
--- End of stack trace from previous location ---
   at System.Threading.ExecutionContext.RunInternal(ExecutionContext executionContext, ContextCallback callback, Object state)
   at System.Threading.Tasks.Task.ExecuteWithThreadLocal(Task& currentTaskSlot, Thread threadPoolThread)
--- End of stack trace from previous location ---
   at Dapper.SqlMapper.QueryAsync[T](IDbConnection cnn, Type effectiveType, CommandDefinition command) in /_/Dapper/SqlMapper.Async.cs:line 434
   at CMS.Application.Encounters.EncounterService.GetPatientEncountersAsync(Byte tenantId, Int32 patientId) in C:\Users\ASUS\source\repos\CMS\src\CMS.Application\Encounters\EncounterService.cs:line 56
   at CMS.API.Controllers.EncountersController.GetPatientEncounters(Int32 patientId) in C:\Users\ASUS\source\repos\CMS\src\CMS.API\Controllers\ClinicalControllers.cs:line 97
   at Microsoft.AspNetCore.Mvc.Infrastructure.ActionMethodExecutor.TaskOfIActionResultExecutor.Execute(ActionContext actionContext, IActionResultTypeMapper mapper, ObjectMethodExecutor executor, Object controller, Object[] arguments)
   at Microsoft.AspNetCore.Mvc.Infrastructure.ControllerActionInvoker.<InvokeActionMethodAsync>g__Awaited|12_0(ControllerActionInvoker invoker, ValueTask`1 actionResultValueTask)
   at Microsoft.AspNetCore.Mvc.Infrastructure.ControllerActionInvoker.<InvokeNextActionFilterAsync>g__Awaited|10_0(ControllerActionInvoker invoker, Task lastTask, State next, Scope scope, Object state, Boolean isCompleted)
   at Microsoft.AspNetCore.Mvc.Infrastructure.ControllerActionInvoker.Rethrow(ActionExecutedContextSealed context)
   at Microsoft.AspNetCore.Mvc.Infrastructure.ControllerActionInvoker.Next(State& next, Scope& scope, Object& state, Boolean& isCompleted)
   at Microsoft.AspNetCore.Mvc.Infrastructure.ControllerActionInvoker.<InvokeInnerFilterAsync>g__Awaited|13_0(ControllerActionInvoker invoker, Task lastTask, State next, Scope scope, Object state, Boolean isCompleted)
   at Microsoft.AspNetCore.Mvc.Infrastructure.ResourceInvoker.<InvokeFilterPipelineAsync>g__Awaited|20_0(ResourceInvoker invoker, Task lastTask, State next, Scope scope, Object state, Boolean isCompleted)
   at Microsoft.AspNetCore.Mvc.Infrastructure.ResourceInvoker.<InvokeAsync>g__Logged|17_1(ResourceInvoker invoker)
   at Microsoft.AspNetCore.Mvc.Infrastructure.ResourceInvoker.<InvokeAsync>g__Logged|17_1(ResourceInvoker invoker)
   at Microsoft.AspNetCore.Routing.EndpointMiddleware.<Invoke>g__AwaitRequestTask|7_0(Endpoint endpoint, Task requestTask, ILogger logger)
   at Microsoft.AspNetCore.Authorization.AuthorizationMiddleware.Invoke(HttpContext context)
   at Microsoft.AspNetCore.Authentication.AuthenticationMiddleware.Invoke(HttpContext context)
   at Swashbuckle.AspNetCore.SwaggerUI.SwaggerUIMiddleware.Invoke(HttpContext httpContext)
   at Swashbuckle.AspNetCore.Swagger.SwaggerMiddleware.Invoke(HttpContext httpContext, ISwaggerProvider swaggerProvider)
   at CMS.API.Middleware.TenantMiddleware.InvokeAsync(HttpContext context) in C:\Users\ASUS\source\repos\CMS\src\CMS.API\Middleware\Middlewares.cs:line 26
   at CMS.API.Middleware.ExceptionMiddleware.InvokeAsync(HttpContext context) in C:\Users\ASUS\source\repos\CMS\src\CMS.API\Middleware\Middlewares.cs:line 45
ClientConnectionId:0e6eb47e-32b6-40d9-8e79-44f713ec0a23
Error Number:156,State:1,Class:15
2026-09-02 12:07:14.811 +03:00 [INF] Request finished HTTP/1.1 GET http://localhost:5010/api/v1/patients/search - 400 null application/problem+json; charset=utf-8 1132.0021ms
2026-09-02 12:07:14.838 +03:00 [INF] Failed to validate the token.
Microsoft.IdentityModel.Tokens.SecurityTokenMalformedException: IDX14100: JWT is not well formed, there are no dots (.).
The token needs to be in JWS or JWE Compact Serialization Format. (JWS): 'EncodedHeader.EncodedPayload.EncodedSignature'. (JWE): 'EncodedProtectedHeader.EncodedEncryptedKey.EncodedInitializationVector.EncodedCiphertext.EncodedAuthenticationTag'.
   at Microsoft.IdentityModel.JsonWebTokens.JsonWebToken.ReadToken(ReadOnlyMemory`1 encodedTokenMemory)
   at Microsoft.IdentityModel.JsonWebTokens.JsonWebToken..ctor(String jwtEncodedString)
   at Microsoft.IdentityModel.JsonWebTokens.JsonWebTokenHandler.ReadToken(String token, TokenValidationParameters validationParameters)
2026-09-02 12:07:15.810 +03:00 [INF] Executing OkObjectResult, writing value of type 'CMS.Shared.DTOs.ApiResponse`1[[System.Collections.Generic.List`1[[CMS.Shared.DTOs.MedicalCertificateDto, CMS.Shared, Version=1.0.0.0, Culture=neutral, PublicKeyToken=null]], System.Private.CoreLib, Version=8.0.0.0, Culture=neutral, PublicKeyToken=7cec85d7bea7798e]]'.
2026-09-02 12:07:17.413 +03:00 [INF] Request finished HTTP/1.1 GET http://localhost:5010/api/v1/encounters/patient/1 - 500 null application/json 3721.6478ms
2026-09-02 12:07:17.446 +03:00 [INF] Bearer was not authenticated. Failure message: IDX14100: JWT is not well formed, there are no dots (.).
The token needs to be in JWS or JWE Compact Serialization Format. (JWS): 'EncodedHeader.EncodedPayload.EncodedSignature'. (JWE): 'EncodedProtectedHeader.EncodedEncryptedKey.EncodedInitializationVector.EncodedCiphertext.EncodedAuthenticationTag'.
2026-09-02 12:07:17.464 +03:00 [INF] Executed action CMS.API.Controllers.MedicalCertificatesController.GetPatientCertificates (CMS.API) in 2665.964ms
2026-09-02 12:07:17.477 +03:00 [INF] Executing endpoint 'CMS.API.Controllers.PatientsController.Search (CMS.API)'
2026-09-02 12:07:17.479 +03:00 [INF] Executed endpoint 'CMS.API.Controllers.MedicalCertificatesController.GetPatientCertificates (CMS.API)'
2026-09-02 12:07:17.481 +03:00 [INF] Route matched with {action = "Search", controller = "Patients"}. Executing controller action with signature System.Threading.Tasks.Task`1[Microsoft.AspNetCore.Mvc.IActionResult] Search(System.String, Int32) on controller CMS.API.Controllers.PatientsController (CMS.API).
2026-09-02 12:07:17.484 +03:00 [INF] Request finished HTTP/1.1 GET http://localhost:5010/api/v1/medicalcertificates/patient/1 - 200 null application/json; charset=utf-8 3786.3598ms
2026-09-02 12:07:17.490 +03:00 [INF] Executing BadRequestObjectResult, writing value of type 'Microsoft.AspNetCore.Mvc.ValidationProblemDetails'.
2026-09-02 12:07:17.498 +03:00 [INF] Executed action CMS.API.Controllers.PatientsController.Search (CMS.API) in 9.3066ms
2026-09-02 12:07:17.504 +03:00 [INF] Executed endpoint 'CMS.API.Controllers.PatientsController.Search (CMS.API)'
2026-09-02 12:07:17.506 +03:00 [INF] Request finished HTTP/1.1 GET http://localhost:5010/api/v1/patients/search - 400 null application/problem+json; charset=utf-8 2781.1223ms
2026-09-02 12:07:17.599 +03:00 [INF] Request starting HTTP/1.1 GET http://localhost:5010/api/v1/appointments/doctor/1?date=2026-09-02 - application/json null
2026-09-02 12:07:17.599 +03:00 [INF] Request starting HTTP/1.1 GET http://localhost:5010/api/v1/staff/doctors - application/json null
2026-09-02 12:07:17.605 +03:00 [INF] Failed to validate the token.
Microsoft.IdentityModel.Tokens.SecurityTokenMalformedException: IDX14100: JWT is not well formed, there are no dots (.).
The token needs to be in JWS or JWE Compact Serialization Format. (JWS): 'EncodedHeader.EncodedPayload.EncodedSignature'. (JWE): 'EncodedProtectedHeader.EncodedEncryptedKey.EncodedInitializationVector.EncodedCiphertext.EncodedAuthenticationTag'.
   at Microsoft.IdentityModel.JsonWebTokens.JsonWebToken.ReadToken(ReadOnlyMemory`1 encodedTokenMemory)
   at Microsoft.IdentityModel.JsonWebTokens.JsonWebToken..ctor(String jwtEncodedString)
   at Microsoft.IdentityModel.JsonWebTokens.JsonWebTokenHandler.ReadToken(String token, TokenValidationParameters validationParameters)
2026-09-02 12:07:17.609 +03:00 [INF] Failed to validate the token.
Microsoft.IdentityModel.Tokens.SecurityTokenMalformedException: IDX14100: JWT is not well formed, there are no dots (.).
The token needs to be in JWS or JWE Compact Serialization Format. (JWS): 'EncodedHeader.EncodedPayload.EncodedSignature'. (JWE): 'EncodedProtectedHeader.EncodedEncryptedKey.EncodedInitializationVector.EncodedCiphertext.EncodedAuthenticationTag'.
   at Microsoft.IdentityModel.JsonWebTokens.JsonWebToken.ReadToken(ReadOnlyMemory`1 encodedTokenMemory)
   at Microsoft.IdentityModel.JsonWebTokens.JsonWebToken..ctor(String jwtEncodedString)
   at Microsoft.IdentityModel.JsonWebTokens.JsonWebTokenHandler.ReadToken(String token, TokenValidationParameters validationParameters)
2026-09-02 12:07:17.615 +03:00 [INF] Bearer was not authenticated. Failure message: IDX14100: JWT is not well formed, there are no dots (.).
The token needs to be in JWS or JWE Compact Serialization Format. (JWS): 'EncodedHeader.EncodedPayload.EncodedSignature'. (JWE): 'EncodedProtectedHeader.EncodedEncryptedKey.EncodedInitializationVector.EncodedCiphertext.EncodedAuthenticationTag'.
2026-09-02 12:07:17.612 +03:00 [INF] Bearer was not authenticated. Failure message: IDX14100: JWT is not well formed, there are no dots (.).
The token needs to be in JWS or JWE Compact Serialization Format. (JWS): 'EncodedHeader.EncodedPayload.EncodedSignature'. (JWE): 'EncodedProtectedHeader.EncodedEncryptedKey.EncodedInitializationVector.EncodedCiphertext.EncodedAuthenticationTag'.
2026-09-02 12:07:17.618 +03:00 [INF] Executing endpoint 'CMS.API.Controllers.StaffController.GetDoctors (CMS.API)'
2026-09-02 12:07:17.620 +03:00 [INF] Executing endpoint 'CMS.API.Controllers.AppointmentsController.GetDoctorAppointments (CMS.API)'
2026-09-02 12:07:17.630 +03:00 [INF] Route matched with {action = "GetDoctors", controller = "Staff"}. Executing controller action with signature System.Threading.Tasks.Task`1[Microsoft.AspNetCore.Mvc.IActionResult] GetDoctors() on controller CMS.API.Controllers.StaffController (CMS.API).
2026-09-02 12:07:17.637 +03:00 [INF] Route matched with {action = "GetDoctorAppointments", controller = "Appointments"}. Executing controller action with signature System.Threading.Tasks.Task`1[Microsoft.AspNetCore.Mvc.IActionResult] GetDoctorAppointments(Int32, System.DateTime) on controller CMS.API.Controllers.AppointmentsController (CMS.API).
2026-09-02 12:07:17.718 +03:00 [INF] Executed action CMS.API.Controllers.AppointmentsController.GetDoctorAppointments (CMS.API) in 77.0729ms
2026-09-02 12:07:17.725 +03:00 [INF] Executed endpoint 'CMS.API.Controllers.AppointmentsController.GetDoctorAppointments (CMS.API)'
2026-09-02 12:07:17.754 +03:00 [ERR] Unhandled exception encountered: A parameterless default constructor or one matching signature (System.Int32 Id, System.Int32 PatientId, System.String PatientName, System.Int32 DoctorId, System.String DoctorName, System.DateTime SlotDateTime, System.Byte DurationMinutes, System.Byte StatusId, System.String StatusName, System.String ReasonForVisit) is required for CMS.Shared.DTOs.AppointmentDto materialization
System.InvalidOperationException: A parameterless default constructor or one matching signature (System.Int32 Id, System.Int32 PatientId, System.String PatientName, System.Int32 DoctorId, System.String DoctorName, System.DateTime SlotDateTime, System.Byte DurationMinutes, System.Byte StatusId, System.String StatusName, System.String ReasonForVisit) is required for CMS.Shared.DTOs.AppointmentDto materialization
   at Dapper.SqlMapper.GenerateDeserializerFromMap(Type type, DbDataReader reader, Int32 startBound, Int32 length, Boolean returnNullIfFirstMissing, ILGenerator il) in /_/Dapper/SqlMapper.cs:line 3473
   at Dapper.SqlMapper.GetTypeDeserializerImpl(Type type, DbDataReader reader, Int32 startBound, Int32 length, Boolean returnNullIfFirstMissing) in /_/Dapper/SqlMapper.cs:line 3304
   at Dapper.SqlMapper.TypeDeserializerCache.GetReader(DbDataReader reader, Int32 startBound, Int32 length, Boolean returnNullIfFirstMissing) in /_/Dapper/SqlMapper.TypeDeserializerCache.cs:line 151
   at Dapper.SqlMapper.TypeDeserializerCache.GetReader(Type type, DbDataReader reader, Int32 startBound, Int32 length, Boolean returnNullIfFirstMissing) in /_/Dapper/SqlMapper.TypeDeserializerCache.cs:line 50
   at Dapper.SqlMapper.GetTypeDeserializer(Type type, DbDataReader reader, Int32 startBound, Int32 length, Boolean returnNullIfFirstMissing) in /_/Dapper/SqlMapper.cs:line 3258
   at Dapper.SqlMapper.GetDeserializer(Type type, DbDataReader reader, Int32 startBound, Int32 length, Boolean returnNullIfFirstMissing) in /_/Dapper/SqlMapper.cs:line 1945
   at Dapper.SqlMapper.QueryAsync[T](IDbConnection cnn, Type effectiveType, CommandDefinition command) in /_/Dapper/SqlMapper.Async.cs:line 442
   at CMS.Application.Appointments.AppointmentService.GetDoctorAppointmentsAsync(Byte tenantId, Int32 doctorId, DateTime date) in C:\Users\ASUS\source\repos\CMS\src\CMS.Application\Appointments\AppointmentService.cs:line 55
   at CMS.API.Controllers.AppointmentsController.GetDoctorAppointments(Int32 doctorId, DateTime date) in C:\Users\ASUS\source\repos\CMS\src\CMS.API\Controllers\ClinicalControllers.cs:line 60
   at Microsoft.AspNetCore.Mvc.Infrastructure.ActionMethodExecutor.TaskOfIActionResultExecutor.Execute(ActionContext actionContext, IActionResultTypeMapper mapper, ObjectMethodExecutor executor, Object controller, Object[] arguments)
   at Microsoft.AspNetCore.Mvc.Infrastructure.ControllerActionInvoker.<InvokeActionMethodAsync>g__Awaited|12_0(ControllerActionInvoker invoker, ValueTask`1 actionResultValueTask)
   at Microsoft.AspNetCore.Mvc.Infrastructure.ControllerActionInvoker.<InvokeNextActionFilterAsync>g__Awaited|10_0(ControllerActionInvoker invoker, Task lastTask, State next, Scope scope, Object state, Boolean isCompleted)
   at Microsoft.AspNetCore.Mvc.Infrastructure.ControllerActionInvoker.Rethrow(ActionExecutedContextSealed context)
   at Microsoft.AspNetCore.Mvc.Infrastructure.ControllerActionInvoker.Next(State& next, Scope& scope, Object& state, Boolean& isCompleted)
   at Microsoft.AspNetCore.Mvc.Infrastructure.ControllerActionInvoker.<InvokeInnerFilterAsync>g__Awaited|13_0(ControllerActionInvoker invoker, Task lastTask, State next, Scope scope, Object state, Boolean isCompleted)
   at Microsoft.AspNetCore.Mvc.Infrastructure.ResourceInvoker.<InvokeFilterPipelineAsync>g__Awaited|20_0(ResourceInvoker invoker, Task lastTask, State next, Scope scope, Object state, Boolean isCompleted)
   at Microsoft.AspNetCore.Mvc.Infrastructure.ResourceInvoker.<InvokeAsync>g__Logged|17_1(ResourceInvoker invoker)
   at Microsoft.AspNetCore.Mvc.Infrastructure.ResourceInvoker.<InvokeAsync>g__Logged|17_1(ResourceInvoker invoker)
   at Microsoft.AspNetCore.Routing.EndpointMiddleware.<Invoke>g__AwaitRequestTask|7_0(Endpoint endpoint, Task requestTask, ILogger logger)
   at Microsoft.AspNetCore.Authorization.AuthorizationMiddleware.Invoke(HttpContext context)
   at Microsoft.AspNetCore.Authentication.AuthenticationMiddleware.Invoke(HttpContext context)
   at Swashbuckle.AspNetCore.SwaggerUI.SwaggerUIMiddleware.Invoke(HttpContext httpContext)
   at Swashbuckle.AspNetCore.Swagger.SwaggerMiddleware.Invoke(HttpContext httpContext, ISwaggerProvider swaggerProvider)
   at CMS.API.Middleware.TenantMiddleware.InvokeAsync(HttpContext context) in C:\Users\ASUS\source\repos\CMS\src\CMS.API\Middleware\Middlewares.cs:line 26
   at CMS.API.Middleware.ExceptionMiddleware.InvokeAsync(HttpContext context) in C:\Users\ASUS\source\repos\CMS\src\CMS.API\Middleware\Middlewares.cs:line 45
2026-09-02 12:07:17.766 +03:00 [INF] Executing OkObjectResult, writing value of type 'CMS.Shared.DTOs.ApiResponse`1[[System.Collections.Generic.List`1[[CMS.Shared.DTOs.DoctorDto, CMS.Shared, Version=1.0.0.0, Culture=neutral, PublicKeyToken=null]], System.Private.CoreLib, Version=8.0.0.0, Culture=neutral, PublicKeyToken=7cec85d7bea7798e]]'.
2026-09-02 12:07:17.767 +03:00 [INF] Request starting HTTP/1.1 GET http://localhost:5010/api/v1/encounters/patient/1 - application/json null
2026-09-02 12:07:17.789 +03:00 [INF] Request starting HTTP/1.1 GET http://localhost:5010/api/v1/medicalcertificates/patient/1 - application/json null
2026-09-02 12:07:17.827 +03:00 [INF] Request finished HTTP/1.1 GET http://localhost:5010/api/v1/appointments/doctor/1?date=2026-09-02 - 500 null application/json 227.8206ms
2026-09-02 12:07:17.869 +03:00 [INF] Executed action CMS.API.Controllers.StaffController.GetDoctors (CMS.API) in 234.1298ms
2026-09-02 12:07:17.915 +03:00 [INF] Failed to validate the token.
Microsoft.IdentityModel.Tokens.SecurityTokenMalformedException: IDX14100: JWT is not well formed, there are no dots (.).
The token needs to be in JWS or JWE Compact Serialization Format. (JWS): 'EncodedHeader.EncodedPayload.EncodedSignature'. (JWE): 'EncodedProtectedHeader.EncodedEncryptedKey.EncodedInitializationVector.EncodedCiphertext.EncodedAuthenticationTag'.
   at Microsoft.IdentityModel.JsonWebTokens.JsonWebToken.ReadToken(ReadOnlyMemory`1 encodedTokenMemory)
   at Microsoft.IdentityModel.JsonWebTokens.JsonWebToken..ctor(String jwtEncodedString)
   at Microsoft.IdentityModel.JsonWebTokens.JsonWebTokenHandler.ReadToken(String token, TokenValidationParameters validationParameters)
2026-09-02 12:07:17.928 +03:00 [INF] Failed to validate the token.
Microsoft.IdentityModel.Tokens.SecurityTokenMalformedException: IDX14100: JWT is not well formed, there are no dots (.).
The token needs to be in JWS or JWE Compact Serialization Format. (JWS): 'EncodedHeader.EncodedPayload.EncodedSignature'. (JWE): 'EncodedProtectedHeader.EncodedEncryptedKey.EncodedInitializationVector.EncodedCiphertext.EncodedAuthenticationTag'.
   at Microsoft.IdentityModel.JsonWebTokens.JsonWebToken.ReadToken(ReadOnlyMemory`1 encodedTokenMemory)
   at Microsoft.IdentityModel.JsonWebTokens.JsonWebToken..ctor(String jwtEncodedString)
   at Microsoft.IdentityModel.JsonWebTokens.JsonWebTokenHandler.ReadToken(String token, TokenValidationParameters validationParameters)
2026-09-02 12:07:17.945 +03:00 [INF] Executed endpoint 'CMS.API.Controllers.StaffController.GetDoctors (CMS.API)'
2026-09-02 12:07:17.952 +03:00 [INF] Bearer was not authenticated. Failure message: IDX14100: JWT is not well formed, there are no dots (.).
The token needs to be in JWS or JWE Compact Serialization Format. (JWS): 'EncodedHeader.EncodedPayload.EncodedSignature'. (JWE): 'EncodedProtectedHeader.EncodedEncryptedKey.EncodedInitializationVector.EncodedCiphertext.EncodedAuthenticationTag'.
2026-09-02 12:07:17.958 +03:00 [INF] Bearer was not authenticated. Failure message: IDX14100: JWT is not well formed, there are no dots (.).
The token needs to be in JWS or JWE Compact Serialization Format. (JWS): 'EncodedHeader.EncodedPayload.EncodedSignature'. (JWE): 'EncodedProtectedHeader.EncodedEncryptedKey.EncodedInitializationVector.EncodedCiphertext.EncodedAuthenticationTag'.
2026-09-02 12:07:17.962 +03:00 [INF] Request finished HTTP/1.1 GET http://localhost:5010/api/v1/staff/doctors - 200 null application/json; charset=utf-8 362.9838ms
2026-09-02 12:07:17.967 +03:00 [INF] Executing endpoint 'CMS.API.Controllers.EncountersController.GetPatientEncounters (CMS.API)'
2026-09-02 12:07:17.971 +03:00 [INF] Executing endpoint 'CMS.API.Controllers.MedicalCertificatesController.GetPatientCertificates (CMS.API)'
2026-09-02 12:07:17.990 +03:00 [INF] Route matched with {action = "GetPatientEncounters", controller = "Encounters"}. Executing controller action with signature System.Threading.Tasks.Task`1[Microsoft.AspNetCore.Mvc.IActionResult] GetPatientEncounters(Int32) on controller CMS.API.Controllers.EncountersController (CMS.API).
2026-09-02 12:07:17.994 +03:00 [INF] Route matched with {action = "GetPatientCertificates", controller = "MedicalCertificates"}. Executing controller action with signature System.Threading.Tasks.Task`1[Microsoft.AspNetCore.Mvc.IActionResult] GetPatientCertificates(Int32) on controller CMS.API.Controllers.MedicalCertificatesController (CMS.API).
2026-09-02 12:07:18.009 +03:00 [INF] Executed action CMS.API.Controllers.EncountersController.GetPatientEncounters (CMS.API) in 6.1538ms
2026-09-02 12:07:18.017 +03:00 [INF] Executing OkObjectResult, writing value of type 'CMS.Shared.DTOs.ApiResponse`1[[System.Collections.Generic.List`1[[CMS.Shared.DTOs.MedicalCertificateDto, CMS.Shared, Version=1.0.0.0, Culture=neutral, PublicKeyToken=null]], System.Private.CoreLib, Version=8.0.0.0, Culture=neutral, PublicKeyToken=7cec85d7bea7798e]]'.
2026-09-02 12:07:18.021 +03:00 [INF] Executed endpoint 'CMS.API.Controllers.EncountersController.GetPatientEncounters (CMS.API)'
2026-09-02 12:07:18.043 +03:00 [INF] Executed action CMS.API.Controllers.MedicalCertificatesController.GetPatientCertificates (CMS.API) in 31.3049ms
2026-09-02 12:07:18.054 +03:00 [ERR] Unhandled exception encountered: Incorrect syntax near the keyword 'Plan'.
Microsoft.Data.SqlClient.SqlException (0x80131904): Incorrect syntax near the keyword 'Plan'.
   at Microsoft.Data.SqlClient.SqlCommand.<>c.<ExecuteDbDataReaderAsync>b__211_0(Task`1 result)
   at System.Threading.Tasks.ContinuationResultTaskFromResultTask`2.InnerInvoke()
   at System.Threading.ExecutionContext.RunInternal(ExecutionContext executionContext, ContextCallback callback, Object state)
--- End of stack trace from previous location ---
   at System.Threading.ExecutionContext.RunInternal(ExecutionContext executionContext, ContextCallback callback, Object state)
   at System.Threading.Tasks.Task.ExecuteWithThreadLocal(Task& currentTaskSlot, Thread threadPoolThread)
--- End of stack trace from previous location ---
   at Dapper.SqlMapper.QueryAsync[T](IDbConnection cnn, Type effectiveType, CommandDefinition command) in /_/Dapper/SqlMapper.Async.cs:line 434
   at CMS.Application.Encounters.EncounterService.GetPatientEncountersAsync(Byte tenantId, Int32 patientId) in C:\Users\ASUS\source\repos\CMS\src\CMS.Application\Encounters\EncounterService.cs:line 56
   at CMS.API.Controllers.EncountersController.GetPatientEncounters(Int32 patientId) in C:\Users\ASUS\source\repos\CMS\src\CMS.API\Controllers\ClinicalControllers.cs:line 97
   at Microsoft.AspNetCore.Mvc.Infrastructure.ActionMethodExecutor.TaskOfIActionResultExecutor.Execute(ActionContext actionContext, IActionResultTypeMapper mapper, ObjectMethodExecutor executor, Object controller, Object[] arguments)
   at Microsoft.AspNetCore.Mvc.Infrastructure.ControllerActionInvoker.<InvokeActionMethodAsync>g__Awaited|12_0(ControllerActionInvoker invoker, ValueTask`1 actionResultValueTask)
   at Microsoft.AspNetCore.Mvc.Infrastructure.ControllerActionInvoker.<InvokeNextActionFilterAsync>g__Awaited|10_0(ControllerActionInvoker invoker, Task lastTask, State next, Scope scope, Object state, Boolean isCompleted)
   at Microsoft.AspNetCore.Mvc.Infrastructure.ControllerActionInvoker.Rethrow(ActionExecutedContextSealed context)
   at Microsoft.AspNetCore.Mvc.Infrastructure.ControllerActionInvoker.Next(State& next, Scope& scope, Object& state, Boolean& isCompleted)
   at Microsoft.AspNetCore.Mvc.Infrastructure.ControllerActionInvoker.<InvokeInnerFilterAsync>g__Awaited|13_0(ControllerActionInvoker invoker, Task lastTask, State next, Scope scope, Object state, Boolean isCompleted)
   at Microsoft.AspNetCore.Mvc.Infrastructure.ResourceInvoker.<InvokeFilterPipelineAsync>g__Awaited|20_0(ResourceInvoker invoker, Task lastTask, State next, Scope scope, Object state, Boolean isCompleted)
   at Microsoft.AspNetCore.Mvc.Infrastructure.ResourceInvoker.<InvokeAsync>g__Logged|17_1(ResourceInvoker invoker)
   at Microsoft.AspNetCore.Mvc.Infrastructure.ResourceInvoker.<InvokeAsync>g__Logged|17_1(ResourceInvoker invoker)
   at Microsoft.AspNetCore.Routing.EndpointMiddleware.<Invoke>g__AwaitRequestTask|7_0(Endpoint endpoint, Task requestTask, ILogger logger)
   at Microsoft.AspNetCore.Authorization.AuthorizationMiddleware.Invoke(HttpContext context)
   at Microsoft.AspNetCore.Authentication.AuthenticationMiddleware.Invoke(HttpContext context)
   at Swashbuckle.AspNetCore.SwaggerUI.SwaggerUIMiddleware.Invoke(HttpContext httpContext)
   at Swashbuckle.AspNetCore.Swagger.SwaggerMiddleware.Invoke(HttpContext httpContext, ISwaggerProvider swaggerProvider)
   at CMS.API.Middleware.TenantMiddleware.InvokeAsync(HttpContext context) in C:\Users\ASUS\source\repos\CMS\src\CMS.API\Middleware\Middlewares.cs:line 26
   at CMS.API.Middleware.ExceptionMiddleware.InvokeAsync(HttpContext context) in C:\Users\ASUS\source\repos\CMS\src\CMS.API\Middleware\Middlewares.cs:line 45
ClientConnectionId:0e6eb47e-32b6-40d9-8e79-44f713ec0a23
Error Number:156,State:1,Class:15
2026-09-02 12:07:18.059 +03:00 [INF] Executed endpoint 'CMS.API.Controllers.MedicalCertificatesController.GetPatientCertificates (CMS.API)'
2026-09-02 12:07:18.156 +03:00 [INF] Request starting HTTP/1.1 GET http://localhost:5010/api/v1/appointments/doctor/1?date=2026-09-02 - application/json null
2026-09-02 12:07:18.223 +03:00 [INF] Request starting HTTP/1.1 GET http://localhost:5010/api/v1/staff/doctors - application/json null
2026-09-02 12:07:18.240 +03:00 [INF] Request finished HTTP/1.1 GET http://localhost:5010/api/v1/encounters/patient/1 - 500 null application/json 473.4534ms
2026-09-02 12:07:18.241 +03:00 [INF] Request finished HTTP/1.1 GET http://localhost:5010/api/v1/medicalcertificates/patient/1 - 200 null application/json; charset=utf-8 452.3054ms
2026-09-02 12:07:18.253 +03:00 [INF] Failed to validate the token.
Microsoft.IdentityModel.Tokens.SecurityTokenMalformedException: IDX14100: JWT is not well formed, there are no dots (.).
The token needs to be in JWS or JWE Compact Serialization Format. (JWS): 'EncodedHeader.EncodedPayload.EncodedSignature'. (JWE): 'EncodedProtectedHeader.EncodedEncryptedKey.EncodedInitializationVector.EncodedCiphertext.EncodedAuthenticationTag'.
   at Microsoft.IdentityModel.JsonWebTokens.JsonWebToken.ReadToken(ReadOnlyMemory`1 encodedTokenMemory)
   at Microsoft.IdentityModel.JsonWebTokens.JsonWebToken..ctor(String jwtEncodedString)
   at Microsoft.IdentityModel.JsonWebTokens.JsonWebTokenHandler.ReadToken(String token, TokenValidationParameters validationParameters)
2026-09-02 12:07:18.260 +03:00 [INF] Failed to validate the token.
Microsoft.IdentityModel.Tokens.SecurityTokenMalformedException: IDX14100: JWT is not well formed, there are no dots (.).
The token needs to be in JWS or JWE Compact Serialization Format. (JWS): 'EncodedHeader.EncodedPayload.EncodedSignature'. (JWE): 'EncodedProtectedHeader.EncodedEncryptedKey.EncodedInitializationVector.EncodedCiphertext.EncodedAuthenticationTag'.
   at Microsoft.IdentityModel.JsonWebTokens.JsonWebToken.ReadToken(ReadOnlyMemory`1 encodedTokenMemory)
   at Microsoft.IdentityModel.JsonWebTokens.JsonWebToken..ctor(String jwtEncodedString)
   at Microsoft.IdentityModel.JsonWebTokens.JsonWebTokenHandler.ReadToken(String token, TokenValidationParameters validationParameters)
2026-09-02 12:07:18.283 +03:00 [INF] Bearer was not authenticated. Failure message: IDX14100: JWT is not well formed, there are no dots (.).
The token needs to be in JWS or JWE Compact Serialization Format. (JWS): 'EncodedHeader.EncodedPayload.EncodedSignature'. (JWE): 'EncodedProtectedHeader.EncodedEncryptedKey.EncodedInitializationVector.EncodedCiphertext.EncodedAuthenticationTag'.
2026-09-02 12:07:18.287 +03:00 [INF] Bearer was not authenticated. Failure message: IDX14100: JWT is not well formed, there are no dots (.).
The token needs to be in JWS or JWE Compact Serialization Format. (JWS): 'EncodedHeader.EncodedPayload.EncodedSignature'. (JWE): 'EncodedProtectedHeader.EncodedEncryptedKey.EncodedInitializationVector.EncodedCiphertext.EncodedAuthenticationTag'.
2026-09-02 12:07:18.291 +03:00 [INF] Executing endpoint 'CMS.API.Controllers.AppointmentsController.GetDoctorAppointments (CMS.API)'
2026-09-02 12:07:18.294 +03:00 [INF] Executing endpoint 'CMS.API.Controllers.StaffController.GetDoctors (CMS.API)'
2026-09-02 12:07:18.297 +03:00 [INF] Route matched with {action = "GetDoctorAppointments", controller = "Appointments"}. Executing controller action with signature System.Threading.Tasks.Task`1[Microsoft.AspNetCore.Mvc.IActionResult] GetDoctorAppointments(Int32, System.DateTime) on controller CMS.API.Controllers.AppointmentsController (CMS.API).
2026-09-02 12:07:18.300 +03:00 [INF] Route matched with {action = "GetDoctors", controller = "Staff"}. Executing controller action with signature System.Threading.Tasks.Task`1[Microsoft.AspNetCore.Mvc.IActionResult] GetDoctors() on controller CMS.API.Controllers.StaffController (CMS.API).
2026-09-02 12:07:18.311 +03:00 [INF] Executed action CMS.API.Controllers.AppointmentsController.GetDoctorAppointments (CMS.API) in 6.2493ms
2026-09-02 12:07:18.333 +03:00 [INF] Executed endpoint 'CMS.API.Controllers.AppointmentsController.GetDoctorAppointments (CMS.API)'
2026-09-02 12:07:18.333 +03:00 [INF] Executing OkObjectResult, writing value of type 'CMS.Shared.DTOs.ApiResponse`1[[System.Collections.Generic.List`1[[CMS.Shared.DTOs.DoctorDto, CMS.Shared, Version=1.0.0.0, Culture=neutral, PublicKeyToken=null]], System.Private.CoreLib, Version=8.0.0.0, Culture=neutral, PublicKeyToken=7cec85d7bea7798e]]'.
2026-09-02 12:07:18.343 +03:00 [ERR] Unhandled exception encountered: A parameterless default constructor or one matching signature (System.Int32 Id, System.Int32 PatientId, System.String PatientName, System.Int32 DoctorId, System.String DoctorName, System.DateTime SlotDateTime, System.Byte DurationMinutes, System.Byte StatusId, System.String StatusName, System.String ReasonForVisit) is required for CMS.Shared.DTOs.AppointmentDto materialization
System.InvalidOperationException: A parameterless default constructor or one matching signature (System.Int32 Id, System.Int32 PatientId, System.String PatientName, System.Int32 DoctorId, System.String DoctorName, System.DateTime SlotDateTime, System.Byte DurationMinutes, System.Byte StatusId, System.String StatusName, System.String ReasonForVisit) is required for CMS.Shared.DTOs.AppointmentDto materialization
   at Dapper.SqlMapper.GenerateDeserializerFromMap(Type type, DbDataReader reader, Int32 startBound, Int32 length, Boolean returnNullIfFirstMissing, ILGenerator il) in /_/Dapper/SqlMapper.cs:line 3473
   at Dapper.SqlMapper.GetTypeDeserializerImpl(Type type, DbDataReader reader, Int32 startBound, Int32 length, Boolean returnNullIfFirstMissing) in /_/Dapper/SqlMapper.cs:line 3304
   at Dapper.SqlMapper.TypeDeserializerCache.GetReader(DbDataReader reader, Int32 startBound, Int32 length, Boolean returnNullIfFirstMissing) in /_/Dapper/SqlMapper.TypeDeserializerCache.cs:line 151
   at Dapper.SqlMapper.TypeDeserializerCache.GetReader(Type type, DbDataReader reader, Int32 startBound, Int32 length, Boolean returnNullIfFirstMissing) in /_/Dapper/SqlMapper.TypeDeserializerCache.cs:line 50
   at Dapper.SqlMapper.GetTypeDeserializer(Type type, DbDataReader reader, Int32 startBound, Int32 length, Boolean returnNullIfFirstMissing) in /_/Dapper/SqlMapper.cs:line 3258
   at Dapper.SqlMapper.GetDeserializer(Type type, DbDataReader reader, Int32 startBound, Int32 length, Boolean returnNullIfFirstMissing) in /_/Dapper/SqlMapper.cs:line 1945
   at Dapper.SqlMapper.QueryAsync[T](IDbConnection cnn, Type effectiveType, CommandDefinition command) in /_/Dapper/SqlMapper.Async.cs:line 442
   at CMS.Application.Appointments.AppointmentService.GetDoctorAppointmentsAsync(Byte tenantId, Int32 doctorId, DateTime date) in C:\Users\ASUS\source\repos\CMS\src\CMS.Application\Appointments\AppointmentService.cs:line 55
   at CMS.API.Controllers.AppointmentsController.GetDoctorAppointments(Int32 doctorId, DateTime date) in C:\Users\ASUS\source\repos\CMS\src\CMS.API\Controllers\ClinicalControllers.cs:line 60
   at Microsoft.AspNetCore.Mvc.Infrastructure.ActionMethodExecutor.TaskOfIActionResultExecutor.Execute(ActionContext actionContext, IActionResultTypeMapper mapper, ObjectMethodExecutor executor, Object controller, Object[] arguments)
   at Microsoft.AspNetCore.Mvc.Infrastructure.ControllerActionInvoker.<InvokeActionMethodAsync>g__Awaited|12_0(ControllerActionInvoker invoker, ValueTask`1 actionResultValueTask)
   at Microsoft.AspNetCore.Mvc.Infrastructure.ControllerActionInvoker.<InvokeNextActionFilterAsync>g__Awaited|10_0(ControllerActionInvoker invoker, Task lastTask, State next, Scope scope, Object state, Boolean isCompleted)
   at Microsoft.AspNetCore.Mvc.Infrastructure.ControllerActionInvoker.Rethrow(ActionExecutedContextSealed context)
   at Microsoft.AspNetCore.Mvc.Infrastructure.ControllerActionInvoker.Next(State& next, Scope& scope, Object& state, Boolean& isCompleted)
   at Microsoft.AspNetCore.Mvc.Infrastructure.ControllerActionInvoker.<InvokeInnerFilterAsync>g__Awaited|13_0(ControllerActionInvoker invoker, Task lastTask, State next, Scope scope, Object state, Boolean isCompleted)
   at Microsoft.AspNetCore.Mvc.Infrastructure.ResourceInvoker.<InvokeFilterPipelineAsync>g__Awaited|20_0(ResourceInvoker invoker, Task lastTask, State next, Scope scope, Object state, Boolean isCompleted)
   at Microsoft.AspNetCore.Mvc.Infrastructure.ResourceInvoker.<InvokeAsync>g__Logged|17_1(ResourceInvoker invoker)
   at Microsoft.AspNetCore.Mvc.Infrastructure.ResourceInvoker.<InvokeAsync>g__Logged|17_1(ResourceInvoker invoker)
   at Microsoft.AspNetCore.Routing.EndpointMiddleware.<Invoke>g__AwaitRequestTask|7_0(Endpoint endpoint, Task requestTask, ILogger logger)
   at Microsoft.AspNetCore.Authorization.AuthorizationMiddleware.Invoke(HttpContext context)
   at Microsoft.AspNetCore.Authentication.AuthenticationMiddleware.Invoke(HttpContext context)
   at Swashbuckle.AspNetCore.SwaggerUI.SwaggerUIMiddleware.Invoke(HttpContext httpContext)
   at Swashbuckle.AspNetCore.Swagger.SwaggerMiddleware.Invoke(HttpContext httpContext, ISwaggerProvider swaggerProvider)
   at CMS.API.Middleware.TenantMiddleware.InvokeAsync(HttpContext context) in C:\Users\ASUS\source\repos\CMS\src\CMS.API\Middleware\Middlewares.cs:line 26
   at CMS.API.Middleware.ExceptionMiddleware.InvokeAsync(HttpContext context) in C:\Users\ASUS\source\repos\CMS\src\CMS.API\Middleware\Middlewares.cs:line 45
2026-09-02 12:07:18.346 +03:00 [INF] Executed action CMS.API.Controllers.StaffController.GetDoctors (CMS.API) in 32.5502ms
2026-09-02 12:07:18.368 +03:00 [INF] Request finished HTTP/1.1 GET http://localhost:5010/api/v1/appointments/doctor/1?date=2026-09-02 - 500 null application/json 212.1581ms
2026-09-02 12:07:18.372 +03:00 [INF] Executed endpoint 'CMS.API.Controllers.StaffController.GetDoctors (CMS.API)'
2026-09-02 12:07:18.387 +03:00 [INF] Request finished HTTP/1.1 GET http://localhost:5010/api/v1/staff/doctors - 200 null application/json; charset=utf-8 164.6605ms
2026-09-02 12:07:24.082 +03:00 [INF] Request starting HTTP/1.1 GET http://localhost:5010/api/v1/queue/live - application/json null
2026-09-02 12:07:24.082 +03:00 [INF] Request starting HTTP/1.1 GET http://localhost:5010/api/v1/queue/counters - application/json null
2026-09-02 12:07:24.090 +03:00 [INF] Failed to validate the token.
Microsoft.IdentityModel.Tokens.SecurityTokenMalformedException: IDX14100: JWT is not well formed, there are no dots (.).
The token needs to be in JWS or JWE Compact Serialization Format. (JWS): 'EncodedHeader.EncodedPayload.EncodedSignature'. (JWE): 'EncodedProtectedHeader.EncodedEncryptedKey.EncodedInitializationVector.EncodedCiphertext.EncodedAuthenticationTag'.
   at Microsoft.IdentityModel.JsonWebTokens.JsonWebToken.ReadToken(ReadOnlyMemory`1 encodedTokenMemory)
   at Microsoft.IdentityModel.JsonWebTokens.JsonWebToken..ctor(String jwtEncodedString)
   at Microsoft.IdentityModel.JsonWebTokens.JsonWebTokenHandler.ReadToken(String token, TokenValidationParameters validationParameters)
2026-09-02 12:07:24.102 +03:00 [INF] Bearer was not authenticated. Failure message: IDX14100: JWT is not well formed, there are no dots (.).
The token needs to be in JWS or JWE Compact Serialization Format. (JWS): 'EncodedHeader.EncodedPayload.EncodedSignature'. (JWE): 'EncodedProtectedHeader.EncodedEncryptedKey.EncodedInitializationVector.EncodedCiphertext.EncodedAuthenticationTag'.
2026-09-02 12:07:24.097 +03:00 [INF] Failed to validate the token.
Microsoft.IdentityModel.Tokens.SecurityTokenMalformedException: IDX14100: JWT is not well formed, there are no dots (.).
The token needs to be in JWS or JWE Compact Serialization Format. (JWS): 'EncodedHeader.EncodedPayload.EncodedSignature'. (JWE): 'EncodedProtectedHeader.EncodedEncryptedKey.EncodedInitializationVector.EncodedCiphertext.EncodedAuthenticationTag'.
   at Microsoft.IdentityModel.JsonWebTokens.JsonWebToken.ReadToken(ReadOnlyMemory`1 encodedTokenMemory)
   at Microsoft.IdentityModel.JsonWebTokens.JsonWebToken..ctor(String jwtEncodedString)
   at Microsoft.IdentityModel.JsonWebTokens.JsonWebTokenHandler.ReadToken(String token, TokenValidationParameters validationParameters)
2026-09-02 12:07:24.108 +03:00 [INF] Executing endpoint 'CMS.API.Controllers.QueueController.GetLiveQueue (CMS.API)'
2026-09-02 12:07:24.110 +03:00 [INF] Bearer was not authenticated. Failure message: IDX14100: JWT is not well formed, there are no dots (.).
The token needs to be in JWS or JWE Compact Serialization Format. (JWS): 'EncodedHeader.EncodedPayload.EncodedSignature'. (JWE): 'EncodedProtectedHeader.EncodedEncryptedKey.EncodedInitializationVector.EncodedCiphertext.EncodedAuthenticationTag'.
2026-09-02 12:07:24.119 +03:00 [INF] Executing endpoint 'CMS.API.Controllers.QueueController.GetCounters (CMS.API)'
2026-09-02 12:07:24.122 +03:00 [INF] Route matched with {action = "GetLiveQueue", controller = "Queue"}. Executing controller action with signature System.Threading.Tasks.Task`1[Microsoft.AspNetCore.Mvc.IActionResult] GetLiveQueue() on controller CMS.API.Controllers.QueueController (CMS.API).
2026-09-02 12:07:24.128 +03:00 [INF] Route matched with {action = "GetCounters", controller = "Queue"}. Executing controller action with signature System.Threading.Tasks.Task`1[Microsoft.AspNetCore.Mvc.IActionResult] GetCounters() on controller CMS.API.Controllers.QueueController (CMS.API).
2026-09-02 12:07:24.175 +03:00 [INF] Executing OkObjectResult, writing value of type 'CMS.Shared.DTOs.ApiResponse`1[[System.Collections.Generic.List`1[[CMS.Shared.DTOs.PatientQueueDto, CMS.Shared, Version=1.0.0.0, Culture=neutral, PublicKeyToken=null]], System.Private.CoreLib, Version=8.0.0.0, Culture=neutral, PublicKeyToken=7cec85d7bea7798e]]'.
2026-09-02 12:07:24.188 +03:00 [INF] Executed action CMS.API.Controllers.QueueController.GetLiveQueue (CMS.API) in 59.0521ms
2026-09-02 12:07:24.199 +03:00 [INF] Executing OkObjectResult, writing value of type 'CMS.Shared.DTOs.ApiResponse`1[[System.Collections.Generic.List`1[[CMS.Shared.DTOs.ServiceCounterDto, CMS.Shared, Version=1.0.0.0, Culture=neutral, PublicKeyToken=null]], System.Private.CoreLib, Version=8.0.0.0, Culture=neutral, PublicKeyToken=7cec85d7bea7798e]]'.
2026-09-02 12:07:24.204 +03:00 [INF] Executed endpoint 'CMS.API.Controllers.QueueController.GetLiveQueue (CMS.API)'
2026-09-02 12:07:24.214 +03:00 [INF] Request finished HTTP/1.1 GET http://localhost:5010/api/v1/queue/live - 200 null application/json; charset=utf-8 132.5389ms
2026-09-02 12:07:24.211 +03:00 [INF] Executed action CMS.API.Controllers.QueueController.GetCounters (CMS.API) in 32.379ms
2026-09-02 12:07:24.227 +03:00 [INF] Executed endpoint 'CMS.API.Controllers.QueueController.GetCounters (CMS.API)'
2026-09-02 12:07:24.230 +03:00 [INF] Request finished HTTP/1.1 GET http://localhost:5010/api/v1/queue/counters - 200 null application/json; charset=utf-8 147.3224ms
2026-09-02 12:07:24.348 +03:00 [INF] Request starting HTTP/1.1 GET http://localhost:5010/api/v1/queue/live - application/json null
2026-09-02 12:07:24.353 +03:00 [INF] Failed to validate the token.
Microsoft.IdentityModel.Tokens.SecurityTokenMalformedException: IDX14100: JWT is not well formed, there are no dots (.).
The token needs to be in JWS or JWE Compact Serialization Format. (JWS): 'EncodedHeader.EncodedPayload.EncodedSignature'. (JWE): 'EncodedProtectedHeader.EncodedEncryptedKey.EncodedInitializationVector.EncodedCiphertext.EncodedAuthenticationTag'.
   at Microsoft.IdentityModel.JsonWebTokens.JsonWebToken.ReadToken(ReadOnlyMemory`1 encodedTokenMemory)
   at Microsoft.IdentityModel.JsonWebTokens.JsonWebToken..ctor(String jwtEncodedString)
   at Microsoft.IdentityModel.JsonWebTokens.JsonWebTokenHandler.ReadToken(String token, TokenValidationParameters validationParameters)
2026-09-02 12:07:24.356 +03:00 [INF] Bearer was not authenticated. Failure message: IDX14100: JWT is not well formed, there are no dots (.).
The token needs to be in JWS or JWE Compact Serialization Format. (JWS): 'EncodedHeader.EncodedPayload.EncodedSignature'. (JWE): 'EncodedProtectedHeader.EncodedEncryptedKey.EncodedInitializationVector.EncodedCiphertext.EncodedAuthenticationTag'.
2026-09-02 12:07:24.358 +03:00 [INF] Executing endpoint 'CMS.API.Controllers.QueueController.GetLiveQueue (CMS.API)'
2026-09-02 12:07:24.359 +03:00 [INF] Route matched with {action = "GetLiveQueue", controller = "Queue"}. Executing controller action with signature System.Threading.Tasks.Task`1[Microsoft.AspNetCore.Mvc.IActionResult] GetLiveQueue() on controller CMS.API.Controllers.QueueController (CMS.API).
2026-09-02 12:07:24.364 +03:00 [INF] Executing OkObjectResult, writing value of type 'CMS.Shared.DTOs.ApiResponse`1[[System.Collections.Generic.List`1[[CMS.Shared.DTOs.PatientQueueDto, CMS.Shared, Version=1.0.0.0, Culture=neutral, PublicKeyToken=null]], System.Private.CoreLib, Version=8.0.0.0, Culture=neutral, PublicKeyToken=7cec85d7bea7798e]]'.
2026-09-02 12:07:24.369 +03:00 [INF] Executed action CMS.API.Controllers.QueueController.GetLiveQueue (CMS.API) in 7.0338ms
2026-09-02 12:07:24.374 +03:00 [INF] Executed endpoint 'CMS.API.Controllers.QueueController.GetLiveQueue (CMS.API)'
2026-09-02 12:07:24.375 +03:00 [INF] Request finished HTTP/1.1 GET http://localhost:5010/api/v1/queue/live - 200 null application/json; charset=utf-8 26.6348ms
2026-09-02 12:07:24.502 +03:00 [INF] Request starting HTTP/1.1 GET http://localhost:5010/api/v1/queue/counters - application/json null
2026-09-02 12:07:24.510 +03:00 [INF] Failed to validate the token.
Microsoft.IdentityModel.Tokens.SecurityTokenMalformedException: IDX14100: JWT is not well formed, there are no dots (.).
The token needs to be in JWS or JWE Compact Serialization Format. (JWS): 'EncodedHeader.EncodedPayload.EncodedSignature'. (JWE): 'EncodedProtectedHeader.EncodedEncryptedKey.EncodedInitializationVector.EncodedCiphertext.EncodedAuthenticationTag'.
   at Microsoft.IdentityModel.JsonWebTokens.JsonWebToken.ReadToken(ReadOnlyMemory`1 encodedTokenMemory)
   at Microsoft.IdentityModel.JsonWebTokens.JsonWebToken..ctor(String jwtEncodedString)
   at Microsoft.IdentityModel.JsonWebTokens.JsonWebTokenHandler.ReadToken(String token, TokenValidationParameters validationParameters)
2026-09-02 12:07:24.513 +03:00 [INF] Bearer was not authenticated. Failure message: IDX14100: JWT is not well formed, there are no dots (.).
The token needs to be in JWS or JWE Compact Serialization Format. (JWS): 'EncodedHeader.EncodedPayload.EncodedSignature'. (JWE): 'EncodedProtectedHeader.EncodedEncryptedKey.EncodedInitializationVector.EncodedCiphertext.EncodedAuthenticationTag'.
2026-09-02 12:07:24.518 +03:00 [INF] Executing endpoint 'CMS.API.Controllers.QueueController.GetCounters (CMS.API)'
2026-09-02 12:07:24.520 +03:00 [INF] Route matched with {action = "GetCounters", controller = "Queue"}. Executing controller action with signature System.Threading.Tasks.Task`1[Microsoft.AspNetCore.Mvc.IActionResult] GetCounters() on controller CMS.API.Controllers.QueueController (CMS.API).
2026-09-02 12:07:24.525 +03:00 [INF] Executing OkObjectResult, writing value of type 'CMS.Shared.DTOs.ApiResponse`1[[System.Collections.Generic.List`1[[CMS.Shared.DTOs.ServiceCounterDto, CMS.Shared, Version=1.0.0.0, Culture=neutral, PublicKeyToken=null]], System.Private.CoreLib, Version=8.0.0.0, Culture=neutral, PublicKeyToken=7cec85d7bea7798e]]'.
2026-09-02 12:07:24.528 +03:00 [INF] Executed action CMS.API.Controllers.QueueController.GetCounters (CMS.API) in 4.5357ms
2026-09-02 12:07:24.538 +03:00 [INF] Executed endpoint 'CMS.API.Controllers.QueueController.GetCounters (CMS.API)'
2026-09-02 12:07:24.540 +03:00 [INF] Request finished HTTP/1.1 GET http://localhost:5010/api/v1/queue/counters - 200 null application/json; charset=utf-8 37.3878ms
2026-09-02 12:07:57.529 +03:00 [INF] Request starting HTTP/1.1 GET http://localhost:5010/api/v1/laboratory/catalog - application/json null
2026-09-02 12:07:57.542 +03:00 [INF] Failed to validate the token.
Microsoft.IdentityModel.Tokens.SecurityTokenMalformedException: IDX14100: JWT is not well formed, there are no dots (.).
The token needs to be in JWS or JWE Compact Serialization Format. (JWS): 'EncodedHeader.EncodedPayload.EncodedSignature'. (JWE): 'EncodedProtectedHeader.EncodedEncryptedKey.EncodedInitializationVector.EncodedCiphertext.EncodedAuthenticationTag'.
   at Microsoft.IdentityModel.JsonWebTokens.JsonWebToken.ReadToken(ReadOnlyMemory`1 encodedTokenMemory)
   at Microsoft.IdentityModel.JsonWebTokens.JsonWebToken..ctor(String jwtEncodedString)
   at Microsoft.IdentityModel.JsonWebTokens.JsonWebTokenHandler.ReadToken(String token, TokenValidationParameters validationParameters)
2026-09-02 12:07:57.562 +03:00 [INF] Bearer was not authenticated. Failure message: IDX14100: JWT is not well formed, there are no dots (.).
The token needs to be in JWS or JWE Compact Serialization Format. (JWS): 'EncodedHeader.EncodedPayload.EncodedSignature'. (JWE): 'EncodedProtectedHeader.EncodedEncryptedKey.EncodedInitializationVector.EncodedCiphertext.EncodedAuthenticationTag'.
2026-09-02 12:07:57.570 +03:00 [INF] Executing endpoint 'CMS.API.Controllers.LaboratoryController.GetCatalog (CMS.API)'
2026-09-02 12:07:57.591 +03:00 [INF] Route matched with {action = "GetCatalog", controller = "Laboratory"}. Executing controller action with signature System.Threading.Tasks.Task`1[Microsoft.AspNetCore.Mvc.IActionResult] GetCatalog() on controller CMS.API.Controllers.LaboratoryController (CMS.API).
2026-09-02 12:07:57.703 +03:00 [INF] Executing OkObjectResult, writing value of type 'CMS.Shared.DTOs.ApiResponse`1[[System.Collections.Generic.List`1[[CMS.Shared.DTOs.LabTestCatalogDto, CMS.Shared, Version=1.0.0.0, Culture=neutral, PublicKeyToken=null]], System.Private.CoreLib, Version=8.0.0.0, Culture=neutral, PublicKeyToken=7cec85d7bea7798e]]'.
2026-09-02 12:07:57.712 +03:00 [INF] Executed action CMS.API.Controllers.LaboratoryController.GetCatalog (CMS.API) in 38.1532ms
2026-09-02 12:07:57.718 +03:00 [INF] Executed endpoint 'CMS.API.Controllers.LaboratoryController.GetCatalog (CMS.API)'
2026-09-02 12:07:57.720 +03:00 [INF] Request finished HTTP/1.1 GET http://localhost:5010/api/v1/laboratory/catalog - 200 null application/json; charset=utf-8 190.6269ms
2026-09-02 12:07:57.860 +03:00 [INF] Request starting HTTP/1.1 GET http://localhost:5010/api/v1/laboratory/worklist - application/json null
2026-09-02 12:07:57.861 +03:00 [INF] Request starting HTTP/1.1 GET http://localhost:5010/api/v1/laboratory/criticals - application/json null
2026-09-02 12:07:57.890 +03:00 [INF] Failed to validate the token.
Microsoft.IdentityModel.Tokens.SecurityTokenMalformedException: IDX14100: JWT is not well formed, there are no dots (.).
The token needs to be in JWS or JWE Compact Serialization Format. (JWS): 'EncodedHeader.EncodedPayload.EncodedSignature'. (JWE): 'EncodedProtectedHeader.EncodedEncryptedKey.EncodedInitializationVector.EncodedCiphertext.EncodedAuthenticationTag'.
   at Microsoft.IdentityModel.JsonWebTokens.JsonWebToken.ReadToken(ReadOnlyMemory`1 encodedTokenMemory)
   at Microsoft.IdentityModel.JsonWebTokens.JsonWebToken..ctor(String jwtEncodedString)
   at Microsoft.IdentityModel.JsonWebTokens.JsonWebTokenHandler.ReadToken(String token, TokenValidationParameters validationParameters)
2026-09-02 12:07:57.905 +03:00 [INF] Failed to validate the token.
Microsoft.IdentityModel.Tokens.SecurityTokenMalformedException: IDX14100: JWT is not well formed, there are no dots (.).
The token needs to be in JWS or JWE Compact Serialization Format. (JWS): 'EncodedHeader.EncodedPayload.EncodedSignature'. (JWE): 'EncodedProtectedHeader.EncodedEncryptedKey.EncodedInitializationVector.EncodedCiphertext.EncodedAuthenticationTag'.
   at Microsoft.IdentityModel.JsonWebTokens.JsonWebToken.ReadToken(ReadOnlyMemory`1 encodedTokenMemory)
   at Microsoft.IdentityModel.JsonWebTokens.JsonWebToken..ctor(String jwtEncodedString)
   at Microsoft.IdentityModel.JsonWebTokens.JsonWebTokenHandler.ReadToken(String token, TokenValidationParameters validationParameters)
2026-09-02 12:07:57.918 +03:00 [INF] Bearer was not authenticated. Failure message: IDX14100: JWT is not well formed, there are no dots (.).
The token needs to be in JWS or JWE Compact Serialization Format. (JWS): 'EncodedHeader.EncodedPayload.EncodedSignature'. (JWE): 'EncodedProtectedHeader.EncodedEncryptedKey.EncodedInitializationVector.EncodedCiphertext.EncodedAuthenticationTag'.
2026-09-02 12:07:57.926 +03:00 [INF] Bearer was not authenticated. Failure message: IDX14100: JWT is not well formed, there are no dots (.).
The token needs to be in JWS or JWE Compact Serialization Format. (JWS): 'EncodedHeader.EncodedPayload.EncodedSignature'. (JWE): 'EncodedProtectedHeader.EncodedEncryptedKey.EncodedInitializationVector.EncodedCiphertext.EncodedAuthenticationTag'.
2026-09-02 12:07:57.936 +03:00 [INF] Executing endpoint 'CMS.API.Controllers.LaboratoryController.GetWorklist (CMS.API)'
2026-09-02 12:07:57.948 +03:00 [INF] Executing endpoint 'CMS.API.Controllers.LaboratoryController.GetCriticals (CMS.API)'
2026-09-02 12:07:57.977 +03:00 [INF] Route matched with {action = "GetWorklist", controller = "Laboratory"}. Executing controller action with signature System.Threading.Tasks.Task`1[Microsoft.AspNetCore.Mvc.IActionResult] GetWorklist() on controller CMS.API.Controllers.LaboratoryController (CMS.API).
2026-09-02 12:07:57.990 +03:00 [INF] Route matched with {action = "GetCriticals", controller = "Laboratory"}. Executing controller action with signature System.Threading.Tasks.Task`1[Microsoft.AspNetCore.Mvc.IActionResult] GetCriticals() on controller CMS.API.Controllers.LaboratoryController (CMS.API).
2026-09-02 12:07:58.039 +03:00 [INF] Request starting HTTP/1.1 GET http://localhost:5010/api/v1/laboratory/catalog - application/json null
2026-09-02 12:07:58.052 +03:00 [INF] Failed to validate the token.
Microsoft.IdentityModel.Tokens.SecurityTokenMalformedException: IDX14100: JWT is not well formed, there are no dots (.).
The token needs to be in JWS or JWE Compact Serialization Format. (JWS): 'EncodedHeader.EncodedPayload.EncodedSignature'. (JWE): 'EncodedProtectedHeader.EncodedEncryptedKey.EncodedInitializationVector.EncodedCiphertext.EncodedAuthenticationTag'.
   at Microsoft.IdentityModel.JsonWebTokens.JsonWebToken.ReadToken(ReadOnlyMemory`1 encodedTokenMemory)
   at Microsoft.IdentityModel.JsonWebTokens.JsonWebToken..ctor(String jwtEncodedString)
   at Microsoft.IdentityModel.JsonWebTokens.JsonWebTokenHandler.ReadToken(String token, TokenValidationParameters validationParameters)
2026-09-02 12:07:58.059 +03:00 [INF] Bearer was not authenticated. Failure message: IDX14100: JWT is not well formed, there are no dots (.).
The token needs to be in JWS or JWE Compact Serialization Format. (JWS): 'EncodedHeader.EncodedPayload.EncodedSignature'. (JWE): 'EncodedProtectedHeader.EncodedEncryptedKey.EncodedInitializationVector.EncodedCiphertext.EncodedAuthenticationTag'.
2026-09-02 12:07:58.064 +03:00 [INF] Executing OkObjectResult, writing value of type 'CMS.Shared.DTOs.ApiResponse`1[[System.Object, System.Private.CoreLib, Version=8.0.0.0, Culture=neutral, PublicKeyToken=7cec85d7bea7798e]]'.
2026-09-02 12:07:58.070 +03:00 [INF] Executing OkObjectResult, writing value of type 'CMS.Shared.DTOs.ApiResponse`1[[System.Object, System.Private.CoreLib, Version=8.0.0.0, Culture=neutral, PublicKeyToken=7cec85d7bea7798e]]'.
2026-09-02 12:07:58.071 +03:00 [INF] Executing endpoint 'CMS.API.Controllers.LaboratoryController.GetCatalog (CMS.API)'
2026-09-02 12:07:58.086 +03:00 [INF] Executed action CMS.API.Controllers.LaboratoryController.GetWorklist (CMS.API) in 78.5791ms
2026-09-02 12:07:58.088 +03:00 [INF] Executed action CMS.API.Controllers.LaboratoryController.GetCriticals (CMS.API) in 63.8872ms
2026-09-02 12:07:58.095 +03:00 [INF] Route matched with {action = "GetCatalog", controller = "Laboratory"}. Executing controller action with signature System.Threading.Tasks.Task`1[Microsoft.AspNetCore.Mvc.IActionResult] GetCatalog() on controller CMS.API.Controllers.LaboratoryController (CMS.API).
2026-09-02 12:07:58.101 +03:00 [INF] Executed endpoint 'CMS.API.Controllers.LaboratoryController.GetWorklist (CMS.API)'
2026-09-02 12:07:58.106 +03:00 [INF] Executed endpoint 'CMS.API.Controllers.LaboratoryController.GetCriticals (CMS.API)'
2026-09-02 12:07:58.114 +03:00 [INF] Executing OkObjectResult, writing value of type 'CMS.Shared.DTOs.ApiResponse`1[[System.Collections.Generic.List`1[[CMS.Shared.DTOs.LabTestCatalogDto, CMS.Shared, Version=1.0.0.0, Culture=neutral, PublicKeyToken=null]], System.Private.CoreLib, Version=8.0.0.0, Culture=neutral, PublicKeyToken=7cec85d7bea7798e]]'.
2026-09-02 12:07:58.116 +03:00 [INF] Request finished HTTP/1.1 GET http://localhost:5010/api/v1/laboratory/worklist - 200 null application/json; charset=utf-8 256.1116ms
2026-09-02 12:07:58.120 +03:00 [INF] Request finished HTTP/1.1 GET http://localhost:5010/api/v1/laboratory/criticals - 200 null application/json; charset=utf-8 260.1508ms
2026-09-02 12:07:58.127 +03:00 [INF] Executed action CMS.API.Controllers.LaboratoryController.GetCatalog (CMS.API) in 15.7481ms
2026-09-02 12:07:58.151 +03:00 [INF] Executed endpoint 'CMS.API.Controllers.LaboratoryController.GetCatalog (CMS.API)'
2026-09-02 12:07:58.154 +03:00 [INF] Request finished HTTP/1.1 GET http://localhost:5010/api/v1/laboratory/catalog - 200 null application/json; charset=utf-8 115.5217ms
2026-09-02 12:07:58.416 +03:00 [INF] Request starting HTTP/1.1 GET http://localhost:5010/api/v1/laboratory/worklist - application/json null
2026-09-02 12:07:58.417 +03:00 [INF] Request starting HTTP/1.1 GET http://localhost:5010/api/v1/laboratory/criticals - application/json null
2026-09-02 12:07:58.425 +03:00 [INF] Failed to validate the token.
Microsoft.IdentityModel.Tokens.SecurityTokenMalformedException: IDX14100: JWT is not well formed, there are no dots (.).
The token needs to be in JWS or JWE Compact Serialization Format. (JWS): 'EncodedHeader.EncodedPayload.EncodedSignature'. (JWE): 'EncodedProtectedHeader.EncodedEncryptedKey.EncodedInitializationVector.EncodedCiphertext.EncodedAuthenticationTag'.
   at Microsoft.IdentityModel.JsonWebTokens.JsonWebToken.ReadToken(ReadOnlyMemory`1 encodedTokenMemory)
   at Microsoft.IdentityModel.JsonWebTokens.JsonWebToken..ctor(String jwtEncodedString)
   at Microsoft.IdentityModel.JsonWebTokens.JsonWebTokenHandler.ReadToken(String token, TokenValidationParameters validationParameters)
2026-09-02 12:07:58.429 +03:00 [INF] Failed to validate the token.
Microsoft.IdentityModel.Tokens.SecurityTokenMalformedException: IDX14100: JWT is not well formed, there are no dots (.).
The token needs to be in JWS or JWE Compact Serialization Format. (JWS): 'EncodedHeader.EncodedPayload.EncodedSignature'. (JWE): 'EncodedProtectedHeader.EncodedEncryptedKey.EncodedInitializationVector.EncodedCiphertext.EncodedAuthenticationTag'.
   at Microsoft.IdentityModel.JsonWebTokens.JsonWebToken.ReadToken(ReadOnlyMemory`1 encodedTokenMemory)
   at Microsoft.IdentityModel.JsonWebTokens.JsonWebToken..ctor(String jwtEncodedString)
   at Microsoft.IdentityModel.JsonWebTokens.JsonWebTokenHandler.ReadToken(String token, TokenValidationParameters validationParameters)
2026-09-02 12:07:58.435 +03:00 [INF] Bearer was not authenticated. Failure message: IDX14100: JWT is not well formed, there are no dots (.).
The token needs to be in JWS or JWE Compact Serialization Format. (JWS): 'EncodedHeader.EncodedPayload.EncodedSignature'. (JWE): 'EncodedProtectedHeader.EncodedEncryptedKey.EncodedInitializationVector.EncodedCiphertext.EncodedAuthenticationTag'.
2026-09-02 12:07:58.440 +03:00 [INF] Bearer was not authenticated. Failure message: IDX14100: JWT is not well formed, there are no dots (.).
The token needs to be in JWS or JWE Compact Serialization Format. (JWS): 'EncodedHeader.EncodedPayload.EncodedSignature'. (JWE): 'EncodedProtectedHeader.EncodedEncryptedKey.EncodedInitializationVector.EncodedCiphertext.EncodedAuthenticationTag'.
2026-09-02 12:07:58.442 +03:00 [INF] Executing endpoint 'CMS.API.Controllers.LaboratoryController.GetWorklist (CMS.API)'
2026-09-02 12:07:58.445 +03:00 [INF] Executing endpoint 'CMS.API.Controllers.LaboratoryController.GetCriticals (CMS.API)'
2026-09-02 12:07:58.446 +03:00 [INF] Route matched with {action = "GetWorklist", controller = "Laboratory"}. Executing controller action with signature System.Threading.Tasks.Task`1[Microsoft.AspNetCore.Mvc.IActionResult] GetWorklist() on controller CMS.API.Controllers.LaboratoryController (CMS.API).
2026-09-02 12:07:58.452 +03:00 [INF] Route matched with {action = "GetCriticals", controller = "Laboratory"}. Executing controller action with signature System.Threading.Tasks.Task`1[Microsoft.AspNetCore.Mvc.IActionResult] GetCriticals() on controller CMS.API.Controllers.LaboratoryController (CMS.API).
2026-09-02 12:07:58.458 +03:00 [INF] Executing OkObjectResult, writing value of type 'CMS.Shared.DTOs.ApiResponse`1[[System.Object, System.Private.CoreLib, Version=8.0.0.0, Culture=neutral, PublicKeyToken=7cec85d7bea7798e]]'.
2026-09-02 12:07:58.460 +03:00 [INF] Executing OkObjectResult, writing value of type 'CMS.Shared.DTOs.ApiResponse`1[[System.Object, System.Private.CoreLib, Version=8.0.0.0, Culture=neutral, PublicKeyToken=7cec85d7bea7798e]]'.
2026-09-02 12:07:58.462 +03:00 [INF] Executed action CMS.API.Controllers.LaboratoryController.GetWorklist (CMS.API) in 5.8081ms
2026-09-02 12:07:58.464 +03:00 [INF] Executed action CMS.API.Controllers.LaboratoryController.GetCriticals (CMS.API) in 4.182ms
2026-09-02 12:07:58.474 +03:00 [INF] Executed endpoint 'CMS.API.Controllers.LaboratoryController.GetWorklist (CMS.API)'
2026-09-02 12:07:58.476 +03:00 [INF] Executed endpoint 'CMS.API.Controllers.LaboratoryController.GetCriticals (CMS.API)'
2026-09-02 12:07:58.477 +03:00 [INF] Request finished HTTP/1.1 GET http://localhost:5010/api/v1/laboratory/worklist - 200 null application/json; charset=utf-8 61.4284ms
2026-09-02 12:07:58.480 +03:00 [INF] Request finished HTTP/1.1 GET http://localhost:5010/api/v1/laboratory/criticals - 200 null application/json; charset=utf-8 62.3328ms
2026-09-02 12:08:04.188 +03:00 [INF] Request starting HTTP/1.1 GET http://localhost:5010/api/v1/patients/search?q= - application/json null
2026-09-02 12:08:04.192 +03:00 [INF] Failed to validate the token.
Microsoft.IdentityModel.Tokens.SecurityTokenMalformedException: IDX14100: JWT is not well formed, there are no dots (.).
The token needs to be in JWS or JWE Compact Serialization Format. (JWS): 'EncodedHeader.EncodedPayload.EncodedSignature'. (JWE): 'EncodedProtectedHeader.EncodedEncryptedKey.EncodedInitializationVector.EncodedCiphertext.EncodedAuthenticationTag'.
   at Microsoft.IdentityModel.JsonWebTokens.JsonWebToken.ReadToken(ReadOnlyMemory`1 encodedTokenMemory)
   at Microsoft.IdentityModel.JsonWebTokens.JsonWebToken..ctor(String jwtEncodedString)
   at Microsoft.IdentityModel.JsonWebTokens.JsonWebTokenHandler.ReadToken(String token, TokenValidationParameters validationParameters)
2026-09-02 12:08:04.195 +03:00 [INF] Bearer was not authenticated. Failure message: IDX14100: JWT is not well formed, there are no dots (.).
The token needs to be in JWS or JWE Compact Serialization Format. (JWS): 'EncodedHeader.EncodedPayload.EncodedSignature'. (JWE): 'EncodedProtectedHeader.EncodedEncryptedKey.EncodedInitializationVector.EncodedCiphertext.EncodedAuthenticationTag'.
2026-09-02 12:08:04.196 +03:00 [INF] Executing endpoint 'CMS.API.Controllers.PatientsController.Search (CMS.API)'
2026-09-02 12:08:04.200 +03:00 [INF] Route matched with {action = "Search", controller = "Patients"}. Executing controller action with signature System.Threading.Tasks.Task`1[Microsoft.AspNetCore.Mvc.IActionResult] Search(System.String, Int32) on controller CMS.API.Controllers.PatientsController (CMS.API).
2026-09-02 12:08:04.204 +03:00 [INF] Executing BadRequestObjectResult, writing value of type 'Microsoft.AspNetCore.Mvc.ValidationProblemDetails'.
2026-09-02 12:08:04.207 +03:00 [INF] Executed action CMS.API.Controllers.PatientsController.Search (CMS.API) in 3.1773ms
2026-09-02 12:08:04.209 +03:00 [INF] Executed endpoint 'CMS.API.Controllers.PatientsController.Search (CMS.API)'
2026-09-02 12:08:04.212 +03:00 [INF] Request finished HTTP/1.1 GET http://localhost:5010/api/v1/patients/search?q= - 400 null application/problem+json; charset=utf-8 23.8422ms
2026-09-02 12:08:08.274 +03:00 [INF] Request starting HTTP/1.1 GET http://localhost:5010/api/v1/dashboard/metrics - null null
2026-09-02 12:08:08.287 +03:00 [INF] Failed to validate the token.
Microsoft.IdentityModel.Tokens.SecurityTokenMalformedException: IDX14120: JWT is not well formed, there is only one dot (.).
The token needs to be in JWS or JWE Compact Serialization Format. (JWS): 'EncodedHeader.EncodedPayload.EncodedSignature'. (JWE): 'EncodedProtectedHeader.EncodedEncryptedKey.EncodedInitializationVector.EncodedCiphertext.EncodedAuthenticationTag'.
   at Microsoft.IdentityModel.JsonWebTokens.JsonWebToken.ReadToken(ReadOnlyMemory`1 encodedTokenMemory)
   at Microsoft.IdentityModel.JsonWebTokens.JsonWebToken..ctor(String jwtEncodedString)
   at Microsoft.IdentityModel.JsonWebTokens.JsonWebTokenHandler.ReadToken(String token, TokenValidationParameters validationParameters)
2026-09-02 12:08:08.291 +03:00 [INF] Bearer was not authenticated. Failure message: IDX14120: JWT is not well formed, there is only one dot (.).
The token needs to be in JWS or JWE Compact Serialization Format. (JWS): 'EncodedHeader.EncodedPayload.EncodedSignature'. (JWE): 'EncodedProtectedHeader.EncodedEncryptedKey.EncodedInitializationVector.EncodedCiphertext.EncodedAuthenticationTag'.
2026-09-02 12:08:08.294 +03:00 [INF] Executing endpoint 'CMS.API.Controllers.DashboardController.GetMetrics (CMS.API)'
2026-09-02 12:08:08.296 +03:00 [INF] Route matched with {action = "GetMetrics", controller = "Dashboard"}. Executing controller action with signature System.Threading.Tasks.Task`1[Microsoft.AspNetCore.Mvc.IActionResult] GetMetrics() on controller CMS.API.Controllers.DashboardController (CMS.API).
2026-09-02 12:08:08.383 +03:00 [INF] Executing OkObjectResult, writing value of type 'CMS.Shared.DTOs.ApiResponse`1[[CMS.Shared.DTOs.DashboardMetricsDto, CMS.Shared, Version=1.0.0.0, Culture=neutral, PublicKeyToken=null]]'.
2026-09-02 12:08:08.390 +03:00 [INF] Executed action CMS.API.Controllers.DashboardController.GetMetrics (CMS.API) in 88.8758ms
2026-09-02 12:08:08.393 +03:00 [INF] Executed endpoint 'CMS.API.Controllers.DashboardController.GetMetrics (CMS.API)'
2026-09-02 12:08:08.396 +03:00 [INF] Request finished HTTP/1.1 GET http://localhost:5010/api/v1/dashboard/metrics - 200 null application/json; charset=utf-8 122.1285ms
2026-09-02 12:08:08.703 +03:00 [INF] Request starting HTTP/1.1 GET http://localhost:5010/api/v1/dashboard/metrics - null null
2026-09-02 12:08:08.707 +03:00 [INF] Failed to validate the token.
Microsoft.IdentityModel.Tokens.SecurityTokenMalformedException: IDX14120: JWT is not well formed, there is only one dot (.).
The token needs to be in JWS or JWE Compact Serialization Format. (JWS): 'EncodedHeader.EncodedPayload.EncodedSignature'. (JWE): 'EncodedProtectedHeader.EncodedEncryptedKey.EncodedInitializationVector.EncodedCiphertext.EncodedAuthenticationTag'.
   at Microsoft.IdentityModel.JsonWebTokens.JsonWebToken.ReadToken(ReadOnlyMemory`1 encodedTokenMemory)
   at Microsoft.IdentityModel.JsonWebTokens.JsonWebToken..ctor(String jwtEncodedString)
   at Microsoft.IdentityModel.JsonWebTokens.JsonWebTokenHandler.ReadToken(String token, TokenValidationParameters validationParameters)
2026-09-02 12:08:08.709 +03:00 [INF] Bearer was not authenticated. Failure message: IDX14120: JWT is not well formed, there is only one dot (.).
The token needs to be in JWS or JWE Compact Serialization Format. (JWS): 'EncodedHeader.EncodedPayload.EncodedSignature'. (JWE): 'EncodedProtectedHeader.EncodedEncryptedKey.EncodedInitializationVector.EncodedCiphertext.EncodedAuthenticationTag'.
2026-09-02 12:08:08.710 +03:00 [INF] Executing endpoint 'CMS.API.Controllers.DashboardController.GetMetrics (CMS.API)'
2026-09-02 12:08:08.711 +03:00 [INF] Route matched with {action = "GetMetrics", controller = "Dashboard"}. Executing controller action with signature System.Threading.Tasks.Task`1[Microsoft.AspNetCore.Mvc.IActionResult] GetMetrics() on controller CMS.API.Controllers.DashboardController (CMS.API).
2026-09-02 12:08:08.721 +03:00 [INF] Executing OkObjectResult, writing value of type 'CMS.Shared.DTOs.ApiResponse`1[[CMS.Shared.DTOs.DashboardMetricsDto, CMS.Shared, Version=1.0.0.0, Culture=neutral, PublicKeyToken=null]]'.
2026-09-02 12:08:08.724 +03:00 [INF] Executed action CMS.API.Controllers.DashboardController.GetMetrics (CMS.API) in 9.4515ms
2026-09-02 12:08:08.727 +03:00 [INF] Executed endpoint 'CMS.API.Controllers.DashboardController.GetMetrics (CMS.API)'
2026-09-02 12:08:08.728 +03:00 [INF] Request finished HTTP/1.1 GET http://localhost:5010/api/v1/dashboard/metrics - 200 null application/json; charset=utf-8 25.4784ms
2026-09-02 12:08:11.923 +03:00 [INF] Request starting HTTP/1.1 GET http://localhost:5010/api/v1/dashboard/metrics - null null
2026-09-02 12:08:11.951 +03:00 [INF] Failed to validate the token.
Microsoft.IdentityModel.Tokens.SecurityTokenMalformedException: IDX14120: JWT is not well formed, there is only one dot (.).
The token needs to be in JWS or JWE Compact Serialization Format. (JWS): 'EncodedHeader.EncodedPayload.EncodedSignature'. (JWE): 'EncodedProtectedHeader.EncodedEncryptedKey.EncodedInitializationVector.EncodedCiphertext.EncodedAuthenticationTag'.
   at Microsoft.IdentityModel.JsonWebTokens.JsonWebToken.ReadToken(ReadOnlyMemory`1 encodedTokenMemory)
   at Microsoft.IdentityModel.JsonWebTokens.JsonWebToken..ctor(String jwtEncodedString)
   at Microsoft.IdentityModel.JsonWebTokens.JsonWebTokenHandler.ReadToken(String token, TokenValidationParameters validationParameters)
2026-09-02 12:08:11.983 +03:00 [INF] Bearer was not authenticated. Failure message: IDX14120: JWT is not well formed, there is only one dot (.).
The token needs to be in JWS or JWE Compact Serialization Format. (JWS): 'EncodedHeader.EncodedPayload.EncodedSignature'. (JWE): 'EncodedProtectedHeader.EncodedEncryptedKey.EncodedInitializationVector.EncodedCiphertext.EncodedAuthenticationTag'.
2026-09-02 12:08:11.990 +03:00 [INF] Executing endpoint 'CMS.API.Controllers.DashboardController.GetMetrics (CMS.API)'
2026-09-02 12:08:11.993 +03:00 [INF] Route matched with {action = "GetMetrics", controller = "Dashboard"}. Executing controller action with signature System.Threading.Tasks.Task`1[Microsoft.AspNetCore.Mvc.IActionResult] GetMetrics() on controller CMS.API.Controllers.DashboardController (CMS.API).
2026-09-02 12:08:12.140 +03:00 [INF] Executing OkObjectResult, writing value of type 'CMS.Shared.DTOs.ApiResponse`1[[CMS.Shared.DTOs.DashboardMetricsDto, CMS.Shared, Version=1.0.0.0, Culture=neutral, PublicKeyToken=null]]'.
2026-09-02 12:08:12.147 +03:00 [INF] Executed action CMS.API.Controllers.DashboardController.GetMetrics (CMS.API) in 149.9808ms
2026-09-02 12:08:12.157 +03:00 [INF] Request starting HTTP/1.1 GET http://localhost:5010/api/v1/dashboard/metrics - null null
2026-09-02 12:08:12.158 +03:00 [INF] Executed endpoint 'CMS.API.Controllers.DashboardController.GetMetrics (CMS.API)'
2026-09-02 12:08:12.170 +03:00 [INF] Failed to validate the token.
Microsoft.IdentityModel.Tokens.SecurityTokenMalformedException: IDX14120: JWT is not well formed, there is only one dot (.).
The token needs to be in JWS or JWE Compact Serialization Format. (JWS): 'EncodedHeader.EncodedPayload.EncodedSignature'. (JWE): 'EncodedProtectedHeader.EncodedEncryptedKey.EncodedInitializationVector.EncodedCiphertext.EncodedAuthenticationTag'.
   at Microsoft.IdentityModel.JsonWebTokens.JsonWebToken.ReadToken(ReadOnlyMemory`1 encodedTokenMemory)
   at Microsoft.IdentityModel.JsonWebTokens.JsonWebToken..ctor(String jwtEncodedString)
   at Microsoft.IdentityModel.JsonWebTokens.JsonWebTokenHandler.ReadToken(String token, TokenValidationParameters validationParameters)
2026-09-02 12:08:12.172 +03:00 [INF] Request finished HTTP/1.1 GET http://localhost:5010/api/v1/dashboard/metrics - 200 null application/json; charset=utf-8 249.1987ms
2026-09-02 12:08:12.179 +03:00 [INF] Bearer was not authenticated. Failure message: IDX14120: JWT is not well formed, there is only one dot (.).
The token needs to be in JWS or JWE Compact Serialization Format. (JWS): 'EncodedHeader.EncodedPayload.EncodedSignature'. (JWE): 'EncodedProtectedHeader.EncodedEncryptedKey.EncodedInitializationVector.EncodedCiphertext.EncodedAuthenticationTag'.
2026-09-02 12:08:12.197 +03:00 [INF] Executing endpoint 'CMS.API.Controllers.DashboardController.GetMetrics (CMS.API)'
2026-09-02 12:08:12.202 +03:00 [INF] Route matched with {action = "GetMetrics", controller = "Dashboard"}. Executing controller action with signature System.Threading.Tasks.Task`1[Microsoft.AspNetCore.Mvc.IActionResult] GetMetrics() on controller CMS.API.Controllers.DashboardController (CMS.API).
2026-09-02 12:08:12.280 +03:00 [INF] Executing OkObjectResult, writing value of type 'CMS.Shared.DTOs.ApiResponse`1[[CMS.Shared.DTOs.DashboardMetricsDto, CMS.Shared, Version=1.0.0.0, Culture=neutral, PublicKeyToken=null]]'.
2026-09-02 12:08:12.284 +03:00 [INF] Executed action CMS.API.Controllers.DashboardController.GetMetrics (CMS.API) in 74.7148ms
2026-09-02 12:08:12.289 +03:00 [INF] Executed endpoint 'CMS.API.Controllers.DashboardController.GetMetrics (CMS.API)'
2026-09-02 12:08:12.292 +03:00 [INF] Request finished HTTP/1.1 GET http://localhost:5010/api/v1/dashboard/metrics - 200 null application/json; charset=utf-8 134.6052ms
2026-09-02 12:08:15.505 +03:00 [INF] Request starting HTTP/1.1 GET http://localhost:5010/api/v1/dashboard/metrics - null null
2026-09-02 12:08:15.694 +03:00 [INF] Failed to validate the token.
Microsoft.IdentityModel.Tokens.SecurityTokenMalformedException: IDX14120: JWT is not well formed, there is only one dot (.).
The token needs to be in JWS or JWE Compact Serialization Format. (JWS): 'EncodedHeader.EncodedPayload.EncodedSignature'. (JWE): 'EncodedProtectedHeader.EncodedEncryptedKey.EncodedInitializationVector.EncodedCiphertext.EncodedAuthenticationTag'.
   at Microsoft.IdentityModel.JsonWebTokens.JsonWebToken.ReadToken(ReadOnlyMemory`1 encodedTokenMemory)
   at Microsoft.IdentityModel.JsonWebTokens.JsonWebToken..ctor(String jwtEncodedString)
   at Microsoft.IdentityModel.JsonWebTokens.JsonWebTokenHandler.ReadToken(String token, TokenValidationParameters validationParameters)
2026-09-02 12:08:15.700 +03:00 [INF] Bearer was not authenticated. Failure message: IDX14120: JWT is not well formed, there is only one dot (.).
The token needs to be in JWS or JWE Compact Serialization Format. (JWS): 'EncodedHeader.EncodedPayload.EncodedSignature'. (JWE): 'EncodedProtectedHeader.EncodedEncryptedKey.EncodedInitializationVector.EncodedCiphertext.EncodedAuthenticationTag'.
2026-09-02 12:08:15.704 +03:00 [INF] Executing endpoint 'CMS.API.Controllers.DashboardController.GetMetrics (CMS.API)'
2026-09-02 12:08:15.707 +03:00 [INF] Route matched with {action = "GetMetrics", controller = "Dashboard"}. Executing controller action with signature System.Threading.Tasks.Task`1[Microsoft.AspNetCore.Mvc.IActionResult] GetMetrics() on controller CMS.API.Controllers.DashboardController (CMS.API).
2026-09-02 12:08:15.909 +03:00 [INF] Executing OkObjectResult, writing value of type 'CMS.Shared.DTOs.ApiResponse`1[[CMS.Shared.DTOs.DashboardMetricsDto, CMS.Shared, Version=1.0.0.0, Culture=neutral, PublicKeyToken=null]]'.
2026-09-02 12:08:16.094 +03:00 [INF] Executed action CMS.API.Controllers.DashboardController.GetMetrics (CMS.API) in 383.5928ms
2026-09-02 12:08:16.111 +03:00 [INF] Executed endpoint 'CMS.API.Controllers.DashboardController.GetMetrics (CMS.API)'
2026-09-02 12:08:16.112 +03:00 [INF] Request starting HTTP/1.1 GET http://localhost:5010/api/v1/dashboard/metrics - null null
2026-09-02 12:08:16.116 +03:00 [INF] Request finished HTTP/1.1 GET http://localhost:5010/api/v1/dashboard/metrics - 200 null application/json; charset=utf-8 611.2899ms
2026-09-02 12:08:16.454 +03:00 [INF] Failed to validate the token.
Microsoft.IdentityModel.Tokens.SecurityTokenMalformedException: IDX14120: JWT is not well formed, there is only one dot (.).
The token needs to be in JWS or JWE Compact Serialization Format. (JWS): 'EncodedHeader.EncodedPayload.EncodedSignature'. (JWE): 'EncodedProtectedHeader.EncodedEncryptedKey.EncodedInitializationVector.EncodedCiphertext.EncodedAuthenticationTag'.
   at Microsoft.IdentityModel.JsonWebTokens.JsonWebToken.ReadToken(ReadOnlyMemory`1 encodedTokenMemory)
   at Microsoft.IdentityModel.JsonWebTokens.JsonWebToken..ctor(String jwtEncodedString)
   at Microsoft.IdentityModel.JsonWebTokens.JsonWebTokenHandler.ReadToken(String token, TokenValidationParameters validationParameters)
2026-09-02 12:08:16.465 +03:00 [INF] Bearer was not authenticated. Failure message: IDX14120: JWT is not well formed, there is only one dot (.).
The token needs to be in JWS or JWE Compact Serialization Format. (JWS): 'EncodedHeader.EncodedPayload.EncodedSignature'. (JWE): 'EncodedProtectedHeader.EncodedEncryptedKey.EncodedInitializationVector.EncodedCiphertext.EncodedAuthenticationTag'.
2026-09-02 12:08:16.468 +03:00 [INF] Executing endpoint 'CMS.API.Controllers.DashboardController.GetMetrics (CMS.API)'
2026-09-02 12:08:16.470 +03:00 [INF] Route matched with {action = "GetMetrics", controller = "Dashboard"}. Executing controller action with signature System.Threading.Tasks.Task`1[Microsoft.AspNetCore.Mvc.IActionResult] GetMetrics() on controller CMS.API.Controllers.DashboardController (CMS.API).
2026-09-02 12:08:16.483 +03:00 [INF] Executing OkObjectResult, writing value of type 'CMS.Shared.DTOs.ApiResponse`1[[CMS.Shared.DTOs.DashboardMetricsDto, CMS.Shared, Version=1.0.0.0, Culture=neutral, PublicKeyToken=null]]'.
2026-09-02 12:08:16.486 +03:00 [INF] Executed action CMS.API.Controllers.DashboardController.GetMetrics (CMS.API) in 11.791ms
2026-09-02 12:08:16.490 +03:00 [INF] Executed endpoint 'CMS.API.Controllers.DashboardController.GetMetrics (CMS.API)'
2026-09-02 12:08:16.492 +03:00 [INF] Request finished HTTP/1.1 GET http://localhost:5010/api/v1/dashboard/metrics - 200 null application/json; charset=utf-8 380.0104ms
2026-09-02 12:08:57.497 +03:00 [INF] Request starting HTTP/1.1 GET http://localhost:5010/api/v1/dashboard/metrics - null null
2026-09-02 12:08:57.516 +03:00 [INF] Failed to validate the token.
Microsoft.IdentityModel.Tokens.SecurityTokenMalformedException: IDX14120: JWT is not well formed, there is only one dot (.).
The token needs to be in JWS or JWE Compact Serialization Format. (JWS): 'EncodedHeader.EncodedPayload.EncodedSignature'. (JWE): 'EncodedProtectedHeader.EncodedEncryptedKey.EncodedInitializationVector.EncodedCiphertext.EncodedAuthenticationTag'.
   at Microsoft.IdentityModel.JsonWebTokens.JsonWebToken.ReadToken(ReadOnlyMemory`1 encodedTokenMemory)
   at Microsoft.IdentityModel.JsonWebTokens.JsonWebToken..ctor(String jwtEncodedString)
   at Microsoft.IdentityModel.JsonWebTokens.JsonWebTokenHandler.ReadToken(String token, TokenValidationParameters validationParameters)
2026-09-02 12:08:57.525 +03:00 [INF] Bearer was not authenticated. Failure message: IDX14120: JWT is not well formed, there is only one dot (.).
The token needs to be in JWS or JWE Compact Serialization Format. (JWS): 'EncodedHeader.EncodedPayload.EncodedSignature'. (JWE): 'EncodedProtectedHeader.EncodedEncryptedKey.EncodedInitializationVector.EncodedCiphertext.EncodedAuthenticationTag'.
2026-09-02 12:08:57.528 +03:00 [INF] Executing endpoint 'CMS.API.Controllers.DashboardController.GetMetrics (CMS.API)'
2026-09-02 12:08:57.534 +03:00 [INF] Route matched with {action = "GetMetrics", controller = "Dashboard"}. Executing controller action with signature System.Threading.Tasks.Task`1[Microsoft.AspNetCore.Mvc.IActionResult] GetMetrics() on controller CMS.API.Controllers.DashboardController (CMS.API).
2026-09-02 12:08:57.549 +03:00 [INF] Executing OkObjectResult, writing value of type 'CMS.Shared.DTOs.ApiResponse`1[[CMS.Shared.DTOs.DashboardMetricsDto, CMS.Shared, Version=1.0.0.0, Culture=neutral, PublicKeyToken=null]]'.
2026-09-02 12:08:57.555 +03:00 [INF] Executed action CMS.API.Controllers.DashboardController.GetMetrics (CMS.API) in 13.2947ms
2026-09-02 12:08:57.559 +03:00 [INF] Executed endpoint 'CMS.API.Controllers.DashboardController.GetMetrics (CMS.API)'
2026-09-02 12:08:57.562 +03:00 [INF] Request starting HTTP/1.1 GET http://localhost:5010/api/v1/dashboard/metrics - null null
2026-09-02 12:08:57.564 +03:00 [INF] Request finished HTTP/1.1 GET http://localhost:5010/api/v1/dashboard/metrics - 200 null application/json; charset=utf-8 67.3511ms
2026-09-02 12:08:57.572 +03:00 [INF] Failed to validate the token.
Microsoft.IdentityModel.Tokens.SecurityTokenMalformedException: IDX14120: JWT is not well formed, there is only one dot (.).
The token needs to be in JWS or JWE Compact Serialization Format. (JWS): 'EncodedHeader.EncodedPayload.EncodedSignature'. (JWE): 'EncodedProtectedHeader.EncodedEncryptedKey.EncodedInitializationVector.EncodedCiphertext.EncodedAuthenticationTag'.
   at Microsoft.IdentityModel.JsonWebTokens.JsonWebToken.ReadToken(ReadOnlyMemory`1 encodedTokenMemory)
   at Microsoft.IdentityModel.JsonWebTokens.JsonWebToken..ctor(String jwtEncodedString)
   at Microsoft.IdentityModel.JsonWebTokens.JsonWebTokenHandler.ReadToken(String token, TokenValidationParameters validationParameters)
2026-09-02 12:08:57.595 +03:00 [INF] Bearer was not authenticated. Failure message: IDX14120: JWT is not well formed, there is only one dot (.).
The token needs to be in JWS or JWE Compact Serialization Format. (JWS): 'EncodedHeader.EncodedPayload.EncodedSignature'. (JWE): 'EncodedProtectedHeader.EncodedEncryptedKey.EncodedInitializationVector.EncodedCiphertext.EncodedAuthenticationTag'.
2026-09-02 12:08:57.599 +03:00 [INF] Executing endpoint 'CMS.API.Controllers.DashboardController.GetMetrics (CMS.API)'
2026-09-02 12:08:57.605 +03:00 [INF] Route matched with {action = "GetMetrics", controller = "Dashboard"}. Executing controller action with signature System.Threading.Tasks.Task`1[Microsoft.AspNetCore.Mvc.IActionResult] GetMetrics() on controller CMS.API.Controllers.DashboardController (CMS.API).
2026-09-02 12:08:57.635 +03:00 [INF] Executing OkObjectResult, writing value of type 'CMS.Shared.DTOs.ApiResponse`1[[CMS.Shared.DTOs.DashboardMetricsDto, CMS.Shared, Version=1.0.0.0, Culture=neutral, PublicKeyToken=null]]'.
2026-09-02 12:08:57.642 +03:00 [INF] Executed action CMS.API.Controllers.DashboardController.GetMetrics (CMS.API) in 25.2927ms
2026-09-02 12:08:57.648 +03:00 [INF] Executed endpoint 'CMS.API.Controllers.DashboardController.GetMetrics (CMS.API)'
2026-09-02 12:08:57.656 +03:00 [INF] Request finished HTTP/1.1 GET http://localhost:5010/api/v1/dashboard/metrics - 200 null application/json; charset=utf-8 94.2891ms
2026-09-02 12:08:59.204 +03:00 [INF] Request starting HTTP/1.1 GET http://localhost:5010/api/v1/dashboard/metrics - null null
2026-09-02 12:08:59.215 +03:00 [INF] Failed to validate the token.
Microsoft.IdentityModel.Tokens.SecurityTokenMalformedException: IDX14120: JWT is not well formed, there is only one dot (.).
The token needs to be in JWS or JWE Compact Serialization Format. (JWS): 'EncodedHeader.EncodedPayload.EncodedSignature'. (JWE): 'EncodedProtectedHeader.EncodedEncryptedKey.EncodedInitializationVector.EncodedCiphertext.EncodedAuthenticationTag'.
   at Microsoft.IdentityModel.JsonWebTokens.JsonWebToken.ReadToken(ReadOnlyMemory`1 encodedTokenMemory)
   at Microsoft.IdentityModel.JsonWebTokens.JsonWebToken..ctor(String jwtEncodedString)
   at Microsoft.IdentityModel.JsonWebTokens.JsonWebTokenHandler.ReadToken(String token, TokenValidationParameters validationParameters)
2026-09-02 12:08:59.226 +03:00 [INF] Bearer was not authenticated. Failure message: IDX14120: JWT is not well formed, there is only one dot (.).
The token needs to be in JWS or JWE Compact Serialization Format. (JWS): 'EncodedHeader.EncodedPayload.EncodedSignature'. (JWE): 'EncodedProtectedHeader.EncodedEncryptedKey.EncodedInitializationVector.EncodedCiphertext.EncodedAuthenticationTag'.
2026-09-02 12:08:59.239 +03:00 [INF] Executing endpoint 'CMS.API.Controllers.DashboardController.GetMetrics (CMS.API)'
2026-09-02 12:08:59.242 +03:00 [INF] Route matched with {action = "GetMetrics", controller = "Dashboard"}. Executing controller action with signature System.Threading.Tasks.Task`1[Microsoft.AspNetCore.Mvc.IActionResult] GetMetrics() on controller CMS.API.Controllers.DashboardController (CMS.API).
2026-09-02 12:08:59.263 +03:00 [INF] Executing OkObjectResult, writing value of type 'CMS.Shared.DTOs.ApiResponse`1[[CMS.Shared.DTOs.DashboardMetricsDto, CMS.Shared, Version=1.0.0.0, Culture=neutral, PublicKeyToken=null]]'.
2026-09-02 12:08:59.269 +03:00 [INF] Executed action CMS.API.Controllers.DashboardController.GetMetrics (CMS.API) in 19.3856ms
2026-09-02 12:08:59.274 +03:00 [INF] Executed endpoint 'CMS.API.Controllers.DashboardController.GetMetrics (CMS.API)'
2026-09-02 12:08:59.275 +03:00 [INF] Request starting HTTP/1.1 GET http://localhost:5010/api/v1/dashboard/metrics - null null
2026-09-02 12:08:59.277 +03:00 [INF] Request finished HTTP/1.1 GET http://localhost:5010/api/v1/dashboard/metrics - 200 null application/json; charset=utf-8 72.6889ms
2026-09-02 12:08:59.286 +03:00 [INF] Failed to validate the token.
Microsoft.IdentityModel.Tokens.SecurityTokenMalformedException: IDX14120: JWT is not well formed, there is only one dot (.).
The token needs to be in JWS or JWE Compact Serialization Format. (JWS): 'EncodedHeader.EncodedPayload.EncodedSignature'. (JWE): 'EncodedProtectedHeader.EncodedEncryptedKey.EncodedInitializationVector.EncodedCiphertext.EncodedAuthenticationTag'.
   at Microsoft.IdentityModel.JsonWebTokens.JsonWebToken.ReadToken(ReadOnlyMemory`1 encodedTokenMemory)
   at Microsoft.IdentityModel.JsonWebTokens.JsonWebToken..ctor(String jwtEncodedString)
   at Microsoft.IdentityModel.JsonWebTokens.JsonWebTokenHandler.ReadToken(String token, TokenValidationParameters validationParameters)
2026-09-02 12:08:59.297 +03:00 [INF] Bearer was not authenticated. Failure message: IDX14120: JWT is not well formed, there is only one dot (.).
The token needs to be in JWS or JWE Compact Serialization Format. (JWS): 'EncodedHeader.EncodedPayload.EncodedSignature'. (JWE): 'EncodedProtectedHeader.EncodedEncryptedKey.EncodedInitializationVector.EncodedCiphertext.EncodedAuthenticationTag'.
2026-09-02 12:08:59.300 +03:00 [INF] Executing endpoint 'CMS.API.Controllers.DashboardController.GetMetrics (CMS.API)'
2026-09-02 12:08:59.303 +03:00 [INF] Route matched with {action = "GetMetrics", controller = "Dashboard"}. Executing controller action with signature System.Threading.Tasks.Task`1[Microsoft.AspNetCore.Mvc.IActionResult] GetMetrics() on controller CMS.API.Controllers.DashboardController (CMS.API).
2026-09-02 12:08:59.314 +03:00 [INF] Executing OkObjectResult, writing value of type 'CMS.Shared.DTOs.ApiResponse`1[[CMS.Shared.DTOs.DashboardMetricsDto, CMS.Shared, Version=1.0.0.0, Culture=neutral, PublicKeyToken=null]]'.
2026-09-02 12:08:59.317 +03:00 [INF] Executed action CMS.API.Controllers.DashboardController.GetMetrics (CMS.API) in 10.3518ms
2026-09-02 12:08:59.321 +03:00 [INF] Executed endpoint 'CMS.API.Controllers.DashboardController.GetMetrics (CMS.API)'
2026-09-02 12:08:59.323 +03:00 [INF] Request finished HTTP/1.1 GET http://localhost:5010/api/v1/dashboard/metrics - 200 null application/json; charset=utf-8 47.8754ms
2026-09-02 12:10:06.857 +03:00 [INF] Request starting HTTP/1.1 GET http://localhost:5010/swagger/index.html - null null
2026-09-02 12:10:06.981 +03:00 [INF] Request finished HTTP/1.1 GET http://localhost:5010/swagger/index.html - 200 null text/html;charset=utf-8 124.0128ms
2026-09-02 12:10:07.092 +03:00 [INF] Request starting HTTP/1.1 GET http://localhost:5010/swagger/index.js - null null
2026-09-02 12:10:07.118 +03:00 [INF] Request finished HTTP/1.1 GET http://localhost:5010/swagger/index.js - 200 null application/javascript;charset=utf-8 26.2765ms
2026-09-02 12:10:07.476 +03:00 [INF] Request starting HTTP/1.1 GET http://localhost:5010/swagger/v1/swagger.json - null null
2026-09-02 12:10:08.658 +03:00 [INF] Request finished HTTP/1.1 GET http://localhost:5010/swagger/v1/swagger.json - 200 null application/json;charset=utf-8 1182.5122ms
2026-09-02 12:10:51.844 +03:00 [INF] Request starting HTTP/1.1 POST http://localhost:5010/api/v1/Patients - application/json 284
2026-09-02 12:10:51.858 +03:00 [INF] CORS policy execution successful.
2026-09-02 12:10:51.863 +03:00 [INF] Failed to validate the token.
Microsoft.IdentityModel.Tokens.SecurityTokenMalformedException: IDX14100: JWT is not well formed, there are no dots (.).
The token needs to be in JWS or JWE Compact Serialization Format. (JWS): 'EncodedHeader.EncodedPayload.EncodedSignature'. (JWE): 'EncodedProtectedHeader.EncodedEncryptedKey.EncodedInitializationVector.EncodedCiphertext.EncodedAuthenticationTag'.
   at Microsoft.IdentityModel.JsonWebTokens.JsonWebToken.ReadToken(ReadOnlyMemory`1 encodedTokenMemory)
   at Microsoft.IdentityModel.JsonWebTokens.JsonWebToken..ctor(String jwtEncodedString)
   at Microsoft.IdentityModel.JsonWebTokens.JsonWebTokenHandler.ReadToken(String token, TokenValidationParameters validationParameters)
2026-09-02 12:10:51.868 +03:00 [INF] Bearer was not authenticated. Failure message: IDX14100: JWT is not well formed, there are no dots (.).
The token needs to be in JWS or JWE Compact Serialization Format. (JWS): 'EncodedHeader.EncodedPayload.EncodedSignature'. (JWE): 'EncodedProtectedHeader.EncodedEncryptedKey.EncodedInitializationVector.EncodedCiphertext.EncodedAuthenticationTag'.
2026-09-02 12:10:51.871 +03:00 [INF] Executing endpoint 'CMS.API.Controllers.PatientsController.Create (CMS.API)'
2026-09-02 12:10:51.884 +03:00 [INF] Route matched with {action = "Create", controller = "Patients"}. Executing controller action with signature System.Threading.Tasks.Task`1[Microsoft.AspNetCore.Mvc.IActionResult] Create(CMS.Shared.DTOs.CreatePatientDto) on controller CMS.API.Controllers.PatientsController (CMS.API).
2026-09-02 12:10:52.051 +03:00 [INF] Executed action CMS.API.Controllers.PatientsController.Create (CMS.API) in 162.4082ms
2026-09-02 12:10:52.055 +03:00 [INF] Executed endpoint 'CMS.API.Controllers.PatientsController.Create (CMS.API)'
2026-09-02 12:10:52.057 +03:00 [ERR] Unhandled exception encountered: The INSERT statement conflicted with the FOREIGN KEY constraint "FK_Patients_Tenants". The conflict occurred in database "ClinicDB", table "dbo.Tenants", column 'Id'.
Microsoft.Data.SqlClient.SqlException (0x80131904): The INSERT statement conflicted with the FOREIGN KEY constraint "FK_Patients_Tenants". The conflict occurred in database "ClinicDB", table "dbo.Tenants", column 'Id'.
   at Microsoft.Data.SqlClient.SqlConnection.OnError(SqlException exception, Boolean breakConnection, Action`1 wrapCloseInAction)
   at Microsoft.Data.SqlClient.SqlInternalConnection.OnError(SqlException exception, Boolean breakConnection, Action`1 wrapCloseInAction)
   at Microsoft.Data.SqlClient.TdsParser.ThrowExceptionAndWarning(TdsParserStateObject stateObj, Boolean callerHasConnectionLock, Boolean asyncClose)
   at Microsoft.Data.SqlClient.TdsParser.TryRun(RunBehavior runBehavior, SqlCommand cmdHandler, SqlDataReader dataStream, BulkCopySimpleResultSet bulkCopyHandler, TdsParserStateObject stateObj, Boolean& dataReady)
   at Microsoft.Data.SqlClient.SqlCommand.FinishExecuteReader(SqlDataReader ds, RunBehavior runBehavior, String resetOptionsString, Boolean isInternal, Boolean forDescribeParameterEncryption, Boolean shouldCacheForAlwaysEncrypted)
   at Microsoft.Data.SqlClient.SqlCommand.CompleteAsyncExecuteReader(Boolean isInternal, Boolean forDescribeParameterEncryption)
   at Microsoft.Data.SqlClient.SqlCommand.InternalEndExecuteNonQuery(IAsyncResult asyncResult, Boolean isInternal, String endMethod)
   at Microsoft.Data.SqlClient.SqlCommand.EndExecuteNonQueryInternal(IAsyncResult asyncResult)
   at Microsoft.Data.SqlClient.SqlCommand.EndExecuteNonQueryAsync(IAsyncResult asyncResult)
   at Microsoft.Data.SqlClient.SqlCommand.<>c.<InternalExecuteNonQueryAsync>b__210_1(IAsyncResult result)
   at System.Threading.Tasks.TaskFactory`1.FromAsyncCoreLogic(IAsyncResult iar, Func`2 endFunction, Action`1 endAction, Task`1 promise, Boolean requiresSynchronization)
--- End of stack trace from previous location ---
   at Dapper.SqlMapper.ExecuteImplAsync(IDbConnection cnn, CommandDefinition command, Object param) in /_/Dapper/SqlMapper.Async.cs:line 662
   at CMS.API.Controllers.PatientsController.Create(CreatePatientDto dto) in C:\Users\ASUS\source\repos\CMS\src\CMS.API\Controllers\Controllers.cs:line 103
   at Microsoft.AspNetCore.Mvc.Infrastructure.ActionMethodExecutor.TaskOfIActionResultExecutor.Execute(ActionContext actionContext, IActionResultTypeMapper mapper, ObjectMethodExecutor executor, Object controller, Object[] arguments)
   at Microsoft.AspNetCore.Mvc.Infrastructure.ControllerActionInvoker.<InvokeActionMethodAsync>g__Awaited|12_0(ControllerActionInvoker invoker, ValueTask`1 actionResultValueTask)
   at Microsoft.AspNetCore.Mvc.Infrastructure.ControllerActionInvoker.<InvokeNextActionFilterAsync>g__Awaited|10_0(ControllerActionInvoker invoker, Task lastTask, State next, Scope scope, Object state, Boolean isCompleted)
   at Microsoft.AspNetCore.Mvc.Infrastructure.ControllerActionInvoker.Rethrow(ActionExecutedContextSealed context)
   at Microsoft.AspNetCore.Mvc.Infrastructure.ControllerActionInvoker.Next(State& next, Scope& scope, Object& state, Boolean& isCompleted)
   at Microsoft.AspNetCore.Mvc.Infrastructure.ControllerActionInvoker.<InvokeInnerFilterAsync>g__Awaited|13_0(ControllerActionInvoker invoker, Task lastTask, State next, Scope scope, Object state, Boolean isCompleted)
   at Microsoft.AspNetCore.Mvc.Infrastructure.ResourceInvoker.<InvokeFilterPipelineAsync>g__Awaited|20_0(ResourceInvoker invoker, Task lastTask, State next, Scope scope, Object state, Boolean isCompleted)
   at Microsoft.AspNetCore.Mvc.Infrastructure.ResourceInvoker.<InvokeAsync>g__Logged|17_1(ResourceInvoker invoker)
   at Microsoft.AspNetCore.Mvc.Infrastructure.ResourceInvoker.<InvokeAsync>g__Logged|17_1(ResourceInvoker invoker)
   at Microsoft.AspNetCore.Routing.EndpointMiddleware.<Invoke>g__AwaitRequestTask|7_0(Endpoint endpoint, Task requestTask, ILogger logger)
   at Microsoft.AspNetCore.Authorization.AuthorizationMiddleware.Invoke(HttpContext context)
   at Microsoft.AspNetCore.Authentication.AuthenticationMiddleware.Invoke(HttpContext context)
   at Swashbuckle.AspNetCore.SwaggerUI.SwaggerUIMiddleware.Invoke(HttpContext httpContext)
   at Swashbuckle.AspNetCore.Swagger.SwaggerMiddleware.Invoke(HttpContext httpContext, ISwaggerProvider swaggerProvider)
   at CMS.API.Middleware.TenantMiddleware.InvokeAsync(HttpContext context) in C:\Users\ASUS\source\repos\CMS\src\CMS.API\Middleware\Middlewares.cs:line 26
   at CMS.API.Middleware.ExceptionMiddleware.InvokeAsync(HttpContext context) in C:\Users\ASUS\source\repos\CMS\src\CMS.API\Middleware\Middlewares.cs:line 45
ClientConnectionId:0e6eb47e-32b6-40d9-8e79-44f713ec0a23
Error Number:547,State:0,Class:16
2026-09-02 12:10:52.081 +03:00 [INF] Request finished HTTP/1.1 POST http://localhost:5010/api/v1/Patients - 500 null application/json 237.1274ms
2026-09-02 15:11:00.894 +03:00 [INF] Request starting HTTP/1.1 GET http://localhost:5010/api/v1/dashboard/metrics - null null
2026-09-02 15:11:00.904 +03:00 [INF] Failed to validate the token.
Microsoft.IdentityModel.Tokens.SecurityTokenMalformedException: IDX14120: JWT is not well formed, there is only one dot (.).
The token needs to be in JWS or JWE Compact Serialization Format. (JWS): 'EncodedHeader.EncodedPayload.EncodedSignature'. (JWE): 'EncodedProtectedHeader.EncodedEncryptedKey.EncodedInitializationVector.EncodedCiphertext.EncodedAuthenticationTag'.
   at Microsoft.IdentityModel.JsonWebTokens.JsonWebToken.ReadToken(ReadOnlyMemory`1 encodedTokenMemory)
   at Microsoft.IdentityModel.JsonWebTokens.JsonWebToken..ctor(String jwtEncodedString)
   at Microsoft.IdentityModel.JsonWebTokens.JsonWebTokenHandler.ReadToken(String token, TokenValidationParameters validationParameters)
2026-09-02 15:11:00.909 +03:00 [INF] Bearer was not authenticated. Failure message: IDX14120: JWT is not well formed, there is only one dot (.).
The token needs to be in JWS or JWE Compact Serialization Format. (JWS): 'EncodedHeader.EncodedPayload.EncodedSignature'. (JWE): 'EncodedProtectedHeader.EncodedEncryptedKey.EncodedInitializationVector.EncodedCiphertext.EncodedAuthenticationTag'.
2026-09-02 15:11:00.912 +03:00 [INF] Executing endpoint 'CMS.API.Controllers.DashboardController.GetMetrics (CMS.API)'
2026-09-02 15:11:00.915 +03:00 [INF] Route matched with {action = "GetMetrics", controller = "Dashboard"}. Executing controller action with signature System.Threading.Tasks.Task`1[Microsoft.AspNetCore.Mvc.IActionResult] GetMetrics() on controller CMS.API.Controllers.DashboardController (CMS.API).
2026-09-02 15:11:01.051 +03:00 [INF] Executing OkObjectResult, writing value of type 'CMS.Shared.DTOs.ApiResponse`1[[CMS.Shared.DTOs.DashboardMetricsDto, CMS.Shared, Version=1.0.0.0, Culture=neutral, PublicKeyToken=null]]'.
2026-09-02 15:11:01.055 +03:00 [INF] Executed action CMS.API.Controllers.DashboardController.GetMetrics (CMS.API) in 133.0302ms
2026-09-02 15:11:01.058 +03:00 [INF] Executed endpoint 'CMS.API.Controllers.DashboardController.GetMetrics (CMS.API)'
2026-09-02 15:11:01.061 +03:00 [INF] Request starting HTTP/1.1 GET http://localhost:5010/api/v1/dashboard/metrics - null null
2026-09-02 15:11:01.062 +03:00 [INF] Request finished HTTP/1.1 GET http://localhost:5010/api/v1/dashboard/metrics - 200 null application/json; charset=utf-8 168.119ms
2026-09-02 15:11:01.070 +03:00 [INF] Failed to validate the token.
Microsoft.IdentityModel.Tokens.SecurityTokenMalformedException: IDX14120: JWT is not well formed, there is only one dot (.).
The token needs to be in JWS or JWE Compact Serialization Format. (JWS): 'EncodedHeader.EncodedPayload.EncodedSignature'. (JWE): 'EncodedProtectedHeader.EncodedEncryptedKey.EncodedInitializationVector.EncodedCiphertext.EncodedAuthenticationTag'.
   at Microsoft.IdentityModel.JsonWebTokens.JsonWebToken.ReadToken(ReadOnlyMemory`1 encodedTokenMemory)
   at Microsoft.IdentityModel.JsonWebTokens.JsonWebToken..ctor(String jwtEncodedString)
   at Microsoft.IdentityModel.JsonWebTokens.JsonWebTokenHandler.ReadToken(String token, TokenValidationParameters validationParameters)
2026-09-02 15:11:01.091 +03:00 [INF] Bearer was not authenticated. Failure message: IDX14120: JWT is not well formed, there is only one dot (.).
The token needs to be in JWS or JWE Compact Serialization Format. (JWS): 'EncodedHeader.EncodedPayload.EncodedSignature'. (JWE): 'EncodedProtectedHeader.EncodedEncryptedKey.EncodedInitializationVector.EncodedCiphertext.EncodedAuthenticationTag'.
2026-09-02 15:11:01.096 +03:00 [INF] Executing endpoint 'CMS.API.Controllers.DashboardController.GetMetrics (CMS.API)'
2026-09-02 15:11:01.099 +03:00 [INF] Route matched with {action = "GetMetrics", controller = "Dashboard"}. Executing controller action with signature System.Threading.Tasks.Task`1[Microsoft.AspNetCore.Mvc.IActionResult] GetMetrics() on controller CMS.API.Controllers.DashboardController (CMS.API).
2026-09-02 15:11:01.112 +03:00 [INF] Executing OkObjectResult, writing value of type 'CMS.Shared.DTOs.ApiResponse`1[[CMS.Shared.DTOs.DashboardMetricsDto, CMS.Shared, Version=1.0.0.0, Culture=neutral, PublicKeyToken=null]]'.
2026-09-02 15:11:01.117 +03:00 [INF] Executed action CMS.API.Controllers.DashboardController.GetMetrics (CMS.API) in 12.795ms
2026-09-02 15:11:01.121 +03:00 [INF] Executed endpoint 'CMS.API.Controllers.DashboardController.GetMetrics (CMS.API)'
2026-09-02 15:11:01.125 +03:00 [INF] Request finished HTTP/1.1 GET http://localhost:5010/api/v1/dashboard/metrics - 200 null application/json; charset=utf-8 64.1587ms
2026-09-02 15:11:01.671 +03:00 [INF] Request starting HTTP/1.1 GET http://localhost:5010/api/v1/dashboard/metrics - null null
2026-09-02 15:11:01.671 +03:00 [INF] Request starting HTTP/1.1 GET http://localhost:5010/api/v1/dashboard/metrics - null null
2026-09-02 15:11:01.679 +03:00 [INF] Failed to validate the token.
Microsoft.IdentityModel.Tokens.SecurityTokenMalformedException: IDX14120: JWT is not well formed, there is only one dot (.).
The token needs to be in JWS or JWE Compact Serialization Format. (JWS): 'EncodedHeader.EncodedPayload.EncodedSignature'. (JWE): 'EncodedProtectedHeader.EncodedEncryptedKey.EncodedInitializationVector.EncodedCiphertext.EncodedAuthenticationTag'.
   at Microsoft.IdentityModel.JsonWebTokens.JsonWebToken.ReadToken(ReadOnlyMemory`1 encodedTokenMemory)
   at Microsoft.IdentityModel.JsonWebTokens.JsonWebToken..ctor(String jwtEncodedString)
   at Microsoft.IdentityModel.JsonWebTokens.JsonWebTokenHandler.ReadToken(String token, TokenValidationParameters validationParameters)
2026-09-02 15:11:01.685 +03:00 [INF] Failed to validate the token.
Microsoft.IdentityModel.Tokens.SecurityTokenMalformedException: IDX14120: JWT is not well formed, there is only one dot (.).
The token needs to be in JWS or JWE Compact Serialization Format. (JWS): 'EncodedHeader.EncodedPayload.EncodedSignature'. (JWE): 'EncodedProtectedHeader.EncodedEncryptedKey.EncodedInitializationVector.EncodedCiphertext.EncodedAuthenticationTag'.
   at Microsoft.IdentityModel.JsonWebTokens.JsonWebToken.ReadToken(ReadOnlyMemory`1 encodedTokenMemory)
   at Microsoft.IdentityModel.JsonWebTokens.JsonWebToken..ctor(String jwtEncodedString)
   at Microsoft.IdentityModel.JsonWebTokens.JsonWebTokenHandler.ReadToken(String token, TokenValidationParameters validationParameters)
2026-09-02 15:11:01.689 +03:00 [INF] Bearer was not authenticated. Failure message: IDX14120: JWT is not well formed, there is only one dot (.).
The token needs to be in JWS or JWE Compact Serialization Format. (JWS): 'EncodedHeader.EncodedPayload.EncodedSignature'. (JWE): 'EncodedProtectedHeader.EncodedEncryptedKey.EncodedInitializationVector.EncodedCiphertext.EncodedAuthenticationTag'.
2026-09-02 15:11:01.693 +03:00 [INF] Bearer was not authenticated. Failure message: IDX14120: JWT is not well formed, there is only one dot (.).
The token needs to be in JWS or JWE Compact Serialization Format. (JWS): 'EncodedHeader.EncodedPayload.EncodedSignature'. (JWE): 'EncodedProtectedHeader.EncodedEncryptedKey.EncodedInitializationVector.EncodedCiphertext.EncodedAuthenticationTag'.
2026-09-02 15:11:01.694 +03:00 [INF] Executing endpoint 'CMS.API.Controllers.DashboardController.GetMetrics (CMS.API)'
2026-09-02 15:11:01.696 +03:00 [INF] Executing endpoint 'CMS.API.Controllers.DashboardController.GetMetrics (CMS.API)'
2026-09-02 15:11:01.699 +03:00 [INF] Route matched with {action = "GetMetrics", controller = "Dashboard"}. Executing controller action with signature System.Threading.Tasks.Task`1[Microsoft.AspNetCore.Mvc.IActionResult] GetMetrics() on controller CMS.API.Controllers.DashboardController (CMS.API).
2026-09-02 15:11:01.703 +03:00 [INF] Route matched with {action = "GetMetrics", controller = "Dashboard"}. Executing controller action with signature System.Threading.Tasks.Task`1[Microsoft.AspNetCore.Mvc.IActionResult] GetMetrics() on controller CMS.API.Controllers.DashboardController (CMS.API).
2026-09-02 15:11:01.714 +03:00 [INF] Executing OkObjectResult, writing value of type 'CMS.Shared.DTOs.ApiResponse`1[[CMS.Shared.DTOs.DashboardMetricsDto, CMS.Shared, Version=1.0.0.0, Culture=neutral, PublicKeyToken=null]]'.
2026-09-02 15:11:01.719 +03:00 [INF] Executed action CMS.API.Controllers.DashboardController.GetMetrics (CMS.API) in 12.4312ms
2026-09-02 15:11:01.723 +03:00 [INF] Executed endpoint 'CMS.API.Controllers.DashboardController.GetMetrics (CMS.API)'
2026-09-02 15:11:01.726 +03:00 [INF] Request finished HTTP/1.1 GET http://localhost:5010/api/v1/dashboard/metrics - 200 null application/json; charset=utf-8 55.4506ms
2026-09-02 15:11:01.732 +03:00 [INF] Executing OkObjectResult, writing value of type 'CMS.Shared.DTOs.ApiResponse`1[[CMS.Shared.DTOs.DashboardMetricsDto, CMS.Shared, Version=1.0.0.0, Culture=neutral, PublicKeyToken=null]]'.
2026-09-02 15:11:01.739 +03:00 [INF] Executed action CMS.API.Controllers.DashboardController.GetMetrics (CMS.API) in 28.0294ms
2026-09-02 15:11:01.743 +03:00 [INF] Executed endpoint 'CMS.API.Controllers.DashboardController.GetMetrics (CMS.API)'
2026-09-02 15:11:01.746 +03:00 [INF] Request finished HTTP/1.1 GET http://localhost:5010/api/v1/dashboard/metrics - 200 null application/json; charset=utf-8 74.9283ms
2026-09-02 15:11:16.053 +03:00 [INF] Request starting HTTP/1.1 GET http://localhost:5010/api/v1/dashboard/metrics - null null
2026-09-02 15:11:16.063 +03:00 [INF] Failed to validate the token.
Microsoft.IdentityModel.Tokens.SecurityTokenMalformedException: IDX14120: JWT is not well formed, there is only one dot (.).
The token needs to be in JWS or JWE Compact Serialization Format. (JWS): 'EncodedHeader.EncodedPayload.EncodedSignature'. (JWE): 'EncodedProtectedHeader.EncodedEncryptedKey.EncodedInitializationVector.EncodedCiphertext.EncodedAuthenticationTag'.
   at Microsoft.IdentityModel.JsonWebTokens.JsonWebToken.ReadToken(ReadOnlyMemory`1 encodedTokenMemory)
   at Microsoft.IdentityModel.JsonWebTokens.JsonWebToken..ctor(String jwtEncodedString)
   at Microsoft.IdentityModel.JsonWebTokens.JsonWebTokenHandler.ReadToken(String token, TokenValidationParameters validationParameters)
2026-09-02 15:11:16.073 +03:00 [INF] Bearer was not authenticated. Failure message: IDX14120: JWT is not well formed, there is only one dot (.).
The token needs to be in JWS or JWE Compact Serialization Format. (JWS): 'EncodedHeader.EncodedPayload.EncodedSignature'. (JWE): 'EncodedProtectedHeader.EncodedEncryptedKey.EncodedInitializationVector.EncodedCiphertext.EncodedAuthenticationTag'.
2026-09-02 15:11:16.078 +03:00 [INF] Executing endpoint 'CMS.API.Controllers.DashboardController.GetMetrics (CMS.API)'
2026-09-02 15:11:16.084 +03:00 [INF] Route matched with {action = "GetMetrics", controller = "Dashboard"}. Executing controller action with signature System.Threading.Tasks.Task`1[Microsoft.AspNetCore.Mvc.IActionResult] GetMetrics() on controller CMS.API.Controllers.DashboardController (CMS.API).
2026-09-02 15:11:16.102 +03:00 [INF] Executing OkObjectResult, writing value of type 'CMS.Shared.DTOs.ApiResponse`1[[CMS.Shared.DTOs.DashboardMetricsDto, CMS.Shared, Version=1.0.0.0, Culture=neutral, PublicKeyToken=null]]'.
2026-09-02 15:11:16.106 +03:00 [INF] Executed action CMS.API.Controllers.DashboardController.GetMetrics (CMS.API) in 11.5299ms
2026-09-02 15:11:16.111 +03:00 [INF] Executed endpoint 'CMS.API.Controllers.DashboardController.GetMetrics (CMS.API)'
2026-09-02 15:11:16.113 +03:00 [INF] Request starting HTTP/1.1 GET http://localhost:5010/api/v1/dashboard/metrics - null null
2026-09-02 15:11:16.114 +03:00 [INF] Request finished HTTP/1.1 GET http://localhost:5010/api/v1/dashboard/metrics - 200 null application/json; charset=utf-8 60.9076ms
2026-09-02 15:11:16.123 +03:00 [INF] Failed to validate the token.
Microsoft.IdentityModel.Tokens.SecurityTokenMalformedException: IDX14120: JWT is not well formed, there is only one dot (.).
The token needs to be in JWS or JWE Compact Serialization Format. (JWS): 'EncodedHeader.EncodedPayload.EncodedSignature'. (JWE): 'EncodedProtectedHeader.EncodedEncryptedKey.EncodedInitializationVector.EncodedCiphertext.EncodedAuthenticationTag'.
   at Microsoft.IdentityModel.JsonWebTokens.JsonWebToken.ReadToken(ReadOnlyMemory`1 encodedTokenMemory)
   at Microsoft.IdentityModel.JsonWebTokens.JsonWebToken..ctor(String jwtEncodedString)
   at Microsoft.IdentityModel.JsonWebTokens.JsonWebTokenHandler.ReadToken(String token, TokenValidationParameters validationParameters)
2026-09-02 15:11:16.135 +03:00 [INF] Bearer was not authenticated. Failure message: IDX14120: JWT is not well formed, there is only one dot (.).
The token needs to be in JWS or JWE Compact Serialization Format. (JWS): 'EncodedHeader.EncodedPayload.EncodedSignature'. (JWE): 'EncodedProtectedHeader.EncodedEncryptedKey.EncodedInitializationVector.EncodedCiphertext.EncodedAuthenticationTag'.
2026-09-02 15:11:16.138 +03:00 [INF] Executing endpoint 'CMS.API.Controllers.DashboardController.GetMetrics (CMS.API)'
2026-09-02 15:11:16.141 +03:00 [INF] Route matched with {action = "GetMetrics", controller = "Dashboard"}. Executing controller action with signature System.Threading.Tasks.Task`1[Microsoft.AspNetCore.Mvc.IActionResult] GetMetrics() on controller CMS.API.Controllers.DashboardController (CMS.API).
2026-09-02 15:11:16.152 +03:00 [INF] Executing OkObjectResult, writing value of type 'CMS.Shared.DTOs.ApiResponse`1[[CMS.Shared.DTOs.DashboardMetricsDto, CMS.Shared, Version=1.0.0.0, Culture=neutral, PublicKeyToken=null]]'.
2026-09-02 15:11:16.156 +03:00 [INF] Executed action CMS.API.Controllers.DashboardController.GetMetrics (CMS.API) in 10.2203ms
2026-09-02 15:11:16.160 +03:00 [INF] Executed endpoint 'CMS.API.Controllers.DashboardController.GetMetrics (CMS.API)'
2026-09-02 15:11:16.162 +03:00 [INF] Request finished HTTP/1.1 GET http://localhost:5010/api/v1/dashboard/metrics - 200 null application/json; charset=utf-8 49.5111ms
2026-09-02 15:11:17.410 +03:00 [INF] Request starting HTTP/1.1 GET http://localhost:5010/api/v1/dashboard/metrics - null null
2026-09-02 15:11:17.419 +03:00 [INF] Failed to validate the token.
Microsoft.IdentityModel.Tokens.SecurityTokenMalformedException: IDX14120: JWT is not well formed, there is only one dot (.).
The token needs to be in JWS or JWE Compact Serialization Format. (JWS): 'EncodedHeader.EncodedPayload.EncodedSignature'. (JWE): 'EncodedProtectedHeader.EncodedEncryptedKey.EncodedInitializationVector.EncodedCiphertext.EncodedAuthenticationTag'.
   at Microsoft.IdentityModel.JsonWebTokens.JsonWebToken.ReadToken(ReadOnlyMemory`1 encodedTokenMemory)
   at Microsoft.IdentityModel.JsonWebTokens.JsonWebToken..ctor(String jwtEncodedString)
   at Microsoft.IdentityModel.JsonWebTokens.JsonWebTokenHandler.ReadToken(String token, TokenValidationParameters validationParameters)
2026-09-02 15:11:17.425 +03:00 [INF] Bearer was not authenticated. Failure message: IDX14120: JWT is not well formed, there is only one dot (.).
The token needs to be in JWS or JWE Compact Serialization Format. (JWS): 'EncodedHeader.EncodedPayload.EncodedSignature'. (JWE): 'EncodedProtectedHeader.EncodedEncryptedKey.EncodedInitializationVector.EncodedCiphertext.EncodedAuthenticationTag'.
2026-09-02 15:11:17.430 +03:00 [INF] Executing endpoint 'CMS.API.Controllers.DashboardController.GetMetrics (CMS.API)'
2026-09-02 15:11:17.433 +03:00 [INF] Route matched with {action = "GetMetrics", controller = "Dashboard"}. Executing controller action with signature System.Threading.Tasks.Task`1[Microsoft.AspNetCore.Mvc.IActionResult] GetMetrics() on controller CMS.API.Controllers.DashboardController (CMS.API).
2026-09-02 15:11:17.445 +03:00 [INF] Executing OkObjectResult, writing value of type 'CMS.Shared.DTOs.ApiResponse`1[[CMS.Shared.DTOs.DashboardMetricsDto, CMS.Shared, Version=1.0.0.0, Culture=neutral, PublicKeyToken=null]]'.
2026-09-02 15:11:17.449 +03:00 [INF] Executed action CMS.API.Controllers.DashboardController.GetMetrics (CMS.API) in 12.1759ms
2026-09-02 15:11:17.455 +03:00 [INF] Executed endpoint 'CMS.API.Controllers.DashboardController.GetMetrics (CMS.API)'
2026-09-02 15:11:17.455 +03:00 [INF] Request starting HTTP/1.1 GET http://localhost:5010/api/v1/dashboard/metrics - null null
2026-09-02 15:11:17.457 +03:00 [INF] Request finished HTTP/1.1 GET http://localhost:5010/api/v1/dashboard/metrics - 200 null application/json; charset=utf-8 47.6248ms
2026-09-02 15:11:17.464 +03:00 [INF] Failed to validate the token.
Microsoft.IdentityModel.Tokens.SecurityTokenMalformedException: IDX14120: JWT is not well formed, there is only one dot (.).
The token needs to be in JWS or JWE Compact Serialization Format. (JWS): 'EncodedHeader.EncodedPayload.EncodedSignature'. (JWE): 'EncodedProtectedHeader.EncodedEncryptedKey.EncodedInitializationVector.EncodedCiphertext.EncodedAuthenticationTag'.
   at Microsoft.IdentityModel.JsonWebTokens.JsonWebToken.ReadToken(ReadOnlyMemory`1 encodedTokenMemory)
   at Microsoft.IdentityModel.JsonWebTokens.JsonWebToken..ctor(String jwtEncodedString)
   at Microsoft.IdentityModel.JsonWebTokens.JsonWebTokenHandler.ReadToken(String token, TokenValidationParameters validationParameters)
2026-09-02 15:11:17.475 +03:00 [INF] Bearer was not authenticated. Failure message: IDX14120: JWT is not well formed, there is only one dot (.).
The token needs to be in JWS or JWE Compact Serialization Format. (JWS): 'EncodedHeader.EncodedPayload.EncodedSignature'. (JWE): 'EncodedProtectedHeader.EncodedEncryptedKey.EncodedInitializationVector.EncodedCiphertext.EncodedAuthenticationTag'.
2026-09-02 15:11:17.478 +03:00 [INF] Executing endpoint 'CMS.API.Controllers.DashboardController.GetMetrics (CMS.API)'
2026-09-02 15:11:17.481 +03:00 [INF] Route matched with {action = "GetMetrics", controller = "Dashboard"}. Executing controller action with signature System.Threading.Tasks.Task`1[Microsoft.AspNetCore.Mvc.IActionResult] GetMetrics() on controller CMS.API.Controllers.DashboardController (CMS.API).
2026-09-02 15:11:17.493 +03:00 [INF] Executing OkObjectResult, writing value of type 'CMS.Shared.DTOs.ApiResponse`1[[CMS.Shared.DTOs.DashboardMetricsDto, CMS.Shared, Version=1.0.0.0, Culture=neutral, PublicKeyToken=null]]'.
2026-09-02 15:11:17.496 +03:00 [INF] Executed action CMS.API.Controllers.DashboardController.GetMetrics (CMS.API) in 10.5028ms
2026-09-02 15:11:17.500 +03:00 [INF] Executed endpoint 'CMS.API.Controllers.DashboardController.GetMetrics (CMS.API)'
2026-09-02 15:11:17.503 +03:00 [INF] Request finished HTTP/1.1 GET http://localhost:5010/api/v1/dashboard/metrics - 200 null application/json; charset=utf-8 48.1906ms
2026-09-02 15:11:18.569 +03:00 [INF] Request starting HTTP/1.1 GET http://localhost:5010/api/v1/dashboard/metrics - null null
2026-09-02 15:11:18.576 +03:00 [INF] Failed to validate the token.
Microsoft.IdentityModel.Tokens.SecurityTokenMalformedException: IDX14120: JWT is not well formed, there is only one dot (.).
The token needs to be in JWS or JWE Compact Serialization Format. (JWS): 'EncodedHeader.EncodedPayload.EncodedSignature'. (JWE): 'EncodedProtectedHeader.EncodedEncryptedKey.EncodedInitializationVector.EncodedCiphertext.EncodedAuthenticationTag'.
   at Microsoft.IdentityModel.JsonWebTokens.JsonWebToken.ReadToken(ReadOnlyMemory`1 encodedTokenMemory)
   at Microsoft.IdentityModel.JsonWebTokens.JsonWebToken..ctor(String jwtEncodedString)
   at Microsoft.IdentityModel.JsonWebTokens.JsonWebTokenHandler.ReadToken(String token, TokenValidationParameters validationParameters)
2026-09-02 15:11:18.582 +03:00 [INF] Bearer was not authenticated. Failure message: IDX14120: JWT is not well formed, there is only one dot (.).
The token needs to be in JWS or JWE Compact Serialization Format. (JWS): 'EncodedHeader.EncodedPayload.EncodedSignature'. (JWE): 'EncodedProtectedHeader.EncodedEncryptedKey.EncodedInitializationVector.EncodedCiphertext.EncodedAuthenticationTag'.
2026-09-02 15:11:18.586 +03:00 [INF] Executing endpoint 'CMS.API.Controllers.DashboardController.GetMetrics (CMS.API)'
2026-09-02 15:11:18.590 +03:00 [INF] Route matched with {action = "GetMetrics", controller = "Dashboard"}. Executing controller action with signature System.Threading.Tasks.Task`1[Microsoft.AspNetCore.Mvc.IActionResult] GetMetrics() on controller CMS.API.Controllers.DashboardController (CMS.API).
2026-09-02 15:11:18.602 +03:00 [INF] Executing OkObjectResult, writing value of type 'CMS.Shared.DTOs.ApiResponse`1[[CMS.Shared.DTOs.DashboardMetricsDto, CMS.Shared, Version=1.0.0.0, Culture=neutral, PublicKeyToken=null]]'.
2026-09-02 15:11:18.609 +03:00 [INF] Executed action CMS.API.Controllers.DashboardController.GetMetrics (CMS.API) in 13.1437ms
2026-09-02 15:11:18.614 +03:00 [INF] Executed endpoint 'CMS.API.Controllers.DashboardController.GetMetrics (CMS.API)'
2026-09-02 15:11:18.616 +03:00 [INF] Request starting HTTP/1.1 GET http://localhost:5010/api/v1/dashboard/metrics - null null
2026-09-02 15:11:18.617 +03:00 [INF] Request finished HTTP/1.1 GET http://localhost:5010/api/v1/dashboard/metrics - 200 null application/json; charset=utf-8 48.3906ms
2026-09-02 15:11:18.624 +03:00 [INF] Failed to validate the token.
Microsoft.IdentityModel.Tokens.SecurityTokenMalformedException: IDX14120: JWT is not well formed, there is only one dot (.).
The token needs to be in JWS or JWE Compact Serialization Format. (JWS): 'EncodedHeader.EncodedPayload.EncodedSignature'. (JWE): 'EncodedProtectedHeader.EncodedEncryptedKey.EncodedInitializationVector.EncodedCiphertext.EncodedAuthenticationTag'.
   at Microsoft.IdentityModel.JsonWebTokens.JsonWebToken.ReadToken(ReadOnlyMemory`1 encodedTokenMemory)
   at Microsoft.IdentityModel.JsonWebTokens.JsonWebToken..ctor(String jwtEncodedString)
   at Microsoft.IdentityModel.JsonWebTokens.JsonWebTokenHandler.ReadToken(String token, TokenValidationParameters validationParameters)
2026-09-02 15:11:18.635 +03:00 [INF] Bearer was not authenticated. Failure message: IDX14120: JWT is not well formed, there is only one dot (.).
The token needs to be in JWS or JWE Compact Serialization Format. (JWS): 'EncodedHeader.EncodedPayload.EncodedSignature'. (JWE): 'EncodedProtectedHeader.EncodedEncryptedKey.EncodedInitializationVector.EncodedCiphertext.EncodedAuthenticationTag'.
2026-09-02 15:11:18.638 +03:00 [INF] Executing endpoint 'CMS.API.Controllers.DashboardController.GetMetrics (CMS.API)'
2026-09-02 15:11:18.641 +03:00 [INF] Route matched with {action = "GetMetrics", controller = "Dashboard"}. Executing controller action with signature System.Threading.Tasks.Task`1[Microsoft.AspNetCore.Mvc.IActionResult] GetMetrics() on controller CMS.API.Controllers.DashboardController (CMS.API).
2026-09-02 15:11:18.651 +03:00 [INF] Executing OkObjectResult, writing value of type 'CMS.Shared.DTOs.ApiResponse`1[[CMS.Shared.DTOs.DashboardMetricsDto, CMS.Shared, Version=1.0.0.0, Culture=neutral, PublicKeyToken=null]]'.
2026-09-02 15:11:18.654 +03:00 [INF] Executed action CMS.API.Controllers.DashboardController.GetMetrics (CMS.API) in 10.0097ms
2026-09-02 15:11:18.658 +03:00 [INF] Executed endpoint 'CMS.API.Controllers.DashboardController.GetMetrics (CMS.API)'
2026-09-02 15:11:18.660 +03:00 [INF] Request finished HTTP/1.1 GET http://localhost:5010/api/v1/dashboard/metrics - 200 null application/json; charset=utf-8 43.9096ms
2026-09-02 15:11:20.035 +03:00 [INF] Request starting HTTP/1.1 GET http://localhost:5010/api/v1/dashboard/metrics - null null
2026-09-02 15:11:20.044 +03:00 [INF] Failed to validate the token.
Microsoft.IdentityModel.Tokens.SecurityTokenMalformedException: IDX14120: JWT is not well formed, there is only one dot (.).
The token needs to be in JWS or JWE Compact Serialization Format. (JWS): 'EncodedHeader.EncodedPayload.EncodedSignature'. (JWE): 'EncodedProtectedHeader.EncodedEncryptedKey.EncodedInitializationVector.EncodedCiphertext.EncodedAuthenticationTag'.
   at Microsoft.IdentityModel.JsonWebTokens.JsonWebToken.ReadToken(ReadOnlyMemory`1 encodedTokenMemory)
   at Microsoft.IdentityModel.JsonWebTokens.JsonWebToken..ctor(String jwtEncodedString)
   at Microsoft.IdentityModel.JsonWebTokens.JsonWebTokenHandler.ReadToken(String token, TokenValidationParameters validationParameters)
2026-09-02 15:11:20.053 +03:00 [INF] Bearer was not authenticated. Failure message: IDX14120: JWT is not well formed, there is only one dot (.).
The token needs to be in JWS or JWE Compact Serialization Format. (JWS): 'EncodedHeader.EncodedPayload.EncodedSignature'. (JWE): 'EncodedProtectedHeader.EncodedEncryptedKey.EncodedInitializationVector.EncodedCiphertext.EncodedAuthenticationTag'.
2026-09-02 15:11:20.058 +03:00 [INF] Executing endpoint 'CMS.API.Controllers.DashboardController.GetMetrics (CMS.API)'
2026-09-02 15:11:20.063 +03:00 [INF] Route matched with {action = "GetMetrics", controller = "Dashboard"}. Executing controller action with signature System.Threading.Tasks.Task`1[Microsoft.AspNetCore.Mvc.IActionResult] GetMetrics() on controller CMS.API.Controllers.DashboardController (CMS.API).
2026-09-02 15:11:20.077 +03:00 [INF] Executing OkObjectResult, writing value of type 'CMS.Shared.DTOs.ApiResponse`1[[CMS.Shared.DTOs.DashboardMetricsDto, CMS.Shared, Version=1.0.0.0, Culture=neutral, PublicKeyToken=null]]'.
2026-09-02 15:11:20.084 +03:00 [INF] Executed action CMS.API.Controllers.DashboardController.GetMetrics (CMS.API) in 14.1914ms
2026-09-02 15:11:20.089 +03:00 [INF] Executed endpoint 'CMS.API.Controllers.DashboardController.GetMetrics (CMS.API)'
2026-09-02 15:11:20.090 +03:00 [INF] Request starting HTTP/1.1 GET http://localhost:5010/api/v1/dashboard/metrics - null null
2026-09-02 15:11:20.093 +03:00 [INF] Request finished HTTP/1.1 GET http://localhost:5010/api/v1/dashboard/metrics - 200 null application/json; charset=utf-8 57.2898ms
2026-09-02 15:11:20.102 +03:00 [INF] Failed to validate the token.
Microsoft.IdentityModel.Tokens.SecurityTokenMalformedException: IDX14120: JWT is not well formed, there is only one dot (.).
The token needs to be in JWS or JWE Compact Serialization Format. (JWS): 'EncodedHeader.EncodedPayload.EncodedSignature'. (JWE): 'EncodedProtectedHeader.EncodedEncryptedKey.EncodedInitializationVector.EncodedCiphertext.EncodedAuthenticationTag'.
   at Microsoft.IdentityModel.JsonWebTokens.JsonWebToken.ReadToken(ReadOnlyMemory`1 encodedTokenMemory)
   at Microsoft.IdentityModel.JsonWebTokens.JsonWebToken..ctor(String jwtEncodedString)
   at Microsoft.IdentityModel.JsonWebTokens.JsonWebTokenHandler.ReadToken(String token, TokenValidationParameters validationParameters)
2026-09-02 15:11:20.116 +03:00 [INF] Bearer was not authenticated. Failure message: IDX14120: JWT is not well formed, there is only one dot (.).
The token needs to be in JWS or JWE Compact Serialization Format. (JWS): 'EncodedHeader.EncodedPayload.EncodedSignature'. (JWE): 'EncodedProtectedHeader.EncodedEncryptedKey.EncodedInitializationVector.EncodedCiphertext.EncodedAuthenticationTag'.
2026-09-02 15:11:20.119 +03:00 [INF] Executing endpoint 'CMS.API.Controllers.DashboardController.GetMetrics (CMS.API)'
2026-09-02 15:11:20.123 +03:00 [INF] Route matched with {action = "GetMetrics", controller = "Dashboard"}. Executing controller action with signature System.Threading.Tasks.Task`1[Microsoft.AspNetCore.Mvc.IActionResult] GetMetrics() on controller CMS.API.Controllers.DashboardController (CMS.API).
2026-09-02 15:11:20.137 +03:00 [INF] Executing OkObjectResult, writing value of type 'CMS.Shared.DTOs.ApiResponse`1[[CMS.Shared.DTOs.DashboardMetricsDto, CMS.Shared, Version=1.0.0.0, Culture=neutral, PublicKeyToken=null]]'.
2026-09-02 15:11:20.143 +03:00 [INF] Executed action CMS.API.Controllers.DashboardController.GetMetrics (CMS.API) in 13.3907ms
2026-09-02 15:11:20.147 +03:00 [INF] Executed endpoint 'CMS.API.Controllers.DashboardController.GetMetrics (CMS.API)'
2026-09-02 15:11:20.151 +03:00 [INF] Request finished HTTP/1.1 GET http://localhost:5010/api/v1/dashboard/metrics - 200 null application/json; charset=utf-8 60.4728ms
2026-09-02 15:11:21.213 +03:00 [INF] Request starting HTTP/1.1 GET http://localhost:5010/api/v1/dashboard/metrics - null null
2026-09-02 15:11:21.220 +03:00 [INF] Failed to validate the token.
Microsoft.IdentityModel.Tokens.SecurityTokenMalformedException: IDX14120: JWT is not well formed, there is only one dot (.).
The token needs to be in JWS or JWE Compact Serialization Format. (JWS): 'EncodedHeader.EncodedPayload.EncodedSignature'. (JWE): 'EncodedProtectedHeader.EncodedEncryptedKey.EncodedInitializationVector.EncodedCiphertext.EncodedAuthenticationTag'.
   at Microsoft.IdentityModel.JsonWebTokens.JsonWebToken.ReadToken(ReadOnlyMemory`1 encodedTokenMemory)
   at Microsoft.IdentityModel.JsonWebTokens.JsonWebToken..ctor(String jwtEncodedString)
   at Microsoft.IdentityModel.JsonWebTokens.JsonWebTokenHandler.ReadToken(String token, TokenValidationParameters validationParameters)
2026-09-02 15:11:21.227 +03:00 [INF] Bearer was not authenticated. Failure message: IDX14120: JWT is not well formed, there is only one dot (.).
The token needs to be in JWS or JWE Compact Serialization Format. (JWS): 'EncodedHeader.EncodedPayload.EncodedSignature'. (JWE): 'EncodedProtectedHeader.EncodedEncryptedKey.EncodedInitializationVector.EncodedCiphertext.EncodedAuthenticationTag'.
2026-09-02 15:11:21.231 +03:00 [INF] Executing endpoint 'CMS.API.Controllers.DashboardController.GetMetrics (CMS.API)'
2026-09-02 15:11:21.234 +03:00 [INF] Route matched with {action = "GetMetrics", controller = "Dashboard"}. Executing controller action with signature System.Threading.Tasks.Task`1[Microsoft.AspNetCore.Mvc.IActionResult] GetMetrics() on controller CMS.API.Controllers.DashboardController (CMS.API).
2026-09-02 15:11:21.247 +03:00 [INF] Executing OkObjectResult, writing value of type 'CMS.Shared.DTOs.ApiResponse`1[[CMS.Shared.DTOs.DashboardMetricsDto, CMS.Shared, Version=1.0.0.0, Culture=neutral, PublicKeyToken=null]]'.
2026-09-02 15:11:21.252 +03:00 [INF] Executed action CMS.API.Controllers.DashboardController.GetMetrics (CMS.API) in 13.5619ms
2026-09-02 15:11:21.256 +03:00 [INF] Executed endpoint 'CMS.API.Controllers.DashboardController.GetMetrics (CMS.API)'
2026-09-02 15:11:21.258 +03:00 [INF] Request starting HTTP/1.1 GET http://localhost:5010/api/v1/dashboard/metrics - null null
2026-09-02 15:11:21.259 +03:00 [INF] Request finished HTTP/1.1 GET http://localhost:5010/api/v1/dashboard/metrics - 200 null application/json; charset=utf-8 46.2668ms
2026-09-02 15:11:21.266 +03:00 [INF] Failed to validate the token.
Microsoft.IdentityModel.Tokens.SecurityTokenMalformedException: IDX14120: JWT is not well formed, there is only one dot (.).
The token needs to be in JWS or JWE Compact Serialization Format. (JWS): 'EncodedHeader.EncodedPayload.EncodedSignature'. (JWE): 'EncodedProtectedHeader.EncodedEncryptedKey.EncodedInitializationVector.EncodedCiphertext.EncodedAuthenticationTag'.
   at Microsoft.IdentityModel.JsonWebTokens.JsonWebToken.ReadToken(ReadOnlyMemory`1 encodedTokenMemory)
   at Microsoft.IdentityModel.JsonWebTokens.JsonWebToken..ctor(String jwtEncodedString)
   at Microsoft.IdentityModel.JsonWebTokens.JsonWebTokenHandler.ReadToken(String token, TokenValidationParameters validationParameters)
2026-09-02 15:11:21.276 +03:00 [INF] Bearer was not authenticated. Failure message: IDX14120: JWT is not well formed, there is only one dot (.).
The token needs to be in JWS or JWE Compact Serialization Format. (JWS): 'EncodedHeader.EncodedPayload.EncodedSignature'. (JWE): 'EncodedProtectedHeader.EncodedEncryptedKey.EncodedInitializationVector.EncodedCiphertext.EncodedAuthenticationTag'.
2026-09-02 15:11:21.279 +03:00 [INF] Executing endpoint 'CMS.API.Controllers.DashboardController.GetMetrics (CMS.API)'
2026-09-02 15:11:21.281 +03:00 [INF] Route matched with {action = "GetMetrics", controller = "Dashboard"}. Executing controller action with signature System.Threading.Tasks.Task`1[Microsoft.AspNetCore.Mvc.IActionResult] GetMetrics() on controller CMS.API.Controllers.DashboardController (CMS.API).
2026-09-02 15:11:21.292 +03:00 [INF] Executing OkObjectResult, writing value of type 'CMS.Shared.DTOs.ApiResponse`1[[CMS.Shared.DTOs.DashboardMetricsDto, CMS.Shared, Version=1.0.0.0, Culture=neutral, PublicKeyToken=null]]'.
2026-09-02 15:11:21.296 +03:00 [INF] Executed action CMS.API.Controllers.DashboardController.GetMetrics (CMS.API) in 10.1759ms
2026-09-02 15:11:21.300 +03:00 [INF] Executed endpoint 'CMS.API.Controllers.DashboardController.GetMetrics (CMS.API)'
2026-09-02 15:11:21.302 +03:00 [INF] Request finished HTTP/1.1 GET http://localhost:5010/api/v1/dashboard/metrics - 200 null application/json; charset=utf-8 44.4275ms
2026-09-02 15:11:23.865 +03:00 [INF] Request starting HTTP/1.1 GET http://localhost:5010/api/v1/patients/search?q= - application/json null
2026-09-02 15:11:23.871 +03:00 [INF] Failed to validate the token.
Microsoft.IdentityModel.Tokens.SecurityTokenMalformedException: IDX14120: JWT is not well formed, there is only one dot (.).
The token needs to be in JWS or JWE Compact Serialization Format. (JWS): 'EncodedHeader.EncodedPayload.EncodedSignature'. (JWE): 'EncodedProtectedHeader.EncodedEncryptedKey.EncodedInitializationVector.EncodedCiphertext.EncodedAuthenticationTag'.
   at Microsoft.IdentityModel.JsonWebTokens.JsonWebToken.ReadToken(ReadOnlyMemory`1 encodedTokenMemory)
   at Microsoft.IdentityModel.JsonWebTokens.JsonWebToken..ctor(String jwtEncodedString)
   at Microsoft.IdentityModel.JsonWebTokens.JsonWebTokenHandler.ReadToken(String token, TokenValidationParameters validationParameters)
2026-09-02 15:11:23.875 +03:00 [INF] Bearer was not authenticated. Failure message: IDX14120: JWT is not well formed, there is only one dot (.).
The token needs to be in JWS or JWE Compact Serialization Format. (JWS): 'EncodedHeader.EncodedPayload.EncodedSignature'. (JWE): 'EncodedProtectedHeader.EncodedEncryptedKey.EncodedInitializationVector.EncodedCiphertext.EncodedAuthenticationTag'.
2026-09-02 15:11:23.877 +03:00 [INF] Executing endpoint 'CMS.API.Controllers.PatientsController.Search (CMS.API)'
2026-09-02 15:11:23.879 +03:00 [INF] Route matched with {action = "Search", controller = "Patients"}. Executing controller action with signature System.Threading.Tasks.Task`1[Microsoft.AspNetCore.Mvc.IActionResult] Search(System.String, Int32) on controller CMS.API.Controllers.PatientsController (CMS.API).
2026-09-02 15:11:23.883 +03:00 [INF] Executing BadRequestObjectResult, writing value of type 'Microsoft.AspNetCore.Mvc.ValidationProblemDetails'.
2026-09-02 15:11:23.886 +03:00 [INF] Executed action CMS.API.Controllers.PatientsController.Search (CMS.API) in 3.856ms
2026-09-02 15:11:23.890 +03:00 [INF] Executed endpoint 'CMS.API.Controllers.PatientsController.Search (CMS.API)'
2026-09-02 15:11:23.893 +03:00 [INF] Request finished HTTP/1.1 GET http://localhost:5010/api/v1/patients/search?q= - 400 null application/problem+json; charset=utf-8 27.2604ms
2026-09-02 15:11:37.319 +03:00 [INF] Request starting HTTP/1.1 GET http://localhost:5010/api/v1/dashboard/metrics - null null
2026-09-02 15:11:37.320 +03:00 [INF] Request starting HTTP/1.1 GET http://localhost:5010/api/v1/dashboard/metrics - null null
2026-09-02 15:11:37.329 +03:00 [INF] Failed to validate the token.
Microsoft.IdentityModel.Tokens.SecurityTokenMalformedException: IDX14120: JWT is not well formed, there is only one dot (.).
The token needs to be in JWS or JWE Compact Serialization Format. (JWS): 'EncodedHeader.EncodedPayload.EncodedSignature'. (JWE): 'EncodedProtectedHeader.EncodedEncryptedKey.EncodedInitializationVector.EncodedCiphertext.EncodedAuthenticationTag'.
   at Microsoft.IdentityModel.JsonWebTokens.JsonWebToken.ReadToken(ReadOnlyMemory`1 encodedTokenMemory)
   at Microsoft.IdentityModel.JsonWebTokens.JsonWebToken..ctor(String jwtEncodedString)
   at Microsoft.IdentityModel.JsonWebTokens.JsonWebTokenHandler.ReadToken(String token, TokenValidationParameters validationParameters)
2026-09-02 15:11:37.335 +03:00 [INF] Failed to validate the token.
Microsoft.IdentityModel.Tokens.SecurityTokenMalformedException: IDX14120: JWT is not well formed, there is only one dot (.).
The token needs to be in JWS or JWE Compact Serialization Format. (JWS): 'EncodedHeader.EncodedPayload.EncodedSignature'. (JWE): 'EncodedProtectedHeader.EncodedEncryptedKey.EncodedInitializationVector.EncodedCiphertext.EncodedAuthenticationTag'.
   at Microsoft.IdentityModel.JsonWebTokens.JsonWebToken.ReadToken(ReadOnlyMemory`1 encodedTokenMemory)
   at Microsoft.IdentityModel.JsonWebTokens.JsonWebToken..ctor(String jwtEncodedString)
   at Microsoft.IdentityModel.JsonWebTokens.JsonWebTokenHandler.ReadToken(String token, TokenValidationParameters validationParameters)
2026-09-02 15:11:37.339 +03:00 [INF] Bearer was not authenticated. Failure message: IDX14120: JWT is not well formed, there is only one dot (.).
The token needs to be in JWS or JWE Compact Serialization Format. (JWS): 'EncodedHeader.EncodedPayload.EncodedSignature'. (JWE): 'EncodedProtectedHeader.EncodedEncryptedKey.EncodedInitializationVector.EncodedCiphertext.EncodedAuthenticationTag'.
2026-09-02 15:11:37.344 +03:00 [INF] Bearer was not authenticated. Failure message: IDX14120: JWT is not well formed, there is only one dot (.).
The token needs to be in JWS or JWE Compact Serialization Format. (JWS): 'EncodedHeader.EncodedPayload.EncodedSignature'. (JWE): 'EncodedProtectedHeader.EncodedEncryptedKey.EncodedInitializationVector.EncodedCiphertext.EncodedAuthenticationTag'.
2026-09-02 15:11:37.346 +03:00 [INF] Executing endpoint 'CMS.API.Controllers.DashboardController.GetMetrics (CMS.API)'
2026-09-02 15:11:37.348 +03:00 [INF] Executing endpoint 'CMS.API.Controllers.DashboardController.GetMetrics (CMS.API)'
2026-09-02 15:11:37.351 +03:00 [INF] Route matched with {action = "GetMetrics", controller = "Dashboard"}. Executing controller action with signature System.Threading.Tasks.Task`1[Microsoft.AspNetCore.Mvc.IActionResult] GetMetrics() on controller CMS.API.Controllers.DashboardController (CMS.API).
2026-09-02 15:11:37.354 +03:00 [INF] Route matched with {action = "GetMetrics", controller = "Dashboard"}. Executing controller action with signature System.Threading.Tasks.Task`1[Microsoft.AspNetCore.Mvc.IActionResult] GetMetrics() on controller CMS.API.Controllers.DashboardController (CMS.API).
2026-09-02 15:11:37.366 +03:00 [INF] Executing OkObjectResult, writing value of type 'CMS.Shared.DTOs.ApiResponse`1[[CMS.Shared.DTOs.DashboardMetricsDto, CMS.Shared, Version=1.0.0.0, Culture=neutral, PublicKeyToken=null]]'.
2026-09-02 15:11:37.372 +03:00 [INF] Executed action CMS.API.Controllers.DashboardController.GetMetrics (CMS.API) in 13.7974ms
2026-09-02 15:11:37.372 +03:00 [INF] Executing OkObjectResult, writing value of type 'CMS.Shared.DTOs.ApiResponse`1[[CMS.Shared.DTOs.DashboardMetricsDto, CMS.Shared, Version=1.0.0.0, Culture=neutral, PublicKeyToken=null]]'.
2026-09-02 15:11:37.378 +03:00 [INF] Executed endpoint 'CMS.API.Controllers.DashboardController.GetMetrics (CMS.API)'
2026-09-02 15:11:37.381 +03:00 [INF] Executed action CMS.API.Controllers.DashboardController.GetMetrics (CMS.API) in 17.6343ms
2026-09-02 15:11:37.384 +03:00 [INF] Request finished HTTP/1.1 GET http://localhost:5010/api/v1/dashboard/metrics - 200 null application/json; charset=utf-8 64.7475ms
2026-09-02 15:11:37.388 +03:00 [INF] Executed endpoint 'CMS.API.Controllers.DashboardController.GetMetrics (CMS.API)'
2026-09-02 15:11:37.398 +03:00 [INF] Request finished HTTP/1.1 GET http://localhost:5010/api/v1/dashboard/metrics - 200 null application/json; charset=utf-8 78.7522ms
2026-09-02 15:11:39.550 +03:00 [INF] Request starting HTTP/1.1 GET http://localhost:5010/api/v1/patients/search?q= - application/json null
2026-09-02 15:11:39.557 +03:00 [INF] Failed to validate the token.
Microsoft.IdentityModel.Tokens.SecurityTokenMalformedException: IDX14120: JWT is not well formed, there is only one dot (.).
The token needs to be in JWS or JWE Compact Serialization Format. (JWS): 'EncodedHeader.EncodedPayload.EncodedSignature'. (JWE): 'EncodedProtectedHeader.EncodedEncryptedKey.EncodedInitializationVector.EncodedCiphertext.EncodedAuthenticationTag'.
   at Microsoft.IdentityModel.JsonWebTokens.JsonWebToken.ReadToken(ReadOnlyMemory`1 encodedTokenMemory)
   at Microsoft.IdentityModel.JsonWebTokens.JsonWebToken..ctor(String jwtEncodedString)
   at Microsoft.IdentityModel.JsonWebTokens.JsonWebTokenHandler.ReadToken(String token, TokenValidationParameters validationParameters)
2026-09-02 15:11:39.561 +03:00 [INF] Bearer was not authenticated. Failure message: IDX14120: JWT is not well formed, there is only one dot (.).
The token needs to be in JWS or JWE Compact Serialization Format. (JWS): 'EncodedHeader.EncodedPayload.EncodedSignature'. (JWE): 'EncodedProtectedHeader.EncodedEncryptedKey.EncodedInitializationVector.EncodedCiphertext.EncodedAuthenticationTag'.
2026-09-02 15:11:39.563 +03:00 [INF] Executing endpoint 'CMS.API.Controllers.PatientsController.Search (CMS.API)'
2026-09-02 15:11:39.566 +03:00 [INF] Route matched with {action = "Search", controller = "Patients"}. Executing controller action with signature System.Threading.Tasks.Task`1[Microsoft.AspNetCore.Mvc.IActionResult] Search(System.String, Int32) on controller CMS.API.Controllers.PatientsController (CMS.API).
2026-09-02 15:11:39.570 +03:00 [INF] Executing BadRequestObjectResult, writing value of type 'Microsoft.AspNetCore.Mvc.ValidationProblemDetails'.
2026-09-02 15:11:39.573 +03:00 [INF] Executed action CMS.API.Controllers.PatientsController.Search (CMS.API) in 3.0801ms
2026-09-02 15:11:39.576 +03:00 [INF] Executed endpoint 'CMS.API.Controllers.PatientsController.Search (CMS.API)'
2026-09-02 15:11:39.579 +03:00 [INF] Request finished HTTP/1.1 GET http://localhost:5010/api/v1/patients/search?q= - 400 null application/problem+json; charset=utf-8 28.4694ms
2026-09-02 15:11:41.490 +03:00 [INF] Request starting HTTP/1.1 GET http://localhost:5010/api/v1/staff/doctors - application/json null
2026-09-02 15:11:41.490 +03:00 [INF] Request starting HTTP/1.1 GET http://localhost:5010/api/v1/appointments/doctor/1?date=2026-09-02 - application/json null
2026-09-02 15:11:41.498 +03:00 [INF] Failed to validate the token.
Microsoft.IdentityModel.Tokens.SecurityTokenMalformedException: IDX14120: JWT is not well formed, there is only one dot (.).
The token needs to be in JWS or JWE Compact Serialization Format. (JWS): 'EncodedHeader.EncodedPayload.EncodedSignature'. (JWE): 'EncodedProtectedHeader.EncodedEncryptedKey.EncodedInitializationVector.EncodedCiphertext.EncodedAuthenticationTag'.
   at Microsoft.IdentityModel.JsonWebTokens.JsonWebToken.ReadToken(ReadOnlyMemory`1 encodedTokenMemory)
   at Microsoft.IdentityModel.JsonWebTokens.JsonWebToken..ctor(String jwtEncodedString)
   at Microsoft.IdentityModel.JsonWebTokens.JsonWebTokenHandler.ReadToken(String token, TokenValidationParameters validationParameters)
2026-09-02 15:11:41.505 +03:00 [INF] Failed to validate the token.
Microsoft.IdentityModel.Tokens.SecurityTokenMalformedException: IDX14120: JWT is not well formed, there is only one dot (.).
The token needs to be in JWS or JWE Compact Serialization Format. (JWS): 'EncodedHeader.EncodedPayload.EncodedSignature'. (JWE): 'EncodedProtectedHeader.EncodedEncryptedKey.EncodedInitializationVector.EncodedCiphertext.EncodedAuthenticationTag'.
   at Microsoft.IdentityModel.JsonWebTokens.JsonWebToken.ReadToken(ReadOnlyMemory`1 encodedTokenMemory)
   at Microsoft.IdentityModel.JsonWebTokens.JsonWebToken..ctor(String jwtEncodedString)
   at Microsoft.IdentityModel.JsonWebTokens.JsonWebTokenHandler.ReadToken(String token, TokenValidationParameters validationParameters)
2026-09-02 15:11:41.508 +03:00 [INF] Bearer was not authenticated. Failure message: IDX14120: JWT is not well formed, there is only one dot (.).
The token needs to be in JWS or JWE Compact Serialization Format. (JWS): 'EncodedHeader.EncodedPayload.EncodedSignature'. (JWE): 'EncodedProtectedHeader.EncodedEncryptedKey.EncodedInitializationVector.EncodedCiphertext.EncodedAuthenticationTag'.
2026-09-02 15:11:41.512 +03:00 [INF] Bearer was not authenticated. Failure message: IDX14120: JWT is not well formed, there is only one dot (.).
The token needs to be in JWS or JWE Compact Serialization Format. (JWS): 'EncodedHeader.EncodedPayload.EncodedSignature'. (JWE): 'EncodedProtectedHeader.EncodedEncryptedKey.EncodedInitializationVector.EncodedCiphertext.EncodedAuthenticationTag'.
2026-09-02 15:11:41.514 +03:00 [INF] Executing endpoint 'CMS.API.Controllers.StaffController.GetDoctors (CMS.API)'
2026-09-02 15:11:41.516 +03:00 [INF] Executing endpoint 'CMS.API.Controllers.AppointmentsController.GetDoctorAppointments (CMS.API)'
2026-09-02 15:11:41.519 +03:00 [INF] Route matched with {action = "GetDoctors", controller = "Staff"}. Executing controller action with signature System.Threading.Tasks.Task`1[Microsoft.AspNetCore.Mvc.IActionResult] GetDoctors() on controller CMS.API.Controllers.StaffController (CMS.API).
2026-09-02 15:11:41.521 +03:00 [INF] Route matched with {action = "GetDoctorAppointments", controller = "Appointments"}. Executing controller action with signature System.Threading.Tasks.Task`1[Microsoft.AspNetCore.Mvc.IActionResult] GetDoctorAppointments(Int32, System.DateTime) on controller CMS.API.Controllers.AppointmentsController (CMS.API).
2026-09-02 15:11:41.546 +03:00 [INF] Executing OkObjectResult, writing value of type 'CMS.Shared.DTOs.ApiResponse`1[[System.Collections.Generic.List`1[[CMS.Shared.DTOs.DoctorDto, CMS.Shared, Version=1.0.0.0, Culture=neutral, PublicKeyToken=null]], System.Private.CoreLib, Version=8.0.0.0, Culture=neutral, PublicKeyToken=7cec85d7bea7798e]]'.
2026-09-02 15:11:41.552 +03:00 [INF] Executed action CMS.API.Controllers.StaffController.GetDoctors (CMS.API) in 26.2182ms
2026-09-02 15:11:41.557 +03:00 [INF] Executed endpoint 'CMS.API.Controllers.StaffController.GetDoctors (CMS.API)'
2026-09-02 15:11:41.560 +03:00 [INF] Request starting HTTP/1.1 GET http://localhost:5010/api/v1/staff/doctors - application/json null
2026-09-02 15:11:41.561 +03:00 [INF] Request finished HTTP/1.1 GET http://localhost:5010/api/v1/staff/doctors - 200 null application/json; charset=utf-8 71.5726ms
2026-09-02 15:11:41.571 +03:00 [INF] Failed to validate the token.
Microsoft.IdentityModel.Tokens.SecurityTokenMalformedException: IDX14120: JWT is not well formed, there is only one dot (.).
The token needs to be in JWS or JWE Compact Serialization Format. (JWS): 'EncodedHeader.EncodedPayload.EncodedSignature'. (JWE): 'EncodedProtectedHeader.EncodedEncryptedKey.EncodedInitializationVector.EncodedCiphertext.EncodedAuthenticationTag'.
   at Microsoft.IdentityModel.JsonWebTokens.JsonWebToken.ReadToken(ReadOnlyMemory`1 encodedTokenMemory)
   at Microsoft.IdentityModel.JsonWebTokens.JsonWebToken..ctor(String jwtEncodedString)
   at Microsoft.IdentityModel.JsonWebTokens.JsonWebTokenHandler.ReadToken(String token, TokenValidationParameters validationParameters)
2026-09-02 15:11:41.571 +03:00 [INF] Executed action CMS.API.Controllers.AppointmentsController.GetDoctorAppointments (CMS.API) in 41.9113ms
2026-09-02 15:11:41.582 +03:00 [INF] Bearer was not authenticated. Failure message: IDX14120: JWT is not well formed, there is only one dot (.).
The token needs to be in JWS or JWE Compact Serialization Format. (JWS): 'EncodedHeader.EncodedPayload.EncodedSignature'. (JWE): 'EncodedProtectedHeader.EncodedEncryptedKey.EncodedInitializationVector.EncodedCiphertext.EncodedAuthenticationTag'.
2026-09-02 15:11:41.588 +03:00 [INF] Executed endpoint 'CMS.API.Controllers.AppointmentsController.GetDoctorAppointments (CMS.API)'
2026-09-02 15:11:41.591 +03:00 [INF] Executing endpoint 'CMS.API.Controllers.StaffController.GetDoctors (CMS.API)'
2026-09-02 15:11:41.594 +03:00 [ERR] Unhandled exception encountered: A parameterless default constructor or one matching signature (System.Int32 Id, System.Int32 PatientId, System.String PatientName, System.Int32 DoctorId, System.String DoctorName, System.DateTime SlotDateTime, System.Byte DurationMinutes, System.Byte StatusId, System.String StatusName, System.String ReasonForVisit) is required for CMS.Shared.DTOs.AppointmentDto materialization
System.InvalidOperationException: A parameterless default constructor or one matching signature (System.Int32 Id, System.Int32 PatientId, System.String PatientName, System.Int32 DoctorId, System.String DoctorName, System.DateTime SlotDateTime, System.Byte DurationMinutes, System.Byte StatusId, System.String StatusName, System.String ReasonForVisit) is required for CMS.Shared.DTOs.AppointmentDto materialization
   at Dapper.SqlMapper.GenerateDeserializerFromMap(Type type, DbDataReader reader, Int32 startBound, Int32 length, Boolean returnNullIfFirstMissing, ILGenerator il) in /_/Dapper/SqlMapper.cs:line 3473
   at Dapper.SqlMapper.GetTypeDeserializerImpl(Type type, DbDataReader reader, Int32 startBound, Int32 length, Boolean returnNullIfFirstMissing) in /_/Dapper/SqlMapper.cs:line 3304
   at Dapper.SqlMapper.TypeDeserializerCache.GetReader(DbDataReader reader, Int32 startBound, Int32 length, Boolean returnNullIfFirstMissing) in /_/Dapper/SqlMapper.TypeDeserializerCache.cs:line 151
   at Dapper.SqlMapper.TypeDeserializerCache.GetReader(Type type, DbDataReader reader, Int32 startBound, Int32 length, Boolean returnNullIfFirstMissing) in /_/Dapper/SqlMapper.TypeDeserializerCache.cs:line 50
   at Dapper.SqlMapper.GetTypeDeserializer(Type type, DbDataReader reader, Int32 startBound, Int32 length, Boolean returnNullIfFirstMissing) in /_/Dapper/SqlMapper.cs:line 3258
   at Dapper.SqlMapper.GetDeserializer(Type type, DbDataReader reader, Int32 startBound, Int32 length, Boolean returnNullIfFirstMissing) in /_/Dapper/SqlMapper.cs:line 1945
   at Dapper.SqlMapper.QueryAsync[T](IDbConnection cnn, Type effectiveType, CommandDefinition command) in /_/Dapper/SqlMapper.Async.cs:line 442
   at CMS.Application.Appointments.AppointmentService.GetDoctorAppointmentsAsync(Byte tenantId, Int32 doctorId, DateTime date) in C:\Users\ASUS\source\repos\CMS\src\CMS.Application\Appointments\AppointmentService.cs:line 55
   at CMS.API.Controllers.AppointmentsController.GetDoctorAppointments(Int32 doctorId, DateTime date) in C:\Users\ASUS\source\repos\CMS\src\CMS.API\Controllers\ClinicalControllers.cs:line 60
   at Microsoft.AspNetCore.Mvc.Infrastructure.ActionMethodExecutor.TaskOfIActionResultExecutor.Execute(ActionContext actionContext, IActionResultTypeMapper mapper, ObjectMethodExecutor executor, Object controller, Object[] arguments)
   at Microsoft.AspNetCore.Mvc.Infrastructure.ControllerActionInvoker.<InvokeActionMethodAsync>g__Awaited|12_0(ControllerActionInvoker invoker, ValueTask`1 actionResultValueTask)
   at Microsoft.AspNetCore.Mvc.Infrastructure.ControllerActionInvoker.<InvokeNextActionFilterAsync>g__Awaited|10_0(ControllerActionInvoker invoker, Task lastTask, State next, Scope scope, Object state, Boolean isCompleted)
   at Microsoft.AspNetCore.Mvc.Infrastructure.ControllerActionInvoker.Rethrow(ActionExecutedContextSealed context)
   at Microsoft.AspNetCore.Mvc.Infrastructure.ControllerActionInvoker.Next(State& next, Scope& scope, Object& state, Boolean& isCompleted)
   at Microsoft.AspNetCore.Mvc.Infrastructure.ControllerActionInvoker.<InvokeInnerFilterAsync>g__Awaited|13_0(ControllerActionInvoker invoker, Task lastTask, State next, Scope scope, Object state, Boolean isCompleted)
   at Microsoft.AspNetCore.Mvc.Infrastructure.ResourceInvoker.<InvokeFilterPipelineAsync>g__Awaited|20_0(ResourceInvoker invoker, Task lastTask, State next, Scope scope, Object state, Boolean isCompleted)
   at Microsoft.AspNetCore.Mvc.Infrastructure.ResourceInvoker.<InvokeAsync>g__Logged|17_1(ResourceInvoker invoker)
   at Microsoft.AspNetCore.Mvc.Infrastructure.ResourceInvoker.<InvokeAsync>g__Logged|17_1(ResourceInvoker invoker)
   at Microsoft.AspNetCore.Routing.EndpointMiddleware.<Invoke>g__AwaitRequestTask|7_0(Endpoint endpoint, Task requestTask, ILogger logger)
   at Microsoft.AspNetCore.Authorization.AuthorizationMiddleware.Invoke(HttpContext context)
   at Microsoft.AspNetCore.Authentication.AuthenticationMiddleware.Invoke(HttpContext context)
   at Swashbuckle.AspNetCore.SwaggerUI.SwaggerUIMiddleware.Invoke(HttpContext httpContext)
   at Swashbuckle.AspNetCore.Swagger.SwaggerMiddleware.Invoke(HttpContext httpContext, ISwaggerProvider swaggerProvider)
   at CMS.API.Middleware.TenantMiddleware.InvokeAsync(HttpContext context) in C:\Users\ASUS\source\repos\CMS\src\CMS.API\Middleware\Middlewares.cs:line 26
   at CMS.API.Middleware.ExceptionMiddleware.InvokeAsync(HttpContext context) in C:\Users\ASUS\source\repos\CMS\src\CMS.API\Middleware\Middlewares.cs:line 45
2026-09-02 15:11:41.596 +03:00 [INF] Route matched with {action = "GetDoctors", controller = "Staff"}. Executing controller action with signature System.Threading.Tasks.Task`1[Microsoft.AspNetCore.Mvc.IActionResult] GetDoctors() on controller CMS.API.Controllers.StaffController (CMS.API).
2026-09-02 15:11:41.610 +03:00 [INF] Request finished HTTP/1.1 GET http://localhost:5010/api/v1/appointments/doctor/1?date=2026-09-02 - 500 null application/json 120.4531ms
2026-09-02 15:11:41.615 +03:00 [INF] Executing OkObjectResult, writing value of type 'CMS.Shared.DTOs.ApiResponse`1[[System.Collections.Generic.List`1[[CMS.Shared.DTOs.DoctorDto, CMS.Shared, Version=1.0.0.0, Culture=neutral, PublicKeyToken=null]], System.Private.CoreLib, Version=8.0.0.0, Culture=neutral, PublicKeyToken=7cec85d7bea7798e]]'.
2026-09-02 15:11:41.625 +03:00 [INF] Executed action CMS.API.Controllers.StaffController.GetDoctors (CMS.API) in 10.874ms
2026-09-02 15:11:41.628 +03:00 [INF] Executed endpoint 'CMS.API.Controllers.StaffController.GetDoctors (CMS.API)'
2026-09-02 15:11:41.630 +03:00 [INF] Request finished HTTP/1.1 GET http://localhost:5010/api/v1/staff/doctors - 200 null application/json; charset=utf-8 69.602ms
2026-09-02 15:11:41.926 +03:00 [INF] Request starting HTTP/1.1 GET http://localhost:5010/api/v1/appointments/doctor/1?date=2026-09-02 - application/json null
2026-09-02 15:11:41.934 +03:00 [INF] Failed to validate the token.
Microsoft.IdentityModel.Tokens.SecurityTokenMalformedException: IDX14120: JWT is not well formed, there is only one dot (.).
The token needs to be in JWS or JWE Compact Serialization Format. (JWS): 'EncodedHeader.EncodedPayload.EncodedSignature'. (JWE): 'EncodedProtectedHeader.EncodedEncryptedKey.EncodedInitializationVector.EncodedCiphertext.EncodedAuthenticationTag'.
   at Microsoft.IdentityModel.JsonWebTokens.JsonWebToken.ReadToken(ReadOnlyMemory`1 encodedTokenMemory)
   at Microsoft.IdentityModel.JsonWebTokens.JsonWebToken..ctor(String jwtEncodedString)
   at Microsoft.IdentityModel.JsonWebTokens.JsonWebTokenHandler.ReadToken(String token, TokenValidationParameters validationParameters)
2026-09-02 15:11:41.940 +03:00 [INF] Bearer was not authenticated. Failure message: IDX14120: JWT is not well formed, there is only one dot (.).
The token needs to be in JWS or JWE Compact Serialization Format. (JWS): 'EncodedHeader.EncodedPayload.EncodedSignature'. (JWE): 'EncodedProtectedHeader.EncodedEncryptedKey.EncodedInitializationVector.EncodedCiphertext.EncodedAuthenticationTag'.
2026-09-02 15:11:41.944 +03:00 [INF] Executing endpoint 'CMS.API.Controllers.AppointmentsController.GetDoctorAppointments (CMS.API)'
2026-09-02 15:11:41.948 +03:00 [INF] Route matched with {action = "GetDoctorAppointments", controller = "Appointments"}. Executing controller action with signature System.Threading.Tasks.Task`1[Microsoft.AspNetCore.Mvc.IActionResult] GetDoctorAppointments(Int32, System.DateTime) on controller CMS.API.Controllers.AppointmentsController (CMS.API).
2026-09-02 15:11:41.957 +03:00 [INF] Executed action CMS.API.Controllers.AppointmentsController.GetDoctorAppointments (CMS.API) in 2.8042ms
2026-09-02 15:11:41.960 +03:00 [INF] Executed endpoint 'CMS.API.Controllers.AppointmentsController.GetDoctorAppointments (CMS.API)'
2026-09-02 15:11:41.964 +03:00 [ERR] Unhandled exception encountered: A parameterless default constructor or one matching signature (System.Int32 Id, System.Int32 PatientId, System.String PatientName, System.Int32 DoctorId, System.String DoctorName, System.DateTime SlotDateTime, System.Byte DurationMinutes, System.Byte StatusId, System.String StatusName, System.String ReasonForVisit) is required for CMS.Shared.DTOs.AppointmentDto materialization
System.InvalidOperationException: A parameterless default constructor or one matching signature (System.Int32 Id, System.Int32 PatientId, System.String PatientName, System.Int32 DoctorId, System.String DoctorName, System.DateTime SlotDateTime, System.Byte DurationMinutes, System.Byte StatusId, System.String StatusName, System.String ReasonForVisit) is required for CMS.Shared.DTOs.AppointmentDto materialization
   at Dapper.SqlMapper.GenerateDeserializerFromMap(Type type, DbDataReader reader, Int32 startBound, Int32 length, Boolean returnNullIfFirstMissing, ILGenerator il) in /_/Dapper/SqlMapper.cs:line 3473
   at Dapper.SqlMapper.GetTypeDeserializerImpl(Type type, DbDataReader reader, Int32 startBound, Int32 length, Boolean returnNullIfFirstMissing) in /_/Dapper/SqlMapper.cs:line 3304
   at Dapper.SqlMapper.TypeDeserializerCache.GetReader(DbDataReader reader, Int32 startBound, Int32 length, Boolean returnNullIfFirstMissing) in /_/Dapper/SqlMapper.TypeDeserializerCache.cs:line 151
   at Dapper.SqlMapper.TypeDeserializerCache.GetReader(Type type, DbDataReader reader, Int32 startBound, Int32 length, Boolean returnNullIfFirstMissing) in /_/Dapper/SqlMapper.TypeDeserializerCache.cs:line 50
   at Dapper.SqlMapper.GetTypeDeserializer(Type type, DbDataReader reader, Int32 startBound, Int32 length, Boolean returnNullIfFirstMissing) in /_/Dapper/SqlMapper.cs:line 3258
   at Dapper.SqlMapper.GetDeserializer(Type type, DbDataReader reader, Int32 startBound, Int32 length, Boolean returnNullIfFirstMissing) in /_/Dapper/SqlMapper.cs:line 1945
   at Dapper.SqlMapper.QueryAsync[T](IDbConnection cnn, Type effectiveType, CommandDefinition command) in /_/Dapper/SqlMapper.Async.cs:line 442
   at CMS.Application.Appointments.AppointmentService.GetDoctorAppointmentsAsync(Byte tenantId, Int32 doctorId, DateTime date) in C:\Users\ASUS\source\repos\CMS\src\CMS.Application\Appointments\AppointmentService.cs:line 55
   at CMS.API.Controllers.AppointmentsController.GetDoctorAppointments(Int32 doctorId, DateTime date) in C:\Users\ASUS\source\repos\CMS\src\CMS.API\Controllers\ClinicalControllers.cs:line 60
   at Microsoft.AspNetCore.Mvc.Infrastructure.ActionMethodExecutor.TaskOfIActionResultExecutor.Execute(ActionContext actionContext, IActionResultTypeMapper mapper, ObjectMethodExecutor executor, Object controller, Object[] arguments)
   at Microsoft.AspNetCore.Mvc.Infrastructure.ControllerActionInvoker.<InvokeActionMethodAsync>g__Awaited|12_0(ControllerActionInvoker invoker, ValueTask`1 actionResultValueTask)
   at Microsoft.AspNetCore.Mvc.Infrastructure.ControllerActionInvoker.<InvokeNextActionFilterAsync>g__Awaited|10_0(ControllerActionInvoker invoker, Task lastTask, State next, Scope scope, Object state, Boolean isCompleted)
   at Microsoft.AspNetCore.Mvc.Infrastructure.ControllerActionInvoker.Rethrow(ActionExecutedContextSealed context)
   at Microsoft.AspNetCore.Mvc.Infrastructure.ControllerActionInvoker.Next(State& next, Scope& scope, Object& state, Boolean& isCompleted)
   at Microsoft.AspNetCore.Mvc.Infrastructure.ControllerActionInvoker.<InvokeInnerFilterAsync>g__Awaited|13_0(ControllerActionInvoker invoker, Task lastTask, State next, Scope scope, Object state, Boolean isCompleted)
   at Microsoft.AspNetCore.Mvc.Infrastructure.ResourceInvoker.<InvokeFilterPipelineAsync>g__Awaited|20_0(ResourceInvoker invoker, Task lastTask, State next, Scope scope, Object state, Boolean isCompleted)
   at Microsoft.AspNetCore.Mvc.Infrastructure.ResourceInvoker.<InvokeAsync>g__Logged|17_1(ResourceInvoker invoker)
   at Microsoft.AspNetCore.Mvc.Infrastructure.ResourceInvoker.<InvokeAsync>g__Logged|17_1(ResourceInvoker invoker)
   at Microsoft.AspNetCore.Routing.EndpointMiddleware.<Invoke>g__AwaitRequestTask|7_0(Endpoint endpoint, Task requestTask, ILogger logger)
   at Microsoft.AspNetCore.Authorization.AuthorizationMiddleware.Invoke(HttpContext context)
   at Microsoft.AspNetCore.Authentication.AuthenticationMiddleware.Invoke(HttpContext context)
   at Swashbuckle.AspNetCore.SwaggerUI.SwaggerUIMiddleware.Invoke(HttpContext httpContext)
   at Swashbuckle.AspNetCore.Swagger.SwaggerMiddleware.Invoke(HttpContext httpContext, ISwaggerProvider swaggerProvider)
   at CMS.API.Middleware.TenantMiddleware.InvokeAsync(HttpContext context) in C:\Users\ASUS\source\repos\CMS\src\CMS.API\Middleware\Middlewares.cs:line 26
   at CMS.API.Middleware.ExceptionMiddleware.InvokeAsync(HttpContext context) in C:\Users\ASUS\source\repos\CMS\src\CMS.API\Middleware\Middlewares.cs:line 45
2026-09-02 15:11:41.979 +03:00 [INF] Request finished HTTP/1.1 GET http://localhost:5010/api/v1/appointments/doctor/1?date=2026-09-02 - 500 null application/json 52.9213ms
2026-09-02 15:12:57.996 +03:00 [INF] Request starting HTTP/1.1 GET http://localhost:5010/api/v1/patients/search - null null
2026-09-02 15:12:58.003 +03:00 [INF] Failed to validate the token.
Microsoft.IdentityModel.Tokens.SecurityTokenMalformedException: IDX14120: JWT is not well formed, there is only one dot (.).
The token needs to be in JWS or JWE Compact Serialization Format. (JWS): 'EncodedHeader.EncodedPayload.EncodedSignature'. (JWE): 'EncodedProtectedHeader.EncodedEncryptedKey.EncodedInitializationVector.EncodedCiphertext.EncodedAuthenticationTag'.
   at Microsoft.IdentityModel.JsonWebTokens.JsonWebToken.ReadToken(ReadOnlyMemory`1 encodedTokenMemory)
   at Microsoft.IdentityModel.JsonWebTokens.JsonWebToken..ctor(String jwtEncodedString)
   at Microsoft.IdentityModel.JsonWebTokens.JsonWebTokenHandler.ReadToken(String token, TokenValidationParameters validationParameters)
2026-09-02 15:12:58.007 +03:00 [INF] Bearer was not authenticated. Failure message: IDX14120: JWT is not well formed, there is only one dot (.).
The token needs to be in JWS or JWE Compact Serialization Format. (JWS): 'EncodedHeader.EncodedPayload.EncodedSignature'. (JWE): 'EncodedProtectedHeader.EncodedEncryptedKey.EncodedInitializationVector.EncodedCiphertext.EncodedAuthenticationTag'.
2026-09-02 15:12:58.010 +03:00 [INF] Executing endpoint 'CMS.API.Controllers.PatientsController.Search (CMS.API)'
2026-09-02 15:12:58.013 +03:00 [INF] Route matched with {action = "Search", controller = "Patients"}. Executing controller action with signature System.Threading.Tasks.Task`1[Microsoft.AspNetCore.Mvc.IActionResult] Search(System.String, Int32) on controller CMS.API.Controllers.PatientsController (CMS.API).
2026-09-02 15:12:58.020 +03:00 [INF] Executing BadRequestObjectResult, writing value of type 'Microsoft.AspNetCore.Mvc.ValidationProblemDetails'.
2026-09-02 15:12:58.023 +03:00 [INF] Executed action CMS.API.Controllers.PatientsController.Search (CMS.API) in 4.7272ms
2026-09-02 15:12:58.027 +03:00 [INF] Executed endpoint 'CMS.API.Controllers.PatientsController.Search (CMS.API)'
2026-09-02 15:12:58.030 +03:00 [INF] Request finished HTTP/1.1 GET http://localhost:5010/api/v1/patients/search - 400 null application/problem+json; charset=utf-8 33.9322ms
2026-09-02 15:13:24.036 +03:00 [INF] Application is shutting down...
2026-09-02 15:13:44.598 +03:00 [INF] User profile is available. Using 'C:\Users\ASUS\AppData\Local\ASP.NET\DataProtection-Keys' as key repository and Windows DPAPI to encrypt keys at rest.
2026-09-02 15:13:44.771 +03:00 [INF] Now listening on: http://localhost:5010
2026-09-02 15:13:44.777 +03:00 [INF] Application started. Press Ctrl+C to shut down.
2026-09-02 15:13:44.780 +03:00 [INF] Hosting environment: Development
2026-09-02 15:13:44.783 +03:00 [INF] Content root path: C:\Users\ASUS\source\repos\CMS\src\CMS.API
2026-09-02 15:13:57.017 +03:00 [INF] Request starting HTTP/1.1 GET http://localhost:5010/api/v1/dashboard/metrics - null null
2026-09-02 15:13:57.175 +03:00 [INF] Failed to validate the token.
Microsoft.IdentityModel.Tokens.SecurityTokenMalformedException: IDX14120: JWT is not well formed, there is only one dot (.).
The token needs to be in JWS or JWE Compact Serialization Format. (JWS): 'EncodedHeader.EncodedPayload.EncodedSignature'. (JWE): 'EncodedProtectedHeader.EncodedEncryptedKey.EncodedInitializationVector.EncodedCiphertext.EncodedAuthenticationTag'.
   at Microsoft.IdentityModel.JsonWebTokens.JsonWebToken.ReadToken(ReadOnlyMemory`1 encodedTokenMemory)
   at Microsoft.IdentityModel.JsonWebTokens.JsonWebToken..ctor(String jwtEncodedString)
   at Microsoft.IdentityModel.JsonWebTokens.JsonWebTokenHandler.ReadToken(String token, TokenValidationParameters validationParameters)
2026-09-02 15:13:57.196 +03:00 [INF] Bearer was not authenticated. Failure message: IDX14120: JWT is not well formed, there is only one dot (.).
The token needs to be in JWS or JWE Compact Serialization Format. (JWS): 'EncodedHeader.EncodedPayload.EncodedSignature'. (JWE): 'EncodedProtectedHeader.EncodedEncryptedKey.EncodedInitializationVector.EncodedCiphertext.EncodedAuthenticationTag'.
2026-09-02 15:13:57.206 +03:00 [INF] Executing endpoint 'CMS.API.Controllers.DashboardController.GetMetrics (CMS.API)'
2026-09-02 15:13:57.231 +03:00 [INF] Route matched with {action = "GetMetrics", controller = "Dashboard"}. Executing controller action with signature System.Threading.Tasks.Task`1[Microsoft.AspNetCore.Mvc.IActionResult] GetMetrics() on controller CMS.API.Controllers.DashboardController (CMS.API).
2026-09-02 15:13:57.946 +03:00 [INF] Executing OkObjectResult, writing value of type 'CMS.Shared.DTOs.ApiResponse`1[[CMS.Shared.DTOs.DashboardMetricsDto, CMS.Shared, Version=1.0.0.0, Culture=neutral, PublicKeyToken=null]]'.
2026-09-02 15:13:58.059 +03:00 [INF] Executed action CMS.API.Controllers.DashboardController.GetMetrics (CMS.API) in 818.0333ms
2026-09-02 15:13:58.065 +03:00 [INF] Request starting HTTP/1.1 GET http://localhost:5010/api/v1/dashboard/metrics - null null
2026-09-02 15:13:58.066 +03:00 [INF] Executed endpoint 'CMS.API.Controllers.DashboardController.GetMetrics (CMS.API)'
2026-09-02 15:13:58.078 +03:00 [INF] Request finished HTTP/1.1 GET http://localhost:5010/api/v1/dashboard/metrics - 200 null application/json; charset=utf-8 1065.9714ms
2026-09-02 15:13:58.083 +03:00 [INF] Failed to validate the token.
Microsoft.IdentityModel.Tokens.SecurityTokenMalformedException: IDX14120: JWT is not well formed, there is only one dot (.).
The token needs to be in JWS or JWE Compact Serialization Format. (JWS): 'EncodedHeader.EncodedPayload.EncodedSignature'. (JWE): 'EncodedProtectedHeader.EncodedEncryptedKey.EncodedInitializationVector.EncodedCiphertext.EncodedAuthenticationTag'.
   at Microsoft.IdentityModel.JsonWebTokens.JsonWebToken.ReadToken(ReadOnlyMemory`1 encodedTokenMemory)
   at Microsoft.IdentityModel.JsonWebTokens.JsonWebToken..ctor(String jwtEncodedString)
   at Microsoft.IdentityModel.JsonWebTokens.JsonWebTokenHandler.ReadToken(String token, TokenValidationParameters validationParameters)
2026-09-02 15:13:58.100 +03:00 [INF] Bearer was not authenticated. Failure message: IDX14120: JWT is not well formed, there is only one dot (.).
The token needs to be in JWS or JWE Compact Serialization Format. (JWS): 'EncodedHeader.EncodedPayload.EncodedSignature'. (JWE): 'EncodedProtectedHeader.EncodedEncryptedKey.EncodedInitializationVector.EncodedCiphertext.EncodedAuthenticationTag'.
2026-09-02 15:13:58.104 +03:00 [INF] Executing endpoint 'CMS.API.Controllers.DashboardController.GetMetrics (CMS.API)'
2026-09-02 15:13:58.108 +03:00 [INF] Route matched with {action = "GetMetrics", controller = "Dashboard"}. Executing controller action with signature System.Threading.Tasks.Task`1[Microsoft.AspNetCore.Mvc.IActionResult] GetMetrics() on controller CMS.API.Controllers.DashboardController (CMS.API).
2026-09-02 15:14:01.136 +03:00 [INF] Request starting HTTP/1.1 GET http://localhost:5010/api/v1/patients/search?q= - application/json null
2026-09-02 15:14:01.151 +03:00 [INF] Failed to validate the token.
Microsoft.IdentityModel.Tokens.SecurityTokenMalformedException: IDX14120: JWT is not well formed, there is only one dot (.).
The token needs to be in JWS or JWE Compact Serialization Format. (JWS): 'EncodedHeader.EncodedPayload.EncodedSignature'. (JWE): 'EncodedProtectedHeader.EncodedEncryptedKey.EncodedInitializationVector.EncodedCiphertext.EncodedAuthenticationTag'.
   at Microsoft.IdentityModel.JsonWebTokens.JsonWebToken.ReadToken(ReadOnlyMemory`1 encodedTokenMemory)
   at Microsoft.IdentityModel.JsonWebTokens.JsonWebToken..ctor(String jwtEncodedString)
   at Microsoft.IdentityModel.JsonWebTokens.JsonWebTokenHandler.ReadToken(String token, TokenValidationParameters validationParameters)
2026-09-02 15:14:01.157 +03:00 [INF] Bearer was not authenticated. Failure message: IDX14120: JWT is not well formed, there is only one dot (.).
The token needs to be in JWS or JWE Compact Serialization Format. (JWS): 'EncodedHeader.EncodedPayload.EncodedSignature'. (JWE): 'EncodedProtectedHeader.EncodedEncryptedKey.EncodedInitializationVector.EncodedCiphertext.EncodedAuthenticationTag'.
2026-09-02 15:14:01.162 +03:00 [INF] Executing endpoint 'CMS.API.Controllers.PatientsController.Search (CMS.API)'
2026-09-02 15:14:01.191 +03:00 [INF] Route matched with {action = "Search", controller = "Patients"}. Executing controller action with signature System.Threading.Tasks.Task`1[Microsoft.AspNetCore.Mvc.IActionResult] Search(System.String, Int32) on controller CMS.API.Controllers.PatientsController (CMS.API).
2026-09-02 15:14:02.257 +03:00 [INF] Executing OkObjectResult, writing value of type 'CMS.Shared.DTOs.ApiResponse`1[[CMS.Shared.DTOs.DashboardMetricsDto, CMS.Shared, Version=1.0.0.0, Culture=neutral, PublicKeyToken=null]]'.
2026-09-02 15:14:02.263 +03:00 [INF] Executed action CMS.API.Controllers.DashboardController.GetMetrics (CMS.API) in 4149.3125ms
2026-09-02 15:14:02.270 +03:00 [INF] Executed endpoint 'CMS.API.Controllers.DashboardController.GetMetrics (CMS.API)'
2026-09-02 15:14:02.275 +03:00 [INF] Request finished HTTP/1.1 GET http://localhost:5010/api/v1/dashboard/metrics - 200 null application/json; charset=utf-8 4210.4304ms
2026-09-02 15:14:02.284 +03:00 [INF] Executed action CMS.API.Controllers.PatientsController.Search (CMS.API) in 1083.6596ms
2026-09-02 15:14:02.295 +03:00 [INF] Executed endpoint 'CMS.API.Controllers.PatientsController.Search (CMS.API)'
2026-09-02 15:14:02.300 +03:00 [ERR] Unhandled exception encountered: A parameterless default constructor or one matching signature (System.Int32 Id, System.Byte TenantId, System.String MRN, System.String FirstName, System.String MiddleName, System.String LastName, System.DateTime DateOfBirth, System.Int32 Gender, System.String PrimaryPhone, System.String Email, System.String Address, System.String InsuranceProvider, System.String Allergies, System.Boolean IsActive, System.String NationalId, System.String BloodGroup, System.String PhotoUrl, System.Decimal InsuranceCopayPercent, System.String ChronicConditions) is required for CMS.Shared.DTOs.PatientDto materialization
System.InvalidOperationException: A parameterless default constructor or one matching signature (System.Int32 Id, System.Byte TenantId, System.String MRN, System.String FirstName, System.String MiddleName, System.String LastName, System.DateTime DateOfBirth, System.Int32 Gender, System.String PrimaryPhone, System.String Email, System.String Address, System.String InsuranceProvider, System.String Allergies, System.Boolean IsActive, System.String NationalId, System.String BloodGroup, System.String PhotoUrl, System.Decimal InsuranceCopayPercent, System.String ChronicConditions) is required for CMS.Shared.DTOs.PatientDto materialization
   at Dapper.SqlMapper.GenerateDeserializerFromMap(Type type, DbDataReader reader, Int32 startBound, Int32 length, Boolean returnNullIfFirstMissing, ILGenerator il) in /_/Dapper/SqlMapper.cs:line 3473
   at Dapper.SqlMapper.GetTypeDeserializerImpl(Type type, DbDataReader reader, Int32 startBound, Int32 length, Boolean returnNullIfFirstMissing) in /_/Dapper/SqlMapper.cs:line 3304
   at Dapper.SqlMapper.TypeDeserializerCache.GetReader(DbDataReader reader, Int32 startBound, Int32 length, Boolean returnNullIfFirstMissing) in /_/Dapper/SqlMapper.TypeDeserializerCache.cs:line 151
   at Dapper.SqlMapper.TypeDeserializerCache.GetReader(Type type, DbDataReader reader, Int32 startBound, Int32 length, Boolean returnNullIfFirstMissing) in /_/Dapper/SqlMapper.TypeDeserializerCache.cs:line 50
   at Dapper.SqlMapper.GetTypeDeserializer(Type type, DbDataReader reader, Int32 startBound, Int32 length, Boolean returnNullIfFirstMissing) in /_/Dapper/SqlMapper.cs:line 3258
   at Dapper.SqlMapper.GetDeserializer(Type type, DbDataReader reader, Int32 startBound, Int32 length, Boolean returnNullIfFirstMissing) in /_/Dapper/SqlMapper.cs:line 1945
   at Dapper.SqlMapper.QueryAsync[T](IDbConnection cnn, Type effectiveType, CommandDefinition command) in /_/Dapper/SqlMapper.Async.cs:line 442
   at CMS.API.Controllers.PatientsController.Search(String q, Int32 page) in C:\Users\ASUS\source\repos\CMS\src\CMS.API\Controllers\Controllers.cs:line 75
   at Microsoft.AspNetCore.Mvc.Infrastructure.ActionMethodExecutor.TaskOfIActionResultExecutor.Execute(ActionContext actionContext, IActionResultTypeMapper mapper, ObjectMethodExecutor executor, Object controller, Object[] arguments)
   at Microsoft.AspNetCore.Mvc.Infrastructure.ControllerActionInvoker.<InvokeActionMethodAsync>g__Awaited|12_0(ControllerActionInvoker invoker, ValueTask`1 actionResultValueTask)
   at Microsoft.AspNetCore.Mvc.Infrastructure.ControllerActionInvoker.<InvokeNextActionFilterAsync>g__Awaited|10_0(ControllerActionInvoker invoker, Task lastTask, State next, Scope scope, Object state, Boolean isCompleted)
   at Microsoft.AspNetCore.Mvc.Infrastructure.ControllerActionInvoker.Rethrow(ActionExecutedContextSealed context)
   at Microsoft.AspNetCore.Mvc.Infrastructure.ControllerActionInvoker.Next(State& next, Scope& scope, Object& state, Boolean& isCompleted)
   at Microsoft.AspNetCore.Mvc.Infrastructure.ControllerActionInvoker.<InvokeInnerFilterAsync>g__Awaited|13_0(ControllerActionInvoker invoker, Task lastTask, State next, Scope scope, Object state, Boolean isCompleted)
   at Microsoft.AspNetCore.Mvc.Infrastructure.ResourceInvoker.<InvokeFilterPipelineAsync>g__Awaited|20_0(ResourceInvoker invoker, Task lastTask, State next, Scope scope, Object state, Boolean isCompleted)
   at Microsoft.AspNetCore.Mvc.Infrastructure.ResourceInvoker.<InvokeAsync>g__Logged|17_1(ResourceInvoker invoker)
   at Microsoft.AspNetCore.Mvc.Infrastructure.ResourceInvoker.<InvokeAsync>g__Logged|17_1(ResourceInvoker invoker)
   at Microsoft.AspNetCore.Routing.EndpointMiddleware.<Invoke>g__AwaitRequestTask|7_0(Endpoint endpoint, Task requestTask, ILogger logger)
   at Microsoft.AspNetCore.Authorization.AuthorizationMiddleware.Invoke(HttpContext context)
   at Microsoft.AspNetCore.Authentication.AuthenticationMiddleware.Invoke(HttpContext context)
   at Swashbuckle.AspNetCore.SwaggerUI.SwaggerUIMiddleware.Invoke(HttpContext httpContext)
   at Swashbuckle.AspNetCore.Swagger.SwaggerMiddleware.Invoke(HttpContext httpContext, ISwaggerProvider swaggerProvider)
   at CMS.API.Middleware.TenantMiddleware.InvokeAsync(HttpContext context) in C:\Users\ASUS\source\repos\CMS\src\CMS.API\Middleware\Middlewares.cs:line 26
   at CMS.API.Middleware.ExceptionMiddleware.InvokeAsync(HttpContext context) in C:\Users\ASUS\source\repos\CMS\src\CMS.API\Middleware\Middlewares.cs:line 45
2026-09-02 15:14:02.363 +03:00 [INF] Request finished HTTP/1.1 GET http://localhost:5010/api/v1/patients/search?q= - 500 null application/json 1227.3058ms
2026-09-02 15:14:07.913 +03:00 [INF] Request starting HTTP/1.1 GET http://localhost:5010/api/v1/patients/search?q= - null null
2026-09-02 15:14:07.924 +03:00 [INF] Failed to validate the token.
Microsoft.IdentityModel.Tokens.SecurityTokenMalformedException: IDX14120: JWT is not well formed, there is only one dot (.).
The token needs to be in JWS or JWE Compact Serialization Format. (JWS): 'EncodedHeader.EncodedPayload.EncodedSignature'. (JWE): 'EncodedProtectedHeader.EncodedEncryptedKey.EncodedInitializationVector.EncodedCiphertext.EncodedAuthenticationTag'.
   at Microsoft.IdentityModel.JsonWebTokens.JsonWebToken.ReadToken(ReadOnlyMemory`1 encodedTokenMemory)
   at Microsoft.IdentityModel.JsonWebTokens.JsonWebToken..ctor(String jwtEncodedString)
   at Microsoft.IdentityModel.JsonWebTokens.JsonWebTokenHandler.ReadToken(String token, TokenValidationParameters validationParameters)
2026-09-02 15:14:07.938 +03:00 [INF] Bearer was not authenticated. Failure message: IDX14120: JWT is not well formed, there is only one dot (.).
The token needs to be in JWS or JWE Compact Serialization Format. (JWS): 'EncodedHeader.EncodedPayload.EncodedSignature'. (JWE): 'EncodedProtectedHeader.EncodedEncryptedKey.EncodedInitializationVector.EncodedCiphertext.EncodedAuthenticationTag'.
2026-09-02 15:14:07.943 +03:00 [INF] Executing endpoint 'CMS.API.Controllers.PatientsController.Search (CMS.API)'
2026-09-02 15:14:07.948 +03:00 [INF] Route matched with {action = "Search", controller = "Patients"}. Executing controller action with signature System.Threading.Tasks.Task`1[Microsoft.AspNetCore.Mvc.IActionResult] Search(System.String, Int32) on controller CMS.API.Controllers.PatientsController (CMS.API).
2026-09-02 15:14:07.959 +03:00 [INF] Executed action CMS.API.Controllers.PatientsController.Search (CMS.API) in 4.8591ms
2026-09-02 15:14:07.964 +03:00 [INF] Executed endpoint 'CMS.API.Controllers.PatientsController.Search (CMS.API)'
2026-09-02 15:14:07.969 +03:00 [ERR] Unhandled exception encountered: A parameterless default constructor or one matching signature (System.Int32 Id, System.Byte TenantId, System.String MRN, System.String FirstName, System.String MiddleName, System.String LastName, System.DateTime DateOfBirth, System.Int32 Gender, System.String PrimaryPhone, System.String Email, System.String Address, System.String InsuranceProvider, System.String Allergies, System.Boolean IsActive, System.String NationalId, System.String BloodGroup, System.String PhotoUrl, System.Decimal InsuranceCopayPercent, System.String ChronicConditions) is required for CMS.Shared.DTOs.PatientDto materialization
System.InvalidOperationException: A parameterless default constructor or one matching signature (System.Int32 Id, System.Byte TenantId, System.String MRN, System.String FirstName, System.String MiddleName, System.String LastName, System.DateTime DateOfBirth, System.Int32 Gender, System.String PrimaryPhone, System.String Email, System.String Address, System.String InsuranceProvider, System.String Allergies, System.Boolean IsActive, System.String NationalId, System.String BloodGroup, System.String PhotoUrl, System.Decimal InsuranceCopayPercent, System.String ChronicConditions) is required for CMS.Shared.DTOs.PatientDto materialization
   at Dapper.SqlMapper.GenerateDeserializerFromMap(Type type, DbDataReader reader, Int32 startBound, Int32 length, Boolean returnNullIfFirstMissing, ILGenerator il) in /_/Dapper/SqlMapper.cs:line 3473
   at Dapper.SqlMapper.GetTypeDeserializerImpl(Type type, DbDataReader reader, Int32 startBound, Int32 length, Boolean returnNullIfFirstMissing) in /_/Dapper/SqlMapper.cs:line 3304
   at Dapper.SqlMapper.TypeDeserializerCache.GetReader(DbDataReader reader, Int32 startBound, Int32 length, Boolean returnNullIfFirstMissing) in /_/Dapper/SqlMapper.TypeDeserializerCache.cs:line 151
   at Dapper.SqlMapper.TypeDeserializerCache.GetReader(Type type, DbDataReader reader, Int32 startBound, Int32 length, Boolean returnNullIfFirstMissing) in /_/Dapper/SqlMapper.TypeDeserializerCache.cs:line 50
   at Dapper.SqlMapper.GetTypeDeserializer(Type type, DbDataReader reader, Int32 startBound, Int32 length, Boolean returnNullIfFirstMissing) in /_/Dapper/SqlMapper.cs:line 3258
   at Dapper.SqlMapper.GetDeserializer(Type type, DbDataReader reader, Int32 startBound, Int32 length, Boolean returnNullIfFirstMissing) in /_/Dapper/SqlMapper.cs:line 1945
   at Dapper.SqlMapper.QueryAsync[T](IDbConnection cnn, Type effectiveType, CommandDefinition command) in /_/Dapper/SqlMapper.Async.cs:line 442
   at CMS.API.Controllers.PatientsController.Search(String q, Int32 page) in C:\Users\ASUS\source\repos\CMS\src\CMS.API\Controllers\Controllers.cs:line 75
   at Microsoft.AspNetCore.Mvc.Infrastructure.ActionMethodExecutor.TaskOfIActionResultExecutor.Execute(ActionContext actionContext, IActionResultTypeMapper mapper, ObjectMethodExecutor executor, Object controller, Object[] arguments)
   at Microsoft.AspNetCore.Mvc.Infrastructure.ControllerActionInvoker.<InvokeActionMethodAsync>g__Awaited|12_0(ControllerActionInvoker invoker, ValueTask`1 actionResultValueTask)
   at Microsoft.AspNetCore.Mvc.Infrastructure.ControllerActionInvoker.<InvokeNextActionFilterAsync>g__Awaited|10_0(ControllerActionInvoker invoker, Task lastTask, State next, Scope scope, Object state, Boolean isCompleted)
   at Microsoft.AspNetCore.Mvc.Infrastructure.ControllerActionInvoker.Rethrow(ActionExecutedContextSealed context)
   at Microsoft.AspNetCore.Mvc.Infrastructure.ControllerActionInvoker.Next(State& next, Scope& scope, Object& state, Boolean& isCompleted)
   at Microsoft.AspNetCore.Mvc.Infrastructure.ControllerActionInvoker.<InvokeInnerFilterAsync>g__Awaited|13_0(ControllerActionInvoker invoker, Task lastTask, State next, Scope scope, Object state, Boolean isCompleted)
   at Microsoft.AspNetCore.Mvc.Infrastructure.ResourceInvoker.<InvokeFilterPipelineAsync>g__Awaited|20_0(ResourceInvoker invoker, Task lastTask, State next, Scope scope, Object state, Boolean isCompleted)
   at Microsoft.AspNetCore.Mvc.Infrastructure.ResourceInvoker.<InvokeAsync>g__Logged|17_1(ResourceInvoker invoker)
   at Microsoft.AspNetCore.Mvc.Infrastructure.ResourceInvoker.<InvokeAsync>g__Logged|17_1(ResourceInvoker invoker)
   at Microsoft.AspNetCore.Routing.EndpointMiddleware.<Invoke>g__AwaitRequestTask|7_0(Endpoint endpoint, Task requestTask, ILogger logger)
   at Microsoft.AspNetCore.Authorization.AuthorizationMiddleware.Invoke(HttpContext context)
   at Microsoft.AspNetCore.Authentication.AuthenticationMiddleware.Invoke(HttpContext context)
   at Swashbuckle.AspNetCore.SwaggerUI.SwaggerUIMiddleware.Invoke(HttpContext httpContext)
   at Swashbuckle.AspNetCore.Swagger.SwaggerMiddleware.Invoke(HttpContext httpContext, ISwaggerProvider swaggerProvider)
   at CMS.API.Middleware.TenantMiddleware.InvokeAsync(HttpContext context) in C:\Users\ASUS\source\repos\CMS\src\CMS.API\Middleware\Middlewares.cs:line 26
   at CMS.API.Middleware.ExceptionMiddleware.InvokeAsync(HttpContext context) in C:\Users\ASUS\source\repos\CMS\src\CMS.API\Middleware\Middlewares.cs:line 45
2026-09-02 15:14:07.990 +03:00 [INF] Request finished HTTP/1.1 GET http://localhost:5010/api/v1/patients/search?q= - 500 null application/json 77.3088ms
2026-09-02 15:16:46.734 +03:00 [INF] Application is shutting down...
2026-09-02 15:17:49.459 +03:00 [INF] User profile is available. Using 'C:\Users\ASUS\AppData\Local\ASP.NET\DataProtection-Keys' as key repository and Windows DPAPI to encrypt keys at rest.
2026-09-02 15:17:49.645 +03:00 [INF] Now listening on: http://localhost:5010
2026-09-02 15:17:49.649 +03:00 [INF] Application started. Press Ctrl+C to shut down.
2026-09-02 15:17:49.650 +03:00 [INF] Hosting environment: Development
2026-09-02 15:17:49.650 +03:00 [INF] Content root path: C:\Users\ASUS\source\repos\CMS\src\CMS.API
2026-09-02 15:18:10.951 +03:00 [INF] Request starting HTTP/1.1 GET http://localhost:5010/api/v1/patients/search - null null
2026-09-02 15:18:11.079 +03:00 [INF] Failed to validate the token.
Microsoft.IdentityModel.Tokens.SecurityTokenMalformedException: IDX14120: JWT is not well formed, there is only one dot (.).
The token needs to be in JWS or JWE Compact Serialization Format. (JWS): 'EncodedHeader.EncodedPayload.EncodedSignature'. (JWE): 'EncodedProtectedHeader.EncodedEncryptedKey.EncodedInitializationVector.EncodedCiphertext.EncodedAuthenticationTag'.
   at Microsoft.IdentityModel.JsonWebTokens.JsonWebToken.ReadToken(ReadOnlyMemory`1 encodedTokenMemory)
   at Microsoft.IdentityModel.JsonWebTokens.JsonWebToken..ctor(String jwtEncodedString)
   at Microsoft.IdentityModel.JsonWebTokens.JsonWebTokenHandler.ReadToken(String token, TokenValidationParameters validationParameters)
2026-09-02 15:18:11.091 +03:00 [INF] Bearer was not authenticated. Failure message: IDX14120: JWT is not well formed, there is only one dot (.).
The token needs to be in JWS or JWE Compact Serialization Format. (JWS): 'EncodedHeader.EncodedPayload.EncodedSignature'. (JWE): 'EncodedProtectedHeader.EncodedEncryptedKey.EncodedInitializationVector.EncodedCiphertext.EncodedAuthenticationTag'.
2026-09-02 15:18:11.096 +03:00 [INF] Executing endpoint 'CMS.API.Controllers.PatientsController.Search (CMS.API)'
2026-09-02 15:18:11.124 +03:00 [INF] Route matched with {action = "Search", controller = "Patients"}. Executing controller action with signature System.Threading.Tasks.Task`1[Microsoft.AspNetCore.Mvc.IActionResult] Search(System.String, Int32) on controller CMS.API.Controllers.PatientsController (CMS.API).
2026-09-02 15:18:11.932 +03:00 [INF] Executing OkObjectResult, writing value of type 'CMS.Shared.DTOs.ApiResponse`1[[System.Collections.Generic.List`1[[CMS.Shared.DTOs.PatientDto, CMS.Shared, Version=1.0.0.0, Culture=neutral, PublicKeyToken=null]], System.Private.CoreLib, Version=8.0.0.0, Culture=neutral, PublicKeyToken=7cec85d7bea7798e]]'.
2026-09-02 15:18:11.956 +03:00 [INF] Executed action CMS.API.Controllers.PatientsController.Search (CMS.API) in 825.0296ms
2026-09-02 15:18:11.960 +03:00 [INF] Executed endpoint 'CMS.API.Controllers.PatientsController.Search (CMS.API)'
2026-09-02 15:18:11.964 +03:00 [INF] Request finished HTTP/1.1 GET http://localhost:5010/api/v1/patients/search - 200 null application/json; charset=utf-8 1016.9913ms
2026-09-02 15:18:19.293 +03:00 [INF] Request starting HTTP/1.1 GET http://localhost:5010/api/v1/dashboard/metrics - null null
2026-09-02 15:18:19.302 +03:00 [INF] Failed to validate the token.
Microsoft.IdentityModel.Tokens.SecurityTokenMalformedException: IDX14120: JWT is not well formed, there is only one dot (.).
The token needs to be in JWS or JWE Compact Serialization Format. (JWS): 'EncodedHeader.EncodedPayload.EncodedSignature'. (JWE): 'EncodedProtectedHeader.EncodedEncryptedKey.EncodedInitializationVector.EncodedCiphertext.EncodedAuthenticationTag'.
   at Microsoft.IdentityModel.JsonWebTokens.JsonWebToken.ReadToken(ReadOnlyMemory`1 encodedTokenMemory)
   at Microsoft.IdentityModel.JsonWebTokens.JsonWebToken..ctor(String jwtEncodedString)
   at Microsoft.IdentityModel.JsonWebTokens.JsonWebTokenHandler.ReadToken(String token, TokenValidationParameters validationParameters)
2026-09-02 15:18:19.302 +03:00 [INF] Bearer was not authenticated. Failure message: IDX14120: JWT is not well formed, there is only one dot (.).
The token needs to be in JWS or JWE Compact Serialization Format. (JWS): 'EncodedHeader.EncodedPayload.EncodedSignature'. (JWE): 'EncodedProtectedHeader.EncodedEncryptedKey.EncodedInitializationVector.EncodedCiphertext.EncodedAuthenticationTag'.
2026-09-02 15:18:19.303 +03:00 [INF] Executing endpoint 'CMS.API.Controllers.DashboardController.GetMetrics (CMS.API)'
2026-09-02 15:18:19.310 +03:00 [INF] Route matched with {action = "GetMetrics", controller = "Dashboard"}. Executing controller action with signature System.Threading.Tasks.Task`1[Microsoft.AspNetCore.Mvc.IActionResult] GetMetrics() on controller CMS.API.Controllers.DashboardController (CMS.API).
2026-09-02 15:18:19.431 +03:00 [INF] Executing OkObjectResult, writing value of type 'CMS.Shared.DTOs.ApiResponse`1[[CMS.Shared.DTOs.DashboardMetricsDto, CMS.Shared, Version=1.0.0.0, Culture=neutral, PublicKeyToken=null]]'.
2026-09-02 15:18:19.467 +03:00 [INF] Executed action CMS.API.Controllers.DashboardController.GetMetrics (CMS.API) in 157.0883ms
2026-09-02 15:18:19.468 +03:00 [INF] Executed endpoint 'CMS.API.Controllers.DashboardController.GetMetrics (CMS.API)'
2026-09-02 15:18:19.469 +03:00 [INF] Request finished HTTP/1.1 GET http://localhost:5010/api/v1/dashboard/metrics - 200 null application/json; charset=utf-8 175.6876ms
2026-09-02 15:18:19.514 +03:00 [INF] Request starting HTTP/1.1 GET http://localhost:5010/api/v1/laboratory/catalog - null null
2026-09-02 15:18:19.520 +03:00 [INF] Failed to validate the token.
Microsoft.IdentityModel.Tokens.SecurityTokenMalformedException: IDX14120: JWT is not well formed, there is only one dot (.).
The token needs to be in JWS or JWE Compact Serialization Format. (JWS): 'EncodedHeader.EncodedPayload.EncodedSignature'. (JWE): 'EncodedProtectedHeader.EncodedEncryptedKey.EncodedInitializationVector.EncodedCiphertext.EncodedAuthenticationTag'.
   at Microsoft.IdentityModel.JsonWebTokens.JsonWebToken.ReadToken(ReadOnlyMemory`1 encodedTokenMemory)
   at Microsoft.IdentityModel.JsonWebTokens.JsonWebToken..ctor(String jwtEncodedString)
   at Microsoft.IdentityModel.JsonWebTokens.JsonWebTokenHandler.ReadToken(String token, TokenValidationParameters validationParameters)
2026-09-02 15:18:19.520 +03:00 [INF] Bearer was not authenticated. Failure message: IDX14120: JWT is not well formed, there is only one dot (.).
The token needs to be in JWS or JWE Compact Serialization Format. (JWS): 'EncodedHeader.EncodedPayload.EncodedSignature'. (JWE): 'EncodedProtectedHeader.EncodedEncryptedKey.EncodedInitializationVector.EncodedCiphertext.EncodedAuthenticationTag'.
2026-09-02 15:18:19.521 +03:00 [INF] Executing endpoint 'CMS.API.Controllers.LaboratoryController.GetCatalog (CMS.API)'
2026-09-02 15:18:19.527 +03:00 [INF] Route matched with {action = "GetCatalog", controller = "Laboratory"}. Executing controller action with signature System.Threading.Tasks.Task`1[Microsoft.AspNetCore.Mvc.IActionResult] GetCatalog() on controller CMS.API.Controllers.LaboratoryController (CMS.API).
2026-09-02 15:18:19.540 +03:00 [INF] Executing OkObjectResult, writing value of type 'CMS.Shared.DTOs.ApiResponse`1[[System.Collections.Generic.List`1[[CMS.Shared.DTOs.LabTestCatalogDto, CMS.Shared, Version=1.0.0.0, Culture=neutral, PublicKeyToken=null]], System.Private.CoreLib, Version=8.0.0.0, Culture=neutral, PublicKeyToken=7cec85d7bea7798e]]'.
2026-09-02 15:18:19.547 +03:00 [INF] Executed action CMS.API.Controllers.LaboratoryController.GetCatalog (CMS.API) in 19.734ms
2026-09-02 15:18:19.547 +03:00 [INF] Executed endpoint 'CMS.API.Controllers.LaboratoryController.GetCatalog (CMS.API)'
2026-09-02 15:18:19.547 +03:00 [INF] Request finished HTTP/1.1 GET http://localhost:5010/api/v1/laboratory/catalog - 200 null application/json; charset=utf-8 33.467ms
2026-09-02 15:18:19.556 +03:00 [INF] Request starting HTTP/1.1 GET http://localhost:5010/api/v1/pharmacy/formulary - null null
2026-09-02 15:18:19.557 +03:00 [INF] Failed to validate the token.
Microsoft.IdentityModel.Tokens.SecurityTokenMalformedException: IDX14120: JWT is not well formed, there is only one dot (.).
The token needs to be in JWS or JWE Compact Serialization Format. (JWS): 'EncodedHeader.EncodedPayload.EncodedSignature'. (JWE): 'EncodedProtectedHeader.EncodedEncryptedKey.EncodedInitializationVector.EncodedCiphertext.EncodedAuthenticationTag'.
   at Microsoft.IdentityModel.JsonWebTokens.JsonWebToken.ReadToken(ReadOnlyMemory`1 encodedTokenMemory)
   at Microsoft.IdentityModel.JsonWebTokens.JsonWebToken..ctor(String jwtEncodedString)
   at Microsoft.IdentityModel.JsonWebTokens.JsonWebTokenHandler.ReadToken(String token, TokenValidationParameters validationParameters)
2026-09-02 15:18:19.558 +03:00 [INF] Bearer was not authenticated. Failure message: IDX14120: JWT is not well formed, there is only one dot (.).
The token needs to be in JWS or JWE Compact Serialization Format. (JWS): 'EncodedHeader.EncodedPayload.EncodedSignature'. (JWE): 'EncodedProtectedHeader.EncodedEncryptedKey.EncodedInitializationVector.EncodedCiphertext.EncodedAuthenticationTag'.
2026-09-02 15:18:19.558 +03:00 [INF] Executing endpoint 'CMS.API.Controllers.PharmacyController.GetFormulary (CMS.API)'
2026-09-02 15:18:19.564 +03:00 [INF] Route matched with {action = "GetFormulary", controller = "Pharmacy"}. Executing controller action with signature System.Threading.Tasks.Task`1[Microsoft.AspNetCore.Mvc.IActionResult] GetFormulary() on controller CMS.API.Controllers.PharmacyController (CMS.API).
2026-09-02 15:18:19.581 +03:00 [INF] Executed action CMS.API.Controllers.PharmacyController.GetFormulary (CMS.API) in 16.4848ms
2026-09-02 15:18:19.582 +03:00 [INF] Executed endpoint 'CMS.API.Controllers.PharmacyController.GetFormulary (CMS.API)'
2026-09-02 15:18:19.583 +03:00 [ERR] Unhandled exception encountered: Invalid column name 'DrugCode'.
Invalid column name 'DosageForm'.
Invalid column name 'CurrentStock'.
Microsoft.Data.SqlClient.SqlException (0x80131904): Invalid column name 'DrugCode'.
Invalid column name 'DosageForm'.
Invalid column name 'CurrentStock'.
   at Microsoft.Data.SqlClient.SqlCommand.<>c.<ExecuteDbDataReaderAsync>b__211_0(Task`1 result)
   at System.Threading.Tasks.ContinuationResultTaskFromResultTask`2.InnerInvoke()
   at System.Threading.ExecutionContext.RunInternal(ExecutionContext executionContext, ContextCallback callback, Object state)
--- End of stack trace from previous location ---
   at System.Threading.ExecutionContext.RunInternal(ExecutionContext executionContext, ContextCallback callback, Object state)
   at System.Threading.Tasks.Task.ExecuteWithThreadLocal(Task& currentTaskSlot, Thread threadPoolThread)
--- End of stack trace from previous location ---
   at Dapper.SqlMapper.QueryAsync[T](IDbConnection cnn, Type effectiveType, CommandDefinition command) in /_/Dapper/SqlMapper.Async.cs:line 434
   at CMS.Application.Pharmacy.PharmacyService.GetFormularyAsync(Byte tenantId) in C:\Users\ASUS\source\repos\CMS\src\CMS.Application\Pharmacy\PharmacyService.cs:line 32
   at CMS.API.Controllers.PharmacyController.GetFormulary() in C:\Users\ASUS\source\repos\CMS\src\CMS.API\Controllers\PharmacyBillingControllers.cs:line 25
   at Microsoft.AspNetCore.Mvc.Infrastructure.ActionMethodExecutor.TaskOfIActionResultExecutor.Execute(ActionContext actionContext, IActionResultTypeMapper mapper, ObjectMethodExecutor executor, Object controller, Object[] arguments)
   at Microsoft.AspNetCore.Mvc.Infrastructure.ControllerActionInvoker.<InvokeActionMethodAsync>g__Awaited|12_0(ControllerActionInvoker invoker, ValueTask`1 actionResultValueTask)
   at Microsoft.AspNetCore.Mvc.Infrastructure.ControllerActionInvoker.<InvokeNextActionFilterAsync>g__Awaited|10_0(ControllerActionInvoker invoker, Task lastTask, State next, Scope scope, Object state, Boolean isCompleted)
   at Microsoft.AspNetCore.Mvc.Infrastructure.ControllerActionInvoker.Rethrow(ActionExecutedContextSealed context)
   at Microsoft.AspNetCore.Mvc.Infrastructure.ControllerActionInvoker.Next(State& next, Scope& scope, Object& state, Boolean& isCompleted)
   at Microsoft.AspNetCore.Mvc.Infrastructure.ControllerActionInvoker.<InvokeInnerFilterAsync>g__Awaited|13_0(ControllerActionInvoker invoker, Task lastTask, State next, Scope scope, Object state, Boolean isCompleted)
   at Microsoft.AspNetCore.Mvc.Infrastructure.ResourceInvoker.<InvokeFilterPipelineAsync>g__Awaited|20_0(ResourceInvoker invoker, Task lastTask, State next, Scope scope, Object state, Boolean isCompleted)
   at Microsoft.AspNetCore.Mvc.Infrastructure.ResourceInvoker.<InvokeAsync>g__Logged|17_1(ResourceInvoker invoker)
   at Microsoft.AspNetCore.Mvc.Infrastructure.ResourceInvoker.<InvokeAsync>g__Logged|17_1(ResourceInvoker invoker)
   at Microsoft.AspNetCore.Routing.EndpointMiddleware.<Invoke>g__AwaitRequestTask|7_0(Endpoint endpoint, Task requestTask, ILogger logger)
   at Microsoft.AspNetCore.Authorization.AuthorizationMiddleware.Invoke(HttpContext context)
   at Microsoft.AspNetCore.Authentication.AuthenticationMiddleware.Invoke(HttpContext context)
   at Swashbuckle.AspNetCore.SwaggerUI.SwaggerUIMiddleware.Invoke(HttpContext httpContext)
   at Swashbuckle.AspNetCore.Swagger.SwaggerMiddleware.Invoke(HttpContext httpContext, ISwaggerProvider swaggerProvider)
   at CMS.API.Middleware.TenantMiddleware.InvokeAsync(HttpContext context) in C:\Users\ASUS\source\repos\CMS\src\CMS.API\Middleware\Middlewares.cs:line 26
   at CMS.API.Middleware.ExceptionMiddleware.InvokeAsync(HttpContext context) in C:\Users\ASUS\source\repos\CMS\src\CMS.API\Middleware\Middlewares.cs:line 45
ClientConnectionId:27a5c19c-bf1c-4761-8fb7-1df60569adfb
Error Number:207,State:1,Class:16
2026-09-02 15:18:19.608 +03:00 [INF] Request finished HTTP/1.1 GET http://localhost:5010/api/v1/pharmacy/formulary - 500 null application/json 52.21ms
2026-09-02 15:18:19.814 +03:00 [INF] Request starting HTTP/1.1 GET http://localhost:5010/api/v1/staff/doctors - null null
2026-09-02 15:18:19.815 +03:00 [INF] Failed to validate the token.
Microsoft.IdentityModel.Tokens.SecurityTokenMalformedException: IDX14120: JWT is not well formed, there is only one dot (.).
The token needs to be in JWS or JWE Compact Serialization Format. (JWS): 'EncodedHeader.EncodedPayload.EncodedSignature'. (JWE): 'EncodedProtectedHeader.EncodedEncryptedKey.EncodedInitializationVector.EncodedCiphertext.EncodedAuthenticationTag'.
   at Microsoft.IdentityModel.JsonWebTokens.JsonWebToken.ReadToken(ReadOnlyMemory`1 encodedTokenMemory)
   at Microsoft.IdentityModel.JsonWebTokens.JsonWebToken..ctor(String jwtEncodedString)
   at Microsoft.IdentityModel.JsonWebTokens.JsonWebTokenHandler.ReadToken(String token, TokenValidationParameters validationParameters)
2026-09-02 15:18:19.815 +03:00 [INF] Bearer was not authenticated. Failure message: IDX14120: JWT is not well formed, there is only one dot (.).
The token needs to be in JWS or JWE Compact Serialization Format. (JWS): 'EncodedHeader.EncodedPayload.EncodedSignature'. (JWE): 'EncodedProtectedHeader.EncodedEncryptedKey.EncodedInitializationVector.EncodedCiphertext.EncodedAuthenticationTag'.
2026-09-02 15:18:19.815 +03:00 [INF] Executing endpoint 'CMS.API.Controllers.StaffController.GetDoctors (CMS.API)'
2026-09-02 15:18:19.822 +03:00 [INF] Route matched with {action = "GetDoctors", controller = "Staff"}. Executing controller action with signature System.Threading.Tasks.Task`1[Microsoft.AspNetCore.Mvc.IActionResult] GetDoctors() on controller CMS.API.Controllers.StaffController (CMS.API).
2026-09-02 15:18:19.843 +03:00 [INF] Executing OkObjectResult, writing value of type 'CMS.Shared.DTOs.ApiResponse`1[[System.Collections.Generic.List`1[[CMS.Shared.DTOs.DoctorDto, CMS.Shared, Version=1.0.0.0, Culture=neutral, PublicKeyToken=null]], System.Private.CoreLib, Version=8.0.0.0, Culture=neutral, PublicKeyToken=7cec85d7bea7798e]]'.
2026-09-02 15:18:19.849 +03:00 [INF] Executed action CMS.API.Controllers.StaffController.GetDoctors (CMS.API) in 26.2886ms
2026-09-02 15:18:19.849 +03:00 [INF] Executed endpoint 'CMS.API.Controllers.StaffController.GetDoctors (CMS.API)'
2026-09-02 15:18:19.849 +03:00 [INF] Request finished HTTP/1.1 GET http://localhost:5010/api/v1/staff/doctors - 200 null application/json; charset=utf-8 34.9829ms
2026-09-02 15:26:39.751 +03:00 [INF] User profile is available. Using 'C:\Users\ASUS\AppData\Local\ASP.NET\DataProtection-Keys' as key repository and Windows DPAPI to encrypt keys at rest.
2026-09-02 15:26:39.948 +03:00 [INF] Now listening on: http://localhost:5010
2026-09-02 15:26:39.952 +03:00 [INF] Application started. Press Ctrl+C to shut down.
2026-09-02 15:26:39.953 +03:00 [INF] Hosting environment: Development
2026-09-02 15:26:39.953 +03:00 [INF] Content root path: C:\Users\ASUS\source\repos\CMS\src\CMS.API
2026-09-02 15:26:45.930 +03:00 [INF] Request starting HTTP/1.1 GET http://localhost:5010/api/v1/patients/search - null null
2026-09-02 15:26:46.111 +03:00 [INF] Failed to validate the token.
Microsoft.IdentityModel.Tokens.SecurityTokenMalformedException: IDX14120: JWT is not well formed, there is only one dot (.).
The token needs to be in JWS or JWE Compact Serialization Format. (JWS): 'EncodedHeader.EncodedPayload.EncodedSignature'. (JWE): 'EncodedProtectedHeader.EncodedEncryptedKey.EncodedInitializationVector.EncodedCiphertext.EncodedAuthenticationTag'.
   at Microsoft.IdentityModel.JsonWebTokens.JsonWebToken.ReadToken(ReadOnlyMemory`1 encodedTokenMemory)
   at Microsoft.IdentityModel.JsonWebTokens.JsonWebToken..ctor(String jwtEncodedString)
   at Microsoft.IdentityModel.JsonWebTokens.JsonWebTokenHandler.ReadToken(String token, TokenValidationParameters validationParameters)
2026-09-02 15:26:46.132 +03:00 [INF] Bearer was not authenticated. Failure message: IDX14120: JWT is not well formed, there is only one dot (.).
The token needs to be in JWS or JWE Compact Serialization Format. (JWS): 'EncodedHeader.EncodedPayload.EncodedSignature'. (JWE): 'EncodedProtectedHeader.EncodedEncryptedKey.EncodedInitializationVector.EncodedCiphertext.EncodedAuthenticationTag'.
2026-09-02 15:26:46.139 +03:00 [INF] Executing endpoint 'CMS.API.Controllers.PatientsController.Search (CMS.API)'
2026-09-02 15:26:46.171 +03:00 [INF] Route matched with {action = "Search", controller = "Patients"}. Executing controller action with signature System.Threading.Tasks.Task`1[Microsoft.AspNetCore.Mvc.IActionResult] Search(System.String, Int32) on controller CMS.API.Controllers.PatientsController (CMS.API).
2026-09-02 15:26:46.997 +03:00 [INF] Executing OkObjectResult, writing value of type 'CMS.Shared.DTOs.ApiResponse`1[[System.Collections.Generic.List`1[[CMS.Shared.DTOs.PatientDto, CMS.Shared, Version=1.0.0.0, Culture=neutral, PublicKeyToken=null]], System.Private.CoreLib, Version=8.0.0.0, Culture=neutral, PublicKeyToken=7cec85d7bea7798e]]'.
2026-09-02 15:26:47.020 +03:00 [INF] Executed action CMS.API.Controllers.PatientsController.Search (CMS.API) in 841.947ms
2026-09-02 15:26:47.023 +03:00 [INF] Executed endpoint 'CMS.API.Controllers.PatientsController.Search (CMS.API)'
2026-09-02 15:26:47.028 +03:00 [INF] Request finished HTTP/1.1 GET http://localhost:5010/api/v1/patients/search - 200 null application/json; charset=utf-8 1100.3456ms
2026-09-02 15:26:47.091 +03:00 [INF] Request starting HTTP/1.1 GET http://localhost:5010/api/v1/pharmacy/formulary - null null
2026-09-02 15:26:47.101 +03:00 [INF] Failed to validate the token.
Microsoft.IdentityModel.Tokens.SecurityTokenMalformedException: IDX14120: JWT is not well formed, there is only one dot (.).
The token needs to be in JWS or JWE Compact Serialization Format. (JWS): 'EncodedHeader.EncodedPayload.EncodedSignature'. (JWE): 'EncodedProtectedHeader.EncodedEncryptedKey.EncodedInitializationVector.EncodedCiphertext.EncodedAuthenticationTag'.
   at Microsoft.IdentityModel.JsonWebTokens.JsonWebToken.ReadToken(ReadOnlyMemory`1 encodedTokenMemory)
   at Microsoft.IdentityModel.JsonWebTokens.JsonWebToken..ctor(String jwtEncodedString)
   at Microsoft.IdentityModel.JsonWebTokens.JsonWebTokenHandler.ReadToken(String token, TokenValidationParameters validationParameters)
2026-09-02 15:26:47.101 +03:00 [INF] Bearer was not authenticated. Failure message: IDX14120: JWT is not well formed, there is only one dot (.).
The token needs to be in JWS or JWE Compact Serialization Format. (JWS): 'EncodedHeader.EncodedPayload.EncodedSignature'. (JWE): 'EncodedProtectedHeader.EncodedEncryptedKey.EncodedInitializationVector.EncodedCiphertext.EncodedAuthenticationTag'.
2026-09-02 15:26:47.102 +03:00 [INF] Executing endpoint 'CMS.API.Controllers.PharmacyController.GetFormulary (CMS.API)'
2026-09-02 15:26:47.110 +03:00 [INF] Route matched with {action = "GetFormulary", controller = "Pharmacy"}. Executing controller action with signature System.Threading.Tasks.Task`1[Microsoft.AspNetCore.Mvc.IActionResult] GetFormulary() on controller CMS.API.Controllers.PharmacyController (CMS.API).
2026-09-02 15:26:47.194 +03:00 [INF] Executing OkObjectResult, writing value of type 'CMS.Shared.DTOs.ApiResponse`1[[System.Collections.Generic.List`1[[CMS.Shared.DTOs.DrugFormularyDto, CMS.Shared, Version=1.0.0.0, Culture=neutral, PublicKeyToken=null]], System.Private.CoreLib, Version=8.0.0.0, Culture=neutral, PublicKeyToken=7cec85d7bea7798e]]'.
2026-09-02 15:26:47.202 +03:00 [INF] Executed action CMS.API.Controllers.PharmacyController.GetFormulary (CMS.API) in 91.7656ms
2026-09-02 15:26:47.203 +03:00 [INF] Executed endpoint 'CMS.API.Controllers.PharmacyController.GetFormulary (CMS.API)'
2026-09-02 15:26:47.203 +03:00 [INF] Request finished HTTP/1.1 GET http://localhost:5010/api/v1/pharmacy/formulary - 200 null application/json; charset=utf-8 111.7482ms
2026-09-02 15:26:47.212 +03:00 [INF] Request starting HTTP/1.1 GET http://localhost:5010/api/v1/laboratory/catalog - null null
2026-09-02 15:26:47.220 +03:00 [INF] Failed to validate the token.
Microsoft.IdentityModel.Tokens.SecurityTokenMalformedException: IDX14120: JWT is not well formed, there is only one dot (.).
The token needs to be in JWS or JWE Compact Serialization Format. (JWS): 'EncodedHeader.EncodedPayload.EncodedSignature'. (JWE): 'EncodedProtectedHeader.EncodedEncryptedKey.EncodedInitializationVector.EncodedCiphertext.EncodedAuthenticationTag'.
   at Microsoft.IdentityModel.JsonWebTokens.JsonWebToken.ReadToken(ReadOnlyMemory`1 encodedTokenMemory)
   at Microsoft.IdentityModel.JsonWebTokens.JsonWebToken..ctor(String jwtEncodedString)
   at Microsoft.IdentityModel.JsonWebTokens.JsonWebTokenHandler.ReadToken(String token, TokenValidationParameters validationParameters)
2026-09-02 15:26:47.221 +03:00 [INF] Bearer was not authenticated. Failure message: IDX14120: JWT is not well formed, there is only one dot (.).
The token needs to be in JWS or JWE Compact Serialization Format. (JWS): 'EncodedHeader.EncodedPayload.EncodedSignature'. (JWE): 'EncodedProtectedHeader.EncodedEncryptedKey.EncodedInitializationVector.EncodedCiphertext.EncodedAuthenticationTag'.
2026-09-02 15:26:47.221 +03:00 [INF] Executing endpoint 'CMS.API.Controllers.LaboratoryController.GetCatalog (CMS.API)'
2026-09-02 15:26:47.231 +03:00 [INF] Route matched with {action = "GetCatalog", controller = "Laboratory"}. Executing controller action with signature System.Threading.Tasks.Task`1[Microsoft.AspNetCore.Mvc.IActionResult] GetCatalog() on controller CMS.API.Controllers.LaboratoryController (CMS.API).
2026-09-02 15:26:47.249 +03:00 [INF] Executing OkObjectResult, writing value of type 'CMS.Shared.DTOs.ApiResponse`1[[System.Collections.Generic.List`1[[CMS.Shared.DTOs.LabTestCatalogDto, CMS.Shared, Version=1.0.0.0, Culture=neutral, PublicKeyToken=null]], System.Private.CoreLib, Version=8.0.0.0, Culture=neutral, PublicKeyToken=7cec85d7bea7798e]]'.
2026-09-02 15:26:47.258 +03:00 [INF] Executed action CMS.API.Controllers.LaboratoryController.GetCatalog (CMS.API) in 27.2458ms
2026-09-02 15:26:47.259 +03:00 [INF] Executed endpoint 'CMS.API.Controllers.LaboratoryController.GetCatalog (CMS.API)'
2026-09-02 15:26:47.259 +03:00 [INF] Request finished HTTP/1.1 GET http://localhost:5010/api/v1/laboratory/catalog - 200 null application/json; charset=utf-8 46.7275ms
2026-09-02 15:26:47.264 +03:00 [INF] Request starting HTTP/1.1 GET http://localhost:5010/api/v1/dashboard/metrics - null null
2026-09-02 15:26:47.265 +03:00 [INF] Failed to validate the token.
Microsoft.IdentityModel.Tokens.SecurityTokenMalformedException: IDX14120: JWT is not well formed, there is only one dot (.).
The token needs to be in JWS or JWE Compact Serialization Format. (JWS): 'EncodedHeader.EncodedPayload.EncodedSignature'. (JWE): 'EncodedProtectedHeader.EncodedEncryptedKey.EncodedInitializationVector.EncodedCiphertext.EncodedAuthenticationTag'.
   at Microsoft.IdentityModel.JsonWebTokens.JsonWebToken.ReadToken(ReadOnlyMemory`1 encodedTokenMemory)
   at Microsoft.IdentityModel.JsonWebTokens.JsonWebToken..ctor(String jwtEncodedString)
   at Microsoft.IdentityModel.JsonWebTokens.JsonWebTokenHandler.ReadToken(String token, TokenValidationParameters validationParameters)
2026-09-02 15:26:47.266 +03:00 [INF] Bearer was not authenticated. Failure message: IDX14120: JWT is not well formed, there is only one dot (.).
The token needs to be in JWS or JWE Compact Serialization Format. (JWS): 'EncodedHeader.EncodedPayload.EncodedSignature'. (JWE): 'EncodedProtectedHeader.EncodedEncryptedKey.EncodedInitializationVector.EncodedCiphertext.EncodedAuthenticationTag'.
2026-09-02 15:26:47.266 +03:00 [INF] Executing endpoint 'CMS.API.Controllers.DashboardController.GetMetrics (CMS.API)'
2026-09-02 15:26:47.277 +03:00 [INF] Route matched with {action = "GetMetrics", controller = "Dashboard"}. Executing controller action with signature System.Threading.Tasks.Task`1[Microsoft.AspNetCore.Mvc.IActionResult] GetMetrics() on controller CMS.API.Controllers.DashboardController (CMS.API).
2026-09-02 15:26:47.383 +03:00 [INF] Executing OkObjectResult, writing value of type 'CMS.Shared.DTOs.ApiResponse`1[[CMS.Shared.DTOs.DashboardMetricsDto, CMS.Shared, Version=1.0.0.0, Culture=neutral, PublicKeyToken=null]]'.
2026-09-02 15:26:47.409 +03:00 [INF] Executed action CMS.API.Controllers.DashboardController.GetMetrics (CMS.API) in 131.5532ms
2026-09-02 15:26:47.409 +03:00 [INF] Executed endpoint 'CMS.API.Controllers.DashboardController.GetMetrics (CMS.API)'
2026-09-02 15:26:47.409 +03:00 [INF] Request finished HTTP/1.1 GET http://localhost:5010/api/v1/dashboard/metrics - 200 null application/json; charset=utf-8 145.0113ms
2026-09-02 15:26:47.415 +03:00 [INF] Request starting HTTP/1.1 GET http://localhost:5010/api/v1/staff/doctors - null null
2026-09-02 15:26:47.416 +03:00 [INF] Failed to validate the token.
Microsoft.IdentityModel.Tokens.SecurityTokenMalformedException: IDX14120: JWT is not well formed, there is only one dot (.).
The token needs to be in JWS or JWE Compact Serialization Format. (JWS): 'EncodedHeader.EncodedPayload.EncodedSignature'. (JWE): 'EncodedProtectedHeader.EncodedEncryptedKey.EncodedInitializationVector.EncodedCiphertext.EncodedAuthenticationTag'.
   at Microsoft.IdentityModel.JsonWebTokens.JsonWebToken.ReadToken(ReadOnlyMemory`1 encodedTokenMemory)
   at Microsoft.IdentityModel.JsonWebTokens.JsonWebToken..ctor(String jwtEncodedString)
   at Microsoft.IdentityModel.JsonWebTokens.JsonWebTokenHandler.ReadToken(String token, TokenValidationParameters validationParameters)
2026-09-02 15:26:47.416 +03:00 [INF] Bearer was not authenticated. Failure message: IDX14120: JWT is not well formed, there is only one dot (.).
The token needs to be in JWS or JWE Compact Serialization Format. (JWS): 'EncodedHeader.EncodedPayload.EncodedSignature'. (JWE): 'EncodedProtectedHeader.EncodedEncryptedKey.EncodedInitializationVector.EncodedCiphertext.EncodedAuthenticationTag'.
2026-09-02 15:26:47.417 +03:00 [INF] Executing endpoint 'CMS.API.Controllers.StaffController.GetDoctors (CMS.API)'
2026-09-02 15:26:47.423 +03:00 [INF] Route matched with {action = "GetDoctors", controller = "Staff"}. Executing controller action with signature System.Threading.Tasks.Task`1[Microsoft.AspNetCore.Mvc.IActionResult] GetDoctors() on controller CMS.API.Controllers.StaffController (CMS.API).
2026-09-02 15:26:47.455 +03:00 [INF] Executing OkObjectResult, writing value of type 'CMS.Shared.DTOs.ApiResponse`1[[System.Collections.Generic.List`1[[CMS.Shared.DTOs.DoctorDto, CMS.Shared, Version=1.0.0.0, Culture=neutral, PublicKeyToken=null]], System.Private.CoreLib, Version=8.0.0.0, Culture=neutral, PublicKeyToken=7cec85d7bea7798e]]'.
2026-09-02 15:26:47.459 +03:00 [INF] Executed action CMS.API.Controllers.StaffController.GetDoctors (CMS.API) in 35.352ms
2026-09-02 15:26:47.459 +03:00 [INF] Executed endpoint 'CMS.API.Controllers.StaffController.GetDoctors (CMS.API)'
2026-09-02 15:26:47.459 +03:00 [INF] Request finished HTTP/1.1 GET http://localhost:5010/api/v1/staff/doctors - 200 null application/json; charset=utf-8 44.2218ms
2026-09-02 15:31:34.787 +03:00 [INF] Request starting HTTP/1.1 POST http://localhost:5010/api/v1/patients - application/json 326
2026-09-02 15:31:34.788 +03:00 [INF] Failed to validate the token.
Microsoft.IdentityModel.Tokens.SecurityTokenMalformedException: IDX14120: JWT is not well formed, there is only one dot (.).
The token needs to be in JWS or JWE Compact Serialization Format. (JWS): 'EncodedHeader.EncodedPayload.EncodedSignature'. (JWE): 'EncodedProtectedHeader.EncodedEncryptedKey.EncodedInitializationVector.EncodedCiphertext.EncodedAuthenticationTag'.
   at Microsoft.IdentityModel.JsonWebTokens.JsonWebToken.ReadToken(ReadOnlyMemory`1 encodedTokenMemory)
   at Microsoft.IdentityModel.JsonWebTokens.JsonWebToken..ctor(String jwtEncodedString)
   at Microsoft.IdentityModel.JsonWebTokens.JsonWebTokenHandler.ReadToken(String token, TokenValidationParameters validationParameters)
2026-09-02 15:31:34.789 +03:00 [INF] Bearer was not authenticated. Failure message: IDX14120: JWT is not well formed, there is only one dot (.).
The token needs to be in JWS or JWE Compact Serialization Format. (JWS): 'EncodedHeader.EncodedPayload.EncodedSignature'. (JWE): 'EncodedProtectedHeader.EncodedEncryptedKey.EncodedInitializationVector.EncodedCiphertext.EncodedAuthenticationTag'.
2026-09-02 15:31:34.789 +03:00 [INF] Executing endpoint 'CMS.API.Controllers.PatientsController.Create (CMS.API)'
2026-09-02 15:31:34.798 +03:00 [INF] Route matched with {action = "Create", controller = "Patients"}. Executing controller action with signature System.Threading.Tasks.Task`1[Microsoft.AspNetCore.Mvc.IActionResult] Create(CMS.Shared.DTOs.CreatePatientDto) on controller CMS.API.Controllers.PatientsController (CMS.API).
2026-09-02 15:31:34.970 +03:00 [INF] Executing OkObjectResult, writing value of type 'CMS.Shared.DTOs.ApiResponse`1[[System.Object, System.Private.CoreLib, Version=8.0.0.0, Culture=neutral, PublicKeyToken=7cec85d7bea7798e]]'.
2026-09-02 15:31:34.975 +03:00 [INF] Executed action CMS.API.Controllers.PatientsController.Create (CMS.API) in 177.446ms
2026-09-02 15:31:34.976 +03:00 [INF] Executed endpoint 'CMS.API.Controllers.PatientsController.Create (CMS.API)'
2026-09-02 15:31:34.976 +03:00 [INF] Request finished HTTP/1.1 POST http://localhost:5010/api/v1/patients - 200 null application/json; charset=utf-8 189.6332ms
2026-09-02 15:31:34.996 +03:00 [INF] Request starting HTTP/1.1 GET http://localhost:5010/api/v1/patients/search - application/json null
2026-09-02 15:31:34.997 +03:00 [INF] Failed to validate the token.
Microsoft.IdentityModel.Tokens.SecurityTokenMalformedException: IDX14120: JWT is not well formed, there is only one dot (.).
The token needs to be in JWS or JWE Compact Serialization Format. (JWS): 'EncodedHeader.EncodedPayload.EncodedSignature'. (JWE): 'EncodedProtectedHeader.EncodedEncryptedKey.EncodedInitializationVector.EncodedCiphertext.EncodedAuthenticationTag'.
   at Microsoft.IdentityModel.JsonWebTokens.JsonWebToken.ReadToken(ReadOnlyMemory`1 encodedTokenMemory)
   at Microsoft.IdentityModel.JsonWebTokens.JsonWebToken..ctor(String jwtEncodedString)
   at Microsoft.IdentityModel.JsonWebTokens.JsonWebTokenHandler.ReadToken(String token, TokenValidationParameters validationParameters)
2026-09-02 15:31:34.998 +03:00 [INF] Bearer was not authenticated. Failure message: IDX14120: JWT is not well formed, there is only one dot (.).
The token needs to be in JWS or JWE Compact Serialization Format. (JWS): 'EncodedHeader.EncodedPayload.EncodedSignature'. (JWE): 'EncodedProtectedHeader.EncodedEncryptedKey.EncodedInitializationVector.EncodedCiphertext.EncodedAuthenticationTag'.
2026-09-02 15:31:34.998 +03:00 [INF] Executing endpoint 'CMS.API.Controllers.PatientsController.Search (CMS.API)'
2026-09-02 15:31:34.998 +03:00 [INF] Route matched with {action = "Search", controller = "Patients"}. Executing controller action with signature System.Threading.Tasks.Task`1[Microsoft.AspNetCore.Mvc.IActionResult] Search(System.String, Int32) on controller CMS.API.Controllers.PatientsController (CMS.API).
2026-09-02 15:31:35.033 +03:00 [INF] Executing OkObjectResult, writing value of type 'CMS.Shared.DTOs.ApiResponse`1[[System.Collections.Generic.List`1[[CMS.Shared.DTOs.PatientDto, CMS.Shared, Version=1.0.0.0, Culture=neutral, PublicKeyToken=null]], System.Private.CoreLib, Version=8.0.0.0, Culture=neutral, PublicKeyToken=7cec85d7bea7798e]]'.
2026-09-02 15:31:35.034 +03:00 [INF] Executed action CMS.API.Controllers.PatientsController.Search (CMS.API) in 35.6172ms
2026-09-02 15:31:35.034 +03:00 [INF] Executed endpoint 'CMS.API.Controllers.PatientsController.Search (CMS.API)'
2026-09-02 15:31:35.034 +03:00 [INF] Request finished HTTP/1.1 GET http://localhost:5010/api/v1/patients/search - 200 null application/json; charset=utf-8 38.1903ms
2026-09-02 15:32:50.244 +03:00 [INF] User profile is available. Using 'C:\Users\ASUS\AppData\Local\ASP.NET\DataProtection-Keys' as key repository and Windows DPAPI to encrypt keys at rest.
2026-09-02 15:32:50.467 +03:00 [INF] Now listening on: http://localhost:5010
2026-09-02 15:32:50.474 +03:00 [INF] Application started. Press Ctrl+C to shut down.
2026-09-02 15:32:50.478 +03:00 [INF] Hosting environment: Development
2026-09-02 15:32:50.481 +03:00 [INF] Content root path: C:\Users\ASUS\source\repos\CMS\src\CMS.API
2026-09-02 15:33:09.593 +03:00 [INF] Request starting HTTP/1.1 GET http://localhost:5010/api/v1/dashboard/metrics - null null
2026-09-02 15:33:09.749 +03:00 [INF] Failed to validate the token.
Microsoft.IdentityModel.Tokens.SecurityTokenMalformedException: IDX14120: JWT is not well formed, there is only one dot (.).
The token needs to be in JWS or JWE Compact Serialization Format. (JWS): 'EncodedHeader.EncodedPayload.EncodedSignature'. (JWE): 'EncodedProtectedHeader.EncodedEncryptedKey.EncodedInitializationVector.EncodedCiphertext.EncodedAuthenticationTag'.
   at Microsoft.IdentityModel.JsonWebTokens.JsonWebToken.ReadToken(ReadOnlyMemory`1 encodedTokenMemory)
   at Microsoft.IdentityModel.JsonWebTokens.JsonWebToken..ctor(String jwtEncodedString)
   at Microsoft.IdentityModel.JsonWebTokens.JsonWebTokenHandler.ReadToken(String token, TokenValidationParameters validationParameters)
2026-09-02 15:33:09.769 +03:00 [INF] Bearer was not authenticated. Failure message: IDX14120: JWT is not well formed, there is only one dot (.).
The token needs to be in JWS or JWE Compact Serialization Format. (JWS): 'EncodedHeader.EncodedPayload.EncodedSignature'. (JWE): 'EncodedProtectedHeader.EncodedEncryptedKey.EncodedInitializationVector.EncodedCiphertext.EncodedAuthenticationTag'.
2026-09-02 15:33:09.777 +03:00 [INF] Executing endpoint 'CMS.API.Controllers.DashboardController.GetMetrics (CMS.API)'
2026-09-02 15:33:09.802 +03:00 [INF] Route matched with {action = "GetMetrics", controller = "Dashboard"}. Executing controller action with signature System.Threading.Tasks.Task`1[Microsoft.AspNetCore.Mvc.IActionResult] GetMetrics() on controller CMS.API.Controllers.DashboardController (CMS.API).
2026-09-02 15:33:10.589 +03:00 [INF] Executing OkObjectResult, writing value of type 'CMS.Shared.DTOs.ApiResponse`1[[CMS.Shared.DTOs.DashboardMetricsDto, CMS.Shared, Version=1.0.0.0, Culture=neutral, PublicKeyToken=null]]'.
2026-09-02 15:33:10.695 +03:00 [INF] Executed action CMS.API.Controllers.DashboardController.GetMetrics (CMS.API) in 883.4791ms
2026-09-02 15:33:10.700 +03:00 [INF] Request starting HTTP/1.1 GET http://localhost:5010/api/v1/dashboard/metrics - null null
2026-09-02 15:33:10.701 +03:00 [INF] Executed endpoint 'CMS.API.Controllers.DashboardController.GetMetrics (CMS.API)'
2026-09-02 15:33:10.712 +03:00 [INF] Request finished HTTP/1.1 GET http://localhost:5010/api/v1/dashboard/metrics - 200 null application/json; charset=utf-8 1122.4183ms
2026-09-02 15:33:10.714 +03:00 [INF] Failed to validate the token.
Microsoft.IdentityModel.Tokens.SecurityTokenMalformedException: IDX14120: JWT is not well formed, there is only one dot (.).
The token needs to be in JWS or JWE Compact Serialization Format. (JWS): 'EncodedHeader.EncodedPayload.EncodedSignature'. (JWE): 'EncodedProtectedHeader.EncodedEncryptedKey.EncodedInitializationVector.EncodedCiphertext.EncodedAuthenticationTag'.
   at Microsoft.IdentityModel.JsonWebTokens.JsonWebToken.ReadToken(ReadOnlyMemory`1 encodedTokenMemory)
   at Microsoft.IdentityModel.JsonWebTokens.JsonWebToken..ctor(String jwtEncodedString)
   at Microsoft.IdentityModel.JsonWebTokens.JsonWebTokenHandler.ReadToken(String token, TokenValidationParameters validationParameters)
2026-09-02 15:33:10.724 +03:00 [INF] Bearer was not authenticated. Failure message: IDX14120: JWT is not well formed, there is only one dot (.).
The token needs to be in JWS or JWE Compact Serialization Format. (JWS): 'EncodedHeader.EncodedPayload.EncodedSignature'. (JWE): 'EncodedProtectedHeader.EncodedEncryptedKey.EncodedInitializationVector.EncodedCiphertext.EncodedAuthenticationTag'.
2026-09-02 15:33:10.727 +03:00 [INF] Executing endpoint 'CMS.API.Controllers.DashboardController.GetMetrics (CMS.API)'
2026-09-02 15:33:10.729 +03:00 [INF] Route matched with {action = "GetMetrics", controller = "Dashboard"}. Executing controller action with signature System.Threading.Tasks.Task`1[Microsoft.AspNetCore.Mvc.IActionResult] GetMetrics() on controller CMS.API.Controllers.DashboardController (CMS.API).
2026-09-02 15:33:10.740 +03:00 [INF] Executing OkObjectResult, writing value of type 'CMS.Shared.DTOs.ApiResponse`1[[CMS.Shared.DTOs.DashboardMetricsDto, CMS.Shared, Version=1.0.0.0, Culture=neutral, PublicKeyToken=null]]'.
2026-09-02 15:33:10.743 +03:00 [INF] Executed action CMS.API.Controllers.DashboardController.GetMetrics (CMS.API) in 11.656ms
2026-09-02 15:33:10.746 +03:00 [INF] Executed endpoint 'CMS.API.Controllers.DashboardController.GetMetrics (CMS.API)'
2026-09-02 15:33:10.748 +03:00 [INF] Request finished HTTP/1.1 GET http://localhost:5010/api/v1/dashboard/metrics - 200 null application/json; charset=utf-8 47.9179ms
2026-09-02 15:34:14.493 +03:00 [INF] Request starting HTTP/1.1 GET http://localhost:5010/api/v1/dashboard/metrics - null null
2026-09-02 15:34:14.495 +03:00 [INF] Request starting HTTP/1.1 GET http://localhost:5010/api/v1/dashboard/metrics - null null
2026-09-02 15:34:14.514 +03:00 [INF] Failed to validate the token.
Microsoft.IdentityModel.Tokens.SecurityTokenMalformedException: IDX14120: JWT is not well formed, there is only one dot (.).
The token needs to be in JWS or JWE Compact Serialization Format. (JWS): 'EncodedHeader.EncodedPayload.EncodedSignature'. (JWE): 'EncodedProtectedHeader.EncodedEncryptedKey.EncodedInitializationVector.EncodedCiphertext.EncodedAuthenticationTag'.
   at Microsoft.IdentityModel.JsonWebTokens.JsonWebToken.ReadToken(ReadOnlyMemory`1 encodedTokenMemory)
   at Microsoft.IdentityModel.JsonWebTokens.JsonWebToken..ctor(String jwtEncodedString)
   at Microsoft.IdentityModel.JsonWebTokens.JsonWebTokenHandler.ReadToken(String token, TokenValidationParameters validationParameters)
2026-09-02 15:34:14.514 +03:00 [INF] Failed to validate the token.
Microsoft.IdentityModel.Tokens.SecurityTokenMalformedException: IDX14120: JWT is not well formed, there is only one dot (.).
The token needs to be in JWS or JWE Compact Serialization Format. (JWS): 'EncodedHeader.EncodedPayload.EncodedSignature'. (JWE): 'EncodedProtectedHeader.EncodedEncryptedKey.EncodedInitializationVector.EncodedCiphertext.EncodedAuthenticationTag'.
   at Microsoft.IdentityModel.JsonWebTokens.JsonWebToken.ReadToken(ReadOnlyMemory`1 encodedTokenMemory)
   at Microsoft.IdentityModel.JsonWebTokens.JsonWebToken..ctor(String jwtEncodedString)
   at Microsoft.IdentityModel.JsonWebTokens.JsonWebTokenHandler.ReadToken(String token, TokenValidationParameters validationParameters)
2026-09-02 15:34:14.521 +03:00 [INF] Bearer was not authenticated. Failure message: IDX14120: JWT is not well formed, there is only one dot (.).
The token needs to be in JWS or JWE Compact Serialization Format. (JWS): 'EncodedHeader.EncodedPayload.EncodedSignature'. (JWE): 'EncodedProtectedHeader.EncodedEncryptedKey.EncodedInitializationVector.EncodedCiphertext.EncodedAuthenticationTag'.
2026-09-02 15:34:14.528 +03:00 [INF] Bearer was not authenticated. Failure message: IDX14120: JWT is not well formed, there is only one dot (.).
The token needs to be in JWS or JWE Compact Serialization Format. (JWS): 'EncodedHeader.EncodedPayload.EncodedSignature'. (JWE): 'EncodedProtectedHeader.EncodedEncryptedKey.EncodedInitializationVector.EncodedCiphertext.EncodedAuthenticationTag'.
2026-09-02 15:34:14.532 +03:00 [INF] Executing endpoint 'CMS.API.Controllers.DashboardController.GetMetrics (CMS.API)'
2026-09-02 15:34:14.535 +03:00 [INF] Executing endpoint 'CMS.API.Controllers.DashboardController.GetMetrics (CMS.API)'
2026-09-02 15:34:14.539 +03:00 [INF] Route matched with {action = "GetMetrics", controller = "Dashboard"}. Executing controller action with signature System.Threading.Tasks.Task`1[Microsoft.AspNetCore.Mvc.IActionResult] GetMetrics() on controller CMS.API.Controllers.DashboardController (CMS.API).
2026-09-02 15:34:14.543 +03:00 [INF] Route matched with {action = "GetMetrics", controller = "Dashboard"}. Executing controller action with signature System.Threading.Tasks.Task`1[Microsoft.AspNetCore.Mvc.IActionResult] GetMetrics() on controller CMS.API.Controllers.DashboardController (CMS.API).
2026-09-02 15:34:14.659 +03:00 [INF] Executing OkObjectResult, writing value of type 'CMS.Shared.DTOs.ApiResponse`1[[CMS.Shared.DTOs.DashboardMetricsDto, CMS.Shared, Version=1.0.0.0, Culture=neutral, PublicKeyToken=null]]'.
2026-09-02 15:34:14.659 +03:00 [INF] Executing OkObjectResult, writing value of type 'CMS.Shared.DTOs.ApiResponse`1[[CMS.Shared.DTOs.DashboardMetricsDto, CMS.Shared, Version=1.0.0.0, Culture=neutral, PublicKeyToken=null]]'.
2026-09-02 15:34:14.666 +03:00 [INF] Executed action CMS.API.Controllers.DashboardController.GetMetrics (CMS.API) in 117.088ms
2026-09-02 15:34:14.671 +03:00 [INF] Executed action CMS.API.Controllers.DashboardController.GetMetrics (CMS.API) in 115.2575ms
2026-09-02 15:34:14.675 +03:00 [INF] Executed endpoint 'CMS.API.Controllers.DashboardController.GetMetrics (CMS.API)'
2026-09-02 15:34:14.680 +03:00 [INF] Executed endpoint 'CMS.API.Controllers.DashboardController.GetMetrics (CMS.API)'
2026-09-02 15:34:14.683 +03:00 [INF] Request finished HTTP/1.1 GET http://localhost:5010/api/v1/dashboard/metrics - 200 null application/json; charset=utf-8 190.3365ms
2026-09-02 15:34:14.686 +03:00 [INF] Request finished HTTP/1.1 GET http://localhost:5010/api/v1/dashboard/metrics - 200 null application/json; charset=utf-8 191.7279ms
2026-09-02 15:34:17.826 +03:00 [INF] Request starting HTTP/1.1 GET http://localhost:5010/api/v1/patients/search?q= - application/json null
2026-09-02 15:34:17.835 +03:00 [INF] Failed to validate the token.
Microsoft.IdentityModel.Tokens.SecurityTokenMalformedException: IDX14120: JWT is not well formed, there is only one dot (.).
The token needs to be in JWS or JWE Compact Serialization Format. (JWS): 'EncodedHeader.EncodedPayload.EncodedSignature'. (JWE): 'EncodedProtectedHeader.EncodedEncryptedKey.EncodedInitializationVector.EncodedCiphertext.EncodedAuthenticationTag'.
   at Microsoft.IdentityModel.JsonWebTokens.JsonWebToken.ReadToken(ReadOnlyMemory`1 encodedTokenMemory)
   at Microsoft.IdentityModel.JsonWebTokens.JsonWebToken..ctor(String jwtEncodedString)
   at Microsoft.IdentityModel.JsonWebTokens.JsonWebTokenHandler.ReadToken(String token, TokenValidationParameters validationParameters)
2026-09-02 15:34:17.839 +03:00 [INF] Bearer was not authenticated. Failure message: IDX14120: JWT is not well formed, there is only one dot (.).
The token needs to be in JWS or JWE Compact Serialization Format. (JWS): 'EncodedHeader.EncodedPayload.EncodedSignature'. (JWE): 'EncodedProtectedHeader.EncodedEncryptedKey.EncodedInitializationVector.EncodedCiphertext.EncodedAuthenticationTag'.
2026-09-02 15:34:17.842 +03:00 [INF] Executing endpoint 'CMS.API.Controllers.PatientsController.Search (CMS.API)'
2026-09-02 15:34:17.863 +03:00 [INF] Route matched with {action = "Search", controller = "Patients"}. Executing controller action with signature System.Threading.Tasks.Task`1[Microsoft.AspNetCore.Mvc.IActionResult] Search(System.String, Int32) on controller CMS.API.Controllers.PatientsController (CMS.API).
2026-09-02 15:34:18.240 +03:00 [INF] Executing OkObjectResult, writing value of type 'CMS.Shared.DTOs.ApiResponse`1[[System.Collections.Generic.List`1[[CMS.Shared.DTOs.PatientDto, CMS.Shared, Version=1.0.0.0, Culture=neutral, PublicKeyToken=null]], System.Private.CoreLib, Version=8.0.0.0, Culture=neutral, PublicKeyToken=7cec85d7bea7798e]]'.
2026-09-02 15:34:18.251 +03:00 [INF] Executed action CMS.API.Controllers.PatientsController.Search (CMS.API) in 384.2388ms
2026-09-02 15:34:18.256 +03:00 [INF] Executed endpoint 'CMS.API.Controllers.PatientsController.Search (CMS.API)'
2026-09-02 15:34:18.259 +03:00 [INF] Request finished HTTP/1.1 GET http://localhost:5010/api/v1/patients/search?q= - 200 null application/json; charset=utf-8 433.4107ms
2026-09-02 15:34:47.822 +03:00 [INF] Request starting HTTP/1.1 POST http://localhost:5010/api/v1/patients - application/json 202
2026-09-02 15:34:47.838 +03:00 [INF] CORS policy execution successful.
2026-09-02 15:34:47.842 +03:00 [INF] Failed to validate the token.
Microsoft.IdentityModel.Tokens.SecurityTokenMalformedException: IDX14120: JWT is not well formed, there is only one dot (.).
The token needs to be in JWS or JWE Compact Serialization Format. (JWS): 'EncodedHeader.EncodedPayload.EncodedSignature'. (JWE): 'EncodedProtectedHeader.EncodedEncryptedKey.EncodedInitializationVector.EncodedCiphertext.EncodedAuthenticationTag'.
   at Microsoft.IdentityModel.JsonWebTokens.JsonWebToken.ReadToken(ReadOnlyMemory`1 encodedTokenMemory)
   at Microsoft.IdentityModel.JsonWebTokens.JsonWebToken..ctor(String jwtEncodedString)
   at Microsoft.IdentityModel.JsonWebTokens.JsonWebTokenHandler.ReadToken(String token, TokenValidationParameters validationParameters)
2026-09-02 15:34:47.852 +03:00 [INF] Bearer was not authenticated. Failure message: IDX14120: JWT is not well formed, there is only one dot (.).
The token needs to be in JWS or JWE Compact Serialization Format. (JWS): 'EncodedHeader.EncodedPayload.EncodedSignature'. (JWE): 'EncodedProtectedHeader.EncodedEncryptedKey.EncodedInitializationVector.EncodedCiphertext.EncodedAuthenticationTag'.
2026-09-02 15:34:47.858 +03:00 [INF] Executing endpoint 'CMS.API.Controllers.PatientsController.Create (CMS.API)'
2026-09-02 15:34:47.878 +03:00 [INF] Route matched with {action = "Create", controller = "Patients"}. Executing controller action with signature System.Threading.Tasks.Task`1[Microsoft.AspNetCore.Mvc.IActionResult] Create(CMS.Shared.DTOs.CreatePatientDto) on controller CMS.API.Controllers.PatientsController (CMS.API).
2026-09-02 15:34:48.108 +03:00 [INF] Executing OkObjectResult, writing value of type 'CMS.Shared.DTOs.ApiResponse`1[[System.Object, System.Private.CoreLib, Version=8.0.0.0, Culture=neutral, PublicKeyToken=7cec85d7bea7798e]]'.
2026-09-02 15:34:48.124 +03:00 [INF] Executed action CMS.API.Controllers.PatientsController.Create (CMS.API) in 234.542ms
2026-09-02 15:34:48.131 +03:00 [INF] Executed endpoint 'CMS.API.Controllers.PatientsController.Create (CMS.API)'
2026-09-02 15:34:48.135 +03:00 [INF] Request finished HTTP/1.1 POST http://localhost:5010/api/v1/patients - 200 null application/json; charset=utf-8 312.1757ms
2026-09-02 15:34:48.144 +03:00 [INF] Request starting HTTP/1.1 GET http://localhost:5010/api/v1/patients/search?q= - application/json null
2026-09-02 15:34:48.161 +03:00 [INF] Failed to validate the token.
Microsoft.IdentityModel.Tokens.SecurityTokenMalformedException: IDX14120: JWT is not well formed, there is only one dot (.).
The token needs to be in JWS or JWE Compact Serialization Format. (JWS): 'EncodedHeader.EncodedPayload.EncodedSignature'. (JWE): 'EncodedProtectedHeader.EncodedEncryptedKey.EncodedInitializationVector.EncodedCiphertext.EncodedAuthenticationTag'.
   at Microsoft.IdentityModel.JsonWebTokens.JsonWebToken.ReadToken(ReadOnlyMemory`1 encodedTokenMemory)
   at Microsoft.IdentityModel.JsonWebTokens.JsonWebToken..ctor(String jwtEncodedString)
   at Microsoft.IdentityModel.JsonWebTokens.JsonWebTokenHandler.ReadToken(String token, TokenValidationParameters validationParameters)
2026-09-02 15:34:48.170 +03:00 [INF] Bearer was not authenticated. Failure message: IDX14120: JWT is not well formed, there is only one dot (.).
The token needs to be in JWS or JWE Compact Serialization Format. (JWS): 'EncodedHeader.EncodedPayload.EncodedSignature'. (JWE): 'EncodedProtectedHeader.EncodedEncryptedKey.EncodedInitializationVector.EncodedCiphertext.EncodedAuthenticationTag'.
2026-09-02 15:34:48.175 +03:00 [INF] Executing endpoint 'CMS.API.Controllers.PatientsController.Search (CMS.API)'
2026-09-02 15:34:48.180 +03:00 [INF] Route matched with {action = "Search", controller = "Patients"}. Executing controller action with signature System.Threading.Tasks.Task`1[Microsoft.AspNetCore.Mvc.IActionResult] Search(System.String, Int32) on controller CMS.API.Controllers.PatientsController (CMS.API).
2026-09-02 15:34:48.242 +03:00 [INF] Executing OkObjectResult, writing value of type 'CMS.Shared.DTOs.ApiResponse`1[[System.Collections.Generic.List`1[[CMS.Shared.DTOs.PatientDto, CMS.Shared, Version=1.0.0.0, Culture=neutral, PublicKeyToken=null]], System.Private.CoreLib, Version=8.0.0.0, Culture=neutral, PublicKeyToken=7cec85d7bea7798e]]'.
2026-09-02 15:34:48.251 +03:00 [INF] Executed action CMS.API.Controllers.PatientsController.Search (CMS.API) in 62.6681ms
2026-09-02 15:34:48.256 +03:00 [INF] Executed endpoint 'CMS.API.Controllers.PatientsController.Search (CMS.API)'
2026-09-02 15:34:48.263 +03:00 [INF] Request finished HTTP/1.1 GET http://localhost:5010/api/v1/patients/search?q= - 200 null application/json; charset=utf-8 119.1512ms
2026-09-02 15:34:56.145 +03:00 [INF] Request starting HTTP/1.1 GET http://localhost:5010/api/v1/patients/search?q=bi - application/json null
2026-09-02 15:34:56.155 +03:00 [INF] Failed to validate the token.
Microsoft.IdentityModel.Tokens.SecurityTokenMalformedException: IDX14120: JWT is not well formed, there is only one dot (.).
The token needs to be in JWS or JWE Compact Serialization Format. (JWS): 'EncodedHeader.EncodedPayload.EncodedSignature'. (JWE): 'EncodedProtectedHeader.EncodedEncryptedKey.EncodedInitializationVector.EncodedCiphertext.EncodedAuthenticationTag'.
   at Microsoft.IdentityModel.JsonWebTokens.JsonWebToken.ReadToken(ReadOnlyMemory`1 encodedTokenMemory)
   at Microsoft.IdentityModel.JsonWebTokens.JsonWebToken..ctor(String jwtEncodedString)
   at Microsoft.IdentityModel.JsonWebTokens.JsonWebTokenHandler.ReadToken(String token, TokenValidationParameters validationParameters)
2026-09-02 15:34:56.161 +03:00 [INF] Bearer was not authenticated. Failure message: IDX14120: JWT is not well formed, there is only one dot (.).
The token needs to be in JWS or JWE Compact Serialization Format. (JWS): 'EncodedHeader.EncodedPayload.EncodedSignature'. (JWE): 'EncodedProtectedHeader.EncodedEncryptedKey.EncodedInitializationVector.EncodedCiphertext.EncodedAuthenticationTag'.
2026-09-02 15:34:56.165 +03:00 [INF] Executing endpoint 'CMS.API.Controllers.PatientsController.Search (CMS.API)'
2026-09-02 15:34:56.169 +03:00 [INF] Route matched with {action = "Search", controller = "Patients"}. Executing controller action with signature System.Threading.Tasks.Task`1[Microsoft.AspNetCore.Mvc.IActionResult] Search(System.String, Int32) on controller CMS.API.Controllers.PatientsController (CMS.API).
2026-09-02 15:34:56.215 +03:00 [INF] Executing OkObjectResult, writing value of type 'CMS.Shared.DTOs.ApiResponse`1[[System.Collections.Generic.List`1[[CMS.Shared.DTOs.PatientDto, CMS.Shared, Version=1.0.0.0, Culture=neutral, PublicKeyToken=null]], System.Private.CoreLib, Version=8.0.0.0, Culture=neutral, PublicKeyToken=7cec85d7bea7798e]]'.
2026-09-02 15:34:56.219 +03:00 [INF] Executed action CMS.API.Controllers.PatientsController.Search (CMS.API) in 44.0189ms
2026-09-02 15:34:56.224 +03:00 [INF] Executed endpoint 'CMS.API.Controllers.PatientsController.Search (CMS.API)'
2026-09-02 15:34:56.228 +03:00 [INF] Request finished HTTP/1.1 GET http://localhost:5010/api/v1/patients/search?q=bi - 200 null application/json; charset=utf-8 83.3688ms
2026-09-02 15:34:56.906 +03:00 [INF] Request starting HTTP/1.1 GET http://localhost:5010/api/v1/patients/search?q=bin - application/json null
2026-09-02 15:34:56.913 +03:00 [INF] Failed to validate the token.
Microsoft.IdentityModel.Tokens.SecurityTokenMalformedException: IDX14120: JWT is not well formed, there is only one dot (.).
The token needs to be in JWS or JWE Compact Serialization Format. (JWS): 'EncodedHeader.EncodedPayload.EncodedSignature'. (JWE): 'EncodedProtectedHeader.EncodedEncryptedKey.EncodedInitializationVector.EncodedCiphertext.EncodedAuthenticationTag'.
   at Microsoft.IdentityModel.JsonWebTokens.JsonWebToken.ReadToken(ReadOnlyMemory`1 encodedTokenMemory)
   at Microsoft.IdentityModel.JsonWebTokens.JsonWebToken..ctor(String jwtEncodedString)
   at Microsoft.IdentityModel.JsonWebTokens.JsonWebTokenHandler.ReadToken(String token, TokenValidationParameters validationParameters)
2026-09-02 15:34:56.918 +03:00 [INF] Bearer was not authenticated. Failure message: IDX14120: JWT is not well formed, there is only one dot (.).
The token needs to be in JWS or JWE Compact Serialization Format. (JWS): 'EncodedHeader.EncodedPayload.EncodedSignature'. (JWE): 'EncodedProtectedHeader.EncodedEncryptedKey.EncodedInitializationVector.EncodedCiphertext.EncodedAuthenticationTag'.
2026-09-02 15:34:56.921 +03:00 [INF] Executing endpoint 'CMS.API.Controllers.PatientsController.Search (CMS.API)'
2026-09-02 15:34:56.923 +03:00 [INF] Route matched with {action = "Search", controller = "Patients"}. Executing controller action with signature System.Threading.Tasks.Task`1[Microsoft.AspNetCore.Mvc.IActionResult] Search(System.String, Int32) on controller CMS.API.Controllers.PatientsController (CMS.API).
2026-09-02 15:34:56.932 +03:00 [INF] Executing OkObjectResult, writing value of type 'CMS.Shared.DTOs.ApiResponse`1[[System.Collections.Generic.List`1[[CMS.Shared.DTOs.PatientDto, CMS.Shared, Version=1.0.0.0, Culture=neutral, PublicKeyToken=null]], System.Private.CoreLib, Version=8.0.0.0, Culture=neutral, PublicKeyToken=7cec85d7bea7798e]]'.
2026-09-02 15:34:56.936 +03:00 [INF] Executed action CMS.API.Controllers.PatientsController.Search (CMS.API) in 8.3479ms
2026-09-02 15:34:56.939 +03:00 [INF] Executed endpoint 'CMS.API.Controllers.PatientsController.Search (CMS.API)'
2026-09-02 15:34:56.941 +03:00 [INF] Request finished HTTP/1.1 GET http://localhost:5010/api/v1/patients/search?q=bin - 200 null application/json; charset=utf-8 35.6074ms
2026-09-02 15:35:02.764 +03:00 [INF] Request starting HTTP/1.1 GET http://localhost:5010/api/v1/patients/search?q= - application/json null
2026-09-02 15:35:02.774 +03:00 [INF] Failed to validate the token.
Microsoft.IdentityModel.Tokens.SecurityTokenMalformedException: IDX14120: JWT is not well formed, there is only one dot (.).
The token needs to be in JWS or JWE Compact Serialization Format. (JWS): 'EncodedHeader.EncodedPayload.EncodedSignature'. (JWE): 'EncodedProtectedHeader.EncodedEncryptedKey.EncodedInitializationVector.EncodedCiphertext.EncodedAuthenticationTag'.
   at Microsoft.IdentityModel.JsonWebTokens.JsonWebToken.ReadToken(ReadOnlyMemory`1 encodedTokenMemory)
   at Microsoft.IdentityModel.JsonWebTokens.JsonWebToken..ctor(String jwtEncodedString)
   at Microsoft.IdentityModel.JsonWebTokens.JsonWebTokenHandler.ReadToken(String token, TokenValidationParameters validationParameters)
2026-09-02 15:35:02.780 +03:00 [INF] Bearer was not authenticated. Failure message: IDX14120: JWT is not well formed, there is only one dot (.).
The token needs to be in JWS or JWE Compact Serialization Format. (JWS): 'EncodedHeader.EncodedPayload.EncodedSignature'. (JWE): 'EncodedProtectedHeader.EncodedEncryptedKey.EncodedInitializationVector.EncodedCiphertext.EncodedAuthenticationTag'.
2026-09-02 15:35:02.784 +03:00 [INF] Executing endpoint 'CMS.API.Controllers.PatientsController.Search (CMS.API)'
2026-09-02 15:35:02.788 +03:00 [INF] Route matched with {action = "Search", controller = "Patients"}. Executing controller action with signature System.Threading.Tasks.Task`1[Microsoft.AspNetCore.Mvc.IActionResult] Search(System.String, Int32) on controller CMS.API.Controllers.PatientsController (CMS.API).
2026-09-02 15:35:02.811 +03:00 [INF] Executing OkObjectResult, writing value of type 'CMS.Shared.DTOs.ApiResponse`1[[System.Collections.Generic.List`1[[CMS.Shared.DTOs.PatientDto, CMS.Shared, Version=1.0.0.0, Culture=neutral, PublicKeyToken=null]], System.Private.CoreLib, Version=8.0.0.0, Culture=neutral, PublicKeyToken=7cec85d7bea7798e]]'.
2026-09-02 15:35:02.816 +03:00 [INF] Executed action CMS.API.Controllers.PatientsController.Search (CMS.API) in 21.9538ms
2026-09-02 15:35:02.821 +03:00 [INF] Executed endpoint 'CMS.API.Controllers.PatientsController.Search (CMS.API)'
2026-09-02 15:35:02.824 +03:00 [INF] Request finished HTTP/1.1 GET http://localhost:5010/api/v1/patients/search?q= - 200 null application/json; charset=utf-8 60.4295ms
2026-09-02 15:35:26.070 +03:00 [INF] Request starting HTTP/1.1 GET http://localhost:5010/api/v1/patients/search - application/json null
2026-09-02 15:35:26.073 +03:00 [INF] Request starting HTTP/1.1 GET http://localhost:5010/api/v1/medicalcertificates/patient/1 - application/json null
2026-09-02 15:35:26.073 +03:00 [INF] Request starting HTTP/1.1 GET http://localhost:5010/api/v1/encounters/patient/1 - application/json null
2026-09-02 15:35:26.084 +03:00 [INF] Failed to validate the token.
Microsoft.IdentityModel.Tokens.SecurityTokenMalformedException: IDX14120: JWT is not well formed, there is only one dot (.).
The token needs to be in JWS or JWE Compact Serialization Format. (JWS): 'EncodedHeader.EncodedPayload.EncodedSignature'. (JWE): 'EncodedProtectedHeader.EncodedEncryptedKey.EncodedInitializationVector.EncodedCiphertext.EncodedAuthenticationTag'.
   at Microsoft.IdentityModel.JsonWebTokens.JsonWebToken.ReadToken(ReadOnlyMemory`1 encodedTokenMemory)
   at Microsoft.IdentityModel.JsonWebTokens.JsonWebToken..ctor(String jwtEncodedString)
   at Microsoft.IdentityModel.JsonWebTokens.JsonWebTokenHandler.ReadToken(String token, TokenValidationParameters validationParameters)
2026-09-02 15:35:26.092 +03:00 [INF] Failed to validate the token.
Microsoft.IdentityModel.Tokens.SecurityTokenMalformedException: IDX14120: JWT is not well formed, there is only one dot (.).
The token needs to be in JWS or JWE Compact Serialization Format. (JWS): 'EncodedHeader.EncodedPayload.EncodedSignature'. (JWE): 'EncodedProtectedHeader.EncodedEncryptedKey.EncodedInitializationVector.EncodedCiphertext.EncodedAuthenticationTag'.
   at Microsoft.IdentityModel.JsonWebTokens.JsonWebToken.ReadToken(ReadOnlyMemory`1 encodedTokenMemory)
   at Microsoft.IdentityModel.JsonWebTokens.JsonWebToken..ctor(String jwtEncodedString)
   at Microsoft.IdentityModel.JsonWebTokens.JsonWebTokenHandler.ReadToken(String token, TokenValidationParameters validationParameters)
2026-09-02 15:35:26.101 +03:00 [INF] Failed to validate the token.
Microsoft.IdentityModel.Tokens.SecurityTokenMalformedException: IDX14120: JWT is not well formed, there is only one dot (.).
The token needs to be in JWS or JWE Compact Serialization Format. (JWS): 'EncodedHeader.EncodedPayload.EncodedSignature'. (JWE): 'EncodedProtectedHeader.EncodedEncryptedKey.EncodedInitializationVector.EncodedCiphertext.EncodedAuthenticationTag'.
   at Microsoft.IdentityModel.JsonWebTokens.JsonWebToken.ReadToken(ReadOnlyMemory`1 encodedTokenMemory)
   at Microsoft.IdentityModel.JsonWebTokens.JsonWebToken..ctor(String jwtEncodedString)
   at Microsoft.IdentityModel.JsonWebTokens.JsonWebTokenHandler.ReadToken(String token, TokenValidationParameters validationParameters)
2026-09-02 15:35:26.107 +03:00 [INF] Bearer was not authenticated. Failure message: IDX14120: JWT is not well formed, there is only one dot (.).
The token needs to be in JWS or JWE Compact Serialization Format. (JWS): 'EncodedHeader.EncodedPayload.EncodedSignature'. (JWE): 'EncodedProtectedHeader.EncodedEncryptedKey.EncodedInitializationVector.EncodedCiphertext.EncodedAuthenticationTag'.
2026-09-02 15:35:26.112 +03:00 [INF] Bearer was not authenticated. Failure message: IDX14120: JWT is not well formed, there is only one dot (.).
The token needs to be in JWS or JWE Compact Serialization Format. (JWS): 'EncodedHeader.EncodedPayload.EncodedSignature'. (JWE): 'EncodedProtectedHeader.EncodedEncryptedKey.EncodedInitializationVector.EncodedCiphertext.EncodedAuthenticationTag'.
2026-09-02 15:35:26.116 +03:00 [INF] Bearer was not authenticated. Failure message: IDX14120: JWT is not well formed, there is only one dot (.).
The token needs to be in JWS or JWE Compact Serialization Format. (JWS): 'EncodedHeader.EncodedPayload.EncodedSignature'. (JWE): 'EncodedProtectedHeader.EncodedEncryptedKey.EncodedInitializationVector.EncodedCiphertext.EncodedAuthenticationTag'.
2026-09-02 15:35:26.119 +03:00 [INF] Executing endpoint 'CMS.API.Controllers.PatientsController.Search (CMS.API)'
2026-09-02 15:35:26.122 +03:00 [INF] Executing endpoint 'CMS.API.Controllers.MedicalCertificatesController.GetPatientCertificates (CMS.API)'
2026-09-02 15:35:26.126 +03:00 [INF] Executing endpoint 'CMS.API.Controllers.EncountersController.GetPatientEncounters (CMS.API)'
2026-09-02 15:35:26.128 +03:00 [INF] Route matched with {action = "Search", controller = "Patients"}. Executing controller action with signature System.Threading.Tasks.Task`1[Microsoft.AspNetCore.Mvc.IActionResult] Search(System.String, Int32) on controller CMS.API.Controllers.PatientsController (CMS.API).
2026-09-02 15:35:26.144 +03:00 [INF] Route matched with {action = "GetPatientCertificates", controller = "MedicalCertificates"}. Executing controller action with signature System.Threading.Tasks.Task`1[Microsoft.AspNetCore.Mvc.IActionResult] GetPatientCertificates(Int32) on controller CMS.API.Controllers.MedicalCertificatesController (CMS.API).
2026-09-02 15:35:26.145 +03:00 [INF] Executing OkObjectResult, writing value of type 'CMS.Shared.DTOs.ApiResponse`1[[System.Collections.Generic.List`1[[CMS.Shared.DTOs.PatientDto, CMS.Shared, Version=1.0.0.0, Culture=neutral, PublicKeyToken=null]], System.Private.CoreLib, Version=8.0.0.0, Culture=neutral, PublicKeyToken=7cec85d7bea7798e]]'.
2026-09-02 15:35:26.146 +03:00 [INF] Route matched with {action = "GetPatientEncounters", controller = "Encounters"}. Executing controller action with signature System.Threading.Tasks.Task`1[Microsoft.AspNetCore.Mvc.IActionResult] GetPatientEncounters(Int32) on controller CMS.API.Controllers.EncountersController (CMS.API).
2026-09-02 15:35:26.158 +03:00 [INF] Executed action CMS.API.Controllers.PatientsController.Search (CMS.API) in 16.8476ms
2026-09-02 15:35:26.176 +03:00 [INF] Executed endpoint 'CMS.API.Controllers.PatientsController.Search (CMS.API)'
2026-09-02 15:35:26.180 +03:00 [INF] Request finished HTTP/1.1 GET http://localhost:5010/api/v1/patients/search - 200 null application/json; charset=utf-8 109.4371ms
2026-09-02 15:35:26.183 +03:00 [INF] Executed action CMS.API.Controllers.EncountersController.GetPatientEncounters (CMS.API) in 18.06ms
2026-09-02 15:35:26.190 +03:00 [INF] Executing OkObjectResult, writing value of type 'CMS.Shared.DTOs.ApiResponse`1[[System.Collections.Generic.List`1[[CMS.Shared.DTOs.MedicalCertificateDto, CMS.Shared, Version=1.0.0.0, Culture=neutral, PublicKeyToken=null]], System.Private.CoreLib, Version=8.0.0.0, Culture=neutral, PublicKeyToken=7cec85d7bea7798e]]'.
2026-09-02 15:35:26.197 +03:00 [INF] Executed endpoint 'CMS.API.Controllers.EncountersController.GetPatientEncounters (CMS.API)'
2026-09-02 15:35:26.207 +03:00 [ERR] Unhandled exception encountered: Incorrect syntax near the keyword 'Plan'.
Microsoft.Data.SqlClient.SqlException (0x80131904): Incorrect syntax near the keyword 'Plan'.
   at Microsoft.Data.SqlClient.SqlCommand.<>c.<ExecuteDbDataReaderAsync>b__211_0(Task`1 result)
   at System.Threading.Tasks.ContinuationResultTaskFromResultTask`2.InnerInvoke()
   at System.Threading.ExecutionContext.RunInternal(ExecutionContext executionContext, ContextCallback callback, Object state)
--- End of stack trace from previous location ---
   at System.Threading.ExecutionContext.RunInternal(ExecutionContext executionContext, ContextCallback callback, Object state)
   at System.Threading.Tasks.Task.ExecuteWithThreadLocal(Task& currentTaskSlot, Thread threadPoolThread)
--- End of stack trace from previous location ---
   at Dapper.SqlMapper.QueryAsync[T](IDbConnection cnn, Type effectiveType, CommandDefinition command) in /_/Dapper/SqlMapper.Async.cs:line 434
   at CMS.Application.Encounters.EncounterService.GetPatientEncountersAsync(Byte tenantId, Int32 patientId) in C:\Users\ASUS\source\repos\CMS\src\CMS.Application\Encounters\EncounterService.cs:line 56
   at CMS.API.Controllers.EncountersController.GetPatientEncounters(Int32 patientId) in C:\Users\ASUS\source\repos\CMS\src\CMS.API\Controllers\ClinicalControllers.cs:line 97
   at Microsoft.AspNetCore.Mvc.Infrastructure.ActionMethodExecutor.TaskOfIActionResultExecutor.Execute(ActionContext actionContext, IActionResultTypeMapper mapper, ObjectMethodExecutor executor, Object controller, Object[] arguments)
   at Microsoft.AspNetCore.Mvc.Infrastructure.ControllerActionInvoker.<InvokeActionMethodAsync>g__Awaited|12_0(ControllerActionInvoker invoker, ValueTask`1 actionResultValueTask)
   at Microsoft.AspNetCore.Mvc.Infrastructure.ControllerActionInvoker.<InvokeNextActionFilterAsync>g__Awaited|10_0(ControllerActionInvoker invoker, Task lastTask, State next, Scope scope, Object state, Boolean isCompleted)
   at Microsoft.AspNetCore.Mvc.Infrastructure.ControllerActionInvoker.Rethrow(ActionExecutedContextSealed context)
   at Microsoft.AspNetCore.Mvc.Infrastructure.ControllerActionInvoker.Next(State& next, Scope& scope, Object& state, Boolean& isCompleted)
   at Microsoft.AspNetCore.Mvc.Infrastructure.ControllerActionInvoker.<InvokeInnerFilterAsync>g__Awaited|13_0(ControllerActionInvoker invoker, Task lastTask, State next, Scope scope, Object state, Boolean isCompleted)
   at Microsoft.AspNetCore.Mvc.Infrastructure.ResourceInvoker.<InvokeFilterPipelineAsync>g__Awaited|20_0(ResourceInvoker invoker, Task lastTask, State next, Scope scope, Object state, Boolean isCompleted)
   at Microsoft.AspNetCore.Mvc.Infrastructure.ResourceInvoker.<InvokeAsync>g__Logged|17_1(ResourceInvoker invoker)
   at Microsoft.AspNetCore.Mvc.Infrastructure.ResourceInvoker.<InvokeAsync>g__Logged|17_1(ResourceInvoker invoker)
   at Microsoft.AspNetCore.Routing.EndpointMiddleware.<Invoke>g__AwaitRequestTask|7_0(Endpoint endpoint, Task requestTask, ILogger logger)
   at Microsoft.AspNetCore.Authorization.AuthorizationMiddleware.Invoke(HttpContext context)
   at Microsoft.AspNetCore.Authentication.AuthenticationMiddleware.Invoke(HttpContext context)
   at Swashbuckle.AspNetCore.SwaggerUI.SwaggerUIMiddleware.Invoke(HttpContext httpContext)
   at Swashbuckle.AspNetCore.Swagger.SwaggerMiddleware.Invoke(HttpContext httpContext, ISwaggerProvider swaggerProvider)
   at CMS.API.Middleware.TenantMiddleware.InvokeAsync(HttpContext context) in C:\Users\ASUS\source\repos\CMS\src\CMS.API\Middleware\Middlewares.cs:line 26
   at CMS.API.Middleware.ExceptionMiddleware.InvokeAsync(HttpContext context) in C:\Users\ASUS\source\repos\CMS\src\CMS.API\Middleware\Middlewares.cs:line 45
ClientConnectionId:7f88f47b-aefe-46e1-a6ed-b131c4230829
Error Number:156,State:1,Class:15
2026-09-02 15:35:26.208 +03:00 [INF] Executed action CMS.API.Controllers.MedicalCertificatesController.GetPatientCertificates (CMS.API) in 57.1481ms
2026-09-02 15:35:26.256 +03:00 [INF] Executed endpoint 'CMS.API.Controllers.MedicalCertificatesController.GetPatientCertificates (CMS.API)'
2026-09-02 15:35:26.259 +03:00 [INF] Request finished HTTP/1.1 GET http://localhost:5010/api/v1/medicalcertificates/patient/1 - 200 null application/json; charset=utf-8 186.1878ms
2026-09-02 15:35:26.261 +03:00 [INF] Request finished HTTP/1.1 GET http://localhost:5010/api/v1/encounters/patient/1 - 500 null application/json 187.8888ms
2026-09-02 15:35:26.330 +03:00 [INF] Request starting HTTP/1.1 GET http://localhost:5010/api/v1/patients/search - application/json null
2026-09-02 15:35:26.340 +03:00 [INF] Failed to validate the token.
Microsoft.IdentityModel.Tokens.SecurityTokenMalformedException: IDX14120: JWT is not well formed, there is only one dot (.).
The token needs to be in JWS or JWE Compact Serialization Format. (JWS): 'EncodedHeader.EncodedPayload.EncodedSignature'. (JWE): 'EncodedProtectedHeader.EncodedEncryptedKey.EncodedInitializationVector.EncodedCiphertext.EncodedAuthenticationTag'.
   at Microsoft.IdentityModel.JsonWebTokens.JsonWebToken.ReadToken(ReadOnlyMemory`1 encodedTokenMemory)
   at Microsoft.IdentityModel.JsonWebTokens.JsonWebToken..ctor(String jwtEncodedString)
   at Microsoft.IdentityModel.JsonWebTokens.JsonWebTokenHandler.ReadToken(String token, TokenValidationParameters validationParameters)
2026-09-02 15:35:26.346 +03:00 [INF] Bearer was not authenticated. Failure message: IDX14120: JWT is not well formed, there is only one dot (.).
The token needs to be in JWS or JWE Compact Serialization Format. (JWS): 'EncodedHeader.EncodedPayload.EncodedSignature'. (JWE): 'EncodedProtectedHeader.EncodedEncryptedKey.EncodedInitializationVector.EncodedCiphertext.EncodedAuthenticationTag'.
2026-09-02 15:35:26.349 +03:00 [INF] Executing endpoint 'CMS.API.Controllers.PatientsController.Search (CMS.API)'
2026-09-02 15:35:26.352 +03:00 [INF] Route matched with {action = "Search", controller = "Patients"}. Executing controller action with signature System.Threading.Tasks.Task`1[Microsoft.AspNetCore.Mvc.IActionResult] Search(System.String, Int32) on controller CMS.API.Controllers.PatientsController (CMS.API).
2026-09-02 15:35:26.360 +03:00 [INF] Executing OkObjectResult, writing value of type 'CMS.Shared.DTOs.ApiResponse`1[[System.Collections.Generic.List`1[[CMS.Shared.DTOs.PatientDto, CMS.Shared, Version=1.0.0.0, Culture=neutral, PublicKeyToken=null]], System.Private.CoreLib, Version=8.0.0.0, Culture=neutral, PublicKeyToken=7cec85d7bea7798e]]'.
2026-09-02 15:35:26.365 +03:00 [INF] Executed action CMS.API.Controllers.PatientsController.Search (CMS.API) in 7.1024ms
2026-09-02 15:35:26.369 +03:00 [INF] Executed endpoint 'CMS.API.Controllers.PatientsController.Search (CMS.API)'
2026-09-02 15:35:26.373 +03:00 [INF] Request finished HTTP/1.1 GET http://localhost:5010/api/v1/patients/search - 200 null application/json; charset=utf-8 42.4448ms
2026-09-02 15:35:26.484 +03:00 [INF] Request starting HTTP/1.1 GET http://localhost:5010/api/v1/medicalcertificates/patient/1 - application/json null
2026-09-02 15:35:26.495 +03:00 [INF] Failed to validate the token.
Microsoft.IdentityModel.Tokens.SecurityTokenMalformedException: IDX14120: JWT is not well formed, there is only one dot (.).
The token needs to be in JWS or JWE Compact Serialization Format. (JWS): 'EncodedHeader.EncodedPayload.EncodedSignature'. (JWE): 'EncodedProtectedHeader.EncodedEncryptedKey.EncodedInitializationVector.EncodedCiphertext.EncodedAuthenticationTag'.
   at Microsoft.IdentityModel.JsonWebTokens.JsonWebToken.ReadToken(ReadOnlyMemory`1 encodedTokenMemory)
   at Microsoft.IdentityModel.JsonWebTokens.JsonWebToken..ctor(String jwtEncodedString)
   at Microsoft.IdentityModel.JsonWebTokens.JsonWebTokenHandler.ReadToken(String token, TokenValidationParameters validationParameters)
2026-09-02 15:35:26.503 +03:00 [INF] Bearer was not authenticated. Failure message: IDX14120: JWT is not well formed, there is only one dot (.).
The token needs to be in JWS or JWE Compact Serialization Format. (JWS): 'EncodedHeader.EncodedPayload.EncodedSignature'. (JWE): 'EncodedProtectedHeader.EncodedEncryptedKey.EncodedInitializationVector.EncodedCiphertext.EncodedAuthenticationTag'.
2026-09-02 15:35:26.509 +03:00 [INF] Executing endpoint 'CMS.API.Controllers.MedicalCertificatesController.GetPatientCertificates (CMS.API)'
2026-09-02 15:35:26.514 +03:00 [INF] Route matched with {action = "GetPatientCertificates", controller = "MedicalCertificates"}. Executing controller action with signature System.Threading.Tasks.Task`1[Microsoft.AspNetCore.Mvc.IActionResult] GetPatientCertificates(Int32) on controller CMS.API.Controllers.MedicalCertificatesController (CMS.API).
2026-09-02 15:35:26.525 +03:00 [INF] Executing OkObjectResult, writing value of type 'CMS.Shared.DTOs.ApiResponse`1[[System.Collections.Generic.List`1[[CMS.Shared.DTOs.MedicalCertificateDto, CMS.Shared, Version=1.0.0.0, Culture=neutral, PublicKeyToken=null]], System.Private.CoreLib, Version=8.0.0.0, Culture=neutral, PublicKeyToken=7cec85d7bea7798e]]'.
2026-09-02 15:35:26.531 +03:00 [INF] Request starting HTTP/1.1 GET http://localhost:5010/api/v1/encounters/patient/1 - application/json null
2026-09-02 15:35:26.533 +03:00 [INF] Executed action CMS.API.Controllers.MedicalCertificatesController.GetPatientCertificates (CMS.API) in 12.2768ms
2026-09-02 15:35:26.546 +03:00 [INF] Failed to validate the token.
Microsoft.IdentityModel.Tokens.SecurityTokenMalformedException: IDX14120: JWT is not well formed, there is only one dot (.).
The token needs to be in JWS or JWE Compact Serialization Format. (JWS): 'EncodedHeader.EncodedPayload.EncodedSignature'. (JWE): 'EncodedProtectedHeader.EncodedEncryptedKey.EncodedInitializationVector.EncodedCiphertext.EncodedAuthenticationTag'.
   at Microsoft.IdentityModel.JsonWebTokens.JsonWebToken.ReadToken(ReadOnlyMemory`1 encodedTokenMemory)
   at Microsoft.IdentityModel.JsonWebTokens.JsonWebToken..ctor(String jwtEncodedString)
   at Microsoft.IdentityModel.JsonWebTokens.JsonWebTokenHandler.ReadToken(String token, TokenValidationParameters validationParameters)
2026-09-02 15:35:26.551 +03:00 [INF] Executed endpoint 'CMS.API.Controllers.MedicalCertificatesController.GetPatientCertificates (CMS.API)'
2026-09-02 15:35:26.559 +03:00 [INF] Bearer was not authenticated. Failure message: IDX14120: JWT is not well formed, there is only one dot (.).
The token needs to be in JWS or JWE Compact Serialization Format. (JWS): 'EncodedHeader.EncodedPayload.EncodedSignature'. (JWE): 'EncodedProtectedHeader.EncodedEncryptedKey.EncodedInitializationVector.EncodedCiphertext.EncodedAuthenticationTag'.
2026-09-02 15:35:26.564 +03:00 [INF] Request finished HTTP/1.1 GET http://localhost:5010/api/v1/medicalcertificates/patient/1 - 200 null application/json; charset=utf-8 80.0967ms
2026-09-02 15:35:26.568 +03:00 [INF] Executing endpoint 'CMS.API.Controllers.EncountersController.GetPatientEncounters (CMS.API)'
2026-09-02 15:35:26.571 +03:00 [INF] Request starting HTTP/1.1 GET http://localhost:5010/api/v1/medicalcertificates/patient/1 - application/json null
2026-09-02 15:35:26.582 +03:00 [INF] Route matched with {action = "GetPatientEncounters", controller = "Encounters"}. Executing controller action with signature System.Threading.Tasks.Task`1[Microsoft.AspNetCore.Mvc.IActionResult] GetPatientEncounters(Int32) on controller CMS.API.Controllers.EncountersController (CMS.API).
2026-09-02 15:35:26.591 +03:00 [INF] Failed to validate the token.
Microsoft.IdentityModel.Tokens.SecurityTokenMalformedException: IDX14120: JWT is not well formed, there is only one dot (.).
The token needs to be in JWS or JWE Compact Serialization Format. (JWS): 'EncodedHeader.EncodedPayload.EncodedSignature'. (JWE): 'EncodedProtectedHeader.EncodedEncryptedKey.EncodedInitializationVector.EncodedCiphertext.EncodedAuthenticationTag'.
   at Microsoft.IdentityModel.JsonWebTokens.JsonWebToken.ReadToken(ReadOnlyMemory`1 encodedTokenMemory)
   at Microsoft.IdentityModel.JsonWebTokens.JsonWebToken..ctor(String jwtEncodedString)
   at Microsoft.IdentityModel.JsonWebTokens.JsonWebTokenHandler.ReadToken(String token, TokenValidationParameters validationParameters)
2026-09-02 15:35:26.600 +03:00 [INF] Executed action CMS.API.Controllers.EncountersController.GetPatientEncounters (CMS.API) in 4.4584ms
2026-09-02 15:35:26.602 +03:00 [INF] Bearer was not authenticated. Failure message: IDX14120: JWT is not well formed, there is only one dot (.).
The token needs to be in JWS or JWE Compact Serialization Format. (JWS): 'EncodedHeader.EncodedPayload.EncodedSignature'. (JWE): 'EncodedProtectedHeader.EncodedEncryptedKey.EncodedInitializationVector.EncodedCiphertext.EncodedAuthenticationTag'.
2026-09-02 15:35:26.607 +03:00 [INF] Executed endpoint 'CMS.API.Controllers.EncountersController.GetPatientEncounters (CMS.API)'
2026-09-02 15:35:26.610 +03:00 [INF] Executing endpoint 'CMS.API.Controllers.MedicalCertificatesController.GetPatientCertificates (CMS.API)'
2026-09-02 15:35:26.614 +03:00 [ERR] Unhandled exception encountered: Incorrect syntax near the keyword 'Plan'.
Microsoft.Data.SqlClient.SqlException (0x80131904): Incorrect syntax near the keyword 'Plan'.
   at Microsoft.Data.SqlClient.SqlCommand.<>c.<ExecuteDbDataReaderAsync>b__211_0(Task`1 result)
   at System.Threading.Tasks.ContinuationResultTaskFromResultTask`2.InnerInvoke()
   at System.Threading.ExecutionContext.RunInternal(ExecutionContext executionContext, ContextCallback callback, Object state)
--- End of stack trace from previous location ---
   at System.Threading.ExecutionContext.RunInternal(ExecutionContext executionContext, ContextCallback callback, Object state)
   at System.Threading.Tasks.Task.ExecuteWithThreadLocal(Task& currentTaskSlot, Thread threadPoolThread)
--- End of stack trace from previous location ---
   at Dapper.SqlMapper.QueryAsync[T](IDbConnection cnn, Type effectiveType, CommandDefinition command) in /_/Dapper/SqlMapper.Async.cs:line 434
   at CMS.Application.Encounters.EncounterService.GetPatientEncountersAsync(Byte tenantId, Int32 patientId) in C:\Users\ASUS\source\repos\CMS\src\CMS.Application\Encounters\EncounterService.cs:line 56
   at CMS.API.Controllers.EncountersController.GetPatientEncounters(Int32 patientId) in C:\Users\ASUS\source\repos\CMS\src\CMS.API\Controllers\ClinicalControllers.cs:line 97
   at Microsoft.AspNetCore.Mvc.Infrastructure.ActionMethodExecutor.TaskOfIActionResultExecutor.Execute(ActionContext actionContext, IActionResultTypeMapper mapper, ObjectMethodExecutor executor, Object controller, Object[] arguments)
   at Microsoft.AspNetCore.Mvc.Infrastructure.ControllerActionInvoker.<InvokeActionMethodAsync>g__Awaited|12_0(ControllerActionInvoker invoker, ValueTask`1 actionResultValueTask)
   at Microsoft.AspNetCore.Mvc.Infrastructure.ControllerActionInvoker.<InvokeNextActionFilterAsync>g__Awaited|10_0(ControllerActionInvoker invoker, Task lastTask, State next, Scope scope, Object state, Boolean isCompleted)
   at Microsoft.AspNetCore.Mvc.Infrastructure.ControllerActionInvoker.Rethrow(ActionExecutedContextSealed context)
   at Microsoft.AspNetCore.Mvc.Infrastructure.ControllerActionInvoker.Next(State& next, Scope& scope, Object& state, Boolean& isCompleted)
   at Microsoft.AspNetCore.Mvc.Infrastructure.ControllerActionInvoker.<InvokeInnerFilterAsync>g__Awaited|13_0(ControllerActionInvoker invoker, Task lastTask, State next, Scope scope, Object state, Boolean isCompleted)
   at Microsoft.AspNetCore.Mvc.Infrastructure.ResourceInvoker.<InvokeFilterPipelineAsync>g__Awaited|20_0(ResourceInvoker invoker, Task lastTask, State next, Scope scope, Object state, Boolean isCompleted)
   at Microsoft.AspNetCore.Mvc.Infrastructure.ResourceInvoker.<InvokeAsync>g__Logged|17_1(ResourceInvoker invoker)
   at Microsoft.AspNetCore.Mvc.Infrastructure.ResourceInvoker.<InvokeAsync>g__Logged|17_1(ResourceInvoker invoker)
   at Microsoft.AspNetCore.Routing.EndpointMiddleware.<Invoke>g__AwaitRequestTask|7_0(Endpoint endpoint, Task requestTask, ILogger logger)
   at Microsoft.AspNetCore.Authorization.AuthorizationMiddleware.Invoke(HttpContext context)
   at Microsoft.AspNetCore.Authentication.AuthenticationMiddleware.Invoke(HttpContext context)
   at Swashbuckle.AspNetCore.SwaggerUI.SwaggerUIMiddleware.Invoke(HttpContext httpContext)
   at Swashbuckle.AspNetCore.Swagger.SwaggerMiddleware.Invoke(HttpContext httpContext, ISwaggerProvider swaggerProvider)
   at CMS.API.Middleware.TenantMiddleware.InvokeAsync(HttpContext context) in C:\Users\ASUS\source\repos\CMS\src\CMS.API\Middleware\Middlewares.cs:line 26
   at CMS.API.Middleware.ExceptionMiddleware.InvokeAsync(HttpContext context) in C:\Users\ASUS\source\repos\CMS\src\CMS.API\Middleware\Middlewares.cs:line 45
ClientConnectionId:7ac84430-d007-4567-a651-56a5622fb16c
Error Number:156,State:1,Class:15
2026-09-02 15:35:26.617 +03:00 [INF] Route matched with {action = "GetPatientCertificates", controller = "MedicalCertificates"}. Executing controller action with signature System.Threading.Tasks.Task`1[Microsoft.AspNetCore.Mvc.IActionResult] GetPatientCertificates(Int32) on controller CMS.API.Controllers.MedicalCertificatesController (CMS.API).
2026-09-02 15:35:26.645 +03:00 [INF] Request finished HTTP/1.1 GET http://localhost:5010/api/v1/encounters/patient/1 - 500 null application/json 113.9647ms
2026-09-02 15:35:26.651 +03:00 [INF] Executing OkObjectResult, writing value of type 'CMS.Shared.DTOs.ApiResponse`1[[System.Collections.Generic.List`1[[CMS.Shared.DTOs.MedicalCertificateDto, CMS.Shared, Version=1.0.0.0, Culture=neutral, PublicKeyToken=null]], System.Private.CoreLib, Version=8.0.0.0, Culture=neutral, PublicKeyToken=7cec85d7bea7798e]]'.
2026-09-02 15:35:26.661 +03:00 [INF] Executed action CMS.API.Controllers.MedicalCertificatesController.GetPatientCertificates (CMS.API) in 14.6929ms
2026-09-02 15:35:26.666 +03:00 [INF] Executed endpoint 'CMS.API.Controllers.MedicalCertificatesController.GetPatientCertificates (CMS.API)'
2026-09-02 15:35:26.669 +03:00 [INF] Request finished HTTP/1.1 GET http://localhost:5010/api/v1/medicalcertificates/patient/1 - 200 null application/json; charset=utf-8 97.5557ms
2026-09-02 15:35:26.844 +03:00 [INF] Request starting HTTP/1.1 GET http://localhost:5010/api/v1/encounters/patient/1 - application/json null
2026-09-02 15:35:26.852 +03:00 [INF] Failed to validate the token.
Microsoft.IdentityModel.Tokens.SecurityTokenMalformedException: IDX14120: JWT is not well formed, there is only one dot (.).
The token needs to be in JWS or JWE Compact Serialization Format. (JWS): 'EncodedHeader.EncodedPayload.EncodedSignature'. (JWE): 'EncodedProtectedHeader.EncodedEncryptedKey.EncodedInitializationVector.EncodedCiphertext.EncodedAuthenticationTag'.
   at Microsoft.IdentityModel.JsonWebTokens.JsonWebToken.ReadToken(ReadOnlyMemory`1 encodedTokenMemory)
   at Microsoft.IdentityModel.JsonWebTokens.JsonWebToken..ctor(String jwtEncodedString)
   at Microsoft.IdentityModel.JsonWebTokens.JsonWebTokenHandler.ReadToken(String token, TokenValidationParameters validationParameters)
2026-09-02 15:35:26.859 +03:00 [INF] Bearer was not authenticated. Failure message: IDX14120: JWT is not well formed, there is only one dot (.).
The token needs to be in JWS or JWE Compact Serialization Format. (JWS): 'EncodedHeader.EncodedPayload.EncodedSignature'. (JWE): 'EncodedProtectedHeader.EncodedEncryptedKey.EncodedInitializationVector.EncodedCiphertext.EncodedAuthenticationTag'.
2026-09-02 15:35:26.861 +03:00 [INF] Executing endpoint 'CMS.API.Controllers.EncountersController.GetPatientEncounters (CMS.API)'
2026-09-02 15:35:26.864 +03:00 [INF] Route matched with {action = "GetPatientEncounters", controller = "Encounters"}. Executing controller action with signature System.Threading.Tasks.Task`1[Microsoft.AspNetCore.Mvc.IActionResult] GetPatientEncounters(Int32) on controller CMS.API.Controllers.EncountersController (CMS.API).
2026-09-02 15:35:26.874 +03:00 [INF] Executed action CMS.API.Controllers.EncountersController.GetPatientEncounters (CMS.API) in 5.1139ms
2026-09-02 15:35:26.877 +03:00 [INF] Executed endpoint 'CMS.API.Controllers.EncountersController.GetPatientEncounters (CMS.API)'
2026-09-02 15:35:26.880 +03:00 [ERR] Unhandled exception encountered: Incorrect syntax near the keyword 'Plan'.
Microsoft.Data.SqlClient.SqlException (0x80131904): Incorrect syntax near the keyword 'Plan'.
   at Microsoft.Data.SqlClient.SqlCommand.<>c.<ExecuteDbDataReaderAsync>b__211_0(Task`1 result)
   at System.Threading.Tasks.ContinuationResultTaskFromResultTask`2.InnerInvoke()
   at System.Threading.ExecutionContext.RunInternal(ExecutionContext executionContext, ContextCallback callback, Object state)
--- End of stack trace from previous location ---
   at System.Threading.ExecutionContext.RunInternal(ExecutionContext executionContext, ContextCallback callback, Object state)
   at System.Threading.Tasks.Task.ExecuteWithThreadLocal(Task& currentTaskSlot, Thread threadPoolThread)
--- End of stack trace from previous location ---
   at Dapper.SqlMapper.QueryAsync[T](IDbConnection cnn, Type effectiveType, CommandDefinition command) in /_/Dapper/SqlMapper.Async.cs:line 434
   at CMS.Application.Encounters.EncounterService.GetPatientEncountersAsync(Byte tenantId, Int32 patientId) in C:\Users\ASUS\source\repos\CMS\src\CMS.Application\Encounters\EncounterService.cs:line 56
   at CMS.API.Controllers.EncountersController.GetPatientEncounters(Int32 patientId) in C:\Users\ASUS\source\repos\CMS\src\CMS.API\Controllers\ClinicalControllers.cs:line 97
   at Microsoft.AspNetCore.Mvc.Infrastructure.ActionMethodExecutor.TaskOfIActionResultExecutor.Execute(ActionContext actionContext, IActionResultTypeMapper mapper, ObjectMethodExecutor executor, Object controller, Object[] arguments)
   at Microsoft.AspNetCore.Mvc.Infrastructure.ControllerActionInvoker.<InvokeActionMethodAsync>g__Awaited|12_0(ControllerActionInvoker invoker, ValueTask`1 actionResultValueTask)
   at Microsoft.AspNetCore.Mvc.Infrastructure.ControllerActionInvoker.<InvokeNextActionFilterAsync>g__Awaited|10_0(ControllerActionInvoker invoker, Task lastTask, State next, Scope scope, Object state, Boolean isCompleted)
   at Microsoft.AspNetCore.Mvc.Infrastructure.ControllerActionInvoker.Rethrow(ActionExecutedContextSealed context)
   at Microsoft.AspNetCore.Mvc.Infrastructure.ControllerActionInvoker.Next(State& next, Scope& scope, Object& state, Boolean& isCompleted)
   at Microsoft.AspNetCore.Mvc.Infrastructure.ControllerActionInvoker.<InvokeInnerFilterAsync>g__Awaited|13_0(ControllerActionInvoker invoker, Task lastTask, State next, Scope scope, Object state, Boolean isCompleted)
   at Microsoft.AspNetCore.Mvc.Infrastructure.ResourceInvoker.<InvokeFilterPipelineAsync>g__Awaited|20_0(ResourceInvoker invoker, Task lastTask, State next, Scope scope, Object state, Boolean isCompleted)
   at Microsoft.AspNetCore.Mvc.Infrastructure.ResourceInvoker.<InvokeAsync>g__Logged|17_1(ResourceInvoker invoker)
   at Microsoft.AspNetCore.Mvc.Infrastructure.ResourceInvoker.<InvokeAsync>g__Logged|17_1(ResourceInvoker invoker)
   at Microsoft.AspNetCore.Routing.EndpointMiddleware.<Invoke>g__AwaitRequestTask|7_0(Endpoint endpoint, Task requestTask, ILogger logger)
   at Microsoft.AspNetCore.Authorization.AuthorizationMiddleware.Invoke(HttpContext context)
   at Microsoft.AspNetCore.Authentication.AuthenticationMiddleware.Invoke(HttpContext context)
   at Swashbuckle.AspNetCore.SwaggerUI.SwaggerUIMiddleware.Invoke(HttpContext httpContext)
   at Swashbuckle.AspNetCore.Swagger.SwaggerMiddleware.Invoke(HttpContext httpContext, ISwaggerProvider swaggerProvider)
   at CMS.API.Middleware.TenantMiddleware.InvokeAsync(HttpContext context) in C:\Users\ASUS\source\repos\CMS\src\CMS.API\Middleware\Middlewares.cs:line 26
   at CMS.API.Middleware.ExceptionMiddleware.InvokeAsync(HttpContext context) in C:\Users\ASUS\source\repos\CMS\src\CMS.API\Middleware\Middlewares.cs:line 45
ClientConnectionId:7ac84430-d007-4567-a651-56a5622fb16c
Error Number:156,State:1,Class:15
2026-09-02 15:35:26.901 +03:00 [INF] Request finished HTTP/1.1 GET http://localhost:5010/api/v1/encounters/patient/1 - 500 null application/json 57.5878ms
2026-09-02 15:35:26.967 +03:00 [INF] Request starting HTTP/1.1 GET http://localhost:5010/api/v1/medicalcertificates/patient/1 - application/json null
2026-09-02 15:35:26.977 +03:00 [INF] Failed to validate the token.
Microsoft.IdentityModel.Tokens.SecurityTokenMalformedException: IDX14120: JWT is not well formed, there is only one dot (.).
The token needs to be in JWS or JWE Compact Serialization Format. (JWS): 'EncodedHeader.EncodedPayload.EncodedSignature'. (JWE): 'EncodedProtectedHeader.EncodedEncryptedKey.EncodedInitializationVector.EncodedCiphertext.EncodedAuthenticationTag'.
   at Microsoft.IdentityModel.JsonWebTokens.JsonWebToken.ReadToken(ReadOnlyMemory`1 encodedTokenMemory)
   at Microsoft.IdentityModel.JsonWebTokens.JsonWebToken..ctor(String jwtEncodedString)
   at Microsoft.IdentityModel.JsonWebTokens.JsonWebTokenHandler.ReadToken(String token, TokenValidationParameters validationParameters)
2026-09-02 15:35:26.984 +03:00 [INF] Bearer was not authenticated. Failure message: IDX14120: JWT is not well formed, there is only one dot (.).
The token needs to be in JWS or JWE Compact Serialization Format. (JWS): 'EncodedHeader.EncodedPayload.EncodedSignature'. (JWE): 'EncodedProtectedHeader.EncodedEncryptedKey.EncodedInitializationVector.EncodedCiphertext.EncodedAuthenticationTag'.
2026-09-02 15:35:26.985 +03:00 [INF] Request starting HTTP/1.1 GET http://localhost:5010/api/v1/encounters/patient/1 - application/json null
2026-09-02 15:35:26.989 +03:00 [INF] Executing endpoint 'CMS.API.Controllers.MedicalCertificatesController.GetPatientCertificates (CMS.API)'
2026-09-02 15:35:27.000 +03:00 [INF] Failed to validate the token.
Microsoft.IdentityModel.Tokens.SecurityTokenMalformedException: IDX14120: JWT is not well formed, there is only one dot (.).
The token needs to be in JWS or JWE Compact Serialization Format. (JWS): 'EncodedHeader.EncodedPayload.EncodedSignature'. (JWE): 'EncodedProtectedHeader.EncodedEncryptedKey.EncodedInitializationVector.EncodedCiphertext.EncodedAuthenticationTag'.
   at Microsoft.IdentityModel.JsonWebTokens.JsonWebToken.ReadToken(ReadOnlyMemory`1 encodedTokenMemory)
   at Microsoft.IdentityModel.JsonWebTokens.JsonWebToken..ctor(String jwtEncodedString)
   at Microsoft.IdentityModel.JsonWebTokens.JsonWebTokenHandler.ReadToken(String token, TokenValidationParameters validationParameters)
2026-09-02 15:35:27.003 +03:00 [INF] Route matched with {action = "GetPatientCertificates", controller = "MedicalCertificates"}. Executing controller action with signature System.Threading.Tasks.Task`1[Microsoft.AspNetCore.Mvc.IActionResult] GetPatientCertificates(Int32) on controller CMS.API.Controllers.MedicalCertificatesController (CMS.API).
2026-09-02 15:35:27.009 +03:00 [INF] Bearer was not authenticated. Failure message: IDX14120: JWT is not well formed, there is only one dot (.).
The token needs to be in JWS or JWE Compact Serialization Format. (JWS): 'EncodedHeader.EncodedPayload.EncodedSignature'. (JWE): 'EncodedProtectedHeader.EncodedEncryptedKey.EncodedInitializationVector.EncodedCiphertext.EncodedAuthenticationTag'.
2026-09-02 15:35:27.020 +03:00 [INF] Executing OkObjectResult, writing value of type 'CMS.Shared.DTOs.ApiResponse`1[[System.Collections.Generic.List`1[[CMS.Shared.DTOs.MedicalCertificateDto, CMS.Shared, Version=1.0.0.0, Culture=neutral, PublicKeyToken=null]], System.Private.CoreLib, Version=8.0.0.0, Culture=neutral, PublicKeyToken=7cec85d7bea7798e]]'.
2026-09-02 15:35:27.021 +03:00 [INF] Executing endpoint 'CMS.API.Controllers.EncountersController.GetPatientEncounters (CMS.API)'
2026-09-02 15:35:27.026 +03:00 [INF] Executed action CMS.API.Controllers.MedicalCertificatesController.GetPatientCertificates (CMS.API) in 9.1057ms
2026-09-02 15:35:27.031 +03:00 [INF] Route matched with {action = "GetPatientEncounters", controller = "Encounters"}. Executing controller action with signature System.Threading.Tasks.Task`1[Microsoft.AspNetCore.Mvc.IActionResult] GetPatientEncounters(Int32) on controller CMS.API.Controllers.EncountersController (CMS.API).
2026-09-02 15:35:27.035 +03:00 [INF] Executed endpoint 'CMS.API.Controllers.MedicalCertificatesController.GetPatientCertificates (CMS.API)'
2026-09-02 15:35:27.045 +03:00 [INF] Executed action CMS.API.Controllers.EncountersController.GetPatientEncounters (CMS.API) in 4.0692ms
2026-09-02 15:35:27.046 +03:00 [INF] Request finished HTTP/1.1 GET http://localhost:5010/api/v1/medicalcertificates/patient/1 - 200 null application/json; charset=utf-8 78.965ms
2026-09-02 15:35:27.051 +03:00 [INF] Executed endpoint 'CMS.API.Controllers.EncountersController.GetPatientEncounters (CMS.API)'
2026-09-02 15:35:27.064 +03:00 [ERR] Unhandled exception encountered: Incorrect syntax near the keyword 'Plan'.
Microsoft.Data.SqlClient.SqlException (0x80131904): Incorrect syntax near the keyword 'Plan'.
   at Microsoft.Data.SqlClient.SqlCommand.<>c.<ExecuteDbDataReaderAsync>b__211_0(Task`1 result)
   at System.Threading.Tasks.ContinuationResultTaskFromResultTask`2.InnerInvoke()
   at System.Threading.ExecutionContext.RunInternal(ExecutionContext executionContext, ContextCallback callback, Object state)
--- End of stack trace from previous location ---
   at System.Threading.ExecutionContext.RunInternal(ExecutionContext executionContext, ContextCallback callback, Object state)
   at System.Threading.Tasks.Task.ExecuteWithThreadLocal(Task& currentTaskSlot, Thread threadPoolThread)
--- End of stack trace from previous location ---
   at Dapper.SqlMapper.QueryAsync[T](IDbConnection cnn, Type effectiveType, CommandDefinition command) in /_/Dapper/SqlMapper.Async.cs:line 434
   at CMS.Application.Encounters.EncounterService.GetPatientEncountersAsync(Byte tenantId, Int32 patientId) in C:\Users\ASUS\source\repos\CMS\src\CMS.Application\Encounters\EncounterService.cs:line 56
   at CMS.API.Controllers.EncountersController.GetPatientEncounters(Int32 patientId) in C:\Users\ASUS\source\repos\CMS\src\CMS.API\Controllers\ClinicalControllers.cs:line 97
   at Microsoft.AspNetCore.Mvc.Infrastructure.ActionMethodExecutor.TaskOfIActionResultExecutor.Execute(ActionContext actionContext, IActionResultTypeMapper mapper, ObjectMethodExecutor executor, Object controller, Object[] arguments)
   at Microsoft.AspNetCore.Mvc.Infrastructure.ControllerActionInvoker.<InvokeActionMethodAsync>g__Awaited|12_0(ControllerActionInvoker invoker, ValueTask`1 actionResultValueTask)
   at Microsoft.AspNetCore.Mvc.Infrastructure.ControllerActionInvoker.<InvokeNextActionFilterAsync>g__Awaited|10_0(ControllerActionInvoker invoker, Task lastTask, State next, Scope scope, Object state, Boolean isCompleted)
   at Microsoft.AspNetCore.Mvc.Infrastructure.ControllerActionInvoker.Rethrow(ActionExecutedContextSealed context)
   at Microsoft.AspNetCore.Mvc.Infrastructure.ControllerActionInvoker.Next(State& next, Scope& scope, Object& state, Boolean& isCompleted)
   at Microsoft.AspNetCore.Mvc.Infrastructure.ControllerActionInvoker.<InvokeInnerFilterAsync>g__Awaited|13_0(ControllerActionInvoker invoker, Task lastTask, State next, Scope scope, Object state, Boolean isCompleted)
   at Microsoft.AspNetCore.Mvc.Infrastructure.ResourceInvoker.<InvokeFilterPipelineAsync>g__Awaited|20_0(ResourceInvoker invoker, Task lastTask, State next, Scope scope, Object state, Boolean isCompleted)
   at Microsoft.AspNetCore.Mvc.Infrastructure.ResourceInvoker.<InvokeAsync>g__Logged|17_1(ResourceInvoker invoker)
   at Microsoft.AspNetCore.Mvc.Infrastructure.ResourceInvoker.<InvokeAsync>g__Logged|17_1(ResourceInvoker invoker)
   at Microsoft.AspNetCore.Routing.EndpointMiddleware.<Invoke>g__AwaitRequestTask|7_0(Endpoint endpoint, Task requestTask, ILogger logger)
   at Microsoft.AspNetCore.Authorization.AuthorizationMiddleware.Invoke(HttpContext context)
   at Microsoft.AspNetCore.Authentication.AuthenticationMiddleware.Invoke(HttpContext context)
   at Swashbuckle.AspNetCore.SwaggerUI.SwaggerUIMiddleware.Invoke(HttpContext httpContext)
   at Swashbuckle.AspNetCore.Swagger.SwaggerMiddleware.Invoke(HttpContext httpContext, ISwaggerProvider swaggerProvider)
   at CMS.API.Middleware.TenantMiddleware.InvokeAsync(HttpContext context) in C:\Users\ASUS\source\repos\CMS\src\CMS.API\Middleware\Middlewares.cs:line 26
   at CMS.API.Middleware.ExceptionMiddleware.InvokeAsync(HttpContext context) in C:\Users\ASUS\source\repos\CMS\src\CMS.API\Middleware\Middlewares.cs:line 45
ClientConnectionId:7ac84430-d007-4567-a651-56a5622fb16c
Error Number:156,State:1,Class:15
2026-09-02 15:35:27.083 +03:00 [INF] Request finished HTTP/1.1 GET http://localhost:5010/api/v1/encounters/patient/1 - 500 null application/json 98.0696ms
2026-09-02 15:35:27.469 +03:00 [INF] Request starting HTTP/1.1 GET http://localhost:5010/api/v1/patients/search?q= - application/json null
2026-09-02 15:35:27.477 +03:00 [INF] Failed to validate the token.
Microsoft.IdentityModel.Tokens.SecurityTokenMalformedException: IDX14120: JWT is not well formed, there is only one dot (.).
The token needs to be in JWS or JWE Compact Serialization Format. (JWS): 'EncodedHeader.EncodedPayload.EncodedSignature'. (JWE): 'EncodedProtectedHeader.EncodedEncryptedKey.EncodedInitializationVector.EncodedCiphertext.EncodedAuthenticationTag'.
   at Microsoft.IdentityModel.JsonWebTokens.JsonWebToken.ReadToken(ReadOnlyMemory`1 encodedTokenMemory)
   at Microsoft.IdentityModel.JsonWebTokens.JsonWebToken..ctor(String jwtEncodedString)
   at Microsoft.IdentityModel.JsonWebTokens.JsonWebTokenHandler.ReadToken(String token, TokenValidationParameters validationParameters)
2026-09-02 15:35:27.481 +03:00 [INF] Bearer was not authenticated. Failure message: IDX14120: JWT is not well formed, there is only one dot (.).
The token needs to be in JWS or JWE Compact Serialization Format. (JWS): 'EncodedHeader.EncodedPayload.EncodedSignature'. (JWE): 'EncodedProtectedHeader.EncodedEncryptedKey.EncodedInitializationVector.EncodedCiphertext.EncodedAuthenticationTag'.
2026-09-02 15:35:27.483 +03:00 [INF] Executing endpoint 'CMS.API.Controllers.PatientsController.Search (CMS.API)'
2026-09-02 15:35:27.486 +03:00 [INF] Route matched with {action = "Search", controller = "Patients"}. Executing controller action with signature System.Threading.Tasks.Task`1[Microsoft.AspNetCore.Mvc.IActionResult] Search(System.String, Int32) on controller CMS.API.Controllers.PatientsController (CMS.API).
2026-09-02 15:35:27.493 +03:00 [INF] Executing OkObjectResult, writing value of type 'CMS.Shared.DTOs.ApiResponse`1[[System.Collections.Generic.List`1[[CMS.Shared.DTOs.PatientDto, CMS.Shared, Version=1.0.0.0, Culture=neutral, PublicKeyToken=null]], System.Private.CoreLib, Version=8.0.0.0, Culture=neutral, PublicKeyToken=7cec85d7bea7798e]]'.
2026-09-02 15:35:27.497 +03:00 [INF] Executed action CMS.API.Controllers.PatientsController.Search (CMS.API) in 6.0461ms
2026-09-02 15:35:27.500 +03:00 [INF] Executed endpoint 'CMS.API.Controllers.PatientsController.Search (CMS.API)'
2026-09-02 15:35:27.502 +03:00 [INF] Request finished HTTP/1.1 GET http://localhost:5010/api/v1/patients/search?q= - 200 null application/json; charset=utf-8 32.5569ms
2026-09-02 15:35:29.366 +03:00 [INF] Request starting HTTP/1.1 GET http://localhost:5010/api/v1/patients/search - application/json null
2026-09-02 15:35:29.366 +03:00 [INF] Request starting HTTP/1.1 GET http://localhost:5010/api/v1/encounters/patient/1 - application/json null
2026-09-02 15:35:29.367 +03:00 [INF] Request starting HTTP/1.1 GET http://localhost:5010/api/v1/medicalcertificates/patient/1 - application/json null
2026-09-02 15:35:29.376 +03:00 [INF] Failed to validate the token.
Microsoft.IdentityModel.Tokens.SecurityTokenMalformedException: IDX14120: JWT is not well formed, there is only one dot (.).
The token needs to be in JWS or JWE Compact Serialization Format. (JWS): 'EncodedHeader.EncodedPayload.EncodedSignature'. (JWE): 'EncodedProtectedHeader.EncodedEncryptedKey.EncodedInitializationVector.EncodedCiphertext.EncodedAuthenticationTag'.
   at Microsoft.IdentityModel.JsonWebTokens.JsonWebToken.ReadToken(ReadOnlyMemory`1 encodedTokenMemory)
   at Microsoft.IdentityModel.JsonWebTokens.JsonWebToken..ctor(String jwtEncodedString)
   at Microsoft.IdentityModel.JsonWebTokens.JsonWebTokenHandler.ReadToken(String token, TokenValidationParameters validationParameters)
2026-09-02 15:35:29.383 +03:00 [INF] Failed to validate the token.
Microsoft.IdentityModel.Tokens.SecurityTokenMalformedException: IDX14120: JWT is not well formed, there is only one dot (.).
The token needs to be in JWS or JWE Compact Serialization Format. (JWS): 'EncodedHeader.EncodedPayload.EncodedSignature'. (JWE): 'EncodedProtectedHeader.EncodedEncryptedKey.EncodedInitializationVector.EncodedCiphertext.EncodedAuthenticationTag'.
   at Microsoft.IdentityModel.JsonWebTokens.JsonWebToken.ReadToken(ReadOnlyMemory`1 encodedTokenMemory)
   at Microsoft.IdentityModel.JsonWebTokens.JsonWebToken..ctor(String jwtEncodedString)
   at Microsoft.IdentityModel.JsonWebTokens.JsonWebTokenHandler.ReadToken(String token, TokenValidationParameters validationParameters)
2026-09-02 15:35:29.390 +03:00 [INF] Failed to validate the token.
Microsoft.IdentityModel.Tokens.SecurityTokenMalformedException: IDX14120: JWT is not well formed, there is only one dot (.).
The token needs to be in JWS or JWE Compact Serialization Format. (JWS): 'EncodedHeader.EncodedPayload.EncodedSignature'. (JWE): 'EncodedProtectedHeader.EncodedEncryptedKey.EncodedInitializationVector.EncodedCiphertext.EncodedAuthenticationTag'.
   at Microsoft.IdentityModel.JsonWebTokens.JsonWebToken.ReadToken(ReadOnlyMemory`1 encodedTokenMemory)
   at Microsoft.IdentityModel.JsonWebTokens.JsonWebToken..ctor(String jwtEncodedString)
   at Microsoft.IdentityModel.JsonWebTokens.JsonWebTokenHandler.ReadToken(String token, TokenValidationParameters validationParameters)
2026-09-02 15:35:29.394 +03:00 [INF] Bearer was not authenticated. Failure message: IDX14120: JWT is not well formed, there is only one dot (.).
The token needs to be in JWS or JWE Compact Serialization Format. (JWS): 'EncodedHeader.EncodedPayload.EncodedSignature'. (JWE): 'EncodedProtectedHeader.EncodedEncryptedKey.EncodedInitializationVector.EncodedCiphertext.EncodedAuthenticationTag'.
2026-09-02 15:35:29.399 +03:00 [INF] Bearer was not authenticated. Failure message: IDX14120: JWT is not well formed, there is only one dot (.).
The token needs to be in JWS or JWE Compact Serialization Format. (JWS): 'EncodedHeader.EncodedPayload.EncodedSignature'. (JWE): 'EncodedProtectedHeader.EncodedEncryptedKey.EncodedInitializationVector.EncodedCiphertext.EncodedAuthenticationTag'.
2026-09-02 15:35:29.403 +03:00 [INF] Bearer was not authenticated. Failure message: IDX14120: JWT is not well formed, there is only one dot (.).
The token needs to be in JWS or JWE Compact Serialization Format. (JWS): 'EncodedHeader.EncodedPayload.EncodedSignature'. (JWE): 'EncodedProtectedHeader.EncodedEncryptedKey.EncodedInitializationVector.EncodedCiphertext.EncodedAuthenticationTag'.
2026-09-02 15:35:29.407 +03:00 [INF] Executing endpoint 'CMS.API.Controllers.PatientsController.Search (CMS.API)'
2026-09-02 15:35:29.410 +03:00 [INF] Executing endpoint 'CMS.API.Controllers.EncountersController.GetPatientEncounters (CMS.API)'
2026-09-02 15:35:29.414 +03:00 [INF] Executing endpoint 'CMS.API.Controllers.MedicalCertificatesController.GetPatientCertificates (CMS.API)'
2026-09-02 15:35:29.417 +03:00 [INF] Route matched with {action = "Search", controller = "Patients"}. Executing controller action with signature System.Threading.Tasks.Task`1[Microsoft.AspNetCore.Mvc.IActionResult] Search(System.String, Int32) on controller CMS.API.Controllers.PatientsController (CMS.API).
2026-09-02 15:35:29.420 +03:00 [INF] Route matched with {action = "GetPatientEncounters", controller = "Encounters"}. Executing controller action with signature System.Threading.Tasks.Task`1[Microsoft.AspNetCore.Mvc.IActionResult] GetPatientEncounters(Int32) on controller CMS.API.Controllers.EncountersController (CMS.API).
2026-09-02 15:35:29.423 +03:00 [INF] Route matched with {action = "GetPatientCertificates", controller = "MedicalCertificates"}. Executing controller action with signature System.Threading.Tasks.Task`1[Microsoft.AspNetCore.Mvc.IActionResult] GetPatientCertificates(Int32) on controller CMS.API.Controllers.MedicalCertificatesController (CMS.API).
2026-09-02 15:35:29.431 +03:00 [INF] Executing OkObjectResult, writing value of type 'CMS.Shared.DTOs.ApiResponse`1[[System.Collections.Generic.List`1[[CMS.Shared.DTOs.PatientDto, CMS.Shared, Version=1.0.0.0, Culture=neutral, PublicKeyToken=null]], System.Private.CoreLib, Version=8.0.0.0, Culture=neutral, PublicKeyToken=7cec85d7bea7798e]]'.
2026-09-02 15:35:29.440 +03:00 [INF] Executed action CMS.API.Controllers.EncountersController.GetPatientEncounters (CMS.API) in 4.4285ms
2026-09-02 15:35:29.444 +03:00 [INF] Executing OkObjectResult, writing value of type 'CMS.Shared.DTOs.ApiResponse`1[[System.Collections.Generic.List`1[[CMS.Shared.DTOs.MedicalCertificateDto, CMS.Shared, Version=1.0.0.0, Culture=neutral, PublicKeyToken=null]], System.Private.CoreLib, Version=8.0.0.0, Culture=neutral, PublicKeyToken=7cec85d7bea7798e]]'.
2026-09-02 15:35:29.447 +03:00 [INF] Executed action CMS.API.Controllers.PatientsController.Search (CMS.API) in 17.4051ms
2026-09-02 15:35:29.453 +03:00 [INF] Executed endpoint 'CMS.API.Controllers.EncountersController.GetPatientEncounters (CMS.API)'
2026-09-02 15:35:29.457 +03:00 [INF] Executed action CMS.API.Controllers.MedicalCertificatesController.GetPatientCertificates (CMS.API) in 15.3689ms
2026-09-02 15:35:29.462 +03:00 [INF] Executed endpoint 'CMS.API.Controllers.PatientsController.Search (CMS.API)'
2026-09-02 15:35:29.465 +03:00 [ERR] Unhandled exception encountered: Incorrect syntax near the keyword 'Plan'.
Microsoft.Data.SqlClient.SqlException (0x80131904): Incorrect syntax near the keyword 'Plan'.
   at Microsoft.Data.SqlClient.SqlCommand.<>c.<ExecuteDbDataReaderAsync>b__211_0(Task`1 result)
   at System.Threading.Tasks.ContinuationResultTaskFromResultTask`2.InnerInvoke()
   at System.Threading.ExecutionContext.RunInternal(ExecutionContext executionContext, ContextCallback callback, Object state)
--- End of stack trace from previous location ---
   at System.Threading.ExecutionContext.RunInternal(ExecutionContext executionContext, ContextCallback callback, Object state)
   at System.Threading.Tasks.Task.ExecuteWithThreadLocal(Task& currentTaskSlot, Thread threadPoolThread)
--- End of stack trace from previous location ---
   at Dapper.SqlMapper.QueryAsync[T](IDbConnection cnn, Type effectiveType, CommandDefinition command) in /_/Dapper/SqlMapper.Async.cs:line 434
   at CMS.Application.Encounters.EncounterService.GetPatientEncountersAsync(Byte tenantId, Int32 patientId) in C:\Users\ASUS\source\repos\CMS\src\CMS.Application\Encounters\EncounterService.cs:line 56
   at CMS.API.Controllers.EncountersController.GetPatientEncounters(Int32 patientId) in C:\Users\ASUS\source\repos\CMS\src\CMS.API\Controllers\ClinicalControllers.cs:line 97
   at Microsoft.AspNetCore.Mvc.Infrastructure.ActionMethodExecutor.TaskOfIActionResultExecutor.Execute(ActionContext actionContext, IActionResultTypeMapper mapper, ObjectMethodExecutor executor, Object controller, Object[] arguments)
   at Microsoft.AspNetCore.Mvc.Infrastructure.ControllerActionInvoker.<InvokeActionMethodAsync>g__Awaited|12_0(ControllerActionInvoker invoker, ValueTask`1 actionResultValueTask)
   at Microsoft.AspNetCore.Mvc.Infrastructure.ControllerActionInvoker.<InvokeNextActionFilterAsync>g__Awaited|10_0(ControllerActionInvoker invoker, Task lastTask, State next, Scope scope, Object state, Boolean isCompleted)
   at Microsoft.AspNetCore.Mvc.Infrastructure.ControllerActionInvoker.Rethrow(ActionExecutedContextSealed context)
   at Microsoft.AspNetCore.Mvc.Infrastructure.ControllerActionInvoker.Next(State& next, Scope& scope, Object& state, Boolean& isCompleted)
   at Microsoft.AspNetCore.Mvc.Infrastructure.ControllerActionInvoker.<InvokeInnerFilterAsync>g__Awaited|13_0(ControllerActionInvoker invoker, Task lastTask, State next, Scope scope, Object state, Boolean isCompleted)
   at Microsoft.AspNetCore.Mvc.Infrastructure.ResourceInvoker.<InvokeFilterPipelineAsync>g__Awaited|20_0(ResourceInvoker invoker, Task lastTask, State next, Scope scope, Object state, Boolean isCompleted)
   at Microsoft.AspNetCore.Mvc.Infrastructure.ResourceInvoker.<InvokeAsync>g__Logged|17_1(ResourceInvoker invoker)
   at Microsoft.AspNetCore.Mvc.Infrastructure.ResourceInvoker.<InvokeAsync>g__Logged|17_1(ResourceInvoker invoker)
   at Microsoft.AspNetCore.Routing.EndpointMiddleware.<Invoke>g__AwaitRequestTask|7_0(Endpoint endpoint, Task requestTask, ILogger logger)
   at Microsoft.AspNetCore.Authorization.AuthorizationMiddleware.Invoke(HttpContext context)
   at Microsoft.AspNetCore.Authentication.AuthenticationMiddleware.Invoke(HttpContext context)
   at Swashbuckle.AspNetCore.SwaggerUI.SwaggerUIMiddleware.Invoke(HttpContext httpContext)
   at Swashbuckle.AspNetCore.Swagger.SwaggerMiddleware.Invoke(HttpContext httpContext, ISwaggerProvider swaggerProvider)
   at CMS.API.Middleware.TenantMiddleware.InvokeAsync(HttpContext context) in C:\Users\ASUS\source\repos\CMS\src\CMS.API\Middleware\Middlewares.cs:line 26
   at CMS.API.Middleware.ExceptionMiddleware.InvokeAsync(HttpContext context) in C:\Users\ASUS\source\repos\CMS\src\CMS.API\Middleware\Middlewares.cs:line 45
ClientConnectionId:7ac84430-d007-4567-a651-56a5622fb16c
Error Number:156,State:1,Class:15
2026-09-02 15:35:29.469 +03:00 [INF] Executed endpoint 'CMS.API.Controllers.MedicalCertificatesController.GetPatientCertificates (CMS.API)'
2026-09-02 15:35:29.472 +03:00 [INF] Request finished HTTP/1.1 GET http://localhost:5010/api/v1/patients/search - 200 null application/json; charset=utf-8 105.4897ms
2026-09-02 15:35:29.502 +03:00 [INF] Request finished HTTP/1.1 GET http://localhost:5010/api/v1/encounters/patient/1 - 500 null application/json 135.3264ms
2026-09-02 15:35:29.502 +03:00 [INF] Request finished HTTP/1.1 GET http://localhost:5010/api/v1/medicalcertificates/patient/1 - 200 null application/json; charset=utf-8 135.03ms
2026-09-02 15:35:29.623 +03:00 [INF] Request starting HTTP/1.1 GET http://localhost:5010/api/v1/patients/search - application/json null
2026-09-02 15:35:29.632 +03:00 [INF] Failed to validate the token.
Microsoft.IdentityModel.Tokens.SecurityTokenMalformedException: IDX14120: JWT is not well formed, there is only one dot (.).
The token needs to be in JWS or JWE Compact Serialization Format. (JWS): 'EncodedHeader.EncodedPayload.EncodedSignature'. (JWE): 'EncodedProtectedHeader.EncodedEncryptedKey.EncodedInitializationVector.EncodedCiphertext.EncodedAuthenticationTag'.
   at Microsoft.IdentityModel.JsonWebTokens.JsonWebToken.ReadToken(ReadOnlyMemory`1 encodedTokenMemory)
   at Microsoft.IdentityModel.JsonWebTokens.JsonWebToken..ctor(String jwtEncodedString)
   at Microsoft.IdentityModel.JsonWebTokens.JsonWebTokenHandler.ReadToken(String token, TokenValidationParameters validationParameters)
2026-09-02 15:35:29.638 +03:00 [INF] Bearer was not authenticated. Failure message: IDX14120: JWT is not well formed, there is only one dot (.).
The token needs to be in JWS or JWE Compact Serialization Format. (JWS): 'EncodedHeader.EncodedPayload.EncodedSignature'. (JWE): 'EncodedProtectedHeader.EncodedEncryptedKey.EncodedInitializationVector.EncodedCiphertext.EncodedAuthenticationTag'.
2026-09-02 15:35:29.642 +03:00 [INF] Executing endpoint 'CMS.API.Controllers.PatientsController.Search (CMS.API)'
2026-09-02 15:35:29.645 +03:00 [INF] Route matched with {action = "Search", controller = "Patients"}. Executing controller action with signature System.Threading.Tasks.Task`1[Microsoft.AspNetCore.Mvc.IActionResult] Search(System.String, Int32) on controller CMS.API.Controllers.PatientsController (CMS.API).
2026-09-02 15:35:29.651 +03:00 [INF] Executing OkObjectResult, writing value of type 'CMS.Shared.DTOs.ApiResponse`1[[System.Collections.Generic.List`1[[CMS.Shared.DTOs.PatientDto, CMS.Shared, Version=1.0.0.0, Culture=neutral, PublicKeyToken=null]], System.Private.CoreLib, Version=8.0.0.0, Culture=neutral, PublicKeyToken=7cec85d7bea7798e]]'.
2026-09-02 15:35:29.654 +03:00 [INF] Executed action CMS.API.Controllers.PatientsController.Search (CMS.API) in 5.0995ms
2026-09-02 15:35:29.658 +03:00 [INF] Executed endpoint 'CMS.API.Controllers.PatientsController.Search (CMS.API)'
2026-09-02 15:35:29.660 +03:00 [INF] Request finished HTTP/1.1 GET http://localhost:5010/api/v1/patients/search - 200 null application/json; charset=utf-8 37.333ms
2026-09-02 15:35:29.762 +03:00 [INF] Request starting HTTP/1.1 GET http://localhost:5010/api/v1/medicalcertificates/patient/1 - application/json null
2026-09-02 15:35:29.768 +03:00 [INF] Failed to validate the token.
Microsoft.IdentityModel.Tokens.SecurityTokenMalformedException: IDX14120: JWT is not well formed, there is only one dot (.).
The token needs to be in JWS or JWE Compact Serialization Format. (JWS): 'EncodedHeader.EncodedPayload.EncodedSignature'. (JWE): 'EncodedProtectedHeader.EncodedEncryptedKey.EncodedInitializationVector.EncodedCiphertext.EncodedAuthenticationTag'.
   at Microsoft.IdentityModel.JsonWebTokens.JsonWebToken.ReadToken(ReadOnlyMemory`1 encodedTokenMemory)
   at Microsoft.IdentityModel.JsonWebTokens.JsonWebToken..ctor(String jwtEncodedString)
   at Microsoft.IdentityModel.JsonWebTokens.JsonWebTokenHandler.ReadToken(String token, TokenValidationParameters validationParameters)
2026-09-02 15:35:29.772 +03:00 [INF] Bearer was not authenticated. Failure message: IDX14120: JWT is not well formed, there is only one dot (.).
The token needs to be in JWS or JWE Compact Serialization Format. (JWS): 'EncodedHeader.EncodedPayload.EncodedSignature'. (JWE): 'EncodedProtectedHeader.EncodedEncryptedKey.EncodedInitializationVector.EncodedCiphertext.EncodedAuthenticationTag'.
2026-09-02 15:35:29.775 +03:00 [INF] Executing endpoint 'CMS.API.Controllers.MedicalCertificatesController.GetPatientCertificates (CMS.API)'
2026-09-02 15:35:29.778 +03:00 [INF] Route matched with {action = "GetPatientCertificates", controller = "MedicalCertificates"}. Executing controller action with signature System.Threading.Tasks.Task`1[Microsoft.AspNetCore.Mvc.IActionResult] GetPatientCertificates(Int32) on controller CMS.API.Controllers.MedicalCertificatesController (CMS.API).
2026-09-02 15:35:29.778 +03:00 [INF] Request starting HTTP/1.1 GET http://localhost:5010/api/v1/encounters/patient/3 - application/json null
2026-09-02 15:35:29.783 +03:00 [INF] Executing OkObjectResult, writing value of type 'CMS.Shared.DTOs.ApiResponse`1[[System.Collections.Generic.List`1[[CMS.Shared.DTOs.MedicalCertificateDto, CMS.Shared, Version=1.0.0.0, Culture=neutral, PublicKeyToken=null]], System.Private.CoreLib, Version=8.0.0.0, Culture=neutral, PublicKeyToken=7cec85d7bea7798e]]'.
2026-09-02 15:35:29.787 +03:00 [INF] Failed to validate the token.
Microsoft.IdentityModel.Tokens.SecurityTokenMalformedException: IDX14120: JWT is not well formed, there is only one dot (.).
The token needs to be in JWS or JWE Compact Serialization Format. (JWS): 'EncodedHeader.EncodedPayload.EncodedSignature'. (JWE): 'EncodedProtectedHeader.EncodedEncryptedKey.EncodedInitializationVector.EncodedCiphertext.EncodedAuthenticationTag'.
   at Microsoft.IdentityModel.JsonWebTokens.JsonWebToken.ReadToken(ReadOnlyMemory`1 encodedTokenMemory)
   at Microsoft.IdentityModel.JsonWebTokens.JsonWebToken..ctor(String jwtEncodedString)
   at Microsoft.IdentityModel.JsonWebTokens.JsonWebTokenHandler.ReadToken(String token, TokenValidationParameters validationParameters)
2026-09-02 15:35:29.788 +03:00 [INF] Request starting HTTP/1.1 GET http://localhost:5010/api/v1/medicalcertificates/patient/3 - application/json null
2026-09-02 15:35:29.790 +03:00 [INF] Executed action CMS.API.Controllers.MedicalCertificatesController.GetPatientCertificates (CMS.API) in 8.7747ms
2026-09-02 15:35:29.795 +03:00 [INF] Bearer was not authenticated. Failure message: IDX14120: JWT is not well formed, there is only one dot (.).
The token needs to be in JWS or JWE Compact Serialization Format. (JWS): 'EncodedHeader.EncodedPayload.EncodedSignature'. (JWE): 'EncodedProtectedHeader.EncodedEncryptedKey.EncodedInitializationVector.EncodedCiphertext.EncodedAuthenticationTag'.
2026-09-02 15:35:29.799 +03:00 [INF] Failed to validate the token.
Microsoft.IdentityModel.Tokens.SecurityTokenMalformedException: IDX14120: JWT is not well formed, there is only one dot (.).
The token needs to be in JWS or JWE Compact Serialization Format. (JWS): 'EncodedHeader.EncodedPayload.EncodedSignature'. (JWE): 'EncodedProtectedHeader.EncodedEncryptedKey.EncodedInitializationVector.EncodedCiphertext.EncodedAuthenticationTag'.
   at Microsoft.IdentityModel.JsonWebTokens.JsonWebToken.ReadToken(ReadOnlyMemory`1 encodedTokenMemory)
   at Microsoft.IdentityModel.JsonWebTokens.JsonWebToken..ctor(String jwtEncodedString)
   at Microsoft.IdentityModel.JsonWebTokens.JsonWebTokenHandler.ReadToken(String token, TokenValidationParameters validationParameters)
2026-09-02 15:35:29.802 +03:00 [INF] Executed endpoint 'CMS.API.Controllers.MedicalCertificatesController.GetPatientCertificates (CMS.API)'
2026-09-02 15:35:29.803 +03:00 [INF] Executing endpoint 'CMS.API.Controllers.EncountersController.GetPatientEncounters (CMS.API)'
2026-09-02 15:35:29.808 +03:00 [INF] Bearer was not authenticated. Failure message: IDX14120: JWT is not well formed, there is only one dot (.).
The token needs to be in JWS or JWE Compact Serialization Format. (JWS): 'EncodedHeader.EncodedPayload.EncodedSignature'. (JWE): 'EncodedProtectedHeader.EncodedEncryptedKey.EncodedInitializationVector.EncodedCiphertext.EncodedAuthenticationTag'.
2026-09-02 15:35:29.816 +03:00 [INF] Request starting HTTP/1.1 GET http://localhost:5010/api/v1/encounters/patient/1 - application/json null
2026-09-02 15:35:29.814 +03:00 [INF] Route matched with {action = "GetPatientEncounters", controller = "Encounters"}. Executing controller action with signature System.Threading.Tasks.Task`1[Microsoft.AspNetCore.Mvc.IActionResult] GetPatientEncounters(Int32) on controller CMS.API.Controllers.EncountersController (CMS.API).
2026-09-02 15:35:29.811 +03:00 [INF] Request finished HTTP/1.1 GET http://localhost:5010/api/v1/medicalcertificates/patient/1 - 200 null application/json; charset=utf-8 48.6473ms
2026-09-02 15:35:29.816 +03:00 [INF] Executing endpoint 'CMS.API.Controllers.MedicalCertificatesController.GetPatientCertificates (CMS.API)'
2026-09-02 15:35:29.823 +03:00 [INF] Failed to validate the token.
Microsoft.IdentityModel.Tokens.SecurityTokenMalformedException: IDX14120: JWT is not well formed, there is only one dot (.).
The token needs to be in JWS or JWE Compact Serialization Format. (JWS): 'EncodedHeader.EncodedPayload.EncodedSignature'. (JWE): 'EncodedProtectedHeader.EncodedEncryptedKey.EncodedInitializationVector.EncodedCiphertext.EncodedAuthenticationTag'.
   at Microsoft.IdentityModel.JsonWebTokens.JsonWebToken.ReadToken(ReadOnlyMemory`1 encodedTokenMemory)
   at Microsoft.IdentityModel.JsonWebTokens.JsonWebToken..ctor(String jwtEncodedString)
   at Microsoft.IdentityModel.JsonWebTokens.JsonWebTokenHandler.ReadToken(String token, TokenValidationParameters validationParameters)
2026-09-02 15:35:29.829 +03:00 [INF] Executed action CMS.API.Controllers.EncountersController.GetPatientEncounters (CMS.API) in 2.7307ms
2026-09-02 15:35:29.836 +03:00 [INF] Route matched with {action = "GetPatientCertificates", controller = "MedicalCertificates"}. Executing controller action with signature System.Threading.Tasks.Task`1[Microsoft.AspNetCore.Mvc.IActionResult] GetPatientCertificates(Int32) on controller CMS.API.Controllers.MedicalCertificatesController (CMS.API).
2026-09-02 15:35:29.841 +03:00 [INF] Bearer was not authenticated. Failure message: IDX14120: JWT is not well formed, there is only one dot (.).
The token needs to be in JWS or JWE Compact Serialization Format. (JWS): 'EncodedHeader.EncodedPayload.EncodedSignature'. (JWE): 'EncodedProtectedHeader.EncodedEncryptedKey.EncodedInitializationVector.EncodedCiphertext.EncodedAuthenticationTag'.
2026-09-02 15:35:29.845 +03:00 [INF] Executed endpoint 'CMS.API.Controllers.EncountersController.GetPatientEncounters (CMS.API)'
2026-09-02 15:35:29.851 +03:00 [INF] Executing OkObjectResult, writing value of type 'CMS.Shared.DTOs.ApiResponse`1[[System.Collections.Generic.List`1[[CMS.Shared.DTOs.MedicalCertificateDto, CMS.Shared, Version=1.0.0.0, Culture=neutral, PublicKeyToken=null]], System.Private.CoreLib, Version=8.0.0.0, Culture=neutral, PublicKeyToken=7cec85d7bea7798e]]'.
2026-09-02 15:35:29.852 +03:00 [INF] Executing endpoint 'CMS.API.Controllers.EncountersController.GetPatientEncounters (CMS.API)'
2026-09-02 15:35:29.856 +03:00 [ERR] Unhandled exception encountered: Incorrect syntax near the keyword 'Plan'.
Microsoft.Data.SqlClient.SqlException (0x80131904): Incorrect syntax near the keyword 'Plan'.
   at Microsoft.Data.SqlClient.SqlCommand.<>c.<ExecuteDbDataReaderAsync>b__211_0(Task`1 result)
   at System.Threading.Tasks.ContinuationResultTaskFromResultTask`2.InnerInvoke()
   at System.Threading.ExecutionContext.RunInternal(ExecutionContext executionContext, ContextCallback callback, Object state)
--- End of stack trace from previous location ---
   at System.Threading.ExecutionContext.RunInternal(ExecutionContext executionContext, ContextCallback callback, Object state)
   at System.Threading.Tasks.Task.ExecuteWithThreadLocal(Task& currentTaskSlot, Thread threadPoolThread)
--- End of stack trace from previous location ---
   at Dapper.SqlMapper.QueryAsync[T](IDbConnection cnn, Type effectiveType, CommandDefinition command) in /_/Dapper/SqlMapper.Async.cs:line 434
   at CMS.Application.Encounters.EncounterService.GetPatientEncountersAsync(Byte tenantId, Int32 patientId) in C:\Users\ASUS\source\repos\CMS\src\CMS.Application\Encounters\EncounterService.cs:line 56
   at CMS.API.Controllers.EncountersController.GetPatientEncounters(Int32 patientId) in C:\Users\ASUS\source\repos\CMS\src\CMS.API\Controllers\ClinicalControllers.cs:line 97
   at Microsoft.AspNetCore.Mvc.Infrastructure.ActionMethodExecutor.TaskOfIActionResultExecutor.Execute(ActionContext actionContext, IActionResultTypeMapper mapper, ObjectMethodExecutor executor, Object controller, Object[] arguments)
   at Microsoft.AspNetCore.Mvc.Infrastructure.ControllerActionInvoker.<InvokeActionMethodAsync>g__Awaited|12_0(ControllerActionInvoker invoker, ValueTask`1 actionResultValueTask)
   at Microsoft.AspNetCore.Mvc.Infrastructure.ControllerActionInvoker.<InvokeNextActionFilterAsync>g__Awaited|10_0(ControllerActionInvoker invoker, Task lastTask, State next, Scope scope, Object state, Boolean isCompleted)
   at Microsoft.AspNetCore.Mvc.Infrastructure.ControllerActionInvoker.Rethrow(ActionExecutedContextSealed context)
   at Microsoft.AspNetCore.Mvc.Infrastructure.ControllerActionInvoker.Next(State& next, Scope& scope, Object& state, Boolean& isCompleted)
   at Microsoft.AspNetCore.Mvc.Infrastructure.ControllerActionInvoker.<InvokeInnerFilterAsync>g__Awaited|13_0(ControllerActionInvoker invoker, Task lastTask, State next, Scope scope, Object state, Boolean isCompleted)
   at Microsoft.AspNetCore.Mvc.Infrastructure.ResourceInvoker.<InvokeFilterPipelineAsync>g__Awaited|20_0(ResourceInvoker invoker, Task lastTask, State next, Scope scope, Object state, Boolean isCompleted)
   at Microsoft.AspNetCore.Mvc.Infrastructure.ResourceInvoker.<InvokeAsync>g__Logged|17_1(ResourceInvoker invoker)
   at Microsoft.AspNetCore.Mvc.Infrastructure.ResourceInvoker.<InvokeAsync>g__Logged|17_1(ResourceInvoker invoker)
   at Microsoft.AspNetCore.Routing.EndpointMiddleware.<Invoke>g__AwaitRequestTask|7_0(Endpoint endpoint, Task requestTask, ILogger logger)
   at Microsoft.AspNetCore.Authorization.AuthorizationMiddleware.Invoke(HttpContext context)
   at Microsoft.AspNetCore.Authentication.AuthenticationMiddleware.Invoke(HttpContext context)
   at Swashbuckle.AspNetCore.SwaggerUI.SwaggerUIMiddleware.Invoke(HttpContext httpContext)
   at Swashbuckle.AspNetCore.Swagger.SwaggerMiddleware.Invoke(HttpContext httpContext, ISwaggerProvider swaggerProvider)
   at CMS.API.Middleware.TenantMiddleware.InvokeAsync(HttpContext context) in C:\Users\ASUS\source\repos\CMS\src\CMS.API\Middleware\Middlewares.cs:line 26
   at CMS.API.Middleware.ExceptionMiddleware.InvokeAsync(HttpContext context) in C:\Users\ASUS\source\repos\CMS\src\CMS.API\Middleware\Middlewares.cs:line 45
ClientConnectionId:7ac84430-d007-4567-a651-56a5622fb16c
Error Number:156,State:1,Class:15
2026-09-02 15:35:29.859 +03:00 [INF] Executed action CMS.API.Controllers.MedicalCertificatesController.GetPatientCertificates (CMS.API) in 9.9149ms
2026-09-02 15:35:29.862 +03:00 [INF] Route matched with {action = "GetPatientEncounters", controller = "Encounters"}. Executing controller action with signature System.Threading.Tasks.Task`1[Microsoft.AspNetCore.Mvc.IActionResult] GetPatientEncounters(Int32) on controller CMS.API.Controllers.EncountersController (CMS.API).
2026-09-02 15:35:29.884 +03:00 [INF] Executed endpoint 'CMS.API.Controllers.MedicalCertificatesController.GetPatientCertificates (CMS.API)'
2026-09-02 15:35:29.884 +03:00 [INF] Request finished HTTP/1.1 GET http://localhost:5010/api/v1/encounters/patient/3 - 500 null application/json 106.2231ms
2026-09-02 15:35:29.894 +03:00 [INF] Request finished HTTP/1.1 GET http://localhost:5010/api/v1/medicalcertificates/patient/3 - 200 null application/json; charset=utf-8 106.2546ms
2026-09-02 15:35:29.895 +03:00 [INF] Executed action CMS.API.Controllers.EncountersController.GetPatientEncounters (CMS.API) in 3.6422ms
2026-09-02 15:35:29.918 +03:00 [INF] Executed endpoint 'CMS.API.Controllers.EncountersController.GetPatientEncounters (CMS.API)'
2026-09-02 15:35:29.922 +03:00 [ERR] Unhandled exception encountered: Incorrect syntax near the keyword 'Plan'.
Microsoft.Data.SqlClient.SqlException (0x80131904): Incorrect syntax near the keyword 'Plan'.
   at Microsoft.Data.SqlClient.SqlCommand.<>c.<ExecuteDbDataReaderAsync>b__211_0(Task`1 result)
   at System.Threading.Tasks.ContinuationResultTaskFromResultTask`2.InnerInvoke()
   at System.Threading.ExecutionContext.RunInternal(ExecutionContext executionContext, ContextCallback callback, Object state)
--- End of stack trace from previous location ---
   at System.Threading.ExecutionContext.RunInternal(ExecutionContext executionContext, ContextCallback callback, Object state)
   at System.Threading.Tasks.Task.ExecuteWithThreadLocal(Task& currentTaskSlot, Thread threadPoolThread)
--- End of stack trace from previous location ---
   at Dapper.SqlMapper.QueryAsync[T](IDbConnection cnn, Type effectiveType, CommandDefinition command) in /_/Dapper/SqlMapper.Async.cs:line 434
   at CMS.Application.Encounters.EncounterService.GetPatientEncountersAsync(Byte tenantId, Int32 patientId) in C:\Users\ASUS\source\repos\CMS\src\CMS.Application\Encounters\EncounterService.cs:line 56
   at CMS.API.Controllers.EncountersController.GetPatientEncounters(Int32 patientId) in C:\Users\ASUS\source\repos\CMS\src\CMS.API\Controllers\ClinicalControllers.cs:line 97
   at Microsoft.AspNetCore.Mvc.Infrastructure.ActionMethodExecutor.TaskOfIActionResultExecutor.Execute(ActionContext actionContext, IActionResultTypeMapper mapper, ObjectMethodExecutor executor, Object controller, Object[] arguments)
   at Microsoft.AspNetCore.Mvc.Infrastructure.ControllerActionInvoker.<InvokeActionMethodAsync>g__Awaited|12_0(ControllerActionInvoker invoker, ValueTask`1 actionResultValueTask)
   at Microsoft.AspNetCore.Mvc.Infrastructure.ControllerActionInvoker.<InvokeNextActionFilterAsync>g__Awaited|10_0(ControllerActionInvoker invoker, Task lastTask, State next, Scope scope, Object state, Boolean isCompleted)
   at Microsoft.AspNetCore.Mvc.Infrastructure.ControllerActionInvoker.Rethrow(ActionExecutedContextSealed context)
   at Microsoft.AspNetCore.Mvc.Infrastructure.ControllerActionInvoker.Next(State& next, Scope& scope, Object& state, Boolean& isCompleted)
   at Microsoft.AspNetCore.Mvc.Infrastructure.ControllerActionInvoker.<InvokeInnerFilterAsync>g__Awaited|13_0(ControllerActionInvoker invoker, Task lastTask, State next, Scope scope, Object state, Boolean isCompleted)
   at Microsoft.AspNetCore.Mvc.Infrastructure.ResourceInvoker.<InvokeFilterPipelineAsync>g__Awaited|20_0(ResourceInvoker invoker, Task lastTask, State next, Scope scope, Object state, Boolean isCompleted)
   at Microsoft.AspNetCore.Mvc.Infrastructure.ResourceInvoker.<InvokeAsync>g__Logged|17_1(ResourceInvoker invoker)
   at Microsoft.AspNetCore.Mvc.Infrastructure.ResourceInvoker.<InvokeAsync>g__Logged|17_1(ResourceInvoker invoker)
   at Microsoft.AspNetCore.Routing.EndpointMiddleware.<Invoke>g__AwaitRequestTask|7_0(Endpoint endpoint, Task requestTask, ILogger logger)
   at Microsoft.AspNetCore.Authorization.AuthorizationMiddleware.Invoke(HttpContext context)
   at Microsoft.AspNetCore.Authentication.AuthenticationMiddleware.Invoke(HttpContext context)
   at Swashbuckle.AspNetCore.SwaggerUI.SwaggerUIMiddleware.Invoke(HttpContext httpContext)
   at Swashbuckle.AspNetCore.Swagger.SwaggerMiddleware.Invoke(HttpContext httpContext, ISwaggerProvider swaggerProvider)
   at CMS.API.Middleware.TenantMiddleware.InvokeAsync(HttpContext context) in C:\Users\ASUS\source\repos\CMS\src\CMS.API\Middleware\Middlewares.cs:line 26
   at CMS.API.Middleware.ExceptionMiddleware.InvokeAsync(HttpContext context) in C:\Users\ASUS\source\repos\CMS\src\CMS.API\Middleware\Middlewares.cs:line 45
ClientConnectionId:7ac84430-d007-4567-a651-56a5622fb16c
Error Number:156,State:1,Class:15
2026-09-02 15:35:29.948 +03:00 [INF] Request finished HTTP/1.1 GET http://localhost:5010/api/v1/encounters/patient/1 - 500 null application/json 131.89ms
2026-09-02 15:35:30.166 +03:00 [INF] Request starting HTTP/1.1 GET http://localhost:5010/api/v1/medicalcertificates/patient/3 - application/json null
2026-09-02 15:35:30.173 +03:00 [INF] Failed to validate the token.
Microsoft.IdentityModel.Tokens.SecurityTokenMalformedException: IDX14120: JWT is not well formed, there is only one dot (.).
The token needs to be in JWS or JWE Compact Serialization Format. (JWS): 'EncodedHeader.EncodedPayload.EncodedSignature'. (JWE): 'EncodedProtectedHeader.EncodedEncryptedKey.EncodedInitializationVector.EncodedCiphertext.EncodedAuthenticationTag'.
   at Microsoft.IdentityModel.JsonWebTokens.JsonWebToken.ReadToken(ReadOnlyMemory`1 encodedTokenMemory)
   at Microsoft.IdentityModel.JsonWebTokens.JsonWebToken..ctor(String jwtEncodedString)
   at Microsoft.IdentityModel.JsonWebTokens.JsonWebTokenHandler.ReadToken(String token, TokenValidationParameters validationParameters)
2026-09-02 15:35:30.177 +03:00 [INF] Bearer was not authenticated. Failure message: IDX14120: JWT is not well formed, there is only one dot (.).
The token needs to be in JWS or JWE Compact Serialization Format. (JWS): 'EncodedHeader.EncodedPayload.EncodedSignature'. (JWE): 'EncodedProtectedHeader.EncodedEncryptedKey.EncodedInitializationVector.EncodedCiphertext.EncodedAuthenticationTag'.
2026-09-02 15:35:30.180 +03:00 [INF] Executing endpoint 'CMS.API.Controllers.MedicalCertificatesController.GetPatientCertificates (CMS.API)'
2026-09-02 15:35:30.182 +03:00 [INF] Route matched with {action = "GetPatientCertificates", controller = "MedicalCertificates"}. Executing controller action with signature System.Threading.Tasks.Task`1[Microsoft.AspNetCore.Mvc.IActionResult] GetPatientCertificates(Int32) on controller CMS.API.Controllers.MedicalCertificatesController (CMS.API).
2026-09-02 15:35:30.187 +03:00 [INF] Executing OkObjectResult, writing value of type 'CMS.Shared.DTOs.ApiResponse`1[[System.Collections.Generic.List`1[[CMS.Shared.DTOs.MedicalCertificateDto, CMS.Shared, Version=1.0.0.0, Culture=neutral, PublicKeyToken=null]], System.Private.CoreLib, Version=8.0.0.0, Culture=neutral, PublicKeyToken=7cec85d7bea7798e]]'.
2026-09-02 15:35:30.191 +03:00 [INF] Executed action CMS.API.Controllers.MedicalCertificatesController.GetPatientCertificates (CMS.API) in 5.3058ms
2026-09-02 15:35:30.194 +03:00 [INF] Executed endpoint 'CMS.API.Controllers.MedicalCertificatesController.GetPatientCertificates (CMS.API)'
2026-09-02 15:35:30.197 +03:00 [INF] Request finished HTTP/1.1 GET http://localhost:5010/api/v1/medicalcertificates/patient/3 - 200 null application/json; charset=utf-8 30.6743ms
2026-09-02 15:35:30.198 +03:00 [INF] Request starting HTTP/1.1 GET http://localhost:5010/api/v1/encounters/patient/3 - application/json null
2026-09-02 15:35:30.209 +03:00 [INF] Failed to validate the token.
Microsoft.IdentityModel.Tokens.SecurityTokenMalformedException: IDX14120: JWT is not well formed, there is only one dot (.).
The token needs to be in JWS or JWE Compact Serialization Format. (JWS): 'EncodedHeader.EncodedPayload.EncodedSignature'. (JWE): 'EncodedProtectedHeader.EncodedEncryptedKey.EncodedInitializationVector.EncodedCiphertext.EncodedAuthenticationTag'.
   at Microsoft.IdentityModel.JsonWebTokens.JsonWebToken.ReadToken(ReadOnlyMemory`1 encodedTokenMemory)
   at Microsoft.IdentityModel.JsonWebTokens.JsonWebToken..ctor(String jwtEncodedString)
   at Microsoft.IdentityModel.JsonWebTokens.JsonWebTokenHandler.ReadToken(String token, TokenValidationParameters validationParameters)
2026-09-02 15:35:30.213 +03:00 [INF] Bearer was not authenticated. Failure message: IDX14120: JWT is not well formed, there is only one dot (.).
The token needs to be in JWS or JWE Compact Serialization Format. (JWS): 'EncodedHeader.EncodedPayload.EncodedSignature'. (JWE): 'EncodedProtectedHeader.EncodedEncryptedKey.EncodedInitializationVector.EncodedCiphertext.EncodedAuthenticationTag'.
2026-09-02 15:35:30.215 +03:00 [INF] Executing endpoint 'CMS.API.Controllers.EncountersController.GetPatientEncounters (CMS.API)'
2026-09-02 15:35:30.217 +03:00 [INF] Route matched with {action = "GetPatientEncounters", controller = "Encounters"}. Executing controller action with signature System.Threading.Tasks.Task`1[Microsoft.AspNetCore.Mvc.IActionResult] GetPatientEncounters(Int32) on controller CMS.API.Controllers.EncountersController (CMS.API).
2026-09-02 15:35:30.224 +03:00 [INF] Executed action CMS.API.Controllers.EncountersController.GetPatientEncounters (CMS.API) in 3.4698ms
2026-09-02 15:35:30.228 +03:00 [INF] Executed endpoint 'CMS.API.Controllers.EncountersController.GetPatientEncounters (CMS.API)'
2026-09-02 15:35:30.232 +03:00 [ERR] Unhandled exception encountered: Incorrect syntax near the keyword 'Plan'.
Microsoft.Data.SqlClient.SqlException (0x80131904): Incorrect syntax near the keyword 'Plan'.
   at System.Threading.Tasks.ContinuationResultTaskFromResultTask`2.InnerInvoke()
   at System.Threading.ExecutionContext.RunInternal(ExecutionContext executionContext, ContextCallback callback, Object state)
--- End of stack trace from previous location ---
   at System.Threading.ExecutionContext.RunInternal(ExecutionContext executionContext, ContextCallback callback, Object state)
   at System.Threading.Tasks.Task.ExecuteWithThreadLocal(Task& currentTaskSlot, Thread threadPoolThread)
--- End of stack trace from previous location ---
   at Dapper.SqlMapper.QueryAsync[T](IDbConnection cnn, Type effectiveType, CommandDefinition command) in /_/Dapper/SqlMapper.Async.cs:line 434
   at CMS.Application.Encounters.EncounterService.GetPatientEncountersAsync(Byte tenantId, Int32 patientId) in C:\Users\ASUS\source\repos\CMS\src\CMS.Application\Encounters\EncounterService.cs:line 56
   at CMS.API.Controllers.EncountersController.GetPatientEncounters(Int32 patientId) in C:\Users\ASUS\source\repos\CMS\src\CMS.API\Controllers\ClinicalControllers.cs:line 97
   at Microsoft.AspNetCore.Mvc.Infrastructure.ActionMethodExecutor.TaskOfIActionResultExecutor.Execute(ActionContext actionContext, IActionResultTypeMapper mapper, ObjectMethodExecutor executor, Object controller, Object[] arguments)
   at Microsoft.AspNetCore.Mvc.Infrastructure.ControllerActionInvoker.<InvokeActionMethodAsync>g__Awaited|12_0(ControllerActionInvoker invoker, ValueTask`1 actionResultValueTask)
   at Microsoft.AspNetCore.Mvc.Infrastructure.ControllerActionInvoker.<InvokeNextActionFilterAsync>g__Awaited|10_0(ControllerActionInvoker invoker, Task lastTask, State next, Scope scope, Object state, Boolean isCompleted)
   at Microsoft.AspNetCore.Mvc.Infrastructure.ControllerActionInvoker.Rethrow(ActionExecutedContextSealed context)
   at Microsoft.AspNetCore.Mvc.Infrastructure.ControllerActionInvoker.Next(State& next, Scope& scope, Object& state, Boolean& isCompleted)
   at Microsoft.AspNetCore.Mvc.Infrastructure.ControllerActionInvoker.<InvokeInnerFilterAsync>g__Awaited|13_0(ControllerActionInvoker invoker, Task lastTask, State next, Scope scope, Object state, Boolean isCompleted)
   at Microsoft.AspNetCore.Mvc.Infrastructure.ResourceInvoker.<InvokeFilterPipelineAsync>g__Awaited|20_0(ResourceInvoker invoker, Task lastTask, State next, Scope scope, Object state, Boolean isCompleted)
   at Microsoft.AspNetCore.Mvc.Infrastructure.ResourceInvoker.<InvokeAsync>g__Logged|17_1(ResourceInvoker invoker)
   at Microsoft.AspNetCore.Mvc.Infrastructure.ResourceInvoker.<InvokeAsync>g__Logged|17_1(ResourceInvoker invoker)
   at Microsoft.AspNetCore.Routing.EndpointMiddleware.<Invoke>g__AwaitRequestTask|7_0(Endpoint endpoint, Task requestTask, ILogger logger)
   at Microsoft.AspNetCore.Authorization.AuthorizationMiddleware.Invoke(HttpContext context)
   at Microsoft.AspNetCore.Authentication.AuthenticationMiddleware.Invoke(HttpContext context)
   at Swashbuckle.AspNetCore.SwaggerUI.SwaggerUIMiddleware.Invoke(HttpContext httpContext)
   at Swashbuckle.AspNetCore.Swagger.SwaggerMiddleware.Invoke(HttpContext httpContext, ISwaggerProvider swaggerProvider)
   at CMS.API.Middleware.TenantMiddleware.InvokeAsync(HttpContext context) in C:\Users\ASUS\source\repos\CMS\src\CMS.API\Middleware\Middlewares.cs:line 26
   at CMS.API.Middleware.ExceptionMiddleware.InvokeAsync(HttpContext context) in C:\Users\ASUS\source\repos\CMS\src\CMS.API\Middleware\Middlewares.cs:line 45
ClientConnectionId:7ac84430-d007-4567-a651-56a5622fb16c
Error Number:156,State:1,Class:15
2026-09-02 15:35:30.254 +03:00 [INF] Request finished HTTP/1.1 GET http://localhost:5010/api/v1/encounters/patient/3 - 500 null application/json 55.8059ms
2026-09-02 15:35:33.675 +03:00 [INF] Request starting HTTP/1.1 GET http://localhost:5010/api/v1/patients/search?q= - application/json null
2026-09-02 15:35:33.683 +03:00 [INF] Failed to validate the token.
Microsoft.IdentityModel.Tokens.SecurityTokenMalformedException: IDX14120: JWT is not well formed, there is only one dot (.).
The token needs to be in JWS or JWE Compact Serialization Format. (JWS): 'EncodedHeader.EncodedPayload.EncodedSignature'. (JWE): 'EncodedProtectedHeader.EncodedEncryptedKey.EncodedInitializationVector.EncodedCiphertext.EncodedAuthenticationTag'.
   at Microsoft.IdentityModel.JsonWebTokens.JsonWebToken.ReadToken(ReadOnlyMemory`1 encodedTokenMemory)
   at Microsoft.IdentityModel.JsonWebTokens.JsonWebToken..ctor(String jwtEncodedString)
   at Microsoft.IdentityModel.JsonWebTokens.JsonWebTokenHandler.ReadToken(String token, TokenValidationParameters validationParameters)
2026-09-02 15:35:33.686 +03:00 [INF] Bearer was not authenticated. Failure message: IDX14120: JWT is not well formed, there is only one dot (.).
The token needs to be in JWS or JWE Compact Serialization Format. (JWS): 'EncodedHeader.EncodedPayload.EncodedSignature'. (JWE): 'EncodedProtectedHeader.EncodedEncryptedKey.EncodedInitializationVector.EncodedCiphertext.EncodedAuthenticationTag'.
2026-09-02 15:35:33.690 +03:00 [INF] Executing endpoint 'CMS.API.Controllers.PatientsController.Search (CMS.API)'
2026-09-02 15:35:33.693 +03:00 [INF] Route matched with {action = "Search", controller = "Patients"}. Executing controller action with signature System.Threading.Tasks.Task`1[Microsoft.AspNetCore.Mvc.IActionResult] Search(System.String, Int32) on controller CMS.API.Controllers.PatientsController (CMS.API).
2026-09-02 15:35:33.699 +03:00 [INF] Executing OkObjectResult, writing value of type 'CMS.Shared.DTOs.ApiResponse`1[[System.Collections.Generic.List`1[[CMS.Shared.DTOs.PatientDto, CMS.Shared, Version=1.0.0.0, Culture=neutral, PublicKeyToken=null]], System.Private.CoreLib, Version=8.0.0.0, Culture=neutral, PublicKeyToken=7cec85d7bea7798e]]'.
2026-09-02 15:35:33.702 +03:00 [INF] Executed action CMS.API.Controllers.PatientsController.Search (CMS.API) in 5.1931ms
2026-09-02 15:35:33.706 +03:00 [INF] Executed endpoint 'CMS.API.Controllers.PatientsController.Search (CMS.API)'
2026-09-02 15:35:33.709 +03:00 [INF] Request finished HTTP/1.1 GET http://localhost:5010/api/v1/patients/search?q= - 200 null application/json; charset=utf-8 33.803ms
2026-09-02 15:35:34.960 +03:00 [INF] Request starting HTTP/1.1 GET http://localhost:5010/api/v1/staff/doctors - application/json null
2026-09-02 15:35:34.970 +03:00 [INF] Failed to validate the token.
Microsoft.IdentityModel.Tokens.SecurityTokenMalformedException: IDX14120: JWT is not well formed, there is only one dot (.).
The token needs to be in JWS or JWE Compact Serialization Format. (JWS): 'EncodedHeader.EncodedPayload.EncodedSignature'. (JWE): 'EncodedProtectedHeader.EncodedEncryptedKey.EncodedInitializationVector.EncodedCiphertext.EncodedAuthenticationTag'.
   at Microsoft.IdentityModel.JsonWebTokens.JsonWebToken.ReadToken(ReadOnlyMemory`1 encodedTokenMemory)
   at Microsoft.IdentityModel.JsonWebTokens.JsonWebToken..ctor(String jwtEncodedString)
   at Microsoft.IdentityModel.JsonWebTokens.JsonWebTokenHandler.ReadToken(String token, TokenValidationParameters validationParameters)
2026-09-02 15:35:34.976 +03:00 [INF] Bearer was not authenticated. Failure message: IDX14120: JWT is not well formed, there is only one dot (.).
The token needs to be in JWS or JWE Compact Serialization Format. (JWS): 'EncodedHeader.EncodedPayload.EncodedSignature'. (JWE): 'EncodedProtectedHeader.EncodedEncryptedKey.EncodedInitializationVector.EncodedCiphertext.EncodedAuthenticationTag'.
2026-09-02 15:35:34.980 +03:00 [INF] Executing endpoint 'CMS.API.Controllers.StaffController.GetDoctors (CMS.API)'
2026-09-02 15:35:34.994 +03:00 [INF] Route matched with {action = "GetDoctors", controller = "Staff"}. Executing controller action with signature System.Threading.Tasks.Task`1[Microsoft.AspNetCore.Mvc.IActionResult] GetDoctors() on controller CMS.API.Controllers.StaffController (CMS.API).
2026-09-02 15:35:35.026 +03:00 [INF] Executing OkObjectResult, writing value of type 'CMS.Shared.DTOs.ApiResponse`1[[System.Collections.Generic.List`1[[CMS.Shared.DTOs.DoctorDto, CMS.Shared, Version=1.0.0.0, Culture=neutral, PublicKeyToken=null]], System.Private.CoreLib, Version=8.0.0.0, Culture=neutral, PublicKeyToken=7cec85d7bea7798e]]'.
2026-09-02 15:35:35.043 +03:00 [INF] Executed action CMS.API.Controllers.StaffController.GetDoctors (CMS.API) in 41.8523ms
2026-09-02 15:35:35.048 +03:00 [INF] Executed endpoint 'CMS.API.Controllers.StaffController.GetDoctors (CMS.API)'
2026-09-02 15:35:35.051 +03:00 [INF] Request finished HTTP/1.1 GET http://localhost:5010/api/v1/staff/doctors - 200 null application/json; charset=utf-8 91.4052ms
2026-09-02 15:35:35.261 +03:00 [INF] Request starting HTTP/1.1 GET http://localhost:5010/api/v1/appointments/doctor/1?date=2026-09-02 - application/json null
2026-09-02 15:35:35.266 +03:00 [INF] Failed to validate the token.
Microsoft.IdentityModel.Tokens.SecurityTokenMalformedException: IDX14120: JWT is not well formed, there is only one dot (.).
The token needs to be in JWS or JWE Compact Serialization Format. (JWS): 'EncodedHeader.EncodedPayload.EncodedSignature'. (JWE): 'EncodedProtectedHeader.EncodedEncryptedKey.EncodedInitializationVector.EncodedCiphertext.EncodedAuthenticationTag'.
   at Microsoft.IdentityModel.JsonWebTokens.JsonWebToken.ReadToken(ReadOnlyMemory`1 encodedTokenMemory)
   at Microsoft.IdentityModel.JsonWebTokens.JsonWebToken..ctor(String jwtEncodedString)
   at Microsoft.IdentityModel.JsonWebTokens.JsonWebTokenHandler.ReadToken(String token, TokenValidationParameters validationParameters)
2026-09-02 15:35:35.270 +03:00 [INF] Bearer was not authenticated. Failure message: IDX14120: JWT is not well formed, there is only one dot (.).
The token needs to be in JWS or JWE Compact Serialization Format. (JWS): 'EncodedHeader.EncodedPayload.EncodedSignature'. (JWE): 'EncodedProtectedHeader.EncodedEncryptedKey.EncodedInitializationVector.EncodedCiphertext.EncodedAuthenticationTag'.
2026-09-02 15:35:35.272 +03:00 [INF] Executing endpoint 'CMS.API.Controllers.AppointmentsController.GetDoctorAppointments (CMS.API)'
2026-09-02 15:35:35.281 +03:00 [INF] Route matched with {action = "GetDoctorAppointments", controller = "Appointments"}. Executing controller action with signature System.Threading.Tasks.Task`1[Microsoft.AspNetCore.Mvc.IActionResult] GetDoctorAppointments(Int32, System.DateTime) on controller CMS.API.Controllers.AppointmentsController (CMS.API).
2026-09-02 15:35:35.323 +03:00 [INF] Executed action CMS.API.Controllers.AppointmentsController.GetDoctorAppointments (CMS.API) in 38.1107ms
2026-09-02 15:35:35.326 +03:00 [INF] Executed endpoint 'CMS.API.Controllers.AppointmentsController.GetDoctorAppointments (CMS.API)'
2026-09-02 15:35:35.328 +03:00 [ERR] Unhandled exception encountered: A parameterless default constructor or one matching signature (System.Int32 Id, System.Int32 PatientId, System.String PatientName, System.Int32 DoctorId, System.String DoctorName, System.DateTime SlotDateTime, System.Byte DurationMinutes, System.Byte StatusId, System.String StatusName, System.String ReasonForVisit) is required for CMS.Shared.DTOs.AppointmentDto materialization
System.InvalidOperationException: A parameterless default constructor or one matching signature (System.Int32 Id, System.Int32 PatientId, System.String PatientName, System.Int32 DoctorId, System.String DoctorName, System.DateTime SlotDateTime, System.Byte DurationMinutes, System.Byte StatusId, System.String StatusName, System.String ReasonForVisit) is required for CMS.Shared.DTOs.AppointmentDto materialization
   at Dapper.SqlMapper.GenerateDeserializerFromMap(Type type, DbDataReader reader, Int32 startBound, Int32 length, Boolean returnNullIfFirstMissing, ILGenerator il) in /_/Dapper/SqlMapper.cs:line 3473
   at Dapper.SqlMapper.GetTypeDeserializerImpl(Type type, DbDataReader reader, Int32 startBound, Int32 length, Boolean returnNullIfFirstMissing) in /_/Dapper/SqlMapper.cs:line 3304
   at Dapper.SqlMapper.TypeDeserializerCache.GetReader(DbDataReader reader, Int32 startBound, Int32 length, Boolean returnNullIfFirstMissing) in /_/Dapper/SqlMapper.TypeDeserializerCache.cs:line 151
   at Dapper.SqlMapper.TypeDeserializerCache.GetReader(Type type, DbDataReader reader, Int32 startBound, Int32 length, Boolean returnNullIfFirstMissing) in /_/Dapper/SqlMapper.TypeDeserializerCache.cs:line 50
   at Dapper.SqlMapper.GetTypeDeserializer(Type type, DbDataReader reader, Int32 startBound, Int32 length, Boolean returnNullIfFirstMissing) in /_/Dapper/SqlMapper.cs:line 3258
   at Dapper.SqlMapper.GetDeserializer(Type type, DbDataReader reader, Int32 startBound, Int32 length, Boolean returnNullIfFirstMissing) in /_/Dapper/SqlMapper.cs:line 1945
   at Dapper.SqlMapper.QueryAsync[T](IDbConnection cnn, Type effectiveType, CommandDefinition command) in /_/Dapper/SqlMapper.Async.cs:line 442
   at CMS.Application.Appointments.AppointmentService.GetDoctorAppointmentsAsync(Byte tenantId, Int32 doctorId, DateTime date) in C:\Users\ASUS\source\repos\CMS\src\CMS.Application\Appointments\AppointmentService.cs:line 55
   at CMS.API.Controllers.AppointmentsController.GetDoctorAppointments(Int32 doctorId, DateTime date) in C:\Users\ASUS\source\repos\CMS\src\CMS.API\Controllers\ClinicalControllers.cs:line 60
   at Microsoft.AspNetCore.Mvc.Infrastructure.ActionMethodExecutor.TaskOfIActionResultExecutor.Execute(ActionContext actionContext, IActionResultTypeMapper mapper, ObjectMethodExecutor executor, Object controller, Object[] arguments)
   at Microsoft.AspNetCore.Mvc.Infrastructure.ControllerActionInvoker.<InvokeActionMethodAsync>g__Awaited|12_0(ControllerActionInvoker invoker, ValueTask`1 actionResultValueTask)
   at Microsoft.AspNetCore.Mvc.Infrastructure.ControllerActionInvoker.<InvokeNextActionFilterAsync>g__Awaited|10_0(ControllerActionInvoker invoker, Task lastTask, State next, Scope scope, Object state, Boolean isCompleted)
   at Microsoft.AspNetCore.Mvc.Infrastructure.ControllerActionInvoker.Rethrow(ActionExecutedContextSealed context)
   at Microsoft.AspNetCore.Mvc.Infrastructure.ControllerActionInvoker.Next(State& next, Scope& scope, Object& state, Boolean& isCompleted)
   at Microsoft.AspNetCore.Mvc.Infrastructure.ControllerActionInvoker.<InvokeInnerFilterAsync>g__Awaited|13_0(ControllerActionInvoker invoker, Task lastTask, State next, Scope scope, Object state, Boolean isCompleted)
   at Microsoft.AspNetCore.Mvc.Infrastructure.ResourceInvoker.<InvokeFilterPipelineAsync>g__Awaited|20_0(ResourceInvoker invoker, Task lastTask, State next, Scope scope, Object state, Boolean isCompleted)
   at Microsoft.AspNetCore.Mvc.Infrastructure.ResourceInvoker.<InvokeAsync>g__Logged|17_1(ResourceInvoker invoker)
   at Microsoft.AspNetCore.Mvc.Infrastructure.ResourceInvoker.<InvokeAsync>g__Logged|17_1(ResourceInvoker invoker)
   at Microsoft.AspNetCore.Routing.EndpointMiddleware.<Invoke>g__AwaitRequestTask|7_0(Endpoint endpoint, Task requestTask, ILogger logger)
   at Microsoft.AspNetCore.Authorization.AuthorizationMiddleware.Invoke(HttpContext context)
   at Microsoft.AspNetCore.Authentication.AuthenticationMiddleware.Invoke(HttpContext context)
   at Swashbuckle.AspNetCore.SwaggerUI.SwaggerUIMiddleware.Invoke(HttpContext httpContext)
   at Swashbuckle.AspNetCore.Swagger.SwaggerMiddleware.Invoke(HttpContext httpContext, ISwaggerProvider swaggerProvider)
   at CMS.API.Middleware.TenantMiddleware.InvokeAsync(HttpContext context) in C:\Users\ASUS\source\repos\CMS\src\CMS.API\Middleware\Middlewares.cs:line 26
   at CMS.API.Middleware.ExceptionMiddleware.InvokeAsync(HttpContext context) in C:\Users\ASUS\source\repos\CMS\src\CMS.API\Middleware\Middlewares.cs:line 45
2026-09-02 15:35:35.341 +03:00 [INF] Request finished HTTP/1.1 GET http://localhost:5010/api/v1/appointments/doctor/1?date=2026-09-02 - 500 null application/json 80.8036ms
2026-09-02 15:35:35.354 +03:00 [INF] Request starting HTTP/1.1 GET http://localhost:5010/api/v1/staff/doctors - application/json null
2026-09-02 15:35:35.360 +03:00 [INF] Failed to validate the token.
Microsoft.IdentityModel.Tokens.SecurityTokenMalformedException: IDX14120: JWT is not well formed, there is only one dot (.).
The token needs to be in JWS or JWE Compact Serialization Format. (JWS): 'EncodedHeader.EncodedPayload.EncodedSignature'. (JWE): 'EncodedProtectedHeader.EncodedEncryptedKey.EncodedInitializationVector.EncodedCiphertext.EncodedAuthenticationTag'.
   at Microsoft.IdentityModel.JsonWebTokens.JsonWebToken.ReadToken(ReadOnlyMemory`1 encodedTokenMemory)
   at Microsoft.IdentityModel.JsonWebTokens.JsonWebToken..ctor(String jwtEncodedString)
   at Microsoft.IdentityModel.JsonWebTokens.JsonWebTokenHandler.ReadToken(String token, TokenValidationParameters validationParameters)
2026-09-02 15:35:35.364 +03:00 [INF] Bearer was not authenticated. Failure message: IDX14120: JWT is not well formed, there is only one dot (.).
The token needs to be in JWS or JWE Compact Serialization Format. (JWS): 'EncodedHeader.EncodedPayload.EncodedSignature'. (JWE): 'EncodedProtectedHeader.EncodedEncryptedKey.EncodedInitializationVector.EncodedCiphertext.EncodedAuthenticationTag'.
2026-09-02 15:35:35.367 +03:00 [INF] Executing endpoint 'CMS.API.Controllers.StaffController.GetDoctors (CMS.API)'
2026-09-02 15:35:35.370 +03:00 [INF] Route matched with {action = "GetDoctors", controller = "Staff"}. Executing controller action with signature System.Threading.Tasks.Task`1[Microsoft.AspNetCore.Mvc.IActionResult] GetDoctors() on controller CMS.API.Controllers.StaffController (CMS.API).
2026-09-02 15:35:35.376 +03:00 [INF] Executing OkObjectResult, writing value of type 'CMS.Shared.DTOs.ApiResponse`1[[System.Collections.Generic.List`1[[CMS.Shared.DTOs.DoctorDto, CMS.Shared, Version=1.0.0.0, Culture=neutral, PublicKeyToken=null]], System.Private.CoreLib, Version=8.0.0.0, Culture=neutral, PublicKeyToken=7cec85d7bea7798e]]'.
2026-09-02 15:35:35.379 +03:00 [INF] Executed action CMS.API.Controllers.StaffController.GetDoctors (CMS.API) in 5.1673ms
2026-09-02 15:35:35.387 +03:00 [INF] Executed endpoint 'CMS.API.Controllers.StaffController.GetDoctors (CMS.API)'
2026-09-02 15:35:35.399 +03:00 [INF] Request finished HTTP/1.1 GET http://localhost:5010/api/v1/staff/doctors - 200 null application/json; charset=utf-8 45.7592ms
2026-09-02 15:35:35.666 +03:00 [INF] Request starting HTTP/1.1 GET http://localhost:5010/api/v1/appointments/doctor/1?date=2026-09-02 - application/json null
2026-09-02 15:35:35.672 +03:00 [INF] Failed to validate the token.
Microsoft.IdentityModel.Tokens.SecurityTokenMalformedException: IDX14120: JWT is not well formed, there is only one dot (.).
The token needs to be in JWS or JWE Compact Serialization Format. (JWS): 'EncodedHeader.EncodedPayload.EncodedSignature'. (JWE): 'EncodedProtectedHeader.EncodedEncryptedKey.EncodedInitializationVector.EncodedCiphertext.EncodedAuthenticationTag'.
   at Microsoft.IdentityModel.JsonWebTokens.JsonWebToken.ReadToken(ReadOnlyMemory`1 encodedTokenMemory)
   at Microsoft.IdentityModel.JsonWebTokens.JsonWebToken..ctor(String jwtEncodedString)
   at Microsoft.IdentityModel.JsonWebTokens.JsonWebTokenHandler.ReadToken(String token, TokenValidationParameters validationParameters)
2026-09-02 15:35:35.675 +03:00 [INF] Bearer was not authenticated. Failure message: IDX14120: JWT is not well formed, there is only one dot (.).
The token needs to be in JWS or JWE Compact Serialization Format. (JWS): 'EncodedHeader.EncodedPayload.EncodedSignature'. (JWE): 'EncodedProtectedHeader.EncodedEncryptedKey.EncodedInitializationVector.EncodedCiphertext.EncodedAuthenticationTag'.
2026-09-02 15:35:35.678 +03:00 [INF] Executing endpoint 'CMS.API.Controllers.AppointmentsController.GetDoctorAppointments (CMS.API)'
2026-09-02 15:35:35.681 +03:00 [INF] Route matched with {action = "GetDoctorAppointments", controller = "Appointments"}. Executing controller action with signature System.Threading.Tasks.Task`1[Microsoft.AspNetCore.Mvc.IActionResult] GetDoctorAppointments(Int32, System.DateTime) on controller CMS.API.Controllers.AppointmentsController (CMS.API).
2026-09-02 15:35:35.688 +03:00 [INF] Executed action CMS.API.Controllers.AppointmentsController.GetDoctorAppointments (CMS.API) in 3.3643ms
2026-09-02 15:35:35.693 +03:00 [INF] Executed endpoint 'CMS.API.Controllers.AppointmentsController.GetDoctorAppointments (CMS.API)'
2026-09-02 15:35:35.696 +03:00 [ERR] Unhandled exception encountered: A parameterless default constructor or one matching signature (System.Int32 Id, System.Int32 PatientId, System.String PatientName, System.Int32 DoctorId, System.String DoctorName, System.DateTime SlotDateTime, System.Byte DurationMinutes, System.Byte StatusId, System.String StatusName, System.String ReasonForVisit) is required for CMS.Shared.DTOs.AppointmentDto materialization
System.InvalidOperationException: A parameterless default constructor or one matching signature (System.Int32 Id, System.Int32 PatientId, System.String PatientName, System.Int32 DoctorId, System.String DoctorName, System.DateTime SlotDateTime, System.Byte DurationMinutes, System.Byte StatusId, System.String StatusName, System.String ReasonForVisit) is required for CMS.Shared.DTOs.AppointmentDto materialization
   at Dapper.SqlMapper.GenerateDeserializerFromMap(Type type, DbDataReader reader, Int32 startBound, Int32 length, Boolean returnNullIfFirstMissing, ILGenerator il) in /_/Dapper/SqlMapper.cs:line 3473
   at Dapper.SqlMapper.GetTypeDeserializerImpl(Type type, DbDataReader reader, Int32 startBound, Int32 length, Boolean returnNullIfFirstMissing) in /_/Dapper/SqlMapper.cs:line 3304
   at Dapper.SqlMapper.TypeDeserializerCache.GetReader(DbDataReader reader, Int32 startBound, Int32 length, Boolean returnNullIfFirstMissing) in /_/Dapper/SqlMapper.TypeDeserializerCache.cs:line 151
   at Dapper.SqlMapper.TypeDeserializerCache.GetReader(Type type, DbDataReader reader, Int32 startBound, Int32 length, Boolean returnNullIfFirstMissing) in /_/Dapper/SqlMapper.TypeDeserializerCache.cs:line 50
   at Dapper.SqlMapper.GetTypeDeserializer(Type type, DbDataReader reader, Int32 startBound, Int32 length, Boolean returnNullIfFirstMissing) in /_/Dapper/SqlMapper.cs:line 3258
   at Dapper.SqlMapper.GetDeserializer(Type type, DbDataReader reader, Int32 startBound, Int32 length, Boolean returnNullIfFirstMissing) in /_/Dapper/SqlMapper.cs:line 1945
   at Dapper.SqlMapper.QueryAsync[T](IDbConnection cnn, Type effectiveType, CommandDefinition command) in /_/Dapper/SqlMapper.Async.cs:line 442
   at CMS.Application.Appointments.AppointmentService.GetDoctorAppointmentsAsync(Byte tenantId, Int32 doctorId, DateTime date) in C:\Users\ASUS\source\repos\CMS\src\CMS.Application\Appointments\AppointmentService.cs:line 55
   at CMS.API.Controllers.AppointmentsController.GetDoctorAppointments(Int32 doctorId, DateTime date) in C:\Users\ASUS\source\repos\CMS\src\CMS.API\Controllers\ClinicalControllers.cs:line 60
   at Microsoft.AspNetCore.Mvc.Infrastructure.ActionMethodExecutor.TaskOfIActionResultExecutor.Execute(ActionContext actionContext, IActionResultTypeMapper mapper, ObjectMethodExecutor executor, Object controller, Object[] arguments)
   at Microsoft.AspNetCore.Mvc.Infrastructure.ControllerActionInvoker.<InvokeActionMethodAsync>g__Awaited|12_0(ControllerActionInvoker invoker, ValueTask`1 actionResultValueTask)
   at Microsoft.AspNetCore.Mvc.Infrastructure.ControllerActionInvoker.<InvokeNextActionFilterAsync>g__Awaited|10_0(ControllerActionInvoker invoker, Task lastTask, State next, Scope scope, Object state, Boolean isCompleted)
   at Microsoft.AspNetCore.Mvc.Infrastructure.ControllerActionInvoker.Rethrow(ActionExecutedContextSealed context)
   at Microsoft.AspNetCore.Mvc.Infrastructure.ControllerActionInvoker.Next(State& next, Scope& scope, Object& state, Boolean& isCompleted)
   at Microsoft.AspNetCore.Mvc.Infrastructure.ControllerActionInvoker.<InvokeInnerFilterAsync>g__Awaited|13_0(ControllerActionInvoker invoker, Task lastTask, State next, Scope scope, Object state, Boolean isCompleted)
   at Microsoft.AspNetCore.Mvc.Infrastructure.ResourceInvoker.<InvokeFilterPipelineAsync>g__Awaited|20_0(ResourceInvoker invoker, Task lastTask, State next, Scope scope, Object state, Boolean isCompleted)
   at Microsoft.AspNetCore.Mvc.Infrastructure.ResourceInvoker.<InvokeAsync>g__Logged|17_1(ResourceInvoker invoker)
   at Microsoft.AspNetCore.Mvc.Infrastructure.ResourceInvoker.<InvokeAsync>g__Logged|17_1(ResourceInvoker invoker)
   at Microsoft.AspNetCore.Routing.EndpointMiddleware.<Invoke>g__AwaitRequestTask|7_0(Endpoint endpoint, Task requestTask, ILogger logger)
   at Microsoft.AspNetCore.Authorization.AuthorizationMiddleware.Invoke(HttpContext context)
   at Microsoft.AspNetCore.Authentication.AuthenticationMiddleware.Invoke(HttpContext context)
   at Swashbuckle.AspNetCore.SwaggerUI.SwaggerUIMiddleware.Invoke(HttpContext httpContext)
   at Swashbuckle.AspNetCore.Swagger.SwaggerMiddleware.Invoke(HttpContext httpContext, ISwaggerProvider swaggerProvider)
   at CMS.API.Middleware.TenantMiddleware.InvokeAsync(HttpContext context) in C:\Users\ASUS\source\repos\CMS\src\CMS.API\Middleware\Middlewares.cs:line 26
   at CMS.API.Middleware.ExceptionMiddleware.InvokeAsync(HttpContext context) in C:\Users\ASUS\source\repos\CMS\src\CMS.API\Middleware\Middlewares.cs:line 45
2026-09-02 15:35:35.712 +03:00 [INF] Request finished HTTP/1.1 GET http://localhost:5010/api/v1/appointments/doctor/1?date=2026-09-02 - 500 null application/json 46.8022ms
2026-09-02 15:57:03.961 +03:00 [INF] Request starting HTTP/1.1 GET http://localhost:5010/api/v1/staff/doctors - application/json null
2026-09-02 15:57:03.969 +03:00 [INF] Failed to validate the token.
Microsoft.IdentityModel.Tokens.SecurityTokenMalformedException: IDX14120: JWT is not well formed, there is only one dot (.).
The token needs to be in JWS or JWE Compact Serialization Format. (JWS): 'EncodedHeader.EncodedPayload.EncodedSignature'. (JWE): 'EncodedProtectedHeader.EncodedEncryptedKey.EncodedInitializationVector.EncodedCiphertext.EncodedAuthenticationTag'.
   at Microsoft.IdentityModel.JsonWebTokens.JsonWebToken.ReadToken(ReadOnlyMemory`1 encodedTokenMemory)
   at Microsoft.IdentityModel.JsonWebTokens.JsonWebToken..ctor(String jwtEncodedString)
   at Microsoft.IdentityModel.JsonWebTokens.JsonWebTokenHandler.ReadToken(String token, TokenValidationParameters validationParameters)
2026-09-02 15:57:03.974 +03:00 [INF] Bearer was not authenticated. Failure message: IDX14120: JWT is not well formed, there is only one dot (.).
The token needs to be in JWS or JWE Compact Serialization Format. (JWS): 'EncodedHeader.EncodedPayload.EncodedSignature'. (JWE): 'EncodedProtectedHeader.EncodedEncryptedKey.EncodedInitializationVector.EncodedCiphertext.EncodedAuthenticationTag'.
2026-09-02 15:57:03.976 +03:00 [INF] Executing endpoint 'CMS.API.Controllers.StaffController.GetDoctors (CMS.API)'
2026-09-02 15:57:03.979 +03:00 [INF] Route matched with {action = "GetDoctors", controller = "Staff"}. Executing controller action with signature System.Threading.Tasks.Task`1[Microsoft.AspNetCore.Mvc.IActionResult] GetDoctors() on controller CMS.API.Controllers.StaffController (CMS.API).
2026-09-02 15:57:04.044 +03:00 [INF] Executing OkObjectResult, writing value of type 'CMS.Shared.DTOs.ApiResponse`1[[System.Collections.Generic.List`1[[CMS.Shared.DTOs.DoctorDto, CMS.Shared, Version=1.0.0.0, Culture=neutral, PublicKeyToken=null]], System.Private.CoreLib, Version=8.0.0.0, Culture=neutral, PublicKeyToken=7cec85d7bea7798e]]'.
2026-09-02 15:57:04.047 +03:00 [INF] Executed action CMS.API.Controllers.StaffController.GetDoctors (CMS.API) in 64.0006ms
2026-09-02 15:57:04.051 +03:00 [INF] Executed endpoint 'CMS.API.Controllers.StaffController.GetDoctors (CMS.API)'
2026-09-02 15:57:04.054 +03:00 [INF] Request finished HTTP/1.1 GET http://localhost:5010/api/v1/staff/doctors - 200 null application/json; charset=utf-8 92.5858ms
2026-09-02 15:57:04.280 +03:00 [INF] Request starting HTTP/1.1 GET http://localhost:5010/api/v1/appointments/doctor/1?date=2026-09-02 - application/json null
2026-09-02 15:57:04.300 +03:00 [INF] Failed to validate the token.
Microsoft.IdentityModel.Tokens.SecurityTokenMalformedException: IDX14120: JWT is not well formed, there is only one dot (.).
The token needs to be in JWS or JWE Compact Serialization Format. (JWS): 'EncodedHeader.EncodedPayload.EncodedSignature'. (JWE): 'EncodedProtectedHeader.EncodedEncryptedKey.EncodedInitializationVector.EncodedCiphertext.EncodedAuthenticationTag'.
   at Microsoft.IdentityModel.JsonWebTokens.JsonWebToken.ReadToken(ReadOnlyMemory`1 encodedTokenMemory)
   at Microsoft.IdentityModel.JsonWebTokens.JsonWebToken..ctor(String jwtEncodedString)
   at Microsoft.IdentityModel.JsonWebTokens.JsonWebTokenHandler.ReadToken(String token, TokenValidationParameters validationParameters)
2026-09-02 15:57:04.314 +03:00 [INF] Bearer was not authenticated. Failure message: IDX14120: JWT is not well formed, there is only one dot (.).
The token needs to be in JWS or JWE Compact Serialization Format. (JWS): 'EncodedHeader.EncodedPayload.EncodedSignature'. (JWE): 'EncodedProtectedHeader.EncodedEncryptedKey.EncodedInitializationVector.EncodedCiphertext.EncodedAuthenticationTag'.
2026-09-02 15:57:04.322 +03:00 [INF] Executing endpoint 'CMS.API.Controllers.AppointmentsController.GetDoctorAppointments (CMS.API)'
2026-09-02 15:57:04.329 +03:00 [INF] Route matched with {action = "GetDoctorAppointments", controller = "Appointments"}. Executing controller action with signature System.Threading.Tasks.Task`1[Microsoft.AspNetCore.Mvc.IActionResult] GetDoctorAppointments(Int32, System.DateTime) on controller CMS.API.Controllers.AppointmentsController (CMS.API).
2026-09-02 15:57:04.370 +03:00 [INF] Request starting HTTP/1.1 GET http://localhost:5010/api/v1/staff/doctors - application/json null
2026-09-02 15:57:04.379 +03:00 [INF] Failed to validate the token.
Microsoft.IdentityModel.Tokens.SecurityTokenMalformedException: IDX14120: JWT is not well formed, there is only one dot (.).
The token needs to be in JWS or JWE Compact Serialization Format. (JWS): 'EncodedHeader.EncodedPayload.EncodedSignature'. (JWE): 'EncodedProtectedHeader.EncodedEncryptedKey.EncodedInitializationVector.EncodedCiphertext.EncodedAuthenticationTag'.
   at Microsoft.IdentityModel.JsonWebTokens.JsonWebToken.ReadToken(ReadOnlyMemory`1 encodedTokenMemory)
   at Microsoft.IdentityModel.JsonWebTokens.JsonWebToken..ctor(String jwtEncodedString)
   at Microsoft.IdentityModel.JsonWebTokens.JsonWebTokenHandler.ReadToken(String token, TokenValidationParameters validationParameters)
2026-09-02 15:57:04.384 +03:00 [INF] Bearer was not authenticated. Failure message: IDX14120: JWT is not well formed, there is only one dot (.).
The token needs to be in JWS or JWE Compact Serialization Format. (JWS): 'EncodedHeader.EncodedPayload.EncodedSignature'. (JWE): 'EncodedProtectedHeader.EncodedEncryptedKey.EncodedInitializationVector.EncodedCiphertext.EncodedAuthenticationTag'.
2026-09-02 15:57:04.388 +03:00 [INF] Executing endpoint 'CMS.API.Controllers.StaffController.GetDoctors (CMS.API)'
2026-09-02 15:57:04.391 +03:00 [INF] Route matched with {action = "GetDoctors", controller = "Staff"}. Executing controller action with signature System.Threading.Tasks.Task`1[Microsoft.AspNetCore.Mvc.IActionResult] GetDoctors() on controller CMS.API.Controllers.StaffController (CMS.API).
2026-09-02 15:57:04.393 +03:00 [INF] Executed action CMS.API.Controllers.AppointmentsController.GetDoctorAppointments (CMS.API) in 50.1509ms
2026-09-02 15:57:04.397 +03:00 [INF] Executing OkObjectResult, writing value of type 'CMS.Shared.DTOs.ApiResponse`1[[System.Collections.Generic.List`1[[CMS.Shared.DTOs.DoctorDto, CMS.Shared, Version=1.0.0.0, Culture=neutral, PublicKeyToken=null]], System.Private.CoreLib, Version=8.0.0.0, Culture=neutral, PublicKeyToken=7cec85d7bea7798e]]'.
2026-09-02 15:57:04.401 +03:00 [INF] Executed endpoint 'CMS.API.Controllers.AppointmentsController.GetDoctorAppointments (CMS.API)'
2026-09-02 15:57:04.405 +03:00 [INF] Executed action CMS.API.Controllers.StaffController.GetDoctors (CMS.API) in 8.7924ms
2026-09-02 15:57:04.408 +03:00 [ERR] Unhandled exception encountered: A parameterless default constructor or one matching signature (System.Int32 Id, System.Int32 PatientId, System.String PatientName, System.Int32 DoctorId, System.String DoctorName, System.DateTime SlotDateTime, System.Byte DurationMinutes, System.Byte StatusId, System.String StatusName, System.String ReasonForVisit) is required for CMS.Shared.DTOs.AppointmentDto materialization
System.InvalidOperationException: A parameterless default constructor or one matching signature (System.Int32 Id, System.Int32 PatientId, System.String PatientName, System.Int32 DoctorId, System.String DoctorName, System.DateTime SlotDateTime, System.Byte DurationMinutes, System.Byte StatusId, System.String StatusName, System.String ReasonForVisit) is required for CMS.Shared.DTOs.AppointmentDto materialization
   at Dapper.SqlMapper.GenerateDeserializerFromMap(Type type, DbDataReader reader, Int32 startBound, Int32 length, Boolean returnNullIfFirstMissing, ILGenerator il) in /_/Dapper/SqlMapper.cs:line 3473
   at Dapper.SqlMapper.GetTypeDeserializerImpl(Type type, DbDataReader reader, Int32 startBound, Int32 length, Boolean returnNullIfFirstMissing) in /_/Dapper/SqlMapper.cs:line 3304
   at Dapper.SqlMapper.TypeDeserializerCache.GetReader(DbDataReader reader, Int32 startBound, Int32 length, Boolean returnNullIfFirstMissing) in /_/Dapper/SqlMapper.TypeDeserializerCache.cs:line 151
   at Dapper.SqlMapper.TypeDeserializerCache.GetReader(Type type, DbDataReader reader, Int32 startBound, Int32 length, Boolean returnNullIfFirstMissing) in /_/Dapper/SqlMapper.TypeDeserializerCache.cs:line 50
   at Dapper.SqlMapper.GetTypeDeserializer(Type type, DbDataReader reader, Int32 startBound, Int32 length, Boolean returnNullIfFirstMissing) in /_/Dapper/SqlMapper.cs:line 3258
   at Dapper.SqlMapper.GetDeserializer(Type type, DbDataReader reader, Int32 startBound, Int32 length, Boolean returnNullIfFirstMissing) in /_/Dapper/SqlMapper.cs:line 1945
   at Dapper.SqlMapper.QueryAsync[T](IDbConnection cnn, Type effectiveType, CommandDefinition command) in /_/Dapper/SqlMapper.Async.cs:line 442
   at CMS.Application.Appointments.AppointmentService.GetDoctorAppointmentsAsync(Byte tenantId, Int32 doctorId, DateTime date) in C:\Users\ASUS\source\repos\CMS\src\CMS.Application\Appointments\AppointmentService.cs:line 55
   at CMS.API.Controllers.AppointmentsController.GetDoctorAppointments(Int32 doctorId, DateTime date) in C:\Users\ASUS\source\repos\CMS\src\CMS.API\Controllers\ClinicalControllers.cs:line 60
   at Microsoft.AspNetCore.Mvc.Infrastructure.ActionMethodExecutor.TaskOfIActionResultExecutor.Execute(ActionContext actionContext, IActionResultTypeMapper mapper, ObjectMethodExecutor executor, Object controller, Object[] arguments)
   at Microsoft.AspNetCore.Mvc.Infrastructure.ControllerActionInvoker.<InvokeActionMethodAsync>g__Awaited|12_0(ControllerActionInvoker invoker, ValueTask`1 actionResultValueTask)
   at Microsoft.AspNetCore.Mvc.Infrastructure.ControllerActionInvoker.<InvokeNextActionFilterAsync>g__Awaited|10_0(ControllerActionInvoker invoker, Task lastTask, State next, Scope scope, Object state, Boolean isCompleted)
   at Microsoft.AspNetCore.Mvc.Infrastructure.ControllerActionInvoker.Rethrow(ActionExecutedContextSealed context)
   at Microsoft.AspNetCore.Mvc.Infrastructure.ControllerActionInvoker.Next(State& next, Scope& scope, Object& state, Boolean& isCompleted)
   at Microsoft.AspNetCore.Mvc.Infrastructure.ControllerActionInvoker.<InvokeInnerFilterAsync>g__Awaited|13_0(ControllerActionInvoker invoker, Task lastTask, State next, Scope scope, Object state, Boolean isCompleted)
   at Microsoft.AspNetCore.Mvc.Infrastructure.ResourceInvoker.<InvokeFilterPipelineAsync>g__Awaited|20_0(ResourceInvoker invoker, Task lastTask, State next, Scope scope, Object state, Boolean isCompleted)
   at Microsoft.AspNetCore.Mvc.Infrastructure.ResourceInvoker.<InvokeAsync>g__Logged|17_1(ResourceInvoker invoker)
   at Microsoft.AspNetCore.Mvc.Infrastructure.ResourceInvoker.<InvokeAsync>g__Logged|17_1(ResourceInvoker invoker)
   at Microsoft.AspNetCore.Routing.EndpointMiddleware.<Invoke>g__AwaitRequestTask|7_0(Endpoint endpoint, Task requestTask, ILogger logger)
   at Microsoft.AspNetCore.Authorization.AuthorizationMiddleware.Invoke(HttpContext context)
   at Microsoft.AspNetCore.Authentication.AuthenticationMiddleware.Invoke(HttpContext context)
   at Swashbuckle.AspNetCore.SwaggerUI.SwaggerUIMiddleware.Invoke(HttpContext httpContext)
   at Swashbuckle.AspNetCore.Swagger.SwaggerMiddleware.Invoke(HttpContext httpContext, ISwaggerProvider swaggerProvider)
   at CMS.API.Middleware.TenantMiddleware.InvokeAsync(HttpContext context) in C:\Users\ASUS\source\repos\CMS\src\CMS.API\Middleware\Middlewares.cs:line 26
   at CMS.API.Middleware.ExceptionMiddleware.InvokeAsync(HttpContext context) in C:\Users\ASUS\source\repos\CMS\src\CMS.API\Middleware\Middlewares.cs:line 45
2026-09-02 15:57:04.411 +03:00 [INF] Executed endpoint 'CMS.API.Controllers.StaffController.GetDoctors (CMS.API)'
2026-09-02 15:57:04.428 +03:00 [INF] Request finished HTTP/1.1 GET http://localhost:5010/api/v1/appointments/doctor/1?date=2026-09-02 - 500 null application/json 148.7421ms
2026-09-02 15:57:04.430 +03:00 [INF] Request finished HTTP/1.1 GET http://localhost:5010/api/v1/staff/doctors - 200 null application/json; charset=utf-8 60.2519ms
2026-09-02 15:57:04.758 +03:00 [INF] Request starting HTTP/1.1 GET http://localhost:5010/api/v1/appointments/doctor/1?date=2026-09-02 - application/json null
2026-09-02 15:57:04.784 +03:00 [INF] Failed to validate the token.
Microsoft.IdentityModel.Tokens.SecurityTokenMalformedException: IDX14120: JWT is not well formed, there is only one dot (.).
The token needs to be in JWS or JWE Compact Serialization Format. (JWS): 'EncodedHeader.EncodedPayload.EncodedSignature'. (JWE): 'EncodedProtectedHeader.EncodedEncryptedKey.EncodedInitializationVector.EncodedCiphertext.EncodedAuthenticationTag'.
   at Microsoft.IdentityModel.JsonWebTokens.JsonWebToken.ReadToken(ReadOnlyMemory`1 encodedTokenMemory)
   at Microsoft.IdentityModel.JsonWebTokens.JsonWebToken..ctor(String jwtEncodedString)
   at Microsoft.IdentityModel.JsonWebTokens.JsonWebTokenHandler.ReadToken(String token, TokenValidationParameters validationParameters)
2026-09-02 15:57:04.798 +03:00 [INF] Bearer was not authenticated. Failure message: IDX14120: JWT is not well formed, there is only one dot (.).
The token needs to be in JWS or JWE Compact Serialization Format. (JWS): 'EncodedHeader.EncodedPayload.EncodedSignature'. (JWE): 'EncodedProtectedHeader.EncodedEncryptedKey.EncodedInitializationVector.EncodedCiphertext.EncodedAuthenticationTag'.
2026-09-02 15:57:04.816 +03:00 [INF] Executing endpoint 'CMS.API.Controllers.AppointmentsController.GetDoctorAppointments (CMS.API)'
2026-09-02 15:57:04.826 +03:00 [INF] Route matched with {action = "GetDoctorAppointments", controller = "Appointments"}. Executing controller action with signature System.Threading.Tasks.Task`1[Microsoft.AspNetCore.Mvc.IActionResult] GetDoctorAppointments(Int32, System.DateTime) on controller CMS.API.Controllers.AppointmentsController (CMS.API).
2026-09-02 15:57:04.843 +03:00 [INF] Executed action CMS.API.Controllers.AppointmentsController.GetDoctorAppointments (CMS.API) in 3.7302ms
2026-09-02 15:57:04.860 +03:00 [INF] Executed endpoint 'CMS.API.Controllers.AppointmentsController.GetDoctorAppointments (CMS.API)'
2026-09-02 15:57:04.875 +03:00 [ERR] Unhandled exception encountered: A parameterless default constructor or one matching signature (System.Int32 Id, System.Int32 PatientId, System.String PatientName, System.Int32 DoctorId, System.String DoctorName, System.DateTime SlotDateTime, System.Byte DurationMinutes, System.Byte StatusId, System.String StatusName, System.String ReasonForVisit) is required for CMS.Shared.DTOs.AppointmentDto materialization
System.InvalidOperationException: A parameterless default constructor or one matching signature (System.Int32 Id, System.Int32 PatientId, System.String PatientName, System.Int32 DoctorId, System.String DoctorName, System.DateTime SlotDateTime, System.Byte DurationMinutes, System.Byte StatusId, System.String StatusName, System.String ReasonForVisit) is required for CMS.Shared.DTOs.AppointmentDto materialization
   at Dapper.SqlMapper.GenerateDeserializerFromMap(Type type, DbDataReader reader, Int32 startBound, Int32 length, Boolean returnNullIfFirstMissing, ILGenerator il) in /_/Dapper/SqlMapper.cs:line 3473
   at Dapper.SqlMapper.GetTypeDeserializerImpl(Type type, DbDataReader reader, Int32 startBound, Int32 length, Boolean returnNullIfFirstMissing) in /_/Dapper/SqlMapper.cs:line 3304
   at Dapper.SqlMapper.TypeDeserializerCache.GetReader(DbDataReader reader, Int32 startBound, Int32 length, Boolean returnNullIfFirstMissing) in /_/Dapper/SqlMapper.TypeDeserializerCache.cs:line 151
   at Dapper.SqlMapper.TypeDeserializerCache.GetReader(Type type, DbDataReader reader, Int32 startBound, Int32 length, Boolean returnNullIfFirstMissing) in /_/Dapper/SqlMapper.TypeDeserializerCache.cs:line 50
   at Dapper.SqlMapper.GetTypeDeserializer(Type type, DbDataReader reader, Int32 startBound, Int32 length, Boolean returnNullIfFirstMissing) in /_/Dapper/SqlMapper.cs:line 3258
   at Dapper.SqlMapper.GetDeserializer(Type type, DbDataReader reader, Int32 startBound, Int32 length, Boolean returnNullIfFirstMissing) in /_/Dapper/SqlMapper.cs:line 1945
   at Dapper.SqlMapper.QueryAsync[T](IDbConnection cnn, Type effectiveType, CommandDefinition command) in /_/Dapper/SqlMapper.Async.cs:line 442
   at CMS.Application.Appointments.AppointmentService.GetDoctorAppointmentsAsync(Byte tenantId, Int32 doctorId, DateTime date) in C:\Users\ASUS\source\repos\CMS\src\CMS.Application\Appointments\AppointmentService.cs:line 55
   at CMS.API.Controllers.AppointmentsController.GetDoctorAppointments(Int32 doctorId, DateTime date) in C:\Users\ASUS\source\repos\CMS\src\CMS.API\Controllers\ClinicalControllers.cs:line 60
   at Microsoft.AspNetCore.Mvc.Infrastructure.ActionMethodExecutor.TaskOfIActionResultExecutor.Execute(ActionContext actionContext, IActionResultTypeMapper mapper, ObjectMethodExecutor executor, Object controller, Object[] arguments)
   at Microsoft.AspNetCore.Mvc.Infrastructure.ControllerActionInvoker.<InvokeActionMethodAsync>g__Awaited|12_0(ControllerActionInvoker invoker, ValueTask`1 actionResultValueTask)
   at Microsoft.AspNetCore.Mvc.Infrastructure.ControllerActionInvoker.<InvokeNextActionFilterAsync>g__Awaited|10_0(ControllerActionInvoker invoker, Task lastTask, State next, Scope scope, Object state, Boolean isCompleted)
   at Microsoft.AspNetCore.Mvc.Infrastructure.ControllerActionInvoker.Rethrow(ActionExecutedContextSealed context)
   at Microsoft.AspNetCore.Mvc.Infrastructure.ControllerActionInvoker.Next(State& next, Scope& scope, Object& state, Boolean& isCompleted)
   at Microsoft.AspNetCore.Mvc.Infrastructure.ControllerActionInvoker.<InvokeInnerFilterAsync>g__Awaited|13_0(ControllerActionInvoker invoker, Task lastTask, State next, Scope scope, Object state, Boolean isCompleted)
   at Microsoft.AspNetCore.Mvc.Infrastructure.ResourceInvoker.<InvokeFilterPipelineAsync>g__Awaited|20_0(ResourceInvoker invoker, Task lastTask, State next, Scope scope, Object state, Boolean isCompleted)
   at Microsoft.AspNetCore.Mvc.Infrastructure.ResourceInvoker.<InvokeAsync>g__Logged|17_1(ResourceInvoker invoker)
   at Microsoft.AspNetCore.Mvc.Infrastructure.ResourceInvoker.<InvokeAsync>g__Logged|17_1(ResourceInvoker invoker)
   at Microsoft.AspNetCore.Routing.EndpointMiddleware.<Invoke>g__AwaitRequestTask|7_0(Endpoint endpoint, Task requestTask, ILogger logger)
   at Microsoft.AspNetCore.Authorization.AuthorizationMiddleware.Invoke(HttpContext context)
   at Microsoft.AspNetCore.Authentication.AuthenticationMiddleware.Invoke(HttpContext context)
   at Swashbuckle.AspNetCore.SwaggerUI.SwaggerUIMiddleware.Invoke(HttpContext httpContext)
   at Swashbuckle.AspNetCore.Swagger.SwaggerMiddleware.Invoke(HttpContext httpContext, ISwaggerProvider swaggerProvider)
   at CMS.API.Middleware.TenantMiddleware.InvokeAsync(HttpContext context) in C:\Users\ASUS\source\repos\CMS\src\CMS.API\Middleware\Middlewares.cs:line 26
   at CMS.API.Middleware.ExceptionMiddleware.InvokeAsync(HttpContext context) in C:\Users\ASUS\source\repos\CMS\src\CMS.API\Middleware\Middlewares.cs:line 45
2026-09-02 15:57:04.920 +03:00 [INF] Request finished HTTP/1.1 GET http://localhost:5010/api/v1/appointments/doctor/1?date=2026-09-02 - 500 null application/json 162.872ms
2026-09-02 15:57:55.195 +03:00 [INF] Application is shutting down...
2026-09-02 15:58:14.029 +03:00 [INF] User profile is available. Using 'C:\Users\ASUS\AppData\Local\ASP.NET\DataProtection-Keys' as key repository and Windows DPAPI to encrypt keys at rest.
2026-09-02 15:58:14.295 +03:00 [INF] Now listening on: http://localhost:5010
2026-09-02 15:58:14.299 +03:00 [INF] Application started. Press Ctrl+C to shut down.
2026-09-02 15:58:14.300 +03:00 [INF] Hosting environment: Development
2026-09-02 15:58:14.300 +03:00 [INF] Content root path: C:\Users\ASUS\source\repos\CMS\src\CMS.API
2026-09-02 15:58:37.015 +03:00 [INF] Request starting HTTP/1.1 GET http://localhost:5010/api/v1/triage/queue - application/json null
2026-09-02 15:58:37.140 +03:00 [INF] Failed to validate the token.
Microsoft.IdentityModel.Tokens.SecurityTokenMalformedException: IDX14120: JWT is not well formed, there is only one dot (.).
The token needs to be in JWS or JWE Compact Serialization Format. (JWS): 'EncodedHeader.EncodedPayload.EncodedSignature'. (JWE): 'EncodedProtectedHeader.EncodedEncryptedKey.EncodedInitializationVector.EncodedCiphertext.EncodedAuthenticationTag'.
   at Microsoft.IdentityModel.JsonWebTokens.JsonWebToken.ReadToken(ReadOnlyMemory`1 encodedTokenMemory)
   at Microsoft.IdentityModel.JsonWebTokens.JsonWebToken..ctor(String jwtEncodedString)
   at Microsoft.IdentityModel.JsonWebTokens.JsonWebTokenHandler.ReadToken(String token, TokenValidationParameters validationParameters)
2026-09-02 15:58:37.152 +03:00 [INF] Bearer was not authenticated. Failure message: IDX14120: JWT is not well formed, there is only one dot (.).
The token needs to be in JWS or JWE Compact Serialization Format. (JWS): 'EncodedHeader.EncodedPayload.EncodedSignature'. (JWE): 'EncodedProtectedHeader.EncodedEncryptedKey.EncodedInitializationVector.EncodedCiphertext.EncodedAuthenticationTag'.
2026-09-02 15:58:37.157 +03:00 [INF] Executing endpoint 'CMS.API.Controllers.TriageController.GetQueue (CMS.API)'
2026-09-02 15:58:37.182 +03:00 [INF] Route matched with {action = "GetQueue", controller = "Triage"}. Executing controller action with signature System.Threading.Tasks.Task`1[Microsoft.AspNetCore.Mvc.IActionResult] GetQueue(System.String) on controller CMS.API.Controllers.TriageController (CMS.API).
2026-09-02 15:58:37.946 +03:00 [INF] Executing OkObjectResult, writing value of type 'CMS.Shared.DTOs.ApiResponse`1[[System.Collections.Generic.List`1[[CMS.Shared.DTOs.TriageDto, CMS.Shared, Version=1.0.0.0, Culture=neutral, PublicKeyToken=null]], System.Private.CoreLib, Version=8.0.0.0, Culture=neutral, PublicKeyToken=7cec85d7bea7798e]]'.
2026-09-02 15:58:38.046 +03:00 [INF] Executed action CMS.API.Controllers.TriageController.GetQueue (CMS.API) in 858.4828ms
2026-09-02 15:58:38.050 +03:00 [INF] Executed endpoint 'CMS.API.Controllers.TriageController.GetQueue (CMS.API)'
2026-09-02 15:58:38.055 +03:00 [INF] Request finished HTTP/1.1 GET http://localhost:5010/api/v1/triage/queue - 200 null application/json; charset=utf-8 1042.3928ms
2026-09-02 15:58:38.134 +03:00 [INF] Request starting HTTP/1.1 POST http://localhost:5010/api/v1/triage - application/json 527
2026-09-02 15:58:38.143 +03:00 [INF] Failed to validate the token.
Microsoft.IdentityModel.Tokens.SecurityTokenMalformedException: IDX14120: JWT is not well formed, there is only one dot (.).
The token needs to be in JWS or JWE Compact Serialization Format. (JWS): 'EncodedHeader.EncodedPayload.EncodedSignature'. (JWE): 'EncodedProtectedHeader.EncodedEncryptedKey.EncodedInitializationVector.EncodedCiphertext.EncodedAuthenticationTag'.
   at Microsoft.IdentityModel.JsonWebTokens.JsonWebToken.ReadToken(ReadOnlyMemory`1 encodedTokenMemory)
   at Microsoft.IdentityModel.JsonWebTokens.JsonWebToken..ctor(String jwtEncodedString)
   at Microsoft.IdentityModel.JsonWebTokens.JsonWebTokenHandler.ReadToken(String token, TokenValidationParameters validationParameters)
2026-09-02 15:58:38.144 +03:00 [INF] Bearer was not authenticated. Failure message: IDX14120: JWT is not well formed, there is only one dot (.).
The token needs to be in JWS or JWE Compact Serialization Format. (JWS): 'EncodedHeader.EncodedPayload.EncodedSignature'. (JWE): 'EncodedProtectedHeader.EncodedEncryptedKey.EncodedInitializationVector.EncodedCiphertext.EncodedAuthenticationTag'.
2026-09-02 15:58:38.144 +03:00 [INF] Executing endpoint 'CMS.API.Controllers.TriageController.RecordTriage (CMS.API)'
2026-09-02 15:58:38.154 +03:00 [INF] Route matched with {action = "RecordTriage", controller = "Triage"}. Executing controller action with signature System.Threading.Tasks.Task`1[Microsoft.AspNetCore.Mvc.IActionResult] RecordTriage(CMS.Shared.DTOs.RecordTriageDto) on controller CMS.API.Controllers.TriageController (CMS.API).
2026-09-02 15:58:38.291 +03:00 [INF] Executing OkObjectResult, writing value of type 'CMS.Shared.DTOs.ApiResponse`1[[System.Object, System.Private.CoreLib, Version=8.0.0.0, Culture=neutral, PublicKeyToken=7cec85d7bea7798e]]'.
2026-09-02 15:58:38.299 +03:00 [INF] Executed action CMS.API.Controllers.TriageController.RecordTriage (CMS.API) in 144.4051ms
2026-09-02 15:58:38.299 +03:00 [INF] Executed endpoint 'CMS.API.Controllers.TriageController.RecordTriage (CMS.API)'
2026-09-02 15:58:38.300 +03:00 [INF] Request finished HTTP/1.1 POST http://localhost:5010/api/v1/triage - 200 null application/json; charset=utf-8 165.4847ms
2026-09-02 15:58:38.316 +03:00 [INF] Request starting HTTP/1.1 POST http://localhost:5010/api/v1/triage/hold - application/json 149
2026-09-02 15:58:38.324 +03:00 [INF] Failed to validate the token.
Microsoft.IdentityModel.Tokens.SecurityTokenMalformedException: IDX14120: JWT is not well formed, there is only one dot (.).
The token needs to be in JWS or JWE Compact Serialization Format. (JWS): 'EncodedHeader.EncodedPayload.EncodedSignature'. (JWE): 'EncodedProtectedHeader.EncodedEncryptedKey.EncodedInitializationVector.EncodedCiphertext.EncodedAuthenticationTag'.
   at Microsoft.IdentityModel.JsonWebTokens.JsonWebToken.ReadToken(ReadOnlyMemory`1 encodedTokenMemory)
   at Microsoft.IdentityModel.JsonWebTokens.JsonWebToken..ctor(String jwtEncodedString)
   at Microsoft.IdentityModel.JsonWebTokens.JsonWebTokenHandler.ReadToken(String token, TokenValidationParameters validationParameters)
2026-09-02 15:58:38.325 +03:00 [INF] Bearer was not authenticated. Failure message: IDX14120: JWT is not well formed, there is only one dot (.).
The token needs to be in JWS or JWE Compact Serialization Format. (JWS): 'EncodedHeader.EncodedPayload.EncodedSignature'. (JWE): 'EncodedProtectedHeader.EncodedEncryptedKey.EncodedInitializationVector.EncodedCiphertext.EncodedAuthenticationTag'.
2026-09-02 15:58:38.325 +03:00 [INF] Executing endpoint 'CMS.API.Controllers.TriageController.HoldAppointment (CMS.API)'
2026-09-02 15:58:38.334 +03:00 [INF] Route matched with {action = "HoldAppointment", controller = "Triage"}. Executing controller action with signature System.Threading.Tasks.Task`1[Microsoft.AspNetCore.Mvc.IActionResult] HoldAppointment(CMS.Shared.DTOs.HoldAppointmentDto) on controller CMS.API.Controllers.TriageController (CMS.API).
2026-09-02 15:58:38.371 +03:00 [INF] Executing OkObjectResult, writing value of type 'CMS.Shared.DTOs.ApiResponse`1[[System.String, System.Private.CoreLib, Version=8.0.0.0, Culture=neutral, PublicKeyToken=7cec85d7bea7798e]]'.
2026-09-02 15:58:38.374 +03:00 [INF] Executed action CMS.API.Controllers.TriageController.HoldAppointment (CMS.API) in 39.6034ms
2026-09-02 15:58:38.374 +03:00 [INF] Executed endpoint 'CMS.API.Controllers.TriageController.HoldAppointment (CMS.API)'
2026-09-02 15:58:38.375 +03:00 [INF] Request finished HTTP/1.1 POST http://localhost:5010/api/v1/triage/hold - 200 null application/json; charset=utf-8 58.5398ms
2026-09-02 15:58:38.379 +03:00 [INF] Request starting HTTP/1.1 POST http://localhost:5010/api/v1/triage/assign-doctor - application/json 111
2026-09-02 15:58:38.380 +03:00 [INF] Failed to validate the token.
Microsoft.IdentityModel.Tokens.SecurityTokenMalformedException: IDX14120: JWT is not well formed, there is only one dot (.).
The token needs to be in JWS or JWE Compact Serialization Format. (JWS): 'EncodedHeader.EncodedPayload.EncodedSignature'. (JWE): 'EncodedProtectedHeader.EncodedEncryptedKey.EncodedInitializationVector.EncodedCiphertext.EncodedAuthenticationTag'.
   at Microsoft.IdentityModel.JsonWebTokens.JsonWebToken.ReadToken(ReadOnlyMemory`1 encodedTokenMemory)
   at Microsoft.IdentityModel.JsonWebTokens.JsonWebToken..ctor(String jwtEncodedString)
   at Microsoft.IdentityModel.JsonWebTokens.JsonWebTokenHandler.ReadToken(String token, TokenValidationParameters validationParameters)
2026-09-02 15:58:38.381 +03:00 [INF] Bearer was not authenticated. Failure message: IDX14120: JWT is not well formed, there is only one dot (.).
The token needs to be in JWS or JWE Compact Serialization Format. (JWS): 'EncodedHeader.EncodedPayload.EncodedSignature'. (JWE): 'EncodedProtectedHeader.EncodedEncryptedKey.EncodedInitializationVector.EncodedCiphertext.EncodedAuthenticationTag'.
2026-09-02 15:58:38.381 +03:00 [INF] Executing endpoint 'CMS.API.Controllers.TriageController.AssignDoctor (CMS.API)'
2026-09-02 15:58:38.389 +03:00 [INF] Route matched with {action = "AssignDoctor", controller = "Triage"}. Executing controller action with signature System.Threading.Tasks.Task`1[Microsoft.AspNetCore.Mvc.IActionResult] AssignDoctor(CMS.Shared.DTOs.AssignDoctorDto) on controller CMS.API.Controllers.TriageController (CMS.API).
2026-09-02 15:58:38.418 +03:00 [INF] Executing OkObjectResult, writing value of type 'CMS.Shared.DTOs.ApiResponse`1[[System.String, System.Private.CoreLib, Version=8.0.0.0, Culture=neutral, PublicKeyToken=7cec85d7bea7798e]]'.
2026-09-02 15:58:38.418 +03:00 [INF] Executed action CMS.API.Controllers.TriageController.AssignDoctor (CMS.API) in 28.9375ms
2026-09-02 15:58:38.419 +03:00 [INF] Executed endpoint 'CMS.API.Controllers.TriageController.AssignDoctor (CMS.API)'
2026-09-02 15:58:38.419 +03:00 [INF] Request finished HTTP/1.1 POST http://localhost:5010/api/v1/triage/assign-doctor - 200 null application/json; charset=utf-8 39.703ms
2026-09-02 15:58:38.423 +03:00 [INF] Request starting HTTP/1.1 GET http://localhost:5010/api/v1/triage/patient/1/latest - application/json null
2026-09-02 15:58:38.424 +03:00 [INF] Failed to validate the token.
Microsoft.IdentityModel.Tokens.SecurityTokenMalformedException: IDX14120: JWT is not well formed, there is only one dot (.).
The token needs to be in JWS or JWE Compact Serialization Format. (JWS): 'EncodedHeader.EncodedPayload.EncodedSignature'. (JWE): 'EncodedProtectedHeader.EncodedEncryptedKey.EncodedInitializationVector.EncodedCiphertext.EncodedAuthenticationTag'.
   at Microsoft.IdentityModel.JsonWebTokens.JsonWebToken.ReadToken(ReadOnlyMemory`1 encodedTokenMemory)
   at Microsoft.IdentityModel.JsonWebTokens.JsonWebToken..ctor(String jwtEncodedString)
   at Microsoft.IdentityModel.JsonWebTokens.JsonWebTokenHandler.ReadToken(String token, TokenValidationParameters validationParameters)
2026-09-02 15:58:38.424 +03:00 [INF] Bearer was not authenticated. Failure message: IDX14120: JWT is not well formed, there is only one dot (.).
The token needs to be in JWS or JWE Compact Serialization Format. (JWS): 'EncodedHeader.EncodedPayload.EncodedSignature'. (JWE): 'EncodedProtectedHeader.EncodedEncryptedKey.EncodedInitializationVector.EncodedCiphertext.EncodedAuthenticationTag'.
2026-09-02 15:58:38.424 +03:00 [INF] Executing endpoint 'CMS.API.Controllers.TriageController.GetLatestPatientVitals (CMS.API)'
2026-09-02 15:58:38.431 +03:00 [INF] Route matched with {action = "GetLatestPatientVitals", controller = "Triage"}. Executing controller action with signature System.Threading.Tasks.Task`1[Microsoft.AspNetCore.Mvc.IActionResult] GetLatestPatientVitals(Int32) on controller CMS.API.Controllers.TriageController (CMS.API).
2026-09-02 15:58:38.461 +03:00 [INF] Executing OkObjectResult, writing value of type 'CMS.Shared.DTOs.ApiResponse`1[[CMS.Shared.DTOs.TriageDto, CMS.Shared, Version=1.0.0.0, Culture=neutral, PublicKeyToken=null]]'.
2026-09-02 15:58:38.464 +03:00 [INF] Executed action CMS.API.Controllers.TriageController.GetLatestPatientVitals (CMS.API) in 33.453ms
2026-09-02 15:58:38.465 +03:00 [INF] Executed endpoint 'CMS.API.Controllers.TriageController.GetLatestPatientVitals (CMS.API)'
2026-09-02 15:58:38.465 +03:00 [INF] Request finished HTTP/1.1 GET http://localhost:5010/api/v1/triage/patient/1/latest - 200 null application/json; charset=utf-8 42.3281ms
2026-09-02 16:00:52.205 +03:00 [INF] User profile is available. Using 'C:\Users\ASUS\AppData\Local\ASP.NET\DataProtection-Keys' as key repository and Windows DPAPI to encrypt keys at rest.
2026-09-02 16:00:52.437 +03:00 [INF] Now listening on: http://localhost:5010
2026-09-02 16:00:52.445 +03:00 [INF] Application started. Press Ctrl+C to shut down.
2026-09-02 16:00:52.448 +03:00 [INF] Hosting environment: Development
2026-09-02 16:00:52.450 +03:00 [INF] Content root path: C:\Users\ASUS\source\repos\CMS\src\CMS.API
2026-09-02 16:01:33.359 +03:00 [INF] Request starting HTTP/1.1 GET http://localhost:5010/api/v1/dashboard/metrics - null null
2026-09-02 16:01:33.550 +03:00 [INF] Failed to validate the token.
Microsoft.IdentityModel.Tokens.SecurityTokenMalformedException: IDX14120: JWT is not well formed, there is only one dot (.).
The token needs to be in JWS or JWE Compact Serialization Format. (JWS): 'EncodedHeader.EncodedPayload.EncodedSignature'. (JWE): 'EncodedProtectedHeader.EncodedEncryptedKey.EncodedInitializationVector.EncodedCiphertext.EncodedAuthenticationTag'.
   at Microsoft.IdentityModel.JsonWebTokens.JsonWebToken.ReadToken(ReadOnlyMemory`1 encodedTokenMemory)
   at Microsoft.IdentityModel.JsonWebTokens.JsonWebToken..ctor(String jwtEncodedString)
   at Microsoft.IdentityModel.JsonWebTokens.JsonWebTokenHandler.ReadToken(String token, TokenValidationParameters validationParameters)
2026-09-02 16:01:33.603 +03:00 [INF] Bearer was not authenticated. Failure message: IDX14120: JWT is not well formed, there is only one dot (.).
The token needs to be in JWS or JWE Compact Serialization Format. (JWS): 'EncodedHeader.EncodedPayload.EncodedSignature'. (JWE): 'EncodedProtectedHeader.EncodedEncryptedKey.EncodedInitializationVector.EncodedCiphertext.EncodedAuthenticationTag'.
2026-09-02 16:01:33.620 +03:00 [INF] Executing endpoint 'CMS.API.Controllers.DashboardController.GetMetrics (CMS.API)'
2026-09-02 16:01:33.672 +03:00 [INF] Route matched with {action = "GetMetrics", controller = "Dashboard"}. Executing controller action with signature System.Threading.Tasks.Task`1[Microsoft.AspNetCore.Mvc.IActionResult] GetMetrics() on controller CMS.API.Controllers.DashboardController (CMS.API).
2026-09-02 16:01:34.457 +03:00 [INF] Executing OkObjectResult, writing value of type 'CMS.Shared.DTOs.ApiResponse`1[[CMS.Shared.DTOs.DashboardMetricsDto, CMS.Shared, Version=1.0.0.0, Culture=neutral, PublicKeyToken=null]]'.
2026-09-02 16:01:34.586 +03:00 [INF] Executed action CMS.API.Controllers.DashboardController.GetMetrics (CMS.API) in 895.0943ms
2026-09-02 16:01:34.590 +03:00 [INF] Request starting HTTP/1.1 GET http://localhost:5010/api/v1/dashboard/metrics - null null
2026-09-02 16:01:34.592 +03:00 [INF] Executed endpoint 'CMS.API.Controllers.DashboardController.GetMetrics (CMS.API)'
2026-09-02 16:01:34.604 +03:00 [INF] Request finished HTTP/1.1 GET http://localhost:5010/api/v1/dashboard/metrics - 200 null application/json; charset=utf-8 1249.2629ms
2026-09-02 16:01:34.606 +03:00 [INF] Failed to validate the token.
Microsoft.IdentityModel.Tokens.SecurityTokenMalformedException: IDX14120: JWT is not well formed, there is only one dot (.).
The token needs to be in JWS or JWE Compact Serialization Format. (JWS): 'EncodedHeader.EncodedPayload.EncodedSignature'. (JWE): 'EncodedProtectedHeader.EncodedEncryptedKey.EncodedInitializationVector.EncodedCiphertext.EncodedAuthenticationTag'.
   at Microsoft.IdentityModel.JsonWebTokens.JsonWebToken.ReadToken(ReadOnlyMemory`1 encodedTokenMemory)
   at Microsoft.IdentityModel.JsonWebTokens.JsonWebToken..ctor(String jwtEncodedString)
   at Microsoft.IdentityModel.JsonWebTokens.JsonWebTokenHandler.ReadToken(String token, TokenValidationParameters validationParameters)
2026-09-02 16:01:34.619 +03:00 [INF] Bearer was not authenticated. Failure message: IDX14120: JWT is not well formed, there is only one dot (.).
The token needs to be in JWS or JWE Compact Serialization Format. (JWS): 'EncodedHeader.EncodedPayload.EncodedSignature'. (JWE): 'EncodedProtectedHeader.EncodedEncryptedKey.EncodedInitializationVector.EncodedCiphertext.EncodedAuthenticationTag'.
2026-09-02 16:01:34.623 +03:00 [INF] Executing endpoint 'CMS.API.Controllers.DashboardController.GetMetrics (CMS.API)'
2026-09-02 16:01:34.627 +03:00 [INF] Route matched with {action = "GetMetrics", controller = "Dashboard"}. Executing controller action with signature System.Threading.Tasks.Task`1[Microsoft.AspNetCore.Mvc.IActionResult] GetMetrics() on controller CMS.API.Controllers.DashboardController (CMS.API).
2026-09-02 16:01:34.644 +03:00 [INF] Executing OkObjectResult, writing value of type 'CMS.Shared.DTOs.ApiResponse`1[[CMS.Shared.DTOs.DashboardMetricsDto, CMS.Shared, Version=1.0.0.0, Culture=neutral, PublicKeyToken=null]]'.
2026-09-02 16:01:34.650 +03:00 [INF] Executed action CMS.API.Controllers.DashboardController.GetMetrics (CMS.API) in 18.108ms
2026-09-02 16:01:34.654 +03:00 [INF] Executed endpoint 'CMS.API.Controllers.DashboardController.GetMetrics (CMS.API)'
2026-09-02 16:01:34.658 +03:00 [INF] Request finished HTTP/1.1 GET http://localhost:5010/api/v1/dashboard/metrics - 200 null application/json; charset=utf-8 67.0225ms
2026-09-02 16:01:37.373 +03:00 [INF] Request starting HTTP/1.1 GET http://localhost:5010/api/v1/triage/queue - application/json null
2026-09-02 16:01:37.373 +03:00 [INF] Request starting HTTP/1.1 GET http://localhost:5010/api/v1/staff/doctors - application/json null
2026-09-02 16:01:37.373 +03:00 [INF] Request starting HTTP/1.1 GET http://localhost:5010/api/v1/patients/search - application/json null
2026-09-02 16:01:37.391 +03:00 [INF] Failed to validate the token.
Microsoft.IdentityModel.Tokens.SecurityTokenMalformedException: IDX14120: JWT is not well formed, there is only one dot (.).
The token needs to be in JWS or JWE Compact Serialization Format. (JWS): 'EncodedHeader.EncodedPayload.EncodedSignature'. (JWE): 'EncodedProtectedHeader.EncodedEncryptedKey.EncodedInitializationVector.EncodedCiphertext.EncodedAuthenticationTag'.
   at Microsoft.IdentityModel.JsonWebTokens.JsonWebToken.ReadToken(ReadOnlyMemory`1 encodedTokenMemory)
   at Microsoft.IdentityModel.JsonWebTokens.JsonWebToken..ctor(String jwtEncodedString)
   at Microsoft.IdentityModel.JsonWebTokens.JsonWebTokenHandler.ReadToken(String token, TokenValidationParameters validationParameters)
2026-09-02 16:01:37.391 +03:00 [INF] Failed to validate the token.
Microsoft.IdentityModel.Tokens.SecurityTokenMalformedException: IDX14120: JWT is not well formed, there is only one dot (.).
The token needs to be in JWS or JWE Compact Serialization Format. (JWS): 'EncodedHeader.EncodedPayload.EncodedSignature'. (JWE): 'EncodedProtectedHeader.EncodedEncryptedKey.EncodedInitializationVector.EncodedCiphertext.EncodedAuthenticationTag'.
   at Microsoft.IdentityModel.JsonWebTokens.JsonWebToken.ReadToken(ReadOnlyMemory`1 encodedTokenMemory)
   at Microsoft.IdentityModel.JsonWebTokens.JsonWebToken..ctor(String jwtEncodedString)
   at Microsoft.IdentityModel.JsonWebTokens.JsonWebTokenHandler.ReadToken(String token, TokenValidationParameters validationParameters)
2026-09-02 16:01:37.394 +03:00 [INF] Failed to validate the token.
Microsoft.IdentityModel.Tokens.SecurityTokenMalformedException: IDX14120: JWT is not well formed, there is only one dot (.).
The token needs to be in JWS or JWE Compact Serialization Format. (JWS): 'EncodedHeader.EncodedPayload.EncodedSignature'. (JWE): 'EncodedProtectedHeader.EncodedEncryptedKey.EncodedInitializationVector.EncodedCiphertext.EncodedAuthenticationTag'.
   at Microsoft.IdentityModel.JsonWebTokens.JsonWebToken.ReadToken(ReadOnlyMemory`1 encodedTokenMemory)
   at Microsoft.IdentityModel.JsonWebTokens.JsonWebToken..ctor(String jwtEncodedString)
   at Microsoft.IdentityModel.JsonWebTokens.JsonWebTokenHandler.ReadToken(String token, TokenValidationParameters validationParameters)
2026-09-02 16:01:37.398 +03:00 [INF] Bearer was not authenticated. Failure message: IDX14120: JWT is not well formed, there is only one dot (.).
The token needs to be in JWS or JWE Compact Serialization Format. (JWS): 'EncodedHeader.EncodedPayload.EncodedSignature'. (JWE): 'EncodedProtectedHeader.EncodedEncryptedKey.EncodedInitializationVector.EncodedCiphertext.EncodedAuthenticationTag'.
2026-09-02 16:01:37.402 +03:00 [INF] Bearer was not authenticated. Failure message: IDX14120: JWT is not well formed, there is only one dot (.).
The token needs to be in JWS or JWE Compact Serialization Format. (JWS): 'EncodedHeader.EncodedPayload.EncodedSignature'. (JWE): 'EncodedProtectedHeader.EncodedEncryptedKey.EncodedInitializationVector.EncodedCiphertext.EncodedAuthenticationTag'.
2026-09-02 16:01:37.407 +03:00 [INF] Bearer was not authenticated. Failure message: IDX14120: JWT is not well formed, there is only one dot (.).
The token needs to be in JWS or JWE Compact Serialization Format. (JWS): 'EncodedHeader.EncodedPayload.EncodedSignature'. (JWE): 'EncodedProtectedHeader.EncodedEncryptedKey.EncodedInitializationVector.EncodedCiphertext.EncodedAuthenticationTag'.
2026-09-02 16:01:37.409 +03:00 [INF] Executing endpoint 'CMS.API.Controllers.TriageController.GetQueue (CMS.API)'
2026-09-02 16:01:37.412 +03:00 [INF] Executing endpoint 'CMS.API.Controllers.StaffController.GetDoctors (CMS.API)'
2026-09-02 16:01:37.414 +03:00 [INF] Executing endpoint 'CMS.API.Controllers.PatientsController.Search (CMS.API)'
2026-09-02 16:01:37.428 +03:00 [INF] Route matched with {action = "GetDoctors", controller = "Staff"}. Executing controller action with signature System.Threading.Tasks.Task`1[Microsoft.AspNetCore.Mvc.IActionResult] GetDoctors() on controller CMS.API.Controllers.StaffController (CMS.API).
2026-09-02 16:01:37.439 +03:00 [INF] Route matched with {action = "GetQueue", controller = "Triage"}. Executing controller action with signature System.Threading.Tasks.Task`1[Microsoft.AspNetCore.Mvc.IActionResult] GetQueue(System.String) on controller CMS.API.Controllers.TriageController (CMS.API).
2026-09-02 16:01:37.439 +03:00 [INF] Route matched with {action = "Search", controller = "Patients"}. Executing controller action with signature System.Threading.Tasks.Task`1[Microsoft.AspNetCore.Mvc.IActionResult] Search(System.String, Int32) on controller CMS.API.Controllers.PatientsController (CMS.API).
2026-09-02 16:01:37.771 +03:00 [INF] Executing OkObjectResult, writing value of type 'CMS.Shared.DTOs.ApiResponse`1[[System.Collections.Generic.List`1[[CMS.Shared.DTOs.DoctorDto, CMS.Shared, Version=1.0.0.0, Culture=neutral, PublicKeyToken=null]], System.Private.CoreLib, Version=8.0.0.0, Culture=neutral, PublicKeyToken=7cec85d7bea7798e]]'.
2026-09-02 16:01:37.778 +03:00 [INF] Executing OkObjectResult, writing value of type 'CMS.Shared.DTOs.ApiResponse`1[[System.Collections.Generic.List`1[[CMS.Shared.DTOs.TriageDto, CMS.Shared, Version=1.0.0.0, Culture=neutral, PublicKeyToken=null]], System.Private.CoreLib, Version=8.0.0.0, Culture=neutral, PublicKeyToken=7cec85d7bea7798e]]'.
2026-09-02 16:01:37.795 +03:00 [INF] Executed action CMS.API.Controllers.StaffController.GetDoctors (CMS.API) in 360.7945ms
2026-09-02 16:01:37.800 +03:00 [INF] Executed endpoint 'CMS.API.Controllers.StaffController.GetDoctors (CMS.API)'
2026-09-02 16:01:37.803 +03:00 [INF] Request starting HTTP/1.1 GET http://localhost:5010/api/v1/staff/doctors - application/json null
2026-09-02 16:01:37.804 +03:00 [INF] Request finished HTTP/1.1 GET http://localhost:5010/api/v1/staff/doctors - 200 null application/json; charset=utf-8 431.2159ms
2026-09-02 16:01:37.817 +03:00 [INF] Failed to validate the token.
Microsoft.IdentityModel.Tokens.SecurityTokenMalformedException: IDX14120: JWT is not well formed, there is only one dot (.).
The token needs to be in JWS or JWE Compact Serialization Format. (JWS): 'EncodedHeader.EncodedPayload.EncodedSignature'. (JWE): 'EncodedProtectedHeader.EncodedEncryptedKey.EncodedInitializationVector.EncodedCiphertext.EncodedAuthenticationTag'.
   at Microsoft.IdentityModel.JsonWebTokens.JsonWebToken.ReadToken(ReadOnlyMemory`1 encodedTokenMemory)
   at Microsoft.IdentityModel.JsonWebTokens.JsonWebToken..ctor(String jwtEncodedString)
   at Microsoft.IdentityModel.JsonWebTokens.JsonWebTokenHandler.ReadToken(String token, TokenValidationParameters validationParameters)
2026-09-02 16:01:37.825 +03:00 [INF] Executing OkObjectResult, writing value of type 'CMS.Shared.DTOs.ApiResponse`1[[System.Collections.Generic.List`1[[CMS.Shared.DTOs.PatientDto, CMS.Shared, Version=1.0.0.0, Culture=neutral, PublicKeyToken=null]], System.Private.CoreLib, Version=8.0.0.0, Culture=neutral, PublicKeyToken=7cec85d7bea7798e]]'.
2026-09-02 16:01:37.833 +03:00 [INF] Executed action CMS.API.Controllers.TriageController.GetQueue (CMS.API) in 388.3762ms
2026-09-02 16:01:37.833 +03:00 [INF] Bearer was not authenticated. Failure message: IDX14120: JWT is not well formed, there is only one dot (.).
The token needs to be in JWS or JWE Compact Serialization Format. (JWS): 'EncodedHeader.EncodedPayload.EncodedSignature'. (JWE): 'EncodedProtectedHeader.EncodedEncryptedKey.EncodedInitializationVector.EncodedCiphertext.EncodedAuthenticationTag'.
2026-09-02 16:01:37.843 +03:00 [INF] Executed endpoint 'CMS.API.Controllers.TriageController.GetQueue (CMS.API)'
2026-09-02 16:01:37.845 +03:00 [INF] Executed action CMS.API.Controllers.PatientsController.Search (CMS.API) in 394.8335ms
2026-09-02 16:01:37.848 +03:00 [INF] Executing endpoint 'CMS.API.Controllers.StaffController.GetDoctors (CMS.API)'
2026-09-02 16:01:37.852 +03:00 [INF] Request finished HTTP/1.1 GET http://localhost:5010/api/v1/triage/queue - 200 null application/json; charset=utf-8 479.1813ms
2026-09-02 16:01:37.857 +03:00 [INF] Executed endpoint 'CMS.API.Controllers.PatientsController.Search (CMS.API)'
2026-09-02 16:01:37.861 +03:00 [INF] Route matched with {action = "GetDoctors", controller = "Staff"}. Executing controller action with signature System.Threading.Tasks.Task`1[Microsoft.AspNetCore.Mvc.IActionResult] GetDoctors() on controller CMS.API.Controllers.StaffController (CMS.API).
2026-09-02 16:01:37.878 +03:00 [INF] Request finished HTTP/1.1 GET http://localhost:5010/api/v1/patients/search - 200 null application/json; charset=utf-8 504.6635ms
2026-09-02 16:01:37.886 +03:00 [INF] Executing OkObjectResult, writing value of type 'CMS.Shared.DTOs.ApiResponse`1[[System.Collections.Generic.List`1[[CMS.Shared.DTOs.DoctorDto, CMS.Shared, Version=1.0.0.0, Culture=neutral, PublicKeyToken=null]], System.Private.CoreLib, Version=8.0.0.0, Culture=neutral, PublicKeyToken=7cec85d7bea7798e]]'.
2026-09-02 16:01:37.897 +03:00 [INF] Executed action CMS.API.Controllers.StaffController.GetDoctors (CMS.API) in 13.5026ms
2026-09-02 16:01:37.902 +03:00 [INF] Executed endpoint 'CMS.API.Controllers.StaffController.GetDoctors (CMS.API)'
2026-09-02 16:01:37.905 +03:00 [INF] Request finished HTTP/1.1 GET http://localhost:5010/api/v1/staff/doctors - 200 null application/json; charset=utf-8 102.2191ms
2026-09-02 16:01:38.152 +03:00 [INF] Request starting HTTP/1.1 GET http://localhost:5010/api/v1/triage/queue - application/json null
2026-09-02 16:01:38.161 +03:00 [INF] Failed to validate the token.
Microsoft.IdentityModel.Tokens.SecurityTokenMalformedException: IDX14120: JWT is not well formed, there is only one dot (.).
The token needs to be in JWS or JWE Compact Serialization Format. (JWS): 'EncodedHeader.EncodedPayload.EncodedSignature'. (JWE): 'EncodedProtectedHeader.EncodedEncryptedKey.EncodedInitializationVector.EncodedCiphertext.EncodedAuthenticationTag'.
   at Microsoft.IdentityModel.JsonWebTokens.JsonWebToken.ReadToken(ReadOnlyMemory`1 encodedTokenMemory)
   at Microsoft.IdentityModel.JsonWebTokens.JsonWebToken..ctor(String jwtEncodedString)
   at Microsoft.IdentityModel.JsonWebTokens.JsonWebTokenHandler.ReadToken(String token, TokenValidationParameters validationParameters)
2026-09-02 16:01:38.166 +03:00 [INF] Bearer was not authenticated. Failure message: IDX14120: JWT is not well formed, there is only one dot (.).
The token needs to be in JWS or JWE Compact Serialization Format. (JWS): 'EncodedHeader.EncodedPayload.EncodedSignature'. (JWE): 'EncodedProtectedHeader.EncodedEncryptedKey.EncodedInitializationVector.EncodedCiphertext.EncodedAuthenticationTag'.
2026-09-02 16:01:38.168 +03:00 [INF] Request starting HTTP/1.1 GET http://localhost:5010/api/v1/patients/search - application/json null
2026-09-02 16:01:38.169 +03:00 [INF] Executing endpoint 'CMS.API.Controllers.TriageController.GetQueue (CMS.API)'
2026-09-02 16:01:38.174 +03:00 [INF] Failed to validate the token.
Microsoft.IdentityModel.Tokens.SecurityTokenMalformedException: IDX14120: JWT is not well formed, there is only one dot (.).
The token needs to be in JWS or JWE Compact Serialization Format. (JWS): 'EncodedHeader.EncodedPayload.EncodedSignature'. (JWE): 'EncodedProtectedHeader.EncodedEncryptedKey.EncodedInitializationVector.EncodedCiphertext.EncodedAuthenticationTag'.
   at Microsoft.IdentityModel.JsonWebTokens.JsonWebToken.ReadToken(ReadOnlyMemory`1 encodedTokenMemory)
   at Microsoft.IdentityModel.JsonWebTokens.JsonWebToken..ctor(String jwtEncodedString)
   at Microsoft.IdentityModel.JsonWebTokens.JsonWebTokenHandler.ReadToken(String token, TokenValidationParameters validationParameters)
2026-09-02 16:01:38.176 +03:00 [INF] Route matched with {action = "GetQueue", controller = "Triage"}. Executing controller action with signature System.Threading.Tasks.Task`1[Microsoft.AspNetCore.Mvc.IActionResult] GetQueue(System.String) on controller CMS.API.Controllers.TriageController (CMS.API).
2026-09-02 16:01:38.181 +03:00 [INF] Bearer was not authenticated. Failure message: IDX14120: JWT is not well formed, there is only one dot (.).
The token needs to be in JWS or JWE Compact Serialization Format. (JWS): 'EncodedHeader.EncodedPayload.EncodedSignature'. (JWE): 'EncodedProtectedHeader.EncodedEncryptedKey.EncodedInitializationVector.EncodedCiphertext.EncodedAuthenticationTag'.
2026-09-02 16:01:38.188 +03:00 [INF] Executing endpoint 'CMS.API.Controllers.PatientsController.Search (CMS.API)'
2026-09-02 16:01:38.189 +03:00 [INF] Executing OkObjectResult, writing value of type 'CMS.Shared.DTOs.ApiResponse`1[[System.Collections.Generic.List`1[[CMS.Shared.DTOs.TriageDto, CMS.Shared, Version=1.0.0.0, Culture=neutral, PublicKeyToken=null]], System.Private.CoreLib, Version=8.0.0.0, Culture=neutral, PublicKeyToken=7cec85d7bea7798e]]'.
2026-09-02 16:01:38.192 +03:00 [INF] Route matched with {action = "Search", controller = "Patients"}. Executing controller action with signature System.Threading.Tasks.Task`1[Microsoft.AspNetCore.Mvc.IActionResult] Search(System.String, Int32) on controller CMS.API.Controllers.PatientsController (CMS.API).
2026-09-02 16:01:38.196 +03:00 [INF] Executed action CMS.API.Controllers.TriageController.GetQueue (CMS.API) in 10.8883ms
2026-09-02 16:01:38.204 +03:00 [INF] Executed endpoint 'CMS.API.Controllers.TriageController.GetQueue (CMS.API)'
2026-09-02 16:01:38.207 +03:00 [INF] Request finished HTTP/1.1 GET http://localhost:5010/api/v1/triage/queue - 200 null application/json; charset=utf-8 55.0386ms
2026-09-02 16:01:38.217 +03:00 [INF] Executing OkObjectResult, writing value of type 'CMS.Shared.DTOs.ApiResponse`1[[System.Collections.Generic.List`1[[CMS.Shared.DTOs.PatientDto, CMS.Shared, Version=1.0.0.0, Culture=neutral, PublicKeyToken=null]], System.Private.CoreLib, Version=8.0.0.0, Culture=neutral, PublicKeyToken=7cec85d7bea7798e]]'.
2026-09-02 16:01:38.221 +03:00 [INF] Executed action CMS.API.Controllers.PatientsController.Search (CMS.API) in 20.1557ms
2026-09-02 16:01:38.224 +03:00 [INF] Executed endpoint 'CMS.API.Controllers.PatientsController.Search (CMS.API)'
2026-09-02 16:01:38.227 +03:00 [INF] Request finished HTTP/1.1 GET http://localhost:5010/api/v1/patients/search - 200 null application/json; charset=utf-8 59.0652ms
2026-09-02 16:01:48.354 +03:00 [INF] Request starting HTTP/1.1 GET http://localhost:5010/api/v1/patients/search - application/json null
2026-09-02 16:01:48.355 +03:00 [INF] Request starting HTTP/1.1 GET http://localhost:5010/api/v1/encounters/patient/1 - application/json null
2026-09-02 16:01:48.355 +03:00 [INF] Request starting HTTP/1.1 GET http://localhost:5010/api/v1/medicalcertificates/patient/1 - application/json null
2026-09-02 16:01:48.356 +03:00 [INF] Request starting HTTP/1.1 GET http://localhost:5010/api/v1/triage/patient/1/latest - application/json null
2026-09-02 16:01:48.369 +03:00 [INF] Failed to validate the token.
Microsoft.IdentityModel.Tokens.SecurityTokenMalformedException: IDX14120: JWT is not well formed, there is only one dot (.).
The token needs to be in JWS or JWE Compact Serialization Format. (JWS): 'EncodedHeader.EncodedPayload.EncodedSignature'. (JWE): 'EncodedProtectedHeader.EncodedEncryptedKey.EncodedInitializationVector.EncodedCiphertext.EncodedAuthenticationTag'.
   at Microsoft.IdentityModel.JsonWebTokens.JsonWebToken.ReadToken(ReadOnlyMemory`1 encodedTokenMemory)
   at Microsoft.IdentityModel.JsonWebTokens.JsonWebToken..ctor(String jwtEncodedString)
   at Microsoft.IdentityModel.JsonWebTokens.JsonWebTokenHandler.ReadToken(String token, TokenValidationParameters validationParameters)
2026-09-02 16:01:48.374 +03:00 [INF] Failed to validate the token.
Microsoft.IdentityModel.Tokens.SecurityTokenMalformedException: IDX14120: JWT is not well formed, there is only one dot (.).
The token needs to be in JWS or JWE Compact Serialization Format. (JWS): 'EncodedHeader.EncodedPayload.EncodedSignature'. (JWE): 'EncodedProtectedHeader.EncodedEncryptedKey.EncodedInitializationVector.EncodedCiphertext.EncodedAuthenticationTag'.
   at Microsoft.IdentityModel.JsonWebTokens.JsonWebToken.ReadToken(ReadOnlyMemory`1 encodedTokenMemory)
   at Microsoft.IdentityModel.JsonWebTokens.JsonWebToken..ctor(String jwtEncodedString)
   at Microsoft.IdentityModel.JsonWebTokens.JsonWebTokenHandler.ReadToken(String token, TokenValidationParameters validationParameters)
2026-09-02 16:01:48.380 +03:00 [INF] Failed to validate the token.
Microsoft.IdentityModel.Tokens.SecurityTokenMalformedException: IDX14120: JWT is not well formed, there is only one dot (.).
The token needs to be in JWS or JWE Compact Serialization Format. (JWS): 'EncodedHeader.EncodedPayload.EncodedSignature'. (JWE): 'EncodedProtectedHeader.EncodedEncryptedKey.EncodedInitializationVector.EncodedCiphertext.EncodedAuthenticationTag'.
   at Microsoft.IdentityModel.JsonWebTokens.JsonWebToken.ReadToken(ReadOnlyMemory`1 encodedTokenMemory)
   at Microsoft.IdentityModel.JsonWebTokens.JsonWebToken..ctor(String jwtEncodedString)
   at Microsoft.IdentityModel.JsonWebTokens.JsonWebTokenHandler.ReadToken(String token, TokenValidationParameters validationParameters)
2026-09-02 16:01:48.388 +03:00 [INF] Failed to validate the token.
Microsoft.IdentityModel.Tokens.SecurityTokenMalformedException: IDX14120: JWT is not well formed, there is only one dot (.).
The token needs to be in JWS or JWE Compact Serialization Format. (JWS): 'EncodedHeader.EncodedPayload.EncodedSignature'. (JWE): 'EncodedProtectedHeader.EncodedEncryptedKey.EncodedInitializationVector.EncodedCiphertext.EncodedAuthenticationTag'.
   at Microsoft.IdentityModel.JsonWebTokens.JsonWebToken.ReadToken(ReadOnlyMemory`1 encodedTokenMemory)
   at Microsoft.IdentityModel.JsonWebTokens.JsonWebToken..ctor(String jwtEncodedString)
   at Microsoft.IdentityModel.JsonWebTokens.JsonWebTokenHandler.ReadToken(String token, TokenValidationParameters validationParameters)
2026-09-02 16:01:48.393 +03:00 [INF] Bearer was not authenticated. Failure message: IDX14120: JWT is not well formed, there is only one dot (.).
The token needs to be in JWS or JWE Compact Serialization Format. (JWS): 'EncodedHeader.EncodedPayload.EncodedSignature'. (JWE): 'EncodedProtectedHeader.EncodedEncryptedKey.EncodedInitializationVector.EncodedCiphertext.EncodedAuthenticationTag'.
2026-09-02 16:01:48.398 +03:00 [INF] Bearer was not authenticated. Failure message: IDX14120: JWT is not well formed, there is only one dot (.).
The token needs to be in JWS or JWE Compact Serialization Format. (JWS): 'EncodedHeader.EncodedPayload.EncodedSignature'. (JWE): 'EncodedProtectedHeader.EncodedEncryptedKey.EncodedInitializationVector.EncodedCiphertext.EncodedAuthenticationTag'.
2026-09-02 16:01:48.403 +03:00 [INF] Bearer was not authenticated. Failure message: IDX14120: JWT is not well formed, there is only one dot (.).
The token needs to be in JWS or JWE Compact Serialization Format. (JWS): 'EncodedHeader.EncodedPayload.EncodedSignature'. (JWE): 'EncodedProtectedHeader.EncodedEncryptedKey.EncodedInitializationVector.EncodedCiphertext.EncodedAuthenticationTag'.
2026-09-02 16:01:48.407 +03:00 [INF] Bearer was not authenticated. Failure message: IDX14120: JWT is not well formed, there is only one dot (.).
The token needs to be in JWS or JWE Compact Serialization Format. (JWS): 'EncodedHeader.EncodedPayload.EncodedSignature'. (JWE): 'EncodedProtectedHeader.EncodedEncryptedKey.EncodedInitializationVector.EncodedCiphertext.EncodedAuthenticationTag'.
2026-09-02 16:01:48.411 +03:00 [INF] Executing endpoint 'CMS.API.Controllers.PatientsController.Search (CMS.API)'
2026-09-02 16:01:48.413 +03:00 [INF] Executing endpoint 'CMS.API.Controllers.EncountersController.GetPatientEncounters (CMS.API)'
2026-09-02 16:01:48.416 +03:00 [INF] Executing endpoint 'CMS.API.Controllers.MedicalCertificatesController.GetPatientCertificates (CMS.API)'
2026-09-02 16:01:48.420 +03:00 [INF] Executing endpoint 'CMS.API.Controllers.TriageController.GetLatestPatientVitals (CMS.API)'
2026-09-02 16:01:48.423 +03:00 [INF] Route matched with {action = "Search", controller = "Patients"}. Executing controller action with signature System.Threading.Tasks.Task`1[Microsoft.AspNetCore.Mvc.IActionResult] Search(System.String, Int32) on controller CMS.API.Controllers.PatientsController (CMS.API).
2026-09-02 16:01:48.437 +03:00 [INF] Route matched with {action = "GetPatientEncounters", controller = "Encounters"}. Executing controller action with signature System.Threading.Tasks.Task`1[Microsoft.AspNetCore.Mvc.IActionResult] GetPatientEncounters(Int32) on controller CMS.API.Controllers.EncountersController (CMS.API).
2026-09-02 16:01:48.438 +03:00 [INF] Route matched with {action = "GetPatientCertificates", controller = "MedicalCertificates"}. Executing controller action with signature System.Threading.Tasks.Task`1[Microsoft.AspNetCore.Mvc.IActionResult] GetPatientCertificates(Int32) on controller CMS.API.Controllers.MedicalCertificatesController (CMS.API).
2026-09-02 16:01:48.442 +03:00 [INF] Executing OkObjectResult, writing value of type 'CMS.Shared.DTOs.ApiResponse`1[[System.Collections.Generic.List`1[[CMS.Shared.DTOs.PatientDto, CMS.Shared, Version=1.0.0.0, Culture=neutral, PublicKeyToken=null]], System.Private.CoreLib, Version=8.0.0.0, Culture=neutral, PublicKeyToken=7cec85d7bea7798e]]'.
2026-09-02 16:01:48.442 +03:00 [INF] Route matched with {action = "GetLatestPatientVitals", controller = "Triage"}. Executing controller action with signature System.Threading.Tasks.Task`1[Microsoft.AspNetCore.Mvc.IActionResult] GetLatestPatientVitals(Int32) on controller CMS.API.Controllers.TriageController (CMS.API).
2026-09-02 16:01:48.456 +03:00 [INF] Executed action CMS.API.Controllers.PatientsController.Search (CMS.API) in 17.8365ms
2026-09-02 16:01:48.468 +03:00 [INF] Executed action CMS.API.Controllers.EncountersController.GetPatientEncounters (CMS.API) in 23.7789ms
2026-09-02 16:01:48.469 +03:00 [INF] Executed endpoint 'CMS.API.Controllers.PatientsController.Search (CMS.API)'
2026-09-02 16:01:48.474 +03:00 [INF] Executed endpoint 'CMS.API.Controllers.EncountersController.GetPatientEncounters (CMS.API)'
2026-09-02 16:01:48.478 +03:00 [INF] Request finished HTTP/1.1 GET http://localhost:5010/api/v1/patients/search - 200 null application/json; charset=utf-8 123.8143ms
2026-09-02 16:01:48.485 +03:00 [ERR] Unhandled exception encountered: Incorrect syntax near the keyword 'Plan'.
Microsoft.Data.SqlClient.SqlException (0x80131904): Incorrect syntax near the keyword 'Plan'.
   at Microsoft.Data.SqlClient.SqlCommand.<>c.<ExecuteDbDataReaderAsync>b__211_0(Task`1 result)
   at System.Threading.Tasks.ContinuationResultTaskFromResultTask`2.InnerInvoke()
   at System.Threading.ExecutionContext.RunInternal(ExecutionContext executionContext, ContextCallback callback, Object state)
--- End of stack trace from previous location ---
   at System.Threading.ExecutionContext.RunInternal(ExecutionContext executionContext, ContextCallback callback, Object state)
   at System.Threading.Tasks.Task.ExecuteWithThreadLocal(Task& currentTaskSlot, Thread threadPoolThread)
--- End of stack trace from previous location ---
   at Dapper.SqlMapper.QueryAsync[T](IDbConnection cnn, Type effectiveType, CommandDefinition command) in /_/Dapper/SqlMapper.Async.cs:line 434
   at CMS.Application.Encounters.EncounterService.GetPatientEncountersAsync(Byte tenantId, Int32 patientId) in C:\Users\ASUS\source\repos\CMS\src\CMS.Application\Encounters\EncounterService.cs:line 56
   at CMS.API.Controllers.EncountersController.GetPatientEncounters(Int32 patientId) in C:\Users\ASUS\source\repos\CMS\src\CMS.API\Controllers\ClinicalControllers.cs:line 97
   at Microsoft.AspNetCore.Mvc.Infrastructure.ActionMethodExecutor.TaskOfIActionResultExecutor.Execute(ActionContext actionContext, IActionResultTypeMapper mapper, ObjectMethodExecutor executor, Object controller, Object[] arguments)
   at Microsoft.AspNetCore.Mvc.Infrastructure.ControllerActionInvoker.<InvokeActionMethodAsync>g__Awaited|12_0(ControllerActionInvoker invoker, ValueTask`1 actionResultValueTask)
   at Microsoft.AspNetCore.Mvc.Infrastructure.ControllerActionInvoker.<InvokeNextActionFilterAsync>g__Awaited|10_0(ControllerActionInvoker invoker, Task lastTask, State next, Scope scope, Object state, Boolean isCompleted)
   at Microsoft.AspNetCore.Mvc.Infrastructure.ControllerActionInvoker.Rethrow(ActionExecutedContextSealed context)
   at Microsoft.AspNetCore.Mvc.Infrastructure.ControllerActionInvoker.Next(State& next, Scope& scope, Object& state, Boolean& isCompleted)
   at Microsoft.AspNetCore.Mvc.Infrastructure.ControllerActionInvoker.<InvokeInnerFilterAsync>g__Awaited|13_0(ControllerActionInvoker invoker, Task lastTask, State next, Scope scope, Object state, Boolean isCompleted)
   at Microsoft.AspNetCore.Mvc.Infrastructure.ResourceInvoker.<InvokeFilterPipelineAsync>g__Awaited|20_0(ResourceInvoker invoker, Task lastTask, State next, Scope scope, Object state, Boolean isCompleted)
   at Microsoft.AspNetCore.Mvc.Infrastructure.ResourceInvoker.<InvokeAsync>g__Logged|17_1(ResourceInvoker invoker)
   at Microsoft.AspNetCore.Mvc.Infrastructure.ResourceInvoker.<InvokeAsync>g__Logged|17_1(ResourceInvoker invoker)
   at Microsoft.AspNetCore.Routing.EndpointMiddleware.<Invoke>g__AwaitRequestTask|7_0(Endpoint endpoint, Task requestTask, ILogger logger)
   at Microsoft.AspNetCore.Authorization.AuthorizationMiddleware.Invoke(HttpContext context)
   at Microsoft.AspNetCore.Authentication.AuthenticationMiddleware.Invoke(HttpContext context)
   at Swashbuckle.AspNetCore.SwaggerUI.SwaggerUIMiddleware.Invoke(HttpContext httpContext)
   at Swashbuckle.AspNetCore.Swagger.SwaggerMiddleware.Invoke(HttpContext httpContext, ISwaggerProvider swaggerProvider)
   at CMS.API.Middleware.TenantMiddleware.InvokeAsync(HttpContext context) in C:\Users\ASUS\source\repos\CMS\src\CMS.API\Middleware\Middlewares.cs:line 26
   at CMS.API.Middleware.ExceptionMiddleware.InvokeAsync(HttpContext context) in C:\Users\ASUS\source\repos\CMS\src\CMS.API\Middleware\Middlewares.cs:line 45
ClientConnectionId:25db8244-51a6-4f65-b45f-8f30683f81cd
Error Number:156,State:1,Class:15
2026-09-02 16:01:48.489 +03:00 [INF] Executing OkObjectResult, writing value of type 'CMS.Shared.DTOs.ApiResponse`1[[System.Collections.Generic.List`1[[CMS.Shared.DTOs.MedicalCertificateDto, CMS.Shared, Version=1.0.0.0, Culture=neutral, PublicKeyToken=null]], System.Private.CoreLib, Version=8.0.0.0, Culture=neutral, PublicKeyToken=7cec85d7bea7798e]]'.
2026-09-02 16:01:48.513 +03:00 [INF] Executing OkObjectResult, writing value of type 'CMS.Shared.DTOs.ApiResponse`1[[CMS.Shared.DTOs.TriageDto, CMS.Shared, Version=1.0.0.0, Culture=neutral, PublicKeyToken=null]]'.
2026-09-02 16:01:48.561 +03:00 [INF] Request finished HTTP/1.1 GET http://localhost:5010/api/v1/encounters/patient/1 - 500 null application/json 206.0748ms
2026-09-02 16:01:48.562 +03:00 [INF] Executed action CMS.API.Controllers.MedicalCertificatesController.GetPatientCertificates (CMS.API) in 111.6292ms
2026-09-02 16:01:48.562 +03:00 [INF] Executed action CMS.API.Controllers.TriageController.GetLatestPatientVitals (CMS.API) in 97.9405ms
2026-09-02 16:01:48.575 +03:00 [INF] Executed endpoint 'CMS.API.Controllers.MedicalCertificatesController.GetPatientCertificates (CMS.API)'
2026-09-02 16:01:48.579 +03:00 [INF] Executed endpoint 'CMS.API.Controllers.TriageController.GetLatestPatientVitals (CMS.API)'
2026-09-02 16:01:48.581 +03:00 [INF] Request finished HTTP/1.1 GET http://localhost:5010/api/v1/medicalcertificates/patient/1 - 200 null application/json; charset=utf-8 225.8064ms
2026-09-02 16:01:48.584 +03:00 [INF] Request finished HTTP/1.1 GET http://localhost:5010/api/v1/triage/patient/1/latest - 200 null application/json; charset=utf-8 228.3716ms
2026-09-02 16:01:48.608 +03:00 [INF] Request starting HTTP/1.1 GET http://localhost:5010/api/v1/patients/search - application/json null
2026-09-02 16:01:48.616 +03:00 [INF] Failed to validate the token.
Microsoft.IdentityModel.Tokens.SecurityTokenMalformedException: IDX14120: JWT is not well formed, there is only one dot (.).
The token needs to be in JWS or JWE Compact Serialization Format. (JWS): 'EncodedHeader.EncodedPayload.EncodedSignature'. (JWE): 'EncodedProtectedHeader.EncodedEncryptedKey.EncodedInitializationVector.EncodedCiphertext.EncodedAuthenticationTag'.
   at Microsoft.IdentityModel.JsonWebTokens.JsonWebToken.ReadToken(ReadOnlyMemory`1 encodedTokenMemory)
   at Microsoft.IdentityModel.JsonWebTokens.JsonWebToken..ctor(String jwtEncodedString)
   at Microsoft.IdentityModel.JsonWebTokens.JsonWebTokenHandler.ReadToken(String token, TokenValidationParameters validationParameters)
2026-09-02 16:01:48.623 +03:00 [INF] Bearer was not authenticated. Failure message: IDX14120: JWT is not well formed, there is only one dot (.).
The token needs to be in JWS or JWE Compact Serialization Format. (JWS): 'EncodedHeader.EncodedPayload.EncodedSignature'. (JWE): 'EncodedProtectedHeader.EncodedEncryptedKey.EncodedInitializationVector.EncodedCiphertext.EncodedAuthenticationTag'.
2026-09-02 16:01:48.628 +03:00 [INF] Executing endpoint 'CMS.API.Controllers.PatientsController.Search (CMS.API)'
2026-09-02 16:01:48.633 +03:00 [INF] Route matched with {action = "Search", controller = "Patients"}. Executing controller action with signature System.Threading.Tasks.Task`1[Microsoft.AspNetCore.Mvc.IActionResult] Search(System.String, Int32) on controller CMS.API.Controllers.PatientsController (CMS.API).
2026-09-02 16:01:48.643 +03:00 [INF] Executing OkObjectResult, writing value of type 'CMS.Shared.DTOs.ApiResponse`1[[System.Collections.Generic.List`1[[CMS.Shared.DTOs.PatientDto, CMS.Shared, Version=1.0.0.0, Culture=neutral, PublicKeyToken=null]], System.Private.CoreLib, Version=8.0.0.0, Culture=neutral, PublicKeyToken=7cec85d7bea7798e]]'.
2026-09-02 16:01:48.648 +03:00 [INF] Executed action CMS.API.Controllers.PatientsController.Search (CMS.API) in 7.3977ms
2026-09-02 16:01:48.653 +03:00 [INF] Executed endpoint 'CMS.API.Controllers.PatientsController.Search (CMS.API)'
2026-09-02 16:01:48.658 +03:00 [INF] Request finished HTTP/1.1 GET http://localhost:5010/api/v1/patients/search - 200 null application/json; charset=utf-8 50.1703ms
2026-09-02 16:01:48.779 +03:00 [INF] Request starting HTTP/1.1 GET http://localhost:5010/api/v1/encounters/patient/1 - application/json null
2026-09-02 16:01:48.795 +03:00 [INF] Failed to validate the token.
Microsoft.IdentityModel.Tokens.SecurityTokenMalformedException: IDX14120: JWT is not well formed, there is only one dot (.).
The token needs to be in JWS or JWE Compact Serialization Format. (JWS): 'EncodedHeader.EncodedPayload.EncodedSignature'. (JWE): 'EncodedProtectedHeader.EncodedEncryptedKey.EncodedInitializationVector.EncodedCiphertext.EncodedAuthenticationTag'.
   at Microsoft.IdentityModel.JsonWebTokens.JsonWebToken.ReadToken(ReadOnlyMemory`1 encodedTokenMemory)
   at Microsoft.IdentityModel.JsonWebTokens.JsonWebToken..ctor(String jwtEncodedString)
   at Microsoft.IdentityModel.JsonWebTokens.JsonWebTokenHandler.ReadToken(String token, TokenValidationParameters validationParameters)
2026-09-02 16:01:48.801 +03:00 [INF] Bearer was not authenticated. Failure message: IDX14120: JWT is not well formed, there is only one dot (.).
The token needs to be in JWS or JWE Compact Serialization Format. (JWS): 'EncodedHeader.EncodedPayload.EncodedSignature'. (JWE): 'EncodedProtectedHeader.EncodedEncryptedKey.EncodedInitializationVector.EncodedCiphertext.EncodedAuthenticationTag'.
2026-09-02 16:01:48.806 +03:00 [INF] Executing endpoint 'CMS.API.Controllers.EncountersController.GetPatientEncounters (CMS.API)'
2026-09-02 16:01:48.811 +03:00 [INF] Route matched with {action = "GetPatientEncounters", controller = "Encounters"}. Executing controller action with signature System.Threading.Tasks.Task`1[Microsoft.AspNetCore.Mvc.IActionResult] GetPatientEncounters(Int32) on controller CMS.API.Controllers.EncountersController (CMS.API).
2026-09-02 16:01:48.822 +03:00 [INF] Executed action CMS.API.Controllers.EncountersController.GetPatientEncounters (CMS.API) in 5.8873ms
2026-09-02 16:01:48.828 +03:00 [INF] Executed endpoint 'CMS.API.Controllers.EncountersController.GetPatientEncounters (CMS.API)'
2026-09-02 16:01:48.832 +03:00 [ERR] Unhandled exception encountered: Incorrect syntax near the keyword 'Plan'.
Microsoft.Data.SqlClient.SqlException (0x80131904): Incorrect syntax near the keyword 'Plan'.
   at Microsoft.Data.SqlClient.SqlCommand.<>c.<ExecuteDbDataReaderAsync>b__211_0(Task`1 result)
   at System.Threading.Tasks.ContinuationResultTaskFromResultTask`2.InnerInvoke()
   at System.Threading.ExecutionContext.RunInternal(ExecutionContext executionContext, ContextCallback callback, Object state)
--- End of stack trace from previous location ---
   at System.Threading.ExecutionContext.RunInternal(ExecutionContext executionContext, ContextCallback callback, Object state)
   at System.Threading.Tasks.Task.ExecuteWithThreadLocal(Task& currentTaskSlot, Thread threadPoolThread)
--- End of stack trace from previous location ---
   at Dapper.SqlMapper.QueryAsync[T](IDbConnection cnn, Type effectiveType, CommandDefinition command) in /_/Dapper/SqlMapper.Async.cs:line 434
   at CMS.Application.Encounters.EncounterService.GetPatientEncountersAsync(Byte tenantId, Int32 patientId) in C:\Users\ASUS\source\repos\CMS\src\CMS.Application\Encounters\EncounterService.cs:line 56
   at CMS.API.Controllers.EncountersController.GetPatientEncounters(Int32 patientId) in C:\Users\ASUS\source\repos\CMS\src\CMS.API\Controllers\ClinicalControllers.cs:line 97
   at Microsoft.AspNetCore.Mvc.Infrastructure.ActionMethodExecutor.TaskOfIActionResultExecutor.Execute(ActionContext actionContext, IActionResultTypeMapper mapper, ObjectMethodExecutor executor, Object controller, Object[] arguments)
   at Microsoft.AspNetCore.Mvc.Infrastructure.ControllerActionInvoker.<InvokeActionMethodAsync>g__Awaited|12_0(ControllerActionInvoker invoker, ValueTask`1 actionResultValueTask)
   at Microsoft.AspNetCore.Mvc.Infrastructure.ControllerActionInvoker.<InvokeNextActionFilterAsync>g__Awaited|10_0(ControllerActionInvoker invoker, Task lastTask, State next, Scope scope, Object state, Boolean isCompleted)
   at Microsoft.AspNetCore.Mvc.Infrastructure.ControllerActionInvoker.Rethrow(ActionExecutedContextSealed context)
   at Microsoft.AspNetCore.Mvc.Infrastructure.ControllerActionInvoker.Next(State& next, Scope& scope, Object& state, Boolean& isCompleted)
   at Microsoft.AspNetCore.Mvc.Infrastructure.ControllerActionInvoker.<InvokeInnerFilterAsync>g__Awaited|13_0(ControllerActionInvoker invoker, Task lastTask, State next, Scope scope, Object state, Boolean isCompleted)
   at Microsoft.AspNetCore.Mvc.Infrastructure.ResourceInvoker.<InvokeFilterPipelineAsync>g__Awaited|20_0(ResourceInvoker invoker, Task lastTask, State next, Scope scope, Object state, Boolean isCompleted)
   at Microsoft.AspNetCore.Mvc.Infrastructure.ResourceInvoker.<InvokeAsync>g__Logged|17_1(ResourceInvoker invoker)
   at Microsoft.AspNetCore.Mvc.Infrastructure.ResourceInvoker.<InvokeAsync>g__Logged|17_1(ResourceInvoker invoker)
   at Microsoft.AspNetCore.Routing.EndpointMiddleware.<Invoke>g__AwaitRequestTask|7_0(Endpoint endpoint, Task requestTask, ILogger logger)
   at Microsoft.AspNetCore.Authorization.AuthorizationMiddleware.Invoke(HttpContext context)
   at Microsoft.AspNetCore.Authentication.AuthenticationMiddleware.Invoke(HttpContext context)
   at Swashbuckle.AspNetCore.SwaggerUI.SwaggerUIMiddleware.Invoke(HttpContext httpContext)
   at Swashbuckle.AspNetCore.Swagger.SwaggerMiddleware.Invoke(HttpContext httpContext, ISwaggerProvider swaggerProvider)
   at CMS.API.Middleware.TenantMiddleware.InvokeAsync(HttpContext context) in C:\Users\ASUS\source\repos\CMS\src\CMS.API\Middleware\Middlewares.cs:line 26
   at CMS.API.Middleware.ExceptionMiddleware.InvokeAsync(HttpContext context) in C:\Users\ASUS\source\repos\CMS\src\CMS.API\Middleware\Middlewares.cs:line 45
ClientConnectionId:25db8244-51a6-4f65-b45f-8f30683f81cd
Error Number:156,State:1,Class:15
2026-09-02 16:01:48.857 +03:00 [INF] Request finished HTTP/1.1 GET http://localhost:5010/api/v1/encounters/patient/1 - 500 null application/json 78.8666ms
2026-09-02 16:01:48.888 +03:00 [INF] Request starting HTTP/1.1 GET http://localhost:5010/api/v1/medicalcertificates/patient/1 - application/json null
2026-09-02 16:01:48.888 +03:00 [INF] Request starting HTTP/1.1 GET http://localhost:5010/api/v1/triage/patient/1/latest - application/json null
2026-09-02 16:01:48.897 +03:00 [INF] Failed to validate the token.
Microsoft.IdentityModel.Tokens.SecurityTokenMalformedException: IDX14120: JWT is not well formed, there is only one dot (.).
The token needs to be in JWS or JWE Compact Serialization Format. (JWS): 'EncodedHeader.EncodedPayload.EncodedSignature'. (JWE): 'EncodedProtectedHeader.EncodedEncryptedKey.EncodedInitializationVector.EncodedCiphertext.EncodedAuthenticationTag'.
   at Microsoft.IdentityModel.JsonWebTokens.JsonWebToken.ReadToken(ReadOnlyMemory`1 encodedTokenMemory)
   at Microsoft.IdentityModel.JsonWebTokens.JsonWebToken..ctor(String jwtEncodedString)
   at Microsoft.IdentityModel.JsonWebTokens.JsonWebTokenHandler.ReadToken(String token, TokenValidationParameters validationParameters)
2026-09-02 16:01:48.906 +03:00 [INF] Failed to validate the token.
Microsoft.IdentityModel.Tokens.SecurityTokenMalformedException: IDX14120: JWT is not well formed, there is only one dot (.).
The token needs to be in JWS or JWE Compact Serialization Format. (JWS): 'EncodedHeader.EncodedPayload.EncodedSignature'. (JWE): 'EncodedProtectedHeader.EncodedEncryptedKey.EncodedInitializationVector.EncodedCiphertext.EncodedAuthenticationTag'.
   at Microsoft.IdentityModel.JsonWebTokens.JsonWebToken.ReadToken(ReadOnlyMemory`1 encodedTokenMemory)
   at Microsoft.IdentityModel.JsonWebTokens.JsonWebToken..ctor(String jwtEncodedString)
   at Microsoft.IdentityModel.JsonWebTokens.JsonWebTokenHandler.ReadToken(String token, TokenValidationParameters validationParameters)
2026-09-02 16:01:48.910 +03:00 [INF] Bearer was not authenticated. Failure message: IDX14120: JWT is not well formed, there is only one dot (.).
The token needs to be in JWS or JWE Compact Serialization Format. (JWS): 'EncodedHeader.EncodedPayload.EncodedSignature'. (JWE): 'EncodedProtectedHeader.EncodedEncryptedKey.EncodedInitializationVector.EncodedCiphertext.EncodedAuthenticationTag'.
2026-09-02 16:01:48.915 +03:00 [INF] Bearer was not authenticated. Failure message: IDX14120: JWT is not well formed, there is only one dot (.).
The token needs to be in JWS or JWE Compact Serialization Format. (JWS): 'EncodedHeader.EncodedPayload.EncodedSignature'. (JWE): 'EncodedProtectedHeader.EncodedEncryptedKey.EncodedInitializationVector.EncodedCiphertext.EncodedAuthenticationTag'.
2026-09-02 16:01:48.919 +03:00 [INF] Executing endpoint 'CMS.API.Controllers.MedicalCertificatesController.GetPatientCertificates (CMS.API)'
2026-09-02 16:01:48.922 +03:00 [INF] Executing endpoint 'CMS.API.Controllers.TriageController.GetLatestPatientVitals (CMS.API)'
2026-09-02 16:01:48.925 +03:00 [INF] Route matched with {action = "GetPatientCertificates", controller = "MedicalCertificates"}. Executing controller action with signature System.Threading.Tasks.Task`1[Microsoft.AspNetCore.Mvc.IActionResult] GetPatientCertificates(Int32) on controller CMS.API.Controllers.MedicalCertificatesController (CMS.API).
2026-09-02 16:01:48.928 +03:00 [INF] Route matched with {action = "GetLatestPatientVitals", controller = "Triage"}. Executing controller action with signature System.Threading.Tasks.Task`1[Microsoft.AspNetCore.Mvc.IActionResult] GetLatestPatientVitals(Int32) on controller CMS.API.Controllers.TriageController (CMS.API).
2026-09-02 16:01:48.937 +03:00 [INF] Executing OkObjectResult, writing value of type 'CMS.Shared.DTOs.ApiResponse`1[[System.Collections.Generic.List`1[[CMS.Shared.DTOs.MedicalCertificateDto, CMS.Shared, Version=1.0.0.0, Culture=neutral, PublicKeyToken=null]], System.Private.CoreLib, Version=8.0.0.0, Culture=neutral, PublicKeyToken=7cec85d7bea7798e]]'.
2026-09-02 16:01:48.942 +03:00 [INF] Executing OkObjectResult, writing value of type 'CMS.Shared.DTOs.ApiResponse`1[[CMS.Shared.DTOs.TriageDto, CMS.Shared, Version=1.0.0.0, Culture=neutral, PublicKeyToken=null]]'.
2026-09-02 16:01:48.944 +03:00 [INF] Executed action CMS.API.Controllers.MedicalCertificatesController.GetPatientCertificates (CMS.API) in 10.6961ms
2026-09-02 16:01:48.948 +03:00 [INF] Executed action CMS.API.Controllers.TriageController.GetLatestPatientVitals (CMS.API) in 8.9885ms
2026-09-02 16:01:48.951 +03:00 [INF] Executed endpoint 'CMS.API.Controllers.MedicalCertificatesController.GetPatientCertificates (CMS.API)'
2026-09-02 16:01:48.954 +03:00 [INF] Executed endpoint 'CMS.API.Controllers.TriageController.GetLatestPatientVitals (CMS.API)'
2026-09-02 16:01:48.956 +03:00 [INF] Request finished HTTP/1.1 GET http://localhost:5010/api/v1/medicalcertificates/patient/1 - 200 null application/json; charset=utf-8 68.3131ms
2026-09-02 16:01:48.961 +03:00 [INF] Request finished HTTP/1.1 GET http://localhost:5010/api/v1/triage/patient/1/latest - 200 null application/json; charset=utf-8 72.7032ms
2026-09-02 16:01:49.178 +03:00 [INF] Request starting HTTP/1.1 GET http://localhost:5010/api/v1/encounters/patient/1 - application/json null
2026-09-02 16:01:49.189 +03:00 [INF] Failed to validate the token.
Microsoft.IdentityModel.Tokens.SecurityTokenMalformedException: IDX14120: JWT is not well formed, there is only one dot (.).
The token needs to be in JWS or JWE Compact Serialization Format. (JWS): 'EncodedHeader.EncodedPayload.EncodedSignature'. (JWE): 'EncodedProtectedHeader.EncodedEncryptedKey.EncodedInitializationVector.EncodedCiphertext.EncodedAuthenticationTag'.
   at Microsoft.IdentityModel.JsonWebTokens.JsonWebToken.ReadToken(ReadOnlyMemory`1 encodedTokenMemory)
   at Microsoft.IdentityModel.JsonWebTokens.JsonWebToken..ctor(String jwtEncodedString)
   at Microsoft.IdentityModel.JsonWebTokens.JsonWebTokenHandler.ReadToken(String token, TokenValidationParameters validationParameters)
2026-09-02 16:01:49.195 +03:00 [INF] Bearer was not authenticated. Failure message: IDX14120: JWT is not well formed, there is only one dot (.).
The token needs to be in JWS or JWE Compact Serialization Format. (JWS): 'EncodedHeader.EncodedPayload.EncodedSignature'. (JWE): 'EncodedProtectedHeader.EncodedEncryptedKey.EncodedInitializationVector.EncodedCiphertext.EncodedAuthenticationTag'.
2026-09-02 16:01:49.198 +03:00 [INF] Executing endpoint 'CMS.API.Controllers.EncountersController.GetPatientEncounters (CMS.API)'
2026-09-02 16:01:49.200 +03:00 [INF] Route matched with {action = "GetPatientEncounters", controller = "Encounters"}. Executing controller action with signature System.Threading.Tasks.Task`1[Microsoft.AspNetCore.Mvc.IActionResult] GetPatientEncounters(Int32) on controller CMS.API.Controllers.EncountersController (CMS.API).
2026-09-02 16:01:49.211 +03:00 [INF] Executed action CMS.API.Controllers.EncountersController.GetPatientEncounters (CMS.API) in 5.5036ms
2026-09-02 16:01:49.215 +03:00 [INF] Executed endpoint 'CMS.API.Controllers.EncountersController.GetPatientEncounters (CMS.API)'
2026-09-02 16:01:49.218 +03:00 [ERR] Unhandled exception encountered: Incorrect syntax near the keyword 'Plan'.
Microsoft.Data.SqlClient.SqlException (0x80131904): Incorrect syntax near the keyword 'Plan'.
   at Microsoft.Data.SqlClient.SqlCommand.<>c.<ExecuteDbDataReaderAsync>b__211_0(Task`1 result)
   at System.Threading.Tasks.ContinuationResultTaskFromResultTask`2.InnerInvoke()
   at System.Threading.ExecutionContext.RunInternal(ExecutionContext executionContext, ContextCallback callback, Object state)
--- End of stack trace from previous location ---
   at System.Threading.ExecutionContext.RunInternal(ExecutionContext executionContext, ContextCallback callback, Object state)
   at System.Threading.Tasks.Task.ExecuteWithThreadLocal(Task& currentTaskSlot, Thread threadPoolThread)
--- End of stack trace from previous location ---
   at Dapper.SqlMapper.QueryAsync[T](IDbConnection cnn, Type effectiveType, CommandDefinition command) in /_/Dapper/SqlMapper.Async.cs:line 434
   at CMS.Application.Encounters.EncounterService.GetPatientEncountersAsync(Byte tenantId, Int32 patientId) in C:\Users\ASUS\source\repos\CMS\src\CMS.Application\Encounters\EncounterService.cs:line 56
   at CMS.API.Controllers.EncountersController.GetPatientEncounters(Int32 patientId) in C:\Users\ASUS\source\repos\CMS\src\CMS.API\Controllers\ClinicalControllers.cs:line 97
   at Microsoft.AspNetCore.Mvc.Infrastructure.ActionMethodExecutor.TaskOfIActionResultExecutor.Execute(ActionContext actionContext, IActionResultTypeMapper mapper, ObjectMethodExecutor executor, Object controller, Object[] arguments)
   at Microsoft.AspNetCore.Mvc.Infrastructure.ControllerActionInvoker.<InvokeActionMethodAsync>g__Awaited|12_0(ControllerActionInvoker invoker, ValueTask`1 actionResultValueTask)
   at Microsoft.AspNetCore.Mvc.Infrastructure.ControllerActionInvoker.<InvokeNextActionFilterAsync>g__Awaited|10_0(ControllerActionInvoker invoker, Task lastTask, State next, Scope scope, Object state, Boolean isCompleted)
   at Microsoft.AspNetCore.Mvc.Infrastructure.ControllerActionInvoker.Rethrow(ActionExecutedContextSealed context)
   at Microsoft.AspNetCore.Mvc.Infrastructure.ControllerActionInvoker.Next(State& next, Scope& scope, Object& state, Boolean& isCompleted)
   at Microsoft.AspNetCore.Mvc.Infrastructure.ControllerActionInvoker.<InvokeInnerFilterAsync>g__Awaited|13_0(ControllerActionInvoker invoker, Task lastTask, State next, Scope scope, Object state, Boolean isCompleted)
   at Microsoft.AspNetCore.Mvc.Infrastructure.ResourceInvoker.<InvokeFilterPipelineAsync>g__Awaited|20_0(ResourceInvoker invoker, Task lastTask, State next, Scope scope, Object state, Boolean isCompleted)
   at Microsoft.AspNetCore.Mvc.Infrastructure.ResourceInvoker.<InvokeAsync>g__Logged|17_1(ResourceInvoker invoker)
   at Microsoft.AspNetCore.Mvc.Infrastructure.ResourceInvoker.<InvokeAsync>g__Logged|17_1(ResourceInvoker invoker)
   at Microsoft.AspNetCore.Routing.EndpointMiddleware.<Invoke>g__AwaitRequestTask|7_0(Endpoint endpoint, Task requestTask, ILogger logger)
   at Microsoft.AspNetCore.Authorization.AuthorizationMiddleware.Invoke(HttpContext context)
   at Microsoft.AspNetCore.Authentication.AuthenticationMiddleware.Invoke(HttpContext context)
   at Swashbuckle.AspNetCore.SwaggerUI.SwaggerUIMiddleware.Invoke(HttpContext httpContext)
   at Swashbuckle.AspNetCore.Swagger.SwaggerMiddleware.Invoke(HttpContext httpContext, ISwaggerProvider swaggerProvider)
   at CMS.API.Middleware.TenantMiddleware.InvokeAsync(HttpContext context) in C:\Users\ASUS\source\repos\CMS\src\CMS.API\Middleware\Middlewares.cs:line 26
   at CMS.API.Middleware.ExceptionMiddleware.InvokeAsync(HttpContext context) in C:\Users\ASUS\source\repos\CMS\src\CMS.API\Middleware\Middlewares.cs:line 45
ClientConnectionId:25db8244-51a6-4f65-b45f-8f30683f81cd
Error Number:156,State:1,Class:15
2026-09-02 16:01:49.240 +03:00 [INF] Request finished HTTP/1.1 GET http://localhost:5010/api/v1/encounters/patient/1 - 500 null application/json 61.2091ms
2026-09-02 16:01:49.258 +03:00 [INF] Request starting HTTP/1.1 GET http://localhost:5010/api/v1/medicalcertificates/patient/1 - application/json null
2026-09-02 16:01:49.259 +03:00 [INF] Request starting HTTP/1.1 GET http://localhost:5010/api/v1/triage/patient/1/latest - application/json null
2026-09-02 16:01:49.267 +03:00 [INF] Failed to validate the token.
Microsoft.IdentityModel.Tokens.SecurityTokenMalformedException: IDX14120: JWT is not well formed, there is only one dot (.).
The token needs to be in JWS or JWE Compact Serialization Format. (JWS): 'EncodedHeader.EncodedPayload.EncodedSignature'. (JWE): 'EncodedProtectedHeader.EncodedEncryptedKey.EncodedInitializationVector.EncodedCiphertext.EncodedAuthenticationTag'.
   at Microsoft.IdentityModel.JsonWebTokens.JsonWebToken.ReadToken(ReadOnlyMemory`1 encodedTokenMemory)
   at Microsoft.IdentityModel.JsonWebTokens.JsonWebToken..ctor(String jwtEncodedString)
   at Microsoft.IdentityModel.JsonWebTokens.JsonWebTokenHandler.ReadToken(String token, TokenValidationParameters validationParameters)
2026-09-02 16:01:49.275 +03:00 [INF] Failed to validate the token.
Microsoft.IdentityModel.Tokens.SecurityTokenMalformedException: IDX14120: JWT is not well formed, there is only one dot (.).
The token needs to be in JWS or JWE Compact Serialization Format. (JWS): 'EncodedHeader.EncodedPayload.EncodedSignature'. (JWE): 'EncodedProtectedHeader.EncodedEncryptedKey.EncodedInitializationVector.EncodedCiphertext.EncodedAuthenticationTag'.
   at Microsoft.IdentityModel.JsonWebTokens.JsonWebToken.ReadToken(ReadOnlyMemory`1 encodedTokenMemory)
   at Microsoft.IdentityModel.JsonWebTokens.JsonWebToken..ctor(String jwtEncodedString)
   at Microsoft.IdentityModel.JsonWebTokens.JsonWebTokenHandler.ReadToken(String token, TokenValidationParameters validationParameters)
2026-09-02 16:01:49.280 +03:00 [INF] Bearer was not authenticated. Failure message: IDX14120: JWT is not well formed, there is only one dot (.).
The token needs to be in JWS or JWE Compact Serialization Format. (JWS): 'EncodedHeader.EncodedPayload.EncodedSignature'. (JWE): 'EncodedProtectedHeader.EncodedEncryptedKey.EncodedInitializationVector.EncodedCiphertext.EncodedAuthenticationTag'.
2026-09-02 16:01:49.283 +03:00 [INF] Bearer was not authenticated. Failure message: IDX14120: JWT is not well formed, there is only one dot (.).
The token needs to be in JWS or JWE Compact Serialization Format. (JWS): 'EncodedHeader.EncodedPayload.EncodedSignature'. (JWE): 'EncodedProtectedHeader.EncodedEncryptedKey.EncodedInitializationVector.EncodedCiphertext.EncodedAuthenticationTag'.
2026-09-02 16:01:49.285 +03:00 [INF] Executing endpoint 'CMS.API.Controllers.MedicalCertificatesController.GetPatientCertificates (CMS.API)'
2026-09-02 16:01:49.287 +03:00 [INF] Executing endpoint 'CMS.API.Controllers.TriageController.GetLatestPatientVitals (CMS.API)'
2026-09-02 16:01:49.289 +03:00 [INF] Route matched with {action = "GetPatientCertificates", controller = "MedicalCertificates"}. Executing controller action with signature System.Threading.Tasks.Task`1[Microsoft.AspNetCore.Mvc.IActionResult] GetPatientCertificates(Int32) on controller CMS.API.Controllers.MedicalCertificatesController (CMS.API).
2026-09-02 16:01:49.291 +03:00 [INF] Route matched with {action = "GetLatestPatientVitals", controller = "Triage"}. Executing controller action with signature System.Threading.Tasks.Task`1[Microsoft.AspNetCore.Mvc.IActionResult] GetLatestPatientVitals(Int32) on controller CMS.API.Controllers.TriageController (CMS.API).
2026-09-02 16:01:49.300 +03:00 [INF] Executing OkObjectResult, writing value of type 'CMS.Shared.DTOs.ApiResponse`1[[System.Collections.Generic.List`1[[CMS.Shared.DTOs.MedicalCertificateDto, CMS.Shared, Version=1.0.0.0, Culture=neutral, PublicKeyToken=null]], System.Private.CoreLib, Version=8.0.0.0, Culture=neutral, PublicKeyToken=7cec85d7bea7798e]]'.
2026-09-02 16:01:49.303 +03:00 [INF] Executing OkObjectResult, writing value of type 'CMS.Shared.DTOs.ApiResponse`1[[CMS.Shared.DTOs.TriageDto, CMS.Shared, Version=1.0.0.0, Culture=neutral, PublicKeyToken=null]]'.
2026-09-02 16:01:49.304 +03:00 [INF] Executed action CMS.API.Controllers.MedicalCertificatesController.GetPatientCertificates (CMS.API) in 7.8466ms
2026-09-02 16:01:49.306 +03:00 [INF] Executed action CMS.API.Controllers.TriageController.GetLatestPatientVitals (CMS.API) in 5.4632ms
2026-09-02 16:01:49.311 +03:00 [INF] Executed endpoint 'CMS.API.Controllers.MedicalCertificatesController.GetPatientCertificates (CMS.API)'
2026-09-02 16:01:49.314 +03:00 [INF] Executed endpoint 'CMS.API.Controllers.TriageController.GetLatestPatientVitals (CMS.API)'
2026-09-02 16:01:49.316 +03:00 [INF] Request finished HTTP/1.1 GET http://localhost:5010/api/v1/medicalcertificates/patient/1 - 200 null application/json; charset=utf-8 57.4538ms
2026-09-02 16:01:49.319 +03:00 [INF] Request finished HTTP/1.1 GET http://localhost:5010/api/v1/triage/patient/1/latest - 200 null application/json; charset=utf-8 60.061ms
2026-09-02 16:01:49.552 +03:00 [INF] Request starting HTTP/1.1 GET http://localhost:5010/api/v1/encounters/patient/1 - application/json null
2026-09-02 16:01:49.560 +03:00 [INF] Failed to validate the token.
Microsoft.IdentityModel.Tokens.SecurityTokenMalformedException: IDX14120: JWT is not well formed, there is only one dot (.).
The token needs to be in JWS or JWE Compact Serialization Format. (JWS): 'EncodedHeader.EncodedPayload.EncodedSignature'. (JWE): 'EncodedProtectedHeader.EncodedEncryptedKey.EncodedInitializationVector.EncodedCiphertext.EncodedAuthenticationTag'.
   at Microsoft.IdentityModel.JsonWebTokens.JsonWebToken.ReadToken(ReadOnlyMemory`1 encodedTokenMemory)
   at Microsoft.IdentityModel.JsonWebTokens.JsonWebToken..ctor(String jwtEncodedString)
   at Microsoft.IdentityModel.JsonWebTokens.JsonWebTokenHandler.ReadToken(String token, TokenValidationParameters validationParameters)
2026-09-02 16:01:49.566 +03:00 [INF] Bearer was not authenticated. Failure message: IDX14120: JWT is not well formed, there is only one dot (.).
The token needs to be in JWS or JWE Compact Serialization Format. (JWS): 'EncodedHeader.EncodedPayload.EncodedSignature'. (JWE): 'EncodedProtectedHeader.EncodedEncryptedKey.EncodedInitializationVector.EncodedCiphertext.EncodedAuthenticationTag'.
2026-09-02 16:01:49.569 +03:00 [INF] Executing endpoint 'CMS.API.Controllers.EncountersController.GetPatientEncounters (CMS.API)'
2026-09-02 16:01:49.572 +03:00 [INF] Route matched with {action = "GetPatientEncounters", controller = "Encounters"}. Executing controller action with signature System.Threading.Tasks.Task`1[Microsoft.AspNetCore.Mvc.IActionResult] GetPatientEncounters(Int32) on controller CMS.API.Controllers.EncountersController (CMS.API).
2026-09-02 16:01:49.581 +03:00 [INF] Executed action CMS.API.Controllers.EncountersController.GetPatientEncounters (CMS.API) in 3.7222ms
2026-09-02 16:01:49.585 +03:00 [INF] Executed endpoint 'CMS.API.Controllers.EncountersController.GetPatientEncounters (CMS.API)'
2026-09-02 16:01:49.589 +03:00 [ERR] Unhandled exception encountered: Incorrect syntax near the keyword 'Plan'.
Microsoft.Data.SqlClient.SqlException (0x80131904): Incorrect syntax near the keyword 'Plan'.
   at Microsoft.Data.SqlClient.SqlCommand.<>c.<ExecuteDbDataReaderAsync>b__211_0(Task`1 result)
   at System.Threading.Tasks.ContinuationResultTaskFromResultTask`2.InnerInvoke()
   at System.Threading.ExecutionContext.RunInternal(ExecutionContext executionContext, ContextCallback callback, Object state)
--- End of stack trace from previous location ---
   at System.Threading.ExecutionContext.RunInternal(ExecutionContext executionContext, ContextCallback callback, Object state)
   at System.Threading.Tasks.Task.ExecuteWithThreadLocal(Task& currentTaskSlot, Thread threadPoolThread)
--- End of stack trace from previous location ---
   at Dapper.SqlMapper.QueryAsync[T](IDbConnection cnn, Type effectiveType, CommandDefinition command) in /_/Dapper/SqlMapper.Async.cs:line 434
   at CMS.Application.Encounters.EncounterService.GetPatientEncountersAsync(Byte tenantId, Int32 patientId) in C:\Users\ASUS\source\repos\CMS\src\CMS.Application\Encounters\EncounterService.cs:line 56
   at CMS.API.Controllers.EncountersController.GetPatientEncounters(Int32 patientId) in C:\Users\ASUS\source\repos\CMS\src\CMS.API\Controllers\ClinicalControllers.cs:line 97
   at Microsoft.AspNetCore.Mvc.Infrastructure.ActionMethodExecutor.TaskOfIActionResultExecutor.Execute(ActionContext actionContext, IActionResultTypeMapper mapper, ObjectMethodExecutor executor, Object controller, Object[] arguments)
   at Microsoft.AspNetCore.Mvc.Infrastructure.ControllerActionInvoker.<InvokeActionMethodAsync>g__Awaited|12_0(ControllerActionInvoker invoker, ValueTask`1 actionResultValueTask)
   at Microsoft.AspNetCore.Mvc.Infrastructure.ControllerActionInvoker.<InvokeNextActionFilterAsync>g__Awaited|10_0(ControllerActionInvoker invoker, Task lastTask, State next, Scope scope, Object state, Boolean isCompleted)
   at Microsoft.AspNetCore.Mvc.Infrastructure.ControllerActionInvoker.Rethrow(ActionExecutedContextSealed context)
   at Microsoft.AspNetCore.Mvc.Infrastructure.ControllerActionInvoker.Next(State& next, Scope& scope, Object& state, Boolean& isCompleted)
   at Microsoft.AspNetCore.Mvc.Infrastructure.ControllerActionInvoker.<InvokeInnerFilterAsync>g__Awaited|13_0(ControllerActionInvoker invoker, Task lastTask, State next, Scope scope, Object state, Boolean isCompleted)
   at Microsoft.AspNetCore.Mvc.Infrastructure.ResourceInvoker.<InvokeFilterPipelineAsync>g__Awaited|20_0(ResourceInvoker invoker, Task lastTask, State next, Scope scope, Object state, Boolean isCompleted)
   at Microsoft.AspNetCore.Mvc.Infrastructure.ResourceInvoker.<InvokeAsync>g__Logged|17_1(ResourceInvoker invoker)
   at Microsoft.AspNetCore.Mvc.Infrastructure.ResourceInvoker.<InvokeAsync>g__Logged|17_1(ResourceInvoker invoker)
   at Microsoft.AspNetCore.Routing.EndpointMiddleware.<Invoke>g__AwaitRequestTask|7_0(Endpoint endpoint, Task requestTask, ILogger logger)
   at Microsoft.AspNetCore.Authorization.AuthorizationMiddleware.Invoke(HttpContext context)
   at Microsoft.AspNetCore.Authentication.AuthenticationMiddleware.Invoke(HttpContext context)
   at Swashbuckle.AspNetCore.SwaggerUI.SwaggerUIMiddleware.Invoke(HttpContext httpContext)
   at Swashbuckle.AspNetCore.Swagger.SwaggerMiddleware.Invoke(HttpContext httpContext, ISwaggerProvider swaggerProvider)
   at CMS.API.Middleware.TenantMiddleware.InvokeAsync(HttpContext context) in C:\Users\ASUS\source\repos\CMS\src\CMS.API\Middleware\Middlewares.cs:line 26
   at CMS.API.Middleware.ExceptionMiddleware.InvokeAsync(HttpContext context) in C:\Users\ASUS\source\repos\CMS\src\CMS.API\Middleware\Middlewares.cs:line 45
ClientConnectionId:25db8244-51a6-4f65-b45f-8f30683f81cd
Error Number:156,State:1,Class:15
2026-09-02 16:01:49.613 +03:00 [INF] Request finished HTTP/1.1 GET http://localhost:5010/api/v1/encounters/patient/1 - 500 null application/json 61.2278ms
2026-09-02 16:01:49.617 +03:00 [INF] Request starting HTTP/1.1 GET http://localhost:5010/api/v1/medicalcertificates/patient/1 - application/json null
2026-09-02 16:01:49.617 +03:00 [INF] Request starting HTTP/1.1 GET http://localhost:5010/api/v1/triage/patient/1/latest - application/json null
2026-09-02 16:01:49.630 +03:00 [INF] Failed to validate the token.
Microsoft.IdentityModel.Tokens.SecurityTokenMalformedException: IDX14120: JWT is not well formed, there is only one dot (.).
The token needs to be in JWS or JWE Compact Serialization Format. (JWS): 'EncodedHeader.EncodedPayload.EncodedSignature'. (JWE): 'EncodedProtectedHeader.EncodedEncryptedKey.EncodedInitializationVector.EncodedCiphertext.EncodedAuthenticationTag'.
   at Microsoft.IdentityModel.JsonWebTokens.JsonWebToken.ReadToken(ReadOnlyMemory`1 encodedTokenMemory)
   at Microsoft.IdentityModel.JsonWebTokens.JsonWebToken..ctor(String jwtEncodedString)
   at Microsoft.IdentityModel.JsonWebTokens.JsonWebTokenHandler.ReadToken(String token, TokenValidationParameters validationParameters)
2026-09-02 16:01:49.638 +03:00 [INF] Failed to validate the token.
Microsoft.IdentityModel.Tokens.SecurityTokenMalformedException: IDX14120: JWT is not well formed, there is only one dot (.).
The token needs to be in JWS or JWE Compact Serialization Format. (JWS): 'EncodedHeader.EncodedPayload.EncodedSignature'. (JWE): 'EncodedProtectedHeader.EncodedEncryptedKey.EncodedInitializationVector.EncodedCiphertext.EncodedAuthenticationTag'.
   at Microsoft.IdentityModel.JsonWebTokens.JsonWebToken.ReadToken(ReadOnlyMemory`1 encodedTokenMemory)
   at Microsoft.IdentityModel.JsonWebTokens.JsonWebToken..ctor(String jwtEncodedString)
   at Microsoft.IdentityModel.JsonWebTokens.JsonWebTokenHandler.ReadToken(String token, TokenValidationParameters validationParameters)
2026-09-02 16:01:49.643 +03:00 [INF] Bearer was not authenticated. Failure message: IDX14120: JWT is not well formed, there is only one dot (.).
The token needs to be in JWS or JWE Compact Serialization Format. (JWS): 'EncodedHeader.EncodedPayload.EncodedSignature'. (JWE): 'EncodedProtectedHeader.EncodedEncryptedKey.EncodedInitializationVector.EncodedCiphertext.EncodedAuthenticationTag'.
2026-09-02 16:01:49.648 +03:00 [INF] Bearer was not authenticated. Failure message: IDX14120: JWT is not well formed, there is only one dot (.).
The token needs to be in JWS or JWE Compact Serialization Format. (JWS): 'EncodedHeader.EncodedPayload.EncodedSignature'. (JWE): 'EncodedProtectedHeader.EncodedEncryptedKey.EncodedInitializationVector.EncodedCiphertext.EncodedAuthenticationTag'.
2026-09-02 16:01:49.651 +03:00 [INF] Executing endpoint 'CMS.API.Controllers.MedicalCertificatesController.GetPatientCertificates (CMS.API)'
2026-09-02 16:01:49.654 +03:00 [INF] Executing endpoint 'CMS.API.Controllers.TriageController.GetLatestPatientVitals (CMS.API)'
2026-09-02 16:01:49.657 +03:00 [INF] Route matched with {action = "GetPatientCertificates", controller = "MedicalCertificates"}. Executing controller action with signature System.Threading.Tasks.Task`1[Microsoft.AspNetCore.Mvc.IActionResult] GetPatientCertificates(Int32) on controller CMS.API.Controllers.MedicalCertificatesController (CMS.API).
2026-09-02 16:01:49.660 +03:00 [INF] Route matched with {action = "GetLatestPatientVitals", controller = "Triage"}. Executing controller action with signature System.Threading.Tasks.Task`1[Microsoft.AspNetCore.Mvc.IActionResult] GetLatestPatientVitals(Int32) on controller CMS.API.Controllers.TriageController (CMS.API).
2026-09-02 16:01:49.666 +03:00 [INF] Executing OkObjectResult, writing value of type 'CMS.Shared.DTOs.ApiResponse`1[[System.Collections.Generic.List`1[[CMS.Shared.DTOs.MedicalCertificateDto, CMS.Shared, Version=1.0.0.0, Culture=neutral, PublicKeyToken=null]], System.Private.CoreLib, Version=8.0.0.0, Culture=neutral, PublicKeyToken=7cec85d7bea7798e]]'.
2026-09-02 16:01:49.671 +03:00 [INF] Executing OkObjectResult, writing value of type 'CMS.Shared.DTOs.ApiResponse`1[[CMS.Shared.DTOs.TriageDto, CMS.Shared, Version=1.0.0.0, Culture=neutral, PublicKeyToken=null]]'.
2026-09-02 16:01:49.672 +03:00 [INF] Executed action CMS.API.Controllers.MedicalCertificatesController.GetPatientCertificates (CMS.API) in 8.618ms
2026-09-02 16:01:49.676 +03:00 [INF] Executed action CMS.API.Controllers.TriageController.GetLatestPatientVitals (CMS.API) in 7.3097ms
2026-09-02 16:01:49.679 +03:00 [INF] Executed endpoint 'CMS.API.Controllers.MedicalCertificatesController.GetPatientCertificates (CMS.API)'
2026-09-02 16:01:49.682 +03:00 [INF] Executed endpoint 'CMS.API.Controllers.TriageController.GetLatestPatientVitals (CMS.API)'
2026-09-02 16:01:49.685 +03:00 [INF] Request finished HTTP/1.1 GET http://localhost:5010/api/v1/medicalcertificates/patient/1 - 200 null application/json; charset=utf-8 67.9872ms
2026-09-02 16:01:49.688 +03:00 [INF] Request finished HTTP/1.1 GET http://localhost:5010/api/v1/triage/patient/1/latest - 200 null application/json; charset=utf-8 71.0315ms
2026-09-02 16:01:50.837 +03:00 [INF] Request starting HTTP/1.1 GET http://localhost:5010/api/v1/staff/doctors - application/json null
2026-09-02 16:01:50.837 +03:00 [INF] Request starting HTTP/1.1 GET http://localhost:5010/api/v1/appointments/doctor/1?date=2026-09-02 - application/json null
2026-09-02 16:01:50.843 +03:00 [INF] Failed to validate the token.
Microsoft.IdentityModel.Tokens.SecurityTokenMalformedException: IDX14120: JWT is not well formed, there is only one dot (.).
The token needs to be in JWS or JWE Compact Serialization Format. (JWS): 'EncodedHeader.EncodedPayload.EncodedSignature'. (JWE): 'EncodedProtectedHeader.EncodedEncryptedKey.EncodedInitializationVector.EncodedCiphertext.EncodedAuthenticationTag'.
   at Microsoft.IdentityModel.JsonWebTokens.JsonWebToken.ReadToken(ReadOnlyMemory`1 encodedTokenMemory)
   at Microsoft.IdentityModel.JsonWebTokens.JsonWebToken..ctor(String jwtEncodedString)
   at Microsoft.IdentityModel.JsonWebTokens.JsonWebTokenHandler.ReadToken(String token, TokenValidationParameters validationParameters)
2026-09-02 16:01:50.847 +03:00 [INF] Failed to validate the token.
Microsoft.IdentityModel.Tokens.SecurityTokenMalformedException: IDX14120: JWT is not well formed, there is only one dot (.).
The token needs to be in JWS or JWE Compact Serialization Format. (JWS): 'EncodedHeader.EncodedPayload.EncodedSignature'. (JWE): 'EncodedProtectedHeader.EncodedEncryptedKey.EncodedInitializationVector.EncodedCiphertext.EncodedAuthenticationTag'.
   at Microsoft.IdentityModel.JsonWebTokens.JsonWebToken.ReadToken(ReadOnlyMemory`1 encodedTokenMemory)
   at Microsoft.IdentityModel.JsonWebTokens.JsonWebToken..ctor(String jwtEncodedString)
   at Microsoft.IdentityModel.JsonWebTokens.JsonWebTokenHandler.ReadToken(String token, TokenValidationParameters validationParameters)
2026-09-02 16:01:50.852 +03:00 [INF] Bearer was not authenticated. Failure message: IDX14120: JWT is not well formed, there is only one dot (.).
The token needs to be in JWS or JWE Compact Serialization Format. (JWS): 'EncodedHeader.EncodedPayload.EncodedSignature'. (JWE): 'EncodedProtectedHeader.EncodedEncryptedKey.EncodedInitializationVector.EncodedCiphertext.EncodedAuthenticationTag'.
2026-09-02 16:01:50.854 +03:00 [INF] Bearer was not authenticated. Failure message: IDX14120: JWT is not well formed, there is only one dot (.).
The token needs to be in JWS or JWE Compact Serialization Format. (JWS): 'EncodedHeader.EncodedPayload.EncodedSignature'. (JWE): 'EncodedProtectedHeader.EncodedEncryptedKey.EncodedInitializationVector.EncodedCiphertext.EncodedAuthenticationTag'.
2026-09-02 16:01:50.857 +03:00 [INF] Executing endpoint 'CMS.API.Controllers.StaffController.GetDoctors (CMS.API)'
2026-09-02 16:01:50.858 +03:00 [INF] Executing endpoint 'CMS.API.Controllers.AppointmentsController.GetDoctorAppointments (CMS.API)'
2026-09-02 16:01:50.860 +03:00 [INF] Route matched with {action = "GetDoctors", controller = "Staff"}. Executing controller action with signature System.Threading.Tasks.Task`1[Microsoft.AspNetCore.Mvc.IActionResult] GetDoctors() on controller CMS.API.Controllers.StaffController (CMS.API).
2026-09-02 16:01:50.869 +03:00 [INF] Executing OkObjectResult, writing value of type 'CMS.Shared.DTOs.ApiResponse`1[[System.Collections.Generic.List`1[[CMS.Shared.DTOs.DoctorDto, CMS.Shared, Version=1.0.0.0, Culture=neutral, PublicKeyToken=null]], System.Private.CoreLib, Version=8.0.0.0, Culture=neutral, PublicKeyToken=7cec85d7bea7798e]]'.
2026-09-02 16:01:50.870 +03:00 [INF] Route matched with {action = "GetDoctorAppointments", controller = "Appointments"}. Executing controller action with signature System.Threading.Tasks.Task`1[Microsoft.AspNetCore.Mvc.IActionResult] GetDoctorAppointments(Int32, System.DateTime) on controller CMS.API.Controllers.AppointmentsController (CMS.API).
2026-09-02 16:01:50.872 +03:00 [INF] Executed action CMS.API.Controllers.StaffController.GetDoctors (CMS.API) in 5.8646ms
2026-09-02 16:01:50.878 +03:00 [INF] Executed endpoint 'CMS.API.Controllers.StaffController.GetDoctors (CMS.API)'
2026-09-02 16:01:50.881 +03:00 [INF] Request finished HTTP/1.1 GET http://localhost:5010/api/v1/staff/doctors - 200 null application/json; charset=utf-8 43.6355ms
2026-09-02 16:01:50.922 +03:00 [INF] Executed action CMS.API.Controllers.AppointmentsController.GetDoctorAppointments (CMS.API) in 46.9807ms
2026-09-02 16:01:50.926 +03:00 [INF] Executed endpoint 'CMS.API.Controllers.AppointmentsController.GetDoctorAppointments (CMS.API)'
2026-09-02 16:01:50.929 +03:00 [ERR] Unhandled exception encountered: A parameterless default constructor or one matching signature (System.Int32 Id, System.Int32 PatientId, System.String PatientName, System.Int32 DoctorId, System.String DoctorName, System.DateTime SlotDateTime, System.Byte DurationMinutes, System.Byte StatusId, System.String StatusName, System.String ReasonForVisit) is required for CMS.Shared.DTOs.AppointmentDto materialization
System.InvalidOperationException: A parameterless default constructor or one matching signature (System.Int32 Id, System.Int32 PatientId, System.String PatientName, System.Int32 DoctorId, System.String DoctorName, System.DateTime SlotDateTime, System.Byte DurationMinutes, System.Byte StatusId, System.String StatusName, System.String ReasonForVisit) is required for CMS.Shared.DTOs.AppointmentDto materialization
   at Dapper.SqlMapper.GenerateDeserializerFromMap(Type type, DbDataReader reader, Int32 startBound, Int32 length, Boolean returnNullIfFirstMissing, ILGenerator il) in /_/Dapper/SqlMapper.cs:line 3473
   at Dapper.SqlMapper.GetTypeDeserializerImpl(Type type, DbDataReader reader, Int32 startBound, Int32 length, Boolean returnNullIfFirstMissing) in /_/Dapper/SqlMapper.cs:line 3304
   at Dapper.SqlMapper.TypeDeserializerCache.GetReader(DbDataReader reader, Int32 startBound, Int32 length, Boolean returnNullIfFirstMissing) in /_/Dapper/SqlMapper.TypeDeserializerCache.cs:line 151
   at Dapper.SqlMapper.TypeDeserializerCache.GetReader(Type type, DbDataReader reader, Int32 startBound, Int32 length, Boolean returnNullIfFirstMissing) in /_/Dapper/SqlMapper.TypeDeserializerCache.cs:line 50
   at Dapper.SqlMapper.GetTypeDeserializer(Type type, DbDataReader reader, Int32 startBound, Int32 length, Boolean returnNullIfFirstMissing) in /_/Dapper/SqlMapper.cs:line 3258
   at Dapper.SqlMapper.GetDeserializer(Type type, DbDataReader reader, Int32 startBound, Int32 length, Boolean returnNullIfFirstMissing) in /_/Dapper/SqlMapper.cs:line 1945
   at Dapper.SqlMapper.QueryAsync[T](IDbConnection cnn, Type effectiveType, CommandDefinition command) in /_/Dapper/SqlMapper.Async.cs:line 442
   at CMS.Application.Appointments.AppointmentService.GetDoctorAppointmentsAsync(Byte tenantId, Int32 doctorId, DateTime date) in C:\Users\ASUS\source\repos\CMS\src\CMS.Application\Appointments\AppointmentService.cs:line 55
   at CMS.API.Controllers.AppointmentsController.GetDoctorAppointments(Int32 doctorId, DateTime date) in C:\Users\ASUS\source\repos\CMS\src\CMS.API\Controllers\ClinicalControllers.cs:line 60
   at Microsoft.AspNetCore.Mvc.Infrastructure.ActionMethodExecutor.TaskOfIActionResultExecutor.Execute(ActionContext actionContext, IActionResultTypeMapper mapper, ObjectMethodExecutor executor, Object controller, Object[] arguments)
   at Microsoft.AspNetCore.Mvc.Infrastructure.ControllerActionInvoker.<InvokeActionMethodAsync>g__Awaited|12_0(ControllerActionInvoker invoker, ValueTask`1 actionResultValueTask)
   at Microsoft.AspNetCore.Mvc.Infrastructure.ControllerActionInvoker.<InvokeNextActionFilterAsync>g__Awaited|10_0(ControllerActionInvoker invoker, Task lastTask, State next, Scope scope, Object state, Boolean isCompleted)
   at Microsoft.AspNetCore.Mvc.Infrastructure.ControllerActionInvoker.Rethrow(ActionExecutedContextSealed context)
   at Microsoft.AspNetCore.Mvc.Infrastructure.ControllerActionInvoker.Next(State& next, Scope& scope, Object& state, Boolean& isCompleted)
   at Microsoft.AspNetCore.Mvc.Infrastructure.ControllerActionInvoker.<InvokeInnerFilterAsync>g__Awaited|13_0(ControllerActionInvoker invoker, Task lastTask, State next, Scope scope, Object state, Boolean isCompleted)
   at Microsoft.AspNetCore.Mvc.Infrastructure.ResourceInvoker.<InvokeFilterPipelineAsync>g__Awaited|20_0(ResourceInvoker invoker, Task lastTask, State next, Scope scope, Object state, Boolean isCompleted)
   at Microsoft.AspNetCore.Mvc.Infrastructure.ResourceInvoker.<InvokeAsync>g__Logged|17_1(ResourceInvoker invoker)
   at Microsoft.AspNetCore.Mvc.Infrastructure.ResourceInvoker.<InvokeAsync>g__Logged|17_1(ResourceInvoker invoker)
   at Microsoft.AspNetCore.Routing.EndpointMiddleware.<Invoke>g__AwaitRequestTask|7_0(Endpoint endpoint, Task requestTask, ILogger logger)
   at Microsoft.AspNetCore.Authorization.AuthorizationMiddleware.Invoke(HttpContext context)
   at Microsoft.AspNetCore.Authentication.AuthenticationMiddleware.Invoke(HttpContext context)
   at Swashbuckle.AspNetCore.SwaggerUI.SwaggerUIMiddleware.Invoke(HttpContext httpContext)
   at Swashbuckle.AspNetCore.Swagger.SwaggerMiddleware.Invoke(HttpContext httpContext, ISwaggerProvider swaggerProvider)
   at CMS.API.Middleware.TenantMiddleware.InvokeAsync(HttpContext context) in C:\Users\ASUS\source\repos\CMS\src\CMS.API\Middleware\Middlewares.cs:line 26
   at CMS.API.Middleware.ExceptionMiddleware.InvokeAsync(HttpContext context) in C:\Users\ASUS\source\repos\CMS\src\CMS.API\Middleware\Middlewares.cs:line 45
2026-09-02 16:01:50.943 +03:00 [INF] Request finished HTTP/1.1 GET http://localhost:5010/api/v1/appointments/doctor/1?date=2026-09-02 - 500 null application/json 105.6562ms
2026-09-02 16:01:51.099 +03:00 [INF] Request starting HTTP/1.1 GET http://localhost:5010/api/v1/staff/doctors - application/json null
2026-09-02 16:01:51.105 +03:00 [INF] Failed to validate the token.
Microsoft.IdentityModel.Tokens.SecurityTokenMalformedException: IDX14120: JWT is not well formed, there is only one dot (.).
The token needs to be in JWS or JWE Compact Serialization Format. (JWS): 'EncodedHeader.EncodedPayload.EncodedSignature'. (JWE): 'EncodedProtectedHeader.EncodedEncryptedKey.EncodedInitializationVector.EncodedCiphertext.EncodedAuthenticationTag'.
   at Microsoft.IdentityModel.JsonWebTokens.JsonWebToken.ReadToken(ReadOnlyMemory`1 encodedTokenMemory)
   at Microsoft.IdentityModel.JsonWebTokens.JsonWebToken..ctor(String jwtEncodedString)
   at Microsoft.IdentityModel.JsonWebTokens.JsonWebTokenHandler.ReadToken(String token, TokenValidationParameters validationParameters)
2026-09-02 16:01:51.110 +03:00 [INF] Bearer was not authenticated. Failure message: IDX14120: JWT is not well formed, there is only one dot (.).
The token needs to be in JWS or JWE Compact Serialization Format. (JWS): 'EncodedHeader.EncodedPayload.EncodedSignature'. (JWE): 'EncodedProtectedHeader.EncodedEncryptedKey.EncodedInitializationVector.EncodedCiphertext.EncodedAuthenticationTag'.
2026-09-02 16:01:51.113 +03:00 [INF] Executing endpoint 'CMS.API.Controllers.StaffController.GetDoctors (CMS.API)'
2026-09-02 16:01:51.115 +03:00 [INF] Route matched with {action = "GetDoctors", controller = "Staff"}. Executing controller action with signature System.Threading.Tasks.Task`1[Microsoft.AspNetCore.Mvc.IActionResult] GetDoctors() on controller CMS.API.Controllers.StaffController (CMS.API).
2026-09-02 16:01:51.121 +03:00 [INF] Executing OkObjectResult, writing value of type 'CMS.Shared.DTOs.ApiResponse`1[[System.Collections.Generic.List`1[[CMS.Shared.DTOs.DoctorDto, CMS.Shared, Version=1.0.0.0, Culture=neutral, PublicKeyToken=null]], System.Private.CoreLib, Version=8.0.0.0, Culture=neutral, PublicKeyToken=7cec85d7bea7798e]]'.
2026-09-02 16:01:51.125 +03:00 [INF] Executed action CMS.API.Controllers.StaffController.GetDoctors (CMS.API) in 5.114ms
2026-09-02 16:01:51.130 +03:00 [INF] Executed endpoint 'CMS.API.Controllers.StaffController.GetDoctors (CMS.API)'
2026-09-02 16:01:51.133 +03:00 [INF] Request finished HTTP/1.1 GET http://localhost:5010/api/v1/staff/doctors - 200 null application/json; charset=utf-8 33.9216ms
2026-09-02 16:01:51.191 +03:00 [INF] Request starting HTTP/1.1 GET http://localhost:5010/api/v1/appointments/doctor/1?date=2026-09-02 - application/json null
2026-09-02 16:01:51.198 +03:00 [INF] Failed to validate the token.
Microsoft.IdentityModel.Tokens.SecurityTokenMalformedException: IDX14120: JWT is not well formed, there is only one dot (.).
The token needs to be in JWS or JWE Compact Serialization Format. (JWS): 'EncodedHeader.EncodedPayload.EncodedSignature'. (JWE): 'EncodedProtectedHeader.EncodedEncryptedKey.EncodedInitializationVector.EncodedCiphertext.EncodedAuthenticationTag'.
   at Microsoft.IdentityModel.JsonWebTokens.JsonWebToken.ReadToken(ReadOnlyMemory`1 encodedTokenMemory)
   at Microsoft.IdentityModel.JsonWebTokens.JsonWebToken..ctor(String jwtEncodedString)
   at Microsoft.IdentityModel.JsonWebTokens.JsonWebTokenHandler.ReadToken(String token, TokenValidationParameters validationParameters)
2026-09-02 16:01:51.201 +03:00 [INF] Bearer was not authenticated. Failure message: IDX14120: JWT is not well formed, there is only one dot (.).
The token needs to be in JWS or JWE Compact Serialization Format. (JWS): 'EncodedHeader.EncodedPayload.EncodedSignature'. (JWE): 'EncodedProtectedHeader.EncodedEncryptedKey.EncodedInitializationVector.EncodedCiphertext.EncodedAuthenticationTag'.
2026-09-02 16:01:51.204 +03:00 [INF] Executing endpoint 'CMS.API.Controllers.AppointmentsController.GetDoctorAppointments (CMS.API)'
2026-09-02 16:01:51.206 +03:00 [INF] Route matched with {action = "GetDoctorAppointments", controller = "Appointments"}. Executing controller action with signature System.Threading.Tasks.Task`1[Microsoft.AspNetCore.Mvc.IActionResult] GetDoctorAppointments(Int32, System.DateTime) on controller CMS.API.Controllers.AppointmentsController (CMS.API).
2026-09-02 16:01:51.214 +03:00 [INF] Executed action CMS.API.Controllers.AppointmentsController.GetDoctorAppointments (CMS.API) in 3.7631ms
2026-09-02 16:01:51.218 +03:00 [INF] Executed endpoint 'CMS.API.Controllers.AppointmentsController.GetDoctorAppointments (CMS.API)'
2026-09-02 16:01:51.221 +03:00 [ERR] Unhandled exception encountered: A parameterless default constructor or one matching signature (System.Int32 Id, System.Int32 PatientId, System.String PatientName, System.Int32 DoctorId, System.String DoctorName, System.DateTime SlotDateTime, System.Byte DurationMinutes, System.Byte StatusId, System.String StatusName, System.String ReasonForVisit) is required for CMS.Shared.DTOs.AppointmentDto materialization
System.InvalidOperationException: A parameterless default constructor or one matching signature (System.Int32 Id, System.Int32 PatientId, System.String PatientName, System.Int32 DoctorId, System.String DoctorName, System.DateTime SlotDateTime, System.Byte DurationMinutes, System.Byte StatusId, System.String StatusName, System.String ReasonForVisit) is required for CMS.Shared.DTOs.AppointmentDto materialization
   at Dapper.SqlMapper.GenerateDeserializerFromMap(Type type, DbDataReader reader, Int32 startBound, Int32 length, Boolean returnNullIfFirstMissing, ILGenerator il) in /_/Dapper/SqlMapper.cs:line 3473
   at Dapper.SqlMapper.GetTypeDeserializerImpl(Type type, DbDataReader reader, Int32 startBound, Int32 length, Boolean returnNullIfFirstMissing) in /_/Dapper/SqlMapper.cs:line 3304
   at Dapper.SqlMapper.TypeDeserializerCache.GetReader(DbDataReader reader, Int32 startBound, Int32 length, Boolean returnNullIfFirstMissing) in /_/Dapper/SqlMapper.TypeDeserializerCache.cs:line 151
   at Dapper.SqlMapper.TypeDeserializerCache.GetReader(Type type, DbDataReader reader, Int32 startBound, Int32 length, Boolean returnNullIfFirstMissing) in /_/Dapper/SqlMapper.TypeDeserializerCache.cs:line 50
   at Dapper.SqlMapper.GetTypeDeserializer(Type type, DbDataReader reader, Int32 startBound, Int32 length, Boolean returnNullIfFirstMissing) in /_/Dapper/SqlMapper.cs:line 3258
   at Dapper.SqlMapper.GetDeserializer(Type type, DbDataReader reader, Int32 startBound, Int32 length, Boolean returnNullIfFirstMissing) in /_/Dapper/SqlMapper.cs:line 1945
   at Dapper.SqlMapper.QueryAsync[T](IDbConnection cnn, Type effectiveType, CommandDefinition command) in /_/Dapper/SqlMapper.Async.cs:line 442
   at CMS.Application.Appointments.AppointmentService.GetDoctorAppointmentsAsync(Byte tenantId, Int32 doctorId, DateTime date) in C:\Users\ASUS\source\repos\CMS\src\CMS.Application\Appointments\AppointmentService.cs:line 55
   at CMS.API.Controllers.AppointmentsController.GetDoctorAppointments(Int32 doctorId, DateTime date) in C:\Users\ASUS\source\repos\CMS\src\CMS.API\Controllers\ClinicalControllers.cs:line 60
   at Microsoft.AspNetCore.Mvc.Infrastructure.ActionMethodExecutor.TaskOfIActionResultExecutor.Execute(ActionContext actionContext, IActionResultTypeMapper mapper, ObjectMethodExecutor executor, Object controller, Object[] arguments)
   at Microsoft.AspNetCore.Mvc.Infrastructure.ControllerActionInvoker.<InvokeActionMethodAsync>g__Awaited|12_0(ControllerActionInvoker invoker, ValueTask`1 actionResultValueTask)
   at Microsoft.AspNetCore.Mvc.Infrastructure.ControllerActionInvoker.<InvokeNextActionFilterAsync>g__Awaited|10_0(ControllerActionInvoker invoker, Task lastTask, State next, Scope scope, Object state, Boolean isCompleted)
   at Microsoft.AspNetCore.Mvc.Infrastructure.ControllerActionInvoker.Rethrow(ActionExecutedContextSealed context)
   at Microsoft.AspNetCore.Mvc.Infrastructure.ControllerActionInvoker.Next(State& next, Scope& scope, Object& state, Boolean& isCompleted)
   at Microsoft.AspNetCore.Mvc.Infrastructure.ControllerActionInvoker.<InvokeInnerFilterAsync>g__Awaited|13_0(ControllerActionInvoker invoker, Task lastTask, State next, Scope scope, Object state, Boolean isCompleted)
   at Microsoft.AspNetCore.Mvc.Infrastructure.ResourceInvoker.<InvokeFilterPipelineAsync>g__Awaited|20_0(ResourceInvoker invoker, Task lastTask, State next, Scope scope, Object state, Boolean isCompleted)
   at Microsoft.AspNetCore.Mvc.Infrastructure.ResourceInvoker.<InvokeAsync>g__Logged|17_1(ResourceInvoker invoker)
   at Microsoft.AspNetCore.Mvc.Infrastructure.ResourceInvoker.<InvokeAsync>g__Logged|17_1(ResourceInvoker invoker)
   at Microsoft.AspNetCore.Routing.EndpointMiddleware.<Invoke>g__AwaitRequestTask|7_0(Endpoint endpoint, Task requestTask, ILogger logger)
   at Microsoft.AspNetCore.Authorization.AuthorizationMiddleware.Invoke(HttpContext context)
   at Microsoft.AspNetCore.Authentication.AuthenticationMiddleware.Invoke(HttpContext context)
   at Swashbuckle.AspNetCore.SwaggerUI.SwaggerUIMiddleware.Invoke(HttpContext httpContext)
   at Swashbuckle.AspNetCore.Swagger.SwaggerMiddleware.Invoke(HttpContext httpContext, ISwaggerProvider swaggerProvider)
   at CMS.API.Middleware.TenantMiddleware.InvokeAsync(HttpContext context) in C:\Users\ASUS\source\repos\CMS\src\CMS.API\Middleware\Middlewares.cs:line 26
   at CMS.API.Middleware.ExceptionMiddleware.InvokeAsync(HttpContext context) in C:\Users\ASUS\source\repos\CMS\src\CMS.API\Middleware\Middlewares.cs:line 45
2026-09-02 16:01:51.235 +03:00 [INF] Request finished HTTP/1.1 GET http://localhost:5010/api/v1/appointments/doctor/1?date=2026-09-02 - 500 null application/json 43.9754ms
2026-09-02 16:01:52.349 +03:00 [INF] Request starting HTTP/1.1 GET http://localhost:5010/api/v1/queue/live - application/json null
2026-09-02 16:01:52.358 +03:00 [INF] Failed to validate the token.
Microsoft.IdentityModel.Tokens.SecurityTokenMalformedException: IDX14120: JWT is not well formed, there is only one dot (.).
The token needs to be in JWS or JWE Compact Serialization Format. (JWS): 'EncodedHeader.EncodedPayload.EncodedSignature'. (JWE): 'EncodedProtectedHeader.EncodedEncryptedKey.EncodedInitializationVector.EncodedCiphertext.EncodedAuthenticationTag'.
   at Microsoft.IdentityModel.JsonWebTokens.JsonWebToken.ReadToken(ReadOnlyMemory`1 encodedTokenMemory)
   at Microsoft.IdentityModel.JsonWebTokens.JsonWebToken..ctor(String jwtEncodedString)
   at Microsoft.IdentityModel.JsonWebTokens.JsonWebTokenHandler.ReadToken(String token, TokenValidationParameters validationParameters)
2026-09-02 16:01:52.363 +03:00 [INF] Bearer was not authenticated. Failure message: IDX14120: JWT is not well formed, there is only one dot (.).
The token needs to be in JWS or JWE Compact Serialization Format. (JWS): 'EncodedHeader.EncodedPayload.EncodedSignature'. (JWE): 'EncodedProtectedHeader.EncodedEncryptedKey.EncodedInitializationVector.EncodedCiphertext.EncodedAuthenticationTag'.
2026-09-02 16:01:52.367 +03:00 [INF] Executing endpoint 'CMS.API.Controllers.QueueController.GetLiveQueue (CMS.API)'
2026-09-02 16:01:52.380 +03:00 [INF] Route matched with {action = "GetLiveQueue", controller = "Queue"}. Executing controller action with signature System.Threading.Tasks.Task`1[Microsoft.AspNetCore.Mvc.IActionResult] GetLiveQueue() on controller CMS.API.Controllers.QueueController (CMS.API).
2026-09-02 16:01:52.410 +03:00 [INF] Executing OkObjectResult, writing value of type 'CMS.Shared.DTOs.ApiResponse`1[[System.Collections.Generic.List`1[[CMS.Shared.DTOs.PatientQueueDto, CMS.Shared, Version=1.0.0.0, Culture=neutral, PublicKeyToken=null]], System.Private.CoreLib, Version=8.0.0.0, Culture=neutral, PublicKeyToken=7cec85d7bea7798e]]'.
2026-09-02 16:01:52.418 +03:00 [INF] Executed action CMS.API.Controllers.QueueController.GetLiveQueue (CMS.API) in 32.8502ms
2026-09-02 16:01:52.421 +03:00 [INF] Executed endpoint 'CMS.API.Controllers.QueueController.GetLiveQueue (CMS.API)'
2026-09-02 16:01:52.423 +03:00 [INF] Request finished HTTP/1.1 GET http://localhost:5010/api/v1/queue/live - 200 null application/json; charset=utf-8 73.7753ms
2026-09-02 16:01:52.663 +03:00 [INF] Request starting HTTP/1.1 GET http://localhost:5010/api/v1/queue/counters - application/json null
2026-09-02 16:01:52.671 +03:00 [INF] Failed to validate the token.
Microsoft.IdentityModel.Tokens.SecurityTokenMalformedException: IDX14120: JWT is not well formed, there is only one dot (.).
The token needs to be in JWS or JWE Compact Serialization Format. (JWS): 'EncodedHeader.EncodedPayload.EncodedSignature'. (JWE): 'EncodedProtectedHeader.EncodedEncryptedKey.EncodedInitializationVector.EncodedCiphertext.EncodedAuthenticationTag'.
   at Microsoft.IdentityModel.JsonWebTokens.JsonWebToken.ReadToken(ReadOnlyMemory`1 encodedTokenMemory)
   at Microsoft.IdentityModel.JsonWebTokens.JsonWebToken..ctor(String jwtEncodedString)
   at Microsoft.IdentityModel.JsonWebTokens.JsonWebTokenHandler.ReadToken(String token, TokenValidationParameters validationParameters)
2026-09-02 16:01:52.675 +03:00 [INF] Bearer was not authenticated. Failure message: IDX14120: JWT is not well formed, there is only one dot (.).
The token needs to be in JWS or JWE Compact Serialization Format. (JWS): 'EncodedHeader.EncodedPayload.EncodedSignature'. (JWE): 'EncodedProtectedHeader.EncodedEncryptedKey.EncodedInitializationVector.EncodedCiphertext.EncodedAuthenticationTag'.
2026-09-02 16:01:52.678 +03:00 [INF] Executing endpoint 'CMS.API.Controllers.QueueController.GetCounters (CMS.API)'
2026-09-02 16:01:52.686 +03:00 [INF] Route matched with {action = "GetCounters", controller = "Queue"}. Executing controller action with signature System.Threading.Tasks.Task`1[Microsoft.AspNetCore.Mvc.IActionResult] GetCounters() on controller CMS.API.Controllers.QueueController (CMS.API).
2026-09-02 16:01:52.700 +03:00 [INF] Executing OkObjectResult, writing value of type 'CMS.Shared.DTOs.ApiResponse`1[[System.Collections.Generic.List`1[[CMS.Shared.DTOs.ServiceCounterDto, CMS.Shared, Version=1.0.0.0, Culture=neutral, PublicKeyToken=null]], System.Private.CoreLib, Version=8.0.0.0, Culture=neutral, PublicKeyToken=7cec85d7bea7798e]]'.
2026-09-02 16:01:52.706 +03:00 [INF] Executed action CMS.API.Controllers.QueueController.GetCounters (CMS.API) in 17.0294ms
2026-09-02 16:01:52.709 +03:00 [INF] Executed endpoint 'CMS.API.Controllers.QueueController.GetCounters (CMS.API)'
2026-09-02 16:01:52.712 +03:00 [INF] Request finished HTTP/1.1 GET http://localhost:5010/api/v1/queue/counters - 200 null application/json; charset=utf-8 48.1245ms
2026-09-02 16:01:52.742 +03:00 [INF] Request starting HTTP/1.1 GET http://localhost:5010/api/v1/queue/live - application/json null
2026-09-02 16:01:52.748 +03:00 [INF] Failed to validate the token.
Microsoft.IdentityModel.Tokens.SecurityTokenMalformedException: IDX14120: JWT is not well formed, there is only one dot (.).
The token needs to be in JWS or JWE Compact Serialization Format. (JWS): 'EncodedHeader.EncodedPayload.EncodedSignature'. (JWE): 'EncodedProtectedHeader.EncodedEncryptedKey.EncodedInitializationVector.EncodedCiphertext.EncodedAuthenticationTag'.
   at Microsoft.IdentityModel.JsonWebTokens.JsonWebToken.ReadToken(ReadOnlyMemory`1 encodedTokenMemory)
   at Microsoft.IdentityModel.JsonWebTokens.JsonWebToken..ctor(String jwtEncodedString)
   at Microsoft.IdentityModel.JsonWebTokens.JsonWebTokenHandler.ReadToken(String token, TokenValidationParameters validationParameters)
2026-09-02 16:01:52.753 +03:00 [INF] Bearer was not authenticated. Failure message: IDX14120: JWT is not well formed, there is only one dot (.).
The token needs to be in JWS or JWE Compact Serialization Format. (JWS): 'EncodedHeader.EncodedPayload.EncodedSignature'. (JWE): 'EncodedProtectedHeader.EncodedEncryptedKey.EncodedInitializationVector.EncodedCiphertext.EncodedAuthenticationTag'.
2026-09-02 16:01:52.757 +03:00 [INF] Executing endpoint 'CMS.API.Controllers.QueueController.GetLiveQueue (CMS.API)'
2026-09-02 16:01:52.760 +03:00 [INF] Route matched with {action = "GetLiveQueue", controller = "Queue"}. Executing controller action with signature System.Threading.Tasks.Task`1[Microsoft.AspNetCore.Mvc.IActionResult] GetLiveQueue() on controller CMS.API.Controllers.QueueController (CMS.API).
2026-09-02 16:01:52.768 +03:00 [INF] Executing OkObjectResult, writing value of type 'CMS.Shared.DTOs.ApiResponse`1[[System.Collections.Generic.List`1[[CMS.Shared.DTOs.PatientQueueDto, CMS.Shared, Version=1.0.0.0, Culture=neutral, PublicKeyToken=null]], System.Private.CoreLib, Version=8.0.0.0, Culture=neutral, PublicKeyToken=7cec85d7bea7798e]]'.
2026-09-02 16:01:52.771 +03:00 [INF] Executed action CMS.API.Controllers.QueueController.GetLiveQueue (CMS.API) in 7.2905ms
2026-09-02 16:01:52.774 +03:00 [INF] Executed endpoint 'CMS.API.Controllers.QueueController.GetLiveQueue (CMS.API)'
2026-09-02 16:01:52.777 +03:00 [INF] Request finished HTTP/1.1 GET http://localhost:5010/api/v1/queue/live - 200 null application/json; charset=utf-8 35.0379ms
2026-09-02 16:01:53.023 +03:00 [INF] Request starting HTTP/1.1 GET http://localhost:5010/api/v1/queue/counters - application/json null
2026-09-02 16:01:53.030 +03:00 [INF] Failed to validate the token.
Microsoft.IdentityModel.Tokens.SecurityTokenMalformedException: IDX14120: JWT is not well formed, there is only one dot (.).
The token needs to be in JWS or JWE Compact Serialization Format. (JWS): 'EncodedHeader.EncodedPayload.EncodedSignature'. (JWE): 'EncodedProtectedHeader.EncodedEncryptedKey.EncodedInitializationVector.EncodedCiphertext.EncodedAuthenticationTag'.
   at Microsoft.IdentityModel.JsonWebTokens.JsonWebToken.ReadToken(ReadOnlyMemory`1 encodedTokenMemory)
   at Microsoft.IdentityModel.JsonWebTokens.JsonWebToken..ctor(String jwtEncodedString)
   at Microsoft.IdentityModel.JsonWebTokens.JsonWebTokenHandler.ReadToken(String token, TokenValidationParameters validationParameters)
2026-09-02 16:01:53.034 +03:00 [INF] Bearer was not authenticated. Failure message: IDX14120: JWT is not well formed, there is only one dot (.).
The token needs to be in JWS or JWE Compact Serialization Format. (JWS): 'EncodedHeader.EncodedPayload.EncodedSignature'. (JWE): 'EncodedProtectedHeader.EncodedEncryptedKey.EncodedInitializationVector.EncodedCiphertext.EncodedAuthenticationTag'.
2026-09-02 16:01:53.036 +03:00 [INF] Executing endpoint 'CMS.API.Controllers.QueueController.GetCounters (CMS.API)'
2026-09-02 16:01:53.038 +03:00 [INF] Route matched with {action = "GetCounters", controller = "Queue"}. Executing controller action with signature System.Threading.Tasks.Task`1[Microsoft.AspNetCore.Mvc.IActionResult] GetCounters() on controller CMS.API.Controllers.QueueController (CMS.API).
2026-09-02 16:01:53.043 +03:00 [INF] Executing OkObjectResult, writing value of type 'CMS.Shared.DTOs.ApiResponse`1[[System.Collections.Generic.List`1[[CMS.Shared.DTOs.ServiceCounterDto, CMS.Shared, Version=1.0.0.0, Culture=neutral, PublicKeyToken=null]], System.Private.CoreLib, Version=8.0.0.0, Culture=neutral, PublicKeyToken=7cec85d7bea7798e]]'.
2026-09-02 16:01:53.046 +03:00 [INF] Executed action CMS.API.Controllers.QueueController.GetCounters (CMS.API) in 4.4418ms
2026-09-02 16:01:53.050 +03:00 [INF] Executed endpoint 'CMS.API.Controllers.QueueController.GetCounters (CMS.API)'
2026-09-02 16:01:53.052 +03:00 [INF] Request finished HTTP/1.1 GET http://localhost:5010/api/v1/queue/counters - 200 null application/json; charset=utf-8 29.3992ms
2026-09-02 16:01:58.430 +03:00 [INF] Request starting HTTP/1.1 GET http://localhost:5010/api/v1/patients/search - application/json null
2026-09-02 16:01:58.430 +03:00 [INF] Request starting HTTP/1.1 GET http://localhost:5010/api/v1/encounters/patient/1 - application/json null
2026-09-02 16:01:58.430 +03:00 [INF] Request starting HTTP/1.1 GET http://localhost:5010/api/v1/medicalcertificates/patient/1 - application/json null
2026-09-02 16:01:58.431 +03:00 [INF] Request starting HTTP/1.1 GET http://localhost:5010/api/v1/triage/patient/1/latest - application/json null
2026-09-02 16:01:58.441 +03:00 [INF] Failed to validate the token.
Microsoft.IdentityModel.Tokens.SecurityTokenMalformedException: IDX14120: JWT is not well formed, there is only one dot (.).
The token needs to be in JWS or JWE Compact Serialization Format. (JWS): 'EncodedHeader.EncodedPayload.EncodedSignature'. (JWE): 'EncodedProtectedHeader.EncodedEncryptedKey.EncodedInitializationVector.EncodedCiphertext.EncodedAuthenticationTag'.
   at Microsoft.IdentityModel.JsonWebTokens.JsonWebToken.ReadToken(ReadOnlyMemory`1 encodedTokenMemory)
   at Microsoft.IdentityModel.JsonWebTokens.JsonWebToken..ctor(String jwtEncodedString)
   at Microsoft.IdentityModel.JsonWebTokens.JsonWebTokenHandler.ReadToken(String token, TokenValidationParameters validationParameters)
2026-09-02 16:01:58.449 +03:00 [INF] Failed to validate the token.
Microsoft.IdentityModel.Tokens.SecurityTokenMalformedException: IDX14120: JWT is not well formed, there is only one dot (.).
The token needs to be in JWS or JWE Compact Serialization Format. (JWS): 'EncodedHeader.EncodedPayload.EncodedSignature'. (JWE): 'EncodedProtectedHeader.EncodedEncryptedKey.EncodedInitializationVector.EncodedCiphertext.EncodedAuthenticationTag'.
   at Microsoft.IdentityModel.JsonWebTokens.JsonWebToken.ReadToken(ReadOnlyMemory`1 encodedTokenMemory)
   at Microsoft.IdentityModel.JsonWebTokens.JsonWebToken..ctor(String jwtEncodedString)
   at Microsoft.IdentityModel.JsonWebTokens.JsonWebTokenHandler.ReadToken(String token, TokenValidationParameters validationParameters)
2026-09-02 16:01:58.457 +03:00 [INF] Failed to validate the token.
Microsoft.IdentityModel.Tokens.SecurityTokenMalformedException: IDX14120: JWT is not well formed, there is only one dot (.).
The token needs to be in JWS or JWE Compact Serialization Format. (JWS): 'EncodedHeader.EncodedPayload.EncodedSignature'. (JWE): 'EncodedProtectedHeader.EncodedEncryptedKey.EncodedInitializationVector.EncodedCiphertext.EncodedAuthenticationTag'.
   at Microsoft.IdentityModel.JsonWebTokens.JsonWebToken.ReadToken(ReadOnlyMemory`1 encodedTokenMemory)
   at Microsoft.IdentityModel.JsonWebTokens.JsonWebToken..ctor(String jwtEncodedString)
   at Microsoft.IdentityModel.JsonWebTokens.JsonWebTokenHandler.ReadToken(String token, TokenValidationParameters validationParameters)
2026-09-02 16:01:58.467 +03:00 [INF] Failed to validate the token.
Microsoft.IdentityModel.Tokens.SecurityTokenMalformedException: IDX14120: JWT is not well formed, there is only one dot (.).
The token needs to be in JWS or JWE Compact Serialization Format. (JWS): 'EncodedHeader.EncodedPayload.EncodedSignature'. (JWE): 'EncodedProtectedHeader.EncodedEncryptedKey.EncodedInitializationVector.EncodedCiphertext.EncodedAuthenticationTag'.
   at Microsoft.IdentityModel.JsonWebTokens.JsonWebToken.ReadToken(ReadOnlyMemory`1 encodedTokenMemory)
   at Microsoft.IdentityModel.JsonWebTokens.JsonWebToken..ctor(String jwtEncodedString)
   at Microsoft.IdentityModel.JsonWebTokens.JsonWebTokenHandler.ReadToken(String token, TokenValidationParameters validationParameters)
2026-09-02 16:01:58.472 +03:00 [INF] Bearer was not authenticated. Failure message: IDX14120: JWT is not well formed, there is only one dot (.).
The token needs to be in JWS or JWE Compact Serialization Format. (JWS): 'EncodedHeader.EncodedPayload.EncodedSignature'. (JWE): 'EncodedProtectedHeader.EncodedEncryptedKey.EncodedInitializationVector.EncodedCiphertext.EncodedAuthenticationTag'.
2026-09-02 16:01:58.477 +03:00 [INF] Bearer was not authenticated. Failure message: IDX14120: JWT is not well formed, there is only one dot (.).
The token needs to be in JWS or JWE Compact Serialization Format. (JWS): 'EncodedHeader.EncodedPayload.EncodedSignature'. (JWE): 'EncodedProtectedHeader.EncodedEncryptedKey.EncodedInitializationVector.EncodedCiphertext.EncodedAuthenticationTag'.
2026-09-02 16:01:58.482 +03:00 [INF] Bearer was not authenticated. Failure message: IDX14120: JWT is not well formed, there is only one dot (.).
The token needs to be in JWS or JWE Compact Serialization Format. (JWS): 'EncodedHeader.EncodedPayload.EncodedSignature'. (JWE): 'EncodedProtectedHeader.EncodedEncryptedKey.EncodedInitializationVector.EncodedCiphertext.EncodedAuthenticationTag'.
2026-09-02 16:01:58.487 +03:00 [INF] Bearer was not authenticated. Failure message: IDX14120: JWT is not well formed, there is only one dot (.).
The token needs to be in JWS or JWE Compact Serialization Format. (JWS): 'EncodedHeader.EncodedPayload.EncodedSignature'. (JWE): 'EncodedProtectedHeader.EncodedEncryptedKey.EncodedInitializationVector.EncodedCiphertext.EncodedAuthenticationTag'.
2026-09-02 16:01:58.490 +03:00 [INF] Executing endpoint 'CMS.API.Controllers.PatientsController.Search (CMS.API)'
2026-09-02 16:01:58.494 +03:00 [INF] Executing endpoint 'CMS.API.Controllers.EncountersController.GetPatientEncounters (CMS.API)'
2026-09-02 16:01:58.497 +03:00 [INF] Executing endpoint 'CMS.API.Controllers.MedicalCertificatesController.GetPatientCertificates (CMS.API)'
2026-09-02 16:01:58.499 +03:00 [INF] Executing endpoint 'CMS.API.Controllers.TriageController.GetLatestPatientVitals (CMS.API)'
2026-09-02 16:01:58.502 +03:00 [INF] Route matched with {action = "Search", controller = "Patients"}. Executing controller action with signature System.Threading.Tasks.Task`1[Microsoft.AspNetCore.Mvc.IActionResult] Search(System.String, Int32) on controller CMS.API.Controllers.PatientsController (CMS.API).
2026-09-02 16:01:58.504 +03:00 [INF] Route matched with {action = "GetPatientEncounters", controller = "Encounters"}. Executing controller action with signature System.Threading.Tasks.Task`1[Microsoft.AspNetCore.Mvc.IActionResult] GetPatientEncounters(Int32) on controller CMS.API.Controllers.EncountersController (CMS.API).
2026-09-02 16:01:58.506 +03:00 [INF] Route matched with {action = "GetPatientCertificates", controller = "MedicalCertificates"}. Executing controller action with signature System.Threading.Tasks.Task`1[Microsoft.AspNetCore.Mvc.IActionResult] GetPatientCertificates(Int32) on controller CMS.API.Controllers.MedicalCertificatesController (CMS.API).
2026-09-02 16:01:58.508 +03:00 [INF] Route matched with {action = "GetLatestPatientVitals", controller = "Triage"}. Executing controller action with signature System.Threading.Tasks.Task`1[Microsoft.AspNetCore.Mvc.IActionResult] GetLatestPatientVitals(Int32) on controller CMS.API.Controllers.TriageController (CMS.API).
2026-09-02 16:01:58.517 +03:00 [INF] Executing OkObjectResult, writing value of type 'CMS.Shared.DTOs.ApiResponse`1[[System.Collections.Generic.List`1[[CMS.Shared.DTOs.PatientDto, CMS.Shared, Version=1.0.0.0, Culture=neutral, PublicKeyToken=null]], System.Private.CoreLib, Version=8.0.0.0, Culture=neutral, PublicKeyToken=7cec85d7bea7798e]]'.
2026-09-02 16:01:58.522 +03:00 [INF] Executed action CMS.API.Controllers.EncountersController.GetPatientEncounters (CMS.API) in 3.81ms
2026-09-02 16:01:58.524 +03:00 [INF] Executing OkObjectResult, writing value of type 'CMS.Shared.DTOs.ApiResponse`1[[System.Collections.Generic.List`1[[CMS.Shared.DTOs.MedicalCertificateDto, CMS.Shared, Version=1.0.0.0, Culture=neutral, PublicKeyToken=null]], System.Private.CoreLib, Version=8.0.0.0, Culture=neutral, PublicKeyToken=7cec85d7bea7798e]]'.
2026-09-02 16:01:58.531 +03:00 [INF] Executing OkObjectResult, writing value of type 'CMS.Shared.DTOs.ApiResponse`1[[CMS.Shared.DTOs.TriageDto, CMS.Shared, Version=1.0.0.0, Culture=neutral, PublicKeyToken=null]]'.
2026-09-02 16:01:58.533 +03:00 [INF] Executed action CMS.API.Controllers.PatientsController.Search (CMS.API) in 17.7308ms
2026-09-02 16:01:58.536 +03:00 [INF] Executed endpoint 'CMS.API.Controllers.EncountersController.GetPatientEncounters (CMS.API)'
2026-09-02 16:01:58.539 +03:00 [INF] Executed action CMS.API.Controllers.MedicalCertificatesController.GetPatientCertificates (CMS.API) in 16.9579ms
2026-09-02 16:01:58.542 +03:00 [INF] Executed action CMS.API.Controllers.TriageController.GetLatestPatientVitals (CMS.API) in 14.4829ms
2026-09-02 16:01:58.546 +03:00 [INF] Executed endpoint 'CMS.API.Controllers.PatientsController.Search (CMS.API)'
2026-09-02 16:01:58.548 +03:00 [ERR] Unhandled exception encountered: Incorrect syntax near the keyword 'Plan'.
Microsoft.Data.SqlClient.SqlException (0x80131904): Incorrect syntax near the keyword 'Plan'.
   at Microsoft.Data.SqlClient.SqlCommand.<>c.<ExecuteDbDataReaderAsync>b__211_0(Task`1 result)
   at System.Threading.Tasks.ContinuationResultTaskFromResultTask`2.InnerInvoke()
   at System.Threading.ExecutionContext.RunInternal(ExecutionContext executionContext, ContextCallback callback, Object state)
--- End of stack trace from previous location ---
   at System.Threading.ExecutionContext.RunInternal(ExecutionContext executionContext, ContextCallback callback, Object state)
   at System.Threading.Tasks.Task.ExecuteWithThreadLocal(Task& currentTaskSlot, Thread threadPoolThread)
--- End of stack trace from previous location ---
   at Dapper.SqlMapper.QueryAsync[T](IDbConnection cnn, Type effectiveType, CommandDefinition command) in /_/Dapper/SqlMapper.Async.cs:line 434
   at CMS.Application.Encounters.EncounterService.GetPatientEncountersAsync(Byte tenantId, Int32 patientId) in C:\Users\ASUS\source\repos\CMS\src\CMS.Application\Encounters\EncounterService.cs:line 56
   at CMS.API.Controllers.EncountersController.GetPatientEncounters(Int32 patientId) in C:\Users\ASUS\source\repos\CMS\src\CMS.API\Controllers\ClinicalControllers.cs:line 97
   at Microsoft.AspNetCore.Mvc.Infrastructure.ActionMethodExecutor.TaskOfIActionResultExecutor.Execute(ActionContext actionContext, IActionResultTypeMapper mapper, ObjectMethodExecutor executor, Object controller, Object[] arguments)
   at Microsoft.AspNetCore.Mvc.Infrastructure.ControllerActionInvoker.<InvokeActionMethodAsync>g__Awaited|12_0(ControllerActionInvoker invoker, ValueTask`1 actionResultValueTask)
   at Microsoft.AspNetCore.Mvc.Infrastructure.ControllerActionInvoker.<InvokeNextActionFilterAsync>g__Awaited|10_0(ControllerActionInvoker invoker, Task lastTask, State next, Scope scope, Object state, Boolean isCompleted)
   at Microsoft.AspNetCore.Mvc.Infrastructure.ControllerActionInvoker.Rethrow(ActionExecutedContextSealed context)
   at Microsoft.AspNetCore.Mvc.Infrastructure.ControllerActionInvoker.Next(State& next, Scope& scope, Object& state, Boolean& isCompleted)
   at Microsoft.AspNetCore.Mvc.Infrastructure.ControllerActionInvoker.<InvokeInnerFilterAsync>g__Awaited|13_0(ControllerActionInvoker invoker, Task lastTask, State next, Scope scope, Object state, Boolean isCompleted)
   at Microsoft.AspNetCore.Mvc.Infrastructure.ResourceInvoker.<InvokeFilterPipelineAsync>g__Awaited|20_0(ResourceInvoker invoker, Task lastTask, State next, Scope scope, Object state, Boolean isCompleted)
   at Microsoft.AspNetCore.Mvc.Infrastructure.ResourceInvoker.<InvokeAsync>g__Logged|17_1(ResourceInvoker invoker)
   at Microsoft.AspNetCore.Mvc.Infrastructure.ResourceInvoker.<InvokeAsync>g__Logged|17_1(ResourceInvoker invoker)
   at Microsoft.AspNetCore.Routing.EndpointMiddleware.<Invoke>g__AwaitRequestTask|7_0(Endpoint endpoint, Task requestTask, ILogger logger)
   at Microsoft.AspNetCore.Authorization.AuthorizationMiddleware.Invoke(HttpContext context)
   at Microsoft.AspNetCore.Authentication.AuthenticationMiddleware.Invoke(HttpContext context)
   at Swashbuckle.AspNetCore.SwaggerUI.SwaggerUIMiddleware.Invoke(HttpContext httpContext)
   at Swashbuckle.AspNetCore.Swagger.SwaggerMiddleware.Invoke(HttpContext httpContext, ISwaggerProvider swaggerProvider)
   at CMS.API.Middleware.TenantMiddleware.InvokeAsync(HttpContext context) in C:\Users\ASUS\source\repos\CMS\src\CMS.API\Middleware\Middlewares.cs:line 26
   at CMS.API.Middleware.ExceptionMiddleware.InvokeAsync(HttpContext context) in C:\Users\ASUS\source\repos\CMS\src\CMS.API\Middleware\Middlewares.cs:line 45
ClientConnectionId:25db8244-51a6-4f65-b45f-8f30683f81cd
Error Number:156,State:1,Class:15
2026-09-02 16:01:58.551 +03:00 [INF] Executed endpoint 'CMS.API.Controllers.MedicalCertificatesController.GetPatientCertificates (CMS.API)'
2026-09-02 16:01:58.555 +03:00 [INF] Executed endpoint 'CMS.API.Controllers.TriageController.GetLatestPatientVitals (CMS.API)'
2026-09-02 16:01:58.557 +03:00 [INF] Request finished HTTP/1.1 GET http://localhost:5010/api/v1/patients/search - 200 null application/json; charset=utf-8 127.722ms
2026-09-02 16:01:58.581 +03:00 [INF] Request finished HTTP/1.1 GET http://localhost:5010/api/v1/medicalcertificates/patient/1 - 200 null application/json; charset=utf-8 151.1478ms
2026-09-02 16:01:58.581 +03:00 [INF] Request finished HTTP/1.1 GET http://localhost:5010/api/v1/encounters/patient/1 - 500 null application/json 151.4015ms
2026-09-02 16:01:58.585 +03:00 [INF] Request finished HTTP/1.1 GET http://localhost:5010/api/v1/triage/patient/1/latest - 200 null application/json; charset=utf-8 154.3277ms
2026-09-02 16:01:58.674 +03:00 [INF] Request starting HTTP/1.1 GET http://localhost:5010/api/v1/patients/search - application/json null
2026-09-02 16:01:58.682 +03:00 [INF] Failed to validate the token.
Microsoft.IdentityModel.Tokens.SecurityTokenMalformedException: IDX14120: JWT is not well formed, there is only one dot (.).
The token needs to be in JWS or JWE Compact Serialization Format. (JWS): 'EncodedHeader.EncodedPayload.EncodedSignature'. (JWE): 'EncodedProtectedHeader.EncodedEncryptedKey.EncodedInitializationVector.EncodedCiphertext.EncodedAuthenticationTag'.
   at Microsoft.IdentityModel.JsonWebTokens.JsonWebToken.ReadToken(ReadOnlyMemory`1 encodedTokenMemory)
   at Microsoft.IdentityModel.JsonWebTokens.JsonWebToken..ctor(String jwtEncodedString)
   at Microsoft.IdentityModel.JsonWebTokens.JsonWebTokenHandler.ReadToken(String token, TokenValidationParameters validationParameters)
2026-09-02 16:01:58.688 +03:00 [INF] Bearer was not authenticated. Failure message: IDX14120: JWT is not well formed, there is only one dot (.).
The token needs to be in JWS or JWE Compact Serialization Format. (JWS): 'EncodedHeader.EncodedPayload.EncodedSignature'. (JWE): 'EncodedProtectedHeader.EncodedEncryptedKey.EncodedInitializationVector.EncodedCiphertext.EncodedAuthenticationTag'.
2026-09-02 16:01:58.693 +03:00 [INF] Executing endpoint 'CMS.API.Controllers.PatientsController.Search (CMS.API)'
2026-09-02 16:01:58.696 +03:00 [INF] Route matched with {action = "Search", controller = "Patients"}. Executing controller action with signature System.Threading.Tasks.Task`1[Microsoft.AspNetCore.Mvc.IActionResult] Search(System.String, Int32) on controller CMS.API.Controllers.PatientsController (CMS.API).
2026-09-02 16:01:58.704 +03:00 [INF] Executing OkObjectResult, writing value of type 'CMS.Shared.DTOs.ApiResponse`1[[System.Collections.Generic.List`1[[CMS.Shared.DTOs.PatientDto, CMS.Shared, Version=1.0.0.0, Culture=neutral, PublicKeyToken=null]], System.Private.CoreLib, Version=8.0.0.0, Culture=neutral, PublicKeyToken=7cec85d7bea7798e]]'.
2026-09-02 16:01:58.711 +03:00 [INF] Executed action CMS.API.Controllers.PatientsController.Search (CMS.API) in 8.6301ms
2026-09-02 16:01:58.715 +03:00 [INF] Executed endpoint 'CMS.API.Controllers.PatientsController.Search (CMS.API)'
2026-09-02 16:01:58.718 +03:00 [INF] Request finished HTTP/1.1 GET http://localhost:5010/api/v1/patients/search - 200 null application/json; charset=utf-8 44.5126ms
2026-09-02 16:01:58.847 +03:00 [INF] Request starting HTTP/1.1 GET http://localhost:5010/api/v1/medicalcertificates/patient/1 - application/json null
2026-09-02 16:01:58.853 +03:00 [INF] Failed to validate the token.
Microsoft.IdentityModel.Tokens.SecurityTokenMalformedException: IDX14120: JWT is not well formed, there is only one dot (.).
The token needs to be in JWS or JWE Compact Serialization Format. (JWS): 'EncodedHeader.EncodedPayload.EncodedSignature'. (JWE): 'EncodedProtectedHeader.EncodedEncryptedKey.EncodedInitializationVector.EncodedCiphertext.EncodedAuthenticationTag'.
   at Microsoft.IdentityModel.JsonWebTokens.JsonWebToken.ReadToken(ReadOnlyMemory`1 encodedTokenMemory)
   at Microsoft.IdentityModel.JsonWebTokens.JsonWebToken..ctor(String jwtEncodedString)
   at Microsoft.IdentityModel.JsonWebTokens.JsonWebTokenHandler.ReadToken(String token, TokenValidationParameters validationParameters)
2026-09-02 16:01:58.857 +03:00 [INF] Bearer was not authenticated. Failure message: IDX14120: JWT is not well formed, there is only one dot (.).
The token needs to be in JWS or JWE Compact Serialization Format. (JWS): 'EncodedHeader.EncodedPayload.EncodedSignature'. (JWE): 'EncodedProtectedHeader.EncodedEncryptedKey.EncodedInitializationVector.EncodedCiphertext.EncodedAuthenticationTag'.
2026-09-02 16:01:58.860 +03:00 [INF] Executing endpoint 'CMS.API.Controllers.MedicalCertificatesController.GetPatientCertificates (CMS.API)'
2026-09-02 16:01:58.864 +03:00 [INF] Route matched with {action = "GetPatientCertificates", controller = "MedicalCertificates"}. Executing controller action with signature System.Threading.Tasks.Task`1[Microsoft.AspNetCore.Mvc.IActionResult] GetPatientCertificates(Int32) on controller CMS.API.Controllers.MedicalCertificatesController (CMS.API).
2026-09-02 16:01:58.873 +03:00 [INF] Executing OkObjectResult, writing value of type 'CMS.Shared.DTOs.ApiResponse`1[[System.Collections.Generic.List`1[[CMS.Shared.DTOs.MedicalCertificateDto, CMS.Shared, Version=1.0.0.0, Culture=neutral, PublicKeyToken=null]], System.Private.CoreLib, Version=8.0.0.0, Culture=neutral, PublicKeyToken=7cec85d7bea7798e]]'.
2026-09-02 16:01:58.877 +03:00 [INF] Request starting HTTP/1.1 GET http://localhost:5010/api/v1/triage/patient/1/latest - application/json null
2026-09-02 16:01:58.879 +03:00 [INF] Executed action CMS.API.Controllers.MedicalCertificatesController.GetPatientCertificates (CMS.API) in 8.3023ms
2026-09-02 16:01:58.886 +03:00 [INF] Failed to validate the token.
Microsoft.IdentityModel.Tokens.SecurityTokenMalformedException: IDX14120: JWT is not well formed, there is only one dot (.).
The token needs to be in JWS or JWE Compact Serialization Format. (JWS): 'EncodedHeader.EncodedPayload.EncodedSignature'. (JWE): 'EncodedProtectedHeader.EncodedEncryptedKey.EncodedInitializationVector.EncodedCiphertext.EncodedAuthenticationTag'.
   at Microsoft.IdentityModel.JsonWebTokens.JsonWebToken.ReadToken(ReadOnlyMemory`1 encodedTokenMemory)
   at Microsoft.IdentityModel.JsonWebTokens.JsonWebToken..ctor(String jwtEncodedString)
   at Microsoft.IdentityModel.JsonWebTokens.JsonWebTokenHandler.ReadToken(String token, TokenValidationParameters validationParameters)
2026-09-02 16:01:58.890 +03:00 [INF] Executed endpoint 'CMS.API.Controllers.MedicalCertificatesController.GetPatientCertificates (CMS.API)'
2026-09-02 16:01:58.893 +03:00 [INF] Request starting HTTP/1.1 GET http://localhost:5010/api/v1/encounters/patient/1 - application/json null
2026-09-02 16:01:58.897 +03:00 [INF] Bearer was not authenticated. Failure message: IDX14120: JWT is not well formed, there is only one dot (.).
The token needs to be in JWS or JWE Compact Serialization Format. (JWS): 'EncodedHeader.EncodedPayload.EncodedSignature'. (JWE): 'EncodedProtectedHeader.EncodedEncryptedKey.EncodedInitializationVector.EncodedCiphertext.EncodedAuthenticationTag'.
2026-09-02 16:01:58.901 +03:00 [INF] Request finished HTTP/1.1 GET http://localhost:5010/api/v1/medicalcertificates/patient/1 - 200 null application/json; charset=utf-8 53.2414ms
2026-09-02 16:01:58.912 +03:00 [INF] Failed to validate the token.
Microsoft.IdentityModel.Tokens.SecurityTokenMalformedException: IDX14120: JWT is not well formed, there is only one dot (.).
The token needs to be in JWS or JWE Compact Serialization Format. (JWS): 'EncodedHeader.EncodedPayload.EncodedSignature'. (JWE): 'EncodedProtectedHeader.EncodedEncryptedKey.EncodedInitializationVector.EncodedCiphertext.EncodedAuthenticationTag'.
   at Microsoft.IdentityModel.JsonWebTokens.JsonWebToken.ReadToken(ReadOnlyMemory`1 encodedTokenMemory)
   at Microsoft.IdentityModel.JsonWebTokens.JsonWebToken..ctor(String jwtEncodedString)
   at Microsoft.IdentityModel.JsonWebTokens.JsonWebTokenHandler.ReadToken(String token, TokenValidationParameters validationParameters)
2026-09-02 16:01:58.915 +03:00 [INF] Executing endpoint 'CMS.API.Controllers.TriageController.GetLatestPatientVitals (CMS.API)'
2026-09-02 16:01:58.932 +03:00 [INF] Bearer was not authenticated. Failure message: IDX14120: JWT is not well formed, there is only one dot (.).
The token needs to be in JWS or JWE Compact Serialization Format. (JWS): 'EncodedHeader.EncodedPayload.EncodedSignature'. (JWE): 'EncodedProtectedHeader.EncodedEncryptedKey.EncodedInitializationVector.EncodedCiphertext.EncodedAuthenticationTag'.
2026-09-02 16:01:58.935 +03:00 [INF] Route matched with {action = "GetLatestPatientVitals", controller = "Triage"}. Executing controller action with signature System.Threading.Tasks.Task`1[Microsoft.AspNetCore.Mvc.IActionResult] GetLatestPatientVitals(Int32) on controller CMS.API.Controllers.TriageController (CMS.API).
2026-09-02 16:01:58.940 +03:00 [INF] Executing endpoint 'CMS.API.Controllers.EncountersController.GetPatientEncounters (CMS.API)'
2026-09-02 16:01:58.950 +03:00 [INF] Executing OkObjectResult, writing value of type 'CMS.Shared.DTOs.ApiResponse`1[[CMS.Shared.DTOs.TriageDto, CMS.Shared, Version=1.0.0.0, Culture=neutral, PublicKeyToken=null]]'.
2026-09-02 16:01:58.951 +03:00 [INF] Route matched with {action = "GetPatientEncounters", controller = "Encounters"}. Executing controller action with signature System.Threading.Tasks.Task`1[Microsoft.AspNetCore.Mvc.IActionResult] GetPatientEncounters(Int32) on controller CMS.API.Controllers.EncountersController (CMS.API).
2026-09-02 16:01:58.956 +03:00 [INF] Executed action CMS.API.Controllers.TriageController.GetLatestPatientVitals (CMS.API) in 8.6427ms
2026-09-02 16:01:58.965 +03:00 [INF] Executed action CMS.API.Controllers.EncountersController.GetPatientEncounters (CMS.API) in 4.0782ms
2026-09-02 16:01:58.966 +03:00 [INF] Executed endpoint 'CMS.API.Controllers.TriageController.GetLatestPatientVitals (CMS.API)'
2026-09-02 16:01:58.969 +03:00 [INF] Executed endpoint 'CMS.API.Controllers.EncountersController.GetPatientEncounters (CMS.API)'
2026-09-02 16:01:58.971 +03:00 [INF] Request finished HTTP/1.1 GET http://localhost:5010/api/v1/triage/patient/1/latest - 200 null application/json; charset=utf-8 94.2966ms
2026-09-02 16:01:58.974 +03:00 [ERR] Unhandled exception encountered: Incorrect syntax near the keyword 'Plan'.
Microsoft.Data.SqlClient.SqlException (0x80131904): Incorrect syntax near the keyword 'Plan'.
   at Microsoft.Data.SqlClient.SqlCommand.<>c.<ExecuteDbDataReaderAsync>b__211_0(Task`1 result)
   at System.Threading.Tasks.ContinuationResultTaskFromResultTask`2.InnerInvoke()
   at System.Threading.ExecutionContext.RunInternal(ExecutionContext executionContext, ContextCallback callback, Object state)
--- End of stack trace from previous location ---
   at System.Threading.ExecutionContext.RunInternal(ExecutionContext executionContext, ContextCallback callback, Object state)
   at System.Threading.Tasks.Task.ExecuteWithThreadLocal(Task& currentTaskSlot, Thread threadPoolThread)
--- End of stack trace from previous location ---
   at Dapper.SqlMapper.QueryAsync[T](IDbConnection cnn, Type effectiveType, CommandDefinition command) in /_/Dapper/SqlMapper.Async.cs:line 434
   at CMS.Application.Encounters.EncounterService.GetPatientEncountersAsync(Byte tenantId, Int32 patientId) in C:\Users\ASUS\source\repos\CMS\src\CMS.Application\Encounters\EncounterService.cs:line 56
   at CMS.API.Controllers.EncountersController.GetPatientEncounters(Int32 patientId) in C:\Users\ASUS\source\repos\CMS\src\CMS.API\Controllers\ClinicalControllers.cs:line 97
   at Microsoft.AspNetCore.Mvc.Infrastructure.ActionMethodExecutor.TaskOfIActionResultExecutor.Execute(ActionContext actionContext, IActionResultTypeMapper mapper, ObjectMethodExecutor executor, Object controller, Object[] arguments)
   at Microsoft.AspNetCore.Mvc.Infrastructure.ControllerActionInvoker.<InvokeActionMethodAsync>g__Awaited|12_0(ControllerActionInvoker invoker, ValueTask`1 actionResultValueTask)
   at Microsoft.AspNetCore.Mvc.Infrastructure.ControllerActionInvoker.<InvokeNextActionFilterAsync>g__Awaited|10_0(ControllerActionInvoker invoker, Task lastTask, State next, Scope scope, Object state, Boolean isCompleted)
   at Microsoft.AspNetCore.Mvc.Infrastructure.ControllerActionInvoker.Rethrow(ActionExecutedContextSealed context)
   at Microsoft.AspNetCore.Mvc.Infrastructure.ControllerActionInvoker.Next(State& next, Scope& scope, Object& state, Boolean& isCompleted)
   at Microsoft.AspNetCore.Mvc.Infrastructure.ControllerActionInvoker.<InvokeInnerFilterAsync>g__Awaited|13_0(ControllerActionInvoker invoker, Task lastTask, State next, Scope scope, Object state, Boolean isCompleted)
   at Microsoft.AspNetCore.Mvc.Infrastructure.ResourceInvoker.<InvokeFilterPipelineAsync>g__Awaited|20_0(ResourceInvoker invoker, Task lastTask, State next, Scope scope, Object state, Boolean isCompleted)
   at Microsoft.AspNetCore.Mvc.Infrastructure.ResourceInvoker.<InvokeAsync>g__Logged|17_1(ResourceInvoker invoker)
   at Microsoft.AspNetCore.Mvc.Infrastructure.ResourceInvoker.<InvokeAsync>g__Logged|17_1(ResourceInvoker invoker)
   at Microsoft.AspNetCore.Routing.EndpointMiddleware.<Invoke>g__AwaitRequestTask|7_0(Endpoint endpoint, Task requestTask, ILogger logger)
   at Microsoft.AspNetCore.Authorization.AuthorizationMiddleware.Invoke(HttpContext context)
   at Microsoft.AspNetCore.Authentication.AuthenticationMiddleware.Invoke(HttpContext context)
   at Swashbuckle.AspNetCore.SwaggerUI.SwaggerUIMiddleware.Invoke(HttpContext httpContext)
   at Swashbuckle.AspNetCore.Swagger.SwaggerMiddleware.Invoke(HttpContext httpContext, ISwaggerProvider swaggerProvider)
   at CMS.API.Middleware.TenantMiddleware.InvokeAsync(HttpContext context) in C:\Users\ASUS\source\repos\CMS\src\CMS.API\Middleware\Middlewares.cs:line 26
   at CMS.API.Middleware.ExceptionMiddleware.InvokeAsync(HttpContext context) in C:\Users\ASUS\source\repos\CMS\src\CMS.API\Middleware\Middlewares.cs:line 45
ClientConnectionId:25db8244-51a6-4f65-b45f-8f30683f81cd
Error Number:156,State:1,Class:15
2026-09-02 16:01:58.999 +03:00 [INF] Request finished HTTP/1.1 GET http://localhost:5010/api/v1/encounters/patient/1 - 500 null application/json 105.6753ms
2026-09-02 16:01:59.189 +03:00 [INF] Request starting HTTP/1.1 GET http://localhost:5010/api/v1/medicalcertificates/patient/1 - application/json null
2026-09-02 16:01:59.196 +03:00 [INF] Failed to validate the token.
Microsoft.IdentityModel.Tokens.SecurityTokenMalformedException: IDX14120: JWT is not well formed, there is only one dot (.).
The token needs to be in JWS or JWE Compact Serialization Format. (JWS): 'EncodedHeader.EncodedPayload.EncodedSignature'. (JWE): 'EncodedProtectedHeader.EncodedEncryptedKey.EncodedInitializationVector.EncodedCiphertext.EncodedAuthenticationTag'.
   at Microsoft.IdentityModel.JsonWebTokens.JsonWebToken.ReadToken(ReadOnlyMemory`1 encodedTokenMemory)
   at Microsoft.IdentityModel.JsonWebTokens.JsonWebToken..ctor(String jwtEncodedString)
   at Microsoft.IdentityModel.JsonWebTokens.JsonWebTokenHandler.ReadToken(String token, TokenValidationParameters validationParameters)
2026-09-02 16:01:59.201 +03:00 [INF] Bearer was not authenticated. Failure message: IDX14120: JWT is not well formed, there is only one dot (.).
The token needs to be in JWS or JWE Compact Serialization Format. (JWS): 'EncodedHeader.EncodedPayload.EncodedSignature'. (JWE): 'EncodedProtectedHeader.EncodedEncryptedKey.EncodedInitializationVector.EncodedCiphertext.EncodedAuthenticationTag'.
2026-09-02 16:01:59.203 +03:00 [INF] Executing endpoint 'CMS.API.Controllers.MedicalCertificatesController.GetPatientCertificates (CMS.API)'
2026-09-02 16:01:59.205 +03:00 [INF] Route matched with {action = "GetPatientCertificates", controller = "MedicalCertificates"}. Executing controller action with signature System.Threading.Tasks.Task`1[Microsoft.AspNetCore.Mvc.IActionResult] GetPatientCertificates(Int32) on controller CMS.API.Controllers.MedicalCertificatesController (CMS.API).
2026-09-02 16:01:59.212 +03:00 [INF] Executing OkObjectResult, writing value of type 'CMS.Shared.DTOs.ApiResponse`1[[System.Collections.Generic.List`1[[CMS.Shared.DTOs.MedicalCertificateDto, CMS.Shared, Version=1.0.0.0, Culture=neutral, PublicKeyToken=null]], System.Private.CoreLib, Version=8.0.0.0, Culture=neutral, PublicKeyToken=7cec85d7bea7798e]]'.
2026-09-02 16:01:59.215 +03:00 [INF] Executed action CMS.API.Controllers.MedicalCertificatesController.GetPatientCertificates (CMS.API) in 5.3157ms
2026-09-02 16:01:59.219 +03:00 [INF] Executed endpoint 'CMS.API.Controllers.MedicalCertificatesController.GetPatientCertificates (CMS.API)'
2026-09-02 16:01:59.221 +03:00 [INF] Request finished HTTP/1.1 GET http://localhost:5010/api/v1/medicalcertificates/patient/1 - 200 null application/json; charset=utf-8 32.2022ms
2026-09-02 16:01:59.268 +03:00 [INF] Request starting HTTP/1.1 GET http://localhost:5010/api/v1/triage/patient/1/latest - application/json null
2026-09-02 16:01:59.276 +03:00 [INF] Failed to validate the token.
Microsoft.IdentityModel.Tokens.SecurityTokenMalformedException: IDX14120: JWT is not well formed, there is only one dot (.).
The token needs to be in JWS or JWE Compact Serialization Format. (JWS): 'EncodedHeader.EncodedPayload.EncodedSignature'. (JWE): 'EncodedProtectedHeader.EncodedEncryptedKey.EncodedInitializationVector.EncodedCiphertext.EncodedAuthenticationTag'.
   at Microsoft.IdentityModel.JsonWebTokens.JsonWebToken.ReadToken(ReadOnlyMemory`1 encodedTokenMemory)
   at Microsoft.IdentityModel.JsonWebTokens.JsonWebToken..ctor(String jwtEncodedString)
   at Microsoft.IdentityModel.JsonWebTokens.JsonWebTokenHandler.ReadToken(String token, TokenValidationParameters validationParameters)
2026-09-02 16:01:59.281 +03:00 [INF] Bearer was not authenticated. Failure message: IDX14120: JWT is not well formed, there is only one dot (.).
The token needs to be in JWS or JWE Compact Serialization Format. (JWS): 'EncodedHeader.EncodedPayload.EncodedSignature'. (JWE): 'EncodedProtectedHeader.EncodedEncryptedKey.EncodedInitializationVector.EncodedCiphertext.EncodedAuthenticationTag'.
2026-09-02 16:01:59.285 +03:00 [INF] Executing endpoint 'CMS.API.Controllers.TriageController.GetLatestPatientVitals (CMS.API)'
2026-09-02 16:01:59.288 +03:00 [INF] Route matched with {action = "GetLatestPatientVitals", controller = "Triage"}. Executing controller action with signature System.Threading.Tasks.Task`1[Microsoft.AspNetCore.Mvc.IActionResult] GetLatestPatientVitals(Int32) on controller CMS.API.Controllers.TriageController (CMS.API).
2026-09-02 16:01:59.295 +03:00 [INF] Executing OkObjectResult, writing value of type 'CMS.Shared.DTOs.ApiResponse`1[[CMS.Shared.DTOs.TriageDto, CMS.Shared, Version=1.0.0.0, Culture=neutral, PublicKeyToken=null]]'.
2026-09-02 16:01:59.299 +03:00 [INF] Executed action CMS.API.Controllers.TriageController.GetLatestPatientVitals (CMS.API) in 6.9972ms
2026-09-02 16:01:59.303 +03:00 [INF] Executed endpoint 'CMS.API.Controllers.TriageController.GetLatestPatientVitals (CMS.API)'
2026-09-02 16:01:59.306 +03:00 [INF] Request finished HTTP/1.1 GET http://localhost:5010/api/v1/triage/patient/1/latest - 200 null application/json; charset=utf-8 37.6845ms
2026-09-02 16:01:59.306 +03:00 [INF] Request starting HTTP/1.1 GET http://localhost:5010/api/v1/encounters/patient/1 - application/json null
2026-09-02 16:01:59.323 +03:00 [INF] Failed to validate the token.
Microsoft.IdentityModel.Tokens.SecurityTokenMalformedException: IDX14120: JWT is not well formed, there is only one dot (.).
The token needs to be in JWS or JWE Compact Serialization Format. (JWS): 'EncodedHeader.EncodedPayload.EncodedSignature'. (JWE): 'EncodedProtectedHeader.EncodedEncryptedKey.EncodedInitializationVector.EncodedCiphertext.EncodedAuthenticationTag'.
   at Microsoft.IdentityModel.JsonWebTokens.JsonWebToken.ReadToken(ReadOnlyMemory`1 encodedTokenMemory)
   at Microsoft.IdentityModel.JsonWebTokens.JsonWebToken..ctor(String jwtEncodedString)
   at Microsoft.IdentityModel.JsonWebTokens.JsonWebTokenHandler.ReadToken(String token, TokenValidationParameters validationParameters)
2026-09-02 16:01:59.328 +03:00 [INF] Bearer was not authenticated. Failure message: IDX14120: JWT is not well formed, there is only one dot (.).
The token needs to be in JWS or JWE Compact Serialization Format. (JWS): 'EncodedHeader.EncodedPayload.EncodedSignature'. (JWE): 'EncodedProtectedHeader.EncodedEncryptedKey.EncodedInitializationVector.EncodedCiphertext.EncodedAuthenticationTag'.
2026-09-02 16:01:59.332 +03:00 [INF] Executing endpoint 'CMS.API.Controllers.EncountersController.GetPatientEncounters (CMS.API)'
2026-09-02 16:01:59.336 +03:00 [INF] Route matched with {action = "GetPatientEncounters", controller = "Encounters"}. Executing controller action with signature System.Threading.Tasks.Task`1[Microsoft.AspNetCore.Mvc.IActionResult] GetPatientEncounters(Int32) on controller CMS.API.Controllers.EncountersController (CMS.API).
2026-09-02 16:01:59.344 +03:00 [INF] Executed action CMS.API.Controllers.EncountersController.GetPatientEncounters (CMS.API) in 3.8786ms
2026-09-02 16:01:59.348 +03:00 [INF] Executed endpoint 'CMS.API.Controllers.EncountersController.GetPatientEncounters (CMS.API)'
2026-09-02 16:01:59.352 +03:00 [ERR] Unhandled exception encountered: Incorrect syntax near the keyword 'Plan'.
Microsoft.Data.SqlClient.SqlException (0x80131904): Incorrect syntax near the keyword 'Plan'.
   at Microsoft.Data.SqlClient.SqlCommand.<>c.<ExecuteDbDataReaderAsync>b__211_0(Task`1 result)
   at System.Threading.Tasks.ContinuationResultTaskFromResultTask`2.InnerInvoke()
   at System.Threading.ExecutionContext.RunInternal(ExecutionContext executionContext, ContextCallback callback, Object state)
--- End of stack trace from previous location ---
   at System.Threading.ExecutionContext.RunInternal(ExecutionContext executionContext, ContextCallback callback, Object state)
   at System.Threading.Tasks.Task.ExecuteWithThreadLocal(Task& currentTaskSlot, Thread threadPoolThread)
--- End of stack trace from previous location ---
   at Dapper.SqlMapper.QueryAsync[T](IDbConnection cnn, Type effectiveType, CommandDefinition command) in /_/Dapper/SqlMapper.Async.cs:line 434
   at CMS.Application.Encounters.EncounterService.GetPatientEncountersAsync(Byte tenantId, Int32 patientId) in C:\Users\ASUS\source\repos\CMS\src\CMS.Application\Encounters\EncounterService.cs:line 56
   at CMS.API.Controllers.EncountersController.GetPatientEncounters(Int32 patientId) in C:\Users\ASUS\source\repos\CMS\src\CMS.API\Controllers\ClinicalControllers.cs:line 97
   at Microsoft.AspNetCore.Mvc.Infrastructure.ActionMethodExecutor.TaskOfIActionResultExecutor.Execute(ActionContext actionContext, IActionResultTypeMapper mapper, ObjectMethodExecutor executor, Object controller, Object[] arguments)
   at Microsoft.AspNetCore.Mvc.Infrastructure.ControllerActionInvoker.<InvokeActionMethodAsync>g__Awaited|12_0(ControllerActionInvoker invoker, ValueTask`1 actionResultValueTask)
   at Microsoft.AspNetCore.Mvc.Infrastructure.ControllerActionInvoker.<InvokeNextActionFilterAsync>g__Awaited|10_0(ControllerActionInvoker invoker, Task lastTask, State next, Scope scope, Object state, Boolean isCompleted)
   at Microsoft.AspNetCore.Mvc.Infrastructure.ControllerActionInvoker.Rethrow(ActionExecutedContextSealed context)
   at Microsoft.AspNetCore.Mvc.Infrastructure.ControllerActionInvoker.Next(State& next, Scope& scope, Object& state, Boolean& isCompleted)
   at Microsoft.AspNetCore.Mvc.Infrastructure.ControllerActionInvoker.<InvokeInnerFilterAsync>g__Awaited|13_0(ControllerActionInvoker invoker, Task lastTask, State next, Scope scope, Object state, Boolean isCompleted)
   at Microsoft.AspNetCore.Mvc.Infrastructure.ResourceInvoker.<InvokeFilterPipelineAsync>g__Awaited|20_0(ResourceInvoker invoker, Task lastTask, State next, Scope scope, Object state, Boolean isCompleted)
   at Microsoft.AspNetCore.Mvc.Infrastructure.ResourceInvoker.<InvokeAsync>g__Logged|17_1(ResourceInvoker invoker)
   at Microsoft.AspNetCore.Mvc.Infrastructure.ResourceInvoker.<InvokeAsync>g__Logged|17_1(ResourceInvoker invoker)
   at Microsoft.AspNetCore.Routing.EndpointMiddleware.<Invoke>g__AwaitRequestTask|7_0(Endpoint endpoint, Task requestTask, ILogger logger)
   at Microsoft.AspNetCore.Authorization.AuthorizationMiddleware.Invoke(HttpContext context)
   at Microsoft.AspNetCore.Authentication.AuthenticationMiddleware.Invoke(HttpContext context)
   at Swashbuckle.AspNetCore.SwaggerUI.SwaggerUIMiddleware.Invoke(HttpContext httpContext)
   at Swashbuckle.AspNetCore.Swagger.SwaggerMiddleware.Invoke(HttpContext httpContext, ISwaggerProvider swaggerProvider)
   at CMS.API.Middleware.TenantMiddleware.InvokeAsync(HttpContext context) in C:\Users\ASUS\source\repos\CMS\src\CMS.API\Middleware\Middlewares.cs:line 26
   at CMS.API.Middleware.ExceptionMiddleware.InvokeAsync(HttpContext context) in C:\Users\ASUS\source\repos\CMS\src\CMS.API\Middleware\Middlewares.cs:line 45
ClientConnectionId:25db8244-51a6-4f65-b45f-8f30683f81cd
Error Number:156,State:1,Class:15
2026-09-02 16:01:59.374 +03:00 [INF] Request finished HTTP/1.1 GET http://localhost:5010/api/v1/encounters/patient/1 - 500 null application/json 68.0421ms
2026-09-02 16:01:59.531 +03:00 [INF] Request starting HTTP/1.1 GET http://localhost:5010/api/v1/medicalcertificates/patient/1 - application/json null
2026-09-02 16:01:59.538 +03:00 [INF] Failed to validate the token.
Microsoft.IdentityModel.Tokens.SecurityTokenMalformedException: IDX14120: JWT is not well formed, there is only one dot (.).
The token needs to be in JWS or JWE Compact Serialization Format. (JWS): 'EncodedHeader.EncodedPayload.EncodedSignature'. (JWE): 'EncodedProtectedHeader.EncodedEncryptedKey.EncodedInitializationVector.EncodedCiphertext.EncodedAuthenticationTag'.
   at Microsoft.IdentityModel.JsonWebTokens.JsonWebToken.ReadToken(ReadOnlyMemory`1 encodedTokenMemory)
   at Microsoft.IdentityModel.JsonWebTokens.JsonWebToken..ctor(String jwtEncodedString)
   at Microsoft.IdentityModel.JsonWebTokens.JsonWebTokenHandler.ReadToken(String token, TokenValidationParameters validationParameters)
2026-09-02 16:01:59.543 +03:00 [INF] Bearer was not authenticated. Failure message: IDX14120: JWT is not well formed, there is only one dot (.).
The token needs to be in JWS or JWE Compact Serialization Format. (JWS): 'EncodedHeader.EncodedPayload.EncodedSignature'. (JWE): 'EncodedProtectedHeader.EncodedEncryptedKey.EncodedInitializationVector.EncodedCiphertext.EncodedAuthenticationTag'.
2026-09-02 16:01:59.547 +03:00 [INF] Executing endpoint 'CMS.API.Controllers.MedicalCertificatesController.GetPatientCertificates (CMS.API)'
2026-09-02 16:01:59.550 +03:00 [INF] Route matched with {action = "GetPatientCertificates", controller = "MedicalCertificates"}. Executing controller action with signature System.Threading.Tasks.Task`1[Microsoft.AspNetCore.Mvc.IActionResult] GetPatientCertificates(Int32) on controller CMS.API.Controllers.MedicalCertificatesController (CMS.API).
2026-09-02 16:01:59.557 +03:00 [INF] Executing OkObjectResult, writing value of type 'CMS.Shared.DTOs.ApiResponse`1[[System.Collections.Generic.List`1[[CMS.Shared.DTOs.MedicalCertificateDto, CMS.Shared, Version=1.0.0.0, Culture=neutral, PublicKeyToken=null]], System.Private.CoreLib, Version=8.0.0.0, Culture=neutral, PublicKeyToken=7cec85d7bea7798e]]'.
2026-09-02 16:01:59.562 +03:00 [INF] Executed action CMS.API.Controllers.MedicalCertificatesController.GetPatientCertificates (CMS.API) in 6.9717ms
2026-09-02 16:01:59.566 +03:00 [INF] Executed endpoint 'CMS.API.Controllers.MedicalCertificatesController.GetPatientCertificates (CMS.API)'
2026-09-02 16:01:59.569 +03:00 [INF] Request finished HTTP/1.1 GET http://localhost:5010/api/v1/medicalcertificates/patient/1 - 200 null application/json; charset=utf-8 38.4837ms
2026-09-02 16:01:59.607 +03:00 [INF] Request starting HTTP/1.1 GET http://localhost:5010/api/v1/triage/patient/1/latest - application/json null
2026-09-02 16:01:59.614 +03:00 [INF] Failed to validate the token.
Microsoft.IdentityModel.Tokens.SecurityTokenMalformedException: IDX14120: JWT is not well formed, there is only one dot (.).
The token needs to be in JWS or JWE Compact Serialization Format. (JWS): 'EncodedHeader.EncodedPayload.EncodedSignature'. (JWE): 'EncodedProtectedHeader.EncodedEncryptedKey.EncodedInitializationVector.EncodedCiphertext.EncodedAuthenticationTag'.
   at Microsoft.IdentityModel.JsonWebTokens.JsonWebToken.ReadToken(ReadOnlyMemory`1 encodedTokenMemory)
   at Microsoft.IdentityModel.JsonWebTokens.JsonWebToken..ctor(String jwtEncodedString)
   at Microsoft.IdentityModel.JsonWebTokens.JsonWebTokenHandler.ReadToken(String token, TokenValidationParameters validationParameters)
2026-09-02 16:01:59.620 +03:00 [INF] Bearer was not authenticated. Failure message: IDX14120: JWT is not well formed, there is only one dot (.).
The token needs to be in JWS or JWE Compact Serialization Format. (JWS): 'EncodedHeader.EncodedPayload.EncodedSignature'. (JWE): 'EncodedProtectedHeader.EncodedEncryptedKey.EncodedInitializationVector.EncodedCiphertext.EncodedAuthenticationTag'.
2026-09-02 16:01:59.623 +03:00 [INF] Executing endpoint 'CMS.API.Controllers.TriageController.GetLatestPatientVitals (CMS.API)'
2026-09-02 16:01:59.626 +03:00 [INF] Route matched with {action = "GetLatestPatientVitals", controller = "Triage"}. Executing controller action with signature System.Threading.Tasks.Task`1[Microsoft.AspNetCore.Mvc.IActionResult] GetLatestPatientVitals(Int32) on controller CMS.API.Controllers.TriageController (CMS.API).
2026-09-02 16:01:59.633 +03:00 [INF] Executing OkObjectResult, writing value of type 'CMS.Shared.DTOs.ApiResponse`1[[CMS.Shared.DTOs.TriageDto, CMS.Shared, Version=1.0.0.0, Culture=neutral, PublicKeyToken=null]]'.
2026-09-02 16:01:59.638 +03:00 [INF] Executed action CMS.API.Controllers.TriageController.GetLatestPatientVitals (CMS.API) in 7.7319ms
2026-09-02 16:01:59.643 +03:00 [INF] Executed endpoint 'CMS.API.Controllers.TriageController.GetLatestPatientVitals (CMS.API)'
2026-09-02 16:01:59.647 +03:00 [INF] Request finished HTTP/1.1 GET http://localhost:5010/api/v1/triage/patient/1/latest - 200 null application/json; charset=utf-8 40.5172ms
2026-09-02 16:01:59.685 +03:00 [INF] Request starting HTTP/1.1 GET http://localhost:5010/api/v1/encounters/patient/1 - application/json null
2026-09-02 16:01:59.692 +03:00 [INF] Failed to validate the token.
Microsoft.IdentityModel.Tokens.SecurityTokenMalformedException: IDX14120: JWT is not well formed, there is only one dot (.).
The token needs to be in JWS or JWE Compact Serialization Format. (JWS): 'EncodedHeader.EncodedPayload.EncodedSignature'. (JWE): 'EncodedProtectedHeader.EncodedEncryptedKey.EncodedInitializationVector.EncodedCiphertext.EncodedAuthenticationTag'.
   at Microsoft.IdentityModel.JsonWebTokens.JsonWebToken.ReadToken(ReadOnlyMemory`1 encodedTokenMemory)
   at Microsoft.IdentityModel.JsonWebTokens.JsonWebToken..ctor(String jwtEncodedString)
   at Microsoft.IdentityModel.JsonWebTokens.JsonWebTokenHandler.ReadToken(String token, TokenValidationParameters validationParameters)
2026-09-02 16:01:59.698 +03:00 [INF] Bearer was not authenticated. Failure message: IDX14120: JWT is not well formed, there is only one dot (.).
The token needs to be in JWS or JWE Compact Serialization Format. (JWS): 'EncodedHeader.EncodedPayload.EncodedSignature'. (JWE): 'EncodedProtectedHeader.EncodedEncryptedKey.EncodedInitializationVector.EncodedCiphertext.EncodedAuthenticationTag'.
2026-09-02 16:01:59.701 +03:00 [INF] Executing endpoint 'CMS.API.Controllers.EncountersController.GetPatientEncounters (CMS.API)'
2026-09-02 16:01:59.703 +03:00 [INF] Route matched with {action = "GetPatientEncounters", controller = "Encounters"}. Executing controller action with signature System.Threading.Tasks.Task`1[Microsoft.AspNetCore.Mvc.IActionResult] GetPatientEncounters(Int32) on controller CMS.API.Controllers.EncountersController (CMS.API).
2026-09-02 16:01:59.709 +03:00 [INF] Executed action CMS.API.Controllers.EncountersController.GetPatientEncounters (CMS.API) in 2.8317ms
2026-09-02 16:01:59.713 +03:00 [INF] Executed endpoint 'CMS.API.Controllers.EncountersController.GetPatientEncounters (CMS.API)'
2026-09-02 16:01:59.716 +03:00 [ERR] Unhandled exception encountered: Incorrect syntax near the keyword 'Plan'.
Microsoft.Data.SqlClient.SqlException (0x80131904): Incorrect syntax near the keyword 'Plan'.
   at Microsoft.Data.SqlClient.SqlCommand.<>c.<ExecuteDbDataReaderAsync>b__211_0(Task`1 result)
   at System.Threading.Tasks.ContinuationResultTaskFromResultTask`2.InnerInvoke()
   at System.Threading.ExecutionContext.RunInternal(ExecutionContext executionContext, ContextCallback callback, Object state)
--- End of stack trace from previous location ---
   at System.Threading.ExecutionContext.RunInternal(ExecutionContext executionContext, ContextCallback callback, Object state)
   at System.Threading.Tasks.Task.ExecuteWithThreadLocal(Task& currentTaskSlot, Thread threadPoolThread)
--- End of stack trace from previous location ---
   at Dapper.SqlMapper.QueryAsync[T](IDbConnection cnn, Type effectiveType, CommandDefinition command) in /_/Dapper/SqlMapper.Async.cs:line 434
   at CMS.Application.Encounters.EncounterService.GetPatientEncountersAsync(Byte tenantId, Int32 patientId) in C:\Users\ASUS\source\repos\CMS\src\CMS.Application\Encounters\EncounterService.cs:line 56
   at CMS.API.Controllers.EncountersController.GetPatientEncounters(Int32 patientId) in C:\Users\ASUS\source\repos\CMS\src\CMS.API\Controllers\ClinicalControllers.cs:line 97
   at Microsoft.AspNetCore.Mvc.Infrastructure.ActionMethodExecutor.TaskOfIActionResultExecutor.Execute(ActionContext actionContext, IActionResultTypeMapper mapper, ObjectMethodExecutor executor, Object controller, Object[] arguments)
   at Microsoft.AspNetCore.Mvc.Infrastructure.ControllerActionInvoker.<InvokeActionMethodAsync>g__Awaited|12_0(ControllerActionInvoker invoker, ValueTask`1 actionResultValueTask)
   at Microsoft.AspNetCore.Mvc.Infrastructure.ControllerActionInvoker.<InvokeNextActionFilterAsync>g__Awaited|10_0(ControllerActionInvoker invoker, Task lastTask, State next, Scope scope, Object state, Boolean isCompleted)
   at Microsoft.AspNetCore.Mvc.Infrastructure.ControllerActionInvoker.Rethrow(ActionExecutedContextSealed context)
   at Microsoft.AspNetCore.Mvc.Infrastructure.ControllerActionInvoker.Next(State& next, Scope& scope, Object& state, Boolean& isCompleted)
   at Microsoft.AspNetCore.Mvc.Infrastructure.ControllerActionInvoker.<InvokeInnerFilterAsync>g__Awaited|13_0(ControllerActionInvoker invoker, Task lastTask, State next, Scope scope, Object state, Boolean isCompleted)
   at Microsoft.AspNetCore.Mvc.Infrastructure.ResourceInvoker.<InvokeFilterPipelineAsync>g__Awaited|20_0(ResourceInvoker invoker, Task lastTask, State next, Scope scope, Object state, Boolean isCompleted)
   at Microsoft.AspNetCore.Mvc.Infrastructure.ResourceInvoker.<InvokeAsync>g__Logged|17_1(ResourceInvoker invoker)
   at Microsoft.AspNetCore.Mvc.Infrastructure.ResourceInvoker.<InvokeAsync>g__Logged|17_1(ResourceInvoker invoker)
   at Microsoft.AspNetCore.Routing.EndpointMiddleware.<Invoke>g__AwaitRequestTask|7_0(Endpoint endpoint, Task requestTask, ILogger logger)
   at Microsoft.AspNetCore.Authorization.AuthorizationMiddleware.Invoke(HttpContext context)
   at Microsoft.AspNetCore.Authentication.AuthenticationMiddleware.Invoke(HttpContext context)
   at Swashbuckle.AspNetCore.SwaggerUI.SwaggerUIMiddleware.Invoke(HttpContext httpContext)
   at Swashbuckle.AspNetCore.Swagger.SwaggerMiddleware.Invoke(HttpContext httpContext, ISwaggerProvider swaggerProvider)
   at CMS.API.Middleware.TenantMiddleware.InvokeAsync(HttpContext context) in C:\Users\ASUS\source\repos\CMS\src\CMS.API\Middleware\Middlewares.cs:line 26
   at CMS.API.Middleware.ExceptionMiddleware.InvokeAsync(HttpContext context) in C:\Users\ASUS\source\repos\CMS\src\CMS.API\Middleware\Middlewares.cs:line 45
ClientConnectionId:25db8244-51a6-4f65-b45f-8f30683f81cd
Error Number:156,State:1,Class:15
2026-09-02 16:01:59.735 +03:00 [INF] Request finished HTTP/1.1 GET http://localhost:5010/api/v1/encounters/patient/1 - 500 null application/json 50.6495ms
2026-09-02 16:08:27.988 +03:00 [INF] Request starting HTTP/1.1 GET http://localhost:5010/api/v1/patients/search - application/json null
2026-09-02 16:08:27.988 +03:00 [INF] Request starting HTTP/1.1 GET http://localhost:5010/api/v1/encounters/patient/1 - application/json null
2026-09-02 16:08:27.988 +03:00 [INF] Request starting HTTP/1.1 GET http://localhost:5010/api/v1/medicalcertificates/patient/1 - application/json null
2026-09-02 16:08:27.996 +03:00 [INF] Failed to validate the token.
Microsoft.IdentityModel.Tokens.SecurityTokenMalformedException: IDX14120: JWT is not well formed, there is only one dot (.).
The token needs to be in JWS or JWE Compact Serialization Format. (JWS): 'EncodedHeader.EncodedPayload.EncodedSignature'. (JWE): 'EncodedProtectedHeader.EncodedEncryptedKey.EncodedInitializationVector.EncodedCiphertext.EncodedAuthenticationTag'.
   at Microsoft.IdentityModel.JsonWebTokens.JsonWebToken.ReadToken(ReadOnlyMemory`1 encodedTokenMemory)
   at Microsoft.IdentityModel.JsonWebTokens.JsonWebToken..ctor(String jwtEncodedString)
   at Microsoft.IdentityModel.JsonWebTokens.JsonWebTokenHandler.ReadToken(String token, TokenValidationParameters validationParameters)
2026-09-02 16:08:28.001 +03:00 [INF] Failed to validate the token.
Microsoft.IdentityModel.Tokens.SecurityTokenMalformedException: IDX14120: JWT is not well formed, there is only one dot (.).
The token needs to be in JWS or JWE Compact Serialization Format. (JWS): 'EncodedHeader.EncodedPayload.EncodedSignature'. (JWE): 'EncodedProtectedHeader.EncodedEncryptedKey.EncodedInitializationVector.EncodedCiphertext.EncodedAuthenticationTag'.
   at Microsoft.IdentityModel.JsonWebTokens.JsonWebToken.ReadToken(ReadOnlyMemory`1 encodedTokenMemory)
   at Microsoft.IdentityModel.JsonWebTokens.JsonWebToken..ctor(String jwtEncodedString)
   at Microsoft.IdentityModel.JsonWebTokens.JsonWebTokenHandler.ReadToken(String token, TokenValidationParameters validationParameters)
2026-09-02 16:08:28.007 +03:00 [INF] Failed to validate the token.
Microsoft.IdentityModel.Tokens.SecurityTokenMalformedException: IDX14120: JWT is not well formed, there is only one dot (.).
The token needs to be in JWS or JWE Compact Serialization Format. (JWS): 'EncodedHeader.EncodedPayload.EncodedSignature'. (JWE): 'EncodedProtectedHeader.EncodedEncryptedKey.EncodedInitializationVector.EncodedCiphertext.EncodedAuthenticationTag'.
   at Microsoft.IdentityModel.JsonWebTokens.JsonWebToken.ReadToken(ReadOnlyMemory`1 encodedTokenMemory)
   at Microsoft.IdentityModel.JsonWebTokens.JsonWebToken..ctor(String jwtEncodedString)
   at Microsoft.IdentityModel.JsonWebTokens.JsonWebTokenHandler.ReadToken(String token, TokenValidationParameters validationParameters)
2026-09-02 16:08:28.011 +03:00 [INF] Bearer was not authenticated. Failure message: IDX14120: JWT is not well formed, there is only one dot (.).
The token needs to be in JWS or JWE Compact Serialization Format. (JWS): 'EncodedHeader.EncodedPayload.EncodedSignature'. (JWE): 'EncodedProtectedHeader.EncodedEncryptedKey.EncodedInitializationVector.EncodedCiphertext.EncodedAuthenticationTag'.
2026-09-02 16:08:28.015 +03:00 [INF] Bearer was not authenticated. Failure message: IDX14120: JWT is not well formed, there is only one dot (.).
The token needs to be in JWS or JWE Compact Serialization Format. (JWS): 'EncodedHeader.EncodedPayload.EncodedSignature'. (JWE): 'EncodedProtectedHeader.EncodedEncryptedKey.EncodedInitializationVector.EncodedCiphertext.EncodedAuthenticationTag'.
2026-09-02 16:08:28.019 +03:00 [INF] Bearer was not authenticated. Failure message: IDX14120: JWT is not well formed, there is only one dot (.).
The token needs to be in JWS or JWE Compact Serialization Format. (JWS): 'EncodedHeader.EncodedPayload.EncodedSignature'. (JWE): 'EncodedProtectedHeader.EncodedEncryptedKey.EncodedInitializationVector.EncodedCiphertext.EncodedAuthenticationTag'.
2026-09-02 16:08:28.021 +03:00 [INF] Executing endpoint 'CMS.API.Controllers.PatientsController.Search (CMS.API)'
2026-09-02 16:08:28.024 +03:00 [INF] Executing endpoint 'CMS.API.Controllers.EncountersController.GetPatientEncounters (CMS.API)'
2026-09-02 16:08:28.027 +03:00 [INF] Executing endpoint 'CMS.API.Controllers.MedicalCertificatesController.GetPatientCertificates (CMS.API)'
2026-09-02 16:08:28.029 +03:00 [INF] Route matched with {action = "Search", controller = "Patients"}. Executing controller action with signature System.Threading.Tasks.Task`1[Microsoft.AspNetCore.Mvc.IActionResult] Search(System.String, Int32) on controller CMS.API.Controllers.PatientsController (CMS.API).
2026-09-02 16:08:28.031 +03:00 [INF] Route matched with {action = "GetPatientEncounters", controller = "Encounters"}. Executing controller action with signature System.Threading.Tasks.Task`1[Microsoft.AspNetCore.Mvc.IActionResult] GetPatientEncounters(Int32) on controller CMS.API.Controllers.EncountersController (CMS.API).
2026-09-02 16:08:28.034 +03:00 [INF] Route matched with {action = "GetPatientCertificates", controller = "MedicalCertificates"}. Executing controller action with signature System.Threading.Tasks.Task`1[Microsoft.AspNetCore.Mvc.IActionResult] GetPatientCertificates(Int32) on controller CMS.API.Controllers.MedicalCertificatesController (CMS.API).
2026-09-02 16:08:28.063 +03:00 [INF] Executed action CMS.API.Controllers.EncountersController.GetPatientEncounters (CMS.API) in 20.3819ms
2026-09-02 16:08:28.068 +03:00 [INF] Executed endpoint 'CMS.API.Controllers.EncountersController.GetPatientEncounters (CMS.API)'
2026-09-02 16:08:28.073 +03:00 [ERR] Unhandled exception encountered: Incorrect syntax near the keyword 'Plan'.
Microsoft.Data.SqlClient.SqlException (0x80131904): Incorrect syntax near the keyword 'Plan'.
   at System.Threading.Tasks.ContinuationResultTaskFromResultTask`2.InnerInvoke()
   at System.Threading.ExecutionContext.RunInternal(ExecutionContext executionContext, ContextCallback callback, Object state)
--- End of stack trace from previous location ---
   at System.Threading.ExecutionContext.RunInternal(ExecutionContext executionContext, ContextCallback callback, Object state)
   at System.Threading.Tasks.Task.ExecuteWithThreadLocal(Task& currentTaskSlot, Thread threadPoolThread)
--- End of stack trace from previous location ---
   at Dapper.SqlMapper.QueryAsync[T](IDbConnection cnn, Type effectiveType, CommandDefinition command) in /_/Dapper/SqlMapper.Async.cs:line 434
   at CMS.Application.Encounters.EncounterService.GetPatientEncountersAsync(Byte tenantId, Int32 patientId) in C:\Users\ASUS\source\repos\CMS\src\CMS.Application\Encounters\EncounterService.cs:line 56
   at CMS.API.Controllers.EncountersController.GetPatientEncounters(Int32 patientId) in C:\Users\ASUS\source\repos\CMS\src\CMS.API\Controllers\ClinicalControllers.cs:line 97
   at Microsoft.AspNetCore.Mvc.Infrastructure.ActionMethodExecutor.TaskOfIActionResultExecutor.Execute(ActionContext actionContext, IActionResultTypeMapper mapper, ObjectMethodExecutor executor, Object controller, Object[] arguments)
   at Microsoft.AspNetCore.Mvc.Infrastructure.ControllerActionInvoker.<InvokeActionMethodAsync>g__Awaited|12_0(ControllerActionInvoker invoker, ValueTask`1 actionResultValueTask)
   at Microsoft.AspNetCore.Mvc.Infrastructure.ControllerActionInvoker.<InvokeNextActionFilterAsync>g__Awaited|10_0(ControllerActionInvoker invoker, Task lastTask, State next, Scope scope, Object state, Boolean isCompleted)
   at Microsoft.AspNetCore.Mvc.Infrastructure.ControllerActionInvoker.Rethrow(ActionExecutedContextSealed context)
   at Microsoft.AspNetCore.Mvc.Infrastructure.ControllerActionInvoker.Next(State& next, Scope& scope, Object& state, Boolean& isCompleted)
   at Microsoft.AspNetCore.Mvc.Infrastructure.ControllerActionInvoker.<InvokeInnerFilterAsync>g__Awaited|13_0(ControllerActionInvoker invoker, Task lastTask, State next, Scope scope, Object state, Boolean isCompleted)
   at Microsoft.AspNetCore.Mvc.Infrastructure.ResourceInvoker.<InvokeFilterPipelineAsync>g__Awaited|20_0(ResourceInvoker invoker, Task lastTask, State next, Scope scope, Object state, Boolean isCompleted)
   at Microsoft.AspNetCore.Mvc.Infrastructure.ResourceInvoker.<InvokeAsync>g__Logged|17_1(ResourceInvoker invoker)
   at Microsoft.AspNetCore.Mvc.Infrastructure.ResourceInvoker.<InvokeAsync>g__Logged|17_1(ResourceInvoker invoker)
   at Microsoft.AspNetCore.Routing.EndpointMiddleware.<Invoke>g__AwaitRequestTask|7_0(Endpoint endpoint, Task requestTask, ILogger logger)
   at Microsoft.AspNetCore.Authorization.AuthorizationMiddleware.Invoke(HttpContext context)
   at Microsoft.AspNetCore.Authentication.AuthenticationMiddleware.Invoke(HttpContext context)
   at Swashbuckle.AspNetCore.SwaggerUI.SwaggerUIMiddleware.Invoke(HttpContext httpContext)
   at Swashbuckle.AspNetCore.Swagger.SwaggerMiddleware.Invoke(HttpContext httpContext, ISwaggerProvider swaggerProvider)
   at CMS.API.Middleware.TenantMiddleware.InvokeAsync(HttpContext context) in C:\Users\ASUS\source\repos\CMS\src\CMS.API\Middleware\Middlewares.cs:line 26
   at CMS.API.Middleware.ExceptionMiddleware.InvokeAsync(HttpContext context) in C:\Users\ASUS\source\repos\CMS\src\CMS.API\Middleware\Middlewares.cs:line 45
ClientConnectionId:c81afa68-3235-4f23-aa61-5d9bb2e78d04
Error Number:156,State:1,Class:15
2026-09-02 16:08:28.101 +03:00 [INF] Request finished HTTP/1.1 GET http://localhost:5010/api/v1/encounters/patient/1 - 500 null application/json 112.823ms
2026-09-02 16:08:28.104 +03:00 [INF] Executing OkObjectResult, writing value of type 'CMS.Shared.DTOs.ApiResponse`1[[System.Collections.Generic.List`1[[CMS.Shared.DTOs.MedicalCertificateDto, CMS.Shared, Version=1.0.0.0, Culture=neutral, PublicKeyToken=null]], System.Private.CoreLib, Version=8.0.0.0, Culture=neutral, PublicKeyToken=7cec85d7bea7798e]]'.
2026-09-02 16:08:28.118 +03:00 [INF] Executing OkObjectResult, writing value of type 'CMS.Shared.DTOs.ApiResponse`1[[System.Collections.Generic.List`1[[CMS.Shared.DTOs.PatientDto, CMS.Shared, Version=1.0.0.0, Culture=neutral, PublicKeyToken=null]], System.Private.CoreLib, Version=8.0.0.0, Culture=neutral, PublicKeyToken=7cec85d7bea7798e]]'.
2026-09-02 16:08:28.120 +03:00 [INF] Executed action CMS.API.Controllers.MedicalCertificatesController.GetPatientCertificates (CMS.API) in 73.4271ms
2026-09-02 16:08:28.124 +03:00 [INF] Executed action CMS.API.Controllers.PatientsController.Search (CMS.API) in 85.8637ms
2026-09-02 16:08:28.130 +03:00 [INF] Executed endpoint 'CMS.API.Controllers.MedicalCertificatesController.GetPatientCertificates (CMS.API)'
2026-09-02 16:08:28.135 +03:00 [INF] Executed endpoint 'CMS.API.Controllers.PatientsController.Search (CMS.API)'
2026-09-02 16:08:28.138 +03:00 [INF] Request finished HTTP/1.1 GET http://localhost:5010/api/v1/medicalcertificates/patient/1 - 200 null application/json; charset=utf-8 149.3514ms
2026-09-02 16:08:28.142 +03:00 [INF] Request finished HTTP/1.1 GET http://localhost:5010/api/v1/patients/search - 200 null application/json; charset=utf-8 154.4874ms
2026-09-02 16:08:28.300 +03:00 [INF] Request starting HTTP/1.1 GET http://localhost:5010/api/v1/triage/patient/1/latest - application/json null
2026-09-02 16:08:28.307 +03:00 [INF] Failed to validate the token.
Microsoft.IdentityModel.Tokens.SecurityTokenMalformedException: IDX14120: JWT is not well formed, there is only one dot (.).
The token needs to be in JWS or JWE Compact Serialization Format. (JWS): 'EncodedHeader.EncodedPayload.EncodedSignature'. (JWE): 'EncodedProtectedHeader.EncodedEncryptedKey.EncodedInitializationVector.EncodedCiphertext.EncodedAuthenticationTag'.
   at Microsoft.IdentityModel.JsonWebTokens.JsonWebToken.ReadToken(ReadOnlyMemory`1 encodedTokenMemory)
   at Microsoft.IdentityModel.JsonWebTokens.JsonWebToken..ctor(String jwtEncodedString)
   at Microsoft.IdentityModel.JsonWebTokens.JsonWebTokenHandler.ReadToken(String token, TokenValidationParameters validationParameters)
2026-09-02 16:08:28.310 +03:00 [INF] Bearer was not authenticated. Failure message: IDX14120: JWT is not well formed, there is only one dot (.).
The token needs to be in JWS or JWE Compact Serialization Format. (JWS): 'EncodedHeader.EncodedPayload.EncodedSignature'. (JWE): 'EncodedProtectedHeader.EncodedEncryptedKey.EncodedInitializationVector.EncodedCiphertext.EncodedAuthenticationTag'.
2026-09-02 16:08:28.312 +03:00 [INF] Executing endpoint 'CMS.API.Controllers.TriageController.GetLatestPatientVitals (CMS.API)'
2026-09-02 16:08:28.314 +03:00 [INF] Route matched with {action = "GetLatestPatientVitals", controller = "Triage"}. Executing controller action with signature System.Threading.Tasks.Task`1[Microsoft.AspNetCore.Mvc.IActionResult] GetLatestPatientVitals(Int32) on controller CMS.API.Controllers.TriageController (CMS.API).
2026-09-02 16:08:28.334 +03:00 [INF] Executing OkObjectResult, writing value of type 'CMS.Shared.DTOs.ApiResponse`1[[CMS.Shared.DTOs.TriageDto, CMS.Shared, Version=1.0.0.0, Culture=neutral, PublicKeyToken=null]]'.
2026-09-02 16:08:28.338 +03:00 [INF] Executed action CMS.API.Controllers.TriageController.GetLatestPatientVitals (CMS.API) in 19.3637ms
2026-09-02 16:08:28.342 +03:00 [INF] Executed endpoint 'CMS.API.Controllers.TriageController.GetLatestPatientVitals (CMS.API)'
2026-09-02 16:08:28.344 +03:00 [INF] Request finished HTTP/1.1 GET http://localhost:5010/api/v1/triage/patient/1/latest - 200 null application/json; charset=utf-8 44.3652ms
2026-09-02 16:08:28.424 +03:00 [INF] Request starting HTTP/1.1 GET http://localhost:5010/api/v1/encounters/patient/1 - application/json null
2026-09-02 16:08:28.429 +03:00 [INF] Failed to validate the token.
Microsoft.IdentityModel.Tokens.SecurityTokenMalformedException: IDX14120: JWT is not well formed, there is only one dot (.).
The token needs to be in JWS or JWE Compact Serialization Format. (JWS): 'EncodedHeader.EncodedPayload.EncodedSignature'. (JWE): 'EncodedProtectedHeader.EncodedEncryptedKey.EncodedInitializationVector.EncodedCiphertext.EncodedAuthenticationTag'.
   at Microsoft.IdentityModel.JsonWebTokens.JsonWebToken.ReadToken(ReadOnlyMemory`1 encodedTokenMemory)
   at Microsoft.IdentityModel.JsonWebTokens.JsonWebToken..ctor(String jwtEncodedString)
   at Microsoft.IdentityModel.JsonWebTokens.JsonWebTokenHandler.ReadToken(String token, TokenValidationParameters validationParameters)
2026-09-02 16:08:28.433 +03:00 [INF] Bearer was not authenticated. Failure message: IDX14120: JWT is not well formed, there is only one dot (.).
The token needs to be in JWS or JWE Compact Serialization Format. (JWS): 'EncodedHeader.EncodedPayload.EncodedSignature'. (JWE): 'EncodedProtectedHeader.EncodedEncryptedKey.EncodedInitializationVector.EncodedCiphertext.EncodedAuthenticationTag'.
2026-09-02 16:08:28.435 +03:00 [INF] Executing endpoint 'CMS.API.Controllers.EncountersController.GetPatientEncounters (CMS.API)'
2026-09-02 16:08:28.439 +03:00 [INF] Route matched with {action = "GetPatientEncounters", controller = "Encounters"}. Executing controller action with signature System.Threading.Tasks.Task`1[Microsoft.AspNetCore.Mvc.IActionResult] GetPatientEncounters(Int32) on controller CMS.API.Controllers.EncountersController (CMS.API).
2026-09-02 16:08:28.442 +03:00 [INF] Request starting HTTP/1.1 GET http://localhost:5010/api/v1/medicalcertificates/patient/1 - application/json null
2026-09-02 16:08:28.443 +03:00 [INF] Request starting HTTP/1.1 GET http://localhost:5010/api/v1/patients/search - application/json null
2026-09-02 16:08:28.446 +03:00 [INF] Executed action CMS.API.Controllers.EncountersController.GetPatientEncounters (CMS.API) in 2.7321ms
2026-09-02 16:08:28.449 +03:00 [INF] Failed to validate the token.
Microsoft.IdentityModel.Tokens.SecurityTokenMalformedException: IDX14120: JWT is not well formed, there is only one dot (.).
The token needs to be in JWS or JWE Compact Serialization Format. (JWS): 'EncodedHeader.EncodedPayload.EncodedSignature'. (JWE): 'EncodedProtectedHeader.EncodedEncryptedKey.EncodedInitializationVector.EncodedCiphertext.EncodedAuthenticationTag'.
   at Microsoft.IdentityModel.JsonWebTokens.JsonWebToken.ReadToken(ReadOnlyMemory`1 encodedTokenMemory)
   at Microsoft.IdentityModel.JsonWebTokens.JsonWebToken..ctor(String jwtEncodedString)
   at Microsoft.IdentityModel.JsonWebTokens.JsonWebTokenHandler.ReadToken(String token, TokenValidationParameters validationParameters)
2026-09-02 16:08:28.455 +03:00 [INF] Failed to validate the token.
Microsoft.IdentityModel.Tokens.SecurityTokenMalformedException: IDX14120: JWT is not well formed, there is only one dot (.).
The token needs to be in JWS or JWE Compact Serialization Format. (JWS): 'EncodedHeader.EncodedPayload.EncodedSignature'. (JWE): 'EncodedProtectedHeader.EncodedEncryptedKey.EncodedInitializationVector.EncodedCiphertext.EncodedAuthenticationTag'.
   at Microsoft.IdentityModel.JsonWebTokens.JsonWebToken.ReadToken(ReadOnlyMemory`1 encodedTokenMemory)
   at Microsoft.IdentityModel.JsonWebTokens.JsonWebToken..ctor(String jwtEncodedString)
   at Microsoft.IdentityModel.JsonWebTokens.JsonWebTokenHandler.ReadToken(String token, TokenValidationParameters validationParameters)
2026-09-02 16:08:28.457 +03:00 [INF] Executed endpoint 'CMS.API.Controllers.EncountersController.GetPatientEncounters (CMS.API)'
2026-09-02 16:08:28.461 +03:00 [INF] Bearer was not authenticated. Failure message: IDX14120: JWT is not well formed, there is only one dot (.).
The token needs to be in JWS or JWE Compact Serialization Format. (JWS): 'EncodedHeader.EncodedPayload.EncodedSignature'. (JWE): 'EncodedProtectedHeader.EncodedEncryptedKey.EncodedInitializationVector.EncodedCiphertext.EncodedAuthenticationTag'.
2026-09-02 16:08:28.465 +03:00 [INF] Bearer was not authenticated. Failure message: IDX14120: JWT is not well formed, there is only one dot (.).
The token needs to be in JWS or JWE Compact Serialization Format. (JWS): 'EncodedHeader.EncodedPayload.EncodedSignature'. (JWE): 'EncodedProtectedHeader.EncodedEncryptedKey.EncodedInitializationVector.EncodedCiphertext.EncodedAuthenticationTag'.
2026-09-02 16:08:28.467 +03:00 [ERR] Unhandled exception encountered: Incorrect syntax near the keyword 'Plan'.
Microsoft.Data.SqlClient.SqlException (0x80131904): Incorrect syntax near the keyword 'Plan'.
   at System.Threading.Tasks.ContinuationResultTaskFromResultTask`2.InnerInvoke()
   at System.Threading.ExecutionContext.RunInternal(ExecutionContext executionContext, ContextCallback callback, Object state)
--- End of stack trace from previous location ---
   at System.Threading.ExecutionContext.RunInternal(ExecutionContext executionContext, ContextCallback callback, Object state)
   at System.Threading.Tasks.Task.ExecuteWithThreadLocal(Task& currentTaskSlot, Thread threadPoolThread)
--- End of stack trace from previous location ---
   at Dapper.SqlMapper.QueryAsync[T](IDbConnection cnn, Type effectiveType, CommandDefinition command) in /_/Dapper/SqlMapper.Async.cs:line 434
   at CMS.Application.Encounters.EncounterService.GetPatientEncountersAsync(Byte tenantId, Int32 patientId) in C:\Users\ASUS\source\repos\CMS\src\CMS.Application\Encounters\EncounterService.cs:line 56
   at CMS.API.Controllers.EncountersController.GetPatientEncounters(Int32 patientId) in C:\Users\ASUS\source\repos\CMS\src\CMS.API\Controllers\ClinicalControllers.cs:line 97
   at Microsoft.AspNetCore.Mvc.Infrastructure.ActionMethodExecutor.TaskOfIActionResultExecutor.Execute(ActionContext actionContext, IActionResultTypeMapper mapper, ObjectMethodExecutor executor, Object controller, Object[] arguments)
   at Microsoft.AspNetCore.Mvc.Infrastructure.ControllerActionInvoker.<InvokeActionMethodAsync>g__Awaited|12_0(ControllerActionInvoker invoker, ValueTask`1 actionResultValueTask)
   at Microsoft.AspNetCore.Mvc.Infrastructure.ControllerActionInvoker.<InvokeNextActionFilterAsync>g__Awaited|10_0(ControllerActionInvoker invoker, Task lastTask, State next, Scope scope, Object state, Boolean isCompleted)
   at Microsoft.AspNetCore.Mvc.Infrastructure.ControllerActionInvoker.Rethrow(ActionExecutedContextSealed context)
   at Microsoft.AspNetCore.Mvc.Infrastructure.ControllerActionInvoker.Next(State& next, Scope& scope, Object& state, Boolean& isCompleted)
   at Microsoft.AspNetCore.Mvc.Infrastructure.ControllerActionInvoker.<InvokeInnerFilterAsync>g__Awaited|13_0(ControllerActionInvoker invoker, Task lastTask, State next, Scope scope, Object state, Boolean isCompleted)
   at Microsoft.AspNetCore.Mvc.Infrastructure.ResourceInvoker.<InvokeFilterPipelineAsync>g__Awaited|20_0(ResourceInvoker invoker, Task lastTask, State next, Scope scope, Object state, Boolean isCompleted)
   at Microsoft.AspNetCore.Mvc.Infrastructure.ResourceInvoker.<InvokeAsync>g__Logged|17_1(ResourceInvoker invoker)
   at Microsoft.AspNetCore.Mvc.Infrastructure.ResourceInvoker.<InvokeAsync>g__Logged|17_1(ResourceInvoker invoker)
   at Microsoft.AspNetCore.Routing.EndpointMiddleware.<Invoke>g__AwaitRequestTask|7_0(Endpoint endpoint, Task requestTask, ILogger logger)
   at Microsoft.AspNetCore.Authorization.AuthorizationMiddleware.Invoke(HttpContext context)
   at Microsoft.AspNetCore.Authentication.AuthenticationMiddleware.Invoke(HttpContext context)
   at Swashbuckle.AspNetCore.SwaggerUI.SwaggerUIMiddleware.Invoke(HttpContext httpContext)
   at Swashbuckle.AspNetCore.Swagger.SwaggerMiddleware.Invoke(HttpContext httpContext, ISwaggerProvider swaggerProvider)
   at CMS.API.Middleware.TenantMiddleware.InvokeAsync(HttpContext context) in C:\Users\ASUS\source\repos\CMS\src\CMS.API\Middleware\Middlewares.cs:line 26
   at CMS.API.Middleware.ExceptionMiddleware.InvokeAsync(HttpContext context) in C:\Users\ASUS\source\repos\CMS\src\CMS.API\Middleware\Middlewares.cs:line 45
ClientConnectionId:ffc1e66c-645f-4c11-965c-fb91603e3fa0
Error Number:156,State:1,Class:15
2026-09-02 16:08:28.469 +03:00 [INF] Executing endpoint 'CMS.API.Controllers.MedicalCertificatesController.GetPatientCertificates (CMS.API)'
2026-09-02 16:08:28.472 +03:00 [INF] Executing endpoint 'CMS.API.Controllers.PatientsController.Search (CMS.API)'
2026-09-02 16:08:28.488 +03:00 [INF] Request finished HTTP/1.1 GET http://localhost:5010/api/v1/encounters/patient/1 - 500 null application/json 63.6967ms
2026-09-02 16:08:28.488 +03:00 [INF] Route matched with {action = "GetPatientCertificates", controller = "MedicalCertificates"}. Executing controller action with signature System.Threading.Tasks.Task`1[Microsoft.AspNetCore.Mvc.IActionResult] GetPatientCertificates(Int32) on controller CMS.API.Controllers.MedicalCertificatesController (CMS.API).
2026-09-02 16:08:28.491 +03:00 [INF] Route matched with {action = "Search", controller = "Patients"}. Executing controller action with signature System.Threading.Tasks.Task`1[Microsoft.AspNetCore.Mvc.IActionResult] Search(System.String, Int32) on controller CMS.API.Controllers.PatientsController (CMS.API).
2026-09-02 16:08:28.505 +03:00 [INF] Executing OkObjectResult, writing value of type 'CMS.Shared.DTOs.ApiResponse`1[[System.Collections.Generic.List`1[[CMS.Shared.DTOs.MedicalCertificateDto, CMS.Shared, Version=1.0.0.0, Culture=neutral, PublicKeyToken=null]], System.Private.CoreLib, Version=8.0.0.0, Culture=neutral, PublicKeyToken=7cec85d7bea7798e]]'.
2026-09-02 16:08:28.510 +03:00 [INF] Executing OkObjectResult, writing value of type 'CMS.Shared.DTOs.ApiResponse`1[[System.Collections.Generic.List`1[[CMS.Shared.DTOs.PatientDto, CMS.Shared, Version=1.0.0.0, Culture=neutral, PublicKeyToken=null]], System.Private.CoreLib, Version=8.0.0.0, Culture=neutral, PublicKeyToken=7cec85d7bea7798e]]'.
2026-09-02 16:08:28.512 +03:00 [INF] Executed action CMS.API.Controllers.MedicalCertificatesController.GetPatientCertificates (CMS.API) in 8.4506ms
2026-09-02 16:08:28.517 +03:00 [INF] Executed action CMS.API.Controllers.PatientsController.Search (CMS.API) in 8.6076ms
2026-09-02 16:08:28.521 +03:00 [INF] Executed endpoint 'CMS.API.Controllers.MedicalCertificatesController.GetPatientCertificates (CMS.API)'
2026-09-02 16:08:28.524 +03:00 [INF] Executed endpoint 'CMS.API.Controllers.PatientsController.Search (CMS.API)'
2026-09-02 16:08:28.527 +03:00 [INF] Request finished HTTP/1.1 GET http://localhost:5010/api/v1/medicalcertificates/patient/1 - 200 null application/json; charset=utf-8 84.5024ms
2026-09-02 16:08:28.531 +03:00 [INF] Request finished HTTP/1.1 GET http://localhost:5010/api/v1/patients/search - 200 null application/json; charset=utf-8 88.0751ms
2026-09-02 16:08:28.658 +03:00 [INF] Request starting HTTP/1.1 GET http://localhost:5010/api/v1/triage/patient/1/latest - application/json null
2026-09-02 16:08:28.664 +03:00 [INF] Failed to validate the token.
Microsoft.IdentityModel.Tokens.SecurityTokenMalformedException: IDX14120: JWT is not well formed, there is only one dot (.).
The token needs to be in JWS or JWE Compact Serialization Format. (JWS): 'EncodedHeader.EncodedPayload.EncodedSignature'. (JWE): 'EncodedProtectedHeader.EncodedEncryptedKey.EncodedInitializationVector.EncodedCiphertext.EncodedAuthenticationTag'.
   at Microsoft.IdentityModel.JsonWebTokens.JsonWebToken.ReadToken(ReadOnlyMemory`1 encodedTokenMemory)
   at Microsoft.IdentityModel.JsonWebTokens.JsonWebToken..ctor(String jwtEncodedString)
   at Microsoft.IdentityModel.JsonWebTokens.JsonWebTokenHandler.ReadToken(String token, TokenValidationParameters validationParameters)
2026-09-02 16:08:28.668 +03:00 [INF] Bearer was not authenticated. Failure message: IDX14120: JWT is not well formed, there is only one dot (.).
The token needs to be in JWS or JWE Compact Serialization Format. (JWS): 'EncodedHeader.EncodedPayload.EncodedSignature'. (JWE): 'EncodedProtectedHeader.EncodedEncryptedKey.EncodedInitializationVector.EncodedCiphertext.EncodedAuthenticationTag'.
2026-09-02 16:08:28.671 +03:00 [INF] Executing endpoint 'CMS.API.Controllers.TriageController.GetLatestPatientVitals (CMS.API)'
2026-09-02 16:08:28.674 +03:00 [INF] Route matched with {action = "GetLatestPatientVitals", controller = "Triage"}. Executing controller action with signature System.Threading.Tasks.Task`1[Microsoft.AspNetCore.Mvc.IActionResult] GetLatestPatientVitals(Int32) on controller CMS.API.Controllers.TriageController (CMS.API).
2026-09-02 16:08:28.680 +03:00 [INF] Executing OkObjectResult, writing value of type 'CMS.Shared.DTOs.ApiResponse`1[[CMS.Shared.DTOs.TriageDto, CMS.Shared, Version=1.0.0.0, Culture=neutral, PublicKeyToken=null]]'.
2026-09-02 16:08:28.683 +03:00 [INF] Executed action CMS.API.Controllers.TriageController.GetLatestPatientVitals (CMS.API) in 5.3457ms
2026-09-02 16:08:28.688 +03:00 [INF] Executed endpoint 'CMS.API.Controllers.TriageController.GetLatestPatientVitals (CMS.API)'
2026-09-02 16:08:28.691 +03:00 [INF] Request finished HTTP/1.1 GET http://localhost:5010/api/v1/triage/patient/1/latest - 200 null application/json; charset=utf-8 32.6678ms
2026-09-02 16:08:28.798 +03:00 [INF] Request starting HTTP/1.1 GET http://localhost:5010/api/v1/encounters/patient/1 - application/json null
2026-09-02 16:08:28.807 +03:00 [INF] Failed to validate the token.
Microsoft.IdentityModel.Tokens.SecurityTokenMalformedException: IDX14120: JWT is not well formed, there is only one dot (.).
The token needs to be in JWS or JWE Compact Serialization Format. (JWS): 'EncodedHeader.EncodedPayload.EncodedSignature'. (JWE): 'EncodedProtectedHeader.EncodedEncryptedKey.EncodedInitializationVector.EncodedCiphertext.EncodedAuthenticationTag'.
   at Microsoft.IdentityModel.JsonWebTokens.JsonWebToken.ReadToken(ReadOnlyMemory`1 encodedTokenMemory)
   at Microsoft.IdentityModel.JsonWebTokens.JsonWebToken..ctor(String jwtEncodedString)
   at Microsoft.IdentityModel.JsonWebTokens.JsonWebTokenHandler.ReadToken(String token, TokenValidationParameters validationParameters)
2026-09-02 16:08:28.811 +03:00 [INF] Bearer was not authenticated. Failure message: IDX14120: JWT is not well formed, there is only one dot (.).
The token needs to be in JWS or JWE Compact Serialization Format. (JWS): 'EncodedHeader.EncodedPayload.EncodedSignature'. (JWE): 'EncodedProtectedHeader.EncodedEncryptedKey.EncodedInitializationVector.EncodedCiphertext.EncodedAuthenticationTag'.
2026-09-02 16:08:28.814 +03:00 [INF] Executing endpoint 'CMS.API.Controllers.EncountersController.GetPatientEncounters (CMS.API)'
2026-09-02 16:08:28.817 +03:00 [INF] Route matched with {action = "GetPatientEncounters", controller = "Encounters"}. Executing controller action with signature System.Threading.Tasks.Task`1[Microsoft.AspNetCore.Mvc.IActionResult] GetPatientEncounters(Int32) on controller CMS.API.Controllers.EncountersController (CMS.API).
2026-09-02 16:08:28.823 +03:00 [INF] Executed action CMS.API.Controllers.EncountersController.GetPatientEncounters (CMS.API) in 2.7662ms
2026-09-02 16:08:28.828 +03:00 [INF] Executed endpoint 'CMS.API.Controllers.EncountersController.GetPatientEncounters (CMS.API)'
2026-09-02 16:08:28.828 +03:00 [INF] Request starting HTTP/1.1 GET http://localhost:5010/api/v1/medicalcertificates/patient/1 - application/json null
2026-09-02 16:08:28.831 +03:00 [ERR] Unhandled exception encountered: Incorrect syntax near the keyword 'Plan'.
Microsoft.Data.SqlClient.SqlException (0x80131904): Incorrect syntax near the keyword 'Plan'.
   at System.Threading.Tasks.ContinuationResultTaskFromResultTask`2.InnerInvoke()
   at System.Threading.ExecutionContext.RunInternal(ExecutionContext executionContext, ContextCallback callback, Object state)
--- End of stack trace from previous location ---
   at System.Threading.ExecutionContext.RunInternal(ExecutionContext executionContext, ContextCallback callback, Object state)
   at System.Threading.Tasks.Task.ExecuteWithThreadLocal(Task& currentTaskSlot, Thread threadPoolThread)
--- End of stack trace from previous location ---
   at Dapper.SqlMapper.QueryAsync[T](IDbConnection cnn, Type effectiveType, CommandDefinition command) in /_/Dapper/SqlMapper.Async.cs:line 434
   at CMS.Application.Encounters.EncounterService.GetPatientEncountersAsync(Byte tenantId, Int32 patientId) in C:\Users\ASUS\source\repos\CMS\src\CMS.Application\Encounters\EncounterService.cs:line 56
   at CMS.API.Controllers.EncountersController.GetPatientEncounters(Int32 patientId) in C:\Users\ASUS\source\repos\CMS\src\CMS.API\Controllers\ClinicalControllers.cs:line 97
   at Microsoft.AspNetCore.Mvc.Infrastructure.ActionMethodExecutor.TaskOfIActionResultExecutor.Execute(ActionContext actionContext, IActionResultTypeMapper mapper, ObjectMethodExecutor executor, Object controller, Object[] arguments)
   at Microsoft.AspNetCore.Mvc.Infrastructure.ControllerActionInvoker.<InvokeActionMethodAsync>g__Awaited|12_0(ControllerActionInvoker invoker, ValueTask`1 actionResultValueTask)
   at Microsoft.AspNetCore.Mvc.Infrastructure.ControllerActionInvoker.<InvokeNextActionFilterAsync>g__Awaited|10_0(ControllerActionInvoker invoker, Task lastTask, State next, Scope scope, Object state, Boolean isCompleted)
   at Microsoft.AspNetCore.Mvc.Infrastructure.ControllerActionInvoker.Rethrow(ActionExecutedContextSealed context)
   at Microsoft.AspNetCore.Mvc.Infrastructure.ControllerActionInvoker.Next(State& next, Scope& scope, Object& state, Boolean& isCompleted)
   at Microsoft.AspNetCore.Mvc.Infrastructure.ControllerActionInvoker.<InvokeInnerFilterAsync>g__Awaited|13_0(ControllerActionInvoker invoker, Task lastTask, State next, Scope scope, Object state, Boolean isCompleted)
   at Microsoft.AspNetCore.Mvc.Infrastructure.ResourceInvoker.<InvokeFilterPipelineAsync>g__Awaited|20_0(ResourceInvoker invoker, Task lastTask, State next, Scope scope, Object state, Boolean isCompleted)
   at Microsoft.AspNetCore.Mvc.Infrastructure.ResourceInvoker.<InvokeAsync>g__Logged|17_1(ResourceInvoker invoker)
   at Microsoft.AspNetCore.Mvc.Infrastructure.ResourceInvoker.<InvokeAsync>g__Logged|17_1(ResourceInvoker invoker)
   at Microsoft.AspNetCore.Routing.EndpointMiddleware.<Invoke>g__AwaitRequestTask|7_0(Endpoint endpoint, Task requestTask, ILogger logger)
   at Microsoft.AspNetCore.Authorization.AuthorizationMiddleware.Invoke(HttpContext context)
   at Microsoft.AspNetCore.Authentication.AuthenticationMiddleware.Invoke(HttpContext context)
   at Swashbuckle.AspNetCore.SwaggerUI.SwaggerUIMiddleware.Invoke(HttpContext httpContext)
   at Swashbuckle.AspNetCore.Swagger.SwaggerMiddleware.Invoke(HttpContext httpContext, ISwaggerProvider swaggerProvider)
   at CMS.API.Middleware.TenantMiddleware.InvokeAsync(HttpContext context) in C:\Users\ASUS\source\repos\CMS\src\CMS.API\Middleware\Middlewares.cs:line 26
   at CMS.API.Middleware.ExceptionMiddleware.InvokeAsync(HttpContext context) in C:\Users\ASUS\source\repos\CMS\src\CMS.API\Middleware\Middlewares.cs:line 45
ClientConnectionId:ffc1e66c-645f-4c11-965c-fb91603e3fa0
Error Number:156,State:1,Class:15
2026-09-02 16:08:28.837 +03:00 [INF] Failed to validate the token.
Microsoft.IdentityModel.Tokens.SecurityTokenMalformedException: IDX14120: JWT is not well formed, there is only one dot (.).
The token needs to be in JWS or JWE Compact Serialization Format. (JWS): 'EncodedHeader.EncodedPayload.EncodedSignature'. (JWE): 'EncodedProtectedHeader.EncodedEncryptedKey.EncodedInitializationVector.EncodedCiphertext.EncodedAuthenticationTag'.
   at Microsoft.IdentityModel.JsonWebTokens.JsonWebToken.ReadToken(ReadOnlyMemory`1 encodedTokenMemory)
   at Microsoft.IdentityModel.JsonWebTokens.JsonWebToken..ctor(String jwtEncodedString)
   at Microsoft.IdentityModel.JsonWebTokens.JsonWebTokenHandler.ReadToken(String token, TokenValidationParameters validationParameters)
2026-09-02 16:08:28.855 +03:00 [INF] Request finished HTTP/1.1 GET http://localhost:5010/api/v1/encounters/patient/1 - 500 null application/json 56.8695ms
2026-09-02 16:08:28.857 +03:00 [INF] Bearer was not authenticated. Failure message: IDX14120: JWT is not well formed, there is only one dot (.).
The token needs to be in JWS or JWE Compact Serialization Format. (JWS): 'EncodedHeader.EncodedPayload.EncodedSignature'. (JWE): 'EncodedProtectedHeader.EncodedEncryptedKey.EncodedInitializationVector.EncodedCiphertext.EncodedAuthenticationTag'.
2026-09-02 16:08:28.867 +03:00 [INF] Executing endpoint 'CMS.API.Controllers.MedicalCertificatesController.GetPatientCertificates (CMS.API)'
2026-09-02 16:08:28.870 +03:00 [INF] Route matched with {action = "GetPatientCertificates", controller = "MedicalCertificates"}. Executing controller action with signature System.Threading.Tasks.Task`1[Microsoft.AspNetCore.Mvc.IActionResult] GetPatientCertificates(Int32) on controller CMS.API.Controllers.MedicalCertificatesController (CMS.API).
2026-09-02 16:08:28.875 +03:00 [INF] Executing OkObjectResult, writing value of type 'CMS.Shared.DTOs.ApiResponse`1[[System.Collections.Generic.List`1[[CMS.Shared.DTOs.MedicalCertificateDto, CMS.Shared, Version=1.0.0.0, Culture=neutral, PublicKeyToken=null]], System.Private.CoreLib, Version=8.0.0.0, Culture=neutral, PublicKeyToken=7cec85d7bea7798e]]'.
2026-09-02 16:08:28.878 +03:00 [INF] Executed action CMS.API.Controllers.MedicalCertificatesController.GetPatientCertificates (CMS.API) in 4.7017ms
2026-09-02 16:08:28.882 +03:00 [INF] Executed endpoint 'CMS.API.Controllers.MedicalCertificatesController.GetPatientCertificates (CMS.API)'
2026-09-02 16:08:28.884 +03:00 [INF] Request finished HTTP/1.1 GET http://localhost:5010/api/v1/medicalcertificates/patient/1 - 200 null application/json; charset=utf-8 56.0929ms
2026-09-02 16:08:29.001 +03:00 [INF] Request starting HTTP/1.1 GET http://localhost:5010/api/v1/triage/patient/1/latest - application/json null
2026-09-02 16:08:29.008 +03:00 [INF] Failed to validate the token.
Microsoft.IdentityModel.Tokens.SecurityTokenMalformedException: IDX14120: JWT is not well formed, there is only one dot (.).
The token needs to be in JWS or JWE Compact Serialization Format. (JWS): 'EncodedHeader.EncodedPayload.EncodedSignature'. (JWE): 'EncodedProtectedHeader.EncodedEncryptedKey.EncodedInitializationVector.EncodedCiphertext.EncodedAuthenticationTag'.
   at Microsoft.IdentityModel.JsonWebTokens.JsonWebToken.ReadToken(ReadOnlyMemory`1 encodedTokenMemory)
   at Microsoft.IdentityModel.JsonWebTokens.JsonWebToken..ctor(String jwtEncodedString)
   at Microsoft.IdentityModel.JsonWebTokens.JsonWebTokenHandler.ReadToken(String token, TokenValidationParameters validationParameters)
2026-09-02 16:08:29.012 +03:00 [INF] Bearer was not authenticated. Failure message: IDX14120: JWT is not well formed, there is only one dot (.).
The token needs to be in JWS or JWE Compact Serialization Format. (JWS): 'EncodedHeader.EncodedPayload.EncodedSignature'. (JWE): 'EncodedProtectedHeader.EncodedEncryptedKey.EncodedInitializationVector.EncodedCiphertext.EncodedAuthenticationTag'.
2026-09-02 16:08:29.014 +03:00 [INF] Executing endpoint 'CMS.API.Controllers.TriageController.GetLatestPatientVitals (CMS.API)'
2026-09-02 16:08:29.016 +03:00 [INF] Route matched with {action = "GetLatestPatientVitals", controller = "Triage"}. Executing controller action with signature System.Threading.Tasks.Task`1[Microsoft.AspNetCore.Mvc.IActionResult] GetLatestPatientVitals(Int32) on controller CMS.API.Controllers.TriageController (CMS.API).
2026-09-02 16:08:29.022 +03:00 [INF] Executing OkObjectResult, writing value of type 'CMS.Shared.DTOs.ApiResponse`1[[CMS.Shared.DTOs.TriageDto, CMS.Shared, Version=1.0.0.0, Culture=neutral, PublicKeyToken=null]]'.
2026-09-02 16:08:29.026 +03:00 [INF] Executed action CMS.API.Controllers.TriageController.GetLatestPatientVitals (CMS.API) in 5.0609ms
2026-09-02 16:08:29.030 +03:00 [INF] Executed endpoint 'CMS.API.Controllers.TriageController.GetLatestPatientVitals (CMS.API)'
2026-09-02 16:08:29.032 +03:00 [INF] Request finished HTTP/1.1 GET http://localhost:5010/api/v1/triage/patient/1/latest - 200 null application/json; charset=utf-8 31.4093ms
2026-09-02 16:08:29.169 +03:00 [INF] Request starting HTTP/1.1 GET http://localhost:5010/api/v1/encounters/patient/1 - application/json null
2026-09-02 16:08:29.177 +03:00 [INF] Failed to validate the token.
Microsoft.IdentityModel.Tokens.SecurityTokenMalformedException: IDX14120: JWT is not well formed, there is only one dot (.).
The token needs to be in JWS or JWE Compact Serialization Format. (JWS): 'EncodedHeader.EncodedPayload.EncodedSignature'. (JWE): 'EncodedProtectedHeader.EncodedEncryptedKey.EncodedInitializationVector.EncodedCiphertext.EncodedAuthenticationTag'.
   at Microsoft.IdentityModel.JsonWebTokens.JsonWebToken.ReadToken(ReadOnlyMemory`1 encodedTokenMemory)
   at Microsoft.IdentityModel.JsonWebTokens.JsonWebToken..ctor(String jwtEncodedString)
   at Microsoft.IdentityModel.JsonWebTokens.JsonWebTokenHandler.ReadToken(String token, TokenValidationParameters validationParameters)
2026-09-02 16:08:29.181 +03:00 [INF] Bearer was not authenticated. Failure message: IDX14120: JWT is not well formed, there is only one dot (.).
The token needs to be in JWS or JWE Compact Serialization Format. (JWS): 'EncodedHeader.EncodedPayload.EncodedSignature'. (JWE): 'EncodedProtectedHeader.EncodedEncryptedKey.EncodedInitializationVector.EncodedCiphertext.EncodedAuthenticationTag'.
2026-09-02 16:08:29.185 +03:00 [INF] Executing endpoint 'CMS.API.Controllers.EncountersController.GetPatientEncounters (CMS.API)'
2026-09-02 16:08:29.188 +03:00 [INF] Route matched with {action = "GetPatientEncounters", controller = "Encounters"}. Executing controller action with signature System.Threading.Tasks.Task`1[Microsoft.AspNetCore.Mvc.IActionResult] GetPatientEncounters(Int32) on controller CMS.API.Controllers.EncountersController (CMS.API).
2026-09-02 16:08:29.198 +03:00 [INF] Executed action CMS.API.Controllers.EncountersController.GetPatientEncounters (CMS.API) in 3.6689ms
2026-09-02 16:08:29.202 +03:00 [INF] Request starting HTTP/1.1 GET http://localhost:5010/api/v1/medicalcertificates/patient/1 - application/json null
2026-09-02 16:08:29.203 +03:00 [INF] Executed endpoint 'CMS.API.Controllers.EncountersController.GetPatientEncounters (CMS.API)'
2026-09-02 16:08:29.209 +03:00 [INF] Failed to validate the token.
Microsoft.IdentityModel.Tokens.SecurityTokenMalformedException: IDX14120: JWT is not well formed, there is only one dot (.).
The token needs to be in JWS or JWE Compact Serialization Format. (JWS): 'EncodedHeader.EncodedPayload.EncodedSignature'. (JWE): 'EncodedProtectedHeader.EncodedEncryptedKey.EncodedInitializationVector.EncodedCiphertext.EncodedAuthenticationTag'.
   at Microsoft.IdentityModel.JsonWebTokens.JsonWebToken.ReadToken(ReadOnlyMemory`1 encodedTokenMemory)
   at Microsoft.IdentityModel.JsonWebTokens.JsonWebToken..ctor(String jwtEncodedString)
   at Microsoft.IdentityModel.JsonWebTokens.JsonWebTokenHandler.ReadToken(String token, TokenValidationParameters validationParameters)
2026-09-02 16:08:29.211 +03:00 [ERR] Unhandled exception encountered: Incorrect syntax near the keyword 'Plan'.
Microsoft.Data.SqlClient.SqlException (0x80131904): Incorrect syntax near the keyword 'Plan'.
   at System.Threading.Tasks.ContinuationResultTaskFromResultTask`2.InnerInvoke()
   at System.Threading.ExecutionContext.RunInternal(ExecutionContext executionContext, ContextCallback callback, Object state)
--- End of stack trace from previous location ---
   at System.Threading.ExecutionContext.RunInternal(ExecutionContext executionContext, ContextCallback callback, Object state)
   at System.Threading.Tasks.Task.ExecuteWithThreadLocal(Task& currentTaskSlot, Thread threadPoolThread)
--- End of stack trace from previous location ---
   at Dapper.SqlMapper.QueryAsync[T](IDbConnection cnn, Type effectiveType, CommandDefinition command) in /_/Dapper/SqlMapper.Async.cs:line 434
   at CMS.Application.Encounters.EncounterService.GetPatientEncountersAsync(Byte tenantId, Int32 patientId) in C:\Users\ASUS\source\repos\CMS\src\CMS.Application\Encounters\EncounterService.cs:line 56
   at CMS.API.Controllers.EncountersController.GetPatientEncounters(Int32 patientId) in C:\Users\ASUS\source\repos\CMS\src\CMS.API\Controllers\ClinicalControllers.cs:line 97
   at Microsoft.AspNetCore.Mvc.Infrastructure.ActionMethodExecutor.TaskOfIActionResultExecutor.Execute(ActionContext actionContext, IActionResultTypeMapper mapper, ObjectMethodExecutor executor, Object controller, Object[] arguments)
   at Microsoft.AspNetCore.Mvc.Infrastructure.ControllerActionInvoker.<InvokeActionMethodAsync>g__Awaited|12_0(ControllerActionInvoker invoker, ValueTask`1 actionResultValueTask)
   at Microsoft.AspNetCore.Mvc.Infrastructure.ControllerActionInvoker.<InvokeNextActionFilterAsync>g__Awaited|10_0(ControllerActionInvoker invoker, Task lastTask, State next, Scope scope, Object state, Boolean isCompleted)
   at Microsoft.AspNetCore.Mvc.Infrastructure.ControllerActionInvoker.Rethrow(ActionExecutedContextSealed context)
   at Microsoft.AspNetCore.Mvc.Infrastructure.ControllerActionInvoker.Next(State& next, Scope& scope, Object& state, Boolean& isCompleted)
   at Microsoft.AspNetCore.Mvc.Infrastructure.ControllerActionInvoker.<InvokeInnerFilterAsync>g__Awaited|13_0(ControllerActionInvoker invoker, Task lastTask, State next, Scope scope, Object state, Boolean isCompleted)
   at Microsoft.AspNetCore.Mvc.Infrastructure.ResourceInvoker.<InvokeFilterPipelineAsync>g__Awaited|20_0(ResourceInvoker invoker, Task lastTask, State next, Scope scope, Object state, Boolean isCompleted)
   at Microsoft.AspNetCore.Mvc.Infrastructure.ResourceInvoker.<InvokeAsync>g__Logged|17_1(ResourceInvoker invoker)
   at Microsoft.AspNetCore.Mvc.Infrastructure.ResourceInvoker.<InvokeAsync>g__Logged|17_1(ResourceInvoker invoker)
   at Microsoft.AspNetCore.Routing.EndpointMiddleware.<Invoke>g__AwaitRequestTask|7_0(Endpoint endpoint, Task requestTask, ILogger logger)
   at Microsoft.AspNetCore.Authorization.AuthorizationMiddleware.Invoke(HttpContext context)
   at Microsoft.AspNetCore.Authentication.AuthenticationMiddleware.Invoke(HttpContext context)
   at Swashbuckle.AspNetCore.SwaggerUI.SwaggerUIMiddleware.Invoke(HttpContext httpContext)
   at Swashbuckle.AspNetCore.Swagger.SwaggerMiddleware.Invoke(HttpContext httpContext, ISwaggerProvider swaggerProvider)
   at CMS.API.Middleware.TenantMiddleware.InvokeAsync(HttpContext context) in C:\Users\ASUS\source\repos\CMS\src\CMS.API\Middleware\Middlewares.cs:line 26
   at CMS.API.Middleware.ExceptionMiddleware.InvokeAsync(HttpContext context) in C:\Users\ASUS\source\repos\CMS\src\CMS.API\Middleware\Middlewares.cs:line 45
ClientConnectionId:ffc1e66c-645f-4c11-965c-fb91603e3fa0
Error Number:156,State:1,Class:15
2026-09-02 16:08:29.215 +03:00 [INF] Bearer was not authenticated. Failure message: IDX14120: JWT is not well formed, there is only one dot (.).
The token needs to be in JWS or JWE Compact Serialization Format. (JWS): 'EncodedHeader.EncodedPayload.EncodedSignature'. (JWE): 'EncodedProtectedHeader.EncodedEncryptedKey.EncodedInitializationVector.EncodedCiphertext.EncodedAuthenticationTag'.
2026-09-02 16:08:29.236 +03:00 [INF] Executing endpoint 'CMS.API.Controllers.MedicalCertificatesController.GetPatientCertificates (CMS.API)'
2026-09-02 16:08:29.236 +03:00 [INF] Request finished HTTP/1.1 GET http://localhost:5010/api/v1/encounters/patient/1 - 500 null application/json 66.7045ms
2026-09-02 16:08:29.240 +03:00 [INF] Route matched with {action = "GetPatientCertificates", controller = "MedicalCertificates"}. Executing controller action with signature System.Threading.Tasks.Task`1[Microsoft.AspNetCore.Mvc.IActionResult] GetPatientCertificates(Int32) on controller CMS.API.Controllers.MedicalCertificatesController (CMS.API).
2026-09-02 16:08:29.255 +03:00 [INF] Executing OkObjectResult, writing value of type 'CMS.Shared.DTOs.ApiResponse`1[[System.Collections.Generic.List`1[[CMS.Shared.DTOs.MedicalCertificateDto, CMS.Shared, Version=1.0.0.0, Culture=neutral, PublicKeyToken=null]], System.Private.CoreLib, Version=8.0.0.0, Culture=neutral, PublicKeyToken=7cec85d7bea7798e]]'.
2026-09-02 16:08:29.259 +03:00 [INF] Executed action CMS.API.Controllers.MedicalCertificatesController.GetPatientCertificates (CMS.API) in 5.4887ms
2026-09-02 16:08:29.263 +03:00 [INF] Executed endpoint 'CMS.API.Controllers.MedicalCertificatesController.GetPatientCertificates (CMS.API)'
2026-09-02 16:08:29.267 +03:00 [INF] Request finished HTTP/1.1 GET http://localhost:5010/api/v1/medicalcertificates/patient/1 - 200 null application/json; charset=utf-8 64.3662ms
2026-09-02 16:08:29.342 +03:00 [INF] Request starting HTTP/1.1 GET http://localhost:5010/api/v1/triage/patient/1/latest - application/json null
2026-09-02 16:08:29.349 +03:00 [INF] Failed to validate the token.
Microsoft.IdentityModel.Tokens.SecurityTokenMalformedException: IDX14120: JWT is not well formed, there is only one dot (.).
The token needs to be in JWS or JWE Compact Serialization Format. (JWS): 'EncodedHeader.EncodedPayload.EncodedSignature'. (JWE): 'EncodedProtectedHeader.EncodedEncryptedKey.EncodedInitializationVector.EncodedCiphertext.EncodedAuthenticationTag'.
   at Microsoft.IdentityModel.JsonWebTokens.JsonWebToken.ReadToken(ReadOnlyMemory`1 encodedTokenMemory)
   at Microsoft.IdentityModel.JsonWebTokens.JsonWebToken..ctor(String jwtEncodedString)
   at Microsoft.IdentityModel.JsonWebTokens.JsonWebTokenHandler.ReadToken(String token, TokenValidationParameters validationParameters)
2026-09-02 16:08:29.353 +03:00 [INF] Bearer was not authenticated. Failure message: IDX14120: JWT is not well formed, there is only one dot (.).
The token needs to be in JWS or JWE Compact Serialization Format. (JWS): 'EncodedHeader.EncodedPayload.EncodedSignature'. (JWE): 'EncodedProtectedHeader.EncodedEncryptedKey.EncodedInitializationVector.EncodedCiphertext.EncodedAuthenticationTag'.
2026-09-02 16:08:29.355 +03:00 [INF] Executing endpoint 'CMS.API.Controllers.TriageController.GetLatestPatientVitals (CMS.API)'
2026-09-02 16:08:29.358 +03:00 [INF] Route matched with {action = "GetLatestPatientVitals", controller = "Triage"}. Executing controller action with signature System.Threading.Tasks.Task`1[Microsoft.AspNetCore.Mvc.IActionResult] GetLatestPatientVitals(Int32) on controller CMS.API.Controllers.TriageController (CMS.API).
2026-09-02 16:08:29.364 +03:00 [INF] Executing OkObjectResult, writing value of type 'CMS.Shared.DTOs.ApiResponse`1[[CMS.Shared.DTOs.TriageDto, CMS.Shared, Version=1.0.0.0, Culture=neutral, PublicKeyToken=null]]'.
2026-09-02 16:08:29.367 +03:00 [INF] Executed action CMS.API.Controllers.TriageController.GetLatestPatientVitals (CMS.API) in 5.044ms
2026-09-02 16:08:29.371 +03:00 [INF] Executed endpoint 'CMS.API.Controllers.TriageController.GetLatestPatientVitals (CMS.API)'
2026-09-02 16:08:29.374 +03:00 [INF] Request finished HTTP/1.1 GET http://localhost:5010/api/v1/triage/patient/1/latest - 200 null application/json; charset=utf-8 31.6465ms
2026-09-02 16:08:43.887 +03:00 [INF] Application is shutting down...
2026-09-02 16:09:56.460 +03:00 [INF] User profile is available. Using 'C:\Users\ASUS\AppData\Local\ASP.NET\DataProtection-Keys' as key repository and Windows DPAPI to encrypt keys at rest.
2026-09-02 16:09:56.686 +03:00 [INF] Now listening on: http://localhost:5010
2026-09-02 16:09:56.692 +03:00 [INF] Application started. Press Ctrl+C to shut down.
2026-09-02 16:09:56.695 +03:00 [INF] Hosting environment: Development
2026-09-02 16:09:56.697 +03:00 [INF] Content root path: C:\Users\ASUS\source\repos\CMS\src\CMS.API
2026-09-02 16:10:35.103 +03:00 [INF] Request starting HTTP/1.1 GET http://localhost:5010/api/v1/dashboard/metrics - null null
2026-09-02 16:10:35.300 +03:00 [INF] Failed to validate the token.
Microsoft.IdentityModel.Tokens.SecurityTokenMalformedException: IDX14120: JWT is not well formed, there is only one dot (.).
The token needs to be in JWS or JWE Compact Serialization Format. (JWS): 'EncodedHeader.EncodedPayload.EncodedSignature'. (JWE): 'EncodedProtectedHeader.EncodedEncryptedKey.EncodedInitializationVector.EncodedCiphertext.EncodedAuthenticationTag'.
   at Microsoft.IdentityModel.JsonWebTokens.JsonWebToken.ReadToken(ReadOnlyMemory`1 encodedTokenMemory)
   at Microsoft.IdentityModel.JsonWebTokens.JsonWebToken..ctor(String jwtEncodedString)
   at Microsoft.IdentityModel.JsonWebTokens.JsonWebTokenHandler.ReadToken(String token, TokenValidationParameters validationParameters)
2026-09-02 16:10:35.318 +03:00 [INF] Bearer was not authenticated. Failure message: IDX14120: JWT is not well formed, there is only one dot (.).
The token needs to be in JWS or JWE Compact Serialization Format. (JWS): 'EncodedHeader.EncodedPayload.EncodedSignature'. (JWE): 'EncodedProtectedHeader.EncodedEncryptedKey.EncodedInitializationVector.EncodedCiphertext.EncodedAuthenticationTag'.
2026-09-02 16:10:35.329 +03:00 [INF] Executing endpoint 'CMS.API.Controllers.DashboardController.GetMetrics (CMS.API)'
2026-09-02 16:10:35.355 +03:00 [INF] Route matched with {action = "GetMetrics", controller = "Dashboard"}. Executing controller action with signature System.Threading.Tasks.Task`1[Microsoft.AspNetCore.Mvc.IActionResult] GetMetrics() on controller CMS.API.Controllers.DashboardController (CMS.API).
2026-09-02 16:10:35.994 +03:00 [INF] Executing OkObjectResult, writing value of type 'CMS.Shared.DTOs.ApiResponse`1[[CMS.Shared.DTOs.DashboardMetricsDto, CMS.Shared, Version=1.0.0.0, Culture=neutral, PublicKeyToken=null]]'.
2026-09-02 16:10:36.121 +03:00 [INF] Executed action CMS.API.Controllers.DashboardController.GetMetrics (CMS.API) in 754.5946ms
2026-09-02 16:10:36.127 +03:00 [INF] Request starting HTTP/1.1 GET http://localhost:5010/api/v1/dashboard/metrics - null null
2026-09-02 16:10:36.129 +03:00 [INF] Executed endpoint 'CMS.API.Controllers.DashboardController.GetMetrics (CMS.API)'
2026-09-02 16:10:36.146 +03:00 [INF] Request finished HTTP/1.1 GET http://localhost:5010/api/v1/dashboard/metrics - 200 null application/json; charset=utf-8 1046.8751ms
2026-09-02 16:10:36.148 +03:00 [INF] Failed to validate the token.
Microsoft.IdentityModel.Tokens.SecurityTokenMalformedException: IDX14120: JWT is not well formed, there is only one dot (.).
The token needs to be in JWS or JWE Compact Serialization Format. (JWS): 'EncodedHeader.EncodedPayload.EncodedSignature'. (JWE): 'EncodedProtectedHeader.EncodedEncryptedKey.EncodedInitializationVector.EncodedCiphertext.EncodedAuthenticationTag'.
   at Microsoft.IdentityModel.JsonWebTokens.JsonWebToken.ReadToken(ReadOnlyMemory`1 encodedTokenMemory)
   at Microsoft.IdentityModel.JsonWebTokens.JsonWebToken..ctor(String jwtEncodedString)
   at Microsoft.IdentityModel.JsonWebTokens.JsonWebTokenHandler.ReadToken(String token, TokenValidationParameters validationParameters)
2026-09-02 16:10:36.168 +03:00 [INF] Bearer was not authenticated. Failure message: IDX14120: JWT is not well formed, there is only one dot (.).
The token needs to be in JWS or JWE Compact Serialization Format. (JWS): 'EncodedHeader.EncodedPayload.EncodedSignature'. (JWE): 'EncodedProtectedHeader.EncodedEncryptedKey.EncodedInitializationVector.EncodedCiphertext.EncodedAuthenticationTag'.
2026-09-02 16:10:36.172 +03:00 [INF] Executing endpoint 'CMS.API.Controllers.DashboardController.GetMetrics (CMS.API)'
2026-09-02 16:10:36.176 +03:00 [INF] Route matched with {action = "GetMetrics", controller = "Dashboard"}. Executing controller action with signature System.Threading.Tasks.Task`1[Microsoft.AspNetCore.Mvc.IActionResult] GetMetrics() on controller CMS.API.Controllers.DashboardController (CMS.API).
2026-09-02 16:10:36.196 +03:00 [INF] Executing OkObjectResult, writing value of type 'CMS.Shared.DTOs.ApiResponse`1[[CMS.Shared.DTOs.DashboardMetricsDto, CMS.Shared, Version=1.0.0.0, Culture=neutral, PublicKeyToken=null]]'.
2026-09-02 16:10:36.201 +03:00 [INF] Executed action CMS.API.Controllers.DashboardController.GetMetrics (CMS.API) in 18.7721ms
2026-09-02 16:10:36.206 +03:00 [INF] Executed endpoint 'CMS.API.Controllers.DashboardController.GetMetrics (CMS.API)'
2026-09-02 16:10:36.210 +03:00 [INF] Request finished HTTP/1.1 GET http://localhost:5010/api/v1/dashboard/metrics - 200 null application/json; charset=utf-8 82.9629ms
2026-09-02 16:10:40.661 +03:00 [INF] Request starting HTTP/1.1 GET http://localhost:5010/api/v1/encounters/patient/1 - application/json null
2026-09-02 16:10:40.661 +03:00 [INF] Request starting HTTP/1.1 GET http://localhost:5010/api/v1/patients/search - application/json null
2026-09-02 16:10:40.661 +03:00 [INF] Request starting HTTP/1.1 GET http://localhost:5010/api/v1/medicalcertificates/patient/1 - application/json null
2026-09-02 16:10:40.661 +03:00 [INF] Request starting HTTP/1.1 GET http://localhost:5010/api/v1/triage/patient/1/latest - application/json null
2026-09-02 16:10:40.678 +03:00 [INF] Failed to validate the token.
Microsoft.IdentityModel.Tokens.SecurityTokenMalformedException: IDX14120: JWT is not well formed, there is only one dot (.).
The token needs to be in JWS or JWE Compact Serialization Format. (JWS): 'EncodedHeader.EncodedPayload.EncodedSignature'. (JWE): 'EncodedProtectedHeader.EncodedEncryptedKey.EncodedInitializationVector.EncodedCiphertext.EncodedAuthenticationTag'.
   at Microsoft.IdentityModel.JsonWebTokens.JsonWebToken.ReadToken(ReadOnlyMemory`1 encodedTokenMemory)
   at Microsoft.IdentityModel.JsonWebTokens.JsonWebToken..ctor(String jwtEncodedString)
   at Microsoft.IdentityModel.JsonWebTokens.JsonWebTokenHandler.ReadToken(String token, TokenValidationParameters validationParameters)
2026-09-02 16:10:40.678 +03:00 [INF] Failed to validate the token.
Microsoft.IdentityModel.Tokens.SecurityTokenMalformedException: IDX14120: JWT is not well formed, there is only one dot (.).
The token needs to be in JWS or JWE Compact Serialization Format. (JWS): 'EncodedHeader.EncodedPayload.EncodedSignature'. (JWE): 'EncodedProtectedHeader.EncodedEncryptedKey.EncodedInitializationVector.EncodedCiphertext.EncodedAuthenticationTag'.
   at Microsoft.IdentityModel.JsonWebTokens.JsonWebToken.ReadToken(ReadOnlyMemory`1 encodedTokenMemory)
   at Microsoft.IdentityModel.JsonWebTokens.JsonWebToken..ctor(String jwtEncodedString)
   at Microsoft.IdentityModel.JsonWebTokens.JsonWebTokenHandler.ReadToken(String token, TokenValidationParameters validationParameters)
2026-09-02 16:10:40.680 +03:00 [INF] Failed to validate the token.
Microsoft.IdentityModel.Tokens.SecurityTokenMalformedException: IDX14120: JWT is not well formed, there is only one dot (.).
The token needs to be in JWS or JWE Compact Serialization Format. (JWS): 'EncodedHeader.EncodedPayload.EncodedSignature'. (JWE): 'EncodedProtectedHeader.EncodedEncryptedKey.EncodedInitializationVector.EncodedCiphertext.EncodedAuthenticationTag'.
   at Microsoft.IdentityModel.JsonWebTokens.JsonWebToken.ReadToken(ReadOnlyMemory`1 encodedTokenMemory)
   at Microsoft.IdentityModel.JsonWebTokens.JsonWebToken..ctor(String jwtEncodedString)
   at Microsoft.IdentityModel.JsonWebTokens.JsonWebTokenHandler.ReadToken(String token, TokenValidationParameters validationParameters)
2026-09-02 16:10:40.686 +03:00 [INF] Failed to validate the token.
Microsoft.IdentityModel.Tokens.SecurityTokenMalformedException: IDX14120: JWT is not well formed, there is only one dot (.).
The token needs to be in JWS or JWE Compact Serialization Format. (JWS): 'EncodedHeader.EncodedPayload.EncodedSignature'. (JWE): 'EncodedProtectedHeader.EncodedEncryptedKey.EncodedInitializationVector.EncodedCiphertext.EncodedAuthenticationTag'.
   at Microsoft.IdentityModel.JsonWebTokens.JsonWebToken.ReadToken(ReadOnlyMemory`1 encodedTokenMemory)
   at Microsoft.IdentityModel.JsonWebTokens.JsonWebToken..ctor(String jwtEncodedString)
   at Microsoft.IdentityModel.JsonWebTokens.JsonWebTokenHandler.ReadToken(String token, TokenValidationParameters validationParameters)
2026-09-02 16:10:40.689 +03:00 [INF] Bearer was not authenticated. Failure message: IDX14120: JWT is not well formed, there is only one dot (.).
The token needs to be in JWS or JWE Compact Serialization Format. (JWS): 'EncodedHeader.EncodedPayload.EncodedSignature'. (JWE): 'EncodedProtectedHeader.EncodedEncryptedKey.EncodedInitializationVector.EncodedCiphertext.EncodedAuthenticationTag'.
2026-09-02 16:10:40.693 +03:00 [INF] Bearer was not authenticated. Failure message: IDX14120: JWT is not well formed, there is only one dot (.).
The token needs to be in JWS or JWE Compact Serialization Format. (JWS): 'EncodedHeader.EncodedPayload.EncodedSignature'. (JWE): 'EncodedProtectedHeader.EncodedEncryptedKey.EncodedInitializationVector.EncodedCiphertext.EncodedAuthenticationTag'.
2026-09-02 16:10:40.698 +03:00 [INF] Bearer was not authenticated. Failure message: IDX14120: JWT is not well formed, there is only one dot (.).
The token needs to be in JWS or JWE Compact Serialization Format. (JWS): 'EncodedHeader.EncodedPayload.EncodedSignature'. (JWE): 'EncodedProtectedHeader.EncodedEncryptedKey.EncodedInitializationVector.EncodedCiphertext.EncodedAuthenticationTag'.
2026-09-02 16:10:40.702 +03:00 [INF] Bearer was not authenticated. Failure message: IDX14120: JWT is not well formed, there is only one dot (.).
The token needs to be in JWS or JWE Compact Serialization Format. (JWS): 'EncodedHeader.EncodedPayload.EncodedSignature'. (JWE): 'EncodedProtectedHeader.EncodedEncryptedKey.EncodedInitializationVector.EncodedCiphertext.EncodedAuthenticationTag'.
2026-09-02 16:10:40.705 +03:00 [INF] Executing endpoint 'CMS.API.Controllers.PatientsController.Search (CMS.API)'
2026-09-02 16:10:40.708 +03:00 [INF] Executing endpoint 'CMS.API.Controllers.EncountersController.GetPatientEncounters (CMS.API)'
2026-09-02 16:10:40.711 +03:00 [INF] Executing endpoint 'CMS.API.Controllers.MedicalCertificatesController.GetPatientCertificates (CMS.API)'
2026-09-02 16:10:40.714 +03:00 [INF] Executing endpoint 'CMS.API.Controllers.TriageController.GetLatestPatientVitals (CMS.API)'
2026-09-02 16:10:40.743 +03:00 [INF] Route matched with {action = "GetLatestPatientVitals", controller = "Triage"}. Executing controller action with signature System.Threading.Tasks.Task`1[Microsoft.AspNetCore.Mvc.IActionResult] GetLatestPatientVitals(Int32) on controller CMS.API.Controllers.TriageController (CMS.API).
2026-09-02 16:10:40.743 +03:00 [INF] Route matched with {action = "GetPatientEncounters", controller = "Encounters"}. Executing controller action with signature System.Threading.Tasks.Task`1[Microsoft.AspNetCore.Mvc.IActionResult] GetPatientEncounters(Int32) on controller CMS.API.Controllers.EncountersController (CMS.API).
2026-09-02 16:10:40.743 +03:00 [INF] Route matched with {action = "GetPatientCertificates", controller = "MedicalCertificates"}. Executing controller action with signature System.Threading.Tasks.Task`1[Microsoft.AspNetCore.Mvc.IActionResult] GetPatientCertificates(Int32) on controller CMS.API.Controllers.MedicalCertificatesController (CMS.API).
2026-09-02 16:10:40.743 +03:00 [INF] Route matched with {action = "Search", controller = "Patients"}. Executing controller action with signature System.Threading.Tasks.Task`1[Microsoft.AspNetCore.Mvc.IActionResult] Search(System.String, Int32) on controller CMS.API.Controllers.PatientsController (CMS.API).
2026-09-02 16:10:40.809 +03:00 [INF] Executed action CMS.API.Controllers.EncountersController.GetPatientEncounters (CMS.API) in 53.2372ms
2026-09-02 16:10:40.810 +03:00 [INF] Executing OkObjectResult, writing value of type 'CMS.Shared.DTOs.ApiResponse`1[[System.Collections.Generic.List`1[[CMS.Shared.DTOs.MedicalCertificateDto, CMS.Shared, Version=1.0.0.0, Culture=neutral, PublicKeyToken=null]], System.Private.CoreLib, Version=8.0.0.0, Culture=neutral, PublicKeyToken=7cec85d7bea7798e]]'.
2026-09-02 16:10:40.815 +03:00 [INF] Executed endpoint 'CMS.API.Controllers.EncountersController.GetPatientEncounters (CMS.API)'
2026-09-02 16:10:40.829 +03:00 [ERR] Unhandled exception encountered: Incorrect syntax near the keyword 'Plan'.
Microsoft.Data.SqlClient.SqlException (0x80131904): Incorrect syntax near the keyword 'Plan'.
   at Microsoft.Data.SqlClient.SqlCommand.<>c.<ExecuteDbDataReaderAsync>b__211_0(Task`1 result)
   at System.Threading.Tasks.ContinuationResultTaskFromResultTask`2.InnerInvoke()
   at System.Threading.ExecutionContext.RunInternal(ExecutionContext executionContext, ContextCallback callback, Object state)
--- End of stack trace from previous location ---
   at System.Threading.ExecutionContext.RunInternal(ExecutionContext executionContext, ContextCallback callback, Object state)
   at System.Threading.Tasks.Task.ExecuteWithThreadLocal(Task& currentTaskSlot, Thread threadPoolThread)
--- End of stack trace from previous location ---
   at Dapper.SqlMapper.QueryAsync[T](IDbConnection cnn, Type effectiveType, CommandDefinition command) in /_/Dapper/SqlMapper.Async.cs:line 434
   at CMS.Application.Encounters.EncounterService.GetPatientEncountersAsync(Byte tenantId, Int32 patientId) in C:\Users\ASUS\source\repos\CMS\src\CMS.Application\Encounters\EncounterService.cs:line 56
   at CMS.API.Controllers.EncountersController.GetPatientEncounters(Int32 patientId) in C:\Users\ASUS\source\repos\CMS\src\CMS.API\Controllers\ClinicalControllers.cs:line 97
   at Microsoft.AspNetCore.Mvc.Infrastructure.ActionMethodExecutor.TaskOfIActionResultExecutor.Execute(ActionContext actionContext, IActionResultTypeMapper mapper, ObjectMethodExecutor executor, Object controller, Object[] arguments)
   at Microsoft.AspNetCore.Mvc.Infrastructure.ControllerActionInvoker.<InvokeActionMethodAsync>g__Awaited|12_0(ControllerActionInvoker invoker, ValueTask`1 actionResultValueTask)
   at Microsoft.AspNetCore.Mvc.Infrastructure.ControllerActionInvoker.<InvokeNextActionFilterAsync>g__Awaited|10_0(ControllerActionInvoker invoker, Task lastTask, State next, Scope scope, Object state, Boolean isCompleted)
   at Microsoft.AspNetCore.Mvc.Infrastructure.ControllerActionInvoker.Rethrow(ActionExecutedContextSealed context)
   at Microsoft.AspNetCore.Mvc.Infrastructure.ControllerActionInvoker.Next(State& next, Scope& scope, Object& state, Boolean& isCompleted)
   at Microsoft.AspNetCore.Mvc.Infrastructure.ControllerActionInvoker.<InvokeInnerFilterAsync>g__Awaited|13_0(ControllerActionInvoker invoker, Task lastTask, State next, Scope scope, Object state, Boolean isCompleted)
   at Microsoft.AspNetCore.Mvc.Infrastructure.ResourceInvoker.<InvokeFilterPipelineAsync>g__Awaited|20_0(ResourceInvoker invoker, Task lastTask, State next, Scope scope, Object state, Boolean isCompleted)
   at Microsoft.AspNetCore.Mvc.Infrastructure.ResourceInvoker.<InvokeAsync>g__Logged|17_1(ResourceInvoker invoker)
   at Microsoft.AspNetCore.Mvc.Infrastructure.ResourceInvoker.<InvokeAsync>g__Logged|17_1(ResourceInvoker invoker)
   at Microsoft.AspNetCore.Routing.EndpointMiddleware.<Invoke>g__AwaitRequestTask|7_0(Endpoint endpoint, Task requestTask, ILogger logger)
   at Microsoft.AspNetCore.Authorization.AuthorizationMiddleware.Invoke(HttpContext context)
   at Microsoft.AspNetCore.Authentication.AuthenticationMiddleware.Invoke(HttpContext context)
   at Swashbuckle.AspNetCore.SwaggerUI.SwaggerUIMiddleware.Invoke(HttpContext httpContext)
   at Swashbuckle.AspNetCore.Swagger.SwaggerMiddleware.Invoke(HttpContext httpContext, ISwaggerProvider swaggerProvider)
   at CMS.API.Middleware.TenantMiddleware.InvokeAsync(HttpContext context) in C:\Users\ASUS\source\repos\CMS\src\CMS.API\Middleware\Middlewares.cs:line 26
   at CMS.API.Middleware.ExceptionMiddleware.InvokeAsync(HttpContext context) in C:\Users\ASUS\source\repos\CMS\src\CMS.API\Middleware\Middlewares.cs:line 45
ClientConnectionId:8482284b-51f8-4039-b38b-4aedc0045c7e
Error Number:156,State:1,Class:15
2026-09-02 16:10:40.839 +03:00 [INF] Executed action CMS.API.Controllers.MedicalCertificatesController.GetPatientCertificates (CMS.API) in 76.2075ms
2026-09-02 16:10:40.890 +03:00 [INF] Executed endpoint 'CMS.API.Controllers.MedicalCertificatesController.GetPatientCertificates (CMS.API)'
2026-09-02 16:10:40.894 +03:00 [INF] Request finished HTTP/1.1 GET http://localhost:5010/api/v1/medicalcertificates/patient/1 - 200 null application/json; charset=utf-8 233.2906ms
2026-09-02 16:10:40.900 +03:00 [INF] Request finished HTTP/1.1 GET http://localhost:5010/api/v1/encounters/patient/1 - 500 null application/json 239.172ms
2026-09-02 16:10:41.155 +03:00 [INF] Request starting HTTP/1.1 GET http://localhost:5010/api/v1/medicalcertificates/patient/1 - application/json null
2026-09-02 16:10:41.166 +03:00 [INF] Executing OkObjectResult, writing value of type 'CMS.Shared.DTOs.ApiResponse`1[[CMS.Shared.DTOs.TriageDto, CMS.Shared, Version=1.0.0.0, Culture=neutral, PublicKeyToken=null]]'.
2026-09-02 16:10:41.171 +03:00 [INF] Failed to validate the token.
Microsoft.IdentityModel.Tokens.SecurityTokenMalformedException: IDX14120: JWT is not well formed, there is only one dot (.).
The token needs to be in JWS or JWE Compact Serialization Format. (JWS): 'EncodedHeader.EncodedPayload.EncodedSignature'. (JWE): 'EncodedProtectedHeader.EncodedEncryptedKey.EncodedInitializationVector.EncodedCiphertext.EncodedAuthenticationTag'.
   at Microsoft.IdentityModel.JsonWebTokens.JsonWebToken.ReadToken(ReadOnlyMemory`1 encodedTokenMemory)
   at Microsoft.IdentityModel.JsonWebTokens.JsonWebToken..ctor(String jwtEncodedString)
   at Microsoft.IdentityModel.JsonWebTokens.JsonWebTokenHandler.ReadToken(String token, TokenValidationParameters validationParameters)
2026-09-02 16:10:41.183 +03:00 [INF] Bearer was not authenticated. Failure message: IDX14120: JWT is not well formed, there is only one dot (.).
The token needs to be in JWS or JWE Compact Serialization Format. (JWS): 'EncodedHeader.EncodedPayload.EncodedSignature'. (JWE): 'EncodedProtectedHeader.EncodedEncryptedKey.EncodedInitializationVector.EncodedCiphertext.EncodedAuthenticationTag'.
2026-09-02 16:10:41.193 +03:00 [INF] Executing endpoint 'CMS.API.Controllers.MedicalCertificatesController.GetPatientCertificates (CMS.API)'
2026-09-02 16:10:41.199 +03:00 [INF] Route matched with {action = "GetPatientCertificates", controller = "MedicalCertificates"}. Executing controller action with signature System.Threading.Tasks.Task`1[Microsoft.AspNetCore.Mvc.IActionResult] GetPatientCertificates(Int32) on controller CMS.API.Controllers.MedicalCertificatesController (CMS.API).
2026-09-02 16:10:41.217 +03:00 [INF] Executing OkObjectResult, writing value of type 'CMS.Shared.DTOs.ApiResponse`1[[System.Collections.Generic.List`1[[CMS.Shared.DTOs.MedicalCertificateDto, CMS.Shared, Version=1.0.0.0, Culture=neutral, PublicKeyToken=null]], System.Private.CoreLib, Version=8.0.0.0, Culture=neutral, PublicKeyToken=7cec85d7bea7798e]]'.
2026-09-02 16:10:41.219 +03:00 [INF] Request starting HTTP/1.1 GET http://localhost:5010/api/v1/encounters/patient/1 - application/json null
2026-09-02 16:10:41.228 +03:00 [INF] Executed action CMS.API.Controllers.MedicalCertificatesController.GetPatientCertificates (CMS.API) in 17.8353ms
2026-09-02 16:10:41.240 +03:00 [INF] Executing OkObjectResult, writing value of type 'CMS.Shared.DTOs.ApiResponse`1[[System.Collections.Generic.List`1[[CMS.Shared.DTOs.PatientDto, CMS.Shared, Version=1.0.0.0, Culture=neutral, PublicKeyToken=null]], System.Private.CoreLib, Version=8.0.0.0, Culture=neutral, PublicKeyToken=7cec85d7bea7798e]]'.
2026-09-02 16:10:41.241 +03:00 [INF] Failed to validate the token.
Microsoft.IdentityModel.Tokens.SecurityTokenMalformedException: IDX14120: JWT is not well formed, there is only one dot (.).
The token needs to be in JWS or JWE Compact Serialization Format. (JWS): 'EncodedHeader.EncodedPayload.EncodedSignature'. (JWE): 'EncodedProtectedHeader.EncodedEncryptedKey.EncodedInitializationVector.EncodedCiphertext.EncodedAuthenticationTag'.
   at Microsoft.IdentityModel.JsonWebTokens.JsonWebToken.ReadToken(ReadOnlyMemory`1 encodedTokenMemory)
   at Microsoft.IdentityModel.JsonWebTokens.JsonWebToken..ctor(String jwtEncodedString)
   at Microsoft.IdentityModel.JsonWebTokens.JsonWebTokenHandler.ReadToken(String token, TokenValidationParameters validationParameters)
2026-09-02 16:10:41.244 +03:00 [INF] Executed action CMS.API.Controllers.TriageController.GetLatestPatientVitals (CMS.API) in 494.8046ms
2026-09-02 16:10:41.264 +03:00 [INF] Executed endpoint 'CMS.API.Controllers.TriageController.GetLatestPatientVitals (CMS.API)'
2026-09-02 16:10:41.258 +03:00 [INF] Bearer was not authenticated. Failure message: IDX14120: JWT is not well formed, there is only one dot (.).
The token needs to be in JWS or JWE Compact Serialization Format. (JWS): 'EncodedHeader.EncodedPayload.EncodedSignature'. (JWE): 'EncodedProtectedHeader.EncodedEncryptedKey.EncodedInitializationVector.EncodedCiphertext.EncodedAuthenticationTag'.
2026-09-02 16:10:41.258 +03:00 [INF] Executed action CMS.API.Controllers.PatientsController.Search (CMS.API) in 487.7795ms
2026-09-02 16:10:41.245 +03:00 [INF] Executed endpoint 'CMS.API.Controllers.MedicalCertificatesController.GetPatientCertificates (CMS.API)'
2026-09-02 16:10:41.270 +03:00 [INF] Request finished HTTP/1.1 GET http://localhost:5010/api/v1/triage/patient/1/latest - 200 null application/json; charset=utf-8 608.7893ms
2026-09-02 16:10:41.275 +03:00 [INF] Executing endpoint 'CMS.API.Controllers.EncountersController.GetPatientEncounters (CMS.API)'
2026-09-02 16:10:41.279 +03:00 [INF] Executed endpoint 'CMS.API.Controllers.PatientsController.Search (CMS.API)'
2026-09-02 16:10:41.283 +03:00 [INF] Request finished HTTP/1.1 GET http://localhost:5010/api/v1/medicalcertificates/patient/1 - 200 null application/json; charset=utf-8 127.0685ms
2026-09-02 16:10:41.299 +03:00 [INF] Route matched with {action = "GetPatientEncounters", controller = "Encounters"}. Executing controller action with signature System.Threading.Tasks.Task`1[Microsoft.AspNetCore.Mvc.IActionResult] GetPatientEncounters(Int32) on controller CMS.API.Controllers.EncountersController (CMS.API).
2026-09-02 16:10:41.303 +03:00 [INF] Request finished HTTP/1.1 GET http://localhost:5010/api/v1/patients/search - 200 null application/json; charset=utf-8 642.3889ms
2026-09-02 16:10:41.328 +03:00 [INF] Executed action CMS.API.Controllers.EncountersController.GetPatientEncounters (CMS.API) in 5.9016ms
2026-09-02 16:10:41.341 +03:00 [INF] Executed endpoint 'CMS.API.Controllers.EncountersController.GetPatientEncounters (CMS.API)'
2026-09-02 16:10:41.346 +03:00 [ERR] Unhandled exception encountered: Incorrect syntax near the keyword 'Plan'.
Microsoft.Data.SqlClient.SqlException (0x80131904): Incorrect syntax near the keyword 'Plan'.
   at Microsoft.Data.SqlClient.SqlCommand.<>c.<ExecuteDbDataReaderAsync>b__211_0(Task`1 result)
   at System.Threading.Tasks.ContinuationResultTaskFromResultTask`2.InnerInvoke()
   at System.Threading.ExecutionContext.RunInternal(ExecutionContext executionContext, ContextCallback callback, Object state)
--- End of stack trace from previous location ---
   at System.Threading.ExecutionContext.RunInternal(ExecutionContext executionContext, ContextCallback callback, Object state)
   at System.Threading.Tasks.Task.ExecuteWithThreadLocal(Task& currentTaskSlot, Thread threadPoolThread)
--- End of stack trace from previous location ---
   at Dapper.SqlMapper.QueryAsync[T](IDbConnection cnn, Type effectiveType, CommandDefinition command) in /_/Dapper/SqlMapper.Async.cs:line 434
   at CMS.Application.Encounters.EncounterService.GetPatientEncountersAsync(Byte tenantId, Int32 patientId) in C:\Users\ASUS\source\repos\CMS\src\CMS.Application\Encounters\EncounterService.cs:line 56
   at CMS.API.Controllers.EncountersController.GetPatientEncounters(Int32 patientId) in C:\Users\ASUS\source\repos\CMS\src\CMS.API\Controllers\ClinicalControllers.cs:line 97
   at Microsoft.AspNetCore.Mvc.Infrastructure.ActionMethodExecutor.TaskOfIActionResultExecutor.Execute(ActionContext actionContext, IActionResultTypeMapper mapper, ObjectMethodExecutor executor, Object controller, Object[] arguments)
   at Microsoft.AspNetCore.Mvc.Infrastructure.ControllerActionInvoker.<InvokeActionMethodAsync>g__Awaited|12_0(ControllerActionInvoker invoker, ValueTask`1 actionResultValueTask)
   at Microsoft.AspNetCore.Mvc.Infrastructure.ControllerActionInvoker.<InvokeNextActionFilterAsync>g__Awaited|10_0(ControllerActionInvoker invoker, Task lastTask, State next, Scope scope, Object state, Boolean isCompleted)
   at Microsoft.AspNetCore.Mvc.Infrastructure.ControllerActionInvoker.Rethrow(ActionExecutedContextSealed context)
   at Microsoft.AspNetCore.Mvc.Infrastructure.ControllerActionInvoker.Next(State& next, Scope& scope, Object& state, Boolean& isCompleted)
   at Microsoft.AspNetCore.Mvc.Infrastructure.ControllerActionInvoker.<InvokeInnerFilterAsync>g__Awaited|13_0(ControllerActionInvoker invoker, Task lastTask, State next, Scope scope, Object state, Boolean isCompleted)
   at Microsoft.AspNetCore.Mvc.Infrastructure.ResourceInvoker.<InvokeFilterPipelineAsync>g__Awaited|20_0(ResourceInvoker invoker, Task lastTask, State next, Scope scope, Object state, Boolean isCompleted)
   at Microsoft.AspNetCore.Mvc.Infrastructure.ResourceInvoker.<InvokeAsync>g__Logged|17_1(ResourceInvoker invoker)
   at Microsoft.AspNetCore.Mvc.Infrastructure.ResourceInvoker.<InvokeAsync>g__Logged|17_1(ResourceInvoker invoker)
   at Microsoft.AspNetCore.Routing.EndpointMiddleware.<Invoke>g__AwaitRequestTask|7_0(Endpoint endpoint, Task requestTask, ILogger logger)
   at Microsoft.AspNetCore.Authorization.AuthorizationMiddleware.Invoke(HttpContext context)
   at Microsoft.AspNetCore.Authentication.AuthenticationMiddleware.Invoke(HttpContext context)
   at Swashbuckle.AspNetCore.SwaggerUI.SwaggerUIMiddleware.Invoke(HttpContext httpContext)
   at Swashbuckle.AspNetCore.Swagger.SwaggerMiddleware.Invoke(HttpContext httpContext, ISwaggerProvider swaggerProvider)
   at CMS.API.Middleware.TenantMiddleware.InvokeAsync(HttpContext context) in C:\Users\ASUS\source\repos\CMS\src\CMS.API\Middleware\Middlewares.cs:line 26
   at CMS.API.Middleware.ExceptionMiddleware.InvokeAsync(HttpContext context) in C:\Users\ASUS\source\repos\CMS\src\CMS.API\Middleware\Middlewares.cs:line 45
ClientConnectionId:8482284b-51f8-4039-b38b-4aedc0045c7e
Error Number:156,State:1,Class:15
2026-09-02 16:10:41.378 +03:00 [INF] Request finished HTTP/1.1 GET http://localhost:5010/api/v1/encounters/patient/1 - 500 null application/json 158.9274ms
2026-09-02 16:10:41.558 +03:00 [INF] Request starting HTTP/1.1 GET http://localhost:5010/api/v1/triage/patient/1/latest - application/json null
2026-09-02 16:10:41.572 +03:00 [INF] Failed to validate the token.
Microsoft.IdentityModel.Tokens.SecurityTokenMalformedException: IDX14120: JWT is not well formed, there is only one dot (.).
The token needs to be in JWS or JWE Compact Serialization Format. (JWS): 'EncodedHeader.EncodedPayload.EncodedSignature'. (JWE): 'EncodedProtectedHeader.EncodedEncryptedKey.EncodedInitializationVector.EncodedCiphertext.EncodedAuthenticationTag'.
   at Microsoft.IdentityModel.JsonWebTokens.JsonWebToken.ReadToken(ReadOnlyMemory`1 encodedTokenMemory)
   at Microsoft.IdentityModel.JsonWebTokens.JsonWebToken..ctor(String jwtEncodedString)
   at Microsoft.IdentityModel.JsonWebTokens.JsonWebTokenHandler.ReadToken(String token, TokenValidationParameters validationParameters)
2026-09-02 16:10:41.578 +03:00 [INF] Bearer was not authenticated. Failure message: IDX14120: JWT is not well formed, there is only one dot (.).
The token needs to be in JWS or JWE Compact Serialization Format. (JWS): 'EncodedHeader.EncodedPayload.EncodedSignature'. (JWE): 'EncodedProtectedHeader.EncodedEncryptedKey.EncodedInitializationVector.EncodedCiphertext.EncodedAuthenticationTag'.
2026-09-02 16:10:41.583 +03:00 [INF] Executing endpoint 'CMS.API.Controllers.TriageController.GetLatestPatientVitals (CMS.API)'
2026-09-02 16:10:41.587 +03:00 [INF] Request starting HTTP/1.1 GET http://localhost:5010/api/v1/patients/search - application/json null
2026-09-02 16:10:41.587 +03:00 [INF] Route matched with {action = "GetLatestPatientVitals", controller = "Triage"}. Executing controller action with signature System.Threading.Tasks.Task`1[Microsoft.AspNetCore.Mvc.IActionResult] GetLatestPatientVitals(Int32) on controller CMS.API.Controllers.TriageController (CMS.API).
2026-09-02 16:10:41.598 +03:00 [INF] Failed to validate the token.
Microsoft.IdentityModel.Tokens.SecurityTokenMalformedException: IDX14120: JWT is not well formed, there is only one dot (.).
The token needs to be in JWS or JWE Compact Serialization Format. (JWS): 'EncodedHeader.EncodedPayload.EncodedSignature'. (JWE): 'EncodedProtectedHeader.EncodedEncryptedKey.EncodedInitializationVector.EncodedCiphertext.EncodedAuthenticationTag'.
   at Microsoft.IdentityModel.JsonWebTokens.JsonWebToken.ReadToken(ReadOnlyMemory`1 encodedTokenMemory)
   at Microsoft.IdentityModel.JsonWebTokens.JsonWebToken..ctor(String jwtEncodedString)
   at Microsoft.IdentityModel.JsonWebTokens.JsonWebTokenHandler.ReadToken(String token, TokenValidationParameters validationParameters)
2026-09-02 16:10:41.606 +03:00 [INF] Executing OkObjectResult, writing value of type 'CMS.Shared.DTOs.ApiResponse`1[[CMS.Shared.DTOs.TriageDto, CMS.Shared, Version=1.0.0.0, Culture=neutral, PublicKeyToken=null]]'.
2026-09-02 16:10:41.610 +03:00 [INF] Bearer was not authenticated. Failure message: IDX14120: JWT is not well formed, there is only one dot (.).
The token needs to be in JWS or JWE Compact Serialization Format. (JWS): 'EncodedHeader.EncodedPayload.EncodedSignature'. (JWE): 'EncodedProtectedHeader.EncodedEncryptedKey.EncodedInitializationVector.EncodedCiphertext.EncodedAuthenticationTag'.
2026-09-02 16:10:41.616 +03:00 [INF] Executed action CMS.API.Controllers.TriageController.GetLatestPatientVitals (CMS.API) in 12.8618ms
2026-09-02 16:10:41.618 +03:00 [INF] Executing endpoint 'CMS.API.Controllers.PatientsController.Search (CMS.API)'
2026-09-02 16:10:41.622 +03:00 [INF] Executed endpoint 'CMS.API.Controllers.TriageController.GetLatestPatientVitals (CMS.API)'
2026-09-02 16:10:41.625 +03:00 [INF] Request starting HTTP/1.1 GET http://localhost:5010/api/v1/medicalcertificates/patient/1 - application/json null
2026-09-02 16:10:41.625 +03:00 [INF] Route matched with {action = "Search", controller = "Patients"}. Executing controller action with signature System.Threading.Tasks.Task`1[Microsoft.AspNetCore.Mvc.IActionResult] Search(System.String, Int32) on controller CMS.API.Controllers.PatientsController (CMS.API).
2026-09-02 16:10:41.630 +03:00 [INF] Request finished HTTP/1.1 GET http://localhost:5010/api/v1/triage/patient/1/latest - 200 null application/json; charset=utf-8 72.2507ms
2026-09-02 16:10:41.638 +03:00 [INF] Failed to validate the token.
Microsoft.IdentityModel.Tokens.SecurityTokenMalformedException: IDX14120: JWT is not well formed, there is only one dot (.).
The token needs to be in JWS or JWE Compact Serialization Format. (JWS): 'EncodedHeader.EncodedPayload.EncodedSignature'. (JWE): 'EncodedProtectedHeader.EncodedEncryptedKey.EncodedInitializationVector.EncodedCiphertext.EncodedAuthenticationTag'.
   at Microsoft.IdentityModel.JsonWebTokens.JsonWebToken.ReadToken(ReadOnlyMemory`1 encodedTokenMemory)
   at Microsoft.IdentityModel.JsonWebTokens.JsonWebToken..ctor(String jwtEncodedString)
   at Microsoft.IdentityModel.JsonWebTokens.JsonWebTokenHandler.ReadToken(String token, TokenValidationParameters validationParameters)
2026-09-02 16:10:41.657 +03:00 [INF] Bearer was not authenticated. Failure message: IDX14120: JWT is not well formed, there is only one dot (.).
The token needs to be in JWS or JWE Compact Serialization Format. (JWS): 'EncodedHeader.EncodedPayload.EncodedSignature'. (JWE): 'EncodedProtectedHeader.EncodedEncryptedKey.EncodedInitializationVector.EncodedCiphertext.EncodedAuthenticationTag'.
2026-09-02 16:10:41.661 +03:00 [INF] Executing endpoint 'CMS.API.Controllers.MedicalCertificatesController.GetPatientCertificates (CMS.API)'
2026-09-02 16:10:41.662 +03:00 [INF] Executing OkObjectResult, writing value of type 'CMS.Shared.DTOs.ApiResponse`1[[System.Collections.Generic.List`1[[CMS.Shared.DTOs.PatientDto, CMS.Shared, Version=1.0.0.0, Culture=neutral, PublicKeyToken=null]], System.Private.CoreLib, Version=8.0.0.0, Culture=neutral, PublicKeyToken=7cec85d7bea7798e]]'.
2026-09-02 16:10:41.664 +03:00 [INF] Route matched with {action = "GetPatientCertificates", controller = "MedicalCertificates"}. Executing controller action with signature System.Threading.Tasks.Task`1[Microsoft.AspNetCore.Mvc.IActionResult] GetPatientCertificates(Int32) on controller CMS.API.Controllers.MedicalCertificatesController (CMS.API).
2026-09-02 16:10:41.668 +03:00 [INF] Executed action CMS.API.Controllers.PatientsController.Search (CMS.API) in 26.0864ms
2026-09-02 16:10:41.676 +03:00 [INF] Executing OkObjectResult, writing value of type 'CMS.Shared.DTOs.ApiResponse`1[[System.Collections.Generic.List`1[[CMS.Shared.DTOs.MedicalCertificateDto, CMS.Shared, Version=1.0.0.0, Culture=neutral, PublicKeyToken=null]], System.Private.CoreLib, Version=8.0.0.0, Culture=neutral, PublicKeyToken=7cec85d7bea7798e]]'.
2026-09-02 16:10:41.677 +03:00 [INF] Executed endpoint 'CMS.API.Controllers.PatientsController.Search (CMS.API)'
2026-09-02 16:10:41.680 +03:00 [INF] Executed action CMS.API.Controllers.MedicalCertificatesController.GetPatientCertificates (CMS.API) in 6.965ms
2026-09-02 16:10:41.683 +03:00 [INF] Request finished HTTP/1.1 GET http://localhost:5010/api/v1/patients/search - 200 null application/json; charset=utf-8 96.0356ms
2026-09-02 16:10:41.687 +03:00 [INF] Executed endpoint 'CMS.API.Controllers.MedicalCertificatesController.GetPatientCertificates (CMS.API)'
2026-09-02 16:10:41.690 +03:00 [INF] Request starting HTTP/1.1 GET http://localhost:5010/api/v1/encounters/patient/1 - application/json null
2026-09-02 16:10:41.700 +03:00 [INF] Request finished HTTP/1.1 GET http://localhost:5010/api/v1/medicalcertificates/patient/1 - 200 null application/json; charset=utf-8 74.8782ms
2026-09-02 16:10:41.707 +03:00 [INF] Failed to validate the token.
Microsoft.IdentityModel.Tokens.SecurityTokenMalformedException: IDX14120: JWT is not well formed, there is only one dot (.).
The token needs to be in JWS or JWE Compact Serialization Format. (JWS): 'EncodedHeader.EncodedPayload.EncodedSignature'. (JWE): 'EncodedProtectedHeader.EncodedEncryptedKey.EncodedInitializationVector.EncodedCiphertext.EncodedAuthenticationTag'.
   at Microsoft.IdentityModel.JsonWebTokens.JsonWebToken.ReadToken(ReadOnlyMemory`1 encodedTokenMemory)
   at Microsoft.IdentityModel.JsonWebTokens.JsonWebToken..ctor(String jwtEncodedString)
   at Microsoft.IdentityModel.JsonWebTokens.JsonWebTokenHandler.ReadToken(String token, TokenValidationParameters validationParameters)
2026-09-02 16:10:41.719 +03:00 [INF] Bearer was not authenticated. Failure message: IDX14120: JWT is not well formed, there is only one dot (.).
The token needs to be in JWS or JWE Compact Serialization Format. (JWS): 'EncodedHeader.EncodedPayload.EncodedSignature'. (JWE): 'EncodedProtectedHeader.EncodedEncryptedKey.EncodedInitializationVector.EncodedCiphertext.EncodedAuthenticationTag'.
2026-09-02 16:10:41.723 +03:00 [INF] Executing endpoint 'CMS.API.Controllers.EncountersController.GetPatientEncounters (CMS.API)'
2026-09-02 16:10:41.726 +03:00 [INF] Route matched with {action = "GetPatientEncounters", controller = "Encounters"}. Executing controller action with signature System.Threading.Tasks.Task`1[Microsoft.AspNetCore.Mvc.IActionResult] GetPatientEncounters(Int32) on controller CMS.API.Controllers.EncountersController (CMS.API).
2026-09-02 16:10:41.736 +03:00 [INF] Executed action CMS.API.Controllers.EncountersController.GetPatientEncounters (CMS.API) in 5.7162ms
2026-09-02 16:10:41.741 +03:00 [INF] Executed endpoint 'CMS.API.Controllers.EncountersController.GetPatientEncounters (CMS.API)'
2026-09-02 16:10:41.744 +03:00 [ERR] Unhandled exception encountered: Incorrect syntax near the keyword 'Plan'.
Microsoft.Data.SqlClient.SqlException (0x80131904): Incorrect syntax near the keyword 'Plan'.
   at Microsoft.Data.SqlClient.SqlCommand.<>c.<ExecuteDbDataReaderAsync>b__211_0(Task`1 result)
   at System.Threading.Tasks.ContinuationResultTaskFromResultTask`2.InnerInvoke()
   at System.Threading.ExecutionContext.RunInternal(ExecutionContext executionContext, ContextCallback callback, Object state)
--- End of stack trace from previous location ---
   at System.Threading.ExecutionContext.RunInternal(ExecutionContext executionContext, ContextCallback callback, Object state)
   at System.Threading.Tasks.Task.ExecuteWithThreadLocal(Task& currentTaskSlot, Thread threadPoolThread)
--- End of stack trace from previous location ---
   at Dapper.SqlMapper.QueryAsync[T](IDbConnection cnn, Type effectiveType, CommandDefinition command) in /_/Dapper/SqlMapper.Async.cs:line 434
   at CMS.Application.Encounters.EncounterService.GetPatientEncountersAsync(Byte tenantId, Int32 patientId) in C:\Users\ASUS\source\repos\CMS\src\CMS.Application\Encounters\EncounterService.cs:line 56
   at CMS.API.Controllers.EncountersController.GetPatientEncounters(Int32 patientId) in C:\Users\ASUS\source\repos\CMS\src\CMS.API\Controllers\ClinicalControllers.cs:line 97
   at Microsoft.AspNetCore.Mvc.Infrastructure.ActionMethodExecutor.TaskOfIActionResultExecutor.Execute(ActionContext actionContext, IActionResultTypeMapper mapper, ObjectMethodExecutor executor, Object controller, Object[] arguments)
   at Microsoft.AspNetCore.Mvc.Infrastructure.ControllerActionInvoker.<InvokeActionMethodAsync>g__Awaited|12_0(ControllerActionInvoker invoker, ValueTask`1 actionResultValueTask)
   at Microsoft.AspNetCore.Mvc.Infrastructure.ControllerActionInvoker.<InvokeNextActionFilterAsync>g__Awaited|10_0(ControllerActionInvoker invoker, Task lastTask, State next, Scope scope, Object state, Boolean isCompleted)
   at Microsoft.AspNetCore.Mvc.Infrastructure.ControllerActionInvoker.Rethrow(ActionExecutedContextSealed context)
   at Microsoft.AspNetCore.Mvc.Infrastructure.ControllerActionInvoker.Next(State& next, Scope& scope, Object& state, Boolean& isCompleted)
   at Microsoft.AspNetCore.Mvc.Infrastructure.ControllerActionInvoker.<InvokeInnerFilterAsync>g__Awaited|13_0(ControllerActionInvoker invoker, Task lastTask, State next, Scope scope, Object state, Boolean isCompleted)
   at Microsoft.AspNetCore.Mvc.Infrastructure.ResourceInvoker.<InvokeFilterPipelineAsync>g__Awaited|20_0(ResourceInvoker invoker, Task lastTask, State next, Scope scope, Object state, Boolean isCompleted)
   at Microsoft.AspNetCore.Mvc.Infrastructure.ResourceInvoker.<InvokeAsync>g__Logged|17_1(ResourceInvoker invoker)
   at Microsoft.AspNetCore.Mvc.Infrastructure.ResourceInvoker.<InvokeAsync>g__Logged|17_1(ResourceInvoker invoker)
   at Microsoft.AspNetCore.Routing.EndpointMiddleware.<Invoke>g__AwaitRequestTask|7_0(Endpoint endpoint, Task requestTask, ILogger logger)
   at Microsoft.AspNetCore.Authorization.AuthorizationMiddleware.Invoke(HttpContext context)
   at Microsoft.AspNetCore.Authentication.AuthenticationMiddleware.Invoke(HttpContext context)
   at Swashbuckle.AspNetCore.SwaggerUI.SwaggerUIMiddleware.Invoke(HttpContext httpContext)
   at Swashbuckle.AspNetCore.Swagger.SwaggerMiddleware.Invoke(HttpContext httpContext, ISwaggerProvider swaggerProvider)
   at CMS.API.Middleware.TenantMiddleware.InvokeAsync(HttpContext context) in C:\Users\ASUS\source\repos\CMS\src\CMS.API\Middleware\Middlewares.cs:line 26
   at CMS.API.Middleware.ExceptionMiddleware.InvokeAsync(HttpContext context) in C:\Users\ASUS\source\repos\CMS\src\CMS.API\Middleware\Middlewares.cs:line 45
ClientConnectionId:8482284b-51f8-4039-b38b-4aedc0045c7e
Error Number:156,State:1,Class:15
2026-09-02 16:10:41.775 +03:00 [INF] Request finished HTTP/1.1 GET http://localhost:5010/api/v1/encounters/patient/1 - 500 null application/json 85.3418ms
2026-09-02 16:10:41.928 +03:00 [INF] Request starting HTTP/1.1 GET http://localhost:5010/api/v1/triage/patient/1/latest - application/json null
2026-09-02 16:10:41.941 +03:00 [INF] Failed to validate the token.
Microsoft.IdentityModel.Tokens.SecurityTokenMalformedException: IDX14120: JWT is not well formed, there is only one dot (.).
The token needs to be in JWS or JWE Compact Serialization Format. (JWS): 'EncodedHeader.EncodedPayload.EncodedSignature'. (JWE): 'EncodedProtectedHeader.EncodedEncryptedKey.EncodedInitializationVector.EncodedCiphertext.EncodedAuthenticationTag'.
   at Microsoft.IdentityModel.JsonWebTokens.JsonWebToken.ReadToken(ReadOnlyMemory`1 encodedTokenMemory)
   at Microsoft.IdentityModel.JsonWebTokens.JsonWebToken..ctor(String jwtEncodedString)
   at Microsoft.IdentityModel.JsonWebTokens.JsonWebTokenHandler.ReadToken(String token, TokenValidationParameters validationParameters)
2026-09-02 16:10:41.949 +03:00 [INF] Bearer was not authenticated. Failure message: IDX14120: JWT is not well formed, there is only one dot (.).
The token needs to be in JWS or JWE Compact Serialization Format. (JWS): 'EncodedHeader.EncodedPayload.EncodedSignature'. (JWE): 'EncodedProtectedHeader.EncodedEncryptedKey.EncodedInitializationVector.EncodedCiphertext.EncodedAuthenticationTag'.
2026-09-02 16:10:41.956 +03:00 [INF] Executing endpoint 'CMS.API.Controllers.TriageController.GetLatestPatientVitals (CMS.API)'
2026-09-02 16:10:41.960 +03:00 [INF] Route matched with {action = "GetLatestPatientVitals", controller = "Triage"}. Executing controller action with signature System.Threading.Tasks.Task`1[Microsoft.AspNetCore.Mvc.IActionResult] GetLatestPatientVitals(Int32) on controller CMS.API.Controllers.TriageController (CMS.API).
2026-09-02 16:10:41.969 +03:00 [INF] Executing OkObjectResult, writing value of type 'CMS.Shared.DTOs.ApiResponse`1[[CMS.Shared.DTOs.TriageDto, CMS.Shared, Version=1.0.0.0, Culture=neutral, PublicKeyToken=null]]'.
2026-09-02 16:10:41.975 +03:00 [INF] Executed action CMS.API.Controllers.TriageController.GetLatestPatientVitals (CMS.API) in 8.6373ms
2026-09-02 16:10:41.981 +03:00 [INF] Executed endpoint 'CMS.API.Controllers.TriageController.GetLatestPatientVitals (CMS.API)'
2026-09-02 16:10:41.984 +03:00 [INF] Request finished HTTP/1.1 GET http://localhost:5010/api/v1/triage/patient/1/latest - 200 null application/json; charset=utf-8 56.5118ms
2026-09-02 16:10:42.004 +03:00 [INF] Request starting HTTP/1.1 GET http://localhost:5010/api/v1/medicalcertificates/patient/1 - application/json null
2026-09-02 16:10:42.016 +03:00 [INF] Failed to validate the token.
Microsoft.IdentityModel.Tokens.SecurityTokenMalformedException: IDX14120: JWT is not well formed, there is only one dot (.).
The token needs to be in JWS or JWE Compact Serialization Format. (JWS): 'EncodedHeader.EncodedPayload.EncodedSignature'. (JWE): 'EncodedProtectedHeader.EncodedEncryptedKey.EncodedInitializationVector.EncodedCiphertext.EncodedAuthenticationTag'.
   at Microsoft.IdentityModel.JsonWebTokens.JsonWebToken.ReadToken(ReadOnlyMemory`1 encodedTokenMemory)
   at Microsoft.IdentityModel.JsonWebTokens.JsonWebToken..ctor(String jwtEncodedString)
   at Microsoft.IdentityModel.JsonWebTokens.JsonWebTokenHandler.ReadToken(String token, TokenValidationParameters validationParameters)
2026-09-02 16:10:42.022 +03:00 [INF] Bearer was not authenticated. Failure message: IDX14120: JWT is not well formed, there is only one dot (.).
The token needs to be in JWS or JWE Compact Serialization Format. (JWS): 'EncodedHeader.EncodedPayload.EncodedSignature'. (JWE): 'EncodedProtectedHeader.EncodedEncryptedKey.EncodedInitializationVector.EncodedCiphertext.EncodedAuthenticationTag'.
2026-09-02 16:10:42.025 +03:00 [INF] Executing endpoint 'CMS.API.Controllers.MedicalCertificatesController.GetPatientCertificates (CMS.API)'
2026-09-02 16:10:42.029 +03:00 [INF] Route matched with {action = "GetPatientCertificates", controller = "MedicalCertificates"}. Executing controller action with signature System.Threading.Tasks.Task`1[Microsoft.AspNetCore.Mvc.IActionResult] GetPatientCertificates(Int32) on controller CMS.API.Controllers.MedicalCertificatesController (CMS.API).
2026-09-02 16:10:42.038 +03:00 [INF] Executing OkObjectResult, writing value of type 'CMS.Shared.DTOs.ApiResponse`1[[System.Collections.Generic.List`1[[CMS.Shared.DTOs.MedicalCertificateDto, CMS.Shared, Version=1.0.0.0, Culture=neutral, PublicKeyToken=null]], System.Private.CoreLib, Version=8.0.0.0, Culture=neutral, PublicKeyToken=7cec85d7bea7798e]]'.
2026-09-02 16:10:42.043 +03:00 [INF] Executed action CMS.API.Controllers.MedicalCertificatesController.GetPatientCertificates (CMS.API) in 7.4214ms
2026-09-02 16:10:42.049 +03:00 [INF] Executed endpoint 'CMS.API.Controllers.MedicalCertificatesController.GetPatientCertificates (CMS.API)'
2026-09-02 16:10:42.052 +03:00 [INF] Request finished HTTP/1.1 GET http://localhost:5010/api/v1/medicalcertificates/patient/1 - 200 null application/json; charset=utf-8 47.953ms
2026-09-02 16:10:42.097 +03:00 [INF] Request starting HTTP/1.1 GET http://localhost:5010/api/v1/encounters/patient/1 - application/json null
2026-09-02 16:10:42.119 +03:00 [INF] Failed to validate the token.
Microsoft.IdentityModel.Tokens.SecurityTokenMalformedException: IDX14120: JWT is not well formed, there is only one dot (.).
The token needs to be in JWS or JWE Compact Serialization Format. (JWS): 'EncodedHeader.EncodedPayload.EncodedSignature'. (JWE): 'EncodedProtectedHeader.EncodedEncryptedKey.EncodedInitializationVector.EncodedCiphertext.EncodedAuthenticationTag'.
   at Microsoft.IdentityModel.JsonWebTokens.JsonWebToken.ReadToken(ReadOnlyMemory`1 encodedTokenMemory)
   at Microsoft.IdentityModel.JsonWebTokens.JsonWebToken..ctor(String jwtEncodedString)
   at Microsoft.IdentityModel.JsonWebTokens.JsonWebTokenHandler.ReadToken(String token, TokenValidationParameters validationParameters)
2026-09-02 16:10:42.142 +03:00 [INF] Bearer was not authenticated. Failure message: IDX14120: JWT is not well formed, there is only one dot (.).
The token needs to be in JWS or JWE Compact Serialization Format. (JWS): 'EncodedHeader.EncodedPayload.EncodedSignature'. (JWE): 'EncodedProtectedHeader.EncodedEncryptedKey.EncodedInitializationVector.EncodedCiphertext.EncodedAuthenticationTag'.
2026-09-02 16:10:42.150 +03:00 [INF] Executing endpoint 'CMS.API.Controllers.EncountersController.GetPatientEncounters (CMS.API)'
2026-09-02 16:10:42.159 +03:00 [INF] Route matched with {action = "GetPatientEncounters", controller = "Encounters"}. Executing controller action with signature System.Threading.Tasks.Task`1[Microsoft.AspNetCore.Mvc.IActionResult] GetPatientEncounters(Int32) on controller CMS.API.Controllers.EncountersController (CMS.API).
2026-09-02 16:10:42.171 +03:00 [INF] Executed action CMS.API.Controllers.EncountersController.GetPatientEncounters (CMS.API) in 3.6439ms
2026-09-02 16:10:42.178 +03:00 [INF] Executed endpoint 'CMS.API.Controllers.EncountersController.GetPatientEncounters (CMS.API)'
2026-09-02 16:10:42.182 +03:00 [ERR] Unhandled exception encountered: Incorrect syntax near the keyword 'Plan'.
Microsoft.Data.SqlClient.SqlException (0x80131904): Incorrect syntax near the keyword 'Plan'.
   at Microsoft.Data.SqlClient.SqlCommand.<>c.<ExecuteDbDataReaderAsync>b__211_0(Task`1 result)
   at System.Threading.Tasks.ContinuationResultTaskFromResultTask`2.InnerInvoke()
   at System.Threading.ExecutionContext.RunInternal(ExecutionContext executionContext, ContextCallback callback, Object state)
--- End of stack trace from previous location ---
   at System.Threading.ExecutionContext.RunInternal(ExecutionContext executionContext, ContextCallback callback, Object state)
   at System.Threading.Tasks.Task.ExecuteWithThreadLocal(Task& currentTaskSlot, Thread threadPoolThread)
--- End of stack trace from previous location ---
   at Dapper.SqlMapper.QueryAsync[T](IDbConnection cnn, Type effectiveType, CommandDefinition command) in /_/Dapper/SqlMapper.Async.cs:line 434
   at CMS.Application.Encounters.EncounterService.GetPatientEncountersAsync(Byte tenantId, Int32 patientId) in C:\Users\ASUS\source\repos\CMS\src\CMS.Application\Encounters\EncounterService.cs:line 56
   at CMS.API.Controllers.EncountersController.GetPatientEncounters(Int32 patientId) in C:\Users\ASUS\source\repos\CMS\src\CMS.API\Controllers\ClinicalControllers.cs:line 97
   at Microsoft.AspNetCore.Mvc.Infrastructure.ActionMethodExecutor.TaskOfIActionResultExecutor.Execute(ActionContext actionContext, IActionResultTypeMapper mapper, ObjectMethodExecutor executor, Object controller, Object[] arguments)
   at Microsoft.AspNetCore.Mvc.Infrastructure.ControllerActionInvoker.<InvokeActionMethodAsync>g__Awaited|12_0(ControllerActionInvoker invoker, ValueTask`1 actionResultValueTask)
   at Microsoft.AspNetCore.Mvc.Infrastructure.ControllerActionInvoker.<InvokeNextActionFilterAsync>g__Awaited|10_0(ControllerActionInvoker invoker, Task lastTask, State next, Scope scope, Object state, Boolean isCompleted)
   at Microsoft.AspNetCore.Mvc.Infrastructure.ControllerActionInvoker.Rethrow(ActionExecutedContextSealed context)
   at Microsoft.AspNetCore.Mvc.Infrastructure.ControllerActionInvoker.Next(State& next, Scope& scope, Object& state, Boolean& isCompleted)
   at Microsoft.AspNetCore.Mvc.Infrastructure.ControllerActionInvoker.<InvokeInnerFilterAsync>g__Awaited|13_0(ControllerActionInvoker invoker, Task lastTask, State next, Scope scope, Object state, Boolean isCompleted)
   at Microsoft.AspNetCore.Mvc.Infrastructure.ResourceInvoker.<InvokeFilterPipelineAsync>g__Awaited|20_0(ResourceInvoker invoker, Task lastTask, State next, Scope scope, Object state, Boolean isCompleted)
   at Microsoft.AspNetCore.Mvc.Infrastructure.ResourceInvoker.<InvokeAsync>g__Logged|17_1(ResourceInvoker invoker)
   at Microsoft.AspNetCore.Mvc.Infrastructure.ResourceInvoker.<InvokeAsync>g__Logged|17_1(ResourceInvoker invoker)
   at Microsoft.AspNetCore.Routing.EndpointMiddleware.<Invoke>g__AwaitRequestTask|7_0(Endpoint endpoint, Task requestTask, ILogger logger)
   at Microsoft.AspNetCore.Authorization.AuthorizationMiddleware.Invoke(HttpContext context)
   at Microsoft.AspNetCore.Authentication.AuthenticationMiddleware.Invoke(HttpContext context)
   at Swashbuckle.AspNetCore.SwaggerUI.SwaggerUIMiddleware.Invoke(HttpContext httpContext)
   at Swashbuckle.AspNetCore.Swagger.SwaggerMiddleware.Invoke(HttpContext httpContext, ISwaggerProvider swaggerProvider)
   at CMS.API.Middleware.TenantMiddleware.InvokeAsync(HttpContext context) in C:\Users\ASUS\source\repos\CMS\src\CMS.API\Middleware\Middlewares.cs:line 26
   at CMS.API.Middleware.ExceptionMiddleware.InvokeAsync(HttpContext context) in C:\Users\ASUS\source\repos\CMS\src\CMS.API\Middleware\Middlewares.cs:line 45
ClientConnectionId:8482284b-51f8-4039-b38b-4aedc0045c7e
Error Number:156,State:1,Class:15
2026-09-02 16:10:42.207 +03:00 [INF] Request finished HTTP/1.1 GET http://localhost:5010/api/v1/encounters/patient/1 - 500 null application/json 110.1231ms
2026-09-02 16:10:42.286 +03:00 [INF] Request starting HTTP/1.1 GET http://localhost:5010/api/v1/triage/patient/1/latest - application/json null
2026-09-02 16:10:42.295 +03:00 [INF] Failed to validate the token.
Microsoft.IdentityModel.Tokens.SecurityTokenMalformedException: IDX14120: JWT is not well formed, there is only one dot (.).
The token needs to be in JWS or JWE Compact Serialization Format. (JWS): 'EncodedHeader.EncodedPayload.EncodedSignature'. (JWE): 'EncodedProtectedHeader.EncodedEncryptedKey.EncodedInitializationVector.EncodedCiphertext.EncodedAuthenticationTag'.
   at Microsoft.IdentityModel.JsonWebTokens.JsonWebToken.ReadToken(ReadOnlyMemory`1 encodedTokenMemory)
   at Microsoft.IdentityModel.JsonWebTokens.JsonWebToken..ctor(String jwtEncodedString)
   at Microsoft.IdentityModel.JsonWebTokens.JsonWebTokenHandler.ReadToken(String token, TokenValidationParameters validationParameters)
2026-09-02 16:10:42.301 +03:00 [INF] Bearer was not authenticated. Failure message: IDX14120: JWT is not well formed, there is only one dot (.).
The token needs to be in JWS or JWE Compact Serialization Format. (JWS): 'EncodedHeader.EncodedPayload.EncodedSignature'. (JWE): 'EncodedProtectedHeader.EncodedEncryptedKey.EncodedInitializationVector.EncodedCiphertext.EncodedAuthenticationTag'.
2026-09-02 16:10:42.304 +03:00 [INF] Executing endpoint 'CMS.API.Controllers.TriageController.GetLatestPatientVitals (CMS.API)'
2026-09-02 16:10:42.307 +03:00 [INF] Route matched with {action = "GetLatestPatientVitals", controller = "Triage"}. Executing controller action with signature System.Threading.Tasks.Task`1[Microsoft.AspNetCore.Mvc.IActionResult] GetLatestPatientVitals(Int32) on controller CMS.API.Controllers.TriageController (CMS.API).
2026-09-02 16:10:42.314 +03:00 [INF] Executing OkObjectResult, writing value of type 'CMS.Shared.DTOs.ApiResponse`1[[CMS.Shared.DTOs.TriageDto, CMS.Shared, Version=1.0.0.0, Culture=neutral, PublicKeyToken=null]]'.
2026-09-02 16:10:42.320 +03:00 [INF] Executed action CMS.API.Controllers.TriageController.GetLatestPatientVitals (CMS.API) in 7.8207ms
2026-09-02 16:10:42.324 +03:00 [INF] Executed endpoint 'CMS.API.Controllers.TriageController.GetLatestPatientVitals (CMS.API)'
2026-09-02 16:10:42.327 +03:00 [INF] Request finished HTTP/1.1 GET http://localhost:5010/api/v1/triage/patient/1/latest - 200 null application/json; charset=utf-8 41.4431ms
2026-09-02 16:15:57.008 +03:00 [INF] Request starting HTTP/1.1 GET http://localhost:5010/api/v1/patients/search - application/json null
2026-09-02 16:15:57.018 +03:00 [INF] Failed to validate the token.
Microsoft.IdentityModel.Tokens.SecurityTokenMalformedException: IDX14120: JWT is not well formed, there is only one dot (.).
The token needs to be in JWS or JWE Compact Serialization Format. (JWS): 'EncodedHeader.EncodedPayload.EncodedSignature'. (JWE): 'EncodedProtectedHeader.EncodedEncryptedKey.EncodedInitializationVector.EncodedCiphertext.EncodedAuthenticationTag'.
   at Microsoft.IdentityModel.JsonWebTokens.JsonWebToken.ReadToken(ReadOnlyMemory`1 encodedTokenMemory)
   at Microsoft.IdentityModel.JsonWebTokens.JsonWebToken..ctor(String jwtEncodedString)
   at Microsoft.IdentityModel.JsonWebTokens.JsonWebTokenHandler.ReadToken(String token, TokenValidationParameters validationParameters)
2026-09-02 16:15:57.024 +03:00 [INF] Bearer was not authenticated. Failure message: IDX14120: JWT is not well formed, there is only one dot (.).
The token needs to be in JWS or JWE Compact Serialization Format. (JWS): 'EncodedHeader.EncodedPayload.EncodedSignature'. (JWE): 'EncodedProtectedHeader.EncodedEncryptedKey.EncodedInitializationVector.EncodedCiphertext.EncodedAuthenticationTag'.
2026-09-02 16:15:57.028 +03:00 [INF] Executing endpoint 'CMS.API.Controllers.PatientsController.Search (CMS.API)'
2026-09-02 16:15:57.031 +03:00 [INF] Route matched with {action = "Search", controller = "Patients"}. Executing controller action with signature System.Threading.Tasks.Task`1[Microsoft.AspNetCore.Mvc.IActionResult] Search(System.String, Int32) on controller CMS.API.Controllers.PatientsController (CMS.API).
2026-09-02 16:15:57.079 +03:00 [INF] Executing OkObjectResult, writing value of type 'CMS.Shared.DTOs.ApiResponse`1[[System.Collections.Generic.List`1[[CMS.Shared.DTOs.PatientDto, CMS.Shared, Version=1.0.0.0, Culture=neutral, PublicKeyToken=null]], System.Private.CoreLib, Version=8.0.0.0, Culture=neutral, PublicKeyToken=7cec85d7bea7798e]]'.
2026-09-02 16:15:57.086 +03:00 [INF] Executed action CMS.API.Controllers.PatientsController.Search (CMS.API) in 49.034ms
2026-09-02 16:15:57.092 +03:00 [INF] Executed endpoint 'CMS.API.Controllers.PatientsController.Search (CMS.API)'
2026-09-02 16:15:57.097 +03:00 [INF] Request finished HTTP/1.1 GET http://localhost:5010/api/v1/patients/search - 200 null application/json; charset=utf-8 88.4544ms
2026-09-02 16:15:57.332 +03:00 [INF] Request starting HTTP/1.1 GET http://localhost:5010/api/v1/encounters/patient/1 - application/json null
2026-09-02 16:15:57.333 +03:00 [INF] Request starting HTTP/1.1 GET http://localhost:5010/api/v1/medicalcertificates/patient/1 - application/json null
2026-09-02 16:15:57.333 +03:00 [INF] Request starting HTTP/1.1 GET http://localhost:5010/api/v1/triage/patient/1/latest - application/json null
2026-09-02 16:15:57.341 +03:00 [INF] Failed to validate the token.
Microsoft.IdentityModel.Tokens.SecurityTokenMalformedException: IDX14120: JWT is not well formed, there is only one dot (.).
The token needs to be in JWS or JWE Compact Serialization Format. (JWS): 'EncodedHeader.EncodedPayload.EncodedSignature'. (JWE): 'EncodedProtectedHeader.EncodedEncryptedKey.EncodedInitializationVector.EncodedCiphertext.EncodedAuthenticationTag'.
   at Microsoft.IdentityModel.JsonWebTokens.JsonWebToken.ReadToken(ReadOnlyMemory`1 encodedTokenMemory)
   at Microsoft.IdentityModel.JsonWebTokens.JsonWebToken..ctor(String jwtEncodedString)
   at Microsoft.IdentityModel.JsonWebTokens.JsonWebTokenHandler.ReadToken(String token, TokenValidationParameters validationParameters)
2026-09-02 16:15:57.347 +03:00 [INF] Failed to validate the token.
Microsoft.IdentityModel.Tokens.SecurityTokenMalformedException: IDX14120: JWT is not well formed, there is only one dot (.).
The token needs to be in JWS or JWE Compact Serialization Format. (JWS): 'EncodedHeader.EncodedPayload.EncodedSignature'. (JWE): 'EncodedProtectedHeader.EncodedEncryptedKey.EncodedInitializationVector.EncodedCiphertext.EncodedAuthenticationTag'.
   at Microsoft.IdentityModel.JsonWebTokens.JsonWebToken.ReadToken(ReadOnlyMemory`1 encodedTokenMemory)
   at Microsoft.IdentityModel.JsonWebTokens.JsonWebToken..ctor(String jwtEncodedString)
   at Microsoft.IdentityModel.JsonWebTokens.JsonWebTokenHandler.ReadToken(String token, TokenValidationParameters validationParameters)
2026-09-02 16:15:57.354 +03:00 [INF] Failed to validate the token.
Microsoft.IdentityModel.Tokens.SecurityTokenMalformedException: IDX14120: JWT is not well formed, there is only one dot (.).
The token needs to be in JWS or JWE Compact Serialization Format. (JWS): 'EncodedHeader.EncodedPayload.EncodedSignature'. (JWE): 'EncodedProtectedHeader.EncodedEncryptedKey.EncodedInitializationVector.EncodedCiphertext.EncodedAuthenticationTag'.
   at Microsoft.IdentityModel.JsonWebTokens.JsonWebToken.ReadToken(ReadOnlyMemory`1 encodedTokenMemory)
   at Microsoft.IdentityModel.JsonWebTokens.JsonWebToken..ctor(String jwtEncodedString)
   at Microsoft.IdentityModel.JsonWebTokens.JsonWebTokenHandler.ReadToken(String token, TokenValidationParameters validationParameters)
2026-09-02 16:15:57.358 +03:00 [INF] Bearer was not authenticated. Failure message: IDX14120: JWT is not well formed, there is only one dot (.).
The token needs to be in JWS or JWE Compact Serialization Format. (JWS): 'EncodedHeader.EncodedPayload.EncodedSignature'. (JWE): 'EncodedProtectedHeader.EncodedEncryptedKey.EncodedInitializationVector.EncodedCiphertext.EncodedAuthenticationTag'.
2026-09-02 16:15:57.362 +03:00 [INF] Bearer was not authenticated. Failure message: IDX14120: JWT is not well formed, there is only one dot (.).
The token needs to be in JWS or JWE Compact Serialization Format. (JWS): 'EncodedHeader.EncodedPayload.EncodedSignature'. (JWE): 'EncodedProtectedHeader.EncodedEncryptedKey.EncodedInitializationVector.EncodedCiphertext.EncodedAuthenticationTag'.
2026-09-02 16:15:57.368 +03:00 [INF] Bearer was not authenticated. Failure message: IDX14120: JWT is not well formed, there is only one dot (.).
The token needs to be in JWS or JWE Compact Serialization Format. (JWS): 'EncodedHeader.EncodedPayload.EncodedSignature'. (JWE): 'EncodedProtectedHeader.EncodedEncryptedKey.EncodedInitializationVector.EncodedCiphertext.EncodedAuthenticationTag'.
2026-09-02 16:15:57.371 +03:00 [INF] Executing endpoint 'CMS.API.Controllers.EncountersController.GetPatientEncounters (CMS.API)'
2026-09-02 16:15:57.375 +03:00 [INF] Executing endpoint 'CMS.API.Controllers.MedicalCertificatesController.GetPatientCertificates (CMS.API)'
2026-09-02 16:15:57.378 +03:00 [INF] Executing endpoint 'CMS.API.Controllers.TriageController.GetLatestPatientVitals (CMS.API)'
2026-09-02 16:15:57.381 +03:00 [INF] Route matched with {action = "GetPatientEncounters", controller = "Encounters"}. Executing controller action with signature System.Threading.Tasks.Task`1[Microsoft.AspNetCore.Mvc.IActionResult] GetPatientEncounters(Int32) on controller CMS.API.Controllers.EncountersController (CMS.API).
2026-09-02 16:15:57.385 +03:00 [INF] Route matched with {action = "GetPatientCertificates", controller = "MedicalCertificates"}. Executing controller action with signature System.Threading.Tasks.Task`1[Microsoft.AspNetCore.Mvc.IActionResult] GetPatientCertificates(Int32) on controller CMS.API.Controllers.MedicalCertificatesController (CMS.API).
2026-09-02 16:15:57.388 +03:00 [INF] Route matched with {action = "GetLatestPatientVitals", controller = "Triage"}. Executing controller action with signature System.Threading.Tasks.Task`1[Microsoft.AspNetCore.Mvc.IActionResult] GetLatestPatientVitals(Int32) on controller CMS.API.Controllers.TriageController (CMS.API).
2026-09-02 16:15:57.397 +03:00 [INF] Executed action CMS.API.Controllers.EncountersController.GetPatientEncounters (CMS.API) in 3.5784ms
2026-09-02 16:15:57.404 +03:00 [INF] Request starting HTTP/1.1 GET http://localhost:5010/api/v1/patients/search - application/json null
2026-09-02 16:15:57.409 +03:00 [INF] Executed endpoint 'CMS.API.Controllers.EncountersController.GetPatientEncounters (CMS.API)'
2026-09-02 16:15:57.416 +03:00 [INF] Failed to validate the token.
Microsoft.IdentityModel.Tokens.SecurityTokenMalformedException: IDX14120: JWT is not well formed, there is only one dot (.).
The token needs to be in JWS or JWE Compact Serialization Format. (JWS): 'EncodedHeader.EncodedPayload.EncodedSignature'. (JWE): 'EncodedProtectedHeader.EncodedEncryptedKey.EncodedInitializationVector.EncodedCiphertext.EncodedAuthenticationTag'.
   at Microsoft.IdentityModel.JsonWebTokens.JsonWebToken.ReadToken(ReadOnlyMemory`1 encodedTokenMemory)
   at Microsoft.IdentityModel.JsonWebTokens.JsonWebToken..ctor(String jwtEncodedString)
   at Microsoft.IdentityModel.JsonWebTokens.JsonWebTokenHandler.ReadToken(String token, TokenValidationParameters validationParameters)
2026-09-02 16:15:57.419 +03:00 [ERR] Unhandled exception encountered: Incorrect syntax near the keyword 'Plan'.
Microsoft.Data.SqlClient.SqlException (0x80131904): Incorrect syntax near the keyword 'Plan'.
   at Microsoft.Data.SqlClient.SqlCommand.<>c.<ExecuteDbDataReaderAsync>b__211_0(Task`1 result)
   at System.Threading.Tasks.ContinuationResultTaskFromResultTask`2.InnerInvoke()
   at System.Threading.ExecutionContext.RunInternal(ExecutionContext executionContext, ContextCallback callback, Object state)
--- End of stack trace from previous location ---
   at System.Threading.ExecutionContext.RunInternal(ExecutionContext executionContext, ContextCallback callback, Object state)
   at System.Threading.Tasks.Task.ExecuteWithThreadLocal(Task& currentTaskSlot, Thread threadPoolThread)
--- End of stack trace from previous location ---
   at Dapper.SqlMapper.QueryAsync[T](IDbConnection cnn, Type effectiveType, CommandDefinition command) in /_/Dapper/SqlMapper.Async.cs:line 434
   at CMS.Application.Encounters.EncounterService.GetPatientEncountersAsync(Byte tenantId, Int32 patientId) in C:\Users\ASUS\source\repos\CMS\src\CMS.Application\Encounters\EncounterService.cs:line 56
   at CMS.API.Controllers.EncountersController.GetPatientEncounters(Int32 patientId) in C:\Users\ASUS\source\repos\CMS\src\CMS.API\Controllers\ClinicalControllers.cs:line 97
   at Microsoft.AspNetCore.Mvc.Infrastructure.ActionMethodExecutor.TaskOfIActionResultExecutor.Execute(ActionContext actionContext, IActionResultTypeMapper mapper, ObjectMethodExecutor executor, Object controller, Object[] arguments)
   at Microsoft.AspNetCore.Mvc.Infrastructure.ControllerActionInvoker.<InvokeActionMethodAsync>g__Awaited|12_0(ControllerActionInvoker invoker, ValueTask`1 actionResultValueTask)
   at Microsoft.AspNetCore.Mvc.Infrastructure.ControllerActionInvoker.<InvokeNextActionFilterAsync>g__Awaited|10_0(ControllerActionInvoker invoker, Task lastTask, State next, Scope scope, Object state, Boolean isCompleted)
   at Microsoft.AspNetCore.Mvc.Infrastructure.ControllerActionInvoker.Rethrow(ActionExecutedContextSealed context)
   at Microsoft.AspNetCore.Mvc.Infrastructure.ControllerActionInvoker.Next(State& next, Scope& scope, Object& state, Boolean& isCompleted)
   at Microsoft.AspNetCore.Mvc.Infrastructure.ControllerActionInvoker.<InvokeInnerFilterAsync>g__Awaited|13_0(ControllerActionInvoker invoker, Task lastTask, State next, Scope scope, Object state, Boolean isCompleted)
   at Microsoft.AspNetCore.Mvc.Infrastructure.ResourceInvoker.<InvokeFilterPipelineAsync>g__Awaited|20_0(ResourceInvoker invoker, Task lastTask, State next, Scope scope, Object state, Boolean isCompleted)
   at Microsoft.AspNetCore.Mvc.Infrastructure.ResourceInvoker.<InvokeAsync>g__Logged|17_1(ResourceInvoker invoker)
   at Microsoft.AspNetCore.Mvc.Infrastructure.ResourceInvoker.<InvokeAsync>g__Logged|17_1(ResourceInvoker invoker)
   at Microsoft.AspNetCore.Routing.EndpointMiddleware.<Invoke>g__AwaitRequestTask|7_0(Endpoint endpoint, Task requestTask, ILogger logger)
   at Microsoft.AspNetCore.Authorization.AuthorizationMiddleware.Invoke(HttpContext context)
   at Microsoft.AspNetCore.Authentication.AuthenticationMiddleware.Invoke(HttpContext context)
   at Swashbuckle.AspNetCore.SwaggerUI.SwaggerUIMiddleware.Invoke(HttpContext httpContext)
   at Swashbuckle.AspNetCore.Swagger.SwaggerMiddleware.Invoke(HttpContext httpContext, ISwaggerProvider swaggerProvider)
   at CMS.API.Middleware.TenantMiddleware.InvokeAsync(HttpContext context) in C:\Users\ASUS\source\repos\CMS\src\CMS.API\Middleware\Middlewares.cs:line 26
   at CMS.API.Middleware.ExceptionMiddleware.InvokeAsync(HttpContext context) in C:\Users\ASUS\source\repos\CMS\src\CMS.API\Middleware\Middlewares.cs:line 45
ClientConnectionId:7fb2d40d-f96c-47c8-a10e-0cfa0af63ab3
Error Number:156,State:1,Class:15
2026-09-02 16:15:57.419 +03:00 [INF] Executing OkObjectResult, writing value of type 'CMS.Shared.DTOs.ApiResponse`1[[System.Collections.Generic.List`1[[CMS.Shared.DTOs.MedicalCertificateDto, CMS.Shared, Version=1.0.0.0, Culture=neutral, PublicKeyToken=null]], System.Private.CoreLib, Version=8.0.0.0, Culture=neutral, PublicKeyToken=7cec85d7bea7798e]]'.
2026-09-02 16:15:57.423 +03:00 [INF] Bearer was not authenticated. Failure message: IDX14120: JWT is not well formed, there is only one dot (.).
The token needs to be in JWS or JWE Compact Serialization Format. (JWS): 'EncodedHeader.EncodedPayload.EncodedSignature'. (JWE): 'EncodedProtectedHeader.EncodedEncryptedKey.EncodedInitializationVector.EncodedCiphertext.EncodedAuthenticationTag'.
2026-09-02 16:15:57.425 +03:00 [INF] Executing OkObjectResult, writing value of type 'CMS.Shared.DTOs.ApiResponse`1[[CMS.Shared.DTOs.TriageDto, CMS.Shared, Version=1.0.0.0, Culture=neutral, PublicKeyToken=null]]'.
2026-09-02 16:15:57.445 +03:00 [INF] Request finished HTTP/1.1 GET http://localhost:5010/api/v1/encounters/patient/1 - 500 null application/json 112.392ms
2026-09-02 16:15:57.445 +03:00 [INF] Executed action CMS.API.Controllers.MedicalCertificatesController.GetPatientCertificates (CMS.API) in 45.8892ms
2026-09-02 16:15:57.448 +03:00 [INF] Executing endpoint 'CMS.API.Controllers.PatientsController.Search (CMS.API)'
2026-09-02 16:15:57.454 +03:00 [INF] Executed action CMS.API.Controllers.TriageController.GetLatestPatientVitals (CMS.API) in 49.2831ms
2026-09-02 16:15:57.467 +03:00 [INF] Executed endpoint 'CMS.API.Controllers.MedicalCertificatesController.GetPatientCertificates (CMS.API)'
2026-09-02 16:15:57.469 +03:00 [INF] Route matched with {action = "Search", controller = "Patients"}. Executing controller action with signature System.Threading.Tasks.Task`1[Microsoft.AspNetCore.Mvc.IActionResult] Search(System.String, Int32) on controller CMS.API.Controllers.PatientsController (CMS.API).
2026-09-02 16:15:57.473 +03:00 [INF] Executed endpoint 'CMS.API.Controllers.TriageController.GetLatestPatientVitals (CMS.API)'
2026-09-02 16:15:57.476 +03:00 [INF] Request finished HTTP/1.1 GET http://localhost:5010/api/v1/medicalcertificates/patient/1 - 200 null application/json; charset=utf-8 143.1271ms
2026-09-02 16:15:57.484 +03:00 [INF] Executing OkObjectResult, writing value of type 'CMS.Shared.DTOs.ApiResponse`1[[System.Collections.Generic.List`1[[CMS.Shared.DTOs.PatientDto, CMS.Shared, Version=1.0.0.0, Culture=neutral, PublicKeyToken=null]], System.Private.CoreLib, Version=8.0.0.0, Culture=neutral, PublicKeyToken=7cec85d7bea7798e]]'.
2026-09-02 16:15:57.484 +03:00 [INF] Request finished HTTP/1.1 GET http://localhost:5010/api/v1/triage/patient/1/latest - 200 null application/json; charset=utf-8 151.3028ms
2026-09-02 16:15:57.500 +03:00 [INF] Executed action CMS.API.Controllers.PatientsController.Search (CMS.API) in 19.2394ms
2026-09-02 16:15:57.515 +03:00 [INF] Executed endpoint 'CMS.API.Controllers.PatientsController.Search (CMS.API)'
2026-09-02 16:15:57.519 +03:00 [INF] Request finished HTTP/1.1 GET http://localhost:5010/api/v1/patients/search - 200 null application/json; charset=utf-8 114.9025ms
2026-09-02 16:15:57.758 +03:00 [INF] Request starting HTTP/1.1 GET http://localhost:5010/api/v1/encounters/patient/1 - application/json null
2026-09-02 16:15:57.758 +03:00 [INF] Request starting HTTP/1.1 GET http://localhost:5010/api/v1/medicalcertificates/patient/1 - application/json null
2026-09-02 16:15:57.765 +03:00 [INF] Failed to validate the token.
Microsoft.IdentityModel.Tokens.SecurityTokenMalformedException: IDX14120: JWT is not well formed, there is only one dot (.).
The token needs to be in JWS or JWE Compact Serialization Format. (JWS): 'EncodedHeader.EncodedPayload.EncodedSignature'. (JWE): 'EncodedProtectedHeader.EncodedEncryptedKey.EncodedInitializationVector.EncodedCiphertext.EncodedAuthenticationTag'.
   at Microsoft.IdentityModel.JsonWebTokens.JsonWebToken.ReadToken(ReadOnlyMemory`1 encodedTokenMemory)
   at Microsoft.IdentityModel.JsonWebTokens.JsonWebToken..ctor(String jwtEncodedString)
   at Microsoft.IdentityModel.JsonWebTokens.JsonWebTokenHandler.ReadToken(String token, TokenValidationParameters validationParameters)
2026-09-02 16:15:57.767 +03:00 [INF] Request starting HTTP/1.1 GET http://localhost:5010/api/v1/triage/patient/1/latest - application/json null
2026-09-02 16:15:57.770 +03:00 [INF] Failed to validate the token.
Microsoft.IdentityModel.Tokens.SecurityTokenMalformedException: IDX14120: JWT is not well formed, there is only one dot (.).
The token needs to be in JWS or JWE Compact Serialization Format. (JWS): 'EncodedHeader.EncodedPayload.EncodedSignature'. (JWE): 'EncodedProtectedHeader.EncodedEncryptedKey.EncodedInitializationVector.EncodedCiphertext.EncodedAuthenticationTag'.
   at Microsoft.IdentityModel.JsonWebTokens.JsonWebToken.ReadToken(ReadOnlyMemory`1 encodedTokenMemory)
   at Microsoft.IdentityModel.JsonWebTokens.JsonWebToken..ctor(String jwtEncodedString)
   at Microsoft.IdentityModel.JsonWebTokens.JsonWebTokenHandler.ReadToken(String token, TokenValidationParameters validationParameters)
2026-09-02 16:15:57.773 +03:00 [INF] Bearer was not authenticated. Failure message: IDX14120: JWT is not well formed, there is only one dot (.).
The token needs to be in JWS or JWE Compact Serialization Format. (JWS): 'EncodedHeader.EncodedPayload.EncodedSignature'. (JWE): 'EncodedProtectedHeader.EncodedEncryptedKey.EncodedInitializationVector.EncodedCiphertext.EncodedAuthenticationTag'.
2026-09-02 16:15:57.778 +03:00 [INF] Failed to validate the token.
Microsoft.IdentityModel.Tokens.SecurityTokenMalformedException: IDX14120: JWT is not well formed, there is only one dot (.).
The token needs to be in JWS or JWE Compact Serialization Format. (JWS): 'EncodedHeader.EncodedPayload.EncodedSignature'. (JWE): 'EncodedProtectedHeader.EncodedEncryptedKey.EncodedInitializationVector.EncodedCiphertext.EncodedAuthenticationTag'.
   at Microsoft.IdentityModel.JsonWebTokens.JsonWebToken.ReadToken(ReadOnlyMemory`1 encodedTokenMemory)
   at Microsoft.IdentityModel.JsonWebTokens.JsonWebToken..ctor(String jwtEncodedString)
   at Microsoft.IdentityModel.JsonWebTokens.JsonWebTokenHandler.ReadToken(String token, TokenValidationParameters validationParameters)
2026-09-02 16:15:57.781 +03:00 [INF] Bearer was not authenticated. Failure message: IDX14120: JWT is not well formed, there is only one dot (.).
The token needs to be in JWS or JWE Compact Serialization Format. (JWS): 'EncodedHeader.EncodedPayload.EncodedSignature'. (JWE): 'EncodedProtectedHeader.EncodedEncryptedKey.EncodedInitializationVector.EncodedCiphertext.EncodedAuthenticationTag'.
2026-09-02 16:15:57.784 +03:00 [INF] Executing endpoint 'CMS.API.Controllers.EncountersController.GetPatientEncounters (CMS.API)'
2026-09-02 16:15:57.787 +03:00 [INF] Bearer was not authenticated. Failure message: IDX14120: JWT is not well formed, there is only one dot (.).
The token needs to be in JWS or JWE Compact Serialization Format. (JWS): 'EncodedHeader.EncodedPayload.EncodedSignature'. (JWE): 'EncodedProtectedHeader.EncodedEncryptedKey.EncodedInitializationVector.EncodedCiphertext.EncodedAuthenticationTag'.
2026-09-02 16:15:57.789 +03:00 [INF] Executing endpoint 'CMS.API.Controllers.MedicalCertificatesController.GetPatientCertificates (CMS.API)'
2026-09-02 16:15:57.791 +03:00 [INF] Route matched with {action = "GetPatientEncounters", controller = "Encounters"}. Executing controller action with signature System.Threading.Tasks.Task`1[Microsoft.AspNetCore.Mvc.IActionResult] GetPatientEncounters(Int32) on controller CMS.API.Controllers.EncountersController (CMS.API).
2026-09-02 16:15:57.793 +03:00 [INF] Executing endpoint 'CMS.API.Controllers.TriageController.GetLatestPatientVitals (CMS.API)'
2026-09-02 16:15:57.795 +03:00 [INF] Route matched with {action = "GetPatientCertificates", controller = "MedicalCertificates"}. Executing controller action with signature System.Threading.Tasks.Task`1[Microsoft.AspNetCore.Mvc.IActionResult] GetPatientCertificates(Int32) on controller CMS.API.Controllers.MedicalCertificatesController (CMS.API).
2026-09-02 16:15:57.802 +03:00 [INF] Route matched with {action = "GetLatestPatientVitals", controller = "Triage"}. Executing controller action with signature System.Threading.Tasks.Task`1[Microsoft.AspNetCore.Mvc.IActionResult] GetLatestPatientVitals(Int32) on controller CMS.API.Controllers.TriageController (CMS.API).
2026-09-02 16:15:57.803 +03:00 [INF] Executed action CMS.API.Controllers.EncountersController.GetPatientEncounters (CMS.API) in 3.6099ms
2026-09-02 16:15:57.808 +03:00 [INF] Executing OkObjectResult, writing value of type 'CMS.Shared.DTOs.ApiResponse`1[[System.Collections.Generic.List`1[[CMS.Shared.DTOs.MedicalCertificateDto, CMS.Shared, Version=1.0.0.0, Culture=neutral, PublicKeyToken=null]], System.Private.CoreLib, Version=8.0.0.0, Culture=neutral, PublicKeyToken=7cec85d7bea7798e]]'.
2026-09-02 16:15:57.813 +03:00 [INF] Executing OkObjectResult, writing value of type 'CMS.Shared.DTOs.ApiResponse`1[[CMS.Shared.DTOs.TriageDto, CMS.Shared, Version=1.0.0.0, Culture=neutral, PublicKeyToken=null]]'.
2026-09-02 16:15:57.814 +03:00 [INF] Executed endpoint 'CMS.API.Controllers.EncountersController.GetPatientEncounters (CMS.API)'
2026-09-02 16:15:57.817 +03:00 [INF] Executed action CMS.API.Controllers.MedicalCertificatesController.GetPatientCertificates (CMS.API) in 11.2928ms
2026-09-02 16:15:57.821 +03:00 [INF] Executed action CMS.API.Controllers.TriageController.GetLatestPatientVitals (CMS.API) in 10.5012ms
2026-09-02 16:15:57.825 +03:00 [ERR] Unhandled exception encountered: Incorrect syntax near the keyword 'Plan'.
Microsoft.Data.SqlClient.SqlException (0x80131904): Incorrect syntax near the keyword 'Plan'.
   at Microsoft.Data.SqlClient.SqlCommand.<>c.<ExecuteDbDataReaderAsync>b__211_0(Task`1 result)
   at System.Threading.Tasks.ContinuationResultTaskFromResultTask`2.InnerInvoke()
   at System.Threading.ExecutionContext.RunInternal(ExecutionContext executionContext, ContextCallback callback, Object state)
--- End of stack trace from previous location ---
   at System.Threading.ExecutionContext.RunInternal(ExecutionContext executionContext, ContextCallback callback, Object state)
   at System.Threading.Tasks.Task.ExecuteWithThreadLocal(Task& currentTaskSlot, Thread threadPoolThread)
--- End of stack trace from previous location ---
   at Dapper.SqlMapper.QueryAsync[T](IDbConnection cnn, Type effectiveType, CommandDefinition command) in /_/Dapper/SqlMapper.Async.cs:line 434
   at CMS.Application.Encounters.EncounterService.GetPatientEncountersAsync(Byte tenantId, Int32 patientId) in C:\Users\ASUS\source\repos\CMS\src\CMS.Application\Encounters\EncounterService.cs:line 56
   at CMS.API.Controllers.EncountersController.GetPatientEncounters(Int32 patientId) in C:\Users\ASUS\source\repos\CMS\src\CMS.API\Controllers\ClinicalControllers.cs:line 97
   at Microsoft.AspNetCore.Mvc.Infrastructure.ActionMethodExecutor.TaskOfIActionResultExecutor.Execute(ActionContext actionContext, IActionResultTypeMapper mapper, ObjectMethodExecutor executor, Object controller, Object[] arguments)
   at Microsoft.AspNetCore.Mvc.Infrastructure.ControllerActionInvoker.<InvokeActionMethodAsync>g__Awaited|12_0(ControllerActionInvoker invoker, ValueTask`1 actionResultValueTask)
   at Microsoft.AspNetCore.Mvc.Infrastructure.ControllerActionInvoker.<InvokeNextActionFilterAsync>g__Awaited|10_0(ControllerActionInvoker invoker, Task lastTask, State next, Scope scope, Object state, Boolean isCompleted)
   at Microsoft.AspNetCore.Mvc.Infrastructure.ControllerActionInvoker.Rethrow(ActionExecutedContextSealed context)
   at Microsoft.AspNetCore.Mvc.Infrastructure.ControllerActionInvoker.Next(State& next, Scope& scope, Object& state, Boolean& isCompleted)
   at Microsoft.AspNetCore.Mvc.Infrastructure.ControllerActionInvoker.<InvokeInnerFilterAsync>g__Awaited|13_0(ControllerActionInvoker invoker, Task lastTask, State next, Scope scope, Object state, Boolean isCompleted)
   at Microsoft.AspNetCore.Mvc.Infrastructure.ResourceInvoker.<InvokeFilterPipelineAsync>g__Awaited|20_0(ResourceInvoker invoker, Task lastTask, State next, Scope scope, Object state, Boolean isCompleted)
   at Microsoft.AspNetCore.Mvc.Infrastructure.ResourceInvoker.<InvokeAsync>g__Logged|17_1(ResourceInvoker invoker)
   at Microsoft.AspNetCore.Mvc.Infrastructure.ResourceInvoker.<InvokeAsync>g__Logged|17_1(ResourceInvoker invoker)
   at Microsoft.AspNetCore.Routing.EndpointMiddleware.<Invoke>g__AwaitRequestTask|7_0(Endpoint endpoint, Task requestTask, ILogger logger)
   at Microsoft.AspNetCore.Authorization.AuthorizationMiddleware.Invoke(HttpContext context)
   at Microsoft.AspNetCore.Authentication.AuthenticationMiddleware.Invoke(HttpContext context)
   at Swashbuckle.AspNetCore.SwaggerUI.SwaggerUIMiddleware.Invoke(HttpContext httpContext)
   at Swashbuckle.AspNetCore.Swagger.SwaggerMiddleware.Invoke(HttpContext httpContext, ISwaggerProvider swaggerProvider)
   at CMS.API.Middleware.TenantMiddleware.InvokeAsync(HttpContext context) in C:\Users\ASUS\source\repos\CMS\src\CMS.API\Middleware\Middlewares.cs:line 26
   at CMS.API.Middleware.ExceptionMiddleware.InvokeAsync(HttpContext context) in C:\Users\ASUS\source\repos\CMS\src\CMS.API\Middleware\Middlewares.cs:line 45
ClientConnectionId:8482284b-51f8-4039-b38b-4aedc0045c7e
Error Number:156,State:1,Class:15
2026-09-02 16:15:57.828 +03:00 [INF] Executed endpoint 'CMS.API.Controllers.MedicalCertificatesController.GetPatientCertificates (CMS.API)'
2026-09-02 16:15:57.831 +03:00 [INF] Executed endpoint 'CMS.API.Controllers.TriageController.GetLatestPatientVitals (CMS.API)'
2026-09-02 16:15:57.854 +03:00 [INF] Request finished HTTP/1.1 GET http://localhost:5010/api/v1/encounters/patient/1 - 500 null application/json 95.8837ms
2026-09-02 16:15:57.854 +03:00 [INF] Request finished HTTP/1.1 GET http://localhost:5010/api/v1/medicalcertificates/patient/1 - 200 null application/json; charset=utf-8 95.6903ms
2026-09-02 16:15:57.855 +03:00 [INF] Request finished HTTP/1.1 GET http://localhost:5010/api/v1/triage/patient/1/latest - 200 null application/json; charset=utf-8 88.4326ms
2026-09-02 16:15:58.142 +03:00 [INF] Request starting HTTP/1.1 GET http://localhost:5010/api/v1/medicalcertificates/patient/1 - application/json null
2026-09-02 16:15:58.142 +03:00 [INF] Request starting HTTP/1.1 GET http://localhost:5010/api/v1/triage/patient/1/latest - application/json null
2026-09-02 16:15:58.149 +03:00 [INF] Failed to validate the token.
Microsoft.IdentityModel.Tokens.SecurityTokenMalformedException: IDX14120: JWT is not well formed, there is only one dot (.).
The token needs to be in JWS or JWE Compact Serialization Format. (JWS): 'EncodedHeader.EncodedPayload.EncodedSignature'. (JWE): 'EncodedProtectedHeader.EncodedEncryptedKey.EncodedInitializationVector.EncodedCiphertext.EncodedAuthenticationTag'.
   at Microsoft.IdentityModel.JsonWebTokens.JsonWebToken.ReadToken(ReadOnlyMemory`1 encodedTokenMemory)
   at Microsoft.IdentityModel.JsonWebTokens.JsonWebToken..ctor(String jwtEncodedString)
   at Microsoft.IdentityModel.JsonWebTokens.JsonWebTokenHandler.ReadToken(String token, TokenValidationParameters validationParameters)
2026-09-02 16:15:58.154 +03:00 [INF] Failed to validate the token.
Microsoft.IdentityModel.Tokens.SecurityTokenMalformedException: IDX14120: JWT is not well formed, there is only one dot (.).
The token needs to be in JWS or JWE Compact Serialization Format. (JWS): 'EncodedHeader.EncodedPayload.EncodedSignature'. (JWE): 'EncodedProtectedHeader.EncodedEncryptedKey.EncodedInitializationVector.EncodedCiphertext.EncodedAuthenticationTag'.
   at Microsoft.IdentityModel.JsonWebTokens.JsonWebToken.ReadToken(ReadOnlyMemory`1 encodedTokenMemory)
   at Microsoft.IdentityModel.JsonWebTokens.JsonWebToken..ctor(String jwtEncodedString)
   at Microsoft.IdentityModel.JsonWebTokens.JsonWebTokenHandler.ReadToken(String token, TokenValidationParameters validationParameters)
2026-09-02 16:15:58.159 +03:00 [INF] Bearer was not authenticated. Failure message: IDX14120: JWT is not well formed, there is only one dot (.).
The token needs to be in JWS or JWE Compact Serialization Format. (JWS): 'EncodedHeader.EncodedPayload.EncodedSignature'. (JWE): 'EncodedProtectedHeader.EncodedEncryptedKey.EncodedInitializationVector.EncodedCiphertext.EncodedAuthenticationTag'.
2026-09-02 16:15:58.164 +03:00 [INF] Bearer was not authenticated. Failure message: IDX14120: JWT is not well formed, there is only one dot (.).
The token needs to be in JWS or JWE Compact Serialization Format. (JWS): 'EncodedHeader.EncodedPayload.EncodedSignature'. (JWE): 'EncodedProtectedHeader.EncodedEncryptedKey.EncodedInitializationVector.EncodedCiphertext.EncodedAuthenticationTag'.
2026-09-02 16:15:58.166 +03:00 [INF] Executing endpoint 'CMS.API.Controllers.MedicalCertificatesController.GetPatientCertificates (CMS.API)'
2026-09-02 16:15:58.173 +03:00 [INF] Request starting HTTP/1.1 GET http://localhost:5010/api/v1/encounters/patient/1 - application/json null
2026-09-02 16:15:58.170 +03:00 [INF] Executing endpoint 'CMS.API.Controllers.TriageController.GetLatestPatientVitals (CMS.API)'
2026-09-02 16:15:58.173 +03:00 [INF] Route matched with {action = "GetPatientCertificates", controller = "MedicalCertificates"}. Executing controller action with signature System.Threading.Tasks.Task`1[Microsoft.AspNetCore.Mvc.IActionResult] GetPatientCertificates(Int32) on controller CMS.API.Controllers.MedicalCertificatesController (CMS.API).
2026-09-02 16:15:58.181 +03:00 [INF] Failed to validate the token.
Microsoft.IdentityModel.Tokens.SecurityTokenMalformedException: IDX14120: JWT is not well formed, there is only one dot (.).
The token needs to be in JWS or JWE Compact Serialization Format. (JWS): 'EncodedHeader.EncodedPayload.EncodedSignature'. (JWE): 'EncodedProtectedHeader.EncodedEncryptedKey.EncodedInitializationVector.EncodedCiphertext.EncodedAuthenticationTag'.
   at Microsoft.IdentityModel.JsonWebTokens.JsonWebToken.ReadToken(ReadOnlyMemory`1 encodedTokenMemory)
   at Microsoft.IdentityModel.JsonWebTokens.JsonWebToken..ctor(String jwtEncodedString)
   at Microsoft.IdentityModel.JsonWebTokens.JsonWebTokenHandler.ReadToken(String token, TokenValidationParameters validationParameters)
2026-09-02 16:15:58.184 +03:00 [INF] Route matched with {action = "GetLatestPatientVitals", controller = "Triage"}. Executing controller action with signature System.Threading.Tasks.Task`1[Microsoft.AspNetCore.Mvc.IActionResult] GetLatestPatientVitals(Int32) on controller CMS.API.Controllers.TriageController (CMS.API).
2026-09-02 16:15:58.193 +03:00 [INF] Executing OkObjectResult, writing value of type 'CMS.Shared.DTOs.ApiResponse`1[[System.Collections.Generic.List`1[[CMS.Shared.DTOs.MedicalCertificateDto, CMS.Shared, Version=1.0.0.0, Culture=neutral, PublicKeyToken=null]], System.Private.CoreLib, Version=8.0.0.0, Culture=neutral, PublicKeyToken=7cec85d7bea7798e]]'.
2026-09-02 16:15:58.195 +03:00 [INF] Bearer was not authenticated. Failure message: IDX14120: JWT is not well formed, there is only one dot (.).
The token needs to be in JWS or JWE Compact Serialization Format. (JWS): 'EncodedHeader.EncodedPayload.EncodedSignature'. (JWE): 'EncodedProtectedHeader.EncodedEncryptedKey.EncodedInitializationVector.EncodedCiphertext.EncodedAuthenticationTag'.
2026-09-02 16:15:58.203 +03:00 [INF] Executing OkObjectResult, writing value of type 'CMS.Shared.DTOs.ApiResponse`1[[CMS.Shared.DTOs.TriageDto, CMS.Shared, Version=1.0.0.0, Culture=neutral, PublicKeyToken=null]]'.
2026-09-02 16:15:58.204 +03:00 [INF] Executed action CMS.API.Controllers.MedicalCertificatesController.GetPatientCertificates (CMS.API) in 13.9232ms
2026-09-02 16:15:58.207 +03:00 [INF] Executing endpoint 'CMS.API.Controllers.EncountersController.GetPatientEncounters (CMS.API)'
2026-09-02 16:15:58.211 +03:00 [INF] Executed action CMS.API.Controllers.TriageController.GetLatestPatientVitals (CMS.API) in 10.4688ms
2026-09-02 16:15:58.215 +03:00 [INF] Executed endpoint 'CMS.API.Controllers.MedicalCertificatesController.GetPatientCertificates (CMS.API)'
2026-09-02 16:15:58.218 +03:00 [INF] Route matched with {action = "GetPatientEncounters", controller = "Encounters"}. Executing controller action with signature System.Threading.Tasks.Task`1[Microsoft.AspNetCore.Mvc.IActionResult] GetPatientEncounters(Int32) on controller CMS.API.Controllers.EncountersController (CMS.API).
2026-09-02 16:15:58.221 +03:00 [INF] Executed endpoint 'CMS.API.Controllers.TriageController.GetLatestPatientVitals (CMS.API)'
2026-09-02 16:15:58.224 +03:00 [INF] Request finished HTTP/1.1 GET http://localhost:5010/api/v1/medicalcertificates/patient/1 - 200 null application/json; charset=utf-8 81.5764ms
2026-09-02 16:15:58.232 +03:00 [INF] Request finished HTTP/1.1 GET http://localhost:5010/api/v1/triage/patient/1/latest - 200 null application/json; charset=utf-8 89.178ms
2026-09-02 16:15:58.232 +03:00 [INF] Executed action CMS.API.Controllers.EncountersController.GetPatientEncounters (CMS.API) in 3.0751ms
2026-09-02 16:15:58.250 +03:00 [INF] Executed endpoint 'CMS.API.Controllers.EncountersController.GetPatientEncounters (CMS.API)'
2026-09-02 16:15:58.253 +03:00 [ERR] Unhandled exception encountered: Incorrect syntax near the keyword 'Plan'.
Microsoft.Data.SqlClient.SqlException (0x80131904): Incorrect syntax near the keyword 'Plan'.
   at Microsoft.Data.SqlClient.SqlCommand.<>c.<ExecuteDbDataReaderAsync>b__211_0(Task`1 result)
   at System.Threading.Tasks.ContinuationResultTaskFromResultTask`2.InnerInvoke()
   at System.Threading.ExecutionContext.RunInternal(ExecutionContext executionContext, ContextCallback callback, Object state)
--- End of stack trace from previous location ---
   at System.Threading.ExecutionContext.RunInternal(ExecutionContext executionContext, ContextCallback callback, Object state)
   at System.Threading.Tasks.Task.ExecuteWithThreadLocal(Task& currentTaskSlot, Thread threadPoolThread)
--- End of stack trace from previous location ---
   at Dapper.SqlMapper.QueryAsync[T](IDbConnection cnn, Type effectiveType, CommandDefinition command) in /_/Dapper/SqlMapper.Async.cs:line 434
   at CMS.Application.Encounters.EncounterService.GetPatientEncountersAsync(Byte tenantId, Int32 patientId) in C:\Users\ASUS\source\repos\CMS\src\CMS.Application\Encounters\EncounterService.cs:line 56
   at CMS.API.Controllers.EncountersController.GetPatientEncounters(Int32 patientId) in C:\Users\ASUS\source\repos\CMS\src\CMS.API\Controllers\ClinicalControllers.cs:line 97
   at Microsoft.AspNetCore.Mvc.Infrastructure.ActionMethodExecutor.TaskOfIActionResultExecutor.Execute(ActionContext actionContext, IActionResultTypeMapper mapper, ObjectMethodExecutor executor, Object controller, Object[] arguments)
   at Microsoft.AspNetCore.Mvc.Infrastructure.ControllerActionInvoker.<InvokeActionMethodAsync>g__Awaited|12_0(ControllerActionInvoker invoker, ValueTask`1 actionResultValueTask)
   at Microsoft.AspNetCore.Mvc.Infrastructure.ControllerActionInvoker.<InvokeNextActionFilterAsync>g__Awaited|10_0(ControllerActionInvoker invoker, Task lastTask, State next, Scope scope, Object state, Boolean isCompleted)
   at Microsoft.AspNetCore.Mvc.Infrastructure.ControllerActionInvoker.Rethrow(ActionExecutedContextSealed context)
   at Microsoft.AspNetCore.Mvc.Infrastructure.ControllerActionInvoker.Next(State& next, Scope& scope, Object& state, Boolean& isCompleted)
   at Microsoft.AspNetCore.Mvc.Infrastructure.ControllerActionInvoker.<InvokeInnerFilterAsync>g__Awaited|13_0(ControllerActionInvoker invoker, Task lastTask, State next, Scope scope, Object state, Boolean isCompleted)
   at Microsoft.AspNetCore.Mvc.Infrastructure.ResourceInvoker.<InvokeFilterPipelineAsync>g__Awaited|20_0(ResourceInvoker invoker, Task lastTask, State next, Scope scope, Object state, Boolean isCompleted)
   at Microsoft.AspNetCore.Mvc.Infrastructure.ResourceInvoker.<InvokeAsync>g__Logged|17_1(ResourceInvoker invoker)
   at Microsoft.AspNetCore.Mvc.Infrastructure.ResourceInvoker.<InvokeAsync>g__Logged|17_1(ResourceInvoker invoker)
   at Microsoft.AspNetCore.Routing.EndpointMiddleware.<Invoke>g__AwaitRequestTask|7_0(Endpoint endpoint, Task requestTask, ILogger logger)
   at Microsoft.AspNetCore.Authorization.AuthorizationMiddleware.Invoke(HttpContext context)
   at Microsoft.AspNetCore.Authentication.AuthenticationMiddleware.Invoke(HttpContext context)
   at Swashbuckle.AspNetCore.SwaggerUI.SwaggerUIMiddleware.Invoke(HttpContext httpContext)
   at Swashbuckle.AspNetCore.Swagger.SwaggerMiddleware.Invoke(HttpContext httpContext, ISwaggerProvider swaggerProvider)
   at CMS.API.Middleware.TenantMiddleware.InvokeAsync(HttpContext context) in C:\Users\ASUS\source\repos\CMS\src\CMS.API\Middleware\Middlewares.cs:line 26
   at CMS.API.Middleware.ExceptionMiddleware.InvokeAsync(HttpContext context) in C:\Users\ASUS\source\repos\CMS\src\CMS.API\Middleware\Middlewares.cs:line 45
ClientConnectionId:8482284b-51f8-4039-b38b-4aedc0045c7e
Error Number:156,State:1,Class:15
2026-09-02 16:15:58.270 +03:00 [INF] Request finished HTTP/1.1 GET http://localhost:5010/api/v1/encounters/patient/1 - 500 null application/json 97.3865ms
2026-09-02 16:15:58.528 +03:00 [INF] Request starting HTTP/1.1 GET http://localhost:5010/api/v1/medicalcertificates/patient/1 - application/json null
2026-09-02 16:15:58.528 +03:00 [INF] Request starting HTTP/1.1 GET http://localhost:5010/api/v1/triage/patient/1/latest - application/json null
2026-09-02 16:15:58.533 +03:00 [INF] Failed to validate the token.
Microsoft.IdentityModel.Tokens.SecurityTokenMalformedException: IDX14120: JWT is not well formed, there is only one dot (.).
The token needs to be in JWS or JWE Compact Serialization Format. (JWS): 'EncodedHeader.EncodedPayload.EncodedSignature'. (JWE): 'EncodedProtectedHeader.EncodedEncryptedKey.EncodedInitializationVector.EncodedCiphertext.EncodedAuthenticationTag'.
   at Microsoft.IdentityModel.JsonWebTokens.JsonWebToken.ReadToken(ReadOnlyMemory`1 encodedTokenMemory)
   at Microsoft.IdentityModel.JsonWebTokens.JsonWebToken..ctor(String jwtEncodedString)
   at Microsoft.IdentityModel.JsonWebTokens.JsonWebTokenHandler.ReadToken(String token, TokenValidationParameters validationParameters)
2026-09-02 16:15:58.538 +03:00 [INF] Failed to validate the token.
Microsoft.IdentityModel.Tokens.SecurityTokenMalformedException: IDX14120: JWT is not well formed, there is only one dot (.).
The token needs to be in JWS or JWE Compact Serialization Format. (JWS): 'EncodedHeader.EncodedPayload.EncodedSignature'. (JWE): 'EncodedProtectedHeader.EncodedEncryptedKey.EncodedInitializationVector.EncodedCiphertext.EncodedAuthenticationTag'.
   at Microsoft.IdentityModel.JsonWebTokens.JsonWebToken.ReadToken(ReadOnlyMemory`1 encodedTokenMemory)
   at Microsoft.IdentityModel.JsonWebTokens.JsonWebToken..ctor(String jwtEncodedString)
   at Microsoft.IdentityModel.JsonWebTokens.JsonWebTokenHandler.ReadToken(String token, TokenValidationParameters validationParameters)
2026-09-02 16:15:58.542 +03:00 [INF] Bearer was not authenticated. Failure message: IDX14120: JWT is not well formed, there is only one dot (.).
The token needs to be in JWS or JWE Compact Serialization Format. (JWS): 'EncodedHeader.EncodedPayload.EncodedSignature'. (JWE): 'EncodedProtectedHeader.EncodedEncryptedKey.EncodedInitializationVector.EncodedCiphertext.EncodedAuthenticationTag'.
2026-09-02 16:15:58.546 +03:00 [INF] Bearer was not authenticated. Failure message: IDX14120: JWT is not well formed, there is only one dot (.).
The token needs to be in JWS or JWE Compact Serialization Format. (JWS): 'EncodedHeader.EncodedPayload.EncodedSignature'. (JWE): 'EncodedProtectedHeader.EncodedEncryptedKey.EncodedInitializationVector.EncodedCiphertext.EncodedAuthenticationTag'.
2026-09-02 16:15:58.548 +03:00 [INF] Executing endpoint 'CMS.API.Controllers.MedicalCertificatesController.GetPatientCertificates (CMS.API)'
2026-09-02 16:15:58.550 +03:00 [INF] Executing endpoint 'CMS.API.Controllers.TriageController.GetLatestPatientVitals (CMS.API)'
2026-09-02 16:15:58.552 +03:00 [INF] Route matched with {action = "GetPatientCertificates", controller = "MedicalCertificates"}. Executing controller action with signature System.Threading.Tasks.Task`1[Microsoft.AspNetCore.Mvc.IActionResult] GetPatientCertificates(Int32) on controller CMS.API.Controllers.MedicalCertificatesController (CMS.API).
2026-09-02 16:15:58.554 +03:00 [INF] Route matched with {action = "GetLatestPatientVitals", controller = "Triage"}. Executing controller action with signature System.Threading.Tasks.Task`1[Microsoft.AspNetCore.Mvc.IActionResult] GetLatestPatientVitals(Int32) on controller CMS.API.Controllers.TriageController (CMS.API).
2026-09-02 16:15:58.559 +03:00 [INF] Executing OkObjectResult, writing value of type 'CMS.Shared.DTOs.ApiResponse`1[[System.Collections.Generic.List`1[[CMS.Shared.DTOs.MedicalCertificateDto, CMS.Shared, Version=1.0.0.0, Culture=neutral, PublicKeyToken=null]], System.Private.CoreLib, Version=8.0.0.0, Culture=neutral, PublicKeyToken=7cec85d7bea7798e]]'.
2026-09-02 16:15:58.563 +03:00 [INF] Executing OkObjectResult, writing value of type 'CMS.Shared.DTOs.ApiResponse`1[[CMS.Shared.DTOs.TriageDto, CMS.Shared, Version=1.0.0.0, Culture=neutral, PublicKeyToken=null]]'.
2026-09-02 16:15:58.564 +03:00 [INF] Executed action CMS.API.Controllers.MedicalCertificatesController.GetPatientCertificates (CMS.API) in 6.6611ms
2026-09-02 16:15:58.567 +03:00 [INF] Executed action CMS.API.Controllers.TriageController.GetLatestPatientVitals (CMS.API) in 5.7922ms
2026-09-02 16:15:58.570 +03:00 [INF] Executed endpoint 'CMS.API.Controllers.MedicalCertificatesController.GetPatientCertificates (CMS.API)'
2026-09-02 16:15:58.573 +03:00 [INF] Executed endpoint 'CMS.API.Controllers.TriageController.GetLatestPatientVitals (CMS.API)'
2026-09-02 16:15:58.575 +03:00 [INF] Request finished HTTP/1.1 GET http://localhost:5010/api/v1/medicalcertificates/patient/1 - 200 null application/json; charset=utf-8 46.9281ms
2026-09-02 16:15:58.578 +03:00 [INF] Request finished HTTP/1.1 GET http://localhost:5010/api/v1/triage/patient/1/latest - 200 null application/json; charset=utf-8 49.6736ms
2026-09-02 16:15:58.580 +03:00 [INF] Request starting HTTP/1.1 GET http://localhost:5010/api/v1/encounters/patient/1 - application/json null
2026-09-02 16:15:58.596 +03:00 [INF] Failed to validate the token.
Microsoft.IdentityModel.Tokens.SecurityTokenMalformedException: IDX14120: JWT is not well formed, there is only one dot (.).
The token needs to be in JWS or JWE Compact Serialization Format. (JWS): 'EncodedHeader.EncodedPayload.EncodedSignature'. (JWE): 'EncodedProtectedHeader.EncodedEncryptedKey.EncodedInitializationVector.EncodedCiphertext.EncodedAuthenticationTag'.
   at Microsoft.IdentityModel.JsonWebTokens.JsonWebToken.ReadToken(ReadOnlyMemory`1 encodedTokenMemory)
   at Microsoft.IdentityModel.JsonWebTokens.JsonWebToken..ctor(String jwtEncodedString)
   at Microsoft.IdentityModel.JsonWebTokens.JsonWebTokenHandler.ReadToken(String token, TokenValidationParameters validationParameters)
2026-09-02 16:15:58.599 +03:00 [INF] Bearer was not authenticated. Failure message: IDX14120: JWT is not well formed, there is only one dot (.).
The token needs to be in JWS or JWE Compact Serialization Format. (JWS): 'EncodedHeader.EncodedPayload.EncodedSignature'. (JWE): 'EncodedProtectedHeader.EncodedEncryptedKey.EncodedInitializationVector.EncodedCiphertext.EncodedAuthenticationTag'.
2026-09-02 16:15:58.602 +03:00 [INF] Executing endpoint 'CMS.API.Controllers.EncountersController.GetPatientEncounters (CMS.API)'
2026-09-02 16:15:58.604 +03:00 [INF] Route matched with {action = "GetPatientEncounters", controller = "Encounters"}. Executing controller action with signature System.Threading.Tasks.Task`1[Microsoft.AspNetCore.Mvc.IActionResult] GetPatientEncounters(Int32) on controller CMS.API.Controllers.EncountersController (CMS.API).
2026-09-02 16:15:58.610 +03:00 [INF] Executed action CMS.API.Controllers.EncountersController.GetPatientEncounters (CMS.API) in 2.5803ms
2026-09-02 16:15:58.613 +03:00 [INF] Executed endpoint 'CMS.API.Controllers.EncountersController.GetPatientEncounters (CMS.API)'
2026-09-02 16:15:58.615 +03:00 [ERR] Unhandled exception encountered: Incorrect syntax near the keyword 'Plan'.
Microsoft.Data.SqlClient.SqlException (0x80131904): Incorrect syntax near the keyword 'Plan'.
   at Microsoft.Data.SqlClient.SqlCommand.<>c.<ExecuteDbDataReaderAsync>b__211_0(Task`1 result)
   at System.Threading.Tasks.ContinuationResultTaskFromResultTask`2.InnerInvoke()
   at System.Threading.ExecutionContext.RunInternal(ExecutionContext executionContext, ContextCallback callback, Object state)
--- End of stack trace from previous location ---
   at System.Threading.ExecutionContext.RunInternal(ExecutionContext executionContext, ContextCallback callback, Object state)
   at System.Threading.Tasks.Task.ExecuteWithThreadLocal(Task& currentTaskSlot, Thread threadPoolThread)
--- End of stack trace from previous location ---
   at Dapper.SqlMapper.QueryAsync[T](IDbConnection cnn, Type effectiveType, CommandDefinition command) in /_/Dapper/SqlMapper.Async.cs:line 434
   at CMS.Application.Encounters.EncounterService.GetPatientEncountersAsync(Byte tenantId, Int32 patientId) in C:\Users\ASUS\source\repos\CMS\src\CMS.Application\Encounters\EncounterService.cs:line 56
   at CMS.API.Controllers.EncountersController.GetPatientEncounters(Int32 patientId) in C:\Users\ASUS\source\repos\CMS\src\CMS.API\Controllers\ClinicalControllers.cs:line 97
   at Microsoft.AspNetCore.Mvc.Infrastructure.ActionMethodExecutor.TaskOfIActionResultExecutor.Execute(ActionContext actionContext, IActionResultTypeMapper mapper, ObjectMethodExecutor executor, Object controller, Object[] arguments)
   at Microsoft.AspNetCore.Mvc.Infrastructure.ControllerActionInvoker.<InvokeActionMethodAsync>g__Awaited|12_0(ControllerActionInvoker invoker, ValueTask`1 actionResultValueTask)
   at Microsoft.AspNetCore.Mvc.Infrastructure.ControllerActionInvoker.<InvokeNextActionFilterAsync>g__Awaited|10_0(ControllerActionInvoker invoker, Task lastTask, State next, Scope scope, Object state, Boolean isCompleted)
   at Microsoft.AspNetCore.Mvc.Infrastructure.ControllerActionInvoker.Rethrow(ActionExecutedContextSealed context)
   at Microsoft.AspNetCore.Mvc.Infrastructure.ControllerActionInvoker.Next(State& next, Scope& scope, Object& state, Boolean& isCompleted)
   at Microsoft.AspNetCore.Mvc.Infrastructure.ControllerActionInvoker.<InvokeInnerFilterAsync>g__Awaited|13_0(ControllerActionInvoker invoker, Task lastTask, State next, Scope scope, Object state, Boolean isCompleted)
   at Microsoft.AspNetCore.Mvc.Infrastructure.ResourceInvoker.<InvokeFilterPipelineAsync>g__Awaited|20_0(ResourceInvoker invoker, Task lastTask, State next, Scope scope, Object state, Boolean isCompleted)
   at Microsoft.AspNetCore.Mvc.Infrastructure.ResourceInvoker.<InvokeAsync>g__Logged|17_1(ResourceInvoker invoker)
   at Microsoft.AspNetCore.Mvc.Infrastructure.ResourceInvoker.<InvokeAsync>g__Logged|17_1(ResourceInvoker invoker)
   at Microsoft.AspNetCore.Routing.EndpointMiddleware.<Invoke>g__AwaitRequestTask|7_0(Endpoint endpoint, Task requestTask, ILogger logger)
   at Microsoft.AspNetCore.Authorization.AuthorizationMiddleware.Invoke(HttpContext context)
   at Microsoft.AspNetCore.Authentication.AuthenticationMiddleware.Invoke(HttpContext context)
   at Swashbuckle.AspNetCore.SwaggerUI.SwaggerUIMiddleware.Invoke(HttpContext httpContext)
   at Swashbuckle.AspNetCore.Swagger.SwaggerMiddleware.Invoke(HttpContext httpContext, ISwaggerProvider swaggerProvider)
   at CMS.API.Middleware.TenantMiddleware.InvokeAsync(HttpContext context) in C:\Users\ASUS\source\repos\CMS\src\CMS.API\Middleware\Middlewares.cs:line 26
   at CMS.API.Middleware.ExceptionMiddleware.InvokeAsync(HttpContext context) in C:\Users\ASUS\source\repos\CMS\src\CMS.API\Middleware\Middlewares.cs:line 45
ClientConnectionId:8482284b-51f8-4039-b38b-4aedc0045c7e
Error Number:156,State:1,Class:15
2026-09-02 16:15:58.632 +03:00 [INF] Request finished HTTP/1.1 GET http://localhost:5010/api/v1/encounters/patient/1 - 500 null application/json 51.0602ms
2026-09-02 16:20:16.513 +03:00 [INF] Request starting HTTP/1.1 GET http://localhost:5010/api/v1/dashboard/metrics - null null
2026-09-02 16:20:16.513 +03:00 [INF] Request starting HTTP/1.1 GET http://localhost:5010/api/v1/dashboard/metrics - null null
2026-09-02 16:20:16.522 +03:00 [INF] Failed to validate the token.
Microsoft.IdentityModel.Tokens.SecurityTokenMalformedException: IDX14120: JWT is not well formed, there is only one dot (.).
The token needs to be in JWS or JWE Compact Serialization Format. (JWS): 'EncodedHeader.EncodedPayload.EncodedSignature'. (JWE): 'EncodedProtectedHeader.EncodedEncryptedKey.EncodedInitializationVector.EncodedCiphertext.EncodedAuthenticationTag'.
   at Microsoft.IdentityModel.JsonWebTokens.JsonWebToken.ReadToken(ReadOnlyMemory`1 encodedTokenMemory)
   at Microsoft.IdentityModel.JsonWebTokens.JsonWebToken..ctor(String jwtEncodedString)
   at Microsoft.IdentityModel.JsonWebTokens.JsonWebTokenHandler.ReadToken(String token, TokenValidationParameters validationParameters)
2026-09-02 16:20:16.527 +03:00 [INF] Failed to validate the token.
Microsoft.IdentityModel.Tokens.SecurityTokenMalformedException: IDX14120: JWT is not well formed, there is only one dot (.).
The token needs to be in JWS or JWE Compact Serialization Format. (JWS): 'EncodedHeader.EncodedPayload.EncodedSignature'. (JWE): 'EncodedProtectedHeader.EncodedEncryptedKey.EncodedInitializationVector.EncodedCiphertext.EncodedAuthenticationTag'.
   at Microsoft.IdentityModel.JsonWebTokens.JsonWebToken.ReadToken(ReadOnlyMemory`1 encodedTokenMemory)
   at Microsoft.IdentityModel.JsonWebTokens.JsonWebToken..ctor(String jwtEncodedString)
   at Microsoft.IdentityModel.JsonWebTokens.JsonWebTokenHandler.ReadToken(String token, TokenValidationParameters validationParameters)
2026-09-02 16:20:16.531 +03:00 [INF] Bearer was not authenticated. Failure message: IDX14120: JWT is not well formed, there is only one dot (.).
The token needs to be in JWS or JWE Compact Serialization Format. (JWS): 'EncodedHeader.EncodedPayload.EncodedSignature'. (JWE): 'EncodedProtectedHeader.EncodedEncryptedKey.EncodedInitializationVector.EncodedCiphertext.EncodedAuthenticationTag'.
2026-09-02 16:20:16.535 +03:00 [INF] Bearer was not authenticated. Failure message: IDX14120: JWT is not well formed, there is only one dot (.).
The token needs to be in JWS or JWE Compact Serialization Format. (JWS): 'EncodedHeader.EncodedPayload.EncodedSignature'. (JWE): 'EncodedProtectedHeader.EncodedEncryptedKey.EncodedInitializationVector.EncodedCiphertext.EncodedAuthenticationTag'.
2026-09-02 16:20:16.538 +03:00 [INF] Executing endpoint 'CMS.API.Controllers.DashboardController.GetMetrics (CMS.API)'
2026-09-02 16:20:16.541 +03:00 [INF] Executing endpoint 'CMS.API.Controllers.DashboardController.GetMetrics (CMS.API)'
2026-09-02 16:20:16.543 +03:00 [INF] Route matched with {action = "GetMetrics", controller = "Dashboard"}. Executing controller action with signature System.Threading.Tasks.Task`1[Microsoft.AspNetCore.Mvc.IActionResult] GetMetrics() on controller CMS.API.Controllers.DashboardController (CMS.API).
2026-09-02 16:20:16.545 +03:00 [INF] Route matched with {action = "GetMetrics", controller = "Dashboard"}. Executing controller action with signature System.Threading.Tasks.Task`1[Microsoft.AspNetCore.Mvc.IActionResult] GetMetrics() on controller CMS.API.Controllers.DashboardController (CMS.API).
2026-09-02 16:20:16.683 +03:00 [INF] Executing OkObjectResult, writing value of type 'CMS.Shared.DTOs.ApiResponse`1[[CMS.Shared.DTOs.DashboardMetricsDto, CMS.Shared, Version=1.0.0.0, Culture=neutral, PublicKeyToken=null]]'.
2026-09-02 16:20:16.687 +03:00 [INF] Executed action CMS.API.Controllers.DashboardController.GetMetrics (CMS.API) in 132.7064ms
2026-09-02 16:20:16.690 +03:00 [INF] Executing OkObjectResult, writing value of type 'CMS.Shared.DTOs.ApiResponse`1[[CMS.Shared.DTOs.DashboardMetricsDto, CMS.Shared, Version=1.0.0.0, Culture=neutral, PublicKeyToken=null]]'.
2026-09-02 16:20:16.691 +03:00 [INF] Executed endpoint 'CMS.API.Controllers.DashboardController.GetMetrics (CMS.API)'
2026-09-02 16:20:16.694 +03:00 [INF] Executed action CMS.API.Controllers.DashboardController.GetMetrics (CMS.API) in 145.01ms
2026-09-02 16:20:16.697 +03:00 [INF] Request finished HTTP/1.1 GET http://localhost:5010/api/v1/dashboard/metrics - 200 null application/json; charset=utf-8 183.6412ms
2026-09-02 16:20:16.700 +03:00 [INF] Executed endpoint 'CMS.API.Controllers.DashboardController.GetMetrics (CMS.API)'
2026-09-02 16:20:16.712 +03:00 [INF] Request finished HTTP/1.1 GET http://localhost:5010/api/v1/dashboard/metrics - 200 null application/json; charset=utf-8 199.3964ms
2026-09-02 16:20:19.301 +03:00 [INF] Request starting HTTP/1.1 GET http://localhost:5010/api/v1/patients/search - application/json null
2026-09-02 16:20:19.301 +03:00 [INF] Request starting HTTP/1.1 GET http://localhost:5010/api/v1/encounters/patient/1 - application/json null
2026-09-02 16:20:19.301 +03:00 [INF] Request starting HTTP/1.1 GET http://localhost:5010/api/v1/medicalcertificates/patient/1 - application/json null
2026-09-02 16:20:19.302 +03:00 [INF] Request starting HTTP/1.1 GET http://localhost:5010/api/v1/triage/patient/1/latest - application/json null
2026-09-02 16:20:19.308 +03:00 [INF] Failed to validate the token.
Microsoft.IdentityModel.Tokens.SecurityTokenMalformedException: IDX14120: JWT is not well formed, there is only one dot (.).
The token needs to be in JWS or JWE Compact Serialization Format. (JWS): 'EncodedHeader.EncodedPayload.EncodedSignature'. (JWE): 'EncodedProtectedHeader.EncodedEncryptedKey.EncodedInitializationVector.EncodedCiphertext.EncodedAuthenticationTag'.
   at Microsoft.IdentityModel.JsonWebTokens.JsonWebToken.ReadToken(ReadOnlyMemory`1 encodedTokenMemory)
   at Microsoft.IdentityModel.JsonWebTokens.JsonWebToken..ctor(String jwtEncodedString)
   at Microsoft.IdentityModel.JsonWebTokens.JsonWebTokenHandler.ReadToken(String token, TokenValidationParameters validationParameters)
2026-09-02 16:20:19.313 +03:00 [INF] Failed to validate the token.
Microsoft.IdentityModel.Tokens.SecurityTokenMalformedException: IDX14120: JWT is not well formed, there is only one dot (.).
The token needs to be in JWS or JWE Compact Serialization Format. (JWS): 'EncodedHeader.EncodedPayload.EncodedSignature'. (JWE): 'EncodedProtectedHeader.EncodedEncryptedKey.EncodedInitializationVector.EncodedCiphertext.EncodedAuthenticationTag'.
   at Microsoft.IdentityModel.JsonWebTokens.JsonWebToken.ReadToken(ReadOnlyMemory`1 encodedTokenMemory)
   at Microsoft.IdentityModel.JsonWebTokens.JsonWebToken..ctor(String jwtEncodedString)
   at Microsoft.IdentityModel.JsonWebTokens.JsonWebTokenHandler.ReadToken(String token, TokenValidationParameters validationParameters)
2026-09-02 16:20:19.320 +03:00 [INF] Failed to validate the token.
Microsoft.IdentityModel.Tokens.SecurityTokenMalformedException: IDX14120: JWT is not well formed, there is only one dot (.).
The token needs to be in JWS or JWE Compact Serialization Format. (JWS): 'EncodedHeader.EncodedPayload.EncodedSignature'. (JWE): 'EncodedProtectedHeader.EncodedEncryptedKey.EncodedInitializationVector.EncodedCiphertext.EncodedAuthenticationTag'.
   at Microsoft.IdentityModel.JsonWebTokens.JsonWebToken.ReadToken(ReadOnlyMemory`1 encodedTokenMemory)
   at Microsoft.IdentityModel.JsonWebTokens.JsonWebToken..ctor(String jwtEncodedString)
   at Microsoft.IdentityModel.JsonWebTokens.JsonWebTokenHandler.ReadToken(String token, TokenValidationParameters validationParameters)
2026-09-02 16:20:19.325 +03:00 [INF] Failed to validate the token.
Microsoft.IdentityModel.Tokens.SecurityTokenMalformedException: IDX14120: JWT is not well formed, there is only one dot (.).
The token needs to be in JWS or JWE Compact Serialization Format. (JWS): 'EncodedHeader.EncodedPayload.EncodedSignature'. (JWE): 'EncodedProtectedHeader.EncodedEncryptedKey.EncodedInitializationVector.EncodedCiphertext.EncodedAuthenticationTag'.
   at Microsoft.IdentityModel.JsonWebTokens.JsonWebToken.ReadToken(ReadOnlyMemory`1 encodedTokenMemory)
   at Microsoft.IdentityModel.JsonWebTokens.JsonWebToken..ctor(String jwtEncodedString)
   at Microsoft.IdentityModel.JsonWebTokens.JsonWebTokenHandler.ReadToken(String token, TokenValidationParameters validationParameters)
2026-09-02 16:20:19.329 +03:00 [INF] Bearer was not authenticated. Failure message: IDX14120: JWT is not well formed, there is only one dot (.).
The token needs to be in JWS or JWE Compact Serialization Format. (JWS): 'EncodedHeader.EncodedPayload.EncodedSignature'. (JWE): 'EncodedProtectedHeader.EncodedEncryptedKey.EncodedInitializationVector.EncodedCiphertext.EncodedAuthenticationTag'.
2026-09-02 16:20:19.333 +03:00 [INF] Bearer was not authenticated. Failure message: IDX14120: JWT is not well formed, there is only one dot (.).
The token needs to be in JWS or JWE Compact Serialization Format. (JWS): 'EncodedHeader.EncodedPayload.EncodedSignature'. (JWE): 'EncodedProtectedHeader.EncodedEncryptedKey.EncodedInitializationVector.EncodedCiphertext.EncodedAuthenticationTag'.
2026-09-02 16:20:19.337 +03:00 [INF] Bearer was not authenticated. Failure message: IDX14120: JWT is not well formed, there is only one dot (.).
The token needs to be in JWS or JWE Compact Serialization Format. (JWS): 'EncodedHeader.EncodedPayload.EncodedSignature'. (JWE): 'EncodedProtectedHeader.EncodedEncryptedKey.EncodedInitializationVector.EncodedCiphertext.EncodedAuthenticationTag'.
2026-09-02 16:20:19.341 +03:00 [INF] Bearer was not authenticated. Failure message: IDX14120: JWT is not well formed, there is only one dot (.).
The token needs to be in JWS or JWE Compact Serialization Format. (JWS): 'EncodedHeader.EncodedPayload.EncodedSignature'. (JWE): 'EncodedProtectedHeader.EncodedEncryptedKey.EncodedInitializationVector.EncodedCiphertext.EncodedAuthenticationTag'.
2026-09-02 16:20:19.343 +03:00 [INF] Executing endpoint 'CMS.API.Controllers.PatientsController.Search (CMS.API)'
2026-09-02 16:20:19.345 +03:00 [INF] Executing endpoint 'CMS.API.Controllers.EncountersController.GetPatientEncounters (CMS.API)'
2026-09-02 16:20:19.347 +03:00 [INF] Executing endpoint 'CMS.API.Controllers.MedicalCertificatesController.GetPatientCertificates (CMS.API)'
2026-09-02 16:20:19.350 +03:00 [INF] Executing endpoint 'CMS.API.Controllers.TriageController.GetLatestPatientVitals (CMS.API)'
2026-09-02 16:20:19.353 +03:00 [INF] Route matched with {action = "Search", controller = "Patients"}. Executing controller action with signature System.Threading.Tasks.Task`1[Microsoft.AspNetCore.Mvc.IActionResult] Search(System.String, Int32) on controller CMS.API.Controllers.PatientsController (CMS.API).
2026-09-02 16:20:19.355 +03:00 [INF] Route matched with {action = "GetPatientEncounters", controller = "Encounters"}. Executing controller action with signature System.Threading.Tasks.Task`1[Microsoft.AspNetCore.Mvc.IActionResult] GetPatientEncounters(Int32) on controller CMS.API.Controllers.EncountersController (CMS.API).
2026-09-02 16:20:19.357 +03:00 [INF] Route matched with {action = "GetPatientCertificates", controller = "MedicalCertificates"}. Executing controller action with signature System.Threading.Tasks.Task`1[Microsoft.AspNetCore.Mvc.IActionResult] GetPatientCertificates(Int32) on controller CMS.API.Controllers.MedicalCertificatesController (CMS.API).
2026-09-02 16:20:19.359 +03:00 [INF] Route matched with {action = "GetLatestPatientVitals", controller = "Triage"}. Executing controller action with signature System.Threading.Tasks.Task`1[Microsoft.AspNetCore.Mvc.IActionResult] GetLatestPatientVitals(Int32) on controller CMS.API.Controllers.TriageController (CMS.API).
2026-09-02 16:20:19.371 +03:00 [INF] Executed action CMS.API.Controllers.EncountersController.GetPatientEncounters (CMS.API) in 2.756ms
2026-09-02 16:20:19.380 +03:00 [INF] Executed endpoint 'CMS.API.Controllers.EncountersController.GetPatientEncounters (CMS.API)'
2026-09-02 16:20:19.383 +03:00 [ERR] Unhandled exception encountered: Incorrect syntax near the keyword 'Plan'.
Microsoft.Data.SqlClient.SqlException (0x80131904): Incorrect syntax near the keyword 'Plan'.
   at Microsoft.Data.SqlClient.SqlCommand.<>c.<ExecuteDbDataReaderAsync>b__211_0(Task`1 result)
   at System.Threading.Tasks.ContinuationResultTaskFromResultTask`2.InnerInvoke()
   at System.Threading.ExecutionContext.RunInternal(ExecutionContext executionContext, ContextCallback callback, Object state)
--- End of stack trace from previous location ---
   at System.Threading.ExecutionContext.RunInternal(ExecutionContext executionContext, ContextCallback callback, Object state)
   at System.Threading.Tasks.Task.ExecuteWithThreadLocal(Task& currentTaskSlot, Thread threadPoolThread)
--- End of stack trace from previous location ---
   at Dapper.SqlMapper.QueryAsync[T](IDbConnection cnn, Type effectiveType, CommandDefinition command) in /_/Dapper/SqlMapper.Async.cs:line 434
   at CMS.Application.Encounters.EncounterService.GetPatientEncountersAsync(Byte tenantId, Int32 patientId) in C:\Users\ASUS\source\repos\CMS\src\CMS.Application\Encounters\EncounterService.cs:line 56
   at CMS.API.Controllers.EncountersController.GetPatientEncounters(Int32 patientId) in C:\Users\ASUS\source\repos\CMS\src\CMS.API\Controllers\ClinicalControllers.cs:line 97
   at Microsoft.AspNetCore.Mvc.Infrastructure.ActionMethodExecutor.TaskOfIActionResultExecutor.Execute(ActionContext actionContext, IActionResultTypeMapper mapper, ObjectMethodExecutor executor, Object controller, Object[] arguments)
   at Microsoft.AspNetCore.Mvc.Infrastructure.ControllerActionInvoker.<InvokeActionMethodAsync>g__Awaited|12_0(ControllerActionInvoker invoker, ValueTask`1 actionResultValueTask)
   at Microsoft.AspNetCore.Mvc.Infrastructure.ControllerActionInvoker.<InvokeNextActionFilterAsync>g__Awaited|10_0(ControllerActionInvoker invoker, Task lastTask, State next, Scope scope, Object state, Boolean isCompleted)
   at Microsoft.AspNetCore.Mvc.Infrastructure.ControllerActionInvoker.Rethrow(ActionExecutedContextSealed context)
   at Microsoft.AspNetCore.Mvc.Infrastructure.ControllerActionInvoker.Next(State& next, Scope& scope, Object& state, Boolean& isCompleted)
   at Microsoft.AspNetCore.Mvc.Infrastructure.ControllerActionInvoker.<InvokeInnerFilterAsync>g__Awaited|13_0(ControllerActionInvoker invoker, Task lastTask, State next, Scope scope, Object state, Boolean isCompleted)
   at Microsoft.AspNetCore.Mvc.Infrastructure.ResourceInvoker.<InvokeFilterPipelineAsync>g__Awaited|20_0(ResourceInvoker invoker, Task lastTask, State next, Scope scope, Object state, Boolean isCompleted)
   at Microsoft.AspNetCore.Mvc.Infrastructure.ResourceInvoker.<InvokeAsync>g__Logged|17_1(ResourceInvoker invoker)
   at Microsoft.AspNetCore.Mvc.Infrastructure.ResourceInvoker.<InvokeAsync>g__Logged|17_1(ResourceInvoker invoker)
   at Microsoft.AspNetCore.Routing.EndpointMiddleware.<Invoke>g__AwaitRequestTask|7_0(Endpoint endpoint, Task requestTask, ILogger logger)
   at Microsoft.AspNetCore.Authorization.AuthorizationMiddleware.Invoke(HttpContext context)
   at Microsoft.AspNetCore.Authentication.AuthenticationMiddleware.Invoke(HttpContext context)
   at Swashbuckle.AspNetCore.SwaggerUI.SwaggerUIMiddleware.Invoke(HttpContext httpContext)
   at Swashbuckle.AspNetCore.Swagger.SwaggerMiddleware.Invoke(HttpContext httpContext, ISwaggerProvider swaggerProvider)
   at CMS.API.Middleware.TenantMiddleware.InvokeAsync(HttpContext context) in C:\Users\ASUS\source\repos\CMS\src\CMS.API\Middleware\Middlewares.cs:line 26
   at CMS.API.Middleware.ExceptionMiddleware.InvokeAsync(HttpContext context) in C:\Users\ASUS\source\repos\CMS\src\CMS.API\Middleware\Middlewares.cs:line 45
ClientConnectionId:f24cb3c9-964a-4964-b0aa-8415822ce8e7
Error Number:156,State:1,Class:15
2026-09-02 16:20:19.389 +03:00 [INF] Executing OkObjectResult, writing value of type 'CMS.Shared.DTOs.ApiResponse`1[[System.Collections.Generic.List`1[[CMS.Shared.DTOs.MedicalCertificateDto, CMS.Shared, Version=1.0.0.0, Culture=neutral, PublicKeyToken=null]], System.Private.CoreLib, Version=8.0.0.0, Culture=neutral, PublicKeyToken=7cec85d7bea7798e]]'.
2026-09-02 16:20:19.399 +03:00 [INF] Executing OkObjectResult, writing value of type 'CMS.Shared.DTOs.ApiResponse`1[[System.Collections.Generic.List`1[[CMS.Shared.DTOs.PatientDto, CMS.Shared, Version=1.0.0.0, Culture=neutral, PublicKeyToken=null]], System.Private.CoreLib, Version=8.0.0.0, Culture=neutral, PublicKeyToken=7cec85d7bea7798e]]'.
2026-09-02 16:20:19.403 +03:00 [INF] Executing OkObjectResult, writing value of type 'CMS.Shared.DTOs.ApiResponse`1[[CMS.Shared.DTOs.TriageDto, CMS.Shared, Version=1.0.0.0, Culture=neutral, PublicKeyToken=null]]'.
2026-09-02 16:20:19.404 +03:00 [INF] Request finished HTTP/1.1 GET http://localhost:5010/api/v1/encounters/patient/1 - 500 null application/json 102.712ms
2026-09-02 16:20:19.405 +03:00 [INF] Executed action CMS.API.Controllers.MedicalCertificatesController.GetPatientCertificates (CMS.API) in 32.4655ms
2026-09-02 16:20:19.408 +03:00 [INF] Executed action CMS.API.Controllers.PatientsController.Search (CMS.API) in 43.9949ms
2026-09-02 16:20:19.411 +03:00 [INF] Executed action CMS.API.Controllers.TriageController.GetLatestPatientVitals (CMS.API) in 35.6167ms
2026-09-02 16:20:19.421 +03:00 [INF] Executed endpoint 'CMS.API.Controllers.MedicalCertificatesController.GetPatientCertificates (CMS.API)'
2026-09-02 16:20:19.424 +03:00 [INF] Executed endpoint 'CMS.API.Controllers.PatientsController.Search (CMS.API)'
2026-09-02 16:20:19.427 +03:00 [INF] Executed endpoint 'CMS.API.Controllers.TriageController.GetLatestPatientVitals (CMS.API)'
2026-09-02 16:20:19.430 +03:00 [INF] Request finished HTTP/1.1 GET http://localhost:5010/api/v1/medicalcertificates/patient/1 - 200 null application/json; charset=utf-8 128.6696ms
2026-09-02 16:20:19.432 +03:00 [INF] Request finished HTTP/1.1 GET http://localhost:5010/api/v1/patients/search - 200 null application/json; charset=utf-8 131.0022ms
2026-09-02 16:20:19.435 +03:00 [INF] Request finished HTTP/1.1 GET http://localhost:5010/api/v1/triage/patient/1/latest - 200 null application/json; charset=utf-8 133.1991ms
2026-09-02 16:20:19.718 +03:00 [INF] Request starting HTTP/1.1 GET http://localhost:5010/api/v1/encounters/patient/1 - application/json null
2026-09-02 16:20:19.718 +03:00 [INF] Request starting HTTP/1.1 GET http://localhost:5010/api/v1/medicalcertificates/patient/1 - application/json null
2026-09-02 16:20:19.718 +03:00 [INF] Request starting HTTP/1.1 GET http://localhost:5010/api/v1/patients/search - application/json null
2026-09-02 16:20:19.724 +03:00 [INF] Failed to validate the token.
Microsoft.IdentityModel.Tokens.SecurityTokenMalformedException: IDX14120: JWT is not well formed, there is only one dot (.).
The token needs to be in JWS or JWE Compact Serialization Format. (JWS): 'EncodedHeader.EncodedPayload.EncodedSignature'. (JWE): 'EncodedProtectedHeader.EncodedEncryptedKey.EncodedInitializationVector.EncodedCiphertext.EncodedAuthenticationTag'.
   at Microsoft.IdentityModel.JsonWebTokens.JsonWebToken.ReadToken(ReadOnlyMemory`1 encodedTokenMemory)
   at Microsoft.IdentityModel.JsonWebTokens.JsonWebToken..ctor(String jwtEncodedString)
   at Microsoft.IdentityModel.JsonWebTokens.JsonWebTokenHandler.ReadToken(String token, TokenValidationParameters validationParameters)
2026-09-02 16:20:19.729 +03:00 [INF] Failed to validate the token.
Microsoft.IdentityModel.Tokens.SecurityTokenMalformedException: IDX14120: JWT is not well formed, there is only one dot (.).
The token needs to be in JWS or JWE Compact Serialization Format. (JWS): 'EncodedHeader.EncodedPayload.EncodedSignature'. (JWE): 'EncodedProtectedHeader.EncodedEncryptedKey.EncodedInitializationVector.EncodedCiphertext.EncodedAuthenticationTag'.
   at Microsoft.IdentityModel.JsonWebTokens.JsonWebToken.ReadToken(ReadOnlyMemory`1 encodedTokenMemory)
   at Microsoft.IdentityModel.JsonWebTokens.JsonWebToken..ctor(String jwtEncodedString)
   at Microsoft.IdentityModel.JsonWebTokens.JsonWebTokenHandler.ReadToken(String token, TokenValidationParameters validationParameters)
2026-09-02 16:20:19.733 +03:00 [INF] Failed to validate the token.
Microsoft.IdentityModel.Tokens.SecurityTokenMalformedException: IDX14120: JWT is not well formed, there is only one dot (.).
The token needs to be in JWS or JWE Compact Serialization Format. (JWS): 'EncodedHeader.EncodedPayload.EncodedSignature'. (JWE): 'EncodedProtectedHeader.EncodedEncryptedKey.EncodedInitializationVector.EncodedCiphertext.EncodedAuthenticationTag'.
   at Microsoft.IdentityModel.JsonWebTokens.JsonWebToken.ReadToken(ReadOnlyMemory`1 encodedTokenMemory)
   at Microsoft.IdentityModel.JsonWebTokens.JsonWebToken..ctor(String jwtEncodedString)
   at Microsoft.IdentityModel.JsonWebTokens.JsonWebTokenHandler.ReadToken(String token, TokenValidationParameters validationParameters)
2026-09-02 16:20:19.736 +03:00 [INF] Bearer was not authenticated. Failure message: IDX14120: JWT is not well formed, there is only one dot (.).
The token needs to be in JWS or JWE Compact Serialization Format. (JWS): 'EncodedHeader.EncodedPayload.EncodedSignature'. (JWE): 'EncodedProtectedHeader.EncodedEncryptedKey.EncodedInitializationVector.EncodedCiphertext.EncodedAuthenticationTag'.
2026-09-02 16:20:19.739 +03:00 [INF] Bearer was not authenticated. Failure message: IDX14120: JWT is not well formed, there is only one dot (.).
The token needs to be in JWS or JWE Compact Serialization Format. (JWS): 'EncodedHeader.EncodedPayload.EncodedSignature'. (JWE): 'EncodedProtectedHeader.EncodedEncryptedKey.EncodedInitializationVector.EncodedCiphertext.EncodedAuthenticationTag'.
2026-09-02 16:20:19.749 +03:00 [INF] Bearer was not authenticated. Failure message: IDX14120: JWT is not well formed, there is only one dot (.).
The token needs to be in JWS or JWE Compact Serialization Format. (JWS): 'EncodedHeader.EncodedPayload.EncodedSignature'. (JWE): 'EncodedProtectedHeader.EncodedEncryptedKey.EncodedInitializationVector.EncodedCiphertext.EncodedAuthenticationTag'.
2026-09-02 16:20:19.750 +03:00 [INF] Request starting HTTP/1.1 GET http://localhost:5010/api/v1/triage/patient/1/latest - application/json null
2026-09-02 16:20:19.758 +03:00 [INF] Executing endpoint 'CMS.API.Controllers.EncountersController.GetPatientEncounters (CMS.API)'
2026-09-02 16:20:19.767 +03:00 [INF] Executing endpoint 'CMS.API.Controllers.MedicalCertificatesController.GetPatientCertificates (CMS.API)'
2026-09-02 16:20:19.773 +03:00 [INF] Executing endpoint 'CMS.API.Controllers.PatientsController.Search (CMS.API)'
2026-09-02 16:20:19.783 +03:00 [INF] Failed to validate the token.
Microsoft.IdentityModel.Tokens.SecurityTokenMalformedException: IDX14120: JWT is not well formed, there is only one dot (.).
The token needs to be in JWS or JWE Compact Serialization Format. (JWS): 'EncodedHeader.EncodedPayload.EncodedSignature'. (JWE): 'EncodedProtectedHeader.EncodedEncryptedKey.EncodedInitializationVector.EncodedCiphertext.EncodedAuthenticationTag'.
   at Microsoft.IdentityModel.JsonWebTokens.JsonWebToken.ReadToken(ReadOnlyMemory`1 encodedTokenMemory)
   at Microsoft.IdentityModel.JsonWebTokens.JsonWebToken..ctor(String jwtEncodedString)
   at Microsoft.IdentityModel.JsonWebTokens.JsonWebTokenHandler.ReadToken(String token, TokenValidationParameters validationParameters)
2026-09-02 16:20:19.789 +03:00 [INF] Route matched with {action = "GetPatientEncounters", controller = "Encounters"}. Executing controller action with signature System.Threading.Tasks.Task`1[Microsoft.AspNetCore.Mvc.IActionResult] GetPatientEncounters(Int32) on controller CMS.API.Controllers.EncountersController (CMS.API).
2026-09-02 16:20:19.793 +03:00 [INF] Route matched with {action = "GetPatientCertificates", controller = "MedicalCertificates"}. Executing controller action with signature System.Threading.Tasks.Task`1[Microsoft.AspNetCore.Mvc.IActionResult] GetPatientCertificates(Int32) on controller CMS.API.Controllers.MedicalCertificatesController (CMS.API).
2026-09-02 16:20:19.800 +03:00 [INF] Route matched with {action = "Search", controller = "Patients"}. Executing controller action with signature System.Threading.Tasks.Task`1[Microsoft.AspNetCore.Mvc.IActionResult] Search(System.String, Int32) on controller CMS.API.Controllers.PatientsController (CMS.API).
2026-09-02 16:20:19.810 +03:00 [INF] Bearer was not authenticated. Failure message: IDX14120: JWT is not well formed, there is only one dot (.).
The token needs to be in JWS or JWE Compact Serialization Format. (JWS): 'EncodedHeader.EncodedPayload.EncodedSignature'. (JWE): 'EncodedProtectedHeader.EncodedEncryptedKey.EncodedInitializationVector.EncodedCiphertext.EncodedAuthenticationTag'.
2026-09-02 16:20:19.824 +03:00 [INF] Executed action CMS.API.Controllers.EncountersController.GetPatientEncounters (CMS.API) in 7.4155ms
2026-09-02 16:20:19.838 +03:00 [INF] Executing OkObjectResult, writing value of type 'CMS.Shared.DTOs.ApiResponse`1[[System.Collections.Generic.List`1[[CMS.Shared.DTOs.MedicalCertificateDto, CMS.Shared, Version=1.0.0.0, Culture=neutral, PublicKeyToken=null]], System.Private.CoreLib, Version=8.0.0.0, Culture=neutral, PublicKeyToken=7cec85d7bea7798e]]'.
2026-09-02 16:20:19.844 +03:00 [INF] Executing OkObjectResult, writing value of type 'CMS.Shared.DTOs.ApiResponse`1[[System.Collections.Generic.List`1[[CMS.Shared.DTOs.PatientDto, CMS.Shared, Version=1.0.0.0, Culture=neutral, PublicKeyToken=null]], System.Private.CoreLib, Version=8.0.0.0, Culture=neutral, PublicKeyToken=7cec85d7bea7798e]]'.
2026-09-02 16:20:19.848 +03:00 [INF] Executing endpoint 'CMS.API.Controllers.TriageController.GetLatestPatientVitals (CMS.API)'
2026-09-02 16:20:19.858 +03:00 [INF] Executed endpoint 'CMS.API.Controllers.EncountersController.GetPatientEncounters (CMS.API)'
2026-09-02 16:20:19.867 +03:00 [INF] Executed action CMS.API.Controllers.MedicalCertificatesController.GetPatientCertificates (CMS.API) in 38.4862ms
2026-09-02 16:20:19.878 +03:00 [INF] Executed action CMS.API.Controllers.PatientsController.Search (CMS.API) in 34.8177ms
2026-09-02 16:20:19.886 +03:00 [INF] Route matched with {action = "GetLatestPatientVitals", controller = "Triage"}. Executing controller action with signature System.Threading.Tasks.Task`1[Microsoft.AspNetCore.Mvc.IActionResult] GetLatestPatientVitals(Int32) on controller CMS.API.Controllers.TriageController (CMS.API).
2026-09-02 16:20:19.892 +03:00 [ERR] Unhandled exception encountered: Incorrect syntax near the keyword 'Plan'.
Microsoft.Data.SqlClient.SqlException (0x80131904): Incorrect syntax near the keyword 'Plan'.
   at Microsoft.Data.SqlClient.SqlCommand.<>c.<ExecuteDbDataReaderAsync>b__211_0(Task`1 result)
   at System.Threading.Tasks.ContinuationResultTaskFromResultTask`2.InnerInvoke()
   at System.Threading.ExecutionContext.RunInternal(ExecutionContext executionContext, ContextCallback callback, Object state)
--- End of stack trace from previous location ---
   at System.Threading.ExecutionContext.RunInternal(ExecutionContext executionContext, ContextCallback callback, Object state)
   at System.Threading.Tasks.Task.ExecuteWithThreadLocal(Task& currentTaskSlot, Thread threadPoolThread)
--- End of stack trace from previous location ---
   at Dapper.SqlMapper.QueryAsync[T](IDbConnection cnn, Type effectiveType, CommandDefinition command) in /_/Dapper/SqlMapper.Async.cs:line 434
   at CMS.Application.Encounters.EncounterService.GetPatientEncountersAsync(Byte tenantId, Int32 patientId) in C:\Users\ASUS\source\repos\CMS\src\CMS.Application\Encounters\EncounterService.cs:line 56
   at CMS.API.Controllers.EncountersController.GetPatientEncounters(Int32 patientId) in C:\Users\ASUS\source\repos\CMS\src\CMS.API\Controllers\ClinicalControllers.cs:line 97
   at Microsoft.AspNetCore.Mvc.Infrastructure.ActionMethodExecutor.TaskOfIActionResultExecutor.Execute(ActionContext actionContext, IActionResultTypeMapper mapper, ObjectMethodExecutor executor, Object controller, Object[] arguments)
   at Microsoft.AspNetCore.Mvc.Infrastructure.ControllerActionInvoker.<InvokeActionMethodAsync>g__Awaited|12_0(ControllerActionInvoker invoker, ValueTask`1 actionResultValueTask)
   at Microsoft.AspNetCore.Mvc.Infrastructure.ControllerActionInvoker.<InvokeNextActionFilterAsync>g__Awaited|10_0(ControllerActionInvoker invoker, Task lastTask, State next, Scope scope, Object state, Boolean isCompleted)
   at Microsoft.AspNetCore.Mvc.Infrastructure.ControllerActionInvoker.Rethrow(ActionExecutedContextSealed context)
   at Microsoft.AspNetCore.Mvc.Infrastructure.ControllerActionInvoker.Next(State& next, Scope& scope, Object& state, Boolean& isCompleted)
   at Microsoft.AspNetCore.Mvc.Infrastructure.ControllerActionInvoker.<InvokeInnerFilterAsync>g__Awaited|13_0(ControllerActionInvoker invoker, Task lastTask, State next, Scope scope, Object state, Boolean isCompleted)
   at Microsoft.AspNetCore.Mvc.Infrastructure.ResourceInvoker.<InvokeFilterPipelineAsync>g__Awaited|20_0(ResourceInvoker invoker, Task lastTask, State next, Scope scope, Object state, Boolean isCompleted)
   at Microsoft.AspNetCore.Mvc.Infrastructure.ResourceInvoker.<InvokeAsync>g__Logged|17_1(ResourceInvoker invoker)
   at Microsoft.AspNetCore.Mvc.Infrastructure.ResourceInvoker.<InvokeAsync>g__Logged|17_1(ResourceInvoker invoker)
   at Microsoft.AspNetCore.Routing.EndpointMiddleware.<Invoke>g__AwaitRequestTask|7_0(Endpoint endpoint, Task requestTask, ILogger logger)
   at Microsoft.AspNetCore.Authorization.AuthorizationMiddleware.Invoke(HttpContext context)
   at Microsoft.AspNetCore.Authentication.AuthenticationMiddleware.Invoke(HttpContext context)
   at Swashbuckle.AspNetCore.SwaggerUI.SwaggerUIMiddleware.Invoke(HttpContext httpContext)
   at Swashbuckle.AspNetCore.Swagger.SwaggerMiddleware.Invoke(HttpContext httpContext, ISwaggerProvider swaggerProvider)
   at CMS.API.Middleware.TenantMiddleware.InvokeAsync(HttpContext context) in C:\Users\ASUS\source\repos\CMS\src\CMS.API\Middleware\Middlewares.cs:line 26
   at CMS.API.Middleware.ExceptionMiddleware.InvokeAsync(HttpContext context) in C:\Users\ASUS\source\repos\CMS\src\CMS.API\Middleware\Middlewares.cs:line 45
ClientConnectionId:ce1ca528-7564-4868-ac00-afac5eff7422
Error Number:156,State:1,Class:15
2026-09-02 16:20:19.898 +03:00 [INF] Executed endpoint 'CMS.API.Controllers.MedicalCertificatesController.GetPatientCertificates (CMS.API)'
2026-09-02 16:20:19.909 +03:00 [INF] Executed endpoint 'CMS.API.Controllers.PatientsController.Search (CMS.API)'
2026-09-02 16:20:19.919 +03:00 [INF] Executing OkObjectResult, writing value of type 'CMS.Shared.DTOs.ApiResponse`1[[CMS.Shared.DTOs.TriageDto, CMS.Shared, Version=1.0.0.0, Culture=neutral, PublicKeyToken=null]]'.
2026-09-02 16:20:19.937 +03:00 [INF] Request finished HTTP/1.1 GET http://localhost:5010/api/v1/encounters/patient/1 - 500 null application/json 219.2014ms
2026-09-02 16:20:19.938 +03:00 [INF] Request finished HTTP/1.1 GET http://localhost:5010/api/v1/medicalcertificates/patient/1 - 200 null application/json; charset=utf-8 219.7277ms
2026-09-02 16:20:19.941 +03:00 [INF] Request finished HTTP/1.1 GET http://localhost:5010/api/v1/patients/search - 200 null application/json; charset=utf-8 222.6427ms
2026-09-02 16:20:19.946 +03:00 [INF] Executed action CMS.API.Controllers.TriageController.GetLatestPatientVitals (CMS.API) in 28.439ms
2026-09-02 16:20:19.973 +03:00 [INF] Executed endpoint 'CMS.API.Controllers.TriageController.GetLatestPatientVitals (CMS.API)'
2026-09-02 16:20:19.976 +03:00 [INF] Request finished HTTP/1.1 GET http://localhost:5010/api/v1/triage/patient/1/latest - 200 null application/json; charset=utf-8 226.077ms
2026-09-02 16:20:20.192 +03:00 [INF] Request starting HTTP/1.1 GET http://localhost:5010/api/v1/medicalcertificates/patient/1 - application/json null
2026-09-02 16:20:20.200 +03:00 [INF] Failed to validate the token.
Microsoft.IdentityModel.Tokens.SecurityTokenMalformedException: IDX14120: JWT is not well formed, there is only one dot (.).
The token needs to be in JWS or JWE Compact Serialization Format. (JWS): 'EncodedHeader.EncodedPayload.EncodedSignature'. (JWE): 'EncodedProtectedHeader.EncodedEncryptedKey.EncodedInitializationVector.EncodedCiphertext.EncodedAuthenticationTag'.
   at Microsoft.IdentityModel.JsonWebTokens.JsonWebToken.ReadToken(ReadOnlyMemory`1 encodedTokenMemory)
   at Microsoft.IdentityModel.JsonWebTokens.JsonWebToken..ctor(String jwtEncodedString)
   at Microsoft.IdentityModel.JsonWebTokens.JsonWebTokenHandler.ReadToken(String token, TokenValidationParameters validationParameters)
2026-09-02 16:20:20.204 +03:00 [INF] Bearer was not authenticated. Failure message: IDX14120: JWT is not well formed, there is only one dot (.).
The token needs to be in JWS or JWE Compact Serialization Format. (JWS): 'EncodedHeader.EncodedPayload.EncodedSignature'. (JWE): 'EncodedProtectedHeader.EncodedEncryptedKey.EncodedInitializationVector.EncodedCiphertext.EncodedAuthenticationTag'.
2026-09-02 16:20:20.207 +03:00 [INF] Executing endpoint 'CMS.API.Controllers.MedicalCertificatesController.GetPatientCertificates (CMS.API)'
2026-09-02 16:20:20.210 +03:00 [INF] Route matched with {action = "GetPatientCertificates", controller = "MedicalCertificates"}. Executing controller action with signature System.Threading.Tasks.Task`1[Microsoft.AspNetCore.Mvc.IActionResult] GetPatientCertificates(Int32) on controller CMS.API.Controllers.MedicalCertificatesController (CMS.API).
2026-09-02 16:20:20.217 +03:00 [INF] Executing OkObjectResult, writing value of type 'CMS.Shared.DTOs.ApiResponse`1[[System.Collections.Generic.List`1[[CMS.Shared.DTOs.MedicalCertificateDto, CMS.Shared, Version=1.0.0.0, Culture=neutral, PublicKeyToken=null]], System.Private.CoreLib, Version=8.0.0.0, Culture=neutral, PublicKeyToken=7cec85d7bea7798e]]'.
2026-09-02 16:20:20.221 +03:00 [INF] Executed action CMS.API.Controllers.MedicalCertificatesController.GetPatientCertificates (CMS.API) in 6.3089ms
2026-09-02 16:20:20.225 +03:00 [INF] Executed endpoint 'CMS.API.Controllers.MedicalCertificatesController.GetPatientCertificates (CMS.API)'
2026-09-02 16:20:20.227 +03:00 [INF] Request finished HTTP/1.1 GET http://localhost:5010/api/v1/medicalcertificates/patient/1 - 200 null application/json; charset=utf-8 35.1075ms
2026-09-02 16:20:20.257 +03:00 [INF] Request starting HTTP/1.1 GET http://localhost:5010/api/v1/encounters/patient/1 - application/json null
2026-09-02 16:20:20.257 +03:00 [INF] Request starting HTTP/1.1 GET http://localhost:5010/api/v1/triage/patient/1/latest - application/json null
2026-09-02 16:20:20.263 +03:00 [INF] Failed to validate the token.
Microsoft.IdentityModel.Tokens.SecurityTokenMalformedException: IDX14120: JWT is not well formed, there is only one dot (.).
The token needs to be in JWS or JWE Compact Serialization Format. (JWS): 'EncodedHeader.EncodedPayload.EncodedSignature'. (JWE): 'EncodedProtectedHeader.EncodedEncryptedKey.EncodedInitializationVector.EncodedCiphertext.EncodedAuthenticationTag'.
   at Microsoft.IdentityModel.JsonWebTokens.JsonWebToken.ReadToken(ReadOnlyMemory`1 encodedTokenMemory)
   at Microsoft.IdentityModel.JsonWebTokens.JsonWebToken..ctor(String jwtEncodedString)
   at Microsoft.IdentityModel.JsonWebTokens.JsonWebTokenHandler.ReadToken(String token, TokenValidationParameters validationParameters)
2026-09-02 16:20:20.268 +03:00 [INF] Failed to validate the token.
Microsoft.IdentityModel.Tokens.SecurityTokenMalformedException: IDX14120: JWT is not well formed, there is only one dot (.).
The token needs to be in JWS or JWE Compact Serialization Format. (JWS): 'EncodedHeader.EncodedPayload.EncodedSignature'. (JWE): 'EncodedProtectedHeader.EncodedEncryptedKey.EncodedInitializationVector.EncodedCiphertext.EncodedAuthenticationTag'.
   at Microsoft.IdentityModel.JsonWebTokens.JsonWebToken.ReadToken(ReadOnlyMemory`1 encodedTokenMemory)
   at Microsoft.IdentityModel.JsonWebTokens.JsonWebToken..ctor(String jwtEncodedString)
   at Microsoft.IdentityModel.JsonWebTokens.JsonWebTokenHandler.ReadToken(String token, TokenValidationParameters validationParameters)
2026-09-02 16:20:20.272 +03:00 [INF] Bearer was not authenticated. Failure message: IDX14120: JWT is not well formed, there is only one dot (.).
The token needs to be in JWS or JWE Compact Serialization Format. (JWS): 'EncodedHeader.EncodedPayload.EncodedSignature'. (JWE): 'EncodedProtectedHeader.EncodedEncryptedKey.EncodedInitializationVector.EncodedCiphertext.EncodedAuthenticationTag'.
2026-09-02 16:20:20.275 +03:00 [INF] Bearer was not authenticated. Failure message: IDX14120: JWT is not well formed, there is only one dot (.).
The token needs to be in JWS or JWE Compact Serialization Format. (JWS): 'EncodedHeader.EncodedPayload.EncodedSignature'. (JWE): 'EncodedProtectedHeader.EncodedEncryptedKey.EncodedInitializationVector.EncodedCiphertext.EncodedAuthenticationTag'.
2026-09-02 16:20:20.277 +03:00 [INF] Executing endpoint 'CMS.API.Controllers.EncountersController.GetPatientEncounters (CMS.API)'
2026-09-02 16:20:20.279 +03:00 [INF] Executing endpoint 'CMS.API.Controllers.TriageController.GetLatestPatientVitals (CMS.API)'
2026-09-02 16:20:20.281 +03:00 [INF] Route matched with {action = "GetPatientEncounters", controller = "Encounters"}. Executing controller action with signature System.Threading.Tasks.Task`1[Microsoft.AspNetCore.Mvc.IActionResult] GetPatientEncounters(Int32) on controller CMS.API.Controllers.EncountersController (CMS.API).
2026-09-02 16:20:20.284 +03:00 [INF] Route matched with {action = "GetLatestPatientVitals", controller = "Triage"}. Executing controller action with signature System.Threading.Tasks.Task`1[Microsoft.AspNetCore.Mvc.IActionResult] GetLatestPatientVitals(Int32) on controller CMS.API.Controllers.TriageController (CMS.API).
2026-09-02 16:20:20.290 +03:00 [INF] Executed action CMS.API.Controllers.EncountersController.GetPatientEncounters (CMS.API) in 3.0211ms
2026-09-02 16:20:20.294 +03:00 [INF] Executing OkObjectResult, writing value of type 'CMS.Shared.DTOs.ApiResponse`1[[CMS.Shared.DTOs.TriageDto, CMS.Shared, Version=1.0.0.0, Culture=neutral, PublicKeyToken=null]]'.
2026-09-02 16:20:20.295 +03:00 [INF] Executed endpoint 'CMS.API.Controllers.EncountersController.GetPatientEncounters (CMS.API)'
2026-09-02 16:20:20.298 +03:00 [INF] Executed action CMS.API.Controllers.TriageController.GetLatestPatientVitals (CMS.API) in 5.7931ms
2026-09-02 16:20:20.301 +03:00 [ERR] Unhandled exception encountered: Incorrect syntax near the keyword 'Plan'.
Microsoft.Data.SqlClient.SqlException (0x80131904): Incorrect syntax near the keyword 'Plan'.
   at Microsoft.Data.SqlClient.SqlCommand.<>c.<ExecuteDbDataReaderAsync>b__211_0(Task`1 result)
   at System.Threading.Tasks.ContinuationResultTaskFromResultTask`2.InnerInvoke()
   at System.Threading.ExecutionContext.RunInternal(ExecutionContext executionContext, ContextCallback callback, Object state)
--- End of stack trace from previous location ---
   at System.Threading.ExecutionContext.RunInternal(ExecutionContext executionContext, ContextCallback callback, Object state)
   at System.Threading.Tasks.Task.ExecuteWithThreadLocal(Task& currentTaskSlot, Thread threadPoolThread)
--- End of stack trace from previous location ---
   at Dapper.SqlMapper.QueryAsync[T](IDbConnection cnn, Type effectiveType, CommandDefinition command) in /_/Dapper/SqlMapper.Async.cs:line 434
   at CMS.Application.Encounters.EncounterService.GetPatientEncountersAsync(Byte tenantId, Int32 patientId) in C:\Users\ASUS\source\repos\CMS\src\CMS.Application\Encounters\EncounterService.cs:line 56
   at CMS.API.Controllers.EncountersController.GetPatientEncounters(Int32 patientId) in C:\Users\ASUS\source\repos\CMS\src\CMS.API\Controllers\ClinicalControllers.cs:line 97
   at Microsoft.AspNetCore.Mvc.Infrastructure.ActionMethodExecutor.TaskOfIActionResultExecutor.Execute(ActionContext actionContext, IActionResultTypeMapper mapper, ObjectMethodExecutor executor, Object controller, Object[] arguments)
   at Microsoft.AspNetCore.Mvc.Infrastructure.ControllerActionInvoker.<InvokeActionMethodAsync>g__Awaited|12_0(ControllerActionInvoker invoker, ValueTask`1 actionResultValueTask)
   at Microsoft.AspNetCore.Mvc.Infrastructure.ControllerActionInvoker.<InvokeNextActionFilterAsync>g__Awaited|10_0(ControllerActionInvoker invoker, Task lastTask, State next, Scope scope, Object state, Boolean isCompleted)
   at Microsoft.AspNetCore.Mvc.Infrastructure.ControllerActionInvoker.Rethrow(ActionExecutedContextSealed context)
   at Microsoft.AspNetCore.Mvc.Infrastructure.ControllerActionInvoker.Next(State& next, Scope& scope, Object& state, Boolean& isCompleted)
   at Microsoft.AspNetCore.Mvc.Infrastructure.ControllerActionInvoker.<InvokeInnerFilterAsync>g__Awaited|13_0(ControllerActionInvoker invoker, Task lastTask, State next, Scope scope, Object state, Boolean isCompleted)
   at Microsoft.AspNetCore.Mvc.Infrastructure.ResourceInvoker.<InvokeFilterPipelineAsync>g__Awaited|20_0(ResourceInvoker invoker, Task lastTask, State next, Scope scope, Object state, Boolean isCompleted)
   at Microsoft.AspNetCore.Mvc.Infrastructure.ResourceInvoker.<InvokeAsync>g__Logged|17_1(ResourceInvoker invoker)
   at Microsoft.AspNetCore.Mvc.Infrastructure.ResourceInvoker.<InvokeAsync>g__Logged|17_1(ResourceInvoker invoker)
   at Microsoft.AspNetCore.Routing.EndpointMiddleware.<Invoke>g__AwaitRequestTask|7_0(Endpoint endpoint, Task requestTask, ILogger logger)
   at Microsoft.AspNetCore.Authorization.AuthorizationMiddleware.Invoke(HttpContext context)
   at Microsoft.AspNetCore.Authentication.AuthenticationMiddleware.Invoke(HttpContext context)
   at Swashbuckle.AspNetCore.SwaggerUI.SwaggerUIMiddleware.Invoke(HttpContext httpContext)
   at Swashbuckle.AspNetCore.Swagger.SwaggerMiddleware.Invoke(HttpContext httpContext, ISwaggerProvider swaggerProvider)
   at CMS.API.Middleware.TenantMiddleware.InvokeAsync(HttpContext context) in C:\Users\ASUS\source\repos\CMS\src\CMS.API\Middleware\Middlewares.cs:line 26
   at CMS.API.Middleware.ExceptionMiddleware.InvokeAsync(HttpContext context) in C:\Users\ASUS\source\repos\CMS\src\CMS.API\Middleware\Middlewares.cs:line 45
ClientConnectionId:ce1ca528-7564-4868-ac00-afac5eff7422
Error Number:156,State:1,Class:15
2026-09-02 16:20:20.303 +03:00 [INF] Executed endpoint 'CMS.API.Controllers.TriageController.GetLatestPatientVitals (CMS.API)'
2026-09-02 16:20:20.323 +03:00 [INF] Request finished HTTP/1.1 GET http://localhost:5010/api/v1/encounters/patient/1 - 500 null application/json 65.7466ms
2026-09-02 16:20:20.323 +03:00 [INF] Request finished HTTP/1.1 GET http://localhost:5010/api/v1/triage/patient/1/latest - 200 null application/json; charset=utf-8 65.626ms
2026-09-02 16:20:20.534 +03:00 [INF] Request starting HTTP/1.1 GET http://localhost:5010/api/v1/medicalcertificates/patient/1 - application/json null
2026-09-02 16:20:20.540 +03:00 [INF] Failed to validate the token.
Microsoft.IdentityModel.Tokens.SecurityTokenMalformedException: IDX14120: JWT is not well formed, there is only one dot (.).
The token needs to be in JWS or JWE Compact Serialization Format. (JWS): 'EncodedHeader.EncodedPayload.EncodedSignature'. (JWE): 'EncodedProtectedHeader.EncodedEncryptedKey.EncodedInitializationVector.EncodedCiphertext.EncodedAuthenticationTag'.
   at Microsoft.IdentityModel.JsonWebTokens.JsonWebToken.ReadToken(ReadOnlyMemory`1 encodedTokenMemory)
   at Microsoft.IdentityModel.JsonWebTokens.JsonWebToken..ctor(String jwtEncodedString)
   at Microsoft.IdentityModel.JsonWebTokens.JsonWebTokenHandler.ReadToken(String token, TokenValidationParameters validationParameters)
2026-09-02 16:20:20.544 +03:00 [INF] Bearer was not authenticated. Failure message: IDX14120: JWT is not well formed, there is only one dot (.).
The token needs to be in JWS or JWE Compact Serialization Format. (JWS): 'EncodedHeader.EncodedPayload.EncodedSignature'. (JWE): 'EncodedProtectedHeader.EncodedEncryptedKey.EncodedInitializationVector.EncodedCiphertext.EncodedAuthenticationTag'.
2026-09-02 16:20:20.546 +03:00 [INF] Executing endpoint 'CMS.API.Controllers.MedicalCertificatesController.GetPatientCertificates (CMS.API)'
2026-09-02 16:20:20.549 +03:00 [INF] Route matched with {action = "GetPatientCertificates", controller = "MedicalCertificates"}. Executing controller action with signature System.Threading.Tasks.Task`1[Microsoft.AspNetCore.Mvc.IActionResult] GetPatientCertificates(Int32) on controller CMS.API.Controllers.MedicalCertificatesController (CMS.API).
2026-09-02 16:20:20.555 +03:00 [INF] Executing OkObjectResult, writing value of type 'CMS.Shared.DTOs.ApiResponse`1[[System.Collections.Generic.List`1[[CMS.Shared.DTOs.MedicalCertificateDto, CMS.Shared, Version=1.0.0.0, Culture=neutral, PublicKeyToken=null]], System.Private.CoreLib, Version=8.0.0.0, Culture=neutral, PublicKeyToken=7cec85d7bea7798e]]'.
2026-09-02 16:20:20.558 +03:00 [INF] Executed action CMS.API.Controllers.MedicalCertificatesController.GetPatientCertificates (CMS.API) in 5.1531ms
2026-09-02 16:20:20.562 +03:00 [INF] Executed endpoint 'CMS.API.Controllers.MedicalCertificatesController.GetPatientCertificates (CMS.API)'
2026-09-02 16:20:20.564 +03:00 [INF] Request finished HTTP/1.1 GET http://localhost:5010/api/v1/medicalcertificates/patient/1 - 200 null application/json; charset=utf-8 30.1932ms
2026-09-02 16:20:20.610 +03:00 [INF] Request starting HTTP/1.1 GET http://localhost:5010/api/v1/triage/patient/1/latest - application/json null
2026-09-02 16:20:20.616 +03:00 [INF] Failed to validate the token.
Microsoft.IdentityModel.Tokens.SecurityTokenMalformedException: IDX14120: JWT is not well formed, there is only one dot (.).
The token needs to be in JWS or JWE Compact Serialization Format. (JWS): 'EncodedHeader.EncodedPayload.EncodedSignature'. (JWE): 'EncodedProtectedHeader.EncodedEncryptedKey.EncodedInitializationVector.EncodedCiphertext.EncodedAuthenticationTag'.
   at Microsoft.IdentityModel.JsonWebTokens.JsonWebToken.ReadToken(ReadOnlyMemory`1 encodedTokenMemory)
   at Microsoft.IdentityModel.JsonWebTokens.JsonWebToken..ctor(String jwtEncodedString)
   at Microsoft.IdentityModel.JsonWebTokens.JsonWebTokenHandler.ReadToken(String token, TokenValidationParameters validationParameters)
2026-09-02 16:20:20.619 +03:00 [INF] Bearer was not authenticated. Failure message: IDX14120: JWT is not well formed, there is only one dot (.).
The token needs to be in JWS or JWE Compact Serialization Format. (JWS): 'EncodedHeader.EncodedPayload.EncodedSignature'. (JWE): 'EncodedProtectedHeader.EncodedEncryptedKey.EncodedInitializationVector.EncodedCiphertext.EncodedAuthenticationTag'.
2026-09-02 16:20:20.622 +03:00 [INF] Executing endpoint 'CMS.API.Controllers.TriageController.GetLatestPatientVitals (CMS.API)'
2026-09-02 16:20:20.624 +03:00 [INF] Route matched with {action = "GetLatestPatientVitals", controller = "Triage"}. Executing controller action with signature System.Threading.Tasks.Task`1[Microsoft.AspNetCore.Mvc.IActionResult] GetLatestPatientVitals(Int32) on controller CMS.API.Controllers.TriageController (CMS.API).
2026-09-02 16:20:20.630 +03:00 [INF] Executing OkObjectResult, writing value of type 'CMS.Shared.DTOs.ApiResponse`1[[CMS.Shared.DTOs.TriageDto, CMS.Shared, Version=1.0.0.0, Culture=neutral, PublicKeyToken=null]]'.
2026-09-02 16:20:20.632 +03:00 [INF] Executed action CMS.API.Controllers.TriageController.GetLatestPatientVitals (CMS.API) in 4.1465ms
2026-09-02 16:20:20.635 +03:00 [INF] Executed endpoint 'CMS.API.Controllers.TriageController.GetLatestPatientVitals (CMS.API)'
2026-09-02 16:20:20.637 +03:00 [INF] Request starting HTTP/1.1 GET http://localhost:5010/api/v1/encounters/patient/1 - application/json null
2026-09-02 16:20:20.638 +03:00 [INF] Request finished HTTP/1.1 GET http://localhost:5010/api/v1/triage/patient/1/latest - 200 null application/json; charset=utf-8 28.3694ms
2026-09-02 16:20:20.644 +03:00 [INF] Failed to validate the token.
Microsoft.IdentityModel.Tokens.SecurityTokenMalformedException: IDX14120: JWT is not well formed, there is only one dot (.).
The token needs to be in JWS or JWE Compact Serialization Format. (JWS): 'EncodedHeader.EncodedPayload.EncodedSignature'. (JWE): 'EncodedProtectedHeader.EncodedEncryptedKey.EncodedInitializationVector.EncodedCiphertext.EncodedAuthenticationTag'.
   at Microsoft.IdentityModel.JsonWebTokens.JsonWebToken.ReadToken(ReadOnlyMemory`1 encodedTokenMemory)
   at Microsoft.IdentityModel.JsonWebTokens.JsonWebToken..ctor(String jwtEncodedString)
   at Microsoft.IdentityModel.JsonWebTokens.JsonWebTokenHandler.ReadToken(String token, TokenValidationParameters validationParameters)
2026-09-02 16:20:20.654 +03:00 [INF] Bearer was not authenticated. Failure message: IDX14120: JWT is not well formed, there is only one dot (.).
The token needs to be in JWS or JWE Compact Serialization Format. (JWS): 'EncodedHeader.EncodedPayload.EncodedSignature'. (JWE): 'EncodedProtectedHeader.EncodedEncryptedKey.EncodedInitializationVector.EncodedCiphertext.EncodedAuthenticationTag'.
2026-09-02 16:20:20.656 +03:00 [INF] Executing endpoint 'CMS.API.Controllers.EncountersController.GetPatientEncounters (CMS.API)'
2026-09-02 16:20:20.659 +03:00 [INF] Route matched with {action = "GetPatientEncounters", controller = "Encounters"}. Executing controller action with signature System.Threading.Tasks.Task`1[Microsoft.AspNetCore.Mvc.IActionResult] GetPatientEncounters(Int32) on controller CMS.API.Controllers.EncountersController (CMS.API).
2026-09-02 16:20:20.665 +03:00 [INF] Executed action CMS.API.Controllers.EncountersController.GetPatientEncounters (CMS.API) in 2.1754ms
2026-09-02 16:20:20.667 +03:00 [INF] Executed endpoint 'CMS.API.Controllers.EncountersController.GetPatientEncounters (CMS.API)'
2026-09-02 16:20:20.670 +03:00 [ERR] Unhandled exception encountered: Incorrect syntax near the keyword 'Plan'.
Microsoft.Data.SqlClient.SqlException (0x80131904): Incorrect syntax near the keyword 'Plan'.
   at Microsoft.Data.SqlClient.SqlCommand.<>c.<ExecuteDbDataReaderAsync>b__211_0(Task`1 result)
   at System.Threading.Tasks.ContinuationResultTaskFromResultTask`2.InnerInvoke()
   at System.Threading.ExecutionContext.RunInternal(ExecutionContext executionContext, ContextCallback callback, Object state)
--- End of stack trace from previous location ---
   at System.Threading.ExecutionContext.RunInternal(ExecutionContext executionContext, ContextCallback callback, Object state)
   at System.Threading.Tasks.Task.ExecuteWithThreadLocal(Task& currentTaskSlot, Thread threadPoolThread)
--- End of stack trace from previous location ---
   at Dapper.SqlMapper.QueryAsync[T](IDbConnection cnn, Type effectiveType, CommandDefinition command) in /_/Dapper/SqlMapper.Async.cs:line 434
   at CMS.Application.Encounters.EncounterService.GetPatientEncountersAsync(Byte tenantId, Int32 patientId) in C:\Users\ASUS\source\repos\CMS\src\CMS.Application\Encounters\EncounterService.cs:line 56
   at CMS.API.Controllers.EncountersController.GetPatientEncounters(Int32 patientId) in C:\Users\ASUS\source\repos\CMS\src\CMS.API\Controllers\ClinicalControllers.cs:line 97
   at Microsoft.AspNetCore.Mvc.Infrastructure.ActionMethodExecutor.TaskOfIActionResultExecutor.Execute(ActionContext actionContext, IActionResultTypeMapper mapper, ObjectMethodExecutor executor, Object controller, Object[] arguments)
   at Microsoft.AspNetCore.Mvc.Infrastructure.ControllerActionInvoker.<InvokeActionMethodAsync>g__Awaited|12_0(ControllerActionInvoker invoker, ValueTask`1 actionResultValueTask)
   at Microsoft.AspNetCore.Mvc.Infrastructure.ControllerActionInvoker.<InvokeNextActionFilterAsync>g__Awaited|10_0(ControllerActionInvoker invoker, Task lastTask, State next, Scope scope, Object state, Boolean isCompleted)
   at Microsoft.AspNetCore.Mvc.Infrastructure.ControllerActionInvoker.Rethrow(ActionExecutedContextSealed context)
   at Microsoft.AspNetCore.Mvc.Infrastructure.ControllerActionInvoker.Next(State& next, Scope& scope, Object& state, Boolean& isCompleted)
   at Microsoft.AspNetCore.Mvc.Infrastructure.ControllerActionInvoker.<InvokeInnerFilterAsync>g__Awaited|13_0(ControllerActionInvoker invoker, Task lastTask, State next, Scope scope, Object state, Boolean isCompleted)
   at Microsoft.AspNetCore.Mvc.Infrastructure.ResourceInvoker.<InvokeFilterPipelineAsync>g__Awaited|20_0(ResourceInvoker invoker, Task lastTask, State next, Scope scope, Object state, Boolean isCompleted)
   at Microsoft.AspNetCore.Mvc.Infrastructure.ResourceInvoker.<InvokeAsync>g__Logged|17_1(ResourceInvoker invoker)
   at Microsoft.AspNetCore.Mvc.Infrastructure.ResourceInvoker.<InvokeAsync>g__Logged|17_1(ResourceInvoker invoker)
   at Microsoft.AspNetCore.Routing.EndpointMiddleware.<Invoke>g__AwaitRequestTask|7_0(Endpoint endpoint, Task requestTask, ILogger logger)
   at Microsoft.AspNetCore.Authorization.AuthorizationMiddleware.Invoke(HttpContext context)
   at Microsoft.AspNetCore.Authentication.AuthenticationMiddleware.Invoke(HttpContext context)
   at Swashbuckle.AspNetCore.SwaggerUI.SwaggerUIMiddleware.Invoke(HttpContext httpContext)
   at Swashbuckle.AspNetCore.Swagger.SwaggerMiddleware.Invoke(HttpContext httpContext, ISwaggerProvider swaggerProvider)
   at CMS.API.Middleware.TenantMiddleware.InvokeAsync(HttpContext context) in C:\Users\ASUS\source\repos\CMS\src\CMS.API\Middleware\Middlewares.cs:line 26
   at CMS.API.Middleware.ExceptionMiddleware.InvokeAsync(HttpContext context) in C:\Users\ASUS\source\repos\CMS\src\CMS.API\Middleware\Middlewares.cs:line 45
ClientConnectionId:ce1ca528-7564-4868-ac00-afac5eff7422
Error Number:156,State:1,Class:15
2026-09-02 16:20:20.685 +03:00 [INF] Request finished HTTP/1.1 GET http://localhost:5010/api/v1/encounters/patient/1 - 500 null application/json 47.8683ms
2026-09-02 16:20:38.837 +03:00 [INF] Request starting HTTP/1.1 GET http://localhost:5010/api/v1/billing/invoices - application/json null
2026-09-02 16:20:38.843 +03:00 [INF] Failed to validate the token.
Microsoft.IdentityModel.Tokens.SecurityTokenMalformedException: IDX14120: JWT is not well formed, there is only one dot (.).
The token needs to be in JWS or JWE Compact Serialization Format. (JWS): 'EncodedHeader.EncodedPayload.EncodedSignature'. (JWE): 'EncodedProtectedHeader.EncodedEncryptedKey.EncodedInitializationVector.EncodedCiphertext.EncodedAuthenticationTag'.
   at Microsoft.IdentityModel.JsonWebTokens.JsonWebToken.ReadToken(ReadOnlyMemory`1 encodedTokenMemory)
   at Microsoft.IdentityModel.JsonWebTokens.JsonWebToken..ctor(String jwtEncodedString)
   at Microsoft.IdentityModel.JsonWebTokens.JsonWebTokenHandler.ReadToken(String token, TokenValidationParameters validationParameters)
2026-09-02 16:20:38.847 +03:00 [INF] Bearer was not authenticated. Failure message: IDX14120: JWT is not well formed, there is only one dot (.).
The token needs to be in JWS or JWE Compact Serialization Format. (JWS): 'EncodedHeader.EncodedPayload.EncodedSignature'. (JWE): 'EncodedProtectedHeader.EncodedEncryptedKey.EncodedInitializationVector.EncodedCiphertext.EncodedAuthenticationTag'.
2026-09-02 16:20:38.850 +03:00 [INF] Executing endpoint 'CMS.API.Controllers.BillingController.GetInvoices (CMS.API)'
2026-09-02 16:20:38.862 +03:00 [INF] Route matched with {action = "GetInvoices", controller = "Billing"}. Executing controller action with signature System.Threading.Tasks.Task`1[Microsoft.AspNetCore.Mvc.IActionResult] GetInvoices() on controller CMS.API.Controllers.BillingController (CMS.API).
2026-09-02 16:20:38.900 +03:00 [INF] Executed action CMS.API.Controllers.BillingController.GetInvoices (CMS.API) in 32.6457ms
2026-09-02 16:20:38.904 +03:00 [INF] Executed endpoint 'CMS.API.Controllers.BillingController.GetInvoices (CMS.API)'
2026-09-02 16:20:38.907 +03:00 [ERR] Unhandled exception encountered: Invalid column name 'InvoiceNo'.
Invalid column name 'TaxAmount'.
Invalid column name 'DiscountAmount'.
Microsoft.Data.SqlClient.SqlException (0x80131904): Invalid column name 'InvoiceNo'.
Invalid column name 'TaxAmount'.
Invalid column name 'DiscountAmount'.
   at Microsoft.Data.SqlClient.SqlCommand.<>c.<ExecuteDbDataReaderAsync>b__211_0(Task`1 result)
   at System.Threading.Tasks.ContinuationResultTaskFromResultTask`2.InnerInvoke()
   at System.Threading.ExecutionContext.RunInternal(ExecutionContext executionContext, ContextCallback callback, Object state)
--- End of stack trace from previous location ---
   at System.Threading.ExecutionContext.RunInternal(ExecutionContext executionContext, ContextCallback callback, Object state)
   at System.Threading.Tasks.Task.ExecuteWithThreadLocal(Task& currentTaskSlot, Thread threadPoolThread)
--- End of stack trace from previous location ---
   at Dapper.SqlMapper.QueryAsync[T](IDbConnection cnn, Type effectiveType, CommandDefinition command) in /_/Dapper/SqlMapper.Async.cs:line 434
   at CMS.Application.Billing.BillingService.GetInvoicesAsync(Byte tenantId) in C:\Users\ASUS\source\repos\CMS\src\CMS.Application\Billing\BillingService.cs:line 72
   at CMS.API.Controllers.BillingController.GetInvoices() in C:\Users\ASUS\source\repos\CMS\src\CMS.API\Controllers\PharmacyBillingControllers.cs:line 77
   at Microsoft.AspNetCore.Mvc.Infrastructure.ActionMethodExecutor.TaskOfIActionResultExecutor.Execute(ActionContext actionContext, IActionResultTypeMapper mapper, ObjectMethodExecutor executor, Object controller, Object[] arguments)
   at Microsoft.AspNetCore.Mvc.Infrastructure.ControllerActionInvoker.<InvokeActionMethodAsync>g__Awaited|12_0(ControllerActionInvoker invoker, ValueTask`1 actionResultValueTask)
   at Microsoft.AspNetCore.Mvc.Infrastructure.ControllerActionInvoker.<InvokeNextActionFilterAsync>g__Awaited|10_0(ControllerActionInvoker invoker, Task lastTask, State next, Scope scope, Object state, Boolean isCompleted)
   at Microsoft.AspNetCore.Mvc.Infrastructure.ControllerActionInvoker.Rethrow(ActionExecutedContextSealed context)
   at Microsoft.AspNetCore.Mvc.Infrastructure.ControllerActionInvoker.Next(State& next, Scope& scope, Object& state, Boolean& isCompleted)
   at Microsoft.AspNetCore.Mvc.Infrastructure.ControllerActionInvoker.<InvokeInnerFilterAsync>g__Awaited|13_0(ControllerActionInvoker invoker, Task lastTask, State next, Scope scope, Object state, Boolean isCompleted)
   at Microsoft.AspNetCore.Mvc.Infrastructure.ResourceInvoker.<InvokeFilterPipelineAsync>g__Awaited|20_0(ResourceInvoker invoker, Task lastTask, State next, Scope scope, Object state, Boolean isCompleted)
   at Microsoft.AspNetCore.Mvc.Infrastructure.ResourceInvoker.<InvokeAsync>g__Logged|17_1(ResourceInvoker invoker)
   at Microsoft.AspNetCore.Mvc.Infrastructure.ResourceInvoker.<InvokeAsync>g__Logged|17_1(ResourceInvoker invoker)
   at Microsoft.AspNetCore.Routing.EndpointMiddleware.<Invoke>g__AwaitRequestTask|7_0(Endpoint endpoint, Task requestTask, ILogger logger)
   at Microsoft.AspNetCore.Authorization.AuthorizationMiddleware.Invoke(HttpContext context)
   at Microsoft.AspNetCore.Authentication.AuthenticationMiddleware.Invoke(HttpContext context)
   at Swashbuckle.AspNetCore.SwaggerUI.SwaggerUIMiddleware.Invoke(HttpContext httpContext)
   at Swashbuckle.AspNetCore.Swagger.SwaggerMiddleware.Invoke(HttpContext httpContext, ISwaggerProvider swaggerProvider)
   at CMS.API.Middleware.TenantMiddleware.InvokeAsync(HttpContext context) in C:\Users\ASUS\source\repos\CMS\src\CMS.API\Middleware\Middlewares.cs:line 26
   at CMS.API.Middleware.ExceptionMiddleware.InvokeAsync(HttpContext context) in C:\Users\ASUS\source\repos\CMS\src\CMS.API\Middleware\Middlewares.cs:line 45
ClientConnectionId:ce1ca528-7564-4868-ac00-afac5eff7422
Error Number:207,State:1,Class:16
2026-09-02 16:20:38.925 +03:00 [INF] Request finished HTTP/1.1 GET http://localhost:5010/api/v1/billing/invoices - 500 null application/json 88.4619ms
2026-09-02 16:20:39.101 +03:00 [INF] Request starting HTTP/1.1 GET http://localhost:5010/api/v1/billing/invoices - application/json null
2026-09-02 16:20:39.107 +03:00 [INF] Failed to validate the token.
Microsoft.IdentityModel.Tokens.SecurityTokenMalformedException: IDX14120: JWT is not well formed, there is only one dot (.).
The token needs to be in JWS or JWE Compact Serialization Format. (JWS): 'EncodedHeader.EncodedPayload.EncodedSignature'. (JWE): 'EncodedProtectedHeader.EncodedEncryptedKey.EncodedInitializationVector.EncodedCiphertext.EncodedAuthenticationTag'.
   at Microsoft.IdentityModel.JsonWebTokens.JsonWebToken.ReadToken(ReadOnlyMemory`1 encodedTokenMemory)
   at Microsoft.IdentityModel.JsonWebTokens.JsonWebToken..ctor(String jwtEncodedString)
   at Microsoft.IdentityModel.JsonWebTokens.JsonWebTokenHandler.ReadToken(String token, TokenValidationParameters validationParameters)
2026-09-02 16:20:39.110 +03:00 [INF] Bearer was not authenticated. Failure message: IDX14120: JWT is not well formed, there is only one dot (.).
The token needs to be in JWS or JWE Compact Serialization Format. (JWS): 'EncodedHeader.EncodedPayload.EncodedSignature'. (JWE): 'EncodedProtectedHeader.EncodedEncryptedKey.EncodedInitializationVector.EncodedCiphertext.EncodedAuthenticationTag'.
2026-09-02 16:20:39.113 +03:00 [INF] Executing endpoint 'CMS.API.Controllers.BillingController.GetInvoices (CMS.API)'
2026-09-02 16:20:39.115 +03:00 [INF] Route matched with {action = "GetInvoices", controller = "Billing"}. Executing controller action with signature System.Threading.Tasks.Task`1[Microsoft.AspNetCore.Mvc.IActionResult] GetInvoices() on controller CMS.API.Controllers.BillingController (CMS.API).
2026-09-02 16:20:39.121 +03:00 [INF] Executed action CMS.API.Controllers.BillingController.GetInvoices (CMS.API) in 3.4304ms
2026-09-02 16:20:39.125 +03:00 [INF] Executed endpoint 'CMS.API.Controllers.BillingController.GetInvoices (CMS.API)'
2026-09-02 16:20:39.127 +03:00 [ERR] Unhandled exception encountered: Invalid column name 'InvoiceNo'.
Invalid column name 'TaxAmount'.
Invalid column name 'DiscountAmount'.
Microsoft.Data.SqlClient.SqlException (0x80131904): Invalid column name 'InvoiceNo'.
Invalid column name 'TaxAmount'.
Invalid column name 'DiscountAmount'.
   at Microsoft.Data.SqlClient.SqlCommand.<>c.<ExecuteDbDataReaderAsync>b__211_0(Task`1 result)
   at System.Threading.Tasks.ContinuationResultTaskFromResultTask`2.InnerInvoke()
   at System.Threading.ExecutionContext.RunInternal(ExecutionContext executionContext, ContextCallback callback, Object state)
--- End of stack trace from previous location ---
   at System.Threading.ExecutionContext.RunInternal(ExecutionContext executionContext, ContextCallback callback, Object state)
   at System.Threading.Tasks.Task.ExecuteWithThreadLocal(Task& currentTaskSlot, Thread threadPoolThread)
--- End of stack trace from previous location ---
   at Dapper.SqlMapper.QueryAsync[T](IDbConnection cnn, Type effectiveType, CommandDefinition command) in /_/Dapper/SqlMapper.Async.cs:line 434
   at CMS.Application.Billing.BillingService.GetInvoicesAsync(Byte tenantId) in C:\Users\ASUS\source\repos\CMS\src\CMS.Application\Billing\BillingService.cs:line 72
   at CMS.API.Controllers.BillingController.GetInvoices() in C:\Users\ASUS\source\repos\CMS\src\CMS.API\Controllers\PharmacyBillingControllers.cs:line 77
   at Microsoft.AspNetCore.Mvc.Infrastructure.ActionMethodExecutor.TaskOfIActionResultExecutor.Execute(ActionContext actionContext, IActionResultTypeMapper mapper, ObjectMethodExecutor executor, Object controller, Object[] arguments)
   at Microsoft.AspNetCore.Mvc.Infrastructure.ControllerActionInvoker.<InvokeActionMethodAsync>g__Awaited|12_0(ControllerActionInvoker invoker, ValueTask`1 actionResultValueTask)
   at Microsoft.AspNetCore.Mvc.Infrastructure.ControllerActionInvoker.<InvokeNextActionFilterAsync>g__Awaited|10_0(ControllerActionInvoker invoker, Task lastTask, State next, Scope scope, Object state, Boolean isCompleted)
   at Microsoft.AspNetCore.Mvc.Infrastructure.ControllerActionInvoker.Rethrow(ActionExecutedContextSealed context)
   at Microsoft.AspNetCore.Mvc.Infrastructure.ControllerActionInvoker.Next(State& next, Scope& scope, Object& state, Boolean& isCompleted)
   at Microsoft.AspNetCore.Mvc.Infrastructure.ControllerActionInvoker.<InvokeInnerFilterAsync>g__Awaited|13_0(ControllerActionInvoker invoker, Task lastTask, State next, Scope scope, Object state, Boolean isCompleted)
   at Microsoft.AspNetCore.Mvc.Infrastructure.ResourceInvoker.<InvokeFilterPipelineAsync>g__Awaited|20_0(ResourceInvoker invoker, Task lastTask, State next, Scope scope, Object state, Boolean isCompleted)
   at Microsoft.AspNetCore.Mvc.Infrastructure.ResourceInvoker.<InvokeAsync>g__Logged|17_1(ResourceInvoker invoker)
   at Microsoft.AspNetCore.Mvc.Infrastructure.ResourceInvoker.<InvokeAsync>g__Logged|17_1(ResourceInvoker invoker)
   at Microsoft.AspNetCore.Routing.EndpointMiddleware.<Invoke>g__AwaitRequestTask|7_0(Endpoint endpoint, Task requestTask, ILogger logger)
   at Microsoft.AspNetCore.Authorization.AuthorizationMiddleware.Invoke(HttpContext context)
   at Microsoft.AspNetCore.Authentication.AuthenticationMiddleware.Invoke(HttpContext context)
   at Swashbuckle.AspNetCore.SwaggerUI.SwaggerUIMiddleware.Invoke(HttpContext httpContext)
   at Swashbuckle.AspNetCore.Swagger.SwaggerMiddleware.Invoke(HttpContext httpContext, ISwaggerProvider swaggerProvider)
   at CMS.API.Middleware.TenantMiddleware.InvokeAsync(HttpContext context) in C:\Users\ASUS\source\repos\CMS\src\CMS.API\Middleware\Middlewares.cs:line 26
   at CMS.API.Middleware.ExceptionMiddleware.InvokeAsync(HttpContext context) in C:\Users\ASUS\source\repos\CMS\src\CMS.API\Middleware\Middlewares.cs:line 45
ClientConnectionId:ce1ca528-7564-4868-ac00-afac5eff7422
Error Number:207,State:1,Class:16
2026-09-02 16:20:39.144 +03:00 [INF] Request finished HTTP/1.1 GET http://localhost:5010/api/v1/billing/invoices - 500 null application/json 43.2272ms
2026-09-02 16:20:43.239 +03:00 [INF] Request starting HTTP/1.1 GET http://localhost:5010/api/v1/patients/search?q= - application/json null
2026-09-02 16:20:43.246 +03:00 [INF] Failed to validate the token.
Microsoft.IdentityModel.Tokens.SecurityTokenMalformedException: IDX14120: JWT is not well formed, there is only one dot (.).
The token needs to be in JWS or JWE Compact Serialization Format. (JWS): 'EncodedHeader.EncodedPayload.EncodedSignature'. (JWE): 'EncodedProtectedHeader.EncodedEncryptedKey.EncodedInitializationVector.EncodedCiphertext.EncodedAuthenticationTag'.
   at Microsoft.IdentityModel.JsonWebTokens.JsonWebToken.ReadToken(ReadOnlyMemory`1 encodedTokenMemory)
   at Microsoft.IdentityModel.JsonWebTokens.JsonWebToken..ctor(String jwtEncodedString)
   at Microsoft.IdentityModel.JsonWebTokens.JsonWebTokenHandler.ReadToken(String token, TokenValidationParameters validationParameters)
2026-09-02 16:20:43.250 +03:00 [INF] Bearer was not authenticated. Failure message: IDX14120: JWT is not well formed, there is only one dot (.).
The token needs to be in JWS or JWE Compact Serialization Format. (JWS): 'EncodedHeader.EncodedPayload.EncodedSignature'. (JWE): 'EncodedProtectedHeader.EncodedEncryptedKey.EncodedInitializationVector.EncodedCiphertext.EncodedAuthenticationTag'.
2026-09-02 16:20:43.253 +03:00 [INF] Executing endpoint 'CMS.API.Controllers.PatientsController.Search (CMS.API)'
2026-09-02 16:20:43.255 +03:00 [INF] Route matched with {action = "Search", controller = "Patients"}. Executing controller action with signature System.Threading.Tasks.Task`1[Microsoft.AspNetCore.Mvc.IActionResult] Search(System.String, Int32) on controller CMS.API.Controllers.PatientsController (CMS.API).
2026-09-02 16:20:43.264 +03:00 [INF] Executing OkObjectResult, writing value of type 'CMS.Shared.DTOs.ApiResponse`1[[System.Collections.Generic.List`1[[CMS.Shared.DTOs.PatientDto, CMS.Shared, Version=1.0.0.0, Culture=neutral, PublicKeyToken=null]], System.Private.CoreLib, Version=8.0.0.0, Culture=neutral, PublicKeyToken=7cec85d7bea7798e]]'.
2026-09-02 16:20:43.268 +03:00 [INF] Executed action CMS.API.Controllers.PatientsController.Search (CMS.API) in 9.2249ms
2026-09-02 16:20:43.271 +03:00 [INF] Executed endpoint 'CMS.API.Controllers.PatientsController.Search (CMS.API)'
2026-09-02 16:20:43.274 +03:00 [INF] Request finished HTTP/1.1 GET http://localhost:5010/api/v1/patients/search?q= - 200 null application/json; charset=utf-8 34.0939ms
2026-09-02 16:29:02.581 +03:00 [INF] Application is shutting down...
2026-09-02 16:36:05.284 +03:00 [INF] User profile is available. Using 'C:\Users\ASUS\AppData\Local\ASP.NET\DataProtection-Keys' as key repository and Windows DPAPI to encrypt keys at rest.
2026-09-02 16:36:05.501 +03:00 [INF] Now listening on: http://localhost:5010
2026-09-02 16:36:05.508 +03:00 [INF] Application started. Press Ctrl+C to shut down.
2026-09-02 16:36:05.511 +03:00 [INF] Hosting environment: Development
2026-09-02 16:36:05.514 +03:00 [INF] Content root path: C:\Users\ASUS\source\repos\CMS\src\CMS.API
2026-09-02 16:36:13.242 +03:00 [INF] Request starting HTTP/1.1 GET http://localhost:5010/api/v1/dashboard/metrics - null null
2026-09-02 16:36:13.441 +03:00 [INF] Failed to validate the token.
Microsoft.IdentityModel.Tokens.SecurityTokenMalformedException: IDX14120: JWT is not well formed, there is only one dot (.).
The token needs to be in JWS or JWE Compact Serialization Format. (JWS): 'EncodedHeader.EncodedPayload.EncodedSignature'. (JWE): 'EncodedProtectedHeader.EncodedEncryptedKey.EncodedInitializationVector.EncodedCiphertext.EncodedAuthenticationTag'.
   at Microsoft.IdentityModel.JsonWebTokens.JsonWebToken.ReadToken(ReadOnlyMemory`1 encodedTokenMemory)
   at Microsoft.IdentityModel.JsonWebTokens.JsonWebToken..ctor(String jwtEncodedString)
   at Microsoft.IdentityModel.JsonWebTokens.JsonWebTokenHandler.ReadToken(String token, TokenValidationParameters validationParameters)
2026-09-02 16:36:13.461 +03:00 [INF] Bearer was not authenticated. Failure message: IDX14120: JWT is not well formed, there is only one dot (.).
The token needs to be in JWS or JWE Compact Serialization Format. (JWS): 'EncodedHeader.EncodedPayload.EncodedSignature'. (JWE): 'EncodedProtectedHeader.EncodedEncryptedKey.EncodedInitializationVector.EncodedCiphertext.EncodedAuthenticationTag'.
2026-09-02 16:36:13.471 +03:00 [INF] Executing endpoint 'CMS.API.Controllers.DashboardController.GetMetrics (CMS.API)'
2026-09-02 16:36:13.499 +03:00 [INF] Route matched with {action = "GetMetrics", controller = "Dashboard"}. Executing controller action with signature System.Threading.Tasks.Task`1[Microsoft.AspNetCore.Mvc.IActionResult] GetMetrics() on controller CMS.API.Controllers.DashboardController (CMS.API).
2026-09-02 16:36:14.384 +03:00 [INF] Executing OkObjectResult, writing value of type 'CMS.Shared.DTOs.ApiResponse`1[[CMS.Shared.DTOs.DashboardMetricsDto, CMS.Shared, Version=1.0.0.0, Culture=neutral, PublicKeyToken=null]]'.
2026-09-02 16:36:14.552 +03:00 [INF] Executed action CMS.API.Controllers.DashboardController.GetMetrics (CMS.API) in 1037.31ms
2026-09-02 16:36:14.558 +03:00 [INF] Request starting HTTP/1.1 GET http://localhost:5010/api/v1/dashboard/metrics - null null
2026-09-02 16:36:14.563 +03:00 [INF] Executed endpoint 'CMS.API.Controllers.DashboardController.GetMetrics (CMS.API)'
2026-09-02 16:36:14.596 +03:00 [INF] Request finished HTTP/1.1 GET http://localhost:5010/api/v1/dashboard/metrics - 200 null application/json; charset=utf-8 1358.5329ms
2026-09-02 16:36:14.596 +03:00 [INF] Failed to validate the token.
Microsoft.IdentityModel.Tokens.SecurityTokenMalformedException: IDX14120: JWT is not well formed, there is only one dot (.).
The token needs to be in JWS or JWE Compact Serialization Format. (JWS): 'EncodedHeader.EncodedPayload.EncodedSignature'. (JWE): 'EncodedProtectedHeader.EncodedEncryptedKey.EncodedInitializationVector.EncodedCiphertext.EncodedAuthenticationTag'.
   at Microsoft.IdentityModel.JsonWebTokens.JsonWebToken.ReadToken(ReadOnlyMemory`1 encodedTokenMemory)
   at Microsoft.IdentityModel.JsonWebTokens.JsonWebToken..ctor(String jwtEncodedString)
   at Microsoft.IdentityModel.JsonWebTokens.JsonWebTokenHandler.ReadToken(String token, TokenValidationParameters validationParameters)
2026-09-02 16:36:14.628 +03:00 [INF] Bearer was not authenticated. Failure message: IDX14120: JWT is not well formed, there is only one dot (.).
The token needs to be in JWS or JWE Compact Serialization Format. (JWS): 'EncodedHeader.EncodedPayload.EncodedSignature'. (JWE): 'EncodedProtectedHeader.EncodedEncryptedKey.EncodedInitializationVector.EncodedCiphertext.EncodedAuthenticationTag'.
2026-09-02 16:36:14.638 +03:00 [INF] Executing endpoint 'CMS.API.Controllers.DashboardController.GetMetrics (CMS.API)'
2026-09-02 16:36:14.649 +03:00 [INF] Route matched with {action = "GetMetrics", controller = "Dashboard"}. Executing controller action with signature System.Threading.Tasks.Task`1[Microsoft.AspNetCore.Mvc.IActionResult] GetMetrics() on controller CMS.API.Controllers.DashboardController (CMS.API).
2026-09-02 16:36:14.675 +03:00 [INF] Executing OkObjectResult, writing value of type 'CMS.Shared.DTOs.ApiResponse`1[[CMS.Shared.DTOs.DashboardMetricsDto, CMS.Shared, Version=1.0.0.0, Culture=neutral, PublicKeyToken=null]]'.
2026-09-02 16:36:14.683 +03:00 [INF] Executed action CMS.API.Controllers.DashboardController.GetMetrics (CMS.API) in 22.278ms
2026-09-02 16:36:14.690 +03:00 [INF] Executed endpoint 'CMS.API.Controllers.DashboardController.GetMetrics (CMS.API)'
2026-09-02 16:36:14.694 +03:00 [INF] Request finished HTTP/1.1 GET http://localhost:5010/api/v1/dashboard/metrics - 200 null application/json; charset=utf-8 136.6244ms
2026-09-02 16:36:18.806 +03:00 [INF] Request starting HTTP/1.1 GET http://localhost:5010/api/v1/staff/doctors - application/json null
2026-09-02 16:36:18.806 +03:00 [INF] Request starting HTTP/1.1 GET http://localhost:5010/api/v1/triage/queue - application/json null
2026-09-02 16:36:18.806 +03:00 [INF] Request starting HTTP/1.1 GET http://localhost:5010/api/v1/patients/search - application/json null
2026-09-02 16:36:18.819 +03:00 [INF] Failed to validate the token.
Microsoft.IdentityModel.Tokens.SecurityTokenMalformedException: IDX14120: JWT is not well formed, there is only one dot (.).
The token needs to be in JWS or JWE Compact Serialization Format. (JWS): 'EncodedHeader.EncodedPayload.EncodedSignature'. (JWE): 'EncodedProtectedHeader.EncodedEncryptedKey.EncodedInitializationVector.EncodedCiphertext.EncodedAuthenticationTag'.
   at Microsoft.IdentityModel.JsonWebTokens.JsonWebToken.ReadToken(ReadOnlyMemory`1 encodedTokenMemory)
   at Microsoft.IdentityModel.JsonWebTokens.JsonWebToken..ctor(String jwtEncodedString)
   at Microsoft.IdentityModel.JsonWebTokens.JsonWebTokenHandler.ReadToken(String token, TokenValidationParameters validationParameters)
2026-09-02 16:36:18.819 +03:00 [INF] Failed to validate the token.
Microsoft.IdentityModel.Tokens.SecurityTokenMalformedException: IDX14120: JWT is not well formed, there is only one dot (.).
The token needs to be in JWS or JWE Compact Serialization Format. (JWS): 'EncodedHeader.EncodedPayload.EncodedSignature'. (JWE): 'EncodedProtectedHeader.EncodedEncryptedKey.EncodedInitializationVector.EncodedCiphertext.EncodedAuthenticationTag'.
   at Microsoft.IdentityModel.JsonWebTokens.JsonWebToken.ReadToken(ReadOnlyMemory`1 encodedTokenMemory)
   at Microsoft.IdentityModel.JsonWebTokens.JsonWebToken..ctor(String jwtEncodedString)
   at Microsoft.IdentityModel.JsonWebTokens.JsonWebTokenHandler.ReadToken(String token, TokenValidationParameters validationParameters)
2026-09-02 16:36:18.826 +03:00 [INF] Failed to validate the token.
Microsoft.IdentityModel.Tokens.SecurityTokenMalformedException: IDX14120: JWT is not well formed, there is only one dot (.).
The token needs to be in JWS or JWE Compact Serialization Format. (JWS): 'EncodedHeader.EncodedPayload.EncodedSignature'. (JWE): 'EncodedProtectedHeader.EncodedEncryptedKey.EncodedInitializationVector.EncodedCiphertext.EncodedAuthenticationTag'.
   at Microsoft.IdentityModel.JsonWebTokens.JsonWebToken.ReadToken(ReadOnlyMemory`1 encodedTokenMemory)
   at Microsoft.IdentityModel.JsonWebTokens.JsonWebToken..ctor(String jwtEncodedString)
   at Microsoft.IdentityModel.JsonWebTokens.JsonWebTokenHandler.ReadToken(String token, TokenValidationParameters validationParameters)
2026-09-02 16:36:18.831 +03:00 [INF] Bearer was not authenticated. Failure message: IDX14120: JWT is not well formed, there is only one dot (.).
The token needs to be in JWS or JWE Compact Serialization Format. (JWS): 'EncodedHeader.EncodedPayload.EncodedSignature'. (JWE): 'EncodedProtectedHeader.EncodedEncryptedKey.EncodedInitializationVector.EncodedCiphertext.EncodedAuthenticationTag'.
2026-09-02 16:36:18.835 +03:00 [INF] Bearer was not authenticated. Failure message: IDX14120: JWT is not well formed, there is only one dot (.).
The token needs to be in JWS or JWE Compact Serialization Format. (JWS): 'EncodedHeader.EncodedPayload.EncodedSignature'. (JWE): 'EncodedProtectedHeader.EncodedEncryptedKey.EncodedInitializationVector.EncodedCiphertext.EncodedAuthenticationTag'.
2026-09-02 16:36:18.842 +03:00 [INF] Bearer was not authenticated. Failure message: IDX14120: JWT is not well formed, there is only one dot (.).
The token needs to be in JWS or JWE Compact Serialization Format. (JWS): 'EncodedHeader.EncodedPayload.EncodedSignature'. (JWE): 'EncodedProtectedHeader.EncodedEncryptedKey.EncodedInitializationVector.EncodedCiphertext.EncodedAuthenticationTag'.
2026-09-02 16:36:18.844 +03:00 [INF] Executing endpoint 'CMS.API.Controllers.StaffController.GetDoctors (CMS.API)'
2026-09-02 16:36:18.847 +03:00 [INF] Executing endpoint 'CMS.API.Controllers.TriageController.GetQueue (CMS.API)'
2026-09-02 16:36:18.850 +03:00 [INF] Executing endpoint 'CMS.API.Controllers.PatientsController.Search (CMS.API)'
2026-09-02 16:36:18.866 +03:00 [INF] Route matched with {action = "GetDoctors", controller = "Staff"}. Executing controller action with signature System.Threading.Tasks.Task`1[Microsoft.AspNetCore.Mvc.IActionResult] GetDoctors() on controller CMS.API.Controllers.StaffController (CMS.API).
2026-09-02 16:36:18.882 +03:00 [INF] Route matched with {action = "GetQueue", controller = "Triage"}. Executing controller action with signature System.Threading.Tasks.Task`1[Microsoft.AspNetCore.Mvc.IActionResult] GetQueue(System.String) on controller CMS.API.Controllers.TriageController (CMS.API).
2026-09-02 16:36:18.882 +03:00 [INF] Route matched with {action = "Search", controller = "Patients"}. Executing controller action with signature System.Threading.Tasks.Task`1[Microsoft.AspNetCore.Mvc.IActionResult] Search(System.String, Int32) on controller CMS.API.Controllers.PatientsController (CMS.API).
2026-09-02 16:36:19.168 +03:00 [INF] Executing OkObjectResult, writing value of type 'CMS.Shared.DTOs.ApiResponse`1[[System.Collections.Generic.List`1[[CMS.Shared.DTOs.TriageDto, CMS.Shared, Version=1.0.0.0, Culture=neutral, PublicKeyToken=null]], System.Private.CoreLib, Version=8.0.0.0, Culture=neutral, PublicKeyToken=7cec85d7bea7798e]]'.
2026-09-02 16:36:19.185 +03:00 [INF] Executing OkObjectResult, writing value of type 'CMS.Shared.DTOs.ApiResponse`1[[System.Collections.Generic.List`1[[CMS.Shared.DTOs.DoctorDto, CMS.Shared, Version=1.0.0.0, Culture=neutral, PublicKeyToken=null]], System.Private.CoreLib, Version=8.0.0.0, Culture=neutral, PublicKeyToken=7cec85d7bea7798e]]'.
2026-09-02 16:36:19.193 +03:00 [INF] Executing OkObjectResult, writing value of type 'CMS.Shared.DTOs.ApiResponse`1[[System.Collections.Generic.List`1[[CMS.Shared.DTOs.PatientDto, CMS.Shared, Version=1.0.0.0, Culture=neutral, PublicKeyToken=null]], System.Private.CoreLib, Version=8.0.0.0, Culture=neutral, PublicKeyToken=7cec85d7bea7798e]]'.
2026-09-02 16:36:19.199 +03:00 [INF] Executed action CMS.API.Controllers.StaffController.GetDoctors (CMS.API) in 326.0143ms
2026-09-02 16:36:19.201 +03:00 [INF] Executed action CMS.API.Controllers.PatientsController.Search (CMS.API) in 307.9216ms
2026-09-02 16:36:19.203 +03:00 [INF] Executed endpoint 'CMS.API.Controllers.StaffController.GetDoctors (CMS.API)'
2026-09-02 16:36:19.206 +03:00 [INF] Executed endpoint 'CMS.API.Controllers.PatientsController.Search (CMS.API)'
2026-09-02 16:36:19.209 +03:00 [INF] Request finished HTTP/1.1 GET http://localhost:5010/api/v1/staff/doctors - 200 null application/json; charset=utf-8 403.0264ms
2026-09-02 16:36:19.211 +03:00 [INF] Request finished HTTP/1.1 GET http://localhost:5010/api/v1/patients/search - 200 null application/json; charset=utf-8 405.2367ms
2026-09-02 16:36:19.212 +03:00 [INF] Executed action CMS.API.Controllers.TriageController.GetQueue (CMS.API) in 324.3676ms
2026-09-02 16:36:19.228 +03:00 [INF] Executed endpoint 'CMS.API.Controllers.TriageController.GetQueue (CMS.API)'
2026-09-02 16:36:19.231 +03:00 [INF] Request finished HTTP/1.1 GET http://localhost:5010/api/v1/triage/queue - 200 null application/json; charset=utf-8 425.693ms
2026-09-02 16:36:19.513 +03:00 [INF] Request starting HTTP/1.1 GET http://localhost:5010/api/v1/staff/doctors - application/json null
2026-09-02 16:36:19.513 +03:00 [INF] Request starting HTTP/1.1 GET http://localhost:5010/api/v1/patients/search - application/json null
2026-09-02 16:36:19.519 +03:00 [INF] Failed to validate the token.
Microsoft.IdentityModel.Tokens.SecurityTokenMalformedException: IDX14120: JWT is not well formed, there is only one dot (.).
The token needs to be in JWS or JWE Compact Serialization Format. (JWS): 'EncodedHeader.EncodedPayload.EncodedSignature'. (JWE): 'EncodedProtectedHeader.EncodedEncryptedKey.EncodedInitializationVector.EncodedCiphertext.EncodedAuthenticationTag'.
   at Microsoft.IdentityModel.JsonWebTokens.JsonWebToken.ReadToken(ReadOnlyMemory`1 encodedTokenMemory)
   at Microsoft.IdentityModel.JsonWebTokens.JsonWebToken..ctor(String jwtEncodedString)
   at Microsoft.IdentityModel.JsonWebTokens.JsonWebTokenHandler.ReadToken(String token, TokenValidationParameters validationParameters)
2026-09-02 16:36:19.525 +03:00 [INF] Failed to validate the token.
Microsoft.IdentityModel.Tokens.SecurityTokenMalformedException: IDX14120: JWT is not well formed, there is only one dot (.).
The token needs to be in JWS or JWE Compact Serialization Format. (JWS): 'EncodedHeader.EncodedPayload.EncodedSignature'. (JWE): 'EncodedProtectedHeader.EncodedEncryptedKey.EncodedInitializationVector.EncodedCiphertext.EncodedAuthenticationTag'.
   at Microsoft.IdentityModel.JsonWebTokens.JsonWebToken.ReadToken(ReadOnlyMemory`1 encodedTokenMemory)
   at Microsoft.IdentityModel.JsonWebTokens.JsonWebToken..ctor(String jwtEncodedString)
   at Microsoft.IdentityModel.JsonWebTokens.JsonWebTokenHandler.ReadToken(String token, TokenValidationParameters validationParameters)
2026-09-02 16:36:19.527 +03:00 [INF] Request starting HTTP/1.1 GET http://localhost:5010/api/v1/triage/queue - application/json null
2026-09-02 16:36:19.529 +03:00 [INF] Bearer was not authenticated. Failure message: IDX14120: JWT is not well formed, there is only one dot (.).
The token needs to be in JWS or JWE Compact Serialization Format. (JWS): 'EncodedHeader.EncodedPayload.EncodedSignature'. (JWE): 'EncodedProtectedHeader.EncodedEncryptedKey.EncodedInitializationVector.EncodedCiphertext.EncodedAuthenticationTag'.
2026-09-02 16:36:19.532 +03:00 [INF] Bearer was not authenticated. Failure message: IDX14120: JWT is not well formed, there is only one dot (.).
The token needs to be in JWS or JWE Compact Serialization Format. (JWS): 'EncodedHeader.EncodedPayload.EncodedSignature'. (JWE): 'EncodedProtectedHeader.EncodedEncryptedKey.EncodedInitializationVector.EncodedCiphertext.EncodedAuthenticationTag'.
2026-09-02 16:36:19.540 +03:00 [INF] Failed to validate the token.
Microsoft.IdentityModel.Tokens.SecurityTokenMalformedException: IDX14120: JWT is not well formed, there is only one dot (.).
The token needs to be in JWS or JWE Compact Serialization Format. (JWS): 'EncodedHeader.EncodedPayload.EncodedSignature'. (JWE): 'EncodedProtectedHeader.EncodedEncryptedKey.EncodedInitializationVector.EncodedCiphertext.EncodedAuthenticationTag'.
   at Microsoft.IdentityModel.JsonWebTokens.JsonWebToken.ReadToken(ReadOnlyMemory`1 encodedTokenMemory)
   at Microsoft.IdentityModel.JsonWebTokens.JsonWebToken..ctor(String jwtEncodedString)
   at Microsoft.IdentityModel.JsonWebTokens.JsonWebTokenHandler.ReadToken(String token, TokenValidationParameters validationParameters)
2026-09-02 16:36:19.541 +03:00 [INF] Executing endpoint 'CMS.API.Controllers.StaffController.GetDoctors (CMS.API)'
2026-09-02 16:36:19.544 +03:00 [INF] Executing endpoint 'CMS.API.Controllers.PatientsController.Search (CMS.API)'
2026-09-02 16:36:19.547 +03:00 [INF] Bearer was not authenticated. Failure message: IDX14120: JWT is not well formed, there is only one dot (.).
The token needs to be in JWS or JWE Compact Serialization Format. (JWS): 'EncodedHeader.EncodedPayload.EncodedSignature'. (JWE): 'EncodedProtectedHeader.EncodedEncryptedKey.EncodedInitializationVector.EncodedCiphertext.EncodedAuthenticationTag'.
2026-09-02 16:36:19.549 +03:00 [INF] Route matched with {action = "GetDoctors", controller = "Staff"}. Executing controller action with signature System.Threading.Tasks.Task`1[Microsoft.AspNetCore.Mvc.IActionResult] GetDoctors() on controller CMS.API.Controllers.StaffController (CMS.API).
2026-09-02 16:36:19.551 +03:00 [INF] Route matched with {action = "Search", controller = "Patients"}. Executing controller action with signature System.Threading.Tasks.Task`1[Microsoft.AspNetCore.Mvc.IActionResult] Search(System.String, Int32) on controller CMS.API.Controllers.PatientsController (CMS.API).
2026-09-02 16:36:19.554 +03:00 [INF] Executing endpoint 'CMS.API.Controllers.TriageController.GetQueue (CMS.API)'
2026-09-02 16:36:19.564 +03:00 [INF] Route matched with {action = "GetQueue", controller = "Triage"}. Executing controller action with signature System.Threading.Tasks.Task`1[Microsoft.AspNetCore.Mvc.IActionResult] GetQueue(System.String) on controller CMS.API.Controllers.TriageController (CMS.API).
2026-09-02 16:36:19.571 +03:00 [INF] Executing OkObjectResult, writing value of type 'CMS.Shared.DTOs.ApiResponse`1[[System.Collections.Generic.List`1[[CMS.Shared.DTOs.DoctorDto, CMS.Shared, Version=1.0.0.0, Culture=neutral, PublicKeyToken=null]], System.Private.CoreLib, Version=8.0.0.0, Culture=neutral, PublicKeyToken=7cec85d7bea7798e]]'.
2026-09-02 16:36:19.572 +03:00 [INF] Executing OkObjectResult, writing value of type 'CMS.Shared.DTOs.ApiResponse`1[[System.Collections.Generic.List`1[[CMS.Shared.DTOs.TriageDto, CMS.Shared, Version=1.0.0.0, Culture=neutral, PublicKeyToken=null]], System.Private.CoreLib, Version=8.0.0.0, Culture=neutral, PublicKeyToken=7cec85d7bea7798e]]'.
2026-09-02 16:36:19.575 +03:00 [INF] Executed action CMS.API.Controllers.StaffController.GetDoctors (CMS.API) in 17.3186ms
2026-09-02 16:36:19.577 +03:00 [INF] Executing OkObjectResult, writing value of type 'CMS.Shared.DTOs.ApiResponse`1[[System.Collections.Generic.List`1[[CMS.Shared.DTOs.PatientDto, CMS.Shared, Version=1.0.0.0, Culture=neutral, PublicKeyToken=null]], System.Private.CoreLib, Version=8.0.0.0, Culture=neutral, PublicKeyToken=7cec85d7bea7798e]]'.
2026-09-02 16:36:19.578 +03:00 [INF] Executed action CMS.API.Controllers.TriageController.GetQueue (CMS.API) in 9.6096ms
2026-09-02 16:36:19.581 +03:00 [INF] Executed endpoint 'CMS.API.Controllers.StaffController.GetDoctors (CMS.API)'
2026-09-02 16:36:19.584 +03:00 [INF] Executed action CMS.API.Controllers.PatientsController.Search (CMS.API) in 22.2486ms
2026-09-02 16:36:19.588 +03:00 [INF] Executed endpoint 'CMS.API.Controllers.TriageController.GetQueue (CMS.API)'
2026-09-02 16:36:19.589 +03:00 [INF] Request finished HTTP/1.1 GET http://localhost:5010/api/v1/staff/doctors - 200 null application/json; charset=utf-8 76.3945ms
2026-09-02 16:36:19.592 +03:00 [INF] Executed endpoint 'CMS.API.Controllers.PatientsController.Search (CMS.API)'
2026-09-02 16:36:19.594 +03:00 [INF] Request finished HTTP/1.1 GET http://localhost:5010/api/v1/triage/queue - 200 null application/json; charset=utf-8 66.427ms
2026-09-02 16:36:19.603 +03:00 [INF] Request finished HTTP/1.1 GET http://localhost:5010/api/v1/patients/search - 200 null application/json; charset=utf-8 89.9455ms
2026-09-02 16:36:20.105 +03:00 [INF] Request starting HTTP/1.1 GET http://localhost:5010/api/v1/patients/search - application/json null
2026-09-02 16:36:20.105 +03:00 [INF] Request starting HTTP/1.1 GET http://localhost:5010/api/v1/encounters/patient/1 - application/json null
2026-09-02 16:36:20.105 +03:00 [INF] Request starting HTTP/1.1 GET http://localhost:5010/api/v1/medicalcertificates/patient/1 - application/json null
2026-09-02 16:36:20.105 +03:00 [INF] Request starting HTTP/1.1 GET http://localhost:5010/api/v1/triage/patient/1/latest - application/json null
2026-09-02 16:36:20.111 +03:00 [INF] Failed to validate the token.
Microsoft.IdentityModel.Tokens.SecurityTokenMalformedException: IDX14120: JWT is not well formed, there is only one dot (.).
The token needs to be in JWS or JWE Compact Serialization Format. (JWS): 'EncodedHeader.EncodedPayload.EncodedSignature'. (JWE): 'EncodedProtectedHeader.EncodedEncryptedKey.EncodedInitializationVector.EncodedCiphertext.EncodedAuthenticationTag'.
   at Microsoft.IdentityModel.JsonWebTokens.JsonWebToken.ReadToken(ReadOnlyMemory`1 encodedTokenMemory)
   at Microsoft.IdentityModel.JsonWebTokens.JsonWebToken..ctor(String jwtEncodedString)
   at Microsoft.IdentityModel.JsonWebTokens.JsonWebTokenHandler.ReadToken(String token, TokenValidationParameters validationParameters)
2026-09-02 16:36:20.116 +03:00 [INF] Failed to validate the token.
Microsoft.IdentityModel.Tokens.SecurityTokenMalformedException: IDX14120: JWT is not well formed, there is only one dot (.).
The token needs to be in JWS or JWE Compact Serialization Format. (JWS): 'EncodedHeader.EncodedPayload.EncodedSignature'. (JWE): 'EncodedProtectedHeader.EncodedEncryptedKey.EncodedInitializationVector.EncodedCiphertext.EncodedAuthenticationTag'.
   at Microsoft.IdentityModel.JsonWebTokens.JsonWebToken.ReadToken(ReadOnlyMemory`1 encodedTokenMemory)
   at Microsoft.IdentityModel.JsonWebTokens.JsonWebToken..ctor(String jwtEncodedString)
   at Microsoft.IdentityModel.JsonWebTokens.JsonWebTokenHandler.ReadToken(String token, TokenValidationParameters validationParameters)
2026-09-02 16:36:20.122 +03:00 [INF] Failed to validate the token.
Microsoft.IdentityModel.Tokens.SecurityTokenMalformedException: IDX14120: JWT is not well formed, there is only one dot (.).
The token needs to be in JWS or JWE Compact Serialization Format. (JWS): 'EncodedHeader.EncodedPayload.EncodedSignature'. (JWE): 'EncodedProtectedHeader.EncodedEncryptedKey.EncodedInitializationVector.EncodedCiphertext.EncodedAuthenticationTag'.
   at Microsoft.IdentityModel.JsonWebTokens.JsonWebToken.ReadToken(ReadOnlyMemory`1 encodedTokenMemory)
   at Microsoft.IdentityModel.JsonWebTokens.JsonWebToken..ctor(String jwtEncodedString)
   at Microsoft.IdentityModel.JsonWebTokens.JsonWebTokenHandler.ReadToken(String token, TokenValidationParameters validationParameters)
2026-09-02 16:36:20.128 +03:00 [INF] Failed to validate the token.
Microsoft.IdentityModel.Tokens.SecurityTokenMalformedException: IDX14120: JWT is not well formed, there is only one dot (.).
The token needs to be in JWS or JWE Compact Serialization Format. (JWS): 'EncodedHeader.EncodedPayload.EncodedSignature'. (JWE): 'EncodedProtectedHeader.EncodedEncryptedKey.EncodedInitializationVector.EncodedCiphertext.EncodedAuthenticationTag'.
   at Microsoft.IdentityModel.JsonWebTokens.JsonWebToken.ReadToken(ReadOnlyMemory`1 encodedTokenMemory)
   at Microsoft.IdentityModel.JsonWebTokens.JsonWebToken..ctor(String jwtEncodedString)
   at Microsoft.IdentityModel.JsonWebTokens.JsonWebTokenHandler.ReadToken(String token, TokenValidationParameters validationParameters)
2026-09-02 16:36:20.131 +03:00 [INF] Bearer was not authenticated. Failure message: IDX14120: JWT is not well formed, there is only one dot (.).
The token needs to be in JWS or JWE Compact Serialization Format. (JWS): 'EncodedHeader.EncodedPayload.EncodedSignature'. (JWE): 'EncodedProtectedHeader.EncodedEncryptedKey.EncodedInitializationVector.EncodedCiphertext.EncodedAuthenticationTag'.
2026-09-02 16:36:20.135 +03:00 [INF] Bearer was not authenticated. Failure message: IDX14120: JWT is not well formed, there is only one dot (.).
The token needs to be in JWS or JWE Compact Serialization Format. (JWS): 'EncodedHeader.EncodedPayload.EncodedSignature'. (JWE): 'EncodedProtectedHeader.EncodedEncryptedKey.EncodedInitializationVector.EncodedCiphertext.EncodedAuthenticationTag'.
2026-09-02 16:36:20.139 +03:00 [INF] Bearer was not authenticated. Failure message: IDX14120: JWT is not well formed, there is only one dot (.).
The token needs to be in JWS or JWE Compact Serialization Format. (JWS): 'EncodedHeader.EncodedPayload.EncodedSignature'. (JWE): 'EncodedProtectedHeader.EncodedEncryptedKey.EncodedInitializationVector.EncodedCiphertext.EncodedAuthenticationTag'.
2026-09-02 16:36:20.143 +03:00 [INF] Bearer was not authenticated. Failure message: IDX14120: JWT is not well formed, there is only one dot (.).
The token needs to be in JWS or JWE Compact Serialization Format. (JWS): 'EncodedHeader.EncodedPayload.EncodedSignature'. (JWE): 'EncodedProtectedHeader.EncodedEncryptedKey.EncodedInitializationVector.EncodedCiphertext.EncodedAuthenticationTag'.
2026-09-02 16:36:20.146 +03:00 [INF] Executing endpoint 'CMS.API.Controllers.PatientsController.Search (CMS.API)'
2026-09-02 16:36:20.149 +03:00 [INF] Executing endpoint 'CMS.API.Controllers.EncountersController.GetPatientEncounters (CMS.API)'
2026-09-02 16:36:20.151 +03:00 [INF] Executing endpoint 'CMS.API.Controllers.MedicalCertificatesController.GetPatientCertificates (CMS.API)'
2026-09-02 16:36:20.154 +03:00 [INF] Executing endpoint 'CMS.API.Controllers.TriageController.GetLatestPatientVitals (CMS.API)'
2026-09-02 16:36:20.157 +03:00 [INF] Route matched with {action = "Search", controller = "Patients"}. Executing controller action with signature System.Threading.Tasks.Task`1[Microsoft.AspNetCore.Mvc.IActionResult] Search(System.String, Int32) on controller CMS.API.Controllers.PatientsController (CMS.API).
2026-09-02 16:36:20.167 +03:00 [INF] Route matched with {action = "GetPatientEncounters", controller = "Encounters"}. Executing controller action with signature System.Threading.Tasks.Task`1[Microsoft.AspNetCore.Mvc.IActionResult] GetPatientEncounters(Int32) on controller CMS.API.Controllers.EncountersController (CMS.API).
2026-09-02 16:36:20.169 +03:00 [INF] Route matched with {action = "GetPatientCertificates", controller = "MedicalCertificates"}. Executing controller action with signature System.Threading.Tasks.Task`1[Microsoft.AspNetCore.Mvc.IActionResult] GetPatientCertificates(Int32) on controller CMS.API.Controllers.MedicalCertificatesController (CMS.API).
2026-09-02 16:36:20.171 +03:00 [INF] Executing OkObjectResult, writing value of type 'CMS.Shared.DTOs.ApiResponse`1[[System.Collections.Generic.List`1[[CMS.Shared.DTOs.PatientDto, CMS.Shared, Version=1.0.0.0, Culture=neutral, PublicKeyToken=null]], System.Private.CoreLib, Version=8.0.0.0, Culture=neutral, PublicKeyToken=7cec85d7bea7798e]]'.
2026-09-02 16:36:20.171 +03:00 [INF] Route matched with {action = "GetLatestPatientVitals", controller = "Triage"}. Executing controller action with signature System.Threading.Tasks.Task`1[Microsoft.AspNetCore.Mvc.IActionResult] GetLatestPatientVitals(Int32) on controller CMS.API.Controllers.TriageController (CMS.API).
2026-09-02 16:36:20.181 +03:00 [INF] Executed action CMS.API.Controllers.PatientsController.Search (CMS.API) in 13.5004ms
2026-09-02 16:36:20.189 +03:00 [INF] Executed endpoint 'CMS.API.Controllers.PatientsController.Search (CMS.API)'
2026-09-02 16:36:20.191 +03:00 [INF] Executed action CMS.API.Controllers.EncountersController.GetPatientEncounters (CMS.API) in 17.4133ms
2026-09-02 16:36:20.193 +03:00 [INF] Request finished HTTP/1.1 GET http://localhost:5010/api/v1/patients/search - 200 null application/json; charset=utf-8 87.757ms
2026-09-02 16:36:20.196 +03:00 [INF] Executed endpoint 'CMS.API.Controllers.EncountersController.GetPatientEncounters (CMS.API)'
2026-09-02 16:36:20.206 +03:00 [INF] Executing OkObjectResult, writing value of type 'CMS.Shared.DTOs.ApiResponse`1[[System.Collections.Generic.List`1[[CMS.Shared.DTOs.MedicalCertificateDto, CMS.Shared, Version=1.0.0.0, Culture=neutral, PublicKeyToken=null]], System.Private.CoreLib, Version=8.0.0.0, Culture=neutral, PublicKeyToken=7cec85d7bea7798e]]'.
2026-09-02 16:36:20.207 +03:00 [ERR] Unhandled exception encountered: Incorrect syntax near the keyword 'Plan'.
Microsoft.Data.SqlClient.SqlException (0x80131904): Incorrect syntax near the keyword 'Plan'.
   at Microsoft.Data.SqlClient.SqlCommand.<>c.<ExecuteDbDataReaderAsync>b__211_0(Task`1 result)
   at System.Threading.Tasks.ContinuationResultTaskFromResultTask`2.InnerInvoke()
   at System.Threading.ExecutionContext.RunInternal(ExecutionContext executionContext, ContextCallback callback, Object state)
--- End of stack trace from previous location ---
   at System.Threading.ExecutionContext.RunInternal(ExecutionContext executionContext, ContextCallback callback, Object state)
   at System.Threading.Tasks.Task.ExecuteWithThreadLocal(Task& currentTaskSlot, Thread threadPoolThread)
--- End of stack trace from previous location ---
   at Dapper.SqlMapper.QueryAsync[T](IDbConnection cnn, Type effectiveType, CommandDefinition command) in /_/Dapper/SqlMapper.Async.cs:line 434
   at CMS.Application.Encounters.EncounterService.GetPatientEncountersAsync(Byte tenantId, Int32 patientId) in C:\Users\ASUS\source\repos\CMS\src\CMS.Application\Encounters\EncounterService.cs:line 56
   at CMS.API.Controllers.EncountersController.GetPatientEncounters(Int32 patientId) in C:\Users\ASUS\source\repos\CMS\src\CMS.API\Controllers\ClinicalControllers.cs:line 97
   at Microsoft.AspNetCore.Mvc.Infrastructure.ActionMethodExecutor.TaskOfIActionResultExecutor.Execute(ActionContext actionContext, IActionResultTypeMapper mapper, ObjectMethodExecutor executor, Object controller, Object[] arguments)
   at Microsoft.AspNetCore.Mvc.Infrastructure.ControllerActionInvoker.<InvokeActionMethodAsync>g__Awaited|12_0(ControllerActionInvoker invoker, ValueTask`1 actionResultValueTask)
   at Microsoft.AspNetCore.Mvc.Infrastructure.ControllerActionInvoker.<InvokeNextActionFilterAsync>g__Awaited|10_0(ControllerActionInvoker invoker, Task lastTask, State next, Scope scope, Object state, Boolean isCompleted)
   at Microsoft.AspNetCore.Mvc.Infrastructure.ControllerActionInvoker.Rethrow(ActionExecutedContextSealed context)
   at Microsoft.AspNetCore.Mvc.Infrastructure.ControllerActionInvoker.Next(State& next, Scope& scope, Object& state, Boolean& isCompleted)
   at Microsoft.AspNetCore.Mvc.Infrastructure.ControllerActionInvoker.<InvokeInnerFilterAsync>g__Awaited|13_0(ControllerActionInvoker invoker, Task lastTask, State next, Scope scope, Object state, Boolean isCompleted)
   at Microsoft.AspNetCore.Mvc.Infrastructure.ResourceInvoker.<InvokeFilterPipelineAsync>g__Awaited|20_0(ResourceInvoker invoker, Task lastTask, State next, Scope scope, Object state, Boolean isCompleted)
   at Microsoft.AspNetCore.Mvc.Infrastructure.ResourceInvoker.<InvokeAsync>g__Logged|17_1(ResourceInvoker invoker)
   at Microsoft.AspNetCore.Mvc.Infrastructure.ResourceInvoker.<InvokeAsync>g__Logged|17_1(ResourceInvoker invoker)
   at Microsoft.AspNetCore.Routing.EndpointMiddleware.<Invoke>g__AwaitRequestTask|7_0(Endpoint endpoint, Task requestTask, ILogger logger)
   at Microsoft.AspNetCore.Authorization.AuthorizationMiddleware.Invoke(HttpContext context)
   at Microsoft.AspNetCore.Authentication.AuthenticationMiddleware.Invoke(HttpContext context)
   at Swashbuckle.AspNetCore.SwaggerUI.SwaggerUIMiddleware.Invoke(HttpContext httpContext)
   at Swashbuckle.AspNetCore.Swagger.SwaggerMiddleware.Invoke(HttpContext httpContext, ISwaggerProvider swaggerProvider)
   at CMS.API.Middleware.TenantMiddleware.InvokeAsync(HttpContext context) in C:\Users\ASUS\source\repos\CMS\src\CMS.API\Middleware\Middlewares.cs:line 26
   at CMS.API.Middleware.ExceptionMiddleware.InvokeAsync(HttpContext context) in C:\Users\ASUS\source\repos\CMS\src\CMS.API\Middleware\Middlewares.cs:line 45
ClientConnectionId:5769e5cf-5a1b-47f5-afc6-df473745ca5d
Error Number:156,State:1,Class:15
2026-09-02 16:36:20.216 +03:00 [INF] Executed action CMS.API.Controllers.MedicalCertificatesController.GetPatientCertificates (CMS.API) in 38.4447ms
2026-09-02 16:36:20.217 +03:00 [INF] Executing OkObjectResult, writing value of type 'CMS.Shared.DTOs.ApiResponse`1[[CMS.Shared.DTOs.TriageDto, CMS.Shared, Version=1.0.0.0, Culture=neutral, PublicKeyToken=null]]'.
2026-09-02 16:36:20.249 +03:00 [INF] Executed endpoint 'CMS.API.Controllers.MedicalCertificatesController.GetPatientCertificates (CMS.API)'
2026-09-02 16:36:20.255 +03:00 [INF] Executed action CMS.API.Controllers.TriageController.GetLatestPatientVitals (CMS.API) in 68.4664ms
2026-09-02 16:36:20.255 +03:00 [INF] Request finished HTTP/1.1 GET http://localhost:5010/api/v1/medicalcertificates/patient/1 - 200 null application/json; charset=utf-8 149.2234ms
2026-09-02 16:36:20.255 +03:00 [INF] Request finished HTTP/1.1 GET http://localhost:5010/api/v1/encounters/patient/1 - 500 null application/json 149.4381ms
2026-09-02 16:36:20.258 +03:00 [INF] Executed endpoint 'CMS.API.Controllers.TriageController.GetLatestPatientVitals (CMS.API)'
2026-09-02 16:36:20.274 +03:00 [INF] Request finished HTTP/1.1 GET http://localhost:5010/api/v1/triage/patient/1/latest - 200 null application/json; charset=utf-8 168.6592ms
2026-09-02 16:36:20.365 +03:00 [INF] Request starting HTTP/1.1 GET http://localhost:5010/api/v1/patients/search - application/json null
2026-09-02 16:36:20.372 +03:00 [INF] Failed to validate the token.
Microsoft.IdentityModel.Tokens.SecurityTokenMalformedException: IDX14120: JWT is not well formed, there is only one dot (.).
The token needs to be in JWS or JWE Compact Serialization Format. (JWS): 'EncodedHeader.EncodedPayload.EncodedSignature'. (JWE): 'EncodedProtectedHeader.EncodedEncryptedKey.EncodedInitializationVector.EncodedCiphertext.EncodedAuthenticationTag'.
   at Microsoft.IdentityModel.JsonWebTokens.JsonWebToken.ReadToken(ReadOnlyMemory`1 encodedTokenMemory)
   at Microsoft.IdentityModel.JsonWebTokens.JsonWebToken..ctor(String jwtEncodedString)
   at Microsoft.IdentityModel.JsonWebTokens.JsonWebTokenHandler.ReadToken(String token, TokenValidationParameters validationParameters)
2026-09-02 16:36:20.377 +03:00 [INF] Bearer was not authenticated. Failure message: IDX14120: JWT is not well formed, there is only one dot (.).
The token needs to be in JWS or JWE Compact Serialization Format. (JWS): 'EncodedHeader.EncodedPayload.EncodedSignature'. (JWE): 'EncodedProtectedHeader.EncodedEncryptedKey.EncodedInitializationVector.EncodedCiphertext.EncodedAuthenticationTag'.
2026-09-02 16:36:20.380 +03:00 [INF] Executing endpoint 'CMS.API.Controllers.PatientsController.Search (CMS.API)'
2026-09-02 16:36:20.382 +03:00 [INF] Route matched with {action = "Search", controller = "Patients"}. Executing controller action with signature System.Threading.Tasks.Task`1[Microsoft.AspNetCore.Mvc.IActionResult] Search(System.String, Int32) on controller CMS.API.Controllers.PatientsController (CMS.API).
2026-09-02 16:36:20.388 +03:00 [INF] Executing OkObjectResult, writing value of type 'CMS.Shared.DTOs.ApiResponse`1[[System.Collections.Generic.List`1[[CMS.Shared.DTOs.PatientDto, CMS.Shared, Version=1.0.0.0, Culture=neutral, PublicKeyToken=null]], System.Private.CoreLib, Version=8.0.0.0, Culture=neutral, PublicKeyToken=7cec85d7bea7798e]]'.
2026-09-02 16:36:20.391 +03:00 [INF] Executed action CMS.API.Controllers.PatientsController.Search (CMS.API) in 4.9728ms
2026-09-02 16:36:20.394 +03:00 [INF] Executed endpoint 'CMS.API.Controllers.PatientsController.Search (CMS.API)'
2026-09-02 16:36:20.397 +03:00 [INF] Request finished HTTP/1.1 GET http://localhost:5010/api/v1/patients/search - 200 null application/json; charset=utf-8 31.8135ms
2026-09-02 16:36:20.506 +03:00 [INF] Request starting HTTP/1.1 GET http://localhost:5010/api/v1/medicalcertificates/patient/1 - application/json null
2026-09-02 16:36:20.512 +03:00 [INF] Failed to validate the token.
Microsoft.IdentityModel.Tokens.SecurityTokenMalformedException: IDX14120: JWT is not well formed, there is only one dot (.).
The token needs to be in JWS or JWE Compact Serialization Format. (JWS): 'EncodedHeader.EncodedPayload.EncodedSignature'. (JWE): 'EncodedProtectedHeader.EncodedEncryptedKey.EncodedInitializationVector.EncodedCiphertext.EncodedAuthenticationTag'.
   at Microsoft.IdentityModel.JsonWebTokens.JsonWebToken.ReadToken(ReadOnlyMemory`1 encodedTokenMemory)
   at Microsoft.IdentityModel.JsonWebTokens.JsonWebToken..ctor(String jwtEncodedString)
   at Microsoft.IdentityModel.JsonWebTokens.JsonWebTokenHandler.ReadToken(String token, TokenValidationParameters validationParameters)
2026-09-02 16:36:20.516 +03:00 [INF] Bearer was not authenticated. Failure message: IDX14120: JWT is not well formed, there is only one dot (.).
The token needs to be in JWS or JWE Compact Serialization Format. (JWS): 'EncodedHeader.EncodedPayload.EncodedSignature'. (JWE): 'EncodedProtectedHeader.EncodedEncryptedKey.EncodedInitializationVector.EncodedCiphertext.EncodedAuthenticationTag'.
2026-09-02 16:36:20.519 +03:00 [INF] Executing endpoint 'CMS.API.Controllers.MedicalCertificatesController.GetPatientCertificates (CMS.API)'
2026-09-02 16:36:20.522 +03:00 [INF] Route matched with {action = "GetPatientCertificates", controller = "MedicalCertificates"}. Executing controller action with signature System.Threading.Tasks.Task`1[Microsoft.AspNetCore.Mvc.IActionResult] GetPatientCertificates(Int32) on controller CMS.API.Controllers.MedicalCertificatesController (CMS.API).
2026-09-02 16:36:20.528 +03:00 [INF] Executing OkObjectResult, writing value of type 'CMS.Shared.DTOs.ApiResponse`1[[System.Collections.Generic.List`1[[CMS.Shared.DTOs.MedicalCertificateDto, CMS.Shared, Version=1.0.0.0, Culture=neutral, PublicKeyToken=null]], System.Private.CoreLib, Version=8.0.0.0, Culture=neutral, PublicKeyToken=7cec85d7bea7798e]]'.
2026-09-02 16:36:20.532 +03:00 [INF] Executed action CMS.API.Controllers.MedicalCertificatesController.GetPatientCertificates (CMS.API) in 6.5611ms
2026-09-02 16:36:20.535 +03:00 [INF] Request starting HTTP/1.1 GET http://localhost:5010/api/v1/encounters/patient/1 - application/json null
2026-09-02 16:36:20.536 +03:00 [INF] Executed endpoint 'CMS.API.Controllers.MedicalCertificatesController.GetPatientCertificates (CMS.API)'
2026-09-02 16:36:20.541 +03:00 [INF] Failed to validate the token.
Microsoft.IdentityModel.Tokens.SecurityTokenMalformedException: IDX14120: JWT is not well formed, there is only one dot (.).
The token needs to be in JWS or JWE Compact Serialization Format. (JWS): 'EncodedHeader.EncodedPayload.EncodedSignature'. (JWE): 'EncodedProtectedHeader.EncodedEncryptedKey.EncodedInitializationVector.EncodedCiphertext.EncodedAuthenticationTag'.
   at Microsoft.IdentityModel.JsonWebTokens.JsonWebToken.ReadToken(ReadOnlyMemory`1 encodedTokenMemory)
   at Microsoft.IdentityModel.JsonWebTokens.JsonWebToken..ctor(String jwtEncodedString)
   at Microsoft.IdentityModel.JsonWebTokens.JsonWebTokenHandler.ReadToken(String token, TokenValidationParameters validationParameters)
2026-09-02 16:36:20.543 +03:00 [INF] Request finished HTTP/1.1 GET http://localhost:5010/api/v1/medicalcertificates/patient/1 - 200 null application/json; charset=utf-8 37.2241ms
2026-09-02 16:36:20.548 +03:00 [INF] Bearer was not authenticated. Failure message: IDX14120: JWT is not well formed, there is only one dot (.).
The token needs to be in JWS or JWE Compact Serialization Format. (JWS): 'EncodedHeader.EncodedPayload.EncodedSignature'. (JWE): 'EncodedProtectedHeader.EncodedEncryptedKey.EncodedInitializationVector.EncodedCiphertext.EncodedAuthenticationTag'.
2026-09-02 16:36:20.556 +03:00 [INF] Executing endpoint 'CMS.API.Controllers.EncountersController.GetPatientEncounters (CMS.API)'
2026-09-02 16:36:20.558 +03:00 [INF] Route matched with {action = "GetPatientEncounters", controller = "Encounters"}. Executing controller action with signature System.Threading.Tasks.Task`1[Microsoft.AspNetCore.Mvc.IActionResult] GetPatientEncounters(Int32) on controller CMS.API.Controllers.EncountersController (CMS.API).
2026-09-02 16:36:20.566 +03:00 [INF] Executed action CMS.API.Controllers.EncountersController.GetPatientEncounters (CMS.API) in 3.9476ms
2026-09-02 16:36:20.569 +03:00 [INF] Request starting HTTP/1.1 GET http://localhost:5010/api/v1/triage/patient/1/latest - application/json null
2026-09-02 16:36:20.569 +03:00 [INF] Request starting HTTP/1.1 GET http://localhost:5010/api/v1/medicalcertificates/patient/1 - application/json null
2026-09-02 16:36:20.570 +03:00 [INF] Executed endpoint 'CMS.API.Controllers.EncountersController.GetPatientEncounters (CMS.API)'
2026-09-02 16:36:20.576 +03:00 [INF] Failed to validate the token.
Microsoft.IdentityModel.Tokens.SecurityTokenMalformedException: IDX14120: JWT is not well formed, there is only one dot (.).
The token needs to be in JWS or JWE Compact Serialization Format. (JWS): 'EncodedHeader.EncodedPayload.EncodedSignature'. (JWE): 'EncodedProtectedHeader.EncodedEncryptedKey.EncodedInitializationVector.EncodedCiphertext.EncodedAuthenticationTag'.
   at Microsoft.IdentityModel.JsonWebTokens.JsonWebToken.ReadToken(ReadOnlyMemory`1 encodedTokenMemory)
   at Microsoft.IdentityModel.JsonWebTokens.JsonWebToken..ctor(String jwtEncodedString)
   at Microsoft.IdentityModel.JsonWebTokens.JsonWebTokenHandler.ReadToken(String token, TokenValidationParameters validationParameters)
2026-09-02 16:36:20.581 +03:00 [INF] Failed to validate the token.
Microsoft.IdentityModel.Tokens.SecurityTokenMalformedException: IDX14120: JWT is not well formed, there is only one dot (.).
The token needs to be in JWS or JWE Compact Serialization Format. (JWS): 'EncodedHeader.EncodedPayload.EncodedSignature'. (JWE): 'EncodedProtectedHeader.EncodedEncryptedKey.EncodedInitializationVector.EncodedCiphertext.EncodedAuthenticationTag'.
   at Microsoft.IdentityModel.JsonWebTokens.JsonWebToken.ReadToken(ReadOnlyMemory`1 encodedTokenMemory)
   at Microsoft.IdentityModel.JsonWebTokens.JsonWebToken..ctor(String jwtEncodedString)
   at Microsoft.IdentityModel.JsonWebTokens.JsonWebTokenHandler.ReadToken(String token, TokenValidationParameters validationParameters)
2026-09-02 16:36:20.584 +03:00 [ERR] Unhandled exception encountered: Incorrect syntax near the keyword 'Plan'.
Microsoft.Data.SqlClient.SqlException (0x80131904): Incorrect syntax near the keyword 'Plan'.
   at Microsoft.Data.SqlClient.SqlCommand.<>c.<ExecuteDbDataReaderAsync>b__211_0(Task`1 result)
   at System.Threading.Tasks.ContinuationResultTaskFromResultTask`2.InnerInvoke()
   at System.Threading.ExecutionContext.RunInternal(ExecutionContext executionContext, ContextCallback callback, Object state)
--- End of stack trace from previous location ---
   at System.Threading.ExecutionContext.RunInternal(ExecutionContext executionContext, ContextCallback callback, Object state)
   at System.Threading.Tasks.Task.ExecuteWithThreadLocal(Task& currentTaskSlot, Thread threadPoolThread)
--- End of stack trace from previous location ---
   at Dapper.SqlMapper.QueryAsync[T](IDbConnection cnn, Type effectiveType, CommandDefinition command) in /_/Dapper/SqlMapper.Async.cs:line 434
   at CMS.Application.Encounters.EncounterService.GetPatientEncountersAsync(Byte tenantId, Int32 patientId) in C:\Users\ASUS\source\repos\CMS\src\CMS.Application\Encounters\EncounterService.cs:line 56
   at CMS.API.Controllers.EncountersController.GetPatientEncounters(Int32 patientId) in C:\Users\ASUS\source\repos\CMS\src\CMS.API\Controllers\ClinicalControllers.cs:line 97
   at Microsoft.AspNetCore.Mvc.Infrastructure.ActionMethodExecutor.TaskOfIActionResultExecutor.Execute(ActionContext actionContext, IActionResultTypeMapper mapper, ObjectMethodExecutor executor, Object controller, Object[] arguments)
   at Microsoft.AspNetCore.Mvc.Infrastructure.ControllerActionInvoker.<InvokeActionMethodAsync>g__Awaited|12_0(ControllerActionInvoker invoker, ValueTask`1 actionResultValueTask)
   at Microsoft.AspNetCore.Mvc.Infrastructure.ControllerActionInvoker.<InvokeNextActionFilterAsync>g__Awaited|10_0(ControllerActionInvoker invoker, Task lastTask, State next, Scope scope, Object state, Boolean isCompleted)
   at Microsoft.AspNetCore.Mvc.Infrastructure.ControllerActionInvoker.Rethrow(ActionExecutedContextSealed context)
   at Microsoft.AspNetCore.Mvc.Infrastructure.ControllerActionInvoker.Next(State& next, Scope& scope, Object& state, Boolean& isCompleted)
   at Microsoft.AspNetCore.Mvc.Infrastructure.ControllerActionInvoker.<InvokeInnerFilterAsync>g__Awaited|13_0(ControllerActionInvoker invoker, Task lastTask, State next, Scope scope, Object state, Boolean isCompleted)
   at Microsoft.AspNetCore.Mvc.Infrastructure.ResourceInvoker.<InvokeFilterPipelineAsync>g__Awaited|20_0(ResourceInvoker invoker, Task lastTask, State next, Scope scope, Object state, Boolean isCompleted)
   at Microsoft.AspNetCore.Mvc.Infrastructure.ResourceInvoker.<InvokeAsync>g__Logged|17_1(ResourceInvoker invoker)
   at Microsoft.AspNetCore.Mvc.Infrastructure.ResourceInvoker.<InvokeAsync>g__Logged|17_1(ResourceInvoker invoker)
   at Microsoft.AspNetCore.Routing.EndpointMiddleware.<Invoke>g__AwaitRequestTask|7_0(Endpoint endpoint, Task requestTask, ILogger logger)
   at Microsoft.AspNetCore.Authorization.AuthorizationMiddleware.Invoke(HttpContext context)
   at Microsoft.AspNetCore.Authentication.AuthenticationMiddleware.Invoke(HttpContext context)
   at Swashbuckle.AspNetCore.SwaggerUI.SwaggerUIMiddleware.Invoke(HttpContext httpContext)
   at Swashbuckle.AspNetCore.Swagger.SwaggerMiddleware.Invoke(HttpContext httpContext, ISwaggerProvider swaggerProvider)
   at CMS.API.Middleware.TenantMiddleware.InvokeAsync(HttpContext context) in C:\Users\ASUS\source\repos\CMS\src\CMS.API\Middleware\Middlewares.cs:line 26
   at CMS.API.Middleware.ExceptionMiddleware.InvokeAsync(HttpContext context) in C:\Users\ASUS\source\repos\CMS\src\CMS.API\Middleware\Middlewares.cs:line 45
ClientConnectionId:5769e5cf-5a1b-47f5-afc6-df473745ca5d
Error Number:156,State:1,Class:15
2026-09-02 16:36:20.588 +03:00 [INF] Bearer was not authenticated. Failure message: IDX14120: JWT is not well formed, there is only one dot (.).
The token needs to be in JWS or JWE Compact Serialization Format. (JWS): 'EncodedHeader.EncodedPayload.EncodedSignature'. (JWE): 'EncodedProtectedHeader.EncodedEncryptedKey.EncodedInitializationVector.EncodedCiphertext.EncodedAuthenticationTag'.
2026-09-02 16:36:20.593 +03:00 [INF] Bearer was not authenticated. Failure message: IDX14120: JWT is not well formed, there is only one dot (.).
The token needs to be in JWS or JWE Compact Serialization Format. (JWS): 'EncodedHeader.EncodedPayload.EncodedSignature'. (JWE): 'EncodedProtectedHeader.EncodedEncryptedKey.EncodedInitializationVector.EncodedCiphertext.EncodedAuthenticationTag'.
2026-09-02 16:36:20.615 +03:00 [INF] Request finished HTTP/1.1 GET http://localhost:5010/api/v1/encounters/patient/1 - 500 null application/json 79.8122ms
2026-09-02 16:36:20.614 +03:00 [INF] Executing endpoint 'CMS.API.Controllers.TriageController.GetLatestPatientVitals (CMS.API)'
2026-09-02 16:36:20.615 +03:00 [INF] Executing endpoint 'CMS.API.Controllers.MedicalCertificatesController.GetPatientCertificates (CMS.API)'
2026-09-02 16:36:20.624 +03:00 [INF] Route matched with {action = "GetLatestPatientVitals", controller = "Triage"}. Executing controller action with signature System.Threading.Tasks.Task`1[Microsoft.AspNetCore.Mvc.IActionResult] GetLatestPatientVitals(Int32) on controller CMS.API.Controllers.TriageController (CMS.API).
2026-09-02 16:36:20.627 +03:00 [INF] Route matched with {action = "GetPatientCertificates", controller = "MedicalCertificates"}. Executing controller action with signature System.Threading.Tasks.Task`1[Microsoft.AspNetCore.Mvc.IActionResult] GetPatientCertificates(Int32) on controller CMS.API.Controllers.MedicalCertificatesController (CMS.API).
2026-09-02 16:36:20.638 +03:00 [INF] Executing OkObjectResult, writing value of type 'CMS.Shared.DTOs.ApiResponse`1[[System.Collections.Generic.List`1[[CMS.Shared.DTOs.MedicalCertificateDto, CMS.Shared, Version=1.0.0.0, Culture=neutral, PublicKeyToken=null]], System.Private.CoreLib, Version=8.0.0.0, Culture=neutral, PublicKeyToken=7cec85d7bea7798e]]'.
2026-09-02 16:36:20.641 +03:00 [INF] Executed action CMS.API.Controllers.MedicalCertificatesController.GetPatientCertificates (CMS.API) in 6.8495ms
2026-09-02 16:36:20.644 +03:00 [INF] Executing OkObjectResult, writing value of type 'CMS.Shared.DTOs.ApiResponse`1[[CMS.Shared.DTOs.TriageDto, CMS.Shared, Version=1.0.0.0, Culture=neutral, PublicKeyToken=null]]'.
2026-09-02 16:36:20.645 +03:00 [INF] Executed endpoint 'CMS.API.Controllers.MedicalCertificatesController.GetPatientCertificates (CMS.API)'
2026-09-02 16:36:20.648 +03:00 [INF] Executed action CMS.API.Controllers.TriageController.GetLatestPatientVitals (CMS.API) in 17.8015ms
2026-09-02 16:36:20.650 +03:00 [INF] Request finished HTTP/1.1 GET http://localhost:5010/api/v1/medicalcertificates/patient/1 - 200 null application/json; charset=utf-8 81.0987ms
2026-09-02 16:36:20.654 +03:00 [INF] Executed endpoint 'CMS.API.Controllers.TriageController.GetLatestPatientVitals (CMS.API)'
2026-09-02 16:36:20.663 +03:00 [INF] Request finished HTTP/1.1 GET http://localhost:5010/api/v1/triage/patient/1/latest - 200 null application/json; charset=utf-8 93.8391ms
2026-09-02 16:36:20.847 +03:00 [INF] Request starting HTTP/1.1 GET http://localhost:5010/api/v1/encounters/patient/1 - application/json null
2026-09-02 16:36:20.854 +03:00 [INF] Failed to validate the token.
Microsoft.IdentityModel.Tokens.SecurityTokenMalformedException: IDX14120: JWT is not well formed, there is only one dot (.).
The token needs to be in JWS or JWE Compact Serialization Format. (JWS): 'EncodedHeader.EncodedPayload.EncodedSignature'. (JWE): 'EncodedProtectedHeader.EncodedEncryptedKey.EncodedInitializationVector.EncodedCiphertext.EncodedAuthenticationTag'.
   at Microsoft.IdentityModel.JsonWebTokens.JsonWebToken.ReadToken(ReadOnlyMemory`1 encodedTokenMemory)
   at Microsoft.IdentityModel.JsonWebTokens.JsonWebToken..ctor(String jwtEncodedString)
   at Microsoft.IdentityModel.JsonWebTokens.JsonWebTokenHandler.ReadToken(String token, TokenValidationParameters validationParameters)
2026-09-02 16:36:20.857 +03:00 [INF] Bearer was not authenticated. Failure message: IDX14120: JWT is not well formed, there is only one dot (.).
The token needs to be in JWS or JWE Compact Serialization Format. (JWS): 'EncodedHeader.EncodedPayload.EncodedSignature'. (JWE): 'EncodedProtectedHeader.EncodedEncryptedKey.EncodedInitializationVector.EncodedCiphertext.EncodedAuthenticationTag'.
2026-09-02 16:36:20.860 +03:00 [INF] Executing endpoint 'CMS.API.Controllers.EncountersController.GetPatientEncounters (CMS.API)'
2026-09-02 16:36:20.862 +03:00 [INF] Route matched with {action = "GetPatientEncounters", controller = "Encounters"}. Executing controller action with signature System.Threading.Tasks.Task`1[Microsoft.AspNetCore.Mvc.IActionResult] GetPatientEncounters(Int32) on controller CMS.API.Controllers.EncountersController (CMS.API).
2026-09-02 16:36:20.869 +03:00 [INF] Executed action CMS.API.Controllers.EncountersController.GetPatientEncounters (CMS.API) in 4.1624ms
2026-09-02 16:36:20.873 +03:00 [INF] Executed endpoint 'CMS.API.Controllers.EncountersController.GetPatientEncounters (CMS.API)'
2026-09-02 16:36:20.876 +03:00 [ERR] Unhandled exception encountered: Incorrect syntax near the keyword 'Plan'.
Microsoft.Data.SqlClient.SqlException (0x80131904): Incorrect syntax near the keyword 'Plan'.
   at Microsoft.Data.SqlClient.SqlCommand.<>c.<ExecuteDbDataReaderAsync>b__211_0(Task`1 result)
   at System.Threading.Tasks.ContinuationResultTaskFromResultTask`2.InnerInvoke()
   at System.Threading.ExecutionContext.RunInternal(ExecutionContext executionContext, ContextCallback callback, Object state)
--- End of stack trace from previous location ---
   at System.Threading.ExecutionContext.RunInternal(ExecutionContext executionContext, ContextCallback callback, Object state)
   at System.Threading.Tasks.Task.ExecuteWithThreadLocal(Task& currentTaskSlot, Thread threadPoolThread)
--- End of stack trace from previous location ---
   at Dapper.SqlMapper.QueryAsync[T](IDbConnection cnn, Type effectiveType, CommandDefinition command) in /_/Dapper/SqlMapper.Async.cs:line 434
   at CMS.Application.Encounters.EncounterService.GetPatientEncountersAsync(Byte tenantId, Int32 patientId) in C:\Users\ASUS\source\repos\CMS\src\CMS.Application\Encounters\EncounterService.cs:line 56
   at CMS.API.Controllers.EncountersController.GetPatientEncounters(Int32 patientId) in C:\Users\ASUS\source\repos\CMS\src\CMS.API\Controllers\ClinicalControllers.cs:line 97
   at Microsoft.AspNetCore.Mvc.Infrastructure.ActionMethodExecutor.TaskOfIActionResultExecutor.Execute(ActionContext actionContext, IActionResultTypeMapper mapper, ObjectMethodExecutor executor, Object controller, Object[] arguments)
   at Microsoft.AspNetCore.Mvc.Infrastructure.ControllerActionInvoker.<InvokeActionMethodAsync>g__Awaited|12_0(ControllerActionInvoker invoker, ValueTask`1 actionResultValueTask)
   at Microsoft.AspNetCore.Mvc.Infrastructure.ControllerActionInvoker.<InvokeNextActionFilterAsync>g__Awaited|10_0(ControllerActionInvoker invoker, Task lastTask, State next, Scope scope, Object state, Boolean isCompleted)
   at Microsoft.AspNetCore.Mvc.Infrastructure.ControllerActionInvoker.Rethrow(ActionExecutedContextSealed context)
   at Microsoft.AspNetCore.Mvc.Infrastructure.ControllerActionInvoker.Next(State& next, Scope& scope, Object& state, Boolean& isCompleted)
   at Microsoft.AspNetCore.Mvc.Infrastructure.ControllerActionInvoker.<InvokeInnerFilterAsync>g__Awaited|13_0(ControllerActionInvoker invoker, Task lastTask, State next, Scope scope, Object state, Boolean isCompleted)
   at Microsoft.AspNetCore.Mvc.Infrastructure.ResourceInvoker.<InvokeFilterPipelineAsync>g__Awaited|20_0(ResourceInvoker invoker, Task lastTask, State next, Scope scope, Object state, Boolean isCompleted)
   at Microsoft.AspNetCore.Mvc.Infrastructure.ResourceInvoker.<InvokeAsync>g__Logged|17_1(ResourceInvoker invoker)
   at Microsoft.AspNetCore.Mvc.Infrastructure.ResourceInvoker.<InvokeAsync>g__Logged|17_1(ResourceInvoker invoker)
   at Microsoft.AspNetCore.Routing.EndpointMiddleware.<Invoke>g__AwaitRequestTask|7_0(Endpoint endpoint, Task requestTask, ILogger logger)
   at Microsoft.AspNetCore.Authorization.AuthorizationMiddleware.Invoke(HttpContext context)
   at Microsoft.AspNetCore.Authentication.AuthenticationMiddleware.Invoke(HttpContext context)
   at Swashbuckle.AspNetCore.SwaggerUI.SwaggerUIMiddleware.Invoke(HttpContext httpContext)
   at Swashbuckle.AspNetCore.Swagger.SwaggerMiddleware.Invoke(HttpContext httpContext, ISwaggerProvider swaggerProvider)
   at CMS.API.Middleware.TenantMiddleware.InvokeAsync(HttpContext context) in C:\Users\ASUS\source\repos\CMS\src\CMS.API\Middleware\Middlewares.cs:line 26
   at CMS.API.Middleware.ExceptionMiddleware.InvokeAsync(HttpContext context) in C:\Users\ASUS\source\repos\CMS\src\CMS.API\Middleware\Middlewares.cs:line 45
ClientConnectionId:5769e5cf-5a1b-47f5-afc6-df473745ca5d
Error Number:156,State:1,Class:15
2026-09-02 16:36:20.893 +03:00 [INF] Request finished HTTP/1.1 GET http://localhost:5010/api/v1/encounters/patient/1 - 500 null application/json 45.3437ms
2026-09-02 16:36:20.925 +03:00 [INF] Request starting HTTP/1.1 GET http://localhost:5010/api/v1/medicalcertificates/patient/1 - application/json null
2026-09-02 16:36:20.931 +03:00 [INF] Failed to validate the token.
Microsoft.IdentityModel.Tokens.SecurityTokenMalformedException: IDX14120: JWT is not well formed, there is only one dot (.).
The token needs to be in JWS or JWE Compact Serialization Format. (JWS): 'EncodedHeader.EncodedPayload.EncodedSignature'. (JWE): 'EncodedProtectedHeader.EncodedEncryptedKey.EncodedInitializationVector.EncodedCiphertext.EncodedAuthenticationTag'.
   at Microsoft.IdentityModel.JsonWebTokens.JsonWebToken.ReadToken(ReadOnlyMemory`1 encodedTokenMemory)
   at Microsoft.IdentityModel.JsonWebTokens.JsonWebToken..ctor(String jwtEncodedString)
   at Microsoft.IdentityModel.JsonWebTokens.JsonWebTokenHandler.ReadToken(String token, TokenValidationParameters validationParameters)
2026-09-02 16:36:20.934 +03:00 [INF] Bearer was not authenticated. Failure message: IDX14120: JWT is not well formed, there is only one dot (.).
The token needs to be in JWS or JWE Compact Serialization Format. (JWS): 'EncodedHeader.EncodedPayload.EncodedSignature'. (JWE): 'EncodedProtectedHeader.EncodedEncryptedKey.EncodedInitializationVector.EncodedCiphertext.EncodedAuthenticationTag'.
2026-09-02 16:36:20.937 +03:00 [INF] Executing endpoint 'CMS.API.Controllers.MedicalCertificatesController.GetPatientCertificates (CMS.API)'
2026-09-02 16:36:20.940 +03:00 [INF] Route matched with {action = "GetPatientCertificates", controller = "MedicalCertificates"}. Executing controller action with signature System.Threading.Tasks.Task`1[Microsoft.AspNetCore.Mvc.IActionResult] GetPatientCertificates(Int32) on controller CMS.API.Controllers.MedicalCertificatesController (CMS.API).
2026-09-02 16:36:20.945 +03:00 [INF] Executing OkObjectResult, writing value of type 'CMS.Shared.DTOs.ApiResponse`1[[System.Collections.Generic.List`1[[CMS.Shared.DTOs.MedicalCertificateDto, CMS.Shared, Version=1.0.0.0, Culture=neutral, PublicKeyToken=null]], System.Private.CoreLib, Version=8.0.0.0, Culture=neutral, PublicKeyToken=7cec85d7bea7798e]]'.
2026-09-02 16:36:20.948 +03:00 [INF] Executed action CMS.API.Controllers.MedicalCertificatesController.GetPatientCertificates (CMS.API) in 4.6224ms
2026-09-02 16:36:20.954 +03:00 [INF] Executed endpoint 'CMS.API.Controllers.MedicalCertificatesController.GetPatientCertificates (CMS.API)'
2026-09-02 16:36:20.955 +03:00 [INF] Request starting HTTP/1.1 GET http://localhost:5010/api/v1/triage/patient/1/latest - application/json null
2026-09-02 16:36:20.955 +03:00 [INF] Request starting HTTP/1.1 GET http://localhost:5010/api/v1/encounters/patient/1 - application/json null
2026-09-02 16:36:20.957 +03:00 [INF] Request finished HTTP/1.1 GET http://localhost:5010/api/v1/medicalcertificates/patient/1 - 200 null application/json; charset=utf-8 31.8616ms
2026-09-02 16:36:20.963 +03:00 [INF] Failed to validate the token.
Microsoft.IdentityModel.Tokens.SecurityTokenMalformedException: IDX14120: JWT is not well formed, there is only one dot (.).
The token needs to be in JWS or JWE Compact Serialization Format. (JWS): 'EncodedHeader.EncodedPayload.EncodedSignature'. (JWE): 'EncodedProtectedHeader.EncodedEncryptedKey.EncodedInitializationVector.EncodedCiphertext.EncodedAuthenticationTag'.
   at Microsoft.IdentityModel.JsonWebTokens.JsonWebToken.ReadToken(ReadOnlyMemory`1 encodedTokenMemory)
   at Microsoft.IdentityModel.JsonWebTokens.JsonWebToken..ctor(String jwtEncodedString)
   at Microsoft.IdentityModel.JsonWebTokens.JsonWebTokenHandler.ReadToken(String token, TokenValidationParameters validationParameters)
2026-09-02 16:36:20.967 +03:00 [INF] Failed to validate the token.
Microsoft.IdentityModel.Tokens.SecurityTokenMalformedException: IDX14120: JWT is not well formed, there is only one dot (.).
The token needs to be in JWS or JWE Compact Serialization Format. (JWS): 'EncodedHeader.EncodedPayload.EncodedSignature'. (JWE): 'EncodedProtectedHeader.EncodedEncryptedKey.EncodedInitializationVector.EncodedCiphertext.EncodedAuthenticationTag'.
   at Microsoft.IdentityModel.JsonWebTokens.JsonWebToken.ReadToken(ReadOnlyMemory`1 encodedTokenMemory)
   at Microsoft.IdentityModel.JsonWebTokens.JsonWebToken..ctor(String jwtEncodedString)
   at Microsoft.IdentityModel.JsonWebTokens.JsonWebTokenHandler.ReadToken(String token, TokenValidationParameters validationParameters)
2026-09-02 16:36:20.977 +03:00 [INF] Bearer was not authenticated. Failure message: IDX14120: JWT is not well formed, there is only one dot (.).
The token needs to be in JWS or JWE Compact Serialization Format. (JWS): 'EncodedHeader.EncodedPayload.EncodedSignature'. (JWE): 'EncodedProtectedHeader.EncodedEncryptedKey.EncodedInitializationVector.EncodedCiphertext.EncodedAuthenticationTag'.
2026-09-02 16:36:20.980 +03:00 [INF] Bearer was not authenticated. Failure message: IDX14120: JWT is not well formed, there is only one dot (.).
The token needs to be in JWS or JWE Compact Serialization Format. (JWS): 'EncodedHeader.EncodedPayload.EncodedSignature'. (JWE): 'EncodedProtectedHeader.EncodedEncryptedKey.EncodedInitializationVector.EncodedCiphertext.EncodedAuthenticationTag'.
2026-09-02 16:36:20.983 +03:00 [INF] Executing endpoint 'CMS.API.Controllers.TriageController.GetLatestPatientVitals (CMS.API)'
2026-09-02 16:36:20.986 +03:00 [INF] Executing endpoint 'CMS.API.Controllers.EncountersController.GetPatientEncounters (CMS.API)'
2026-09-02 16:36:20.988 +03:00 [INF] Route matched with {action = "GetLatestPatientVitals", controller = "Triage"}. Executing controller action with signature System.Threading.Tasks.Task`1[Microsoft.AspNetCore.Mvc.IActionResult] GetLatestPatientVitals(Int32) on controller CMS.API.Controllers.TriageController (CMS.API).
2026-09-02 16:36:20.990 +03:00 [INF] Route matched with {action = "GetPatientEncounters", controller = "Encounters"}. Executing controller action with signature System.Threading.Tasks.Task`1[Microsoft.AspNetCore.Mvc.IActionResult] GetPatientEncounters(Int32) on controller CMS.API.Controllers.EncountersController (CMS.API).
2026-09-02 16:36:20.997 +03:00 [INF] Executing OkObjectResult, writing value of type 'CMS.Shared.DTOs.ApiResponse`1[[CMS.Shared.DTOs.TriageDto, CMS.Shared, Version=1.0.0.0, Culture=neutral, PublicKeyToken=null]]'.
2026-09-02 16:36:21.001 +03:00 [INF] Executed action CMS.API.Controllers.EncountersController.GetPatientEncounters (CMS.API) in 2.8552ms
2026-09-02 16:36:21.002 +03:00 [INF] Executed action CMS.API.Controllers.TriageController.GetLatestPatientVitals (CMS.API) in 7.7121ms
2026-09-02 16:36:21.005 +03:00 [INF] Executed endpoint 'CMS.API.Controllers.EncountersController.GetPatientEncounters (CMS.API)'
2026-09-02 16:36:21.008 +03:00 [INF] Executed endpoint 'CMS.API.Controllers.TriageController.GetLatestPatientVitals (CMS.API)'
2026-09-02 16:36:21.010 +03:00 [ERR] Unhandled exception encountered: Incorrect syntax near the keyword 'Plan'.
Microsoft.Data.SqlClient.SqlException (0x80131904): Incorrect syntax near the keyword 'Plan'.
   at Microsoft.Data.SqlClient.SqlCommand.<>c.<ExecuteDbDataReaderAsync>b__211_0(Task`1 result)
   at System.Threading.Tasks.ContinuationResultTaskFromResultTask`2.InnerInvoke()
   at System.Threading.ExecutionContext.RunInternal(ExecutionContext executionContext, ContextCallback callback, Object state)
--- End of stack trace from previous location ---
   at System.Threading.ExecutionContext.RunInternal(ExecutionContext executionContext, ContextCallback callback, Object state)
   at System.Threading.Tasks.Task.ExecuteWithThreadLocal(Task& currentTaskSlot, Thread threadPoolThread)
--- End of stack trace from previous location ---
   at Dapper.SqlMapper.QueryAsync[T](IDbConnection cnn, Type effectiveType, CommandDefinition command) in /_/Dapper/SqlMapper.Async.cs:line 434
   at CMS.Application.Encounters.EncounterService.GetPatientEncountersAsync(Byte tenantId, Int32 patientId) in C:\Users\ASUS\source\repos\CMS\src\CMS.Application\Encounters\EncounterService.cs:line 56
   at CMS.API.Controllers.EncountersController.GetPatientEncounters(Int32 patientId) in C:\Users\ASUS\source\repos\CMS\src\CMS.API\Controllers\ClinicalControllers.cs:line 97
   at Microsoft.AspNetCore.Mvc.Infrastructure.ActionMethodExecutor.TaskOfIActionResultExecutor.Execute(ActionContext actionContext, IActionResultTypeMapper mapper, ObjectMethodExecutor executor, Object controller, Object[] arguments)
   at Microsoft.AspNetCore.Mvc.Infrastructure.ControllerActionInvoker.<InvokeActionMethodAsync>g__Awaited|12_0(ControllerActionInvoker invoker, ValueTask`1 actionResultValueTask)
   at Microsoft.AspNetCore.Mvc.Infrastructure.ControllerActionInvoker.<InvokeNextActionFilterAsync>g__Awaited|10_0(ControllerActionInvoker invoker, Task lastTask, State next, Scope scope, Object state, Boolean isCompleted)
   at Microsoft.AspNetCore.Mvc.Infrastructure.ControllerActionInvoker.Rethrow(ActionExecutedContextSealed context)
   at Microsoft.AspNetCore.Mvc.Infrastructure.ControllerActionInvoker.Next(State& next, Scope& scope, Object& state, Boolean& isCompleted)
   at Microsoft.AspNetCore.Mvc.Infrastructure.ControllerActionInvoker.<InvokeInnerFilterAsync>g__Awaited|13_0(ControllerActionInvoker invoker, Task lastTask, State next, Scope scope, Object state, Boolean isCompleted)
   at Microsoft.AspNetCore.Mvc.Infrastructure.ResourceInvoker.<InvokeFilterPipelineAsync>g__Awaited|20_0(ResourceInvoker invoker, Task lastTask, State next, Scope scope, Object state, Boolean isCompleted)
   at Microsoft.AspNetCore.Mvc.Infrastructure.ResourceInvoker.<InvokeAsync>g__Logged|17_1(ResourceInvoker invoker)
   at Microsoft.AspNetCore.Mvc.Infrastructure.ResourceInvoker.<InvokeAsync>g__Logged|17_1(ResourceInvoker invoker)
   at Microsoft.AspNetCore.Routing.EndpointMiddleware.<Invoke>g__AwaitRequestTask|7_0(Endpoint endpoint, Task requestTask, ILogger logger)
   at Microsoft.AspNetCore.Authorization.AuthorizationMiddleware.Invoke(HttpContext context)
   at Microsoft.AspNetCore.Authentication.AuthenticationMiddleware.Invoke(HttpContext context)
   at Swashbuckle.AspNetCore.SwaggerUI.SwaggerUIMiddleware.Invoke(HttpContext httpContext)
   at Swashbuckle.AspNetCore.Swagger.SwaggerMiddleware.Invoke(HttpContext httpContext, ISwaggerProvider swaggerProvider)
   at CMS.API.Middleware.TenantMiddleware.InvokeAsync(HttpContext context) in C:\Users\ASUS\source\repos\CMS\src\CMS.API\Middleware\Middlewares.cs:line 26
   at CMS.API.Middleware.ExceptionMiddleware.InvokeAsync(HttpContext context) in C:\Users\ASUS\source\repos\CMS\src\CMS.API\Middleware\Middlewares.cs:line 45
ClientConnectionId:5769e5cf-5a1b-47f5-afc6-df473745ca5d
Error Number:156,State:1,Class:15
2026-09-02 16:36:21.012 +03:00 [INF] Request finished HTTP/1.1 GET http://localhost:5010/api/v1/triage/patient/1/latest - 200 null application/json; charset=utf-8 57.4791ms
2026-09-02 16:36:21.035 +03:00 [INF] Request finished HTTP/1.1 GET http://localhost:5010/api/v1/encounters/patient/1 - 500 null application/json 80.0452ms
2026-09-02 16:36:21.203 +03:00 [INF] Request starting HTTP/1.1 GET http://localhost:5010/api/v1/triage/patient/1/latest - application/json null
2026-09-02 16:36:21.208 +03:00 [INF] Failed to validate the token.
Microsoft.IdentityModel.Tokens.SecurityTokenMalformedException: IDX14120: JWT is not well formed, there is only one dot (.).
The token needs to be in JWS or JWE Compact Serialization Format. (JWS): 'EncodedHeader.EncodedPayload.EncodedSignature'. (JWE): 'EncodedProtectedHeader.EncodedEncryptedKey.EncodedInitializationVector.EncodedCiphertext.EncodedAuthenticationTag'.
   at Microsoft.IdentityModel.JsonWebTokens.JsonWebToken.ReadToken(ReadOnlyMemory`1 encodedTokenMemory)
   at Microsoft.IdentityModel.JsonWebTokens.JsonWebToken..ctor(String jwtEncodedString)
   at Microsoft.IdentityModel.JsonWebTokens.JsonWebTokenHandler.ReadToken(String token, TokenValidationParameters validationParameters)
2026-09-02 16:36:21.212 +03:00 [INF] Bearer was not authenticated. Failure message: IDX14120: JWT is not well formed, there is only one dot (.).
The token needs to be in JWS or JWE Compact Serialization Format. (JWS): 'EncodedHeader.EncodedPayload.EncodedSignature'. (JWE): 'EncodedProtectedHeader.EncodedEncryptedKey.EncodedInitializationVector.EncodedCiphertext.EncodedAuthenticationTag'.
2026-09-02 16:36:21.214 +03:00 [INF] Executing endpoint 'CMS.API.Controllers.TriageController.GetLatestPatientVitals (CMS.API)'
2026-09-02 16:36:21.217 +03:00 [INF] Route matched with {action = "GetLatestPatientVitals", controller = "Triage"}. Executing controller action with signature System.Threading.Tasks.Task`1[Microsoft.AspNetCore.Mvc.IActionResult] GetLatestPatientVitals(Int32) on controller CMS.API.Controllers.TriageController (CMS.API).
2026-09-02 16:36:21.222 +03:00 [INF] Executing OkObjectResult, writing value of type 'CMS.Shared.DTOs.ApiResponse`1[[CMS.Shared.DTOs.TriageDto, CMS.Shared, Version=1.0.0.0, Culture=neutral, PublicKeyToken=null]]'.
2026-09-02 16:36:21.225 +03:00 [INF] Executed action CMS.API.Controllers.TriageController.GetLatestPatientVitals (CMS.API) in 4.9611ms
2026-09-02 16:36:21.228 +03:00 [INF] Executed endpoint 'CMS.API.Controllers.TriageController.GetLatestPatientVitals (CMS.API)'
2026-09-02 16:36:21.230 +03:00 [INF] Request finished HTTP/1.1 GET http://localhost:5010/api/v1/triage/patient/1/latest - 200 null application/json; charset=utf-8 27.542ms
2026-09-02 16:37:16.677 +03:00 [INF] Request starting HTTP/1.1 GET http://localhost:5010/api/v1/staff/doctors - application/json null
2026-09-02 16:37:16.678 +03:00 [INF] Request starting HTTP/1.1 GET http://localhost:5010/api/v1/appointments/doctor/1?date=2026-09-02 - application/json null
2026-09-02 16:37:16.688 +03:00 [INF] Failed to validate the token.
Microsoft.IdentityModel.Tokens.SecurityTokenMalformedException: IDX14120: JWT is not well formed, there is only one dot (.).
The token needs to be in JWS or JWE Compact Serialization Format. (JWS): 'EncodedHeader.EncodedPayload.EncodedSignature'. (JWE): 'EncodedProtectedHeader.EncodedEncryptedKey.EncodedInitializationVector.EncodedCiphertext.EncodedAuthenticationTag'.
   at Microsoft.IdentityModel.JsonWebTokens.JsonWebToken.ReadToken(ReadOnlyMemory`1 encodedTokenMemory)
   at Microsoft.IdentityModel.JsonWebTokens.JsonWebToken..ctor(String jwtEncodedString)
   at Microsoft.IdentityModel.JsonWebTokens.JsonWebTokenHandler.ReadToken(String token, TokenValidationParameters validationParameters)
2026-09-02 16:37:16.696 +03:00 [INF] Failed to validate the token.
Microsoft.IdentityModel.Tokens.SecurityTokenMalformedException: IDX14120: JWT is not well formed, there is only one dot (.).
The token needs to be in JWS or JWE Compact Serialization Format. (JWS): 'EncodedHeader.EncodedPayload.EncodedSignature'. (JWE): 'EncodedProtectedHeader.EncodedEncryptedKey.EncodedInitializationVector.EncodedCiphertext.EncodedAuthenticationTag'.
   at Microsoft.IdentityModel.JsonWebTokens.JsonWebToken.ReadToken(ReadOnlyMemory`1 encodedTokenMemory)
   at Microsoft.IdentityModel.JsonWebTokens.JsonWebToken..ctor(String jwtEncodedString)
   at Microsoft.IdentityModel.JsonWebTokens.JsonWebTokenHandler.ReadToken(String token, TokenValidationParameters validationParameters)
2026-09-02 16:37:16.705 +03:00 [INF] Bearer was not authenticated. Failure message: IDX14120: JWT is not well formed, there is only one dot (.).
The token needs to be in JWS or JWE Compact Serialization Format. (JWS): 'EncodedHeader.EncodedPayload.EncodedSignature'. (JWE): 'EncodedProtectedHeader.EncodedEncryptedKey.EncodedInitializationVector.EncodedCiphertext.EncodedAuthenticationTag'.
2026-09-02 16:37:16.711 +03:00 [INF] Bearer was not authenticated. Failure message: IDX14120: JWT is not well formed, there is only one dot (.).
The token needs to be in JWS or JWE Compact Serialization Format. (JWS): 'EncodedHeader.EncodedPayload.EncodedSignature'. (JWE): 'EncodedProtectedHeader.EncodedEncryptedKey.EncodedInitializationVector.EncodedCiphertext.EncodedAuthenticationTag'.
2026-09-02 16:37:16.715 +03:00 [INF] Executing endpoint 'CMS.API.Controllers.StaffController.GetDoctors (CMS.API)'
2026-09-02 16:37:16.721 +03:00 [INF] Executing endpoint 'CMS.API.Controllers.AppointmentsController.GetDoctorAppointments (CMS.API)'
2026-09-02 16:37:16.726 +03:00 [INF] Route matched with {action = "GetDoctors", controller = "Staff"}. Executing controller action with signature System.Threading.Tasks.Task`1[Microsoft.AspNetCore.Mvc.IActionResult] GetDoctors() on controller CMS.API.Controllers.StaffController (CMS.API).
2026-09-02 16:37:16.742 +03:00 [INF] Route matched with {action = "GetDoctorAppointments", controller = "Appointments"}. Executing controller action with signature System.Threading.Tasks.Task`1[Microsoft.AspNetCore.Mvc.IActionResult] GetDoctorAppointments(Int32, System.DateTime) on controller CMS.API.Controllers.AppointmentsController (CMS.API).
2026-09-02 16:37:16.742 +03:00 [INF] Executing OkObjectResult, writing value of type 'CMS.Shared.DTOs.ApiResponse`1[[System.Collections.Generic.List`1[[CMS.Shared.DTOs.DoctorDto, CMS.Shared, Version=1.0.0.0, Culture=neutral, PublicKeyToken=null]], System.Private.CoreLib, Version=8.0.0.0, Culture=neutral, PublicKeyToken=7cec85d7bea7798e]]'.
2026-09-02 16:37:16.756 +03:00 [INF] Executed action CMS.API.Controllers.StaffController.GetDoctors (CMS.API) in 18.0247ms
2026-09-02 16:37:16.762 +03:00 [INF] Executed endpoint 'CMS.API.Controllers.StaffController.GetDoctors (CMS.API)'
2026-09-02 16:37:16.767 +03:00 [INF] Request finished HTTP/1.1 GET http://localhost:5010/api/v1/staff/doctors - 200 null application/json; charset=utf-8 89.619ms
2026-09-02 16:37:16.840 +03:00 [INF] Executed action CMS.API.Controllers.AppointmentsController.GetDoctorAppointments (CMS.API) in 90.0824ms
2026-09-02 16:37:16.844 +03:00 [INF] Executed endpoint 'CMS.API.Controllers.AppointmentsController.GetDoctorAppointments (CMS.API)'
2026-09-02 16:37:16.847 +03:00 [ERR] Unhandled exception encountered: A parameterless default constructor or one matching signature (System.Int32 Id, System.Int32 PatientId, System.String PatientName, System.Int32 DoctorId, System.String DoctorName, System.DateTime SlotDateTime, System.Byte DurationMinutes, System.Byte StatusId, System.String StatusName, System.String ReasonForVisit) is required for CMS.Shared.DTOs.AppointmentDto materialization
System.InvalidOperationException: A parameterless default constructor or one matching signature (System.Int32 Id, System.Int32 PatientId, System.String PatientName, System.Int32 DoctorId, System.String DoctorName, System.DateTime SlotDateTime, System.Byte DurationMinutes, System.Byte StatusId, System.String StatusName, System.String ReasonForVisit) is required for CMS.Shared.DTOs.AppointmentDto materialization
   at Dapper.SqlMapper.GenerateDeserializerFromMap(Type type, DbDataReader reader, Int32 startBound, Int32 length, Boolean returnNullIfFirstMissing, ILGenerator il) in /_/Dapper/SqlMapper.cs:line 3473
   at Dapper.SqlMapper.GetTypeDeserializerImpl(Type type, DbDataReader reader, Int32 startBound, Int32 length, Boolean returnNullIfFirstMissing) in /_/Dapper/SqlMapper.cs:line 3304
   at Dapper.SqlMapper.TypeDeserializerCache.GetReader(DbDataReader reader, Int32 startBound, Int32 length, Boolean returnNullIfFirstMissing) in /_/Dapper/SqlMapper.TypeDeserializerCache.cs:line 151
   at Dapper.SqlMapper.TypeDeserializerCache.GetReader(Type type, DbDataReader reader, Int32 startBound, Int32 length, Boolean returnNullIfFirstMissing) in /_/Dapper/SqlMapper.TypeDeserializerCache.cs:line 50
   at Dapper.SqlMapper.GetTypeDeserializer(Type type, DbDataReader reader, Int32 startBound, Int32 length, Boolean returnNullIfFirstMissing) in /_/Dapper/SqlMapper.cs:line 3258
   at Dapper.SqlMapper.GetDeserializer(Type type, DbDataReader reader, Int32 startBound, Int32 length, Boolean returnNullIfFirstMissing) in /_/Dapper/SqlMapper.cs:line 1945
   at Dapper.SqlMapper.QueryAsync[T](IDbConnection cnn, Type effectiveType, CommandDefinition command) in /_/Dapper/SqlMapper.Async.cs:line 442
   at CMS.Application.Appointments.AppointmentService.GetDoctorAppointmentsAsync(Byte tenantId, Int32 doctorId, DateTime date) in C:\Users\ASUS\source\repos\CMS\src\CMS.Application\Appointments\AppointmentService.cs:line 55
   at CMS.API.Controllers.AppointmentsController.GetDoctorAppointments(Int32 doctorId, DateTime date) in C:\Users\ASUS\source\repos\CMS\src\CMS.API\Controllers\ClinicalControllers.cs:line 60
   at Microsoft.AspNetCore.Mvc.Infrastructure.ActionMethodExecutor.TaskOfIActionResultExecutor.Execute(ActionContext actionContext, IActionResultTypeMapper mapper, ObjectMethodExecutor executor, Object controller, Object[] arguments)
   at Microsoft.AspNetCore.Mvc.Infrastructure.ControllerActionInvoker.<InvokeActionMethodAsync>g__Awaited|12_0(ControllerActionInvoker invoker, ValueTask`1 actionResultValueTask)
   at Microsoft.AspNetCore.Mvc.Infrastructure.ControllerActionInvoker.<InvokeNextActionFilterAsync>g__Awaited|10_0(ControllerActionInvoker invoker, Task lastTask, State next, Scope scope, Object state, Boolean isCompleted)
   at Microsoft.AspNetCore.Mvc.Infrastructure.ControllerActionInvoker.Rethrow(ActionExecutedContextSealed context)
   at Microsoft.AspNetCore.Mvc.Infrastructure.ControllerActionInvoker.Next(State& next, Scope& scope, Object& state, Boolean& isCompleted)
   at Microsoft.AspNetCore.Mvc.Infrastructure.ControllerActionInvoker.<InvokeInnerFilterAsync>g__Awaited|13_0(ControllerActionInvoker invoker, Task lastTask, State next, Scope scope, Object state, Boolean isCompleted)
   at Microsoft.AspNetCore.Mvc.Infrastructure.ResourceInvoker.<InvokeFilterPipelineAsync>g__Awaited|20_0(ResourceInvoker invoker, Task lastTask, State next, Scope scope, Object state, Boolean isCompleted)
   at Microsoft.AspNetCore.Mvc.Infrastructure.ResourceInvoker.<InvokeAsync>g__Logged|17_1(ResourceInvoker invoker)
   at Microsoft.AspNetCore.Mvc.Infrastructure.ResourceInvoker.<InvokeAsync>g__Logged|17_1(ResourceInvoker invoker)
   at Microsoft.AspNetCore.Routing.EndpointMiddleware.<Invoke>g__AwaitRequestTask|7_0(Endpoint endpoint, Task requestTask, ILogger logger)
   at Microsoft.AspNetCore.Authorization.AuthorizationMiddleware.Invoke(HttpContext context)
   at Microsoft.AspNetCore.Authentication.AuthenticationMiddleware.Invoke(HttpContext context)
   at Swashbuckle.AspNetCore.SwaggerUI.SwaggerUIMiddleware.Invoke(HttpContext httpContext)
   at Swashbuckle.AspNetCore.Swagger.SwaggerMiddleware.Invoke(HttpContext httpContext, ISwaggerProvider swaggerProvider)
   at CMS.API.Middleware.TenantMiddleware.InvokeAsync(HttpContext context) in C:\Users\ASUS\source\repos\CMS\src\CMS.API\Middleware\Middlewares.cs:line 26
   at CMS.API.Middleware.ExceptionMiddleware.InvokeAsync(HttpContext context) in C:\Users\ASUS\source\repos\CMS\src\CMS.API\Middleware\Middlewares.cs:line 45
2026-09-02 16:37:16.866 +03:00 [INF] Request finished HTTP/1.1 GET http://localhost:5010/api/v1/appointments/doctor/1?date=2026-09-02 - 500 null application/json 187.9142ms
2026-09-02 16:37:16.920 +03:00 [INF] Request starting HTTP/1.1 GET http://localhost:5010/api/v1/staff/doctors - application/json null
2026-09-02 16:37:16.930 +03:00 [INF] Failed to validate the token.
Microsoft.IdentityModel.Tokens.SecurityTokenMalformedException: IDX14120: JWT is not well formed, there is only one dot (.).
The token needs to be in JWS or JWE Compact Serialization Format. (JWS): 'EncodedHeader.EncodedPayload.EncodedSignature'. (JWE): 'EncodedProtectedHeader.EncodedEncryptedKey.EncodedInitializationVector.EncodedCiphertext.EncodedAuthenticationTag'.
   at Microsoft.IdentityModel.JsonWebTokens.JsonWebToken.ReadToken(ReadOnlyMemory`1 encodedTokenMemory)
   at Microsoft.IdentityModel.JsonWebTokens.JsonWebToken..ctor(String jwtEncodedString)
   at Microsoft.IdentityModel.JsonWebTokens.JsonWebTokenHandler.ReadToken(String token, TokenValidationParameters validationParameters)
2026-09-02 16:37:16.938 +03:00 [INF] Bearer was not authenticated. Failure message: IDX14120: JWT is not well formed, there is only one dot (.).
The token needs to be in JWS or JWE Compact Serialization Format. (JWS): 'EncodedHeader.EncodedPayload.EncodedSignature'. (JWE): 'EncodedProtectedHeader.EncodedEncryptedKey.EncodedInitializationVector.EncodedCiphertext.EncodedAuthenticationTag'.
2026-09-02 16:37:16.944 +03:00 [INF] Executing endpoint 'CMS.API.Controllers.StaffController.GetDoctors (CMS.API)'
2026-09-02 16:37:16.950 +03:00 [INF] Route matched with {action = "GetDoctors", controller = "Staff"}. Executing controller action with signature System.Threading.Tasks.Task`1[Microsoft.AspNetCore.Mvc.IActionResult] GetDoctors() on controller CMS.API.Controllers.StaffController (CMS.API).
2026-09-02 16:37:16.961 +03:00 [INF] Executing OkObjectResult, writing value of type 'CMS.Shared.DTOs.ApiResponse`1[[System.Collections.Generic.List`1[[CMS.Shared.DTOs.DoctorDto, CMS.Shared, Version=1.0.0.0, Culture=neutral, PublicKeyToken=null]], System.Private.CoreLib, Version=8.0.0.0, Culture=neutral, PublicKeyToken=7cec85d7bea7798e]]'.
2026-09-02 16:37:16.968 +03:00 [INF] Executed action CMS.API.Controllers.StaffController.GetDoctors (CMS.API) in 8.6105ms
2026-09-02 16:37:16.973 +03:00 [INF] Executed endpoint 'CMS.API.Controllers.StaffController.GetDoctors (CMS.API)'
2026-09-02 16:37:16.978 +03:00 [INF] Request finished HTTP/1.1 GET http://localhost:5010/api/v1/staff/doctors - 200 null application/json; charset=utf-8 57.6315ms
2026-09-02 16:37:17.075 +03:00 [INF] Request starting HTTP/1.1 GET http://localhost:5010/api/v1/appointments/doctor/1?date=2026-09-02 - application/json null
2026-09-02 16:37:17.083 +03:00 [INF] Failed to validate the token.
Microsoft.IdentityModel.Tokens.SecurityTokenMalformedException: IDX14120: JWT is not well formed, there is only one dot (.).
The token needs to be in JWS or JWE Compact Serialization Format. (JWS): 'EncodedHeader.EncodedPayload.EncodedSignature'. (JWE): 'EncodedProtectedHeader.EncodedEncryptedKey.EncodedInitializationVector.EncodedCiphertext.EncodedAuthenticationTag'.
   at Microsoft.IdentityModel.JsonWebTokens.JsonWebToken.ReadToken(ReadOnlyMemory`1 encodedTokenMemory)
   at Microsoft.IdentityModel.JsonWebTokens.JsonWebToken..ctor(String jwtEncodedString)
   at Microsoft.IdentityModel.JsonWebTokens.JsonWebTokenHandler.ReadToken(String token, TokenValidationParameters validationParameters)
2026-09-02 16:37:17.089 +03:00 [INF] Bearer was not authenticated. Failure message: IDX14120: JWT is not well formed, there is only one dot (.).
The token needs to be in JWS or JWE Compact Serialization Format. (JWS): 'EncodedHeader.EncodedPayload.EncodedSignature'. (JWE): 'EncodedProtectedHeader.EncodedEncryptedKey.EncodedInitializationVector.EncodedCiphertext.EncodedAuthenticationTag'.
2026-09-02 16:37:17.093 +03:00 [INF] Executing endpoint 'CMS.API.Controllers.AppointmentsController.GetDoctorAppointments (CMS.API)'
2026-09-02 16:37:17.097 +03:00 [INF] Route matched with {action = "GetDoctorAppointments", controller = "Appointments"}. Executing controller action with signature System.Threading.Tasks.Task`1[Microsoft.AspNetCore.Mvc.IActionResult] GetDoctorAppointments(Int32, System.DateTime) on controller CMS.API.Controllers.AppointmentsController (CMS.API).
2026-09-02 16:37:17.107 +03:00 [INF] Executed action CMS.API.Controllers.AppointmentsController.GetDoctorAppointments (CMS.API) in 4.8029ms
2026-09-02 16:37:17.110 +03:00 [INF] Executed endpoint 'CMS.API.Controllers.AppointmentsController.GetDoctorAppointments (CMS.API)'
2026-09-02 16:37:17.112 +03:00 [ERR] Unhandled exception encountered: A parameterless default constructor or one matching signature (System.Int32 Id, System.Int32 PatientId, System.String PatientName, System.Int32 DoctorId, System.String DoctorName, System.DateTime SlotDateTime, System.Byte DurationMinutes, System.Byte StatusId, System.String StatusName, System.String ReasonForVisit) is required for CMS.Shared.DTOs.AppointmentDto materialization
System.InvalidOperationException: A parameterless default constructor or one matching signature (System.Int32 Id, System.Int32 PatientId, System.String PatientName, System.Int32 DoctorId, System.String DoctorName, System.DateTime SlotDateTime, System.Byte DurationMinutes, System.Byte StatusId, System.String StatusName, System.String ReasonForVisit) is required for CMS.Shared.DTOs.AppointmentDto materialization
   at Dapper.SqlMapper.GenerateDeserializerFromMap(Type type, DbDataReader reader, Int32 startBound, Int32 length, Boolean returnNullIfFirstMissing, ILGenerator il) in /_/Dapper/SqlMapper.cs:line 3473
   at Dapper.SqlMapper.GetTypeDeserializerImpl(Type type, DbDataReader reader, Int32 startBound, Int32 length, Boolean returnNullIfFirstMissing) in /_/Dapper/SqlMapper.cs:line 3304
   at Dapper.SqlMapper.TypeDeserializerCache.GetReader(DbDataReader reader, Int32 startBound, Int32 length, Boolean returnNullIfFirstMissing) in /_/Dapper/SqlMapper.TypeDeserializerCache.cs:line 151
   at Dapper.SqlMapper.TypeDeserializerCache.GetReader(Type type, DbDataReader reader, Int32 startBound, Int32 length, Boolean returnNullIfFirstMissing) in /_/Dapper/SqlMapper.TypeDeserializerCache.cs:line 50
   at Dapper.SqlMapper.GetTypeDeserializer(Type type, DbDataReader reader, Int32 startBound, Int32 length, Boolean returnNullIfFirstMissing) in /_/Dapper/SqlMapper.cs:line 3258
   at Dapper.SqlMapper.GetDeserializer(Type type, DbDataReader reader, Int32 startBound, Int32 length, Boolean returnNullIfFirstMissing) in /_/Dapper/SqlMapper.cs:line 1945
   at Dapper.SqlMapper.QueryAsync[T](IDbConnection cnn, Type effectiveType, CommandDefinition command) in /_/Dapper/SqlMapper.Async.cs:line 442
   at CMS.Application.Appointments.AppointmentService.GetDoctorAppointmentsAsync(Byte tenantId, Int32 doctorId, DateTime date) in C:\Users\ASUS\source\repos\CMS\src\CMS.Application\Appointments\AppointmentService.cs:line 55
   at CMS.API.Controllers.AppointmentsController.GetDoctorAppointments(Int32 doctorId, DateTime date) in C:\Users\ASUS\source\repos\CMS\src\CMS.API\Controllers\ClinicalControllers.cs:line 60
   at Microsoft.AspNetCore.Mvc.Infrastructure.ActionMethodExecutor.TaskOfIActionResultExecutor.Execute(ActionContext actionContext, IActionResultTypeMapper mapper, ObjectMethodExecutor executor, Object controller, Object[] arguments)
   at Microsoft.AspNetCore.Mvc.Infrastructure.ControllerActionInvoker.<InvokeActionMethodAsync>g__Awaited|12_0(ControllerActionInvoker invoker, ValueTask`1 actionResultValueTask)
   at Microsoft.AspNetCore.Mvc.Infrastructure.ControllerActionInvoker.<InvokeNextActionFilterAsync>g__Awaited|10_0(ControllerActionInvoker invoker, Task lastTask, State next, Scope scope, Object state, Boolean isCompleted)
   at Microsoft.AspNetCore.Mvc.Infrastructure.ControllerActionInvoker.Rethrow(ActionExecutedContextSealed context)
   at Microsoft.AspNetCore.Mvc.Infrastructure.ControllerActionInvoker.Next(State& next, Scope& scope, Object& state, Boolean& isCompleted)
   at Microsoft.AspNetCore.Mvc.Infrastructure.ControllerActionInvoker.<InvokeInnerFilterAsync>g__Awaited|13_0(ControllerActionInvoker invoker, Task lastTask, State next, Scope scope, Object state, Boolean isCompleted)
   at Microsoft.AspNetCore.Mvc.Infrastructure.ResourceInvoker.<InvokeFilterPipelineAsync>g__Awaited|20_0(ResourceInvoker invoker, Task lastTask, State next, Scope scope, Object state, Boolean isCompleted)
   at Microsoft.AspNetCore.Mvc.Infrastructure.ResourceInvoker.<InvokeAsync>g__Logged|17_1(ResourceInvoker invoker)
   at Microsoft.AspNetCore.Mvc.Infrastructure.ResourceInvoker.<InvokeAsync>g__Logged|17_1(ResourceInvoker invoker)
   at Microsoft.AspNetCore.Routing.EndpointMiddleware.<Invoke>g__AwaitRequestTask|7_0(Endpoint endpoint, Task requestTask, ILogger logger)
   at Microsoft.AspNetCore.Authorization.AuthorizationMiddleware.Invoke(HttpContext context)
   at Microsoft.AspNetCore.Authentication.AuthenticationMiddleware.Invoke(HttpContext context)
   at Swashbuckle.AspNetCore.SwaggerUI.SwaggerUIMiddleware.Invoke(HttpContext httpContext)
   at Swashbuckle.AspNetCore.Swagger.SwaggerMiddleware.Invoke(HttpContext httpContext, ISwaggerProvider swaggerProvider)
   at CMS.API.Middleware.TenantMiddleware.InvokeAsync(HttpContext context) in C:\Users\ASUS\source\repos\CMS\src\CMS.API\Middleware\Middlewares.cs:line 26
   at CMS.API.Middleware.ExceptionMiddleware.InvokeAsync(HttpContext context) in C:\Users\ASUS\source\repos\CMS\src\CMS.API\Middleware\Middlewares.cs:line 45
2026-09-02 16:37:17.138 +03:00 [INF] Request finished HTTP/1.1 GET http://localhost:5010/api/v1/appointments/doctor/1?date=2026-09-02 - 500 null application/json 62.7338ms
2026-09-02 16:37:19.852 +03:00 [INF] Request starting HTTP/1.1 GET http://localhost:5010/api/v1/triage/queue - application/json null
2026-09-02 16:37:19.864 +03:00 [INF] Failed to validate the token.
Microsoft.IdentityModel.Tokens.SecurityTokenMalformedException: IDX14120: JWT is not well formed, there is only one dot (.).
The token needs to be in JWS or JWE Compact Serialization Format. (JWS): 'EncodedHeader.EncodedPayload.EncodedSignature'. (JWE): 'EncodedProtectedHeader.EncodedEncryptedKey.EncodedInitializationVector.EncodedCiphertext.EncodedAuthenticationTag'.
   at Microsoft.IdentityModel.JsonWebTokens.JsonWebToken.ReadToken(ReadOnlyMemory`1 encodedTokenMemory)
   at Microsoft.IdentityModel.JsonWebTokens.JsonWebToken..ctor(String jwtEncodedString)
   at Microsoft.IdentityModel.JsonWebTokens.JsonWebTokenHandler.ReadToken(String token, TokenValidationParameters validationParameters)
2026-09-02 16:37:19.871 +03:00 [INF] Bearer was not authenticated. Failure message: IDX14120: JWT is not well formed, there is only one dot (.).
The token needs to be in JWS or JWE Compact Serialization Format. (JWS): 'EncodedHeader.EncodedPayload.EncodedSignature'. (JWE): 'EncodedProtectedHeader.EncodedEncryptedKey.EncodedInitializationVector.EncodedCiphertext.EncodedAuthenticationTag'.
2026-09-02 16:37:19.876 +03:00 [INF] Executing endpoint 'CMS.API.Controllers.TriageController.GetQueue (CMS.API)'
2026-09-02 16:37:19.880 +03:00 [INF] Route matched with {action = "GetQueue", controller = "Triage"}. Executing controller action with signature System.Threading.Tasks.Task`1[Microsoft.AspNetCore.Mvc.IActionResult] GetQueue(System.String) on controller CMS.API.Controllers.TriageController (CMS.API).
2026-09-02 16:37:19.922 +03:00 [INF] Executing OkObjectResult, writing value of type 'CMS.Shared.DTOs.ApiResponse`1[[System.Collections.Generic.List`1[[CMS.Shared.DTOs.TriageDto, CMS.Shared, Version=1.0.0.0, Culture=neutral, PublicKeyToken=null]], System.Private.CoreLib, Version=8.0.0.0, Culture=neutral, PublicKeyToken=7cec85d7bea7798e]]'.
2026-09-02 16:37:19.930 +03:00 [INF] Executed action CMS.API.Controllers.TriageController.GetQueue (CMS.API) in 43.7738ms
2026-09-02 16:37:19.936 +03:00 [INF] Executed endpoint 'CMS.API.Controllers.TriageController.GetQueue (CMS.API)'
2026-09-02 16:37:19.942 +03:00 [INF] Request finished HTTP/1.1 GET http://localhost:5010/api/v1/triage/queue - 200 null application/json; charset=utf-8 90.3636ms
2026-09-02 16:37:20.159 +03:00 [INF] Request starting HTTP/1.1 GET http://localhost:5010/api/v1/staff/doctors - application/json null
2026-09-02 16:37:20.159 +03:00 [INF] Request starting HTTP/1.1 GET http://localhost:5010/api/v1/patients/search - application/json null
2026-09-02 16:37:20.168 +03:00 [INF] Failed to validate the token.
Microsoft.IdentityModel.Tokens.SecurityTokenMalformedException: IDX14120: JWT is not well formed, there is only one dot (.).
The token needs to be in JWS or JWE Compact Serialization Format. (JWS): 'EncodedHeader.EncodedPayload.EncodedSignature'. (JWE): 'EncodedProtectedHeader.EncodedEncryptedKey.EncodedInitializationVector.EncodedCiphertext.EncodedAuthenticationTag'.
   at Microsoft.IdentityModel.JsonWebTokens.JsonWebToken.ReadToken(ReadOnlyMemory`1 encodedTokenMemory)
   at Microsoft.IdentityModel.JsonWebTokens.JsonWebToken..ctor(String jwtEncodedString)
   at Microsoft.IdentityModel.JsonWebTokens.JsonWebTokenHandler.ReadToken(String token, TokenValidationParameters validationParameters)
2026-09-02 16:37:20.176 +03:00 [INF] Failed to validate the token.
Microsoft.IdentityModel.Tokens.SecurityTokenMalformedException: IDX14120: JWT is not well formed, there is only one dot (.).
The token needs to be in JWS or JWE Compact Serialization Format. (JWS): 'EncodedHeader.EncodedPayload.EncodedSignature'. (JWE): 'EncodedProtectedHeader.EncodedEncryptedKey.EncodedInitializationVector.EncodedCiphertext.EncodedAuthenticationTag'.
   at Microsoft.IdentityModel.JsonWebTokens.JsonWebToken.ReadToken(ReadOnlyMemory`1 encodedTokenMemory)
   at Microsoft.IdentityModel.JsonWebTokens.JsonWebToken..ctor(String jwtEncodedString)
   at Microsoft.IdentityModel.JsonWebTokens.JsonWebTokenHandler.ReadToken(String token, TokenValidationParameters validationParameters)
2026-09-02 16:37:20.180 +03:00 [INF] Bearer was not authenticated. Failure message: IDX14120: JWT is not well formed, there is only one dot (.).
The token needs to be in JWS or JWE Compact Serialization Format. (JWS): 'EncodedHeader.EncodedPayload.EncodedSignature'. (JWE): 'EncodedProtectedHeader.EncodedEncryptedKey.EncodedInitializationVector.EncodedCiphertext.EncodedAuthenticationTag'.
2026-09-02 16:37:20.185 +03:00 [INF] Bearer was not authenticated. Failure message: IDX14120: JWT is not well formed, there is only one dot (.).
The token needs to be in JWS or JWE Compact Serialization Format. (JWS): 'EncodedHeader.EncodedPayload.EncodedSignature'. (JWE): 'EncodedProtectedHeader.EncodedEncryptedKey.EncodedInitializationVector.EncodedCiphertext.EncodedAuthenticationTag'.
2026-09-02 16:37:20.189 +03:00 [INF] Executing endpoint 'CMS.API.Controllers.StaffController.GetDoctors (CMS.API)'
2026-09-02 16:37:20.193 +03:00 [INF] Executing endpoint 'CMS.API.Controllers.PatientsController.Search (CMS.API)'
2026-09-02 16:37:20.196 +03:00 [INF] Route matched with {action = "GetDoctors", controller = "Staff"}. Executing controller action with signature System.Threading.Tasks.Task`1[Microsoft.AspNetCore.Mvc.IActionResult] GetDoctors() on controller CMS.API.Controllers.StaffController (CMS.API).
2026-09-02 16:37:20.199 +03:00 [INF] Route matched with {action = "Search", controller = "Patients"}. Executing controller action with signature System.Threading.Tasks.Task`1[Microsoft.AspNetCore.Mvc.IActionResult] Search(System.String, Int32) on controller CMS.API.Controllers.PatientsController (CMS.API).
2026-09-02 16:37:20.207 +03:00 [INF] Executing OkObjectResult, writing value of type 'CMS.Shared.DTOs.ApiResponse`1[[System.Collections.Generic.List`1[[CMS.Shared.DTOs.DoctorDto, CMS.Shared, Version=1.0.0.0, Culture=neutral, PublicKeyToken=null]], System.Private.CoreLib, Version=8.0.0.0, Culture=neutral, PublicKeyToken=7cec85d7bea7798e]]'.
2026-09-02 16:37:20.215 +03:00 [INF] Executing OkObjectResult, writing value of type 'CMS.Shared.DTOs.ApiResponse`1[[System.Collections.Generic.List`1[[CMS.Shared.DTOs.PatientDto, CMS.Shared, Version=1.0.0.0, Culture=neutral, PublicKeyToken=null]], System.Private.CoreLib, Version=8.0.0.0, Culture=neutral, PublicKeyToken=7cec85d7bea7798e]]'.
2026-09-02 16:37:20.218 +03:00 [INF] Executed action CMS.API.Controllers.StaffController.GetDoctors (CMS.API) in 12.6147ms
2026-09-02 16:37:20.222 +03:00 [INF] Executed action CMS.API.Controllers.PatientsController.Search (CMS.API) in 10.0052ms
2026-09-02 16:37:20.226 +03:00 [INF] Executed endpoint 'CMS.API.Controllers.StaffController.GetDoctors (CMS.API)'
2026-09-02 16:37:20.230 +03:00 [INF] Executed endpoint 'CMS.API.Controllers.PatientsController.Search (CMS.API)'
2026-09-02 16:37:20.233 +03:00 [INF] Request finished HTTP/1.1 GET http://localhost:5010/api/v1/staff/doctors - 200 null application/json; charset=utf-8 73.4344ms
2026-09-02 16:37:20.236 +03:00 [INF] Request finished HTTP/1.1 GET http://localhost:5010/api/v1/patients/search - 200 null application/json; charset=utf-8 76.5798ms
2026-09-02 16:37:20.242 +03:00 [INF] Request starting HTTP/1.1 GET http://localhost:5010/api/v1/triage/queue - application/json null
2026-09-02 16:37:20.267 +03:00 [INF] Failed to validate the token.
Microsoft.IdentityModel.Tokens.SecurityTokenMalformedException: IDX14120: JWT is not well formed, there is only one dot (.).
The token needs to be in JWS or JWE Compact Serialization Format. (JWS): 'EncodedHeader.EncodedPayload.EncodedSignature'. (JWE): 'EncodedProtectedHeader.EncodedEncryptedKey.EncodedInitializationVector.EncodedCiphertext.EncodedAuthenticationTag'.
   at Microsoft.IdentityModel.JsonWebTokens.JsonWebToken.ReadToken(ReadOnlyMemory`1 encodedTokenMemory)
   at Microsoft.IdentityModel.JsonWebTokens.JsonWebToken..ctor(String jwtEncodedString)
   at Microsoft.IdentityModel.JsonWebTokens.JsonWebTokenHandler.ReadToken(String token, TokenValidationParameters validationParameters)
2026-09-02 16:37:20.271 +03:00 [INF] Bearer was not authenticated. Failure message: IDX14120: JWT is not well formed, there is only one dot (.).
The token needs to be in JWS or JWE Compact Serialization Format. (JWS): 'EncodedHeader.EncodedPayload.EncodedSignature'. (JWE): 'EncodedProtectedHeader.EncodedEncryptedKey.EncodedInitializationVector.EncodedCiphertext.EncodedAuthenticationTag'.
2026-09-02 16:37:20.275 +03:00 [INF] Executing endpoint 'CMS.API.Controllers.TriageController.GetQueue (CMS.API)'
2026-09-02 16:37:20.278 +03:00 [INF] Route matched with {action = "GetQueue", controller = "Triage"}. Executing controller action with signature System.Threading.Tasks.Task`1[Microsoft.AspNetCore.Mvc.IActionResult] GetQueue(System.String) on controller CMS.API.Controllers.TriageController (CMS.API).
2026-09-02 16:37:20.286 +03:00 [INF] Executing OkObjectResult, writing value of type 'CMS.Shared.DTOs.ApiResponse`1[[System.Collections.Generic.List`1[[CMS.Shared.DTOs.TriageDto, CMS.Shared, Version=1.0.0.0, Culture=neutral, PublicKeyToken=null]], System.Private.CoreLib, Version=8.0.0.0, Culture=neutral, PublicKeyToken=7cec85d7bea7798e]]'.
2026-09-02 16:37:20.290 +03:00 [INF] Executed action CMS.API.Controllers.TriageController.GetQueue (CMS.API) in 6.4315ms
2026-09-02 16:37:20.292 +03:00 [INF] Executed endpoint 'CMS.API.Controllers.TriageController.GetQueue (CMS.API)'
2026-09-02 16:37:20.295 +03:00 [INF] Request finished HTTP/1.1 GET http://localhost:5010/api/v1/triage/queue - 200 null application/json; charset=utf-8 53.0661ms
2026-09-02 16:37:20.535 +03:00 [INF] Request starting HTTP/1.1 GET http://localhost:5010/api/v1/staff/doctors - application/json null
2026-09-02 16:37:20.535 +03:00 [INF] Request starting HTTP/1.1 GET http://localhost:5010/api/v1/patients/search - application/json null
2026-09-02 16:37:20.542 +03:00 [INF] Failed to validate the token.
Microsoft.IdentityModel.Tokens.SecurityTokenMalformedException: IDX14120: JWT is not well formed, there is only one dot (.).
The token needs to be in JWS or JWE Compact Serialization Format. (JWS): 'EncodedHeader.EncodedPayload.EncodedSignature'. (JWE): 'EncodedProtectedHeader.EncodedEncryptedKey.EncodedInitializationVector.EncodedCiphertext.EncodedAuthenticationTag'.
   at Microsoft.IdentityModel.JsonWebTokens.JsonWebToken.ReadToken(ReadOnlyMemory`1 encodedTokenMemory)
   at Microsoft.IdentityModel.JsonWebTokens.JsonWebToken..ctor(String jwtEncodedString)
   at Microsoft.IdentityModel.JsonWebTokens.JsonWebTokenHandler.ReadToken(String token, TokenValidationParameters validationParameters)
2026-09-02 16:37:20.547 +03:00 [INF] Failed to validate the token.
Microsoft.IdentityModel.Tokens.SecurityTokenMalformedException: IDX14120: JWT is not well formed, there is only one dot (.).
The token needs to be in JWS or JWE Compact Serialization Format. (JWS): 'EncodedHeader.EncodedPayload.EncodedSignature'. (JWE): 'EncodedProtectedHeader.EncodedEncryptedKey.EncodedInitializationVector.EncodedCiphertext.EncodedAuthenticationTag'.
   at Microsoft.IdentityModel.JsonWebTokens.JsonWebToken.ReadToken(ReadOnlyMemory`1 encodedTokenMemory)
   at Microsoft.IdentityModel.JsonWebTokens.JsonWebToken..ctor(String jwtEncodedString)
   at Microsoft.IdentityModel.JsonWebTokens.JsonWebTokenHandler.ReadToken(String token, TokenValidationParameters validationParameters)
2026-09-02 16:37:20.550 +03:00 [INF] Bearer was not authenticated. Failure message: IDX14120: JWT is not well formed, there is only one dot (.).
The token needs to be in JWS or JWE Compact Serialization Format. (JWS): 'EncodedHeader.EncodedPayload.EncodedSignature'. (JWE): 'EncodedProtectedHeader.EncodedEncryptedKey.EncodedInitializationVector.EncodedCiphertext.EncodedAuthenticationTag'.
2026-09-02 16:37:20.553 +03:00 [INF] Bearer was not authenticated. Failure message: IDX14120: JWT is not well formed, there is only one dot (.).
The token needs to be in JWS or JWE Compact Serialization Format. (JWS): 'EncodedHeader.EncodedPayload.EncodedSignature'. (JWE): 'EncodedProtectedHeader.EncodedEncryptedKey.EncodedInitializationVector.EncodedCiphertext.EncodedAuthenticationTag'.
2026-09-02 16:37:20.556 +03:00 [INF] Executing endpoint 'CMS.API.Controllers.StaffController.GetDoctors (CMS.API)'
2026-09-02 16:37:20.558 +03:00 [INF] Executing endpoint 'CMS.API.Controllers.PatientsController.Search (CMS.API)'
2026-09-02 16:37:20.561 +03:00 [INF] Route matched with {action = "GetDoctors", controller = "Staff"}. Executing controller action with signature System.Threading.Tasks.Task`1[Microsoft.AspNetCore.Mvc.IActionResult] GetDoctors() on controller CMS.API.Controllers.StaffController (CMS.API).
2026-09-02 16:37:20.563 +03:00 [INF] Route matched with {action = "Search", controller = "Patients"}. Executing controller action with signature System.Threading.Tasks.Task`1[Microsoft.AspNetCore.Mvc.IActionResult] Search(System.String, Int32) on controller CMS.API.Controllers.PatientsController (CMS.API).
2026-09-02 16:37:20.568 +03:00 [INF] Executing OkObjectResult, writing value of type 'CMS.Shared.DTOs.ApiResponse`1[[System.Collections.Generic.List`1[[CMS.Shared.DTOs.DoctorDto, CMS.Shared, Version=1.0.0.0, Culture=neutral, PublicKeyToken=null]], System.Private.CoreLib, Version=8.0.0.0, Culture=neutral, PublicKeyToken=7cec85d7bea7798e]]'.
2026-09-02 16:37:20.572 +03:00 [INF] Executing OkObjectResult, writing value of type 'CMS.Shared.DTOs.ApiResponse`1[[System.Collections.Generic.List`1[[CMS.Shared.DTOs.PatientDto, CMS.Shared, Version=1.0.0.0, Culture=neutral, PublicKeyToken=null]], System.Private.CoreLib, Version=8.0.0.0, Culture=neutral, PublicKeyToken=7cec85d7bea7798e]]'.
2026-09-02 16:37:20.574 +03:00 [INF] Executed action CMS.API.Controllers.StaffController.GetDoctors (CMS.API) in 7.2945ms
2026-09-02 16:37:20.578 +03:00 [INF] Executed action CMS.API.Controllers.PatientsController.Search (CMS.API) in 6.7163ms
2026-09-02 16:37:20.580 +03:00 [INF] Executed endpoint 'CMS.API.Controllers.StaffController.GetDoctors (CMS.API)'
2026-09-02 16:37:20.583 +03:00 [INF] Executed endpoint 'CMS.API.Controllers.PatientsController.Search (CMS.API)'
2026-09-02 16:37:20.586 +03:00 [INF] Request finished HTTP/1.1 GET http://localhost:5010/api/v1/staff/doctors - 200 null application/json; charset=utf-8 51.1836ms
2026-09-02 16:37:20.588 +03:00 [INF] Request finished HTTP/1.1 GET http://localhost:5010/api/v1/patients/search - 200 null application/json; charset=utf-8 53.4748ms
