2026-09-16 10:30:21.302 +03:00 [INF] User profile is available. Using 'C:\Users\ASUS\AppData\Local\ASP.NET\DataProtection-Keys' as key repository and Windows DPAPI to encrypt keys at rest.
2026-09-16 10:30:21.679 +03:00 [INF] Now listening on: http://localhost:5010
2026-09-16 10:30:21.686 +03:00 [INF] Application started. Press Ctrl+C to shut down.
2026-09-16 10:30:21.691 +03:00 [INF] Hosting environment: Development
2026-09-16 10:30:21.696 +03:00 [INF] Content root path: C:\Users\ASUS\source\repos\CMS\src\CMS.API
2026-09-16 10:30:54.708 +03:00 [INF] Request starting HTTP/1.1 GET http://localhost:5010/api/v1/dashboard/metrics - null null
2026-09-16 10:30:54.708 +03:00 [INF] Request starting HTTP/1.1 GET http://localhost:5010/api/v1/notifications - application/json null
2026-09-16 10:30:54.708 +03:00 [INF] Request starting HTTP/1.1 GET http://localhost:5010/api/v1/settings - null null
2026-09-16 10:30:55.096 +03:00 [INF] Failed to validate the token.
Microsoft.IdentityModel.Tokens.SecurityTokenSignatureKeyNotFoundException: IDX10517: Signature validation failed. The token's kid is missing. Keys tried: 'Microsoft.IdentityModel.Tokens.SymmetricSecurityKey, KeyId: '', InternalId: 'VNGqhB7kZ75afXrNakqPyb1WYggzQUo6Cgi8Kx2i7Zs'. , KeyId: 
'. Number of keys in TokenValidationParameters: '1'. 
Number of keys in Configuration: '0'. 
Exceptions caught:
 '[PII of type 'System.Text.StringBuilder' is hidden. For more details, see https://aka.ms/IdentityModel/PII.]'.
token: '[PII of type 'Microsoft.IdentityModel.JsonWebTokens.JsonWebToken' is hidden. For more details, see https://aka.ms/IdentityModel/PII.]'. See https://aka.ms/IDX10503 for details.
   at Microsoft.IdentityModel.JsonWebTokens.JsonWebTokenHandler.ValidateSignature(JsonWebToken jwtToken, TokenValidationParameters validationParameters, BaseConfiguration configuration)
   at Microsoft.IdentityModel.JsonWebTokens.JsonWebTokenHandler.ValidateSignatureAndIssuerSecurityKey(JsonWebToken jsonWebToken, TokenValidationParameters validationParameters, BaseConfiguration configuration)
   at Microsoft.IdentityModel.JsonWebTokens.JsonWebTokenHandler.ValidateJWSAsync(JsonWebToken jsonWebToken, TokenValidationParameters validationParameters, BaseConfiguration configuration)
2026-09-16 10:30:55.096 +03:00 [INF] Failed to validate the token.
Microsoft.IdentityModel.Tokens.SecurityTokenSignatureKeyNotFoundException: IDX10517: Signature validation failed. The token's kid is missing. Keys tried: 'Microsoft.IdentityModel.Tokens.SymmetricSecurityKey, KeyId: '', InternalId: 'VNGqhB7kZ75afXrNakqPyb1WYggzQUo6Cgi8Kx2i7Zs'. , KeyId: 
'. Number of keys in TokenValidationParameters: '1'. 
Number of keys in Configuration: '0'. 
Exceptions caught:
 '[PII of type 'System.Text.StringBuilder' is hidden. For more details, see https://aka.ms/IdentityModel/PII.]'.
token: '[PII of type 'Microsoft.IdentityModel.JsonWebTokens.JsonWebToken' is hidden. For more details, see https://aka.ms/IdentityModel/PII.]'. See https://aka.ms/IDX10503 for details.
   at Microsoft.IdentityModel.JsonWebTokens.JsonWebTokenHandler.ValidateSignature(JsonWebToken jwtToken, TokenValidationParameters validationParameters, BaseConfiguration configuration)
   at Microsoft.IdentityModel.JsonWebTokens.JsonWebTokenHandler.ValidateSignatureAndIssuerSecurityKey(JsonWebToken jsonWebToken, TokenValidationParameters validationParameters, BaseConfiguration configuration)
   at Microsoft.IdentityModel.JsonWebTokens.JsonWebTokenHandler.ValidateJWSAsync(JsonWebToken jsonWebToken, TokenValidationParameters validationParameters, BaseConfiguration configuration)
2026-09-16 10:30:55.096 +03:00 [INF] Failed to validate the token.
Microsoft.IdentityModel.Tokens.SecurityTokenSignatureKeyNotFoundException: IDX10517: Signature validation failed. The token's kid is missing. Keys tried: 'Microsoft.IdentityModel.Tokens.SymmetricSecurityKey, KeyId: '', InternalId: 'VNGqhB7kZ75afXrNakqPyb1WYggzQUo6Cgi8Kx2i7Zs'. , KeyId: 
'. Number of keys in TokenValidationParameters: '1'. 
Number of keys in Configuration: '0'. 
Exceptions caught:
 '[PII of type 'System.Text.StringBuilder' is hidden. For more details, see https://aka.ms/IdentityModel/PII.]'.
token: '[PII of type 'Microsoft.IdentityModel.JsonWebTokens.JsonWebToken' is hidden. For more details, see https://aka.ms/IdentityModel/PII.]'. See https://aka.ms/IDX10503 for details.
   at Microsoft.IdentityModel.JsonWebTokens.JsonWebTokenHandler.ValidateSignature(JsonWebToken jwtToken, TokenValidationParameters validationParameters, BaseConfiguration configuration)
   at Microsoft.IdentityModel.JsonWebTokens.JsonWebTokenHandler.ValidateSignatureAndIssuerSecurityKey(JsonWebToken jsonWebToken, TokenValidationParameters validationParameters, BaseConfiguration configuration)
   at Microsoft.IdentityModel.JsonWebTokens.JsonWebTokenHandler.ValidateJWSAsync(JsonWebToken jsonWebToken, TokenValidationParameters validationParameters, BaseConfiguration configuration)
2026-09-16 10:30:55.114 +03:00 [INF] Bearer was not authenticated. Failure message: IDX10517: Signature validation failed. The token's kid is missing. Keys tried: 'Microsoft.IdentityModel.Tokens.SymmetricSecurityKey, KeyId: '', InternalId: 'VNGqhB7kZ75afXrNakqPyb1WYggzQUo6Cgi8Kx2i7Zs'. , KeyId: 
'. Number of keys in TokenValidationParameters: '1'. 
Number of keys in Configuration: '0'. 
Exceptions caught:
 '[PII of type 'System.Text.StringBuilder' is hidden. For more details, see https://aka.ms/IdentityModel/PII.]'.
token: '[PII of type 'Microsoft.IdentityModel.JsonWebTokens.JsonWebToken' is hidden. For more details, see https://aka.ms/IdentityModel/PII.]'. See https://aka.ms/IDX10503 for details.
2026-09-16 10:30:55.119 +03:00 [INF] Bearer was not authenticated. Failure message: IDX10517: Signature validation failed. The token's kid is missing. Keys tried: 'Microsoft.IdentityModel.Tokens.SymmetricSecurityKey, KeyId: '', InternalId: 'VNGqhB7kZ75afXrNakqPyb1WYggzQUo6Cgi8Kx2i7Zs'. , KeyId: 
'. Number of keys in TokenValidationParameters: '1'. 
Number of keys in Configuration: '0'. 
Exceptions caught:
 '[PII of type 'System.Text.StringBuilder' is hidden. For more details, see https://aka.ms/IdentityModel/PII.]'.
token: '[PII of type 'Microsoft.IdentityModel.JsonWebTokens.JsonWebToken' is hidden. For more details, see https://aka.ms/IdentityModel/PII.]'. See https://aka.ms/IDX10503 for details.
2026-09-16 10:30:55.128 +03:00 [INF] Bearer was not authenticated. Failure message: IDX10517: Signature validation failed. The token's kid is missing. Keys tried: 'Microsoft.IdentityModel.Tokens.SymmetricSecurityKey, KeyId: '', InternalId: 'VNGqhB7kZ75afXrNakqPyb1WYggzQUo6Cgi8Kx2i7Zs'. , KeyId: 
'. Number of keys in TokenValidationParameters: '1'. 
Number of keys in Configuration: '0'. 
Exceptions caught:
 '[PII of type 'System.Text.StringBuilder' is hidden. For more details, see https://aka.ms/IdentityModel/PII.]'.
token: '[PII of type 'Microsoft.IdentityModel.JsonWebTokens.JsonWebToken' is hidden. For more details, see https://aka.ms/IdentityModel/PII.]'. See https://aka.ms/IDX10503 for details.
2026-09-16 10:30:55.142 +03:00 [INF] Executing endpoint 'CMS.API.Controllers.DashboardController.GetMetrics (CMS.API)'
2026-09-16 10:30:55.142 +03:00 [INF] Executing endpoint 'CMS.API.Controllers.NotificationsController.GetNotifications (CMS.API)'
2026-09-16 10:30:55.142 +03:00 [INF] Executing endpoint 'CMS.API.Controllers.SettingsController.GetSettings (CMS.API)'
2026-09-16 10:30:55.184 +03:00 [INF] Route matched with {action = "GetMetrics", controller = "Dashboard"}. Executing controller action with signature System.Threading.Tasks.Task`1[Microsoft.AspNetCore.Mvc.IActionResult] GetMetrics() on controller CMS.API.Controllers.DashboardController (CMS.API).
2026-09-16 10:30:55.184 +03:00 [INF] Route matched with {action = "GetSettings", controller = "Settings"}. Executing controller action with signature System.Threading.Tasks.Task`1[Microsoft.AspNetCore.Mvc.IActionResult] GetSettings() on controller CMS.API.Controllers.SettingsController (CMS.API).
2026-09-16 10:30:55.187 +03:00 [INF] Route matched with {action = "GetNotifications", controller = "Notifications"}. Executing controller action with signature System.Threading.Tasks.Task`1[Microsoft.AspNetCore.Mvc.IActionResult] GetNotifications(System.Nullable`1[System.Int32], System.String) on controller CMS.API.Controllers.NotificationsController (CMS.API).
2026-09-16 10:30:56.042 +03:00 [INF] Executing OkObjectResult, writing value of type 'CMS.Shared.DTOs.ApiResponse`1[[System.Collections.Generic.List`1[[CMS.Shared.DTOs.ClinicSettingDto, CMS.Shared, Version=1.0.0.0, Culture=neutral, PublicKeyToken=null]], System.Private.CoreLib, Version=8.0.0.0, Culture=neutral, PublicKeyToken=7cec85d7bea7798e]]'.
2026-09-16 10:30:56.042 +03:00 [INF] Executing OkObjectResult, writing value of type 'CMS.Shared.DTOs.ApiResponse`1[[System.Collections.Generic.List`1[[CMS.Shared.DTOs.NotificationItemDto, CMS.Shared, Version=1.0.0.0, Culture=neutral, PublicKeyToken=null]], System.Private.CoreLib, Version=8.0.0.0, Culture=neutral, PublicKeyToken=7cec85d7bea7798e]]'.
2026-09-16 10:30:56.169 +03:00 [INF] Executed action CMS.API.Controllers.SettingsController.GetSettings (CMS.API) in 961.9272ms
2026-09-16 10:30:56.183 +03:00 [INF] Request starting HTTP/1.1 GET http://localhost:5010/api/v1/settings - null null
2026-09-16 10:30:56.190 +03:00 [INF] Executed endpoint 'CMS.API.Controllers.SettingsController.GetSettings (CMS.API)'
2026-09-16 10:30:56.207 +03:00 [INF] Executed action CMS.API.Controllers.NotificationsController.GetNotifications (CMS.API) in 998.9462ms
2026-09-16 10:30:56.213 +03:00 [INF] Request finished HTTP/1.1 GET http://localhost:5010/api/v1/settings - 200 null application/json; charset=utf-8 1510.018ms
2026-09-16 10:30:56.214 +03:00 [INF] Executed endpoint 'CMS.API.Controllers.NotificationsController.GetNotifications (CMS.API)'
2026-09-16 10:30:56.218 +03:00 [INF] Request starting HTTP/1.1 GET http://localhost:5010/api/v1/notifications - application/json null
2026-09-16 10:30:56.220 +03:00 [INF] Executing endpoint 'CMS.API.Controllers.SettingsController.GetSettings (CMS.API)'
2026-09-16 10:30:56.231 +03:00 [INF] Request finished HTTP/1.1 GET http://localhost:5010/api/v1/notifications - 200 null application/json; charset=utf-8 1528.2663ms
2026-09-16 10:30:56.243 +03:00 [INF] Failed to validate the token.
Microsoft.IdentityModel.Tokens.SecurityTokenSignatureKeyNotFoundException: IDX10517: Signature validation failed. The token's kid is missing. Keys tried: 'Microsoft.IdentityModel.Tokens.SymmetricSecurityKey, KeyId: '', InternalId: 'VNGqhB7kZ75afXrNakqPyb1WYggzQUo6Cgi8Kx2i7Zs'. , KeyId: 
'. Number of keys in TokenValidationParameters: '1'. 
Number of keys in Configuration: '0'. 
Exceptions caught:
 '[PII of type 'System.Text.StringBuilder' is hidden. For more details, see https://aka.ms/IdentityModel/PII.]'.
token: '[PII of type 'Microsoft.IdentityModel.JsonWebTokens.JsonWebToken' is hidden. For more details, see https://aka.ms/IdentityModel/PII.]'. See https://aka.ms/IDX10503 for details.
   at Microsoft.IdentityModel.JsonWebTokens.JsonWebTokenHandler.ValidateSignature(JsonWebToken jwtToken, TokenValidationParameters validationParameters, BaseConfiguration configuration)
   at Microsoft.IdentityModel.JsonWebTokens.JsonWebTokenHandler.ValidateSignatureAndIssuerSecurityKey(JsonWebToken jsonWebToken, TokenValidationParameters validationParameters, BaseConfiguration configuration)
   at Microsoft.IdentityModel.JsonWebTokens.JsonWebTokenHandler.ValidateJWSAsync(JsonWebToken jsonWebToken, TokenValidationParameters validationParameters, BaseConfiguration configuration)
2026-09-16 10:30:56.245 +03:00 [INF] Route matched with {action = "GetSettings", controller = "Settings"}. Executing controller action with signature System.Threading.Tasks.Task`1[Microsoft.AspNetCore.Mvc.IActionResult] GetSettings() on controller CMS.API.Controllers.SettingsController (CMS.API).
2026-09-16 10:30:56.264 +03:00 [INF] Bearer was not authenticated. Failure message: IDX10517: Signature validation failed. The token's kid is missing. Keys tried: 'Microsoft.IdentityModel.Tokens.SymmetricSecurityKey, KeyId: '', InternalId: 'VNGqhB7kZ75afXrNakqPyb1WYggzQUo6Cgi8Kx2i7Zs'. , KeyId: 
'. Number of keys in TokenValidationParameters: '1'. 
Number of keys in Configuration: '0'. 
Exceptions caught:
 '[PII of type 'System.Text.StringBuilder' is hidden. For more details, see https://aka.ms/IdentityModel/PII.]'.
token: '[PII of type 'Microsoft.IdentityModel.JsonWebTokens.JsonWebToken' is hidden. For more details, see https://aka.ms/IdentityModel/PII.]'. See https://aka.ms/IDX10503 for details.
2026-09-16 10:30:56.275 +03:00 [INF] Executing endpoint 'CMS.API.Controllers.NotificationsController.GetNotifications (CMS.API)'
2026-09-16 10:30:56.276 +03:00 [INF] Executing OkObjectResult, writing value of type 'CMS.Shared.DTOs.ApiResponse`1[[System.Collections.Generic.List`1[[CMS.Shared.DTOs.ClinicSettingDto, CMS.Shared, Version=1.0.0.0, Culture=neutral, PublicKeyToken=null]], System.Private.CoreLib, Version=8.0.0.0, Culture=neutral, PublicKeyToken=7cec85d7bea7798e]]'.
2026-09-16 10:30:56.280 +03:00 [INF] Route matched with {action = "GetNotifications", controller = "Notifications"}. Executing controller action with signature System.Threading.Tasks.Task`1[Microsoft.AspNetCore.Mvc.IActionResult] GetNotifications(System.Nullable`1[System.Int32], System.String) on controller CMS.API.Controllers.NotificationsController (CMS.API).
2026-09-16 10:30:56.285 +03:00 [INF] Executed action CMS.API.Controllers.SettingsController.GetSettings (CMS.API) in 15.2208ms
2026-09-16 10:30:56.299 +03:00 [INF] Request starting HTTP/1.1 GET http://localhost:5010/api/v1/settings - null null
2026-09-16 10:30:56.315 +03:00 [INF] Executed endpoint 'CMS.API.Controllers.SettingsController.GetSettings (CMS.API)'
2026-09-16 10:30:56.315 +03:00 [INF] Executing OkObjectResult, writing value of type 'CMS.Shared.DTOs.ApiResponse`1[[System.Collections.Generic.List`1[[CMS.Shared.DTOs.NotificationItemDto, CMS.Shared, Version=1.0.0.0, Culture=neutral, PublicKeyToken=null]], System.Private.CoreLib, Version=8.0.0.0, Culture=neutral, PublicKeyToken=7cec85d7bea7798e]]'.
2026-09-16 10:30:56.316 +03:00 [INF] Executing OkObjectResult, writing value of type 'CMS.Shared.DTOs.ApiResponse`1[[CMS.Shared.DTOs.DashboardMetricsDto, CMS.Shared, Version=1.0.0.0, Culture=neutral, PublicKeyToken=null]]'.
2026-09-16 10:30:56.325 +03:00 [INF] Failed to validate the token.
Microsoft.IdentityModel.Tokens.SecurityTokenSignatureKeyNotFoundException: IDX10517: Signature validation failed. The token's kid is missing. Keys tried: 'Microsoft.IdentityModel.Tokens.SymmetricSecurityKey, KeyId: '', InternalId: 'VNGqhB7kZ75afXrNakqPyb1WYggzQUo6Cgi8Kx2i7Zs'. , KeyId: 
'. Number of keys in TokenValidationParameters: '1'. 
Number of keys in Configuration: '0'. 
Exceptions caught:
 '[PII of type 'System.Text.StringBuilder' is hidden. For more details, see https://aka.ms/IdentityModel/PII.]'.
token: '[PII of type 'Microsoft.IdentityModel.JsonWebTokens.JsonWebToken' is hidden. For more details, see https://aka.ms/IdentityModel/PII.]'. See https://aka.ms/IDX10503 for details.
   at Microsoft.IdentityModel.JsonWebTokens.JsonWebTokenHandler.ValidateSignature(JsonWebToken jwtToken, TokenValidationParameters validationParameters, BaseConfiguration configuration)
   at Microsoft.IdentityModel.JsonWebTokens.JsonWebTokenHandler.ValidateSignatureAndIssuerSecurityKey(JsonWebToken jsonWebToken, TokenValidationParameters validationParameters, BaseConfiguration configuration)
   at Microsoft.IdentityModel.JsonWebTokens.JsonWebTokenHandler.ValidateJWSAsync(JsonWebToken jsonWebToken, TokenValidationParameters validationParameters, BaseConfiguration configuration)
2026-09-16 10:30:56.328 +03:00 [INF] Request finished HTTP/1.1 GET http://localhost:5010/api/v1/settings - 200 null application/json; charset=utf-8 144.6473ms
2026-09-16 10:30:56.334 +03:00 [INF] Executed action CMS.API.Controllers.NotificationsController.GetNotifications (CMS.API) in 24.6392ms
2026-09-16 10:30:56.346 +03:00 [INF] Bearer was not authenticated. Failure message: IDX10517: Signature validation failed. The token's kid is missing. Keys tried: 'Microsoft.IdentityModel.Tokens.SymmetricSecurityKey, KeyId: '', InternalId: 'VNGqhB7kZ75afXrNakqPyb1WYggzQUo6Cgi8Kx2i7Zs'. , KeyId: 
'. Number of keys in TokenValidationParameters: '1'. 
Number of keys in Configuration: '0'. 
Exceptions caught:
 '[PII of type 'System.Text.StringBuilder' is hidden. For more details, see https://aka.ms/IdentityModel/PII.]'.
token: '[PII of type 'Microsoft.IdentityModel.JsonWebTokens.JsonWebToken' is hidden. For more details, see https://aka.ms/IdentityModel/PII.]'. See https://aka.ms/IDX10503 for details.
2026-09-16 10:30:56.360 +03:00 [INF] Executed endpoint 'CMS.API.Controllers.NotificationsController.GetNotifications (CMS.API)'
2026-09-16 10:30:56.365 +03:00 [INF] Executing endpoint 'CMS.API.Controllers.SettingsController.GetSettings (CMS.API)'
2026-09-16 10:30:56.368 +03:00 [INF] Request finished HTTP/1.1 GET http://localhost:5010/api/v1/notifications - 200 null application/json; charset=utf-8 149.5242ms
2026-09-16 10:30:56.373 +03:00 [INF] Route matched with {action = "GetSettings", controller = "Settings"}. Executing controller action with signature System.Threading.Tasks.Task`1[Microsoft.AspNetCore.Mvc.IActionResult] GetSettings() on controller CMS.API.Controllers.SettingsController (CMS.API).
2026-09-16 10:30:56.393 +03:00 [INF] Executing OkObjectResult, writing value of type 'CMS.Shared.DTOs.ApiResponse`1[[System.Collections.Generic.List`1[[CMS.Shared.DTOs.ClinicSettingDto, CMS.Shared, Version=1.0.0.0, Culture=neutral, PublicKeyToken=null]], System.Private.CoreLib, Version=8.0.0.0, Culture=neutral, PublicKeyToken=7cec85d7bea7798e]]'.
2026-09-16 10:30:56.400 +03:00 [INF] Executed action CMS.API.Controllers.SettingsController.GetSettings (CMS.API) in 11.5096ms
2026-09-16 10:30:56.405 +03:00 [INF] Executed endpoint 'CMS.API.Controllers.SettingsController.GetSettings (CMS.API)'
2026-09-16 10:30:56.409 +03:00 [INF] Request finished HTTP/1.1 GET http://localhost:5010/api/v1/settings - 200 null application/json; charset=utf-8 109.5626ms
2026-09-16 10:30:56.411 +03:00 [INF] Request starting HTTP/1.1 GET http://localhost:5010/api/v1/settings - null null
2026-09-16 10:30:56.432 +03:00 [INF] Failed to validate the token.
Microsoft.IdentityModel.Tokens.SecurityTokenSignatureKeyNotFoundException: IDX10517: Signature validation failed. The token's kid is missing. Keys tried: 'Microsoft.IdentityModel.Tokens.SymmetricSecurityKey, KeyId: '', InternalId: 'VNGqhB7kZ75afXrNakqPyb1WYggzQUo6Cgi8Kx2i7Zs'. , KeyId: 
'. Number of keys in TokenValidationParameters: '1'. 
Number of keys in Configuration: '0'. 
Exceptions caught:
 '[PII of type 'System.Text.StringBuilder' is hidden. For more details, see https://aka.ms/IdentityModel/PII.]'.
token: '[PII of type 'Microsoft.IdentityModel.JsonWebTokens.JsonWebToken' is hidden. For more details, see https://aka.ms/IdentityModel/PII.]'. See https://aka.ms/IDX10503 for details.
   at Microsoft.IdentityModel.JsonWebTokens.JsonWebTokenHandler.ValidateSignature(JsonWebToken jwtToken, TokenValidationParameters validationParameters, BaseConfiguration configuration)
   at Microsoft.IdentityModel.JsonWebTokens.JsonWebTokenHandler.ValidateSignatureAndIssuerSecurityKey(JsonWebToken jsonWebToken, TokenValidationParameters validationParameters, BaseConfiguration configuration)
   at Microsoft.IdentityModel.JsonWebTokens.JsonWebTokenHandler.ValidateJWSAsync(JsonWebToken jsonWebToken, TokenValidationParameters validationParameters, BaseConfiguration configuration)
2026-09-16 10:30:56.436 +03:00 [INF] Executed action CMS.API.Controllers.DashboardController.GetMetrics (CMS.API) in 1243.2997ms
2026-09-16 10:30:56.448 +03:00 [INF] Request starting HTTP/1.1 GET http://localhost:5010/api/v1/dashboard/metrics - null null
2026-09-16 10:30:56.461 +03:00 [INF] Bearer was not authenticated. Failure message: IDX10517: Signature validation failed. The token's kid is missing. Keys tried: 'Microsoft.IdentityModel.Tokens.SymmetricSecurityKey, KeyId: '', InternalId: 'VNGqhB7kZ75afXrNakqPyb1WYggzQUo6Cgi8Kx2i7Zs'. , KeyId: 
'. Number of keys in TokenValidationParameters: '1'. 
Number of keys in Configuration: '0'. 
Exceptions caught:
 '[PII of type 'System.Text.StringBuilder' is hidden. For more details, see https://aka.ms/IdentityModel/PII.]'.
token: '[PII of type 'Microsoft.IdentityModel.JsonWebTokens.JsonWebToken' is hidden. For more details, see https://aka.ms/IdentityModel/PII.]'. See https://aka.ms/IDX10503 for details.
2026-09-16 10:30:56.468 +03:00 [INF] Executed endpoint 'CMS.API.Controllers.DashboardController.GetMetrics (CMS.API)'
2026-09-16 10:30:56.481 +03:00 [INF] Failed to validate the token.
Microsoft.IdentityModel.Tokens.SecurityTokenSignatureKeyNotFoundException: IDX10517: Signature validation failed. The token's kid is missing. Keys tried: 'Microsoft.IdentityModel.Tokens.SymmetricSecurityKey, KeyId: '', InternalId: 'VNGqhB7kZ75afXrNakqPyb1WYggzQUo6Cgi8Kx2i7Zs'. , KeyId: 
'. Number of keys in TokenValidationParameters: '1'. 
Number of keys in Configuration: '0'. 
Exceptions caught:
 '[PII of type 'System.Text.StringBuilder' is hidden. For more details, see https://aka.ms/IdentityModel/PII.]'.
token: '[PII of type 'Microsoft.IdentityModel.JsonWebTokens.JsonWebToken' is hidden. For more details, see https://aka.ms/IdentityModel/PII.]'. See https://aka.ms/IDX10503 for details.
   at Microsoft.IdentityModel.JsonWebTokens.JsonWebTokenHandler.ValidateSignature(JsonWebToken jwtToken, TokenValidationParameters validationParameters, BaseConfiguration configuration)
   at Microsoft.IdentityModel.JsonWebTokens.JsonWebTokenHandler.ValidateSignatureAndIssuerSecurityKey(JsonWebToken jsonWebToken, TokenValidationParameters validationParameters, BaseConfiguration configuration)
   at Microsoft.IdentityModel.JsonWebTokens.JsonWebTokenHandler.ValidateJWSAsync(JsonWebToken jsonWebToken, TokenValidationParameters validationParameters, BaseConfiguration configuration)
2026-09-16 10:30:56.484 +03:00 [INF] Executing endpoint 'CMS.API.Controllers.SettingsController.GetSettings (CMS.API)'
2026-09-16 10:30:56.489 +03:00 [INF] Request finished HTTP/1.1 GET http://localhost:5010/api/v1/dashboard/metrics - 200 null application/json; charset=utf-8 1785.919ms
2026-09-16 10:30:56.498 +03:00 [INF] Bearer was not authenticated. Failure message: IDX10517: Signature validation failed. The token's kid is missing. Keys tried: 'Microsoft.IdentityModel.Tokens.SymmetricSecurityKey, KeyId: '', InternalId: 'VNGqhB7kZ75afXrNakqPyb1WYggzQUo6Cgi8Kx2i7Zs'. , KeyId: 
'. Number of keys in TokenValidationParameters: '1'. 
Number of keys in Configuration: '0'. 
Exceptions caught:
 '[PII of type 'System.Text.StringBuilder' is hidden. For more details, see https://aka.ms/IdentityModel/PII.]'.
token: '[PII of type 'Microsoft.IdentityModel.JsonWebTokens.JsonWebToken' is hidden. For more details, see https://aka.ms/IdentityModel/PII.]'. See https://aka.ms/IDX10503 for details.
2026-09-16 10:30:56.503 +03:00 [INF] Route matched with {action = "GetSettings", controller = "Settings"}. Executing controller action with signature System.Threading.Tasks.Task`1[Microsoft.AspNetCore.Mvc.IActionResult] GetSettings() on controller CMS.API.Controllers.SettingsController (CMS.API).
2026-09-16 10:30:56.522 +03:00 [INF] Executing endpoint 'CMS.API.Controllers.DashboardController.GetMetrics (CMS.API)'
2026-09-16 10:30:56.531 +03:00 [INF] Executing OkObjectResult, writing value of type 'CMS.Shared.DTOs.ApiResponse`1[[System.Collections.Generic.List`1[[CMS.Shared.DTOs.ClinicSettingDto, CMS.Shared, Version=1.0.0.0, Culture=neutral, PublicKeyToken=null]], System.Private.CoreLib, Version=8.0.0.0, Culture=neutral, PublicKeyToken=7cec85d7bea7798e]]'.
2026-09-16 10:30:56.533 +03:00 [INF] Route matched with {action = "GetMetrics", controller = "Dashboard"}. Executing controller action with signature System.Threading.Tasks.Task`1[Microsoft.AspNetCore.Mvc.IActionResult] GetMetrics() on controller CMS.API.Controllers.DashboardController (CMS.API).
2026-09-16 10:30:56.539 +03:00 [INF] Executed action CMS.API.Controllers.SettingsController.GetSettings (CMS.API) in 10.3054ms
2026-09-16 10:30:56.549 +03:00 [INF] Request starting HTTP/1.1 GET http://localhost:5010/api/v1/settings - null null
2026-09-16 10:30:56.550 +03:00 [INF] Executed endpoint 'CMS.API.Controllers.SettingsController.GetSettings (CMS.API)'
2026-09-16 10:30:56.554 +03:00 [INF] Executing OkObjectResult, writing value of type 'CMS.Shared.DTOs.ApiResponse`1[[CMS.Shared.DTOs.DashboardMetricsDto, CMS.Shared, Version=1.0.0.0, Culture=neutral, PublicKeyToken=null]]'.
2026-09-16 10:30:56.559 +03:00 [INF] Executing endpoint 'CMS.API.Controllers.SettingsController.GetSettings (CMS.API)'
2026-09-16 10:30:56.562 +03:00 [INF] Request finished HTTP/1.1 GET http://localhost:5010/api/v1/settings - 200 null application/json; charset=utf-8 150.2891ms
2026-09-16 10:30:56.567 +03:00 [INF] Executed action CMS.API.Controllers.DashboardController.GetMetrics (CMS.API) in 22.2044ms
2026-09-16 10:30:56.570 +03:00 [INF] Route matched with {action = "GetSettings", controller = "Settings"}. Executing controller action with signature System.Threading.Tasks.Task`1[Microsoft.AspNetCore.Mvc.IActionResult] GetSettings() on controller CMS.API.Controllers.SettingsController (CMS.API).
2026-09-16 10:30:56.584 +03:00 [INF] Executed endpoint 'CMS.API.Controllers.DashboardController.GetMetrics (CMS.API)'
2026-09-16 10:30:56.593 +03:00 [INF] Executing OkObjectResult, writing value of type 'CMS.Shared.DTOs.ApiResponse`1[[System.Collections.Generic.List`1[[CMS.Shared.DTOs.ClinicSettingDto, CMS.Shared, Version=1.0.0.0, Culture=neutral, PublicKeyToken=null]], System.Private.CoreLib, Version=8.0.0.0, Culture=neutral, PublicKeyToken=7cec85d7bea7798e]]'.
2026-09-16 10:30:56.594 +03:00 [INF] Request finished HTTP/1.1 GET http://localhost:5010/api/v1/dashboard/metrics - 200 null application/json; charset=utf-8 145.6494ms
2026-09-16 10:30:56.599 +03:00 [INF] Executed action CMS.API.Controllers.SettingsController.GetSettings (CMS.API) in 9.2405ms
2026-09-16 10:30:56.609 +03:00 [INF] Request starting HTTP/1.1 GET http://localhost:5010/api/v1/settings - null null
2026-09-16 10:30:56.615 +03:00 [INF] Executed endpoint 'CMS.API.Controllers.SettingsController.GetSettings (CMS.API)'
2026-09-16 10:30:56.624 +03:00 [INF] Failed to validate the token.
Microsoft.IdentityModel.Tokens.SecurityTokenSignatureKeyNotFoundException: IDX10517: Signature validation failed. The token's kid is missing. Keys tried: 'Microsoft.IdentityModel.Tokens.SymmetricSecurityKey, KeyId: '', InternalId: 'VNGqhB7kZ75afXrNakqPyb1WYggzQUo6Cgi8Kx2i7Zs'. , KeyId: 
'. Number of keys in TokenValidationParameters: '1'. 
Number of keys in Configuration: '0'. 
Exceptions caught:
 '[PII of type 'System.Text.StringBuilder' is hidden. For more details, see https://aka.ms/IdentityModel/PII.]'.
token: '[PII of type 'Microsoft.IdentityModel.JsonWebTokens.JsonWebToken' is hidden. For more details, see https://aka.ms/IdentityModel/PII.]'. See https://aka.ms/IDX10503 for details.
   at Microsoft.IdentityModel.JsonWebTokens.JsonWebTokenHandler.ValidateSignature(JsonWebToken jwtToken, TokenValidationParameters validationParameters, BaseConfiguration configuration)
   at Microsoft.IdentityModel.JsonWebTokens.JsonWebTokenHandler.ValidateSignatureAndIssuerSecurityKey(JsonWebToken jsonWebToken, TokenValidationParameters validationParameters, BaseConfiguration configuration)
   at Microsoft.IdentityModel.JsonWebTokens.JsonWebTokenHandler.ValidateJWSAsync(JsonWebToken jsonWebToken, TokenValidationParameters validationParameters, BaseConfiguration configuration)
2026-09-16 10:30:56.626 +03:00 [INF] Request finished HTTP/1.1 GET http://localhost:5010/api/v1/settings - 200 null application/json; charset=utf-8 76.9796ms
2026-09-16 10:30:56.637 +03:00 [INF] Bearer was not authenticated. Failure message: IDX10517: Signature validation failed. The token's kid is missing. Keys tried: 'Microsoft.IdentityModel.Tokens.SymmetricSecurityKey, KeyId: '', InternalId: 'VNGqhB7kZ75afXrNakqPyb1WYggzQUo6Cgi8Kx2i7Zs'. , KeyId: 
'. Number of keys in TokenValidationParameters: '1'. 
Number of keys in Configuration: '0'. 
Exceptions caught:
 '[PII of type 'System.Text.StringBuilder' is hidden. For more details, see https://aka.ms/IdentityModel/PII.]'.
token: '[PII of type 'Microsoft.IdentityModel.JsonWebTokens.JsonWebToken' is hidden. For more details, see https://aka.ms/IdentityModel/PII.]'. See https://aka.ms/IDX10503 for details.
2026-09-16 10:30:56.653 +03:00 [INF] Executing endpoint 'CMS.API.Controllers.SettingsController.GetSettings (CMS.API)'
2026-09-16 10:30:56.658 +03:00 [INF] Route matched with {action = "GetSettings", controller = "Settings"}. Executing controller action with signature System.Threading.Tasks.Task`1[Microsoft.AspNetCore.Mvc.IActionResult] GetSettings() on controller CMS.API.Controllers.SettingsController (CMS.API).
2026-09-16 10:30:56.668 +03:00 [INF] Executing OkObjectResult, writing value of type 'CMS.Shared.DTOs.ApiResponse`1[[System.Collections.Generic.List`1[[CMS.Shared.DTOs.ClinicSettingDto, CMS.Shared, Version=1.0.0.0, Culture=neutral, PublicKeyToken=null]], System.Private.CoreLib, Version=8.0.0.0, Culture=neutral, PublicKeyToken=7cec85d7bea7798e]]'.
2026-09-16 10:30:56.673 +03:00 [INF] Executed action CMS.API.Controllers.SettingsController.GetSettings (CMS.API) in 7.8935ms
2026-09-16 10:30:56.679 +03:00 [INF] Executed endpoint 'CMS.API.Controllers.SettingsController.GetSettings (CMS.API)'
2026-09-16 10:30:56.683 +03:00 [INF] Request finished HTTP/1.1 GET http://localhost:5010/api/v1/settings - 200 null application/json; charset=utf-8 73.3625ms
2026-09-16 10:31:09.541 +03:00 [INF] Request starting HTTP/1.1 GET http://localhost:5010/api/v1/notifications - application/json null
2026-09-16 10:31:09.555 +03:00 [INF] Failed to validate the token.
Microsoft.IdentityModel.Tokens.SecurityTokenSignatureKeyNotFoundException: IDX10517: Signature validation failed. The token's kid is missing. Keys tried: 'Microsoft.IdentityModel.Tokens.SymmetricSecurityKey, KeyId: '', InternalId: 'VNGqhB7kZ75afXrNakqPyb1WYggzQUo6Cgi8Kx2i7Zs'. , KeyId: 
'. Number of keys in TokenValidationParameters: '1'. 
Number of keys in Configuration: '0'. 
Exceptions caught:
 '[PII of type 'System.Text.StringBuilder' is hidden. For more details, see https://aka.ms/IdentityModel/PII.]'.
token: '[PII of type 'Microsoft.IdentityModel.JsonWebTokens.JsonWebToken' is hidden. For more details, see https://aka.ms/IdentityModel/PII.]'. See https://aka.ms/IDX10503 for details.
   at Microsoft.IdentityModel.JsonWebTokens.JsonWebTokenHandler.ValidateSignature(JsonWebToken jwtToken, TokenValidationParameters validationParameters, BaseConfiguration configuration)
   at Microsoft.IdentityModel.JsonWebTokens.JsonWebTokenHandler.ValidateSignatureAndIssuerSecurityKey(JsonWebToken jsonWebToken, TokenValidationParameters validationParameters, BaseConfiguration configuration)
   at Microsoft.IdentityModel.JsonWebTokens.JsonWebTokenHandler.ValidateJWSAsync(JsonWebToken jsonWebToken, TokenValidationParameters validationParameters, BaseConfiguration configuration)
2026-09-16 10:31:09.565 +03:00 [INF] Bearer was not authenticated. Failure message: IDX10517: Signature validation failed. The token's kid is missing. Keys tried: 'Microsoft.IdentityModel.Tokens.SymmetricSecurityKey, KeyId: '', InternalId: 'VNGqhB7kZ75afXrNakqPyb1WYggzQUo6Cgi8Kx2i7Zs'. , KeyId: 
'. Number of keys in TokenValidationParameters: '1'. 
Number of keys in Configuration: '0'. 
Exceptions caught:
 '[PII of type 'System.Text.StringBuilder' is hidden. For more details, see https://aka.ms/IdentityModel/PII.]'.
token: '[PII of type 'Microsoft.IdentityModel.JsonWebTokens.JsonWebToken' is hidden. For more details, see https://aka.ms/IdentityModel/PII.]'. See https://aka.ms/IDX10503 for details.
2026-09-16 10:31:09.571 +03:00 [INF] Executing endpoint 'CMS.API.Controllers.NotificationsController.GetNotifications (CMS.API)'
2026-09-16 10:31:09.574 +03:00 [INF] Route matched with {action = "GetNotifications", controller = "Notifications"}. Executing controller action with signature System.Threading.Tasks.Task`1[Microsoft.AspNetCore.Mvc.IActionResult] GetNotifications(System.Nullable`1[System.Int32], System.String) on controller CMS.API.Controllers.NotificationsController (CMS.API).
2026-09-16 10:31:09.613 +03:00 [INF] Executing OkObjectResult, writing value of type 'CMS.Shared.DTOs.ApiResponse`1[[System.Collections.Generic.List`1[[CMS.Shared.DTOs.NotificationItemDto, CMS.Shared, Version=1.0.0.0, Culture=neutral, PublicKeyToken=null]], System.Private.CoreLib, Version=8.0.0.0, Culture=neutral, PublicKeyToken=7cec85d7bea7798e]]'.
2026-09-16 10:31:09.618 +03:00 [INF] Executed action CMS.API.Controllers.NotificationsController.GetNotifications (CMS.API) in 37.6698ms
2026-09-16 10:31:09.623 +03:00 [INF] Executed endpoint 'CMS.API.Controllers.NotificationsController.GetNotifications (CMS.API)'
2026-09-16 10:31:09.650 +03:00 [INF] Request finished HTTP/1.1 GET http://localhost:5010/api/v1/notifications - 200 null application/json; charset=utf-8 109.1183ms
2026-09-16 10:31:24.541 +03:00 [INF] Request starting HTTP/1.1 GET http://localhost:5010/api/v1/notifications - application/json null
2026-09-16 10:31:24.553 +03:00 [INF] Failed to validate the token.
Microsoft.IdentityModel.Tokens.SecurityTokenSignatureKeyNotFoundException: IDX10517: Signature validation failed. The token's kid is missing. Keys tried: 'Microsoft.IdentityModel.Tokens.SymmetricSecurityKey, KeyId: '', InternalId: 'VNGqhB7kZ75afXrNakqPyb1WYggzQUo6Cgi8Kx2i7Zs'. , KeyId: 
'. Number of keys in TokenValidationParameters: '1'. 
Number of keys in Configuration: '0'. 
Exceptions caught:
 '[PII of type 'System.Text.StringBuilder' is hidden. For more details, see https://aka.ms/IdentityModel/PII.]'.
token: '[PII of type 'Microsoft.IdentityModel.JsonWebTokens.JsonWebToken' is hidden. For more details, see https://aka.ms/IdentityModel/PII.]'. See https://aka.ms/IDX10503 for details.
   at Microsoft.IdentityModel.JsonWebTokens.JsonWebTokenHandler.ValidateSignature(JsonWebToken jwtToken, TokenValidationParameters validationParameters, BaseConfiguration configuration)
   at Microsoft.IdentityModel.JsonWebTokens.JsonWebTokenHandler.ValidateSignatureAndIssuerSecurityKey(JsonWebToken jsonWebToken, TokenValidationParameters validationParameters, BaseConfiguration configuration)
   at Microsoft.IdentityModel.JsonWebTokens.JsonWebTokenHandler.ValidateJWSAsync(JsonWebToken jsonWebToken, TokenValidationParameters validationParameters, BaseConfiguration configuration)
2026-09-16 10:31:24.563 +03:00 [INF] Bearer was not authenticated. Failure message: IDX10517: Signature validation failed. The token's kid is missing. Keys tried: 'Microsoft.IdentityModel.Tokens.SymmetricSecurityKey, KeyId: '', InternalId: 'VNGqhB7kZ75afXrNakqPyb1WYggzQUo6Cgi8Kx2i7Zs'. , KeyId: 
'. Number of keys in TokenValidationParameters: '1'. 
Number of keys in Configuration: '0'. 
Exceptions caught:
 '[PII of type 'System.Text.StringBuilder' is hidden. For more details, see https://aka.ms/IdentityModel/PII.]'.
token: '[PII of type 'Microsoft.IdentityModel.JsonWebTokens.JsonWebToken' is hidden. For more details, see https://aka.ms/IdentityModel/PII.]'. See https://aka.ms/IDX10503 for details.
2026-09-16 10:31:24.568 +03:00 [INF] Executing endpoint 'CMS.API.Controllers.NotificationsController.GetNotifications (CMS.API)'
2026-09-16 10:31:24.572 +03:00 [INF] Route matched with {action = "GetNotifications", controller = "Notifications"}. Executing controller action with signature System.Threading.Tasks.Task`1[Microsoft.AspNetCore.Mvc.IActionResult] GetNotifications(System.Nullable`1[System.Int32], System.String) on controller CMS.API.Controllers.NotificationsController (CMS.API).
2026-09-16 10:31:24.583 +03:00 [INF] Executing OkObjectResult, writing value of type 'CMS.Shared.DTOs.ApiResponse`1[[System.Collections.Generic.List`1[[CMS.Shared.DTOs.NotificationItemDto, CMS.Shared, Version=1.0.0.0, Culture=neutral, PublicKeyToken=null]], System.Private.CoreLib, Version=8.0.0.0, Culture=neutral, PublicKeyToken=7cec85d7bea7798e]]'.
2026-09-16 10:31:24.589 +03:00 [INF] Executed action CMS.API.Controllers.NotificationsController.GetNotifications (CMS.API) in 10.5812ms
2026-09-16 10:31:24.593 +03:00 [INF] Executed endpoint 'CMS.API.Controllers.NotificationsController.GetNotifications (CMS.API)'
2026-09-16 10:31:24.597 +03:00 [INF] Request finished HTTP/1.1 GET http://localhost:5010/api/v1/notifications - 200 null application/json; charset=utf-8 56.1498ms
2026-09-16 10:31:29.710 +03:00 [INF] Request starting HTTP/1.1 GET http://localhost:5010/api/v1/telemed/sessions - application/json null
2026-09-16 10:31:29.721 +03:00 [INF] Failed to validate the token.
Microsoft.IdentityModel.Tokens.SecurityTokenSignatureKeyNotFoundException: IDX10517: Signature validation failed. The token's kid is missing. Keys tried: 'Microsoft.IdentityModel.Tokens.SymmetricSecurityKey, KeyId: '', InternalId: 'VNGqhB7kZ75afXrNakqPyb1WYggzQUo6Cgi8Kx2i7Zs'. , KeyId: 
'. Number of keys in TokenValidationParameters: '1'. 
Number of keys in Configuration: '0'. 
Exceptions caught:
 '[PII of type 'System.Text.StringBuilder' is hidden. For more details, see https://aka.ms/IdentityModel/PII.]'.
token: '[PII of type 'Microsoft.IdentityModel.JsonWebTokens.JsonWebToken' is hidden. For more details, see https://aka.ms/IdentityModel/PII.]'. See https://aka.ms/IDX10503 for details.
   at Microsoft.IdentityModel.JsonWebTokens.JsonWebTokenHandler.ValidateSignature(JsonWebToken jwtToken, TokenValidationParameters validationParameters, BaseConfiguration configuration)
   at Microsoft.IdentityModel.JsonWebTokens.JsonWebTokenHandler.ValidateSignatureAndIssuerSecurityKey(JsonWebToken jsonWebToken, TokenValidationParameters validationParameters, BaseConfiguration configuration)
   at Microsoft.IdentityModel.JsonWebTokens.JsonWebTokenHandler.ValidateJWSAsync(JsonWebToken jsonWebToken, TokenValidationParameters validationParameters, BaseConfiguration configuration)
2026-09-16 10:31:29.730 +03:00 [INF] Bearer was not authenticated. Failure message: IDX10517: Signature validation failed. The token's kid is missing. Keys tried: 'Microsoft.IdentityModel.Tokens.SymmetricSecurityKey, KeyId: '', InternalId: 'VNGqhB7kZ75afXrNakqPyb1WYggzQUo6Cgi8Kx2i7Zs'. , KeyId: 
'. Number of keys in TokenValidationParameters: '1'. 
Number of keys in Configuration: '0'. 
Exceptions caught:
 '[PII of type 'System.Text.StringBuilder' is hidden. For more details, see https://aka.ms/IdentityModel/PII.]'.
token: '[PII of type 'Microsoft.IdentityModel.JsonWebTokens.JsonWebToken' is hidden. For more details, see https://aka.ms/IdentityModel/PII.]'. See https://aka.ms/IDX10503 for details.
2026-09-16 10:31:29.734 +03:00 [INF] Executing endpoint 'CMS.API.Controllers.TelemedController.GetSessions (CMS.API)'
2026-09-16 10:31:29.749 +03:00 [INF] Route matched with {action = "GetSessions", controller = "Telemed"}. Executing controller action with signature System.Threading.Tasks.Task`1[Microsoft.AspNetCore.Mvc.IActionResult] GetSessions(System.Nullable`1[System.Int32]) on controller CMS.API.Controllers.TelemedController (CMS.API).
2026-09-16 10:31:29.908 +03:00 [INF] Executing OkObjectResult, writing value of type 'CMS.Shared.DTOs.ApiResponse`1[[System.Collections.Generic.IEnumerable`1[[CMS.Shared.DTOs.TelemedSessionSummaryDto, CMS.Shared, Version=1.0.0.0, Culture=neutral, PublicKeyToken=null]], System.Private.CoreLib, Version=8.0.0.0, Culture=neutral, PublicKeyToken=7cec85d7bea7798e]]'.
2026-09-16 10:31:29.937 +03:00 [INF] Executed action CMS.API.Controllers.TelemedController.GetSessions (CMS.API) in 181.0279ms
2026-09-16 10:31:29.942 +03:00 [INF] Executed endpoint 'CMS.API.Controllers.TelemedController.GetSessions (CMS.API)'
2026-09-16 10:31:29.945 +03:00 [INF] Request starting HTTP/1.1 GET http://localhost:5010/api/v1/telemed/sessions - application/json null
2026-09-16 10:31:29.946 +03:00 [INF] Request finished HTTP/1.1 GET http://localhost:5010/api/v1/telemed/sessions - 200 null application/json; charset=utf-8 236.0588ms
2026-09-16 10:31:29.956 +03:00 [INF] Failed to validate the token.
Microsoft.IdentityModel.Tokens.SecurityTokenSignatureKeyNotFoundException: IDX10517: Signature validation failed. The token's kid is missing. Keys tried: 'Microsoft.IdentityModel.Tokens.SymmetricSecurityKey, KeyId: '', InternalId: 'VNGqhB7kZ75afXrNakqPyb1WYggzQUo6Cgi8Kx2i7Zs'. , KeyId: 
'. Number of keys in TokenValidationParameters: '1'. 
Number of keys in Configuration: '0'. 
Exceptions caught:
 '[PII of type 'System.Text.StringBuilder' is hidden. For more details, see https://aka.ms/IdentityModel/PII.]'.
token: '[PII of type 'Microsoft.IdentityModel.JsonWebTokens.JsonWebToken' is hidden. For more details, see https://aka.ms/IdentityModel/PII.]'. See https://aka.ms/IDX10503 for details.
   at Microsoft.IdentityModel.JsonWebTokens.JsonWebTokenHandler.ValidateSignature(JsonWebToken jwtToken, TokenValidationParameters validationParameters, BaseConfiguration configuration)
   at Microsoft.IdentityModel.JsonWebTokens.JsonWebTokenHandler.ValidateSignatureAndIssuerSecurityKey(JsonWebToken jsonWebToken, TokenValidationParameters validationParameters, BaseConfiguration configuration)
   at Microsoft.IdentityModel.JsonWebTokens.JsonWebTokenHandler.ValidateJWSAsync(JsonWebToken jsonWebToken, TokenValidationParameters validationParameters, BaseConfiguration configuration)
2026-09-16 10:31:29.972 +03:00 [INF] Bearer was not authenticated. Failure message: IDX10517: Signature validation failed. The token's kid is missing. Keys tried: 'Microsoft.IdentityModel.Tokens.SymmetricSecurityKey, KeyId: '', InternalId: 'VNGqhB7kZ75afXrNakqPyb1WYggzQUo6Cgi8Kx2i7Zs'. , KeyId: 
'. Number of keys in TokenValidationParameters: '1'. 
Number of keys in Configuration: '0'. 
Exceptions caught:
 '[PII of type 'System.Text.StringBuilder' is hidden. For more details, see https://aka.ms/IdentityModel/PII.]'.
token: '[PII of type 'Microsoft.IdentityModel.JsonWebTokens.JsonWebToken' is hidden. For more details, see https://aka.ms/IdentityModel/PII.]'. See https://aka.ms/IDX10503 for details.
2026-09-16 10:31:29.976 +03:00 [INF] Executing endpoint 'CMS.API.Controllers.TelemedController.GetSessions (CMS.API)'
2026-09-16 10:31:29.980 +03:00 [INF] Route matched with {action = "GetSessions", controller = "Telemed"}. Executing controller action with signature System.Threading.Tasks.Task`1[Microsoft.AspNetCore.Mvc.IActionResult] GetSessions(System.Nullable`1[System.Int32]) on controller CMS.API.Controllers.TelemedController (CMS.API).
2026-09-16 10:31:29.989 +03:00 [INF] Executing OkObjectResult, writing value of type 'CMS.Shared.DTOs.ApiResponse`1[[System.Collections.Generic.IEnumerable`1[[CMS.Shared.DTOs.TelemedSessionSummaryDto, CMS.Shared, Version=1.0.0.0, Culture=neutral, PublicKeyToken=null]], System.Private.CoreLib, Version=8.0.0.0, Culture=neutral, PublicKeyToken=7cec85d7bea7798e]]'.
2026-09-16 10:31:29.995 +03:00 [INF] Executed action CMS.API.Controllers.TelemedController.GetSessions (CMS.API) in 9.3216ms
2026-09-16 10:31:29.999 +03:00 [INF] Executed endpoint 'CMS.API.Controllers.TelemedController.GetSessions (CMS.API)'
2026-09-16 10:31:30.002 +03:00 [INF] Request finished HTTP/1.1 GET http://localhost:5010/api/v1/telemed/sessions - 200 null application/json; charset=utf-8 57.6013ms
2026-09-16 10:31:34.707 +03:00 [INF] Request starting HTTP/1.1 GET http://localhost:5010/api/v1/patients/search?q= - application/json null
2026-09-16 10:31:34.716 +03:00 [INF] Failed to validate the token.
Microsoft.IdentityModel.Tokens.SecurityTokenSignatureKeyNotFoundException: IDX10517: Signature validation failed. The token's kid is missing. Keys tried: 'Microsoft.IdentityModel.Tokens.SymmetricSecurityKey, KeyId: '', InternalId: 'VNGqhB7kZ75afXrNakqPyb1WYggzQUo6Cgi8Kx2i7Zs'. , KeyId: 
'. Number of keys in TokenValidationParameters: '1'. 
Number of keys in Configuration: '0'. 
Exceptions caught:
 '[PII of type 'System.Text.StringBuilder' is hidden. For more details, see https://aka.ms/IdentityModel/PII.]'.
token: '[PII of type 'Microsoft.IdentityModel.JsonWebTokens.JsonWebToken' is hidden. For more details, see https://aka.ms/IdentityModel/PII.]'. See https://aka.ms/IDX10503 for details.
   at Microsoft.IdentityModel.JsonWebTokens.JsonWebTokenHandler.ValidateSignature(JsonWebToken jwtToken, TokenValidationParameters validationParameters, BaseConfiguration configuration)
   at Microsoft.IdentityModel.JsonWebTokens.JsonWebTokenHandler.ValidateSignatureAndIssuerSecurityKey(JsonWebToken jsonWebToken, TokenValidationParameters validationParameters, BaseConfiguration configuration)
   at Microsoft.IdentityModel.JsonWebTokens.JsonWebTokenHandler.ValidateJWSAsync(JsonWebToken jsonWebToken, TokenValidationParameters validationParameters, BaseConfiguration configuration)
2026-09-16 10:31:34.725 +03:00 [INF] Bearer was not authenticated. Failure message: IDX10517: Signature validation failed. The token's kid is missing. Keys tried: 'Microsoft.IdentityModel.Tokens.SymmetricSecurityKey, KeyId: '', InternalId: 'VNGqhB7kZ75afXrNakqPyb1WYggzQUo6Cgi8Kx2i7Zs'. , KeyId: 
'. Number of keys in TokenValidationParameters: '1'. 
Number of keys in Configuration: '0'. 
Exceptions caught:
 '[PII of type 'System.Text.StringBuilder' is hidden. For more details, see https://aka.ms/IdentityModel/PII.]'.
token: '[PII of type 'Microsoft.IdentityModel.JsonWebTokens.JsonWebToken' is hidden. For more details, see https://aka.ms/IdentityModel/PII.]'. See https://aka.ms/IDX10503 for details.
2026-09-16 10:31:34.729 +03:00 [INF] Executing endpoint 'CMS.API.Controllers.PatientsController.Search (CMS.API)'
2026-09-16 10:31:34.741 +03:00 [INF] Route matched with {action = "Search", controller = "Patients"}. Executing controller action with signature System.Threading.Tasks.Task`1[Microsoft.AspNetCore.Mvc.IActionResult] Search(System.String, Int32) on controller CMS.API.Controllers.PatientsController (CMS.API).
2026-09-16 10:31:34.802 +03:00 [INF] Executing OkObjectResult, writing value of type 'CMS.Shared.DTOs.ApiResponse`1[[System.Collections.Generic.List`1[[CMS.Shared.DTOs.PatientDto, CMS.Shared, Version=1.0.0.0, Culture=neutral, PublicKeyToken=null]], System.Private.CoreLib, Version=8.0.0.0, Culture=neutral, PublicKeyToken=7cec85d7bea7798e]]'.
2026-09-16 10:31:34.830 +03:00 [INF] Executed action CMS.API.Controllers.PatientsController.Search (CMS.API) in 81.7347ms
2026-09-16 10:31:34.835 +03:00 [INF] Executed endpoint 'CMS.API.Controllers.PatientsController.Search (CMS.API)'
2026-09-16 10:31:34.839 +03:00 [INF] Request finished HTTP/1.1 GET http://localhost:5010/api/v1/patients/search?q= - 200 null application/json; charset=utf-8 132.373ms
2026-09-16 10:31:38.254 +03:00 [INF] Request starting HTTP/1.1 GET http://localhost:5010/api/v1/patients/next-mrn - application/json null
2026-09-16 10:31:38.266 +03:00 [INF] Failed to validate the token.
Microsoft.IdentityModel.Tokens.SecurityTokenSignatureKeyNotFoundException: IDX10517: Signature validation failed. The token's kid is missing. Keys tried: 'Microsoft.IdentityModel.Tokens.SymmetricSecurityKey, KeyId: '', InternalId: 'VNGqhB7kZ75afXrNakqPyb1WYggzQUo6Cgi8Kx2i7Zs'. , KeyId: 
'. Number of keys in TokenValidationParameters: '1'. 
Number of keys in Configuration: '0'. 
Exceptions caught:
 '[PII of type 'System.Text.StringBuilder' is hidden. For more details, see https://aka.ms/IdentityModel/PII.]'.
token: '[PII of type 'Microsoft.IdentityModel.JsonWebTokens.JsonWebToken' is hidden. For more details, see https://aka.ms/IdentityModel/PII.]'. See https://aka.ms/IDX10503 for details.
   at Microsoft.IdentityModel.JsonWebTokens.JsonWebTokenHandler.ValidateSignature(JsonWebToken jwtToken, TokenValidationParameters validationParameters, BaseConfiguration configuration)
   at Microsoft.IdentityModel.JsonWebTokens.JsonWebTokenHandler.ValidateSignatureAndIssuerSecurityKey(JsonWebToken jsonWebToken, TokenValidationParameters validationParameters, BaseConfiguration configuration)
   at Microsoft.IdentityModel.JsonWebTokens.JsonWebTokenHandler.ValidateJWSAsync(JsonWebToken jsonWebToken, TokenValidationParameters validationParameters, BaseConfiguration configuration)
2026-09-16 10:31:38.276 +03:00 [INF] Bearer was not authenticated. Failure message: IDX10517: Signature validation failed. The token's kid is missing. Keys tried: 'Microsoft.IdentityModel.Tokens.SymmetricSecurityKey, KeyId: '', InternalId: 'VNGqhB7kZ75afXrNakqPyb1WYggzQUo6Cgi8Kx2i7Zs'. , KeyId: 
'. Number of keys in TokenValidationParameters: '1'. 
Number of keys in Configuration: '0'. 
Exceptions caught:
 '[PII of type 'System.Text.StringBuilder' is hidden. For more details, see https://aka.ms/IdentityModel/PII.]'.
token: '[PII of type 'Microsoft.IdentityModel.JsonWebTokens.JsonWebToken' is hidden. For more details, see https://aka.ms/IdentityModel/PII.]'. See https://aka.ms/IDX10503 for details.
2026-09-16 10:31:38.281 +03:00 [INF] Executing endpoint 'CMS.API.Controllers.PatientsController.GetNextMRN (CMS.API)'
2026-09-16 10:31:38.292 +03:00 [INF] Route matched with {action = "GetNextMRN", controller = "Patients"}. Executing controller action with signature System.Threading.Tasks.Task`1[Microsoft.AspNetCore.Mvc.IActionResult] GetNextMRN() on controller CMS.API.Controllers.PatientsController (CMS.API).
2026-09-16 10:31:38.321 +03:00 [INF] Executing OkObjectResult, writing value of type 'CMS.Shared.DTOs.ApiResponse`1[[System.Object, System.Private.CoreLib, Version=8.0.0.0, Culture=neutral, PublicKeyToken=7cec85d7bea7798e]]'.
2026-09-16 10:31:38.333 +03:00 [INF] Executed action CMS.API.Controllers.PatientsController.GetNextMRN (CMS.API) in 34.4638ms
2026-09-16 10:31:38.339 +03:00 [INF] Executed endpoint 'CMS.API.Controllers.PatientsController.GetNextMRN (CMS.API)'
2026-09-16 10:31:38.343 +03:00 [INF] Request finished HTTP/1.1 GET http://localhost:5010/api/v1/patients/next-mrn - 200 null application/json; charset=utf-8 89.5011ms
2026-09-16 10:31:39.539 +03:00 [INF] Request starting HTTP/1.1 GET http://localhost:5010/api/v1/notifications - application/json null
2026-09-16 10:31:39.552 +03:00 [INF] Failed to validate the token.
Microsoft.IdentityModel.Tokens.SecurityTokenSignatureKeyNotFoundException: IDX10517: Signature validation failed. The token's kid is missing. Keys tried: 'Microsoft.IdentityModel.Tokens.SymmetricSecurityKey, KeyId: '', InternalId: 'VNGqhB7kZ75afXrNakqPyb1WYggzQUo6Cgi8Kx2i7Zs'. , KeyId: 
'. Number of keys in TokenValidationParameters: '1'. 
Number of keys in Configuration: '0'. 
Exceptions caught:
 '[PII of type 'System.Text.StringBuilder' is hidden. For more details, see https://aka.ms/IdentityModel/PII.]'.
token: '[PII of type 'Microsoft.IdentityModel.JsonWebTokens.JsonWebToken' is hidden. For more details, see https://aka.ms/IdentityModel/PII.]'. See https://aka.ms/IDX10503 for details.
   at Microsoft.IdentityModel.JsonWebTokens.JsonWebTokenHandler.ValidateSignature(JsonWebToken jwtToken, TokenValidationParameters validationParameters, BaseConfiguration configuration)
   at Microsoft.IdentityModel.JsonWebTokens.JsonWebTokenHandler.ValidateSignatureAndIssuerSecurityKey(JsonWebToken jsonWebToken, TokenValidationParameters validationParameters, BaseConfiguration configuration)
   at Microsoft.IdentityModel.JsonWebTokens.JsonWebTokenHandler.ValidateJWSAsync(JsonWebToken jsonWebToken, TokenValidationParameters validationParameters, BaseConfiguration configuration)
2026-09-16 10:31:39.563 +03:00 [INF] Bearer was not authenticated. Failure message: IDX10517: Signature validation failed. The token's kid is missing. Keys tried: 'Microsoft.IdentityModel.Tokens.SymmetricSecurityKey, KeyId: '', InternalId: 'VNGqhB7kZ75afXrNakqPyb1WYggzQUo6Cgi8Kx2i7Zs'. , KeyId: 
'. Number of keys in TokenValidationParameters: '1'. 
Number of keys in Configuration: '0'. 
Exceptions caught:
 '[PII of type 'System.Text.StringBuilder' is hidden. For more details, see https://aka.ms/IdentityModel/PII.]'.
token: '[PII of type 'Microsoft.IdentityModel.JsonWebTokens.JsonWebToken' is hidden. For more details, see https://aka.ms/IdentityModel/PII.]'. See https://aka.ms/IDX10503 for details.
2026-09-16 10:31:39.567 +03:00 [INF] Executing endpoint 'CMS.API.Controllers.NotificationsController.GetNotifications (CMS.API)'
2026-09-16 10:31:39.572 +03:00 [INF] Route matched with {action = "GetNotifications", controller = "Notifications"}. Executing controller action with signature System.Threading.Tasks.Task`1[Microsoft.AspNetCore.Mvc.IActionResult] GetNotifications(System.Nullable`1[System.Int32], System.String) on controller CMS.API.Controllers.NotificationsController (CMS.API).
2026-09-16 10:31:39.584 +03:00 [INF] Executing OkObjectResult, writing value of type 'CMS.Shared.DTOs.ApiResponse`1[[System.Collections.Generic.List`1[[CMS.Shared.DTOs.NotificationItemDto, CMS.Shared, Version=1.0.0.0, Culture=neutral, PublicKeyToken=null]], System.Private.CoreLib, Version=8.0.0.0, Culture=neutral, PublicKeyToken=7cec85d7bea7798e]]'.
2026-09-16 10:31:39.589 +03:00 [INF] Executed action CMS.API.Controllers.NotificationsController.GetNotifications (CMS.API) in 10.4978ms
2026-09-16 10:31:39.594 +03:00 [INF] Executed endpoint 'CMS.API.Controllers.NotificationsController.GetNotifications (CMS.API)'
2026-09-16 10:31:39.598 +03:00 [INF] Request finished HTTP/1.1 GET http://localhost:5010/api/v1/notifications - 200 null application/json; charset=utf-8 58.2978ms
2026-09-16 10:31:51.154 +03:00 [INF] Request starting HTTP/1.1 GET http://localhost:5010/api/v1/triage/queue?date=2026-09-16 - application/json null
2026-09-16 10:31:51.157 +03:00 [INF] Request starting HTTP/1.1 GET http://localhost:5010/api/v1/staff/doctors - application/json null
2026-09-16 10:31:51.157 +03:00 [INF] Request starting HTTP/1.1 GET http://localhost:5010/api/v1/patients/search - application/json null
2026-09-16 10:31:51.163 +03:00 [INF] Failed to validate the token.
Microsoft.IdentityModel.Tokens.SecurityTokenSignatureKeyNotFoundException: IDX10517: Signature validation failed. The token's kid is missing. Keys tried: 'Microsoft.IdentityModel.Tokens.SymmetricSecurityKey, KeyId: '', InternalId: 'VNGqhB7kZ75afXrNakqPyb1WYggzQUo6Cgi8Kx2i7Zs'. , KeyId: 
'. Number of keys in TokenValidationParameters: '1'. 
Number of keys in Configuration: '0'. 
Exceptions caught:
 '[PII of type 'System.Text.StringBuilder' is hidden. For more details, see https://aka.ms/IdentityModel/PII.]'.
token: '[PII of type 'Microsoft.IdentityModel.JsonWebTokens.JsonWebToken' is hidden. For more details, see https://aka.ms/IdentityModel/PII.]'. See https://aka.ms/IDX10503 for details.
   at Microsoft.IdentityModel.JsonWebTokens.JsonWebTokenHandler.ValidateSignature(JsonWebToken jwtToken, TokenValidationParameters validationParameters, BaseConfiguration configuration)
   at Microsoft.IdentityModel.JsonWebTokens.JsonWebTokenHandler.ValidateSignatureAndIssuerSecurityKey(JsonWebToken jsonWebToken, TokenValidationParameters validationParameters, BaseConfiguration configuration)
   at Microsoft.IdentityModel.JsonWebTokens.JsonWebTokenHandler.ValidateJWSAsync(JsonWebToken jsonWebToken, TokenValidationParameters validationParameters, BaseConfiguration configuration)
2026-09-16 10:31:51.173 +03:00 [INF] Failed to validate the token.
Microsoft.IdentityModel.Tokens.SecurityTokenSignatureKeyNotFoundException: IDX10517: Signature validation failed. The token's kid is missing. Keys tried: 'Microsoft.IdentityModel.Tokens.SymmetricSecurityKey, KeyId: '', InternalId: 'VNGqhB7kZ75afXrNakqPyb1WYggzQUo6Cgi8Kx2i7Zs'. , KeyId: 
'. Number of keys in TokenValidationParameters: '1'. 
Number of keys in Configuration: '0'. 
Exceptions caught:
 '[PII of type 'System.Text.StringBuilder' is hidden. For more details, see https://aka.ms/IdentityModel/PII.]'.
token: '[PII of type 'Microsoft.IdentityModel.JsonWebTokens.JsonWebToken' is hidden. For more details, see https://aka.ms/IdentityModel/PII.]'. See https://aka.ms/IDX10503 for details.
   at Microsoft.IdentityModel.JsonWebTokens.JsonWebTokenHandler.ValidateSignature(JsonWebToken jwtToken, TokenValidationParameters validationParameters, BaseConfiguration configuration)
   at Microsoft.IdentityModel.JsonWebTokens.JsonWebTokenHandler.ValidateSignatureAndIssuerSecurityKey(JsonWebToken jsonWebToken, TokenValidationParameters validationParameters, BaseConfiguration configuration)
   at Microsoft.IdentityModel.JsonWebTokens.JsonWebTokenHandler.ValidateJWSAsync(JsonWebToken jsonWebToken, TokenValidationParameters validationParameters, BaseConfiguration configuration)
2026-09-16 10:31:51.181 +03:00 [INF] Failed to validate the token.
Microsoft.IdentityModel.Tokens.SecurityTokenSignatureKeyNotFoundException: IDX10517: Signature validation failed. The token's kid is missing. Keys tried: 'Microsoft.IdentityModel.Tokens.SymmetricSecurityKey, KeyId: '', InternalId: 'VNGqhB7kZ75afXrNakqPyb1WYggzQUo6Cgi8Kx2i7Zs'. , KeyId: 
'. Number of keys in TokenValidationParameters: '1'. 
Number of keys in Configuration: '0'. 
Exceptions caught:
 '[PII of type 'System.Text.StringBuilder' is hidden. For more details, see https://aka.ms/IdentityModel/PII.]'.
token: '[PII of type 'Microsoft.IdentityModel.JsonWebTokens.JsonWebToken' is hidden. For more details, see https://aka.ms/IdentityModel/PII.]'. See https://aka.ms/IDX10503 for details.
   at Microsoft.IdentityModel.JsonWebTokens.JsonWebTokenHandler.ValidateSignature(JsonWebToken jwtToken, TokenValidationParameters validationParameters, BaseConfiguration configuration)
   at Microsoft.IdentityModel.JsonWebTokens.JsonWebTokenHandler.ValidateSignatureAndIssuerSecurityKey(JsonWebToken jsonWebToken, TokenValidationParameters validationParameters, BaseConfiguration configuration)
   at Microsoft.IdentityModel.JsonWebTokens.JsonWebTokenHandler.ValidateJWSAsync(JsonWebToken jsonWebToken, TokenValidationParameters validationParameters, BaseConfiguration configuration)
2026-09-16 10:31:51.189 +03:00 [INF] Bearer was not authenticated. Failure message: IDX10517: Signature validation failed. The token's kid is missing. Keys tried: 'Microsoft.IdentityModel.Tokens.SymmetricSecurityKey, KeyId: '', InternalId: 'VNGqhB7kZ75afXrNakqPyb1WYggzQUo6Cgi8Kx2i7Zs'. , KeyId: 
'. Number of keys in TokenValidationParameters: '1'. 
Number of keys in Configuration: '0'. 
Exceptions caught:
 '[PII of type 'System.Text.StringBuilder' is hidden. For more details, see https://aka.ms/IdentityModel/PII.]'.
token: '[PII of type 'Microsoft.IdentityModel.JsonWebTokens.JsonWebToken' is hidden. For more details, see https://aka.ms/IdentityModel/PII.]'. See https://aka.ms/IDX10503 for details.
2026-09-16 10:31:51.196 +03:00 [INF] Bearer was not authenticated. Failure message: IDX10517: Signature validation failed. The token's kid is missing. Keys tried: 'Microsoft.IdentityModel.Tokens.SymmetricSecurityKey, KeyId: '', InternalId: 'VNGqhB7kZ75afXrNakqPyb1WYggzQUo6Cgi8Kx2i7Zs'. , KeyId: 
'. Number of keys in TokenValidationParameters: '1'. 
Number of keys in Configuration: '0'. 
Exceptions caught:
 '[PII of type 'System.Text.StringBuilder' is hidden. For more details, see https://aka.ms/IdentityModel/PII.]'.
token: '[PII of type 'Microsoft.IdentityModel.JsonWebTokens.JsonWebToken' is hidden. For more details, see https://aka.ms/IdentityModel/PII.]'. See https://aka.ms/IDX10503 for details.
2026-09-16 10:31:51.203 +03:00 [INF] Bearer was not authenticated. Failure message: IDX10517: Signature validation failed. The token's kid is missing. Keys tried: 'Microsoft.IdentityModel.Tokens.SymmetricSecurityKey, KeyId: '', InternalId: 'VNGqhB7kZ75afXrNakqPyb1WYggzQUo6Cgi8Kx2i7Zs'. , KeyId: 
'. Number of keys in TokenValidationParameters: '1'. 
Number of keys in Configuration: '0'. 
Exceptions caught:
 '[PII of type 'System.Text.StringBuilder' is hidden. For more details, see https://aka.ms/IdentityModel/PII.]'.
token: '[PII of type 'Microsoft.IdentityModel.JsonWebTokens.JsonWebToken' is hidden. For more details, see https://aka.ms/IdentityModel/PII.]'. See https://aka.ms/IDX10503 for details.
2026-09-16 10:31:51.207 +03:00 [INF] Executing endpoint 'CMS.API.Controllers.TriageController.GetQueue (CMS.API)'
2026-09-16 10:31:51.210 +03:00 [INF] Executing endpoint 'CMS.API.Controllers.StaffController.GetDoctors (CMS.API)'
2026-09-16 10:31:51.213 +03:00 [INF] Executing endpoint 'CMS.API.Controllers.PatientsController.Search (CMS.API)'
2026-09-16 10:31:51.224 +03:00 [INF] Route matched with {action = "Search", controller = "Patients"}. Executing controller action with signature System.Threading.Tasks.Task`1[Microsoft.AspNetCore.Mvc.IActionResult] Search(System.String, Int32) on controller CMS.API.Controllers.PatientsController (CMS.API).
2026-09-16 10:31:51.226 +03:00 [INF] Route matched with {action = "GetQueue", controller = "Triage"}. Executing controller action with signature System.Threading.Tasks.Task`1[Microsoft.AspNetCore.Mvc.IActionResult] GetQueue(System.String, System.Nullable`1[System.DateTime]) on controller CMS.API.Controllers.TriageController (CMS.API).
2026-09-16 10:31:51.227 +03:00 [INF] Route matched with {action = "GetDoctors", controller = "Staff"}. Executing controller action with signature System.Threading.Tasks.Task`1[Microsoft.AspNetCore.Mvc.IActionResult] GetDoctors() on controller CMS.API.Controllers.StaffController (CMS.API).
2026-09-16 10:31:51.233 +03:00 [INF] Executing OkObjectResult, writing value of type 'CMS.Shared.DTOs.ApiResponse`1[[System.Collections.Generic.List`1[[CMS.Shared.DTOs.PatientDto, CMS.Shared, Version=1.0.0.0, Culture=neutral, PublicKeyToken=null]], System.Private.CoreLib, Version=8.0.0.0, Culture=neutral, PublicKeyToken=7cec85d7bea7798e]]'.
2026-09-16 10:31:51.247 +03:00 [INF] Executed action CMS.API.Controllers.PatientsController.Search (CMS.API) in 16.8454ms
2026-09-16 10:31:51.252 +03:00 [INF] Executed endpoint 'CMS.API.Controllers.PatientsController.Search (CMS.API)'
2026-09-16 10:31:51.256 +03:00 [INF] Request starting HTTP/1.1 GET http://localhost:5010/api/v1/patients/search - application/json null
2026-09-16 10:31:51.258 +03:00 [INF] Request finished HTTP/1.1 GET http://localhost:5010/api/v1/patients/search - 200 null application/json; charset=utf-8 100.3623ms
2026-09-16 10:31:51.268 +03:00 [INF] Failed to validate the token.
Microsoft.IdentityModel.Tokens.SecurityTokenSignatureKeyNotFoundException: IDX10517: Signature validation failed. The token's kid is missing. Keys tried: 'Microsoft.IdentityModel.Tokens.SymmetricSecurityKey, KeyId: '', InternalId: 'VNGqhB7kZ75afXrNakqPyb1WYggzQUo6Cgi8Kx2i7Zs'. , KeyId: 
'. Number of keys in TokenValidationParameters: '1'. 
Number of keys in Configuration: '0'. 
Exceptions caught:
 '[PII of type 'System.Text.StringBuilder' is hidden. For more details, see https://aka.ms/IdentityModel/PII.]'.
token: '[PII of type 'Microsoft.IdentityModel.JsonWebTokens.JsonWebToken' is hidden. For more details, see https://aka.ms/IdentityModel/PII.]'. See https://aka.ms/IDX10503 for details.
   at Microsoft.IdentityModel.JsonWebTokens.JsonWebTokenHandler.ValidateSignature(JsonWebToken jwtToken, TokenValidationParameters validationParameters, BaseConfiguration configuration)
   at Microsoft.IdentityModel.JsonWebTokens.JsonWebTokenHandler.ValidateSignatureAndIssuerSecurityKey(JsonWebToken jsonWebToken, TokenValidationParameters validationParameters, BaseConfiguration configuration)
   at Microsoft.IdentityModel.JsonWebTokens.JsonWebTokenHandler.ValidateJWSAsync(JsonWebToken jsonWebToken, TokenValidationParameters validationParameters, BaseConfiguration configuration)
2026-09-16 10:31:51.286 +03:00 [INF] Bearer was not authenticated. Failure message: IDX10517: Signature validation failed. The token's kid is missing. Keys tried: 'Microsoft.IdentityModel.Tokens.SymmetricSecurityKey, KeyId: '', InternalId: 'VNGqhB7kZ75afXrNakqPyb1WYggzQUo6Cgi8Kx2i7Zs'. , KeyId: 
'. Number of keys in TokenValidationParameters: '1'. 
Number of keys in Configuration: '0'. 
Exceptions caught:
 '[PII of type 'System.Text.StringBuilder' is hidden. For more details, see https://aka.ms/IdentityModel/PII.]'.
token: '[PII of type 'Microsoft.IdentityModel.JsonWebTokens.JsonWebToken' is hidden. For more details, see https://aka.ms/IdentityModel/PII.]'. See https://aka.ms/IDX10503 for details.
2026-09-16 10:31:51.289 +03:00 [INF] Executing OkObjectResult, writing value of type 'CMS.Shared.DTOs.ApiResponse`1[[System.Collections.Generic.List`1[[CMS.Shared.DTOs.TriageDto, CMS.Shared, Version=1.0.0.0, Culture=neutral, PublicKeyToken=null]], System.Private.CoreLib, Version=8.0.0.0, Culture=neutral, PublicKeyToken=7cec85d7bea7798e]]'.
2026-09-16 10:31:51.290 +03:00 [INF] Executing endpoint 'CMS.API.Controllers.PatientsController.Search (CMS.API)'
2026-09-16 10:31:51.299 +03:00 [INF] Route matched with {action = "Search", controller = "Patients"}. Executing controller action with signature System.Threading.Tasks.Task`1[Microsoft.AspNetCore.Mvc.IActionResult] Search(System.String, Int32) on controller CMS.API.Controllers.PatientsController (CMS.API).
2026-09-16 10:31:51.308 +03:00 [INF] Executing OkObjectResult, writing value of type 'CMS.Shared.DTOs.ApiResponse`1[[System.Collections.Generic.List`1[[CMS.Shared.DTOs.PatientDto, CMS.Shared, Version=1.0.0.0, Culture=neutral, PublicKeyToken=null]], System.Private.CoreLib, Version=8.0.0.0, Culture=neutral, PublicKeyToken=7cec85d7bea7798e]]'.
2026-09-16 10:31:51.310 +03:00 [INF] Executed action CMS.API.Controllers.TriageController.GetQueue (CMS.API) in 74.3008ms
2026-09-16 10:31:51.314 +03:00 [INF] Executed action CMS.API.Controllers.PatientsController.Search (CMS.API) in 8.3188ms
2026-09-16 10:31:51.315 +03:00 [INF] Executing OkObjectResult, writing value of type 'CMS.Shared.DTOs.ApiResponse`1[[System.Collections.Generic.List`1[[CMS.Shared.DTOs.DoctorDto, CMS.Shared, Version=1.0.0.0, Culture=neutral, PublicKeyToken=null]], System.Private.CoreLib, Version=8.0.0.0, Culture=neutral, PublicKeyToken=7cec85d7bea7798e]]'.
2026-09-16 10:31:51.318 +03:00 [INF] Executed endpoint 'CMS.API.Controllers.TriageController.GetQueue (CMS.API)'
2026-09-16 10:31:51.320 +03:00 [INF] Request starting HTTP/1.1 GET http://localhost:5010/api/v1/triage/queue?date=2026-09-16 - application/json null
2026-09-16 10:31:51.323 +03:00 [INF] Executed endpoint 'CMS.API.Controllers.PatientsController.Search (CMS.API)'
2026-09-16 10:31:51.331 +03:00 [INF] Request finished HTTP/1.1 GET http://localhost:5010/api/v1/triage/queue?date=2026-09-16 - 200 null application/json; charset=utf-8 177.1936ms
2026-09-16 10:31:51.332 +03:00 [INF] Executed action CMS.API.Controllers.StaffController.GetDoctors (CMS.API) in 90.2072ms
2026-09-16 10:31:51.342 +03:00 [INF] Request starting HTTP/1.1 GET http://localhost:5010/api/v1/staff/doctors - application/json null
2026-09-16 10:31:51.343 +03:00 [INF] Failed to validate the token.
Microsoft.IdentityModel.Tokens.SecurityTokenSignatureKeyNotFoundException: IDX10517: Signature validation failed. The token's kid is missing. Keys tried: 'Microsoft.IdentityModel.Tokens.SymmetricSecurityKey, KeyId: '', InternalId: 'VNGqhB7kZ75afXrNakqPyb1WYggzQUo6Cgi8Kx2i7Zs'. , KeyId: 
'. Number of keys in TokenValidationParameters: '1'. 
Number of keys in Configuration: '0'. 
Exceptions caught:
 '[PII of type 'System.Text.StringBuilder' is hidden. For more details, see https://aka.ms/IdentityModel/PII.]'.
token: '[PII of type 'Microsoft.IdentityModel.JsonWebTokens.JsonWebToken' is hidden. For more details, see https://aka.ms/IdentityModel/PII.]'. See https://aka.ms/IDX10503 for details.
   at Microsoft.IdentityModel.JsonWebTokens.JsonWebTokenHandler.ValidateSignature(JsonWebToken jwtToken, TokenValidationParameters validationParameters, BaseConfiguration configuration)
   at Microsoft.IdentityModel.JsonWebTokens.JsonWebTokenHandler.ValidateSignatureAndIssuerSecurityKey(JsonWebToken jsonWebToken, TokenValidationParameters validationParameters, BaseConfiguration configuration)
   at Microsoft.IdentityModel.JsonWebTokens.JsonWebTokenHandler.ValidateJWSAsync(JsonWebToken jsonWebToken, TokenValidationParameters validationParameters, BaseConfiguration configuration)
2026-09-16 10:31:51.344 +03:00 [INF] Request finished HTTP/1.1 GET http://localhost:5010/api/v1/patients/search - 200 null application/json; charset=utf-8 87.7892ms
2026-09-16 10:31:51.361 +03:00 [INF] Executed endpoint 'CMS.API.Controllers.StaffController.GetDoctors (CMS.API)'
2026-09-16 10:31:51.376 +03:00 [INF] Failed to validate the token.
Microsoft.IdentityModel.Tokens.SecurityTokenSignatureKeyNotFoundException: IDX10517: Signature validation failed. The token's kid is missing. Keys tried: 'Microsoft.IdentityModel.Tokens.SymmetricSecurityKey, KeyId: '', InternalId: 'VNGqhB7kZ75afXrNakqPyb1WYggzQUo6Cgi8Kx2i7Zs'. , KeyId: 
'. Number of keys in TokenValidationParameters: '1'. 
Number of keys in Configuration: '0'. 
Exceptions caught:
 '[PII of type 'System.Text.StringBuilder' is hidden. For more details, see https://aka.ms/IdentityModel/PII.]'.
token: '[PII of type 'Microsoft.IdentityModel.JsonWebTokens.JsonWebToken' is hidden. For more details, see https://aka.ms/IdentityModel/PII.]'. See https://aka.ms/IDX10503 for details.
   at Microsoft.IdentityModel.JsonWebTokens.JsonWebTokenHandler.ValidateSignature(JsonWebToken jwtToken, TokenValidationParameters validationParameters, BaseConfiguration configuration)
   at Microsoft.IdentityModel.JsonWebTokens.JsonWebTokenHandler.ValidateSignatureAndIssuerSecurityKey(JsonWebToken jsonWebToken, TokenValidationParameters validationParameters, BaseConfiguration configuration)
   at Microsoft.IdentityModel.JsonWebTokens.JsonWebTokenHandler.ValidateJWSAsync(JsonWebToken jsonWebToken, TokenValidationParameters validationParameters, BaseConfiguration configuration)
2026-09-16 10:31:51.381 +03:00 [INF] Bearer was not authenticated. Failure message: IDX10517: Signature validation failed. The token's kid is missing. Keys tried: 'Microsoft.IdentityModel.Tokens.SymmetricSecurityKey, KeyId: '', InternalId: 'VNGqhB7kZ75afXrNakqPyb1WYggzQUo6Cgi8Kx2i7Zs'. , KeyId: 
'. Number of keys in TokenValidationParameters: '1'. 
Number of keys in Configuration: '0'. 
Exceptions caught:
 '[PII of type 'System.Text.StringBuilder' is hidden. For more details, see https://aka.ms/IdentityModel/PII.]'.
token: '[PII of type 'Microsoft.IdentityModel.JsonWebTokens.JsonWebToken' is hidden. For more details, see https://aka.ms/IdentityModel/PII.]'. See https://aka.ms/IDX10503 for details.
2026-09-16 10:31:51.398 +03:00 [INF] Request finished HTTP/1.1 GET http://localhost:5010/api/v1/staff/doctors - 200 null application/json; charset=utf-8 241.3847ms
2026-09-16 10:31:51.408 +03:00 [INF] Bearer was not authenticated. Failure message: IDX10517: Signature validation failed. The token's kid is missing. Keys tried: 'Microsoft.IdentityModel.Tokens.SymmetricSecurityKey, KeyId: '', InternalId: 'VNGqhB7kZ75afXrNakqPyb1WYggzQUo6Cgi8Kx2i7Zs'. , KeyId: 
'. Number of keys in TokenValidationParameters: '1'. 
Number of keys in Configuration: '0'. 
Exceptions caught:
 '[PII of type 'System.Text.StringBuilder' is hidden. For more details, see https://aka.ms/IdentityModel/PII.]'.
token: '[PII of type 'Microsoft.IdentityModel.JsonWebTokens.JsonWebToken' is hidden. For more details, see https://aka.ms/IdentityModel/PII.]'. See https://aka.ms/IDX10503 for details.
2026-09-16 10:31:51.412 +03:00 [INF] Executing endpoint 'CMS.API.Controllers.TriageController.GetQueue (CMS.API)'
2026-09-16 10:31:51.429 +03:00 [INF] Executing endpoint 'CMS.API.Controllers.StaffController.GetDoctors (CMS.API)'
2026-09-16 10:31:51.433 +03:00 [INF] Route matched with {action = "GetQueue", controller = "Triage"}. Executing controller action with signature System.Threading.Tasks.Task`1[Microsoft.AspNetCore.Mvc.IActionResult] GetQueue(System.String, System.Nullable`1[System.DateTime]) on controller CMS.API.Controllers.TriageController (CMS.API).
2026-09-16 10:31:51.438 +03:00 [INF] Route matched with {action = "GetDoctors", controller = "Staff"}. Executing controller action with signature System.Threading.Tasks.Task`1[Microsoft.AspNetCore.Mvc.IActionResult] GetDoctors() on controller CMS.API.Controllers.StaffController (CMS.API).
2026-09-16 10:31:51.447 +03:00 [INF] Executing OkObjectResult, writing value of type 'CMS.Shared.DTOs.ApiResponse`1[[System.Collections.Generic.List`1[[CMS.Shared.DTOs.TriageDto, CMS.Shared, Version=1.0.0.0, Culture=neutral, PublicKeyToken=null]], System.Private.CoreLib, Version=8.0.0.0, Culture=neutral, PublicKeyToken=7cec85d7bea7798e]]'.
2026-09-16 10:31:51.459 +03:00 [INF] Executed action CMS.API.Controllers.TriageController.GetQueue (CMS.API) in 14.5956ms
2026-09-16 10:31:51.465 +03:00 [INF] Executed endpoint 'CMS.API.Controllers.TriageController.GetQueue (CMS.API)'
2026-09-16 10:31:51.468 +03:00 [INF] Request finished HTTP/1.1 GET http://localhost:5010/api/v1/triage/queue?date=2026-09-16 - 200 null application/json; charset=utf-8 148.0841ms
2026-09-16 10:31:51.470 +03:00 [INF] Executing OkObjectResult, writing value of type 'CMS.Shared.DTOs.ApiResponse`1[[System.Collections.Generic.List`1[[CMS.Shared.DTOs.DoctorDto, CMS.Shared, Version=1.0.0.0, Culture=neutral, PublicKeyToken=null]], System.Private.CoreLib, Version=8.0.0.0, Culture=neutral, PublicKeyToken=7cec85d7bea7798e]]'.
2026-09-16 10:31:51.489 +03:00 [INF] Executed action CMS.API.Controllers.StaffController.GetDoctors (CMS.API) in 38.0647ms
2026-09-16 10:31:51.499 +03:00 [INF] Executed endpoint 'CMS.API.Controllers.StaffController.GetDoctors (CMS.API)'
2026-09-16 10:31:51.504 +03:00 [INF] Request finished HTTP/1.1 GET http://localhost:5010/api/v1/staff/doctors - 200 null application/json; charset=utf-8 161.6913ms
2026-09-16 10:31:54.533 +03:00 [INF] Request starting HTTP/1.1 GET http://localhost:5010/api/v1/notifications - application/json null
2026-09-16 10:31:54.545 +03:00 [INF] Failed to validate the token.
Microsoft.IdentityModel.Tokens.SecurityTokenSignatureKeyNotFoundException: IDX10517: Signature validation failed. The token's kid is missing. Keys tried: 'Microsoft.IdentityModel.Tokens.SymmetricSecurityKey, KeyId: '', InternalId: 'VNGqhB7kZ75afXrNakqPyb1WYggzQUo6Cgi8Kx2i7Zs'. , KeyId: 
'. Number of keys in TokenValidationParameters: '1'. 
Number of keys in Configuration: '0'. 
Exceptions caught:
 '[PII of type 'System.Text.StringBuilder' is hidden. For more details, see https://aka.ms/IdentityModel/PII.]'.
token: '[PII of type 'Microsoft.IdentityModel.JsonWebTokens.JsonWebToken' is hidden. For more details, see https://aka.ms/IdentityModel/PII.]'. See https://aka.ms/IDX10503 for details.
   at Microsoft.IdentityModel.JsonWebTokens.JsonWebTokenHandler.ValidateSignature(JsonWebToken jwtToken, TokenValidationParameters validationParameters, BaseConfiguration configuration)
   at Microsoft.IdentityModel.JsonWebTokens.JsonWebTokenHandler.ValidateSignatureAndIssuerSecurityKey(JsonWebToken jsonWebToken, TokenValidationParameters validationParameters, BaseConfiguration configuration)
   at Microsoft.IdentityModel.JsonWebTokens.JsonWebTokenHandler.ValidateJWSAsync(JsonWebToken jsonWebToken, TokenValidationParameters validationParameters, BaseConfiguration configuration)
2026-09-16 10:31:54.556 +03:00 [INF] Bearer was not authenticated. Failure message: IDX10517: Signature validation failed. The token's kid is missing. Keys tried: 'Microsoft.IdentityModel.Tokens.SymmetricSecurityKey, KeyId: '', InternalId: 'VNGqhB7kZ75afXrNakqPyb1WYggzQUo6Cgi8Kx2i7Zs'. , KeyId: 
'. Number of keys in TokenValidationParameters: '1'. 
Number of keys in Configuration: '0'. 
Exceptions caught:
 '[PII of type 'System.Text.StringBuilder' is hidden. For more details, see https://aka.ms/IdentityModel/PII.]'.
token: '[PII of type 'Microsoft.IdentityModel.JsonWebTokens.JsonWebToken' is hidden. For more details, see https://aka.ms/IdentityModel/PII.]'. See https://aka.ms/IDX10503 for details.
2026-09-16 10:31:54.561 +03:00 [INF] Executing endpoint 'CMS.API.Controllers.NotificationsController.GetNotifications (CMS.API)'
2026-09-16 10:31:54.565 +03:00 [INF] Route matched with {action = "GetNotifications", controller = "Notifications"}. Executing controller action with signature System.Threading.Tasks.Task`1[Microsoft.AspNetCore.Mvc.IActionResult] GetNotifications(System.Nullable`1[System.Int32], System.String) on controller CMS.API.Controllers.NotificationsController (CMS.API).
2026-09-16 10:31:54.577 +03:00 [INF] Executing OkObjectResult, writing value of type 'CMS.Shared.DTOs.ApiResponse`1[[System.Collections.Generic.List`1[[CMS.Shared.DTOs.NotificationItemDto, CMS.Shared, Version=1.0.0.0, Culture=neutral, PublicKeyToken=null]], System.Private.CoreLib, Version=8.0.0.0, Culture=neutral, PublicKeyToken=7cec85d7bea7798e]]'.
2026-09-16 10:31:54.584 +03:00 [INF] Executed action CMS.API.Controllers.NotificationsController.GetNotifications (CMS.API) in 10.771ms
2026-09-16 10:31:54.590 +03:00 [INF] Executed endpoint 'CMS.API.Controllers.NotificationsController.GetNotifications (CMS.API)'
2026-09-16 10:31:54.594 +03:00 [INF] Request finished HTTP/1.1 GET http://localhost:5010/api/v1/notifications - 200 null application/json; charset=utf-8 60.4981ms
2026-09-16 10:31:54.707 +03:00 [INF] Request starting HTTP/1.1 GET http://localhost:5010/api/v1/notifications - application/json null
2026-09-16 10:31:54.716 +03:00 [INF] Failed to validate the token.
Microsoft.IdentityModel.Tokens.SecurityTokenSignatureKeyNotFoundException: IDX10517: Signature validation failed. The token's kid is missing. Keys tried: 'Microsoft.IdentityModel.Tokens.SymmetricSecurityKey, KeyId: '', InternalId: 'VNGqhB7kZ75afXrNakqPyb1WYggzQUo6Cgi8Kx2i7Zs'. , KeyId: 
'. Number of keys in TokenValidationParameters: '1'. 
Number of keys in Configuration: '0'. 
Exceptions caught:
 '[PII of type 'System.Text.StringBuilder' is hidden. For more details, see https://aka.ms/IdentityModel/PII.]'.
token: '[PII of type 'Microsoft.IdentityModel.JsonWebTokens.JsonWebToken' is hidden. For more details, see https://aka.ms/IdentityModel/PII.]'. See https://aka.ms/IDX10503 for details.
   at Microsoft.IdentityModel.JsonWebTokens.JsonWebTokenHandler.ValidateSignature(JsonWebToken jwtToken, TokenValidationParameters validationParameters, BaseConfiguration configuration)
   at Microsoft.IdentityModel.JsonWebTokens.JsonWebTokenHandler.ValidateSignatureAndIssuerSecurityKey(JsonWebToken jsonWebToken, TokenValidationParameters validationParameters, BaseConfiguration configuration)
   at Microsoft.IdentityModel.JsonWebTokens.JsonWebTokenHandler.ValidateJWSAsync(JsonWebToken jsonWebToken, TokenValidationParameters validationParameters, BaseConfiguration configuration)
2026-09-16 10:31:54.725 +03:00 [INF] Bearer was not authenticated. Failure message: IDX10517: Signature validation failed. The token's kid is missing. Keys tried: 'Microsoft.IdentityModel.Tokens.SymmetricSecurityKey, KeyId: '', InternalId: 'VNGqhB7kZ75afXrNakqPyb1WYggzQUo6Cgi8Kx2i7Zs'. , KeyId: 
'. Number of keys in TokenValidationParameters: '1'. 
Number of keys in Configuration: '0'. 
Exceptions caught:
 '[PII of type 'System.Text.StringBuilder' is hidden. For more details, see https://aka.ms/IdentityModel/PII.]'.
token: '[PII of type 'Microsoft.IdentityModel.JsonWebTokens.JsonWebToken' is hidden. For more details, see https://aka.ms/IdentityModel/PII.]'. See https://aka.ms/IDX10503 for details.
2026-09-16 10:31:54.729 +03:00 [INF] Executing endpoint 'CMS.API.Controllers.NotificationsController.GetNotifications (CMS.API)'
2026-09-16 10:31:54.733 +03:00 [INF] Route matched with {action = "GetNotifications", controller = "Notifications"}. Executing controller action with signature System.Threading.Tasks.Task`1[Microsoft.AspNetCore.Mvc.IActionResult] GetNotifications(System.Nullable`1[System.Int32], System.String) on controller CMS.API.Controllers.NotificationsController (CMS.API).
2026-09-16 10:31:54.743 +03:00 [INF] Executing OkObjectResult, writing value of type 'CMS.Shared.DTOs.ApiResponse`1[[System.Collections.Generic.List`1[[CMS.Shared.DTOs.NotificationItemDto, CMS.Shared, Version=1.0.0.0, Culture=neutral, PublicKeyToken=null]], System.Private.CoreLib, Version=8.0.0.0, Culture=neutral, PublicKeyToken=7cec85d7bea7798e]]'.
2026-09-16 10:31:54.747 +03:00 [INF] Executed action CMS.API.Controllers.NotificationsController.GetNotifications (CMS.API) in 8.0362ms
2026-09-16 10:31:54.751 +03:00 [INF] Executed endpoint 'CMS.API.Controllers.NotificationsController.GetNotifications (CMS.API)'
2026-09-16 10:31:54.755 +03:00 [INF] Request finished HTTP/1.1 GET http://localhost:5010/api/v1/notifications - 200 null application/json; charset=utf-8 47.8858ms
2026-09-16 10:31:59.671 +03:00 [INF] Request starting HTTP/1.1 POST http://localhost:5010/api/v1/triage - application/json 134
2026-09-16 10:31:59.685 +03:00 [INF] CORS policy execution successful.
2026-09-16 10:31:59.692 +03:00 [INF] Failed to validate the token.
Microsoft.IdentityModel.Tokens.SecurityTokenSignatureKeyNotFoundException: IDX10517: Signature validation failed. The token's kid is missing. Keys tried: 'Microsoft.IdentityModel.Tokens.SymmetricSecurityKey, KeyId: '', InternalId: 'VNGqhB7kZ75afXrNakqPyb1WYggzQUo6Cgi8Kx2i7Zs'. , KeyId: 
'. Number of keys in TokenValidationParameters: '1'. 
Number of keys in Configuration: '0'. 
Exceptions caught:
 '[PII of type 'System.Text.StringBuilder' is hidden. For more details, see https://aka.ms/IdentityModel/PII.]'.
token: '[PII of type 'Microsoft.IdentityModel.JsonWebTokens.JsonWebToken' is hidden. For more details, see https://aka.ms/IdentityModel/PII.]'. See https://aka.ms/IDX10503 for details.
   at Microsoft.IdentityModel.JsonWebTokens.JsonWebTokenHandler.ValidateSignature(JsonWebToken jwtToken, TokenValidationParameters validationParameters, BaseConfiguration configuration)
   at Microsoft.IdentityModel.JsonWebTokens.JsonWebTokenHandler.ValidateSignatureAndIssuerSecurityKey(JsonWebToken jsonWebToken, TokenValidationParameters validationParameters, BaseConfiguration configuration)
   at Microsoft.IdentityModel.JsonWebTokens.JsonWebTokenHandler.ValidateJWSAsync(JsonWebToken jsonWebToken, TokenValidationParameters validationParameters, BaseConfiguration configuration)
2026-09-16 10:31:59.701 +03:00 [INF] Bearer was not authenticated. Failure message: IDX10517: Signature validation failed. The token's kid is missing. Keys tried: 'Microsoft.IdentityModel.Tokens.SymmetricSecurityKey, KeyId: '', InternalId: 'VNGqhB7kZ75afXrNakqPyb1WYggzQUo6Cgi8Kx2i7Zs'. , KeyId: 
'. Number of keys in TokenValidationParameters: '1'. 
Number of keys in Configuration: '0'. 
Exceptions caught:
 '[PII of type 'System.Text.StringBuilder' is hidden. For more details, see https://aka.ms/IdentityModel/PII.]'.
token: '[PII of type 'Microsoft.IdentityModel.JsonWebTokens.JsonWebToken' is hidden. For more details, see https://aka.ms/IdentityModel/PII.]'. See https://aka.ms/IDX10503 for details.
2026-09-16 10:31:59.707 +03:00 [INF] Executing endpoint 'CMS.API.Controllers.TriageController.RecordTriage (CMS.API)'
2026-09-16 10:31:59.721 +03:00 [INF] Route matched with {action = "RecordTriage", controller = "Triage"}. Executing controller action with signature System.Threading.Tasks.Task`1[Microsoft.AspNetCore.Mvc.IActionResult] RecordTriage(CMS.Shared.DTOs.RecordTriageDto) on controller CMS.API.Controllers.TriageController (CMS.API).
2026-09-16 10:31:59.863 +03:00 [INF] Executing OkObjectResult, writing value of type 'CMS.Shared.DTOs.ApiResponse`1[[System.Object, System.Private.CoreLib, Version=8.0.0.0, Culture=neutral, PublicKeyToken=7cec85d7bea7798e]]'.
2026-09-16 10:31:59.878 +03:00 [INF] Executed action CMS.API.Controllers.TriageController.RecordTriage (CMS.API) in 148.6009ms
2026-09-16 10:31:59.886 +03:00 [INF] Executed endpoint 'CMS.API.Controllers.TriageController.RecordTriage (CMS.API)'
2026-09-16 10:31:59.893 +03:00 [INF] Request finished HTTP/1.1 POST http://localhost:5010/api/v1/triage - 200 null application/json; charset=utf-8 222.0392ms
2026-09-16 10:31:59.924 +03:00 [INF] Request starting HTTP/1.1 GET http://localhost:5010/api/v1/triage/queue?date=2026-09-16 - application/json null
2026-09-16 10:31:59.924 +03:00 [INF] Request starting HTTP/1.1 GET http://localhost:5010/api/v1/staff/doctors - application/json null
2026-09-16 10:31:59.925 +03:00 [INF] Request starting HTTP/1.1 GET http://localhost:5010/api/v1/patients/search - application/json null
2026-09-16 10:31:59.933 +03:00 [INF] Failed to validate the token.
Microsoft.IdentityModel.Tokens.SecurityTokenSignatureKeyNotFoundException: IDX10517: Signature validation failed. The token's kid is missing. Keys tried: 'Microsoft.IdentityModel.Tokens.SymmetricSecurityKey, KeyId: '', InternalId: 'VNGqhB7kZ75afXrNakqPyb1WYggzQUo6Cgi8Kx2i7Zs'. , KeyId: 
'. Number of keys in TokenValidationParameters: '1'. 
Number of keys in Configuration: '0'. 
Exceptions caught:
 '[PII of type 'System.Text.StringBuilder' is hidden. For more details, see https://aka.ms/IdentityModel/PII.]'.
token: '[PII of type 'Microsoft.IdentityModel.JsonWebTokens.JsonWebToken' is hidden. For more details, see https://aka.ms/IdentityModel/PII.]'. See https://aka.ms/IDX10503 for details.
   at Microsoft.IdentityModel.JsonWebTokens.JsonWebTokenHandler.ValidateSignature(JsonWebToken jwtToken, TokenValidationParameters validationParameters, BaseConfiguration configuration)
   at Microsoft.IdentityModel.JsonWebTokens.JsonWebTokenHandler.ValidateSignatureAndIssuerSecurityKey(JsonWebToken jsonWebToken, TokenValidationParameters validationParameters, BaseConfiguration configuration)
   at Microsoft.IdentityModel.JsonWebTokens.JsonWebTokenHandler.ValidateJWSAsync(JsonWebToken jsonWebToken, TokenValidationParameters validationParameters, BaseConfiguration configuration)
2026-09-16 10:31:59.940 +03:00 [INF] Failed to validate the token.
Microsoft.IdentityModel.Tokens.SecurityTokenSignatureKeyNotFoundException: IDX10517: Signature validation failed. The token's kid is missing. Keys tried: 'Microsoft.IdentityModel.Tokens.SymmetricSecurityKey, KeyId: '', InternalId: 'VNGqhB7kZ75afXrNakqPyb1WYggzQUo6Cgi8Kx2i7Zs'. , KeyId: 
'. Number of keys in TokenValidationParameters: '1'. 
Number of keys in Configuration: '0'. 
Exceptions caught:
 '[PII of type 'System.Text.StringBuilder' is hidden. For more details, see https://aka.ms/IdentityModel/PII.]'.
token: '[PII of type 'Microsoft.IdentityModel.JsonWebTokens.JsonWebToken' is hidden. For more details, see https://aka.ms/IdentityModel/PII.]'. See https://aka.ms/IDX10503 for details.
   at Microsoft.IdentityModel.JsonWebTokens.JsonWebTokenHandler.ValidateSignature(JsonWebToken jwtToken, TokenValidationParameters validationParameters, BaseConfiguration configuration)
   at Microsoft.IdentityModel.JsonWebTokens.JsonWebTokenHandler.ValidateSignatureAndIssuerSecurityKey(JsonWebToken jsonWebToken, TokenValidationParameters validationParameters, BaseConfiguration configuration)
   at Microsoft.IdentityModel.JsonWebTokens.JsonWebTokenHandler.ValidateJWSAsync(JsonWebToken jsonWebToken, TokenValidationParameters validationParameters, BaseConfiguration configuration)
2026-09-16 10:31:59.946 +03:00 [INF] Failed to validate the token.
Microsoft.IdentityModel.Tokens.SecurityTokenSignatureKeyNotFoundException: IDX10517: Signature validation failed. The token's kid is missing. Keys tried: 'Microsoft.IdentityModel.Tokens.SymmetricSecurityKey, KeyId: '', InternalId: 'VNGqhB7kZ75afXrNakqPyb1WYggzQUo6Cgi8Kx2i7Zs'. , KeyId: 
'. Number of keys in TokenValidationParameters: '1'. 
Number of keys in Configuration: '0'. 
Exceptions caught:
 '[PII of type 'System.Text.StringBuilder' is hidden. For more details, see https://aka.ms/IdentityModel/PII.]'.
token: '[PII of type 'Microsoft.IdentityModel.JsonWebTokens.JsonWebToken' is hidden. For more details, see https://aka.ms/IdentityModel/PII.]'. See https://aka.ms/IDX10503 for details.
   at Microsoft.IdentityModel.JsonWebTokens.JsonWebTokenHandler.ValidateSignature(JsonWebToken jwtToken, TokenValidationParameters validationParameters, BaseConfiguration configuration)
   at Microsoft.IdentityModel.JsonWebTokens.JsonWebTokenHandler.ValidateSignatureAndIssuerSecurityKey(JsonWebToken jsonWebToken, TokenValidationParameters validationParameters, BaseConfiguration configuration)
   at Microsoft.IdentityModel.JsonWebTokens.JsonWebTokenHandler.ValidateJWSAsync(JsonWebToken jsonWebToken, TokenValidationParameters validationParameters, BaseConfiguration configuration)
2026-09-16 10:31:59.953 +03:00 [INF] Bearer was not authenticated. Failure message: IDX10517: Signature validation failed. The token's kid is missing. Keys tried: 'Microsoft.IdentityModel.Tokens.SymmetricSecurityKey, KeyId: '', InternalId: 'VNGqhB7kZ75afXrNakqPyb1WYggzQUo6Cgi8Kx2i7Zs'. , KeyId: 
'. Number of keys in TokenValidationParameters: '1'. 
Number of keys in Configuration: '0'. 
Exceptions caught:
 '[PII of type 'System.Text.StringBuilder' is hidden. For more details, see https://aka.ms/IdentityModel/PII.]'.
token: '[PII of type 'Microsoft.IdentityModel.JsonWebTokens.JsonWebToken' is hidden. For more details, see https://aka.ms/IdentityModel/PII.]'. See https://aka.ms/IDX10503 for details.
2026-09-16 10:31:59.959 +03:00 [INF] Bearer was not authenticated. Failure message: IDX10517: Signature validation failed. The token's kid is missing. Keys tried: 'Microsoft.IdentityModel.Tokens.SymmetricSecurityKey, KeyId: '', InternalId: 'VNGqhB7kZ75afXrNakqPyb1WYggzQUo6Cgi8Kx2i7Zs'. , KeyId: 
'. Number of keys in TokenValidationParameters: '1'. 
Number of keys in Configuration: '0'. 
Exceptions caught:
 '[PII of type 'System.Text.StringBuilder' is hidden. For more details, see https://aka.ms/IdentityModel/PII.]'.
token: '[PII of type 'Microsoft.IdentityModel.JsonWebTokens.JsonWebToken' is hidden. For more details, see https://aka.ms/IdentityModel/PII.]'. See https://aka.ms/IDX10503 for details.
2026-09-16 10:31:59.965 +03:00 [INF] Bearer was not authenticated. Failure message: IDX10517: Signature validation failed. The token's kid is missing. Keys tried: 'Microsoft.IdentityModel.Tokens.SymmetricSecurityKey, KeyId: '', InternalId: 'VNGqhB7kZ75afXrNakqPyb1WYggzQUo6Cgi8Kx2i7Zs'. , KeyId: 
'. Number of keys in TokenValidationParameters: '1'. 
Number of keys in Configuration: '0'. 
Exceptions caught:
 '[PII of type 'System.Text.StringBuilder' is hidden. For more details, see https://aka.ms/IdentityModel/PII.]'.
token: '[PII of type 'Microsoft.IdentityModel.JsonWebTokens.JsonWebToken' is hidden. For more details, see https://aka.ms/IdentityModel/PII.]'. See https://aka.ms/IDX10503 for details.
2026-09-16 10:31:59.969 +03:00 [INF] Executing endpoint 'CMS.API.Controllers.TriageController.GetQueue (CMS.API)'
2026-09-16 10:31:59.972 +03:00 [INF] Executing endpoint 'CMS.API.Controllers.StaffController.GetDoctors (CMS.API)'
2026-09-16 10:31:59.975 +03:00 [INF] Executing endpoint 'CMS.API.Controllers.PatientsController.Search (CMS.API)'
2026-09-16 10:31:59.978 +03:00 [INF] Route matched with {action = "GetQueue", controller = "Triage"}. Executing controller action with signature System.Threading.Tasks.Task`1[Microsoft.AspNetCore.Mvc.IActionResult] GetQueue(System.String, System.Nullable`1[System.DateTime]) on controller CMS.API.Controllers.TriageController (CMS.API).
2026-09-16 10:31:59.982 +03:00 [INF] Route matched with {action = "GetDoctors", controller = "Staff"}. Executing controller action with signature System.Threading.Tasks.Task`1[Microsoft.AspNetCore.Mvc.IActionResult] GetDoctors() on controller CMS.API.Controllers.StaffController (CMS.API).
2026-09-16 10:31:59.986 +03:00 [INF] Route matched with {action = "Search", controller = "Patients"}. Executing controller action with signature System.Threading.Tasks.Task`1[Microsoft.AspNetCore.Mvc.IActionResult] Search(System.String, Int32) on controller CMS.API.Controllers.PatientsController (CMS.API).
2026-09-16 10:32:00.001 +03:00 [INF] Executing OkObjectResult, writing value of type 'CMS.Shared.DTOs.ApiResponse`1[[System.Collections.Generic.List`1[[CMS.Shared.DTOs.DoctorDto, CMS.Shared, Version=1.0.0.0, Culture=neutral, PublicKeyToken=null]], System.Private.CoreLib, Version=8.0.0.0, Culture=neutral, PublicKeyToken=7cec85d7bea7798e]]'.
2026-09-16 10:32:00.001 +03:00 [INF] Executing OkObjectResult, writing value of type 'CMS.Shared.DTOs.ApiResponse`1[[System.Collections.Generic.List`1[[CMS.Shared.DTOs.TriageDto, CMS.Shared, Version=1.0.0.0, Culture=neutral, PublicKeyToken=null]], System.Private.CoreLib, Version=8.0.0.0, Culture=neutral, PublicKeyToken=7cec85d7bea7798e]]'.
2026-09-16 10:32:00.006 +03:00 [INF] Executing OkObjectResult, writing value of type 'CMS.Shared.DTOs.ApiResponse`1[[System.Collections.Generic.List`1[[CMS.Shared.DTOs.PatientDto, CMS.Shared, Version=1.0.0.0, Culture=neutral, PublicKeyToken=null]], System.Private.CoreLib, Version=8.0.0.0, Culture=neutral, PublicKeyToken=7cec85d7bea7798e]]'.
2026-09-16 10:32:00.009 +03:00 [INF] Executed action CMS.API.Controllers.StaffController.GetDoctors (CMS.API) in 10.7479ms
2026-09-16 10:32:00.018 +03:00 [INF] Executed action CMS.API.Controllers.PatientsController.Search (CMS.API) in 13.8703ms
2026-09-16 10:32:00.025 +03:00 [INF] Executed endpoint 'CMS.API.Controllers.StaffController.GetDoctors (CMS.API)'
2026-09-16 10:32:00.032 +03:00 [INF] Executed action CMS.API.Controllers.TriageController.GetQueue (CMS.API) in 40.7129ms
2026-09-16 10:32:00.032 +03:00 [INF] Executed endpoint 'CMS.API.Controllers.PatientsController.Search (CMS.API)'
2026-09-16 10:32:00.036 +03:00 [INF] Request finished HTTP/1.1 GET http://localhost:5010/api/v1/staff/doctors - 200 null application/json; charset=utf-8 111.6469ms
2026-09-16 10:32:00.041 +03:00 [INF] Executed endpoint 'CMS.API.Controllers.TriageController.GetQueue (CMS.API)'
2026-09-16 10:32:00.044 +03:00 [INF] Request finished HTTP/1.1 GET http://localhost:5010/api/v1/patients/search - 200 null application/json; charset=utf-8 118.9399ms
2026-09-16 10:32:00.059 +03:00 [INF] Request finished HTTP/1.1 GET http://localhost:5010/api/v1/triage/queue?date=2026-09-16 - 200 null application/json; charset=utf-8 134.8325ms
2026-09-16 10:32:06.048 +03:00 [INF] Request starting HTTP/1.1 POST http://localhost:5010/api/v1/triage - application/json 361
2026-09-16 10:32:06.060 +03:00 [INF] CORS policy execution successful.
2026-09-16 10:32:06.063 +03:00 [INF] Failed to validate the token.
Microsoft.IdentityModel.Tokens.SecurityTokenSignatureKeyNotFoundException: IDX10517: Signature validation failed. The token's kid is missing. Keys tried: 'Microsoft.IdentityModel.Tokens.SymmetricSecurityKey, KeyId: '', InternalId: 'VNGqhB7kZ75afXrNakqPyb1WYggzQUo6Cgi8Kx2i7Zs'. , KeyId: 
'. Number of keys in TokenValidationParameters: '1'. 
Number of keys in Configuration: '0'. 
Exceptions caught:
 '[PII of type 'System.Text.StringBuilder' is hidden. For more details, see https://aka.ms/IdentityModel/PII.]'.
token: '[PII of type 'Microsoft.IdentityModel.JsonWebTokens.JsonWebToken' is hidden. For more details, see https://aka.ms/IdentityModel/PII.]'. See https://aka.ms/IDX10503 for details.
   at Microsoft.IdentityModel.JsonWebTokens.JsonWebTokenHandler.ValidateSignature(JsonWebToken jwtToken, TokenValidationParameters validationParameters, BaseConfiguration configuration)
   at Microsoft.IdentityModel.JsonWebTokens.JsonWebTokenHandler.ValidateSignatureAndIssuerSecurityKey(JsonWebToken jsonWebToken, TokenValidationParameters validationParameters, BaseConfiguration configuration)
   at Microsoft.IdentityModel.JsonWebTokens.JsonWebTokenHandler.ValidateJWSAsync(JsonWebToken jsonWebToken, TokenValidationParameters validationParameters, BaseConfiguration configuration)
2026-09-16 10:32:06.073 +03:00 [INF] Bearer was not authenticated. Failure message: IDX10517: Signature validation failed. The token's kid is missing. Keys tried: 'Microsoft.IdentityModel.Tokens.SymmetricSecurityKey, KeyId: '', InternalId: 'VNGqhB7kZ75afXrNakqPyb1WYggzQUo6Cgi8Kx2i7Zs'. , KeyId: 
'. Number of keys in TokenValidationParameters: '1'. 
Number of keys in Configuration: '0'. 
Exceptions caught:
 '[PII of type 'System.Text.StringBuilder' is hidden. For more details, see https://aka.ms/IdentityModel/PII.]'.
token: '[PII of type 'Microsoft.IdentityModel.JsonWebTokens.JsonWebToken' is hidden. For more details, see https://aka.ms/IdentityModel/PII.]'. See https://aka.ms/IDX10503 for details.
2026-09-16 10:32:06.076 +03:00 [INF] Executing endpoint 'CMS.API.Controllers.TriageController.RecordTriage (CMS.API)'
2026-09-16 10:32:06.081 +03:00 [INF] Route matched with {action = "RecordTriage", controller = "Triage"}. Executing controller action with signature System.Threading.Tasks.Task`1[Microsoft.AspNetCore.Mvc.IActionResult] RecordTriage(CMS.Shared.DTOs.RecordTriageDto) on controller CMS.API.Controllers.TriageController (CMS.API).
2026-09-16 10:32:06.128 +03:00 [INF] Executing OkObjectResult, writing value of type 'CMS.Shared.DTOs.ApiResponse`1[[System.Object, System.Private.CoreLib, Version=8.0.0.0, Culture=neutral, PublicKeyToken=7cec85d7bea7798e]]'.
2026-09-16 10:32:06.134 +03:00 [INF] Executed action CMS.API.Controllers.TriageController.RecordTriage (CMS.API) in 45.6041ms
2026-09-16 10:32:06.139 +03:00 [INF] Executed endpoint 'CMS.API.Controllers.TriageController.RecordTriage (CMS.API)'
2026-09-16 10:32:06.142 +03:00 [INF] Request finished HTTP/1.1 POST http://localhost:5010/api/v1/triage - 200 null application/json; charset=utf-8 94.5903ms
2026-09-16 10:32:06.160 +03:00 [INF] Request starting HTTP/1.1 GET http://localhost:5010/api/v1/triage/queue?date=2026-09-16 - application/json null
2026-09-16 10:32:06.161 +03:00 [INF] Request starting HTTP/1.1 GET http://localhost:5010/api/v1/staff/doctors - application/json null
2026-09-16 10:32:06.161 +03:00 [INF] Request starting HTTP/1.1 GET http://localhost:5010/api/v1/patients/search - application/json null
2026-09-16 10:32:06.169 +03:00 [INF] Failed to validate the token.
Microsoft.IdentityModel.Tokens.SecurityTokenSignatureKeyNotFoundException: IDX10517: Signature validation failed. The token's kid is missing. Keys tried: 'Microsoft.IdentityModel.Tokens.SymmetricSecurityKey, KeyId: '', InternalId: 'VNGqhB7kZ75afXrNakqPyb1WYggzQUo6Cgi8Kx2i7Zs'. , KeyId: 
'. Number of keys in TokenValidationParameters: '1'. 
Number of keys in Configuration: '0'. 
Exceptions caught:
 '[PII of type 'System.Text.StringBuilder' is hidden. For more details, see https://aka.ms/IdentityModel/PII.]'.
token: '[PII of type 'Microsoft.IdentityModel.JsonWebTokens.JsonWebToken' is hidden. For more details, see https://aka.ms/IdentityModel/PII.]'. See https://aka.ms/IDX10503 for details.
   at Microsoft.IdentityModel.JsonWebTokens.JsonWebTokenHandler.ValidateSignature(JsonWebToken jwtToken, TokenValidationParameters validationParameters, BaseConfiguration configuration)
   at Microsoft.IdentityModel.JsonWebTokens.JsonWebTokenHandler.ValidateSignatureAndIssuerSecurityKey(JsonWebToken jsonWebToken, TokenValidationParameters validationParameters, BaseConfiguration configuration)
   at Microsoft.IdentityModel.JsonWebTokens.JsonWebTokenHandler.ValidateJWSAsync(JsonWebToken jsonWebToken, TokenValidationParameters validationParameters, BaseConfiguration configuration)
2026-09-16 10:32:06.177 +03:00 [INF] Failed to validate the token.
Microsoft.IdentityModel.Tokens.SecurityTokenSignatureKeyNotFoundException: IDX10517: Signature validation failed. The token's kid is missing. Keys tried: 'Microsoft.IdentityModel.Tokens.SymmetricSecurityKey, KeyId: '', InternalId: 'VNGqhB7kZ75afXrNakqPyb1WYggzQUo6Cgi8Kx2i7Zs'. , KeyId: 
'. Number of keys in TokenValidationParameters: '1'. 
Number of keys in Configuration: '0'. 
Exceptions caught:
 '[PII of type 'System.Text.StringBuilder' is hidden. For more details, see https://aka.ms/IdentityModel/PII.]'.
token: '[PII of type 'Microsoft.IdentityModel.JsonWebTokens.JsonWebToken' is hidden. For more details, see https://aka.ms/IdentityModel/PII.]'. See https://aka.ms/IDX10503 for details.
   at Microsoft.IdentityModel.JsonWebTokens.JsonWebTokenHandler.ValidateSignature(JsonWebToken jwtToken, TokenValidationParameters validationParameters, BaseConfiguration configuration)
   at Microsoft.IdentityModel.JsonWebTokens.JsonWebTokenHandler.ValidateSignatureAndIssuerSecurityKey(JsonWebToken jsonWebToken, TokenValidationParameters validationParameters, BaseConfiguration configuration)
   at Microsoft.IdentityModel.JsonWebTokens.JsonWebTokenHandler.ValidateJWSAsync(JsonWebToken jsonWebToken, TokenValidationParameters validationParameters, BaseConfiguration configuration)
2026-09-16 10:32:06.185 +03:00 [INF] Failed to validate the token.
Microsoft.IdentityModel.Tokens.SecurityTokenSignatureKeyNotFoundException: IDX10517: Signature validation failed. The token's kid is missing. Keys tried: 'Microsoft.IdentityModel.Tokens.SymmetricSecurityKey, KeyId: '', InternalId: 'VNGqhB7kZ75afXrNakqPyb1WYggzQUo6Cgi8Kx2i7Zs'. , KeyId: 
'. Number of keys in TokenValidationParameters: '1'. 
Number of keys in Configuration: '0'. 
Exceptions caught:
 '[PII of type 'System.Text.StringBuilder' is hidden. For more details, see https://aka.ms/IdentityModel/PII.]'.
token: '[PII of type 'Microsoft.IdentityModel.JsonWebTokens.JsonWebToken' is hidden. For more details, see https://aka.ms/IdentityModel/PII.]'. See https://aka.ms/IDX10503 for details.
   at Microsoft.IdentityModel.JsonWebTokens.JsonWebTokenHandler.ValidateSignature(JsonWebToken jwtToken, TokenValidationParameters validationParameters, BaseConfiguration configuration)
   at Microsoft.IdentityModel.JsonWebTokens.JsonWebTokenHandler.ValidateSignatureAndIssuerSecurityKey(JsonWebToken jsonWebToken, TokenValidationParameters validationParameters, BaseConfiguration configuration)
   at Microsoft.IdentityModel.JsonWebTokens.JsonWebTokenHandler.ValidateJWSAsync(JsonWebToken jsonWebToken, TokenValidationParameters validationParameters, BaseConfiguration configuration)
2026-09-16 10:32:06.192 +03:00 [INF] Bearer was not authenticated. Failure message: IDX10517: Signature validation failed. The token's kid is missing. Keys tried: 'Microsoft.IdentityModel.Tokens.SymmetricSecurityKey, KeyId: '', InternalId: 'VNGqhB7kZ75afXrNakqPyb1WYggzQUo6Cgi8Kx2i7Zs'. , KeyId: 
'. Number of keys in TokenValidationParameters: '1'. 
Number of keys in Configuration: '0'. 
Exceptions caught:
 '[PII of type 'System.Text.StringBuilder' is hidden. For more details, see https://aka.ms/IdentityModel/PII.]'.
token: '[PII of type 'Microsoft.IdentityModel.JsonWebTokens.JsonWebToken' is hidden. For more details, see https://aka.ms/IdentityModel/PII.]'. See https://aka.ms/IDX10503 for details.
2026-09-16 10:32:06.199 +03:00 [INF] Bearer was not authenticated. Failure message: IDX10517: Signature validation failed. The token's kid is missing. Keys tried: 'Microsoft.IdentityModel.Tokens.SymmetricSecurityKey, KeyId: '', InternalId: 'VNGqhB7kZ75afXrNakqPyb1WYggzQUo6Cgi8Kx2i7Zs'. , KeyId: 
'. Number of keys in TokenValidationParameters: '1'. 
Number of keys in Configuration: '0'. 
Exceptions caught:
 '[PII of type 'System.Text.StringBuilder' is hidden. For more details, see https://aka.ms/IdentityModel/PII.]'.
token: '[PII of type 'Microsoft.IdentityModel.JsonWebTokens.JsonWebToken' is hidden. For more details, see https://aka.ms/IdentityModel/PII.]'. See https://aka.ms/IDX10503 for details.
2026-09-16 10:32:06.207 +03:00 [INF] Bearer was not authenticated. Failure message: IDX10517: Signature validation failed. The token's kid is missing. Keys tried: 'Microsoft.IdentityModel.Tokens.SymmetricSecurityKey, KeyId: '', InternalId: 'VNGqhB7kZ75afXrNakqPyb1WYggzQUo6Cgi8Kx2i7Zs'. , KeyId: 
'. Number of keys in TokenValidationParameters: '1'. 
Number of keys in Configuration: '0'. 
Exceptions caught:
 '[PII of type 'System.Text.StringBuilder' is hidden. For more details, see https://aka.ms/IdentityModel/PII.]'.
token: '[PII of type 'Microsoft.IdentityModel.JsonWebTokens.JsonWebToken' is hidden. For more details, see https://aka.ms/IdentityModel/PII.]'. See https://aka.ms/IDX10503 for details.
2026-09-16 10:32:06.210 +03:00 [INF] Executing endpoint 'CMS.API.Controllers.TriageController.GetQueue (CMS.API)'
2026-09-16 10:32:06.214 +03:00 [INF] Executing endpoint 'CMS.API.Controllers.StaffController.GetDoctors (CMS.API)'
2026-09-16 10:32:06.217 +03:00 [INF] Executing endpoint 'CMS.API.Controllers.PatientsController.Search (CMS.API)'
2026-09-16 10:32:06.221 +03:00 [INF] Route matched with {action = "GetQueue", controller = "Triage"}. Executing controller action with signature System.Threading.Tasks.Task`1[Microsoft.AspNetCore.Mvc.IActionResult] GetQueue(System.String, System.Nullable`1[System.DateTime]) on controller CMS.API.Controllers.TriageController (CMS.API).
2026-09-16 10:32:06.224 +03:00 [INF] Route matched with {action = "GetDoctors", controller = "Staff"}. Executing controller action with signature System.Threading.Tasks.Task`1[Microsoft.AspNetCore.Mvc.IActionResult] GetDoctors() on controller CMS.API.Controllers.StaffController (CMS.API).
2026-09-16 10:32:06.228 +03:00 [INF] Route matched with {action = "Search", controller = "Patients"}. Executing controller action with signature System.Threading.Tasks.Task`1[Microsoft.AspNetCore.Mvc.IActionResult] Search(System.String, Int32) on controller CMS.API.Controllers.PatientsController (CMS.API).
2026-09-16 10:32:06.236 +03:00 [INF] Executing OkObjectResult, writing value of type 'CMS.Shared.DTOs.ApiResponse`1[[System.Collections.Generic.List`1[[CMS.Shared.DTOs.TriageDto, CMS.Shared, Version=1.0.0.0, Culture=neutral, PublicKeyToken=null]], System.Private.CoreLib, Version=8.0.0.0, Culture=neutral, PublicKeyToken=7cec85d7bea7798e]]'.
2026-09-16 10:32:06.241 +03:00 [INF] Executing OkObjectResult, writing value of type 'CMS.Shared.DTOs.ApiResponse`1[[System.Collections.Generic.List`1[[CMS.Shared.DTOs.DoctorDto, CMS.Shared, Version=1.0.0.0, Culture=neutral, PublicKeyToken=null]], System.Private.CoreLib, Version=8.0.0.0, Culture=neutral, PublicKeyToken=7cec85d7bea7798e]]'.
2026-09-16 10:32:06.249 +03:00 [INF] Executing OkObjectResult, writing value of type 'CMS.Shared.DTOs.ApiResponse`1[[System.Collections.Generic.List`1[[CMS.Shared.DTOs.PatientDto, CMS.Shared, Version=1.0.0.0, Culture=neutral, PublicKeyToken=null]], System.Private.CoreLib, Version=8.0.0.0, Culture=neutral, PublicKeyToken=7cec85d7bea7798e]]'.
2026-09-16 10:32:06.253 +03:00 [INF] Executed action CMS.API.Controllers.TriageController.GetQueue (CMS.API) in 19.9603ms
2026-09-16 10:32:06.259 +03:00 [INF] Executed action CMS.API.Controllers.StaffController.GetDoctors (CMS.API) in 18.9093ms
2026-09-16 10:32:06.264 +03:00 [INF] Executed action CMS.API.Controllers.PatientsController.Search (CMS.API) in 17.4717ms
2026-09-16 10:32:06.269 +03:00 [INF] Executed endpoint 'CMS.API.Controllers.TriageController.GetQueue (CMS.API)'
2026-09-16 10:32:06.274 +03:00 [INF] Executed endpoint 'CMS.API.Controllers.StaffController.GetDoctors (CMS.API)'
2026-09-16 10:32:06.279 +03:00 [INF] Executed endpoint 'CMS.API.Controllers.PatientsController.Search (CMS.API)'
2026-09-16 10:32:06.283 +03:00 [INF] Request finished HTTP/1.1 GET http://localhost:5010/api/v1/triage/queue?date=2026-09-16 - 200 null application/json; charset=utf-8 122.6339ms
2026-09-16 10:32:06.286 +03:00 [INF] Request finished HTTP/1.1 GET http://localhost:5010/api/v1/staff/doctors - 200 null application/json; charset=utf-8 125.8487ms
2026-09-16 10:32:06.290 +03:00 [INF] Request finished HTTP/1.1 GET http://localhost:5010/api/v1/patients/search - 200 null application/json; charset=utf-8 128.8213ms
2026-09-16 10:32:08.144 +03:00 [INF] Request starting HTTP/1.1 GET http://localhost:5010/api/v1/encounters/patient/20 - application/json null
2026-09-16 10:32:08.154 +03:00 [INF] Failed to validate the token.
Microsoft.IdentityModel.Tokens.SecurityTokenSignatureKeyNotFoundException: IDX10517: Signature validation failed. The token's kid is missing. Keys tried: 'Microsoft.IdentityModel.Tokens.SymmetricSecurityKey, KeyId: '', InternalId: 'VNGqhB7kZ75afXrNakqPyb1WYggzQUo6Cgi8Kx2i7Zs'. , KeyId: 
'. Number of keys in TokenValidationParameters: '1'. 
Number of keys in Configuration: '0'. 
Exceptions caught:
 '[PII of type 'System.Text.StringBuilder' is hidden. For more details, see https://aka.ms/IdentityModel/PII.]'.
token: '[PII of type 'Microsoft.IdentityModel.JsonWebTokens.JsonWebToken' is hidden. For more details, see https://aka.ms/IdentityModel/PII.]'. See https://aka.ms/IDX10503 for details.
   at Microsoft.IdentityModel.JsonWebTokens.JsonWebTokenHandler.ValidateSignature(JsonWebToken jwtToken, TokenValidationParameters validationParameters, BaseConfiguration configuration)
   at Microsoft.IdentityModel.JsonWebTokens.JsonWebTokenHandler.ValidateSignatureAndIssuerSecurityKey(JsonWebToken jsonWebToken, TokenValidationParameters validationParameters, BaseConfiguration configuration)
   at Microsoft.IdentityModel.JsonWebTokens.JsonWebTokenHandler.ValidateJWSAsync(JsonWebToken jsonWebToken, TokenValidationParameters validationParameters, BaseConfiguration configuration)
2026-09-16 10:32:08.162 +03:00 [INF] Bearer was not authenticated. Failure message: IDX10517: Signature validation failed. The token's kid is missing. Keys tried: 'Microsoft.IdentityModel.Tokens.SymmetricSecurityKey, KeyId: '', InternalId: 'VNGqhB7kZ75afXrNakqPyb1WYggzQUo6Cgi8Kx2i7Zs'. , KeyId: 
'. Number of keys in TokenValidationParameters: '1'. 
Number of keys in Configuration: '0'. 
Exceptions caught:
 '[PII of type 'System.Text.StringBuilder' is hidden. For more details, see https://aka.ms/IdentityModel/PII.]'.
token: '[PII of type 'Microsoft.IdentityModel.JsonWebTokens.JsonWebToken' is hidden. For more details, see https://aka.ms/IdentityModel/PII.]'. See https://aka.ms/IDX10503 for details.
2026-09-16 10:32:08.166 +03:00 [INF] Executing endpoint 'CMS.API.Controllers.EncountersController.GetPatientEncounters (CMS.API)'
2026-09-16 10:32:08.178 +03:00 [INF] Route matched with {action = "GetPatientEncounters", controller = "Encounters"}. Executing controller action with signature System.Threading.Tasks.Task`1[Microsoft.AspNetCore.Mvc.IActionResult] GetPatientEncounters(Int32) on controller CMS.API.Controllers.EncountersController (CMS.API).
2026-09-16 10:32:08.223 +03:00 [INF] Executing OkObjectResult, writing value of type 'CMS.Shared.DTOs.ApiResponse`1[[System.Collections.Generic.List`1[[CMS.Shared.DTOs.EncounterDto, CMS.Shared, Version=1.0.0.0, Culture=neutral, PublicKeyToken=null]], System.Private.CoreLib, Version=8.0.0.0, Culture=neutral, PublicKeyToken=7cec85d7bea7798e]]'.
2026-09-16 10:32:08.241 +03:00 [INF] Executed action CMS.API.Controllers.EncountersController.GetPatientEncounters (CMS.API) in 56.499ms
2026-09-16 10:32:08.250 +03:00 [INF] Executed endpoint 'CMS.API.Controllers.EncountersController.GetPatientEncounters (CMS.API)'
2026-09-16 10:32:08.256 +03:00 [INF] Request finished HTTP/1.1 GET http://localhost:5010/api/v1/encounters/patient/20 - 200 null application/json; charset=utf-8 111.6565ms
2026-09-16 10:32:09.542 +03:00 [INF] Request starting HTTP/1.1 GET http://localhost:5010/api/v1/notifications - application/json null
2026-09-16 10:32:09.553 +03:00 [INF] Failed to validate the token.
Microsoft.IdentityModel.Tokens.SecurityTokenSignatureKeyNotFoundException: IDX10517: Signature validation failed. The token's kid is missing. Keys tried: 'Microsoft.IdentityModel.Tokens.SymmetricSecurityKey, KeyId: '', InternalId: 'VNGqhB7kZ75afXrNakqPyb1WYggzQUo6Cgi8Kx2i7Zs'. , KeyId: 
'. Number of keys in TokenValidationParameters: '1'. 
Number of keys in Configuration: '0'. 
Exceptions caught:
 '[PII of type 'System.Text.StringBuilder' is hidden. For more details, see https://aka.ms/IdentityModel/PII.]'.
token: '[PII of type 'Microsoft.IdentityModel.JsonWebTokens.JsonWebToken' is hidden. For more details, see https://aka.ms/IdentityModel/PII.]'. See https://aka.ms/IDX10503 for details.
   at Microsoft.IdentityModel.JsonWebTokens.JsonWebTokenHandler.ValidateSignature(JsonWebToken jwtToken, TokenValidationParameters validationParameters, BaseConfiguration configuration)
   at Microsoft.IdentityModel.JsonWebTokens.JsonWebTokenHandler.ValidateSignatureAndIssuerSecurityKey(JsonWebToken jsonWebToken, TokenValidationParameters validationParameters, BaseConfiguration configuration)
   at Microsoft.IdentityModel.JsonWebTokens.JsonWebTokenHandler.ValidateJWSAsync(JsonWebToken jsonWebToken, TokenValidationParameters validationParameters, BaseConfiguration configuration)
2026-09-16 10:32:09.563 +03:00 [INF] Bearer was not authenticated. Failure message: IDX10517: Signature validation failed. The token's kid is missing. Keys tried: 'Microsoft.IdentityModel.Tokens.SymmetricSecurityKey, KeyId: '', InternalId: 'VNGqhB7kZ75afXrNakqPyb1WYggzQUo6Cgi8Kx2i7Zs'. , KeyId: 
'. Number of keys in TokenValidationParameters: '1'. 
Number of keys in Configuration: '0'. 
Exceptions caught:
 '[PII of type 'System.Text.StringBuilder' is hidden. For more details, see https://aka.ms/IdentityModel/PII.]'.
token: '[PII of type 'Microsoft.IdentityModel.JsonWebTokens.JsonWebToken' is hidden. For more details, see https://aka.ms/IdentityModel/PII.]'. See https://aka.ms/IDX10503 for details.
2026-09-16 10:32:09.569 +03:00 [INF] Executing endpoint 'CMS.API.Controllers.NotificationsController.GetNotifications (CMS.API)'
2026-09-16 10:32:09.575 +03:00 [INF] Route matched with {action = "GetNotifications", controller = "Notifications"}. Executing controller action with signature System.Threading.Tasks.Task`1[Microsoft.AspNetCore.Mvc.IActionResult] GetNotifications(System.Nullable`1[System.Int32], System.String) on controller CMS.API.Controllers.NotificationsController (CMS.API).
2026-09-16 10:32:09.607 +03:00 [INF] Executing OkObjectResult, writing value of type 'CMS.Shared.DTOs.ApiResponse`1[[System.Collections.Generic.List`1[[CMS.Shared.DTOs.NotificationItemDto, CMS.Shared, Version=1.0.0.0, Culture=neutral, PublicKeyToken=null]], System.Private.CoreLib, Version=8.0.0.0, Culture=neutral, PublicKeyToken=7cec85d7bea7798e]]'.
2026-09-16 10:32:09.614 +03:00 [INF] Executed action CMS.API.Controllers.NotificationsController.GetNotifications (CMS.API) in 30.983ms
2026-09-16 10:32:09.618 +03:00 [INF] Executed endpoint 'CMS.API.Controllers.NotificationsController.GetNotifications (CMS.API)'
2026-09-16 10:32:09.622 +03:00 [INF] Request finished HTTP/1.1 GET http://localhost:5010/api/v1/notifications - 200 null application/json; charset=utf-8 80.1847ms
2026-09-16 10:32:12.680 +03:00 [INF] Request starting HTTP/1.1 POST http://localhost:5010/api/v1/triage/assign-doctor - application/json 174
2026-09-16 10:32:12.690 +03:00 [INF] CORS policy execution successful.
2026-09-16 10:32:12.694 +03:00 [INF] Failed to validate the token.
Microsoft.IdentityModel.Tokens.SecurityTokenSignatureKeyNotFoundException: IDX10517: Signature validation failed. The token's kid is missing. Keys tried: 'Microsoft.IdentityModel.Tokens.SymmetricSecurityKey, KeyId: '', InternalId: 'VNGqhB7kZ75afXrNakqPyb1WYggzQUo6Cgi8Kx2i7Zs'. , KeyId: 
'. Number of keys in TokenValidationParameters: '1'. 
Number of keys in Configuration: '0'. 
Exceptions caught:
 '[PII of type 'System.Text.StringBuilder' is hidden. For more details, see https://aka.ms/IdentityModel/PII.]'.
token: '[PII of type 'Microsoft.IdentityModel.JsonWebTokens.JsonWebToken' is hidden. For more details, see https://aka.ms/IdentityModel/PII.]'. See https://aka.ms/IDX10503 for details.
   at Microsoft.IdentityModel.JsonWebTokens.JsonWebTokenHandler.ValidateSignature(JsonWebToken jwtToken, TokenValidationParameters validationParameters, BaseConfiguration configuration)
   at Microsoft.IdentityModel.JsonWebTokens.JsonWebTokenHandler.ValidateSignatureAndIssuerSecurityKey(JsonWebToken jsonWebToken, TokenValidationParameters validationParameters, BaseConfiguration configuration)
   at Microsoft.IdentityModel.JsonWebTokens.JsonWebTokenHandler.ValidateJWSAsync(JsonWebToken jsonWebToken, TokenValidationParameters validationParameters, BaseConfiguration configuration)
2026-09-16 10:32:12.704 +03:00 [INF] Bearer was not authenticated. Failure message: IDX10517: Signature validation failed. The token's kid is missing. Keys tried: 'Microsoft.IdentityModel.Tokens.SymmetricSecurityKey, KeyId: '', InternalId: 'VNGqhB7kZ75afXrNakqPyb1WYggzQUo6Cgi8Kx2i7Zs'. , KeyId: 
'. Number of keys in TokenValidationParameters: '1'. 
Number of keys in Configuration: '0'. 
Exceptions caught:
 '[PII of type 'System.Text.StringBuilder' is hidden. For more details, see https://aka.ms/IdentityModel/PII.]'.
token: '[PII of type 'Microsoft.IdentityModel.JsonWebTokens.JsonWebToken' is hidden. For more details, see https://aka.ms/IdentityModel/PII.]'. See https://aka.ms/IDX10503 for details.
2026-09-16 10:32:12.709 +03:00 [INF] Executing endpoint 'CMS.API.Controllers.TriageController.AssignDoctor (CMS.API)'
2026-09-16 10:32:12.725 +03:00 [INF] Route matched with {action = "AssignDoctor", controller = "Triage"}. Executing controller action with signature System.Threading.Tasks.Task`1[Microsoft.AspNetCore.Mvc.IActionResult] AssignDoctor(CMS.Shared.DTOs.AssignDoctorDto) on controller CMS.API.Controllers.TriageController (CMS.API).
2026-09-16 10:32:12.780 +03:00 [INF] Executing OkObjectResult, writing value of type 'CMS.Shared.DTOs.ApiResponse`1[[System.String, System.Private.CoreLib, Version=8.0.0.0, Culture=neutral, PublicKeyToken=7cec85d7bea7798e]]'.
2026-09-16 10:32:12.789 +03:00 [INF] Executed action CMS.API.Controllers.TriageController.AssignDoctor (CMS.API) in 54.6373ms
2026-09-16 10:32:12.795 +03:00 [INF] Executed endpoint 'CMS.API.Controllers.TriageController.AssignDoctor (CMS.API)'
2026-09-16 10:32:12.800 +03:00 [INF] Request finished HTTP/1.1 POST http://localhost:5010/api/v1/triage/assign-doctor - 200 null application/json; charset=utf-8 119.8593ms
2026-09-16 10:32:12.810 +03:00 [INF] Request starting HTTP/1.1 POST http://localhost:5010/api/v1/billing/invoices - application/json 203
2026-09-16 10:32:12.834 +03:00 [INF] CORS policy execution successful.
2026-09-16 10:32:12.846 +03:00 [INF] Failed to validate the token.
Microsoft.IdentityModel.Tokens.SecurityTokenSignatureKeyNotFoundException: IDX10517: Signature validation failed. The token's kid is missing. Keys tried: 'Microsoft.IdentityModel.Tokens.SymmetricSecurityKey, KeyId: '', InternalId: 'VNGqhB7kZ75afXrNakqPyb1WYggzQUo6Cgi8Kx2i7Zs'. , KeyId: 
'. Number of keys in TokenValidationParameters: '1'. 
Number of keys in Configuration: '0'. 
Exceptions caught:
 '[PII of type 'System.Text.StringBuilder' is hidden. For more details, see https://aka.ms/IdentityModel/PII.]'.
token: '[PII of type 'Microsoft.IdentityModel.JsonWebTokens.JsonWebToken' is hidden. For more details, see https://aka.ms/IdentityModel/PII.]'. See https://aka.ms/IDX10503 for details.
   at Microsoft.IdentityModel.JsonWebTokens.JsonWebTokenHandler.ValidateSignature(JsonWebToken jwtToken, TokenValidationParameters validationParameters, BaseConfiguration configuration)
   at Microsoft.IdentityModel.JsonWebTokens.JsonWebTokenHandler.ValidateSignatureAndIssuerSecurityKey(JsonWebToken jsonWebToken, TokenValidationParameters validationParameters, BaseConfiguration configuration)
   at Microsoft.IdentityModel.JsonWebTokens.JsonWebTokenHandler.ValidateJWSAsync(JsonWebToken jsonWebToken, TokenValidationParameters validationParameters, BaseConfiguration configuration)
2026-09-16 10:32:12.865 +03:00 [INF] Bearer was not authenticated. Failure message: IDX10517: Signature validation failed. The token's kid is missing. Keys tried: 'Microsoft.IdentityModel.Tokens.SymmetricSecurityKey, KeyId: '', InternalId: 'VNGqhB7kZ75afXrNakqPyb1WYggzQUo6Cgi8Kx2i7Zs'. , KeyId: 
'. Number of keys in TokenValidationParameters: '1'. 
Number of keys in Configuration: '0'. 
Exceptions caught:
 '[PII of type 'System.Text.StringBuilder' is hidden. For more details, see https://aka.ms/IdentityModel/PII.]'.
token: '[PII of type 'Microsoft.IdentityModel.JsonWebTokens.JsonWebToken' is hidden. For more details, see https://aka.ms/IdentityModel/PII.]'. See https://aka.ms/IDX10503 for details.
2026-09-16 10:32:12.871 +03:00 [INF] Executing endpoint 'CMS.API.Controllers.BillingController.CreateInvoice (CMS.API)'
2026-09-16 10:32:12.882 +03:00 [INF] Route matched with {action = "CreateInvoice", controller = "Billing"}. Executing controller action with signature System.Threading.Tasks.Task`1[Microsoft.AspNetCore.Mvc.IActionResult] CreateInvoice(CMS.Shared.DTOs.CreateInvoiceDto) on controller CMS.API.Controllers.BillingController (CMS.API).
2026-09-16 10:32:13.049 +03:00 [INF] Executed action CMS.API.Controllers.BillingController.CreateInvoice (CMS.API) in 159.5745ms
2026-09-16 10:32:13.054 +03:00 [INF] Executed endpoint 'CMS.API.Controllers.BillingController.CreateInvoice (CMS.API)'
2026-09-16 10:32:13.059 +03:00 [ERR] Unhandled exception encountered: Must declare the scalar variable "@RefId".
Microsoft.Data.SqlClient.SqlException (0x80131904): Must declare the scalar variable "@RefId".
   at Microsoft.Data.SqlClient.SqlConnection.OnError(SqlException exception, Boolean breakConnection, Action`1 wrapCloseInAction)
   at Microsoft.Data.SqlClient.SqlInternalConnection.OnError(SqlException exception, Boolean breakConnection, Action`1 wrapCloseInAction)
   at Microsoft.Data.SqlClient.TdsParser.ThrowExceptionAndWarning(TdsParserStateObject stateObj, Boolean callerHasConnectionLock, Boolean asyncClose)
   at Microsoft.Data.SqlClient.TdsParser.TryRun(RunBehavior runBehavior, SqlCommand cmdHandler, SqlDataReader dataStream, BulkCopySimpleResultSet bulkCopyHandler, TdsParserStateObject stateObj, Boolean& dataReady)
   at Microsoft.Data.SqlClient.SqlCommand.FinishExecuteReader(SqlDataReader ds, RunBehavior runBehavior, String resetOptionsString, Boolean isInternal, Boolean forDescribeParameterEncryption, Boolean shouldCacheForAlwaysEncrypted)
   at Microsoft.Data.SqlClient.SqlCommand.CompleteAsyncExecuteReader(Boolean isInternal, Boolean forDescribeParameterEncryption)
   at Microsoft.Data.SqlClient.SqlCommand.InternalEndExecuteNonQuery(IAsyncResult asyncResult, Boolean isInternal, String endMethod)
   at Microsoft.Data.SqlClient.SqlCommand.EndExecuteNonQueryInternal(IAsyncResult asyncResult)
   at Microsoft.Data.SqlClient.SqlCommand.EndExecuteNonQueryAsync(IAsyncResult asyncResult)
   at Microsoft.Data.SqlClient.SqlCommand.<>c.<InternalExecuteNonQueryAsync>b__210_1(IAsyncResult result)
   at System.Threading.Tasks.TaskFactory`1.FromAsyncCoreLogic(IAsyncResult iar, Func`2 endFunction, Action`1 endAction, Task`1 promise, Boolean requiresSynchronization)
--- End of stack trace from previous location ---
   at Dapper.SqlMapper.ExecuteImplAsync(IDbConnection cnn, CommandDefinition command, Object param) in /_/Dapper/SqlMapper.Async.cs:line 662
   at CMS.Application.Billing.BillingService.CreateInvoiceAsync(CreateInvoiceDto dto) in C:\Users\ASUS\source\repos\CMS\src\CMS.Application\Billing\BillingService.cs:line 158
   at CMS.API.Controllers.BillingController.CreateInvoice(CreateInvoiceDto dto) in C:\Users\ASUS\source\repos\CMS\src\CMS.API\Controllers\PharmacyBillingControllers.cs:line 86
   at Microsoft.AspNetCore.Mvc.Infrastructure.ActionMethodExecutor.TaskOfIActionResultExecutor.Execute(ActionContext actionContext, IActionResultTypeMapper mapper, ObjectMethodExecutor executor, Object controller, Object[] arguments)
   at Microsoft.AspNetCore.Mvc.Infrastructure.ControllerActionInvoker.<InvokeActionMethodAsync>g__Awaited|12_0(ControllerActionInvoker invoker, ValueTask`1 actionResultValueTask)
   at Microsoft.AspNetCore.Mvc.Infrastructure.ControllerActionInvoker.<InvokeNextActionFilterAsync>g__Awaited|10_0(ControllerActionInvoker invoker, Task lastTask, State next, Scope scope, Object state, Boolean isCompleted)
   at Microsoft.AspNetCore.Mvc.Infrastructure.ControllerActionInvoker.Rethrow(ActionExecutedContextSealed context)
   at Microsoft.AspNetCore.Mvc.Infrastructure.ControllerActionInvoker.Next(State& next, Scope& scope, Object& state, Boolean& isCompleted)
   at Microsoft.AspNetCore.Mvc.Infrastructure.ControllerActionInvoker.<InvokeInnerFilterAsync>g__Awaited|13_0(ControllerActionInvoker invoker, Task lastTask, State next, Scope scope, Object state, Boolean isCompleted)
   at Microsoft.AspNetCore.Mvc.Infrastructure.ResourceInvoker.<InvokeFilterPipelineAsync>g__Awaited|20_0(ResourceInvoker invoker, Task lastTask, State next, Scope scope, Object state, Boolean isCompleted)
   at Microsoft.AspNetCore.Mvc.Infrastructure.ResourceInvoker.<InvokeAsync>g__Logged|17_1(ResourceInvoker invoker)
   at Microsoft.AspNetCore.Mvc.Infrastructure.ResourceInvoker.<InvokeAsync>g__Logged|17_1(ResourceInvoker invoker)
   at Microsoft.AspNetCore.Routing.EndpointMiddleware.<Invoke>g__AwaitRequestTask|7_0(Endpoint endpoint, Task requestTask, ILogger logger)
   at Microsoft.AspNetCore.Authorization.AuthorizationMiddleware.Invoke(HttpContext context)
   at Microsoft.AspNetCore.Authentication.AuthenticationMiddleware.Invoke(HttpContext context)
   at Swashbuckle.AspNetCore.SwaggerUI.SwaggerUIMiddleware.Invoke(HttpContext httpContext)
   at Swashbuckle.AspNetCore.Swagger.SwaggerMiddleware.Invoke(HttpContext httpContext, ISwaggerProvider swaggerProvider)
   at CMS.API.Middleware.TenantMiddleware.InvokeAsync(HttpContext context) in C:\Users\ASUS\source\repos\CMS\src\CMS.API\Middleware\Middlewares.cs:line 26
   at CMS.API.Middleware.ExceptionMiddleware.InvokeAsync(HttpContext context) in C:\Users\ASUS\source\repos\CMS\src\CMS.API\Middleware\Middlewares.cs:line 45
ClientConnectionId:0853ea0f-366f-40ad-923f-f3b20a81f28e
Error Number:137,State:2,Class:15
2026-09-16 10:32:13.153 +03:00 [INF] Request finished HTTP/1.1 POST http://localhost:5010/api/v1/billing/invoices - 500 null application/json 343.5399ms
2026-09-16 10:32:13.176 +03:00 [INF] Request starting HTTP/1.1 GET http://localhost:5010/api/v1/triage/queue?date=2026-09-16 - application/json null
2026-09-16 10:32:13.176 +03:00 [INF] Request starting HTTP/1.1 GET http://localhost:5010/api/v1/staff/doctors - application/json null
2026-09-16 10:32:13.177 +03:00 [INF] Request starting HTTP/1.1 GET http://localhost:5010/api/v1/patients/search - application/json null
2026-09-16 10:32:13.193 +03:00 [INF] Failed to validate the token.
Microsoft.IdentityModel.Tokens.SecurityTokenSignatureKeyNotFoundException: IDX10517: Signature validation failed. The token's kid is missing. Keys tried: 'Microsoft.IdentityModel.Tokens.SymmetricSecurityKey, KeyId: '', InternalId: 'VNGqhB7kZ75afXrNakqPyb1WYggzQUo6Cgi8Kx2i7Zs'. , KeyId: 
'. Number of keys in TokenValidationParameters: '1'. 
Number of keys in Configuration: '0'. 
Exceptions caught:
 '[PII of type 'System.Text.StringBuilder' is hidden. For more details, see https://aka.ms/IdentityModel/PII.]'.
token: '[PII of type 'Microsoft.IdentityModel.JsonWebTokens.JsonWebToken' is hidden. For more details, see https://aka.ms/IdentityModel/PII.]'. See https://aka.ms/IDX10503 for details.
   at Microsoft.IdentityModel.JsonWebTokens.JsonWebTokenHandler.ValidateSignature(JsonWebToken jwtToken, TokenValidationParameters validationParameters, BaseConfiguration configuration)
   at Microsoft.IdentityModel.JsonWebTokens.JsonWebTokenHandler.ValidateSignatureAndIssuerSecurityKey(JsonWebToken jsonWebToken, TokenValidationParameters validationParameters, BaseConfiguration configuration)
   at Microsoft.IdentityModel.JsonWebTokens.JsonWebTokenHandler.ValidateJWSAsync(JsonWebToken jsonWebToken, TokenValidationParameters validationParameters, BaseConfiguration configuration)
2026-09-16 10:32:13.204 +03:00 [INF] Failed to validate the token.
Microsoft.IdentityModel.Tokens.SecurityTokenSignatureKeyNotFoundException: IDX10517: Signature validation failed. The token's kid is missing. Keys tried: 'Microsoft.IdentityModel.Tokens.SymmetricSecurityKey, KeyId: '', InternalId: 'VNGqhB7kZ75afXrNakqPyb1WYggzQUo6Cgi8Kx2i7Zs'. , KeyId: 
'. Number of keys in TokenValidationParameters: '1'. 
Number of keys in Configuration: '0'. 
Exceptions caught:
 '[PII of type 'System.Text.StringBuilder' is hidden. For more details, see https://aka.ms/IdentityModel/PII.]'.
token: '[PII of type 'Microsoft.IdentityModel.JsonWebTokens.JsonWebToken' is hidden. For more details, see https://aka.ms/IdentityModel/PII.]'. See https://aka.ms/IDX10503 for details.
   at Microsoft.IdentityModel.JsonWebTokens.JsonWebTokenHandler.ValidateSignature(JsonWebToken jwtToken, TokenValidationParameters validationParameters, BaseConfiguration configuration)
   at Microsoft.IdentityModel.JsonWebTokens.JsonWebTokenHandler.ValidateSignatureAndIssuerSecurityKey(JsonWebToken jsonWebToken, TokenValidationParameters validationParameters, BaseConfiguration configuration)
   at Microsoft.IdentityModel.JsonWebTokens.JsonWebTokenHandler.ValidateJWSAsync(JsonWebToken jsonWebToken, TokenValidationParameters validationParameters, BaseConfiguration configuration)
2026-09-16 10:32:13.214 +03:00 [INF] Failed to validate the token.
Microsoft.IdentityModel.Tokens.SecurityTokenSignatureKeyNotFoundException: IDX10517: Signature validation failed. The token's kid is missing. Keys tried: 'Microsoft.IdentityModel.Tokens.SymmetricSecurityKey, KeyId: '', InternalId: 'VNGqhB7kZ75afXrNakqPyb1WYggzQUo6Cgi8Kx2i7Zs'. , KeyId: 
'. Number of keys in TokenValidationParameters: '1'. 
Number of keys in Configuration: '0'. 
Exceptions caught:
 '[PII of type 'System.Text.StringBuilder' is hidden. For more details, see https://aka.ms/IdentityModel/PII.]'.
token: '[PII of type 'Microsoft.IdentityModel.JsonWebTokens.JsonWebToken' is hidden. For more details, see https://aka.ms/IdentityModel/PII.]'. See https://aka.ms/IDX10503 for details.
   at Microsoft.IdentityModel.JsonWebTokens.JsonWebTokenHandler.ValidateSignature(JsonWebToken jwtToken, TokenValidationParameters validationParameters, BaseConfiguration configuration)
   at Microsoft.IdentityModel.JsonWebTokens.JsonWebTokenHandler.ValidateSignatureAndIssuerSecurityKey(JsonWebToken jsonWebToken, TokenValidationParameters validationParameters, BaseConfiguration configuration)
   at Microsoft.IdentityModel.JsonWebTokens.JsonWebTokenHandler.ValidateJWSAsync(JsonWebToken jsonWebToken, TokenValidationParameters validationParameters, BaseConfiguration configuration)
2026-09-16 10:32:13.222 +03:00 [INF] Bearer was not authenticated. Failure message: IDX10517: Signature validation failed. The token's kid is missing. Keys tried: 'Microsoft.IdentityModel.Tokens.SymmetricSecurityKey, KeyId: '', InternalId: 'VNGqhB7kZ75afXrNakqPyb1WYggzQUo6Cgi8Kx2i7Zs'. , KeyId: 
'. Number of keys in TokenValidationParameters: '1'. 
Number of keys in Configuration: '0'. 
Exceptions caught:
 '[PII of type 'System.Text.StringBuilder' is hidden. For more details, see https://aka.ms/IdentityModel/PII.]'.
token: '[PII of type 'Microsoft.IdentityModel.JsonWebTokens.JsonWebToken' is hidden. For more details, see https://aka.ms/IdentityModel/PII.]'. See https://aka.ms/IDX10503 for details.
2026-09-16 10:32:13.231 +03:00 [INF] Bearer was not authenticated. Failure message: IDX10517: Signature validation failed. The token's kid is missing. Keys tried: 'Microsoft.IdentityModel.Tokens.SymmetricSecurityKey, KeyId: '', InternalId: 'VNGqhB7kZ75afXrNakqPyb1WYggzQUo6Cgi8Kx2i7Zs'. , KeyId: 
'. Number of keys in TokenValidationParameters: '1'. 
Number of keys in Configuration: '0'. 
Exceptions caught:
 '[PII of type 'System.Text.StringBuilder' is hidden. For more details, see https://aka.ms/IdentityModel/PII.]'.
token: '[PII of type 'Microsoft.IdentityModel.JsonWebTokens.JsonWebToken' is hidden. For more details, see https://aka.ms/IdentityModel/PII.]'. See https://aka.ms/IDX10503 for details.
2026-09-16 10:32:13.240 +03:00 [INF] Bearer was not authenticated. Failure message: IDX10517: Signature validation failed. The token's kid is missing. Keys tried: 'Microsoft.IdentityModel.Tokens.SymmetricSecurityKey, KeyId: '', InternalId: 'VNGqhB7kZ75afXrNakqPyb1WYggzQUo6Cgi8Kx2i7Zs'. , KeyId: 
'. Number of keys in TokenValidationParameters: '1'. 
Number of keys in Configuration: '0'. 
Exceptions caught:
 '[PII of type 'System.Text.StringBuilder' is hidden. For more details, see https://aka.ms/IdentityModel/PII.]'.
token: '[PII of type 'Microsoft.IdentityModel.JsonWebTokens.JsonWebToken' is hidden. For more details, see https://aka.ms/IdentityModel/PII.]'. See https://aka.ms/IDX10503 for details.
2026-09-16 10:32:13.244 +03:00 [INF] Executing endpoint 'CMS.API.Controllers.TriageController.GetQueue (CMS.API)'
2026-09-16 10:32:13.247 +03:00 [INF] Executing endpoint 'CMS.API.Controllers.StaffController.GetDoctors (CMS.API)'
2026-09-16 10:32:13.250 +03:00 [INF] Executing endpoint 'CMS.API.Controllers.PatientsController.Search (CMS.API)'
2026-09-16 10:32:13.253 +03:00 [INF] Route matched with {action = "GetQueue", controller = "Triage"}. Executing controller action with signature System.Threading.Tasks.Task`1[Microsoft.AspNetCore.Mvc.IActionResult] GetQueue(System.String, System.Nullable`1[System.DateTime]) on controller CMS.API.Controllers.TriageController (CMS.API).
2026-09-16 10:32:13.257 +03:00 [INF] Route matched with {action = "GetDoctors", controller = "Staff"}. Executing controller action with signature System.Threading.Tasks.Task`1[Microsoft.AspNetCore.Mvc.IActionResult] GetDoctors() on controller CMS.API.Controllers.StaffController (CMS.API).
2026-09-16 10:32:13.260 +03:00 [INF] Route matched with {action = "Search", controller = "Patients"}. Executing controller action with signature System.Threading.Tasks.Task`1[Microsoft.AspNetCore.Mvc.IActionResult] Search(System.String, Int32) on controller CMS.API.Controllers.PatientsController (CMS.API).
2026-09-16 10:32:13.272 +03:00 [INF] Executing OkObjectResult, writing value of type 'CMS.Shared.DTOs.ApiResponse`1[[System.Collections.Generic.List`1[[CMS.Shared.DTOs.DoctorDto, CMS.Shared, Version=1.0.0.0, Culture=neutral, PublicKeyToken=null]], System.Private.CoreLib, Version=8.0.0.0, Culture=neutral, PublicKeyToken=7cec85d7bea7798e]]'.
2026-09-16 10:32:13.283 +03:00 [INF] Executed action CMS.API.Controllers.StaffController.GetDoctors (CMS.API) in 12.4243ms
2026-09-16 10:32:13.289 +03:00 [INF] Executed endpoint 'CMS.API.Controllers.StaffController.GetDoctors (CMS.API)'
2026-09-16 10:32:13.292 +03:00 [INF] Executing OkObjectResult, writing value of type 'CMS.Shared.DTOs.ApiResponse`1[[System.Collections.Generic.List`1[[CMS.Shared.DTOs.PatientDto, CMS.Shared, Version=1.0.0.0, Culture=neutral, PublicKeyToken=null]], System.Private.CoreLib, Version=8.0.0.0, Culture=neutral, PublicKeyToken=7cec85d7bea7798e]]'.
2026-09-16 10:32:13.294 +03:00 [INF] Request finished HTTP/1.1 GET http://localhost:5010/api/v1/staff/doctors - 200 null application/json; charset=utf-8 118.0217ms
2026-09-16 10:32:13.302 +03:00 [INF] Executed action CMS.API.Controllers.PatientsController.Search (CMS.API) in 23.1986ms
2026-09-16 10:32:13.323 +03:00 [INF] Executed endpoint 'CMS.API.Controllers.PatientsController.Search (CMS.API)'
2026-09-16 10:32:13.328 +03:00 [INF] Request finished HTTP/1.1 GET http://localhost:5010/api/v1/patients/search - 200 null application/json; charset=utf-8 150.7359ms
2026-09-16 10:32:13.341 +03:00 [INF] Executing OkObjectResult, writing value of type 'CMS.Shared.DTOs.ApiResponse`1[[System.Collections.Generic.List`1[[CMS.Shared.DTOs.TriageDto, CMS.Shared, Version=1.0.0.0, Culture=neutral, PublicKeyToken=null]], System.Private.CoreLib, Version=8.0.0.0, Culture=neutral, PublicKeyToken=7cec85d7bea7798e]]'.
2026-09-16 10:32:13.357 +03:00 [INF] Executed action CMS.API.Controllers.TriageController.GetQueue (CMS.API) in 92.2258ms
2026-09-16 10:32:13.364 +03:00 [INF] Executed endpoint 'CMS.API.Controllers.TriageController.GetQueue (CMS.API)'
2026-09-16 10:32:13.371 +03:00 [INF] Request finished HTTP/1.1 GET http://localhost:5010/api/v1/triage/queue?date=2026-09-16 - 200 null application/json; charset=utf-8 195.0218ms
2026-09-16 10:32:19.322 +03:00 [INF] Request starting HTTP/1.1 GET http://localhost:5010/api/v1/telemed/sessions - application/json null
2026-09-16 10:32:19.332 +03:00 [INF] Failed to validate the token.
Microsoft.IdentityModel.Tokens.SecurityTokenSignatureKeyNotFoundException: IDX10517: Signature validation failed. The token's kid is missing. Keys tried: 'Microsoft.IdentityModel.Tokens.SymmetricSecurityKey, KeyId: '', InternalId: 'VNGqhB7kZ75afXrNakqPyb1WYggzQUo6Cgi8Kx2i7Zs'. , KeyId: 
'. Number of keys in TokenValidationParameters: '1'. 
Number of keys in Configuration: '0'. 
Exceptions caught:
 '[PII of type 'System.Text.StringBuilder' is hidden. For more details, see https://aka.ms/IdentityModel/PII.]'.
token: '[PII of type 'Microsoft.IdentityModel.JsonWebTokens.JsonWebToken' is hidden. For more details, see https://aka.ms/IdentityModel/PII.]'. See https://aka.ms/IDX10503 for details.
   at Microsoft.IdentityModel.JsonWebTokens.JsonWebTokenHandler.ValidateSignature(JsonWebToken jwtToken, TokenValidationParameters validationParameters, BaseConfiguration configuration)
   at Microsoft.IdentityModel.JsonWebTokens.JsonWebTokenHandler.ValidateSignatureAndIssuerSecurityKey(JsonWebToken jsonWebToken, TokenValidationParameters validationParameters, BaseConfiguration configuration)
   at Microsoft.IdentityModel.JsonWebTokens.JsonWebTokenHandler.ValidateJWSAsync(JsonWebToken jsonWebToken, TokenValidationParameters validationParameters, BaseConfiguration configuration)
2026-09-16 10:32:19.340 +03:00 [INF] Bearer was not authenticated. Failure message: IDX10517: Signature validation failed. The token's kid is missing. Keys tried: 'Microsoft.IdentityModel.Tokens.SymmetricSecurityKey, KeyId: '', InternalId: 'VNGqhB7kZ75afXrNakqPyb1WYggzQUo6Cgi8Kx2i7Zs'. , KeyId: 
'. Number of keys in TokenValidationParameters: '1'. 
Number of keys in Configuration: '0'. 
Exceptions caught:
 '[PII of type 'System.Text.StringBuilder' is hidden. For more details, see https://aka.ms/IdentityModel/PII.]'.
token: '[PII of type 'Microsoft.IdentityModel.JsonWebTokens.JsonWebToken' is hidden. For more details, see https://aka.ms/IdentityModel/PII.]'. See https://aka.ms/IDX10503 for details.
2026-09-16 10:32:19.343 +03:00 [INF] Executing endpoint 'CMS.API.Controllers.TelemedController.GetSessions (CMS.API)'
2026-09-16 10:32:19.347 +03:00 [INF] Route matched with {action = "GetSessions", controller = "Telemed"}. Executing controller action with signature System.Threading.Tasks.Task`1[Microsoft.AspNetCore.Mvc.IActionResult] GetSessions(System.Nullable`1[System.Int32]) on controller CMS.API.Controllers.TelemedController (CMS.API).
2026-09-16 10:32:19.417 +03:00 [INF] Executing OkObjectResult, writing value of type 'CMS.Shared.DTOs.ApiResponse`1[[System.Collections.Generic.IEnumerable`1[[CMS.Shared.DTOs.TelemedSessionSummaryDto, CMS.Shared, Version=1.0.0.0, Culture=neutral, PublicKeyToken=null]], System.Private.CoreLib, Version=8.0.0.0, Culture=neutral, PublicKeyToken=7cec85d7bea7798e]]'.
2026-09-16 10:32:19.423 +03:00 [INF] Executed action CMS.API.Controllers.TelemedController.GetSessions (CMS.API) in 69.4452ms
2026-09-16 10:32:19.427 +03:00 [INF] Executed endpoint 'CMS.API.Controllers.TelemedController.GetSessions (CMS.API)'
2026-09-16 10:32:19.431 +03:00 [INF] Request finished HTTP/1.1 GET http://localhost:5010/api/v1/telemed/sessions - 200 null application/json; charset=utf-8 108.565ms
2026-09-16 10:32:19.431 +03:00 [INF] Request starting HTTP/1.1 GET http://localhost:5010/api/v1/telemed/sessions - application/json null
2026-09-16 10:32:19.451 +03:00 [INF] Failed to validate the token.
Microsoft.IdentityModel.Tokens.SecurityTokenSignatureKeyNotFoundException: IDX10517: Signature validation failed. The token's kid is missing. Keys tried: 'Microsoft.IdentityModel.Tokens.SymmetricSecurityKey, KeyId: '', InternalId: 'VNGqhB7kZ75afXrNakqPyb1WYggzQUo6Cgi8Kx2i7Zs'. , KeyId: 
'. Number of keys in TokenValidationParameters: '1'. 
Number of keys in Configuration: '0'. 
Exceptions caught:
 '[PII of type 'System.Text.StringBuilder' is hidden. For more details, see https://aka.ms/IdentityModel/PII.]'.
token: '[PII of type 'Microsoft.IdentityModel.JsonWebTokens.JsonWebToken' is hidden. For more details, see https://aka.ms/IdentityModel/PII.]'. See https://aka.ms/IDX10503 for details.
   at Microsoft.IdentityModel.JsonWebTokens.JsonWebTokenHandler.ValidateSignature(JsonWebToken jwtToken, TokenValidationParameters validationParameters, BaseConfiguration configuration)
   at Microsoft.IdentityModel.JsonWebTokens.JsonWebTokenHandler.ValidateSignatureAndIssuerSecurityKey(JsonWebToken jsonWebToken, TokenValidationParameters validationParameters, BaseConfiguration configuration)
   at Microsoft.IdentityModel.JsonWebTokens.JsonWebTokenHandler.ValidateJWSAsync(JsonWebToken jsonWebToken, TokenValidationParameters validationParameters, BaseConfiguration configuration)
2026-09-16 10:32:19.461 +03:00 [INF] Bearer was not authenticated. Failure message: IDX10517: Signature validation failed. The token's kid is missing. Keys tried: 'Microsoft.IdentityModel.Tokens.SymmetricSecurityKey, KeyId: '', InternalId: 'VNGqhB7kZ75afXrNakqPyb1WYggzQUo6Cgi8Kx2i7Zs'. , KeyId: 
'. Number of keys in TokenValidationParameters: '1'. 
Number of keys in Configuration: '0'. 
Exceptions caught:
 '[PII of type 'System.Text.StringBuilder' is hidden. For more details, see https://aka.ms/IdentityModel/PII.]'.
token: '[PII of type 'Microsoft.IdentityModel.JsonWebTokens.JsonWebToken' is hidden. For more details, see https://aka.ms/IdentityModel/PII.]'. See https://aka.ms/IDX10503 for details.
2026-09-16 10:32:19.466 +03:00 [INF] Executing endpoint 'CMS.API.Controllers.TelemedController.GetSessions (CMS.API)'
2026-09-16 10:32:19.470 +03:00 [INF] Route matched with {action = "GetSessions", controller = "Telemed"}. Executing controller action with signature System.Threading.Tasks.Task`1[Microsoft.AspNetCore.Mvc.IActionResult] GetSessions(System.Nullable`1[System.Int32]) on controller CMS.API.Controllers.TelemedController (CMS.API).
2026-09-16 10:32:19.480 +03:00 [INF] Executing OkObjectResult, writing value of type 'CMS.Shared.DTOs.ApiResponse`1[[System.Collections.Generic.IEnumerable`1[[CMS.Shared.DTOs.TelemedSessionSummaryDto, CMS.Shared, Version=1.0.0.0, Culture=neutral, PublicKeyToken=null]], System.Private.CoreLib, Version=8.0.0.0, Culture=neutral, PublicKeyToken=7cec85d7bea7798e]]'.
2026-09-16 10:32:19.486 +03:00 [INF] Executed action CMS.API.Controllers.TelemedController.GetSessions (CMS.API) in 7.7963ms
2026-09-16 10:32:19.491 +03:00 [INF] Executed endpoint 'CMS.API.Controllers.TelemedController.GetSessions (CMS.API)'
2026-09-16 10:32:19.494 +03:00 [INF] Request finished HTTP/1.1 GET http://localhost:5010/api/v1/telemed/sessions - 200 null application/json; charset=utf-8 63.2729ms
2026-09-16 10:32:24.528 +03:00 [INF] Request starting HTTP/1.1 GET http://localhost:5010/api/v1/notifications - application/json null
2026-09-16 10:32:24.538 +03:00 [INF] Failed to validate the token.
Microsoft.IdentityModel.Tokens.SecurityTokenSignatureKeyNotFoundException: IDX10517: Signature validation failed. The token's kid is missing. Keys tried: 'Microsoft.IdentityModel.Tokens.SymmetricSecurityKey, KeyId: '', InternalId: 'VNGqhB7kZ75afXrNakqPyb1WYggzQUo6Cgi8Kx2i7Zs'. , KeyId: 
'. Number of keys in TokenValidationParameters: '1'. 
Number of keys in Configuration: '0'. 
Exceptions caught:
 '[PII of type 'System.Text.StringBuilder' is hidden. For more details, see https://aka.ms/IdentityModel/PII.]'.
token: '[PII of type 'Microsoft.IdentityModel.JsonWebTokens.JsonWebToken' is hidden. For more details, see https://aka.ms/IdentityModel/PII.]'. See https://aka.ms/IDX10503 for details.
   at Microsoft.IdentityModel.JsonWebTokens.JsonWebTokenHandler.ValidateSignature(JsonWebToken jwtToken, TokenValidationParameters validationParameters, BaseConfiguration configuration)
   at Microsoft.IdentityModel.JsonWebTokens.JsonWebTokenHandler.ValidateSignatureAndIssuerSecurityKey(JsonWebToken jsonWebToken, TokenValidationParameters validationParameters, BaseConfiguration configuration)
   at Microsoft.IdentityModel.JsonWebTokens.JsonWebTokenHandler.ValidateJWSAsync(JsonWebToken jsonWebToken, TokenValidationParameters validationParameters, BaseConfiguration configuration)
2026-09-16 10:32:24.547 +03:00 [INF] Bearer was not authenticated. Failure message: IDX10517: Signature validation failed. The token's kid is missing. Keys tried: 'Microsoft.IdentityModel.Tokens.SymmetricSecurityKey, KeyId: '', InternalId: 'VNGqhB7kZ75afXrNakqPyb1WYggzQUo6Cgi8Kx2i7Zs'. , KeyId: 
'. Number of keys in TokenValidationParameters: '1'. 
Number of keys in Configuration: '0'. 
Exceptions caught:
 '[PII of type 'System.Text.StringBuilder' is hidden. For more details, see https://aka.ms/IdentityModel/PII.]'.
token: '[PII of type 'Microsoft.IdentityModel.JsonWebTokens.JsonWebToken' is hidden. For more details, see https://aka.ms/IdentityModel/PII.]'. See https://aka.ms/IDX10503 for details.
2026-09-16 10:32:24.552 +03:00 [INF] Executing endpoint 'CMS.API.Controllers.NotificationsController.GetNotifications (CMS.API)'
2026-09-16 10:32:24.555 +03:00 [INF] Route matched with {action = "GetNotifications", controller = "Notifications"}. Executing controller action with signature System.Threading.Tasks.Task`1[Microsoft.AspNetCore.Mvc.IActionResult] GetNotifications(System.Nullable`1[System.Int32], System.String) on controller CMS.API.Controllers.NotificationsController (CMS.API).
2026-09-16 10:32:24.580 +03:00 [INF] Executing OkObjectResult, writing value of type 'CMS.Shared.DTOs.ApiResponse`1[[System.Collections.Generic.List`1[[CMS.Shared.DTOs.NotificationItemDto, CMS.Shared, Version=1.0.0.0, Culture=neutral, PublicKeyToken=null]], System.Private.CoreLib, Version=8.0.0.0, Culture=neutral, PublicKeyToken=7cec85d7bea7798e]]'.
2026-09-16 10:32:24.586 +03:00 [INF] Executed action CMS.API.Controllers.NotificationsController.GetNotifications (CMS.API) in 24.9015ms
2026-09-16 10:32:24.592 +03:00 [INF] Executed endpoint 'CMS.API.Controllers.NotificationsController.GetNotifications (CMS.API)'
2026-09-16 10:32:24.596 +03:00 [INF] Request finished HTTP/1.1 GET http://localhost:5010/api/v1/notifications - 200 null application/json; charset=utf-8 67.4374ms
2026-09-16 10:32:31.600 +03:00 [INF] Request starting HTTP/1.1 GET http://localhost:5010/api/v1/integrations - application/json null
2026-09-16 10:32:31.601 +03:00 [INF] Request starting HTTP/1.1 GET http://localhost:5010/api/v1/sms/logs - application/json null
2026-09-16 10:32:31.611 +03:00 [INF] Failed to validate the token.
Microsoft.IdentityModel.Tokens.SecurityTokenSignatureKeyNotFoundException: IDX10517: Signature validation failed. The token's kid is missing. Keys tried: 'Microsoft.IdentityModel.Tokens.SymmetricSecurityKey, KeyId: '', InternalId: 'VNGqhB7kZ75afXrNakqPyb1WYggzQUo6Cgi8Kx2i7Zs'. , KeyId: 
'. Number of keys in TokenValidationParameters: '1'. 
Number of keys in Configuration: '0'. 
Exceptions caught:
 '[PII of type 'System.Text.StringBuilder' is hidden. For more details, see https://aka.ms/IdentityModel/PII.]'.
token: '[PII of type 'Microsoft.IdentityModel.JsonWebTokens.JsonWebToken' is hidden. For more details, see https://aka.ms/IdentityModel/PII.]'. See https://aka.ms/IDX10503 for details.
   at Microsoft.IdentityModel.JsonWebTokens.JsonWebTokenHandler.ValidateSignature(JsonWebToken jwtToken, TokenValidationParameters validationParameters, BaseConfiguration configuration)
   at Microsoft.IdentityModel.JsonWebTokens.JsonWebTokenHandler.ValidateSignatureAndIssuerSecurityKey(JsonWebToken jsonWebToken, TokenValidationParameters validationParameters, BaseConfiguration configuration)
   at Microsoft.IdentityModel.JsonWebTokens.JsonWebTokenHandler.ValidateJWSAsync(JsonWebToken jsonWebToken, TokenValidationParameters validationParameters, BaseConfiguration configuration)
2026-09-16 10:32:31.620 +03:00 [INF] Failed to validate the token.
Microsoft.IdentityModel.Tokens.SecurityTokenSignatureKeyNotFoundException: IDX10517: Signature validation failed. The token's kid is missing. Keys tried: 'Microsoft.IdentityModel.Tokens.SymmetricSecurityKey, KeyId: '', InternalId: 'VNGqhB7kZ75afXrNakqPyb1WYggzQUo6Cgi8Kx2i7Zs'. , KeyId: 
'. Number of keys in TokenValidationParameters: '1'. 
Number of keys in Configuration: '0'. 
Exceptions caught:
 '[PII of type 'System.Text.StringBuilder' is hidden. For more details, see https://aka.ms/IdentityModel/PII.]'.
token: '[PII of type 'Microsoft.IdentityModel.JsonWebTokens.JsonWebToken' is hidden. For more details, see https://aka.ms/IdentityModel/PII.]'. See https://aka.ms/IDX10503 for details.
   at Microsoft.IdentityModel.JsonWebTokens.JsonWebTokenHandler.ValidateSignature(JsonWebToken jwtToken, TokenValidationParameters validationParameters, BaseConfiguration configuration)
   at Microsoft.IdentityModel.JsonWebTokens.JsonWebTokenHandler.ValidateSignatureAndIssuerSecurityKey(JsonWebToken jsonWebToken, TokenValidationParameters validationParameters, BaseConfiguration configuration)
   at Microsoft.IdentityModel.JsonWebTokens.JsonWebTokenHandler.ValidateJWSAsync(JsonWebToken jsonWebToken, TokenValidationParameters validationParameters, BaseConfiguration configuration)
2026-09-16 10:32:31.632 +03:00 [INF] Bearer was not authenticated. Failure message: IDX10517: Signature validation failed. The token's kid is missing. Keys tried: 'Microsoft.IdentityModel.Tokens.SymmetricSecurityKey, KeyId: '', InternalId: 'VNGqhB7kZ75afXrNakqPyb1WYggzQUo6Cgi8Kx2i7Zs'. , KeyId: 
'. Number of keys in TokenValidationParameters: '1'. 
Number of keys in Configuration: '0'. 
Exceptions caught:
 '[PII of type 'System.Text.StringBuilder' is hidden. For more details, see https://aka.ms/IdentityModel/PII.]'.
token: '[PII of type 'Microsoft.IdentityModel.JsonWebTokens.JsonWebToken' is hidden. For more details, see https://aka.ms/IdentityModel/PII.]'. See https://aka.ms/IDX10503 for details.
2026-09-16 10:32:31.650 +03:00 [INF] Bearer was not authenticated. Failure message: IDX10517: Signature validation failed. The token's kid is missing. Keys tried: 'Microsoft.IdentityModel.Tokens.SymmetricSecurityKey, KeyId: '', InternalId: 'VNGqhB7kZ75afXrNakqPyb1WYggzQUo6Cgi8Kx2i7Zs'. , KeyId: 
'. Number of keys in TokenValidationParameters: '1'. 
Number of keys in Configuration: '0'. 
Exceptions caught:
 '[PII of type 'System.Text.StringBuilder' is hidden. For more details, see https://aka.ms/IdentityModel/PII.]'.
token: '[PII of type 'Microsoft.IdentityModel.JsonWebTokens.JsonWebToken' is hidden. For more details, see https://aka.ms/IdentityModel/PII.]'. See https://aka.ms/IDX10503 for details.
2026-09-16 10:32:31.657 +03:00 [INF] Executing endpoint 'CMS.API.Controllers.IntegrationsController.GetIntegrations (CMS.API)'
2026-09-16 10:32:31.662 +03:00 [INF] Executing endpoint 'CMS.API.Controllers.SmsController.GetSmsLogs (CMS.API)'
2026-09-16 10:32:31.674 +03:00 [INF] Route matched with {action = "GetIntegrations", controller = "Integrations"}. Executing controller action with signature System.Threading.Tasks.Task`1[Microsoft.AspNetCore.Mvc.IActionResult] GetIntegrations() on controller CMS.API.Controllers.IntegrationsController (CMS.API).
2026-09-16 10:32:31.680 +03:00 [INF] Route matched with {action = "GetSmsLogs", controller = "Sms"}. Executing controller action with signature System.Threading.Tasks.Task`1[Microsoft.AspNetCore.Mvc.IActionResult] GetSmsLogs(Int32) on controller CMS.API.Controllers.SmsController (CMS.API).
2026-09-16 10:32:31.698 +03:00 [INF] Executing OkObjectResult, writing value of type 'CMS.Shared.DTOs.ApiResponse`1[[System.Collections.Generic.List`1[[CMS.Shared.DTOs.IntegrationConfigDto, CMS.Shared, Version=1.0.0.0, Culture=neutral, PublicKeyToken=null]], System.Private.CoreLib, Version=8.0.0.0, Culture=neutral, PublicKeyToken=7cec85d7bea7798e]]'.
2026-09-16 10:32:31.717 +03:00 [INF] Executing OkObjectResult, writing value of type 'CMS.Shared.DTOs.ApiResponse`1[[System.Collections.Generic.List`1[[CMS.Shared.DTOs.SmsLogItemDto, CMS.Shared, Version=1.0.0.0, Culture=neutral, PublicKeyToken=null]], System.Private.CoreLib, Version=8.0.0.0, Culture=neutral, PublicKeyToken=7cec85d7bea7798e]]'.
2026-09-16 10:32:31.718 +03:00 [INF] Executed action CMS.API.Controllers.IntegrationsController.GetIntegrations (CMS.API) in 36.8705ms
2026-09-16 10:32:31.730 +03:00 [INF] Request starting HTTP/1.1 GET http://localhost:5010/api/v1/integrations - application/json null
2026-09-16 10:32:31.730 +03:00 [INF] Executed endpoint 'CMS.API.Controllers.IntegrationsController.GetIntegrations (CMS.API)'
2026-09-16 10:32:31.733 +03:00 [INF] Executed action CMS.API.Controllers.SmsController.GetSmsLogs (CMS.API) in 43.8131ms
2026-09-16 10:32:31.742 +03:00 [INF] Failed to validate the token.
Microsoft.IdentityModel.Tokens.SecurityTokenSignatureKeyNotFoundException: IDX10517: Signature validation failed. The token's kid is missing. Keys tried: 'Microsoft.IdentityModel.Tokens.SymmetricSecurityKey, KeyId: '', InternalId: 'VNGqhB7kZ75afXrNakqPyb1WYggzQUo6Cgi8Kx2i7Zs'. , KeyId: 
'. Number of keys in TokenValidationParameters: '1'. 
Number of keys in Configuration: '0'. 
Exceptions caught:
 '[PII of type 'System.Text.StringBuilder' is hidden. For more details, see https://aka.ms/IdentityModel/PII.]'.
token: '[PII of type 'Microsoft.IdentityModel.JsonWebTokens.JsonWebToken' is hidden. For more details, see https://aka.ms/IdentityModel/PII.]'. See https://aka.ms/IDX10503 for details.
   at Microsoft.IdentityModel.JsonWebTokens.JsonWebTokenHandler.ValidateSignature(JsonWebToken jwtToken, TokenValidationParameters validationParameters, BaseConfiguration configuration)
   at Microsoft.IdentityModel.JsonWebTokens.JsonWebTokenHandler.ValidateSignatureAndIssuerSecurityKey(JsonWebToken jsonWebToken, TokenValidationParameters validationParameters, BaseConfiguration configuration)
   at Microsoft.IdentityModel.JsonWebTokens.JsonWebTokenHandler.ValidateJWSAsync(JsonWebToken jsonWebToken, TokenValidationParameters validationParameters, BaseConfiguration configuration)
2026-09-16 10:32:31.744 +03:00 [INF] Request starting HTTP/1.1 GET http://localhost:5010/api/v1/sms/logs - application/json null
2026-09-16 10:32:31.744 +03:00 [INF] Request finished HTTP/1.1 GET http://localhost:5010/api/v1/integrations - 200 null application/json; charset=utf-8 144.2967ms
2026-09-16 10:32:31.750 +03:00 [INF] Executed endpoint 'CMS.API.Controllers.SmsController.GetSmsLogs (CMS.API)'
2026-09-16 10:32:31.759 +03:00 [INF] Bearer was not authenticated. Failure message: IDX10517: Signature validation failed. The token's kid is missing. Keys tried: 'Microsoft.IdentityModel.Tokens.SymmetricSecurityKey, KeyId: '', InternalId: 'VNGqhB7kZ75afXrNakqPyb1WYggzQUo6Cgi8Kx2i7Zs'. , KeyId: 
'. Number of keys in TokenValidationParameters: '1'. 
Number of keys in Configuration: '0'. 
Exceptions caught:
 '[PII of type 'System.Text.StringBuilder' is hidden. For more details, see https://aka.ms/IdentityModel/PII.]'.
token: '[PII of type 'Microsoft.IdentityModel.JsonWebTokens.JsonWebToken' is hidden. For more details, see https://aka.ms/IdentityModel/PII.]'. See https://aka.ms/IDX10503 for details.
2026-09-16 10:32:31.771 +03:00 [INF] Failed to validate the token.
Microsoft.IdentityModel.Tokens.SecurityTokenSignatureKeyNotFoundException: IDX10517: Signature validation failed. The token's kid is missing. Keys tried: 'Microsoft.IdentityModel.Tokens.SymmetricSecurityKey, KeyId: '', InternalId: 'VNGqhB7kZ75afXrNakqPyb1WYggzQUo6Cgi8Kx2i7Zs'. , KeyId: 
'. Number of keys in TokenValidationParameters: '1'. 
Number of keys in Configuration: '0'. 
Exceptions caught:
 '[PII of type 'System.Text.StringBuilder' is hidden. For more details, see https://aka.ms/IdentityModel/PII.]'.
token: '[PII of type 'Microsoft.IdentityModel.JsonWebTokens.JsonWebToken' is hidden. For more details, see https://aka.ms/IdentityModel/PII.]'. See https://aka.ms/IDX10503 for details.
   at Microsoft.IdentityModel.JsonWebTokens.JsonWebTokenHandler.ValidateSignature(JsonWebToken jwtToken, TokenValidationParameters validationParameters, BaseConfiguration configuration)
   at Microsoft.IdentityModel.JsonWebTokens.JsonWebTokenHandler.ValidateSignatureAndIssuerSecurityKey(JsonWebToken jsonWebToken, TokenValidationParameters validationParameters, BaseConfiguration configuration)
   at Microsoft.IdentityModel.JsonWebTokens.JsonWebTokenHandler.ValidateJWSAsync(JsonWebToken jsonWebToken, TokenValidationParameters validationParameters, BaseConfiguration configuration)
2026-09-16 10:32:31.782 +03:00 [INF] Request finished HTTP/1.1 GET http://localhost:5010/api/v1/sms/logs - 200 null application/json; charset=utf-8 181.1588ms
2026-09-16 10:32:31.787 +03:00 [INF] Executing endpoint 'CMS.API.Controllers.IntegrationsController.GetIntegrations (CMS.API)'
2026-09-16 10:32:31.796 +03:00 [INF] Bearer was not authenticated. Failure message: IDX10517: Signature validation failed. The token's kid is missing. Keys tried: 'Microsoft.IdentityModel.Tokens.SymmetricSecurityKey, KeyId: '', InternalId: 'VNGqhB7kZ75afXrNakqPyb1WYggzQUo6Cgi8Kx2i7Zs'. , KeyId: 
'. Number of keys in TokenValidationParameters: '1'. 
Number of keys in Configuration: '0'. 
Exceptions caught:
 '[PII of type 'System.Text.StringBuilder' is hidden. For more details, see https://aka.ms/IdentityModel/PII.]'.
token: '[PII of type 'Microsoft.IdentityModel.JsonWebTokens.JsonWebToken' is hidden. For more details, see https://aka.ms/IdentityModel/PII.]'. See https://aka.ms/IDX10503 for details.
2026-09-16 10:32:31.808 +03:00 [INF] Route matched with {action = "GetIntegrations", controller = "Integrations"}. Executing controller action with signature System.Threading.Tasks.Task`1[Microsoft.AspNetCore.Mvc.IActionResult] GetIntegrations() on controller CMS.API.Controllers.IntegrationsController (CMS.API).
2026-09-16 10:32:31.811 +03:00 [INF] Executing endpoint 'CMS.API.Controllers.SmsController.GetSmsLogs (CMS.API)'
2026-09-16 10:32:31.819 +03:00 [INF] Executing OkObjectResult, writing value of type 'CMS.Shared.DTOs.ApiResponse`1[[System.Collections.Generic.List`1[[CMS.Shared.DTOs.IntegrationConfigDto, CMS.Shared, Version=1.0.0.0, Culture=neutral, PublicKeyToken=null]], System.Private.CoreLib, Version=8.0.0.0, Culture=neutral, PublicKeyToken=7cec85d7bea7798e]]'.
2026-09-16 10:32:31.821 +03:00 [INF] Route matched with {action = "GetSmsLogs", controller = "Sms"}. Executing controller action with signature System.Threading.Tasks.Task`1[Microsoft.AspNetCore.Mvc.IActionResult] GetSmsLogs(Int32) on controller CMS.API.Controllers.SmsController (CMS.API).
2026-09-16 10:32:31.825 +03:00 [INF] Executed action CMS.API.Controllers.IntegrationsController.GetIntegrations (CMS.API) in 8.3702ms
2026-09-16 10:32:31.833 +03:00 [INF] Executing OkObjectResult, writing value of type 'CMS.Shared.DTOs.ApiResponse`1[[System.Collections.Generic.List`1[[CMS.Shared.DTOs.SmsLogItemDto, CMS.Shared, Version=1.0.0.0, Culture=neutral, PublicKeyToken=null]], System.Private.CoreLib, Version=8.0.0.0, Culture=neutral, PublicKeyToken=7cec85d7bea7798e]]'.
2026-09-16 10:32:31.836 +03:00 [INF] Executed endpoint 'CMS.API.Controllers.IntegrationsController.GetIntegrations (CMS.API)'
2026-09-16 10:32:31.840 +03:00 [INF] Executed action CMS.API.Controllers.SmsController.GetSmsLogs (CMS.API) in 8.887ms
2026-09-16 10:32:31.843 +03:00 [INF] Request finished HTTP/1.1 GET http://localhost:5010/api/v1/integrations - 200 null application/json; charset=utf-8 113.5062ms
2026-09-16 10:32:31.847 +03:00 [INF] Executed endpoint 'CMS.API.Controllers.SmsController.GetSmsLogs (CMS.API)'
2026-09-16 10:32:31.861 +03:00 [INF] Request finished HTTP/1.1 GET http://localhost:5010/api/v1/sms/logs - 200 null application/json; charset=utf-8 116.4834ms
2026-09-16 10:32:39.533 +03:00 [INF] Request starting HTTP/1.1 GET http://localhost:5010/api/v1/notifications - application/json null
2026-09-16 10:32:39.543 +03:00 [INF] Failed to validate the token.
Microsoft.IdentityModel.Tokens.SecurityTokenSignatureKeyNotFoundException: IDX10517: Signature validation failed. The token's kid is missing. Keys tried: 'Microsoft.IdentityModel.Tokens.SymmetricSecurityKey, KeyId: '', InternalId: 'VNGqhB7kZ75afXrNakqPyb1WYggzQUo6Cgi8Kx2i7Zs'. , KeyId: 
'. Number of keys in TokenValidationParameters: '1'. 
Number of keys in Configuration: '0'. 
Exceptions caught:
 '[PII of type 'System.Text.StringBuilder' is hidden. For more details, see https://aka.ms/IdentityModel/PII.]'.
token: '[PII of type 'Microsoft.IdentityModel.JsonWebTokens.JsonWebToken' is hidden. For more details, see https://aka.ms/IdentityModel/PII.]'. See https://aka.ms/IDX10503 for details.
   at Microsoft.IdentityModel.JsonWebTokens.JsonWebTokenHandler.ValidateSignature(JsonWebToken jwtToken, TokenValidationParameters validationParameters, BaseConfiguration configuration)
   at Microsoft.IdentityModel.JsonWebTokens.JsonWebTokenHandler.ValidateSignatureAndIssuerSecurityKey(JsonWebToken jsonWebToken, TokenValidationParameters validationParameters, BaseConfiguration configuration)
   at Microsoft.IdentityModel.JsonWebTokens.JsonWebTokenHandler.ValidateJWSAsync(JsonWebToken jsonWebToken, TokenValidationParameters validationParameters, BaseConfiguration configuration)
2026-09-16 10:32:39.552 +03:00 [INF] Bearer was not authenticated. Failure message: IDX10517: Signature validation failed. The token's kid is missing. Keys tried: 'Microsoft.IdentityModel.Tokens.SymmetricSecurityKey, KeyId: '', InternalId: 'VNGqhB7kZ75afXrNakqPyb1WYggzQUo6Cgi8Kx2i7Zs'. , KeyId: 
'. Number of keys in TokenValidationParameters: '1'. 
Number of keys in Configuration: '0'. 
Exceptions caught:
 '[PII of type 'System.Text.StringBuilder' is hidden. For more details, see https://aka.ms/IdentityModel/PII.]'.
token: '[PII of type 'Microsoft.IdentityModel.JsonWebTokens.JsonWebToken' is hidden. For more details, see https://aka.ms/IdentityModel/PII.]'. See https://aka.ms/IDX10503 for details.
2026-09-16 10:32:39.556 +03:00 [INF] Executing endpoint 'CMS.API.Controllers.NotificationsController.GetNotifications (CMS.API)'
2026-09-16 10:32:39.561 +03:00 [INF] Route matched with {action = "GetNotifications", controller = "Notifications"}. Executing controller action with signature System.Threading.Tasks.Task`1[Microsoft.AspNetCore.Mvc.IActionResult] GetNotifications(System.Nullable`1[System.Int32], System.String) on controller CMS.API.Controllers.NotificationsController (CMS.API).
2026-09-16 10:32:39.575 +03:00 [INF] Executing OkObjectResult, writing value of type 'CMS.Shared.DTOs.ApiResponse`1[[System.Collections.Generic.List`1[[CMS.Shared.DTOs.NotificationItemDto, CMS.Shared, Version=1.0.0.0, Culture=neutral, PublicKeyToken=null]], System.Private.CoreLib, Version=8.0.0.0, Culture=neutral, PublicKeyToken=7cec85d7bea7798e]]'.
2026-09-16 10:32:39.581 +03:00 [INF] Executed action CMS.API.Controllers.NotificationsController.GetNotifications (CMS.API) in 12.6594ms
2026-09-16 10:32:39.587 +03:00 [INF] Executed endpoint 'CMS.API.Controllers.NotificationsController.GetNotifications (CMS.API)'
2026-09-16 10:32:39.591 +03:00 [INF] Request finished HTTP/1.1 GET http://localhost:5010/api/v1/notifications - 200 null application/json; charset=utf-8 57.4807ms
2026-09-16 10:32:54.540 +03:00 [INF] Request starting HTTP/1.1 GET http://localhost:5010/api/v1/notifications - application/json null
2026-09-16 10:32:54.551 +03:00 [INF] Failed to validate the token.
Microsoft.IdentityModel.Tokens.SecurityTokenSignatureKeyNotFoundException: IDX10517: Signature validation failed. The token's kid is missing. Keys tried: 'Microsoft.IdentityModel.Tokens.SymmetricSecurityKey, KeyId: '', InternalId: 'VNGqhB7kZ75afXrNakqPyb1WYggzQUo6Cgi8Kx2i7Zs'. , KeyId: 
'. Number of keys in TokenValidationParameters: '1'. 
Number of keys in Configuration: '0'. 
Exceptions caught:
 '[PII of type 'System.Text.StringBuilder' is hidden. For more details, see https://aka.ms/IdentityModel/PII.]'.
token: '[PII of type 'Microsoft.IdentityModel.JsonWebTokens.JsonWebToken' is hidden. For more details, see https://aka.ms/IdentityModel/PII.]'. See https://aka.ms/IDX10503 for details.
   at Microsoft.IdentityModel.JsonWebTokens.JsonWebTokenHandler.ValidateSignature(JsonWebToken jwtToken, TokenValidationParameters validationParameters, BaseConfiguration configuration)
   at Microsoft.IdentityModel.JsonWebTokens.JsonWebTokenHandler.ValidateSignatureAndIssuerSecurityKey(JsonWebToken jsonWebToken, TokenValidationParameters validationParameters, BaseConfiguration configuration)
   at Microsoft.IdentityModel.JsonWebTokens.JsonWebTokenHandler.ValidateJWSAsync(JsonWebToken jsonWebToken, TokenValidationParameters validationParameters, BaseConfiguration configuration)
2026-09-16 10:32:54.560 +03:00 [INF] Bearer was not authenticated. Failure message: IDX10517: Signature validation failed. The token's kid is missing. Keys tried: 'Microsoft.IdentityModel.Tokens.SymmetricSecurityKey, KeyId: '', InternalId: 'VNGqhB7kZ75afXrNakqPyb1WYggzQUo6Cgi8Kx2i7Zs'. , KeyId: 
'. Number of keys in TokenValidationParameters: '1'. 
Number of keys in Configuration: '0'. 
Exceptions caught:
 '[PII of type 'System.Text.StringBuilder' is hidden. For more details, see https://aka.ms/IdentityModel/PII.]'.
token: '[PII of type 'Microsoft.IdentityModel.JsonWebTokens.JsonWebToken' is hidden. For more details, see https://aka.ms/IdentityModel/PII.]'. See https://aka.ms/IDX10503 for details.
2026-09-16 10:32:54.565 +03:00 [INF] Executing endpoint 'CMS.API.Controllers.NotificationsController.GetNotifications (CMS.API)'
2026-09-16 10:32:54.569 +03:00 [INF] Route matched with {action = "GetNotifications", controller = "Notifications"}. Executing controller action with signature System.Threading.Tasks.Task`1[Microsoft.AspNetCore.Mvc.IActionResult] GetNotifications(System.Nullable`1[System.Int32], System.String) on controller CMS.API.Controllers.NotificationsController (CMS.API).
2026-09-16 10:32:54.582 +03:00 [INF] Executing OkObjectResult, writing value of type 'CMS.Shared.DTOs.ApiResponse`1[[System.Collections.Generic.List`1[[CMS.Shared.DTOs.NotificationItemDto, CMS.Shared, Version=1.0.0.0, Culture=neutral, PublicKeyToken=null]], System.Private.CoreLib, Version=8.0.0.0, Culture=neutral, PublicKeyToken=7cec85d7bea7798e]]'.
2026-09-16 10:32:54.589 +03:00 [INF] Executed action CMS.API.Controllers.NotificationsController.GetNotifications (CMS.API) in 11.9467ms
2026-09-16 10:32:54.597 +03:00 [INF] Executed endpoint 'CMS.API.Controllers.NotificationsController.GetNotifications (CMS.API)'
2026-09-16 10:32:54.602 +03:00 [INF] Request finished HTTP/1.1 GET http://localhost:5010/api/v1/notifications - 200 null application/json; charset=utf-8 61.3927ms
2026-09-16 10:32:55.709 +03:00 [INF] Request starting HTTP/1.1 GET http://localhost:5010/api/v1/notifications - application/json null
2026-09-16 10:32:55.719 +03:00 [INF] Failed to validate the token.
Microsoft.IdentityModel.Tokens.SecurityTokenSignatureKeyNotFoundException: IDX10517: Signature validation failed. The token's kid is missing. Keys tried: 'Microsoft.IdentityModel.Tokens.SymmetricSecurityKey, KeyId: '', InternalId: 'VNGqhB7kZ75afXrNakqPyb1WYggzQUo6Cgi8Kx2i7Zs'. , KeyId: 
'. Number of keys in TokenValidationParameters: '1'. 
Number of keys in Configuration: '0'. 
Exceptions caught:
 '[PII of type 'System.Text.StringBuilder' is hidden. For more details, see https://aka.ms/IdentityModel/PII.]'.
token: '[PII of type 'Microsoft.IdentityModel.JsonWebTokens.JsonWebToken' is hidden. For more details, see https://aka.ms/IdentityModel/PII.]'. See https://aka.ms/IDX10503 for details.
   at Microsoft.IdentityModel.JsonWebTokens.JsonWebTokenHandler.ValidateSignature(JsonWebToken jwtToken, TokenValidationParameters validationParameters, BaseConfiguration configuration)
   at Microsoft.IdentityModel.JsonWebTokens.JsonWebTokenHandler.ValidateSignatureAndIssuerSecurityKey(JsonWebToken jsonWebToken, TokenValidationParameters validationParameters, BaseConfiguration configuration)
   at Microsoft.IdentityModel.JsonWebTokens.JsonWebTokenHandler.ValidateJWSAsync(JsonWebToken jsonWebToken, TokenValidationParameters validationParameters, BaseConfiguration configuration)
2026-09-16 10:32:55.727 +03:00 [INF] Bearer was not authenticated. Failure message: IDX10517: Signature validation failed. The token's kid is missing. Keys tried: 'Microsoft.IdentityModel.Tokens.SymmetricSecurityKey, KeyId: '', InternalId: 'VNGqhB7kZ75afXrNakqPyb1WYggzQUo6Cgi8Kx2i7Zs'. , KeyId: 
'. Number of keys in TokenValidationParameters: '1'. 
Number of keys in Configuration: '0'. 
Exceptions caught:
 '[PII of type 'System.Text.StringBuilder' is hidden. For more details, see https://aka.ms/IdentityModel/PII.]'.
token: '[PII of type 'Microsoft.IdentityModel.JsonWebTokens.JsonWebToken' is hidden. For more details, see https://aka.ms/IdentityModel/PII.]'. See https://aka.ms/IDX10503 for details.
2026-09-16 10:32:55.731 +03:00 [INF] Executing endpoint 'CMS.API.Controllers.NotificationsController.GetNotifications (CMS.API)'
2026-09-16 10:32:55.734 +03:00 [INF] Route matched with {action = "GetNotifications", controller = "Notifications"}. Executing controller action with signature System.Threading.Tasks.Task`1[Microsoft.AspNetCore.Mvc.IActionResult] GetNotifications(System.Nullable`1[System.Int32], System.String) on controller CMS.API.Controllers.NotificationsController (CMS.API).
2026-09-16 10:32:55.744 +03:00 [INF] Executing OkObjectResult, writing value of type 'CMS.Shared.DTOs.ApiResponse`1[[System.Collections.Generic.List`1[[CMS.Shared.DTOs.NotificationItemDto, CMS.Shared, Version=1.0.0.0, Culture=neutral, PublicKeyToken=null]], System.Private.CoreLib, Version=8.0.0.0, Culture=neutral, PublicKeyToken=7cec85d7bea7798e]]'.
2026-09-16 10:32:55.749 +03:00 [INF] Executed action CMS.API.Controllers.NotificationsController.GetNotifications (CMS.API) in 9.6501ms
2026-09-16 10:32:55.754 +03:00 [INF] Executed endpoint 'CMS.API.Controllers.NotificationsController.GetNotifications (CMS.API)'
2026-09-16 10:32:55.758 +03:00 [INF] Request finished HTTP/1.1 GET http://localhost:5010/api/v1/notifications - 200 null application/json; charset=utf-8 49.2673ms
2026-09-16 10:33:02.011 +03:00 [INF] Request starting HTTP/1.1 GET http://localhost:5010/api/v1/settings - application/json null
2026-09-16 10:33:02.021 +03:00 [INF] Failed to validate the token.
Microsoft.IdentityModel.Tokens.SecurityTokenSignatureKeyNotFoundException: IDX10517: Signature validation failed. The token's kid is missing. Keys tried: 'Microsoft.IdentityModel.Tokens.SymmetricSecurityKey, KeyId: '', InternalId: 'VNGqhB7kZ75afXrNakqPyb1WYggzQUo6Cgi8Kx2i7Zs'. , KeyId: 
'. Number of keys in TokenValidationParameters: '1'. 
Number of keys in Configuration: '0'. 
Exceptions caught:
 '[PII of type 'System.Text.StringBuilder' is hidden. For more details, see https://aka.ms/IdentityModel/PII.]'.
token: '[PII of type 'Microsoft.IdentityModel.JsonWebTokens.JsonWebToken' is hidden. For more details, see https://aka.ms/IdentityModel/PII.]'. See https://aka.ms/IDX10503 for details.
   at Microsoft.IdentityModel.JsonWebTokens.JsonWebTokenHandler.ValidateSignature(JsonWebToken jwtToken, TokenValidationParameters validationParameters, BaseConfiguration configuration)
   at Microsoft.IdentityModel.JsonWebTokens.JsonWebTokenHandler.ValidateSignatureAndIssuerSecurityKey(JsonWebToken jsonWebToken, TokenValidationParameters validationParameters, BaseConfiguration configuration)
   at Microsoft.IdentityModel.JsonWebTokens.JsonWebTokenHandler.ValidateJWSAsync(JsonWebToken jsonWebToken, TokenValidationParameters validationParameters, BaseConfiguration configuration)
2026-09-16 10:33:02.028 +03:00 [INF] Bearer was not authenticated. Failure message: IDX10517: Signature validation failed. The token's kid is missing. Keys tried: 'Microsoft.IdentityModel.Tokens.SymmetricSecurityKey, KeyId: '', InternalId: 'VNGqhB7kZ75afXrNakqPyb1WYggzQUo6Cgi8Kx2i7Zs'. , KeyId: 
'. Number of keys in TokenValidationParameters: '1'. 
Number of keys in Configuration: '0'. 
Exceptions caught:
 '[PII of type 'System.Text.StringBuilder' is hidden. For more details, see https://aka.ms/IdentityModel/PII.]'.
token: '[PII of type 'Microsoft.IdentityModel.JsonWebTokens.JsonWebToken' is hidden. For more details, see https://aka.ms/IdentityModel/PII.]'. See https://aka.ms/IDX10503 for details.
2026-09-16 10:33:02.032 +03:00 [INF] Executing endpoint 'CMS.API.Controllers.SettingsController.GetSettings (CMS.API)'
2026-09-16 10:33:02.036 +03:00 [INF] Route matched with {action = "GetSettings", controller = "Settings"}. Executing controller action with signature System.Threading.Tasks.Task`1[Microsoft.AspNetCore.Mvc.IActionResult] GetSettings() on controller CMS.API.Controllers.SettingsController (CMS.API).
2026-09-16 10:33:02.053 +03:00 [INF] Executing OkObjectResult, writing value of type 'CMS.Shared.DTOs.ApiResponse`1[[System.Collections.Generic.List`1[[CMS.Shared.DTOs.ClinicSettingDto, CMS.Shared, Version=1.0.0.0, Culture=neutral, PublicKeyToken=null]], System.Private.CoreLib, Version=8.0.0.0, Culture=neutral, PublicKeyToken=7cec85d7bea7798e]]'.
2026-09-16 10:33:02.059 +03:00 [INF] Executed action CMS.API.Controllers.SettingsController.GetSettings (CMS.API) in 16.925ms
2026-09-16 10:33:02.064 +03:00 [INF] Executed endpoint 'CMS.API.Controllers.SettingsController.GetSettings (CMS.API)'
2026-09-16 10:33:02.068 +03:00 [INF] Request starting HTTP/1.1 GET http://localhost:5010/api/v1/settings - application/json null
2026-09-16 10:33:02.069 +03:00 [INF] Request finished HTTP/1.1 GET http://localhost:5010/api/v1/settings - 200 null application/json; charset=utf-8 57.1233ms
2026-09-16 10:33:02.078 +03:00 [INF] Failed to validate the token.
Microsoft.IdentityModel.Tokens.SecurityTokenSignatureKeyNotFoundException: IDX10517: Signature validation failed. The token's kid is missing. Keys tried: 'Microsoft.IdentityModel.Tokens.SymmetricSecurityKey, KeyId: '', InternalId: 'VNGqhB7kZ75afXrNakqPyb1WYggzQUo6Cgi8Kx2i7Zs'. , KeyId: 
'. Number of keys in TokenValidationParameters: '1'. 
Number of keys in Configuration: '0'. 
Exceptions caught:
 '[PII of type 'System.Text.StringBuilder' is hidden. For more details, see https://aka.ms/IdentityModel/PII.]'.
token: '[PII of type 'Microsoft.IdentityModel.JsonWebTokens.JsonWebToken' is hidden. For more details, see https://aka.ms/IdentityModel/PII.]'. See https://aka.ms/IDX10503 for details.
   at Microsoft.IdentityModel.JsonWebTokens.JsonWebTokenHandler.ValidateSignature(JsonWebToken jwtToken, TokenValidationParameters validationParameters, BaseConfiguration configuration)
   at Microsoft.IdentityModel.JsonWebTokens.JsonWebTokenHandler.ValidateSignatureAndIssuerSecurityKey(JsonWebToken jsonWebToken, TokenValidationParameters validationParameters, BaseConfiguration configuration)
   at Microsoft.IdentityModel.JsonWebTokens.JsonWebTokenHandler.ValidateJWSAsync(JsonWebToken jsonWebToken, TokenValidationParameters validationParameters, BaseConfiguration configuration)
2026-09-16 10:33:02.095 +03:00 [INF] Bearer was not authenticated. Failure message: IDX10517: Signature validation failed. The token's kid is missing. Keys tried: 'Microsoft.IdentityModel.Tokens.SymmetricSecurityKey, KeyId: '', InternalId: 'VNGqhB7kZ75afXrNakqPyb1WYggzQUo6Cgi8Kx2i7Zs'. , KeyId: 
'. Number of keys in TokenValidationParameters: '1'. 
Number of keys in Configuration: '0'. 
Exceptions caught:
 '[PII of type 'System.Text.StringBuilder' is hidden. For more details, see https://aka.ms/IdentityModel/PII.]'.
token: '[PII of type 'Microsoft.IdentityModel.JsonWebTokens.JsonWebToken' is hidden. For more details, see https://aka.ms/IdentityModel/PII.]'. See https://aka.ms/IDX10503 for details.
2026-09-16 10:33:02.099 +03:00 [INF] Executing endpoint 'CMS.API.Controllers.SettingsController.GetSettings (CMS.API)'
2026-09-16 10:33:02.103 +03:00 [INF] Route matched with {action = "GetSettings", controller = "Settings"}. Executing controller action with signature System.Threading.Tasks.Task`1[Microsoft.AspNetCore.Mvc.IActionResult] GetSettings() on controller CMS.API.Controllers.SettingsController (CMS.API).
2026-09-16 10:33:02.111 +03:00 [INF] Executing OkObjectResult, writing value of type 'CMS.Shared.DTOs.ApiResponse`1[[System.Collections.Generic.List`1[[CMS.Shared.DTOs.ClinicSettingDto, CMS.Shared, Version=1.0.0.0, Culture=neutral, PublicKeyToken=null]], System.Private.CoreLib, Version=8.0.0.0, Culture=neutral, PublicKeyToken=7cec85d7bea7798e]]'.
2026-09-16 10:33:02.117 +03:00 [INF] Executed action CMS.API.Controllers.SettingsController.GetSettings (CMS.API) in 7.9204ms
2026-09-16 10:33:02.123 +03:00 [INF] Executed endpoint 'CMS.API.Controllers.SettingsController.GetSettings (CMS.API)'
2026-09-16 10:33:02.126 +03:00 [INF] Request finished HTTP/1.1 GET http://localhost:5010/api/v1/settings - 200 null application/json; charset=utf-8 58.2526ms
2026-09-16 10:33:03.848 +03:00 [INF] Request starting HTTP/1.1 GET http://localhost:5010/api/v1/apimanagement/keys - application/json null
2026-09-16 10:33:03.866 +03:00 [INF] Failed to validate the token.
Microsoft.IdentityModel.Tokens.SecurityTokenSignatureKeyNotFoundException: IDX10517: Signature validation failed. The token's kid is missing. Keys tried: 'Microsoft.IdentityModel.Tokens.SymmetricSecurityKey, KeyId: '', InternalId: 'VNGqhB7kZ75afXrNakqPyb1WYggzQUo6Cgi8Kx2i7Zs'. , KeyId: 
'. Number of keys in TokenValidationParameters: '1'. 
Number of keys in Configuration: '0'. 
Exceptions caught:
 '[PII of type 'System.Text.StringBuilder' is hidden. For more details, see https://aka.ms/IdentityModel/PII.]'.
token: '[PII of type 'Microsoft.IdentityModel.JsonWebTokens.JsonWebToken' is hidden. For more details, see https://aka.ms/IdentityModel/PII.]'. See https://aka.ms/IDX10503 for details.
   at Microsoft.IdentityModel.JsonWebTokens.JsonWebTokenHandler.ValidateSignature(JsonWebToken jwtToken, TokenValidationParameters validationParameters, BaseConfiguration configuration)
   at Microsoft.IdentityModel.JsonWebTokens.JsonWebTokenHandler.ValidateSignatureAndIssuerSecurityKey(JsonWebToken jsonWebToken, TokenValidationParameters validationParameters, BaseConfiguration configuration)
   at Microsoft.IdentityModel.JsonWebTokens.JsonWebTokenHandler.ValidateJWSAsync(JsonWebToken jsonWebToken, TokenValidationParameters validationParameters, BaseConfiguration configuration)
2026-09-16 10:33:03.876 +03:00 [INF] Bearer was not authenticated. Failure message: IDX10517: Signature validation failed. The token's kid is missing. Keys tried: 'Microsoft.IdentityModel.Tokens.SymmetricSecurityKey, KeyId: '', InternalId: 'VNGqhB7kZ75afXrNakqPyb1WYggzQUo6Cgi8Kx2i7Zs'. , KeyId: 
'. Number of keys in TokenValidationParameters: '1'. 
Number of keys in Configuration: '0'. 
Exceptions caught:
 '[PII of type 'System.Text.StringBuilder' is hidden. For more details, see https://aka.ms/IdentityModel/PII.]'.
token: '[PII of type 'Microsoft.IdentityModel.JsonWebTokens.JsonWebToken' is hidden. For more details, see https://aka.ms/IdentityModel/PII.]'. See https://aka.ms/IDX10503 for details.
2026-09-16 10:33:03.879 +03:00 [INF] Executing endpoint 'CMS.API.Controllers.ApiManagementController.GetKeys (CMS.API)'
2026-09-16 10:33:03.890 +03:00 [INF] Route matched with {action = "GetKeys", controller = "ApiManagement"}. Executing controller action with signature System.Threading.Tasks.Task`1[Microsoft.AspNetCore.Mvc.IActionResult] GetKeys() on controller CMS.API.Controllers.ApiManagementController (CMS.API).
2026-09-16 10:33:03.916 +03:00 [INF] Executing OkObjectResult, writing value of type 'CMS.Shared.DTOs.ApiResponse`1[[System.Collections.Generic.List`1[[CMS.Shared.DTOs.ApiKeyDto, CMS.Shared, Version=1.0.0.0, Culture=neutral, PublicKeyToken=null]], System.Private.CoreLib, Version=8.0.0.0, Culture=neutral, PublicKeyToken=7cec85d7bea7798e]]'.
2026-09-16 10:33:03.926 +03:00 [INF] Executed action CMS.API.Controllers.ApiManagementController.GetKeys (CMS.API) in 30.3007ms
2026-09-16 10:33:03.932 +03:00 [INF] Executed endpoint 'CMS.API.Controllers.ApiManagementController.GetKeys (CMS.API)'
2026-09-16 10:33:03.936 +03:00 [INF] Request starting HTTP/1.1 GET http://localhost:5010/api/v1/apimanagement/keys - application/json null
2026-09-16 10:33:03.937 +03:00 [INF] Request finished HTTP/1.1 GET http://localhost:5010/api/v1/apimanagement/keys - 200 null application/json; charset=utf-8 88.8452ms
2026-09-16 10:33:03.947 +03:00 [INF] Failed to validate the token.
Microsoft.IdentityModel.Tokens.SecurityTokenSignatureKeyNotFoundException: IDX10517: Signature validation failed. The token's kid is missing. Keys tried: 'Microsoft.IdentityModel.Tokens.SymmetricSecurityKey, KeyId: '', InternalId: 'VNGqhB7kZ75afXrNakqPyb1WYggzQUo6Cgi8Kx2i7Zs'. , KeyId: 
'. Number of keys in TokenValidationParameters: '1'. 
Number of keys in Configuration: '0'. 
Exceptions caught:
 '[PII of type 'System.Text.StringBuilder' is hidden. For more details, see https://aka.ms/IdentityModel/PII.]'.
token: '[PII of type 'Microsoft.IdentityModel.JsonWebTokens.JsonWebToken' is hidden. For more details, see https://aka.ms/IdentityModel/PII.]'. See https://aka.ms/IDX10503 for details.
   at Microsoft.IdentityModel.JsonWebTokens.JsonWebTokenHandler.ValidateSignature(JsonWebToken jwtToken, TokenValidationParameters validationParameters, BaseConfiguration configuration)
   at Microsoft.IdentityModel.JsonWebTokens.JsonWebTokenHandler.ValidateSignatureAndIssuerSecurityKey(JsonWebToken jsonWebToken, TokenValidationParameters validationParameters, BaseConfiguration configuration)
   at Microsoft.IdentityModel.JsonWebTokens.JsonWebTokenHandler.ValidateJWSAsync(JsonWebToken jsonWebToken, TokenValidationParameters validationParameters, BaseConfiguration configuration)
2026-09-16 10:33:03.966 +03:00 [INF] Bearer was not authenticated. Failure message: IDX10517: Signature validation failed. The token's kid is missing. Keys tried: 'Microsoft.IdentityModel.Tokens.SymmetricSecurityKey, KeyId: '', InternalId: 'VNGqhB7kZ75afXrNakqPyb1WYggzQUo6Cgi8Kx2i7Zs'. , KeyId: 
'. Number of keys in TokenValidationParameters: '1'. 
Number of keys in Configuration: '0'. 
Exceptions caught:
 '[PII of type 'System.Text.StringBuilder' is hidden. For more details, see https://aka.ms/IdentityModel/PII.]'.
token: '[PII of type 'Microsoft.IdentityModel.JsonWebTokens.JsonWebToken' is hidden. For more details, see https://aka.ms/IdentityModel/PII.]'. See https://aka.ms/IDX10503 for details.
2026-09-16 10:33:03.973 +03:00 [INF] Executing endpoint 'CMS.API.Controllers.ApiManagementController.GetKeys (CMS.API)'
2026-09-16 10:33:03.978 +03:00 [INF] Route matched with {action = "GetKeys", controller = "ApiManagement"}. Executing controller action with signature System.Threading.Tasks.Task`1[Microsoft.AspNetCore.Mvc.IActionResult] GetKeys() on controller CMS.API.Controllers.ApiManagementController (CMS.API).
2026-09-16 10:33:03.990 +03:00 [INF] Executing OkObjectResult, writing value of type 'CMS.Shared.DTOs.ApiResponse`1[[System.Collections.Generic.List`1[[CMS.Shared.DTOs.ApiKeyDto, CMS.Shared, Version=1.0.0.0, Culture=neutral, PublicKeyToken=null]], System.Private.CoreLib, Version=8.0.0.0, Culture=neutral, PublicKeyToken=7cec85d7bea7798e]]'.
2026-09-16 10:33:03.997 +03:00 [INF] Executed action CMS.API.Controllers.ApiManagementController.GetKeys (CMS.API) in 8.8822ms
2026-09-16 10:33:04.003 +03:00 [INF] Executed endpoint 'CMS.API.Controllers.ApiManagementController.GetKeys (CMS.API)'
2026-09-16 10:33:04.007 +03:00 [INF] Request finished HTTP/1.1 GET http://localhost:5010/api/v1/apimanagement/keys - 200 null application/json; charset=utf-8 71.026ms
2026-09-16 10:33:05.733 +03:00 [INF] Request starting HTTP/1.1 GET http://localhost:5010/api/v1/modules - application/json null
2026-09-16 10:33:05.743 +03:00 [INF] Failed to validate the token.
Microsoft.IdentityModel.Tokens.SecurityTokenSignatureKeyNotFoundException: IDX10517: Signature validation failed. The token's kid is missing. Keys tried: 'Microsoft.IdentityModel.Tokens.SymmetricSecurityKey, KeyId: '', InternalId: 'VNGqhB7kZ75afXrNakqPyb1WYggzQUo6Cgi8Kx2i7Zs'. , KeyId: 
'. Number of keys in TokenValidationParameters: '1'. 
Number of keys in Configuration: '0'. 
Exceptions caught:
 '[PII of type 'System.Text.StringBuilder' is hidden. For more details, see https://aka.ms/IdentityModel/PII.]'.
token: '[PII of type 'Microsoft.IdentityModel.JsonWebTokens.JsonWebToken' is hidden. For more details, see https://aka.ms/IdentityModel/PII.]'. See https://aka.ms/IDX10503 for details.
   at Microsoft.IdentityModel.JsonWebTokens.JsonWebTokenHandler.ValidateSignature(JsonWebToken jwtToken, TokenValidationParameters validationParameters, BaseConfiguration configuration)
   at Microsoft.IdentityModel.JsonWebTokens.JsonWebTokenHandler.ValidateSignatureAndIssuerSecurityKey(JsonWebToken jsonWebToken, TokenValidationParameters validationParameters, BaseConfiguration configuration)
   at Microsoft.IdentityModel.JsonWebTokens.JsonWebTokenHandler.ValidateJWSAsync(JsonWebToken jsonWebToken, TokenValidationParameters validationParameters, BaseConfiguration configuration)
2026-09-16 10:33:05.752 +03:00 [INF] Bearer was not authenticated. Failure message: IDX10517: Signature validation failed. The token's kid is missing. Keys tried: 'Microsoft.IdentityModel.Tokens.SymmetricSecurityKey, KeyId: '', InternalId: 'VNGqhB7kZ75afXrNakqPyb1WYggzQUo6Cgi8Kx2i7Zs'. , KeyId: 
'. Number of keys in TokenValidationParameters: '1'. 
Number of keys in Configuration: '0'. 
Exceptions caught:
 '[PII of type 'System.Text.StringBuilder' is hidden. For more details, see https://aka.ms/IdentityModel/PII.]'.
token: '[PII of type 'Microsoft.IdentityModel.JsonWebTokens.JsonWebToken' is hidden. For more details, see https://aka.ms/IdentityModel/PII.]'. See https://aka.ms/IDX10503 for details.
2026-09-16 10:33:05.755 +03:00 [INF] Executing endpoint 'CMS.API.Controllers.ModulesController.GetModules (CMS.API)'
2026-09-16 10:33:05.766 +03:00 [INF] Route matched with {action = "GetModules", controller = "Modules"}. Executing controller action with signature System.Threading.Tasks.Task`1[Microsoft.AspNetCore.Mvc.IActionResult] GetModules() on controller CMS.API.Controllers.ModulesController (CMS.API).
2026-09-16 10:33:05.810 +03:00 [INF] Executing OkObjectResult, writing value of type 'CMS.Shared.DTOs.ApiResponse`1[[System.Collections.Generic.List`1[[CMS.Shared.DTOs.AppModuleDto, CMS.Shared, Version=1.0.0.0, Culture=neutral, PublicKeyToken=null]], System.Private.CoreLib, Version=8.0.0.0, Culture=neutral, PublicKeyToken=7cec85d7bea7798e]]'.
2026-09-16 10:33:05.820 +03:00 [INF] Executed action CMS.API.Controllers.ModulesController.GetModules (CMS.API) in 47.6263ms
2026-09-16 10:33:05.825 +03:00 [INF] Executed endpoint 'CMS.API.Controllers.ModulesController.GetModules (CMS.API)'
2026-09-16 10:33:05.828 +03:00 [INF] Request starting HTTP/1.1 GET http://localhost:5010/api/v1/modules - application/json null
2026-09-16 10:33:05.828 +03:00 [INF] Request finished HTTP/1.1 GET http://localhost:5010/api/v1/modules - 200 null application/json; charset=utf-8 94.7777ms
2026-09-16 10:33:05.838 +03:00 [INF] Failed to validate the token.
Microsoft.IdentityModel.Tokens.SecurityTokenSignatureKeyNotFoundException: IDX10517: Signature validation failed. The token's kid is missing. Keys tried: 'Microsoft.IdentityModel.Tokens.SymmetricSecurityKey, KeyId: '', InternalId: 'VNGqhB7kZ75afXrNakqPyb1WYggzQUo6Cgi8Kx2i7Zs'. , KeyId: 
'. Number of keys in TokenValidationParameters: '1'. 
Number of keys in Configuration: '0'. 
Exceptions caught:
 '[PII of type 'System.Text.StringBuilder' is hidden. For more details, see https://aka.ms/IdentityModel/PII.]'.
token: '[PII of type 'Microsoft.IdentityModel.JsonWebTokens.JsonWebToken' is hidden. For more details, see https://aka.ms/IdentityModel/PII.]'. See https://aka.ms/IDX10503 for details.
   at Microsoft.IdentityModel.JsonWebTokens.JsonWebTokenHandler.ValidateSignature(JsonWebToken jwtToken, TokenValidationParameters validationParameters, BaseConfiguration configuration)
   at Microsoft.IdentityModel.JsonWebTokens.JsonWebTokenHandler.ValidateSignatureAndIssuerSecurityKey(JsonWebToken jsonWebToken, TokenValidationParameters validationParameters, BaseConfiguration configuration)
   at Microsoft.IdentityModel.JsonWebTokens.JsonWebTokenHandler.ValidateJWSAsync(JsonWebToken jsonWebToken, TokenValidationParameters validationParameters, BaseConfiguration configuration)
2026-09-16 10:33:05.856 +03:00 [INF] Bearer was not authenticated. Failure message: IDX10517: Signature validation failed. The token's kid is missing. Keys tried: 'Microsoft.IdentityModel.Tokens.SymmetricSecurityKey, KeyId: '', InternalId: 'VNGqhB7kZ75afXrNakqPyb1WYggzQUo6Cgi8Kx2i7Zs'. , KeyId: 
'. Number of keys in TokenValidationParameters: '1'. 
Number of keys in Configuration: '0'. 
Exceptions caught:
 '[PII of type 'System.Text.StringBuilder' is hidden. For more details, see https://aka.ms/IdentityModel/PII.]'.
token: '[PII of type 'Microsoft.IdentityModel.JsonWebTokens.JsonWebToken' is hidden. For more details, see https://aka.ms/IdentityModel/PII.]'. See https://aka.ms/IDX10503 for details.
2026-09-16 10:33:05.860 +03:00 [INF] Executing endpoint 'CMS.API.Controllers.ModulesController.GetModules (CMS.API)'
2026-09-16 10:33:05.864 +03:00 [INF] Route matched with {action = "GetModules", controller = "Modules"}. Executing controller action with signature System.Threading.Tasks.Task`1[Microsoft.AspNetCore.Mvc.IActionResult] GetModules() on controller CMS.API.Controllers.ModulesController (CMS.API).
2026-09-16 10:33:05.877 +03:00 [INF] Executing OkObjectResult, writing value of type 'CMS.Shared.DTOs.ApiResponse`1[[System.Collections.Generic.List`1[[CMS.Shared.DTOs.AppModuleDto, CMS.Shared, Version=1.0.0.0, Culture=neutral, PublicKeyToken=null]], System.Private.CoreLib, Version=8.0.0.0, Culture=neutral, PublicKeyToken=7cec85d7bea7798e]]'.
2026-09-16 10:33:05.882 +03:00 [INF] Executed action CMS.API.Controllers.ModulesController.GetModules (CMS.API) in 12.5944ms
2026-09-16 10:33:05.888 +03:00 [INF] Executed endpoint 'CMS.API.Controllers.ModulesController.GetModules (CMS.API)'
2026-09-16 10:33:05.891 +03:00 [INF] Request finished HTTP/1.1 GET http://localhost:5010/api/v1/modules - 200 null application/json; charset=utf-8 63.0294ms
2026-09-16 10:33:09.530 +03:00 [INF] Request starting HTTP/1.1 GET http://localhost:5010/api/v1/notifications - application/json null
2026-09-16 10:33:09.540 +03:00 [INF] Failed to validate the token.
Microsoft.IdentityModel.Tokens.SecurityTokenSignatureKeyNotFoundException: IDX10517: Signature validation failed. The token's kid is missing. Keys tried: 'Microsoft.IdentityModel.Tokens.SymmetricSecurityKey, KeyId: '', InternalId: 'VNGqhB7kZ75afXrNakqPyb1WYggzQUo6Cgi8Kx2i7Zs'. , KeyId: 
'. Number of keys in TokenValidationParameters: '1'. 
Number of keys in Configuration: '0'. 
Exceptions caught:
 '[PII of type 'System.Text.StringBuilder' is hidden. For more details, see https://aka.ms/IdentityModel/PII.]'.
token: '[PII of type 'Microsoft.IdentityModel.JsonWebTokens.JsonWebToken' is hidden. For more details, see https://aka.ms/IdentityModel/PII.]'. See https://aka.ms/IDX10503 for details.
   at Microsoft.IdentityModel.JsonWebTokens.JsonWebTokenHandler.ValidateSignature(JsonWebToken jwtToken, TokenValidationParameters validationParameters, BaseConfiguration configuration)
   at Microsoft.IdentityModel.JsonWebTokens.JsonWebTokenHandler.ValidateSignatureAndIssuerSecurityKey(JsonWebToken jsonWebToken, TokenValidationParameters validationParameters, BaseConfiguration configuration)
   at Microsoft.IdentityModel.JsonWebTokens.JsonWebTokenHandler.ValidateJWSAsync(JsonWebToken jsonWebToken, TokenValidationParameters validationParameters, BaseConfiguration configuration)
2026-09-16 10:33:09.547 +03:00 [INF] Bearer was not authenticated. Failure message: IDX10517: Signature validation failed. The token's kid is missing. Keys tried: 'Microsoft.IdentityModel.Tokens.SymmetricSecurityKey, KeyId: '', InternalId: 'VNGqhB7kZ75afXrNakqPyb1WYggzQUo6Cgi8Kx2i7Zs'. , KeyId: 
'. Number of keys in TokenValidationParameters: '1'. 
Number of keys in Configuration: '0'. 
Exceptions caught:
 '[PII of type 'System.Text.StringBuilder' is hidden. For more details, see https://aka.ms/IdentityModel/PII.]'.
token: '[PII of type 'Microsoft.IdentityModel.JsonWebTokens.JsonWebToken' is hidden. For more details, see https://aka.ms/IdentityModel/PII.]'. See https://aka.ms/IDX10503 for details.
2026-09-16 10:33:09.551 +03:00 [INF] Executing endpoint 'CMS.API.Controllers.NotificationsController.GetNotifications (CMS.API)'
2026-09-16 10:33:09.555 +03:00 [INF] Route matched with {action = "GetNotifications", controller = "Notifications"}. Executing controller action with signature System.Threading.Tasks.Task`1[Microsoft.AspNetCore.Mvc.IActionResult] GetNotifications(System.Nullable`1[System.Int32], System.String) on controller CMS.API.Controllers.NotificationsController (CMS.API).
2026-09-16 10:33:09.566 +03:00 [INF] Executing OkObjectResult, writing value of type 'CMS.Shared.DTOs.ApiResponse`1[[System.Collections.Generic.List`1[[CMS.Shared.DTOs.NotificationItemDto, CMS.Shared, Version=1.0.0.0, Culture=neutral, PublicKeyToken=null]], System.Private.CoreLib, Version=8.0.0.0, Culture=neutral, PublicKeyToken=7cec85d7bea7798e]]'.
2026-09-16 10:33:09.573 +03:00 [INF] Executed action CMS.API.Controllers.NotificationsController.GetNotifications (CMS.API) in 10.973ms
2026-09-16 10:33:09.579 +03:00 [INF] Executed endpoint 'CMS.API.Controllers.NotificationsController.GetNotifications (CMS.API)'
2026-09-16 10:33:09.585 +03:00 [INF] Request finished HTTP/1.1 GET http://localhost:5010/api/v1/notifications - 200 null application/json; charset=utf-8 55.4943ms
2026-09-16 10:33:13.077 +03:00 [INF] Request starting HTTP/1.1 GET http://localhost:5010/api/v1/patients/search - application/json null
2026-09-16 10:33:13.078 +03:00 [INF] Request starting HTTP/1.1 GET http://localhost:5010/api/v1/appointments/doctor/1 - application/json null
2026-09-16 10:33:13.078 +03:00 [INF] Request starting HTTP/1.1 GET http://localhost:5010/api/v1/billing/invoices - application/json null
2026-09-16 10:33:13.087 +03:00 [INF] Failed to validate the token.
Microsoft.IdentityModel.Tokens.SecurityTokenSignatureKeyNotFoundException: IDX10517: Signature validation failed. The token's kid is missing. Keys tried: 'Microsoft.IdentityModel.Tokens.SymmetricSecurityKey, KeyId: '', InternalId: 'VNGqhB7kZ75afXrNakqPyb1WYggzQUo6Cgi8Kx2i7Zs'. , KeyId: 
'. Number of keys in TokenValidationParameters: '1'. 
Number of keys in Configuration: '0'. 
Exceptions caught:
 '[PII of type 'System.Text.StringBuilder' is hidden. For more details, see https://aka.ms/IdentityModel/PII.]'.
token: '[PII of type 'Microsoft.IdentityModel.JsonWebTokens.JsonWebToken' is hidden. For more details, see https://aka.ms/IdentityModel/PII.]'. See https://aka.ms/IDX10503 for details.
   at Microsoft.IdentityModel.JsonWebTokens.JsonWebTokenHandler.ValidateSignature(JsonWebToken jwtToken, TokenValidationParameters validationParameters, BaseConfiguration configuration)
   at Microsoft.IdentityModel.JsonWebTokens.JsonWebTokenHandler.ValidateSignatureAndIssuerSecurityKey(JsonWebToken jsonWebToken, TokenValidationParameters validationParameters, BaseConfiguration configuration)
   at Microsoft.IdentityModel.JsonWebTokens.JsonWebTokenHandler.ValidateJWSAsync(JsonWebToken jsonWebToken, TokenValidationParameters validationParameters, BaseConfiguration configuration)
2026-09-16 10:33:13.095 +03:00 [INF] Failed to validate the token.
Microsoft.IdentityModel.Tokens.SecurityTokenSignatureKeyNotFoundException: IDX10517: Signature validation failed. The token's kid is missing. Keys tried: 'Microsoft.IdentityModel.Tokens.SymmetricSecurityKey, KeyId: '', InternalId: 'VNGqhB7kZ75afXrNakqPyb1WYggzQUo6Cgi8Kx2i7Zs'. , KeyId: 
'. Number of keys in TokenValidationParameters: '1'. 
Number of keys in Configuration: '0'. 
Exceptions caught:
 '[PII of type 'System.Text.StringBuilder' is hidden. For more details, see https://aka.ms/IdentityModel/PII.]'.
token: '[PII of type 'Microsoft.IdentityModel.JsonWebTokens.JsonWebToken' is hidden. For more details, see https://aka.ms/IdentityModel/PII.]'. See https://aka.ms/IDX10503 for details.
   at Microsoft.IdentityModel.JsonWebTokens.JsonWebTokenHandler.ValidateSignature(JsonWebToken jwtToken, TokenValidationParameters validationParameters, BaseConfiguration configuration)
   at Microsoft.IdentityModel.JsonWebTokens.JsonWebTokenHandler.ValidateSignatureAndIssuerSecurityKey(JsonWebToken jsonWebToken, TokenValidationParameters validationParameters, BaseConfiguration configuration)
   at Microsoft.IdentityModel.JsonWebTokens.JsonWebTokenHandler.ValidateJWSAsync(JsonWebToken jsonWebToken, TokenValidationParameters validationParameters, BaseConfiguration configuration)
2026-09-16 10:33:13.106 +03:00 [INF] Failed to validate the token.
Microsoft.IdentityModel.Tokens.SecurityTokenSignatureKeyNotFoundException: IDX10517: Signature validation failed. The token's kid is missing. Keys tried: 'Microsoft.IdentityModel.Tokens.SymmetricSecurityKey, KeyId: '', InternalId: 'VNGqhB7kZ75afXrNakqPyb1WYggzQUo6Cgi8Kx2i7Zs'. , KeyId: 
'. Number of keys in TokenValidationParameters: '1'. 
Number of keys in Configuration: '0'. 
Exceptions caught:
 '[PII of type 'System.Text.StringBuilder' is hidden. For more details, see https://aka.ms/IdentityModel/PII.]'.
token: '[PII of type 'Microsoft.IdentityModel.JsonWebTokens.JsonWebToken' is hidden. For more details, see https://aka.ms/IdentityModel/PII.]'. See https://aka.ms/IDX10503 for details.
   at Microsoft.IdentityModel.JsonWebTokens.JsonWebTokenHandler.ValidateSignature(JsonWebToken jwtToken, TokenValidationParameters validationParameters, BaseConfiguration configuration)
   at Microsoft.IdentityModel.JsonWebTokens.JsonWebTokenHandler.ValidateSignatureAndIssuerSecurityKey(JsonWebToken jsonWebToken, TokenValidationParameters validationParameters, BaseConfiguration configuration)
   at Microsoft.IdentityModel.JsonWebTokens.JsonWebTokenHandler.ValidateJWSAsync(JsonWebToken jsonWebToken, TokenValidationParameters validationParameters, BaseConfiguration configuration)
2026-09-16 10:33:13.111 +03:00 [INF] Bearer was not authenticated. Failure message: IDX10517: Signature validation failed. The token's kid is missing. Keys tried: 'Microsoft.IdentityModel.Tokens.SymmetricSecurityKey, KeyId: '', InternalId: 'VNGqhB7kZ75afXrNakqPyb1WYggzQUo6Cgi8Kx2i7Zs'. , KeyId: 
'. Number of keys in TokenValidationParameters: '1'. 
Number of keys in Configuration: '0'. 
Exceptions caught:
 '[PII of type 'System.Text.StringBuilder' is hidden. For more details, see https://aka.ms/IdentityModel/PII.]'.
token: '[PII of type 'Microsoft.IdentityModel.JsonWebTokens.JsonWebToken' is hidden. For more details, see https://aka.ms/IdentityModel/PII.]'. See https://aka.ms/IDX10503 for details.
2026-09-16 10:33:13.121 +03:00 [INF] Bearer was not authenticated. Failure message: IDX10517: Signature validation failed. The token's kid is missing. Keys tried: 'Microsoft.IdentityModel.Tokens.SymmetricSecurityKey, KeyId: '', InternalId: 'VNGqhB7kZ75afXrNakqPyb1WYggzQUo6Cgi8Kx2i7Zs'. , KeyId: 
'. Number of keys in TokenValidationParameters: '1'. 
Number of keys in Configuration: '0'. 
Exceptions caught:
 '[PII of type 'System.Text.StringBuilder' is hidden. For more details, see https://aka.ms/IdentityModel/PII.]'.
token: '[PII of type 'Microsoft.IdentityModel.JsonWebTokens.JsonWebToken' is hidden. For more details, see https://aka.ms/IdentityModel/PII.]'. See https://aka.ms/IDX10503 for details.
2026-09-16 10:33:13.128 +03:00 [INF] Bearer was not authenticated. Failure message: IDX10517: Signature validation failed. The token's kid is missing. Keys tried: 'Microsoft.IdentityModel.Tokens.SymmetricSecurityKey, KeyId: '', InternalId: 'VNGqhB7kZ75afXrNakqPyb1WYggzQUo6Cgi8Kx2i7Zs'. , KeyId: 
'. Number of keys in TokenValidationParameters: '1'. 
Number of keys in Configuration: '0'. 
Exceptions caught:
 '[PII of type 'System.Text.StringBuilder' is hidden. For more details, see https://aka.ms/IdentityModel/PII.]'.
token: '[PII of type 'Microsoft.IdentityModel.JsonWebTokens.JsonWebToken' is hidden. For more details, see https://aka.ms/IdentityModel/PII.]'. See https://aka.ms/IDX10503 for details.
2026-09-16 10:33:13.132 +03:00 [INF] Executing endpoint 'CMS.API.Controllers.PatientsController.Search (CMS.API)'
2026-09-16 10:33:13.136 +03:00 [INF] Executing endpoint 'CMS.API.Controllers.AppointmentsController.GetDoctorAppointments (CMS.API)'
2026-09-16 10:33:13.140 +03:00 [INF] Executing endpoint 'CMS.API.Controllers.BillingController.GetInvoices (CMS.API)'
2026-09-16 10:33:13.143 +03:00 [INF] Route matched with {action = "Search", controller = "Patients"}. Executing controller action with signature System.Threading.Tasks.Task`1[Microsoft.AspNetCore.Mvc.IActionResult] Search(System.String, Int32) on controller CMS.API.Controllers.PatientsController (CMS.API).
2026-09-16 10:33:13.156 +03:00 [INF] Route matched with {action = "GetInvoices", controller = "Billing"}. Executing controller action with signature System.Threading.Tasks.Task`1[Microsoft.AspNetCore.Mvc.IActionResult] GetInvoices() on controller CMS.API.Controllers.BillingController (CMS.API).
2026-09-16 10:33:13.154 +03:00 [INF] Route matched with {action = "GetDoctorAppointments", controller = "Appointments"}. Executing controller action with signature System.Threading.Tasks.Task`1[Microsoft.AspNetCore.Mvc.IActionResult] GetDoctorAppointments(Int32, System.DateTime) on controller CMS.API.Controllers.AppointmentsController (CMS.API).
2026-09-16 10:33:13.159 +03:00 [INF] Executing OkObjectResult, writing value of type 'CMS.Shared.DTOs.ApiResponse`1[[System.Collections.Generic.List`1[[CMS.Shared.DTOs.PatientDto, CMS.Shared, Version=1.0.0.0, Culture=neutral, PublicKeyToken=null]], System.Private.CoreLib, Version=8.0.0.0, Culture=neutral, PublicKeyToken=7cec85d7bea7798e]]'.
2026-09-16 10:33:13.176 +03:00 [INF] Executed action CMS.API.Controllers.PatientsController.Search (CMS.API) in 19.6988ms
2026-09-16 10:33:13.182 +03:00 [INF] Executed endpoint 'CMS.API.Controllers.PatientsController.Search (CMS.API)'
2026-09-16 10:33:13.186 +03:00 [INF] Executed action CMS.API.Controllers.AppointmentsController.GetDoctorAppointments (CMS.API) in 14.6182ms
2026-09-16 10:33:13.186 +03:00 [INF] Request starting HTTP/1.1 GET http://localhost:5010/api/v1/patients/search - application/json null
2026-09-16 10:33:13.189 +03:00 [INF] Request finished HTTP/1.1 GET http://localhost:5010/api/v1/patients/search - 200 null application/json; charset=utf-8 111.3441ms
2026-09-16 10:33:13.195 +03:00 [INF] Executed endpoint 'CMS.API.Controllers.AppointmentsController.GetDoctorAppointments (CMS.API)'
2026-09-16 10:33:13.204 +03:00 [INF] Failed to validate the token.
Microsoft.IdentityModel.Tokens.SecurityTokenSignatureKeyNotFoundException: IDX10517: Signature validation failed. The token's kid is missing. Keys tried: 'Microsoft.IdentityModel.Tokens.SymmetricSecurityKey, KeyId: '', InternalId: 'VNGqhB7kZ75afXrNakqPyb1WYggzQUo6Cgi8Kx2i7Zs'. , KeyId: 
'. Number of keys in TokenValidationParameters: '1'. 
Number of keys in Configuration: '0'. 
Exceptions caught:
 '[PII of type 'System.Text.StringBuilder' is hidden. For more details, see https://aka.ms/IdentityModel/PII.]'.
token: '[PII of type 'Microsoft.IdentityModel.JsonWebTokens.JsonWebToken' is hidden. For more details, see https://aka.ms/IdentityModel/PII.]'. See https://aka.ms/IDX10503 for details.
   at Microsoft.IdentityModel.JsonWebTokens.JsonWebTokenHandler.ValidateSignature(JsonWebToken jwtToken, TokenValidationParameters validationParameters, BaseConfiguration configuration)
   at Microsoft.IdentityModel.JsonWebTokens.JsonWebTokenHandler.ValidateSignatureAndIssuerSecurityKey(JsonWebToken jsonWebToken, TokenValidationParameters validationParameters, BaseConfiguration configuration)
   at Microsoft.IdentityModel.JsonWebTokens.JsonWebTokenHandler.ValidateJWSAsync(JsonWebToken jsonWebToken, TokenValidationParameters validationParameters, BaseConfiguration configuration)
2026-09-16 10:33:13.219 +03:00 [ERR] Unhandled exception encountered: SqlDateTime overflow. Must be between 1/1/1753 12:00:00 AM and 12/31/9999 11:59:59 PM.
System.Data.SqlTypes.SqlTypeException: SqlDateTime overflow. Must be between 1/1/1753 12:00:00 AM and 12/31/9999 11:59:59 PM.
   at System.Threading.Tasks.ContinuationResultTaskFromResultTask`2.InnerInvoke()
   at System.Threading.ExecutionContext.RunInternal(ExecutionContext executionContext, ContextCallback callback, Object state)
--- End of stack trace from previous location ---
   at System.Threading.ExecutionContext.RunInternal(ExecutionContext executionContext, ContextCallback callback, Object state)
   at System.Threading.Tasks.Task.ExecuteWithThreadLocal(Task& currentTaskSlot, Thread threadPoolThread)
--- End of stack trace from previous location ---
   at Dapper.SqlMapper.QueryAsync[T](IDbConnection cnn, Type effectiveType, CommandDefinition command) in /_/Dapper/SqlMapper.Async.cs:line 434
   at CMS.Application.Appointments.AppointmentService.GetDoctorAppointmentsAsync(Byte tenantId, Int32 doctorId, DateTime date) in C:\Users\ASUS\source\repos\CMS\src\CMS.Application\Appointments\AppointmentService.cs:line 55
   at CMS.API.Controllers.AppointmentsController.GetDoctorAppointments(Int32 doctorId, DateTime date) in C:\Users\ASUS\source\repos\CMS\src\CMS.API\Controllers\ClinicalControllers.cs:line 92
   at Microsoft.AspNetCore.Mvc.Infrastructure.ActionMethodExecutor.TaskOfIActionResultExecutor.Execute(ActionContext actionContext, IActionResultTypeMapper mapper, ObjectMethodExecutor executor, Object controller, Object[] arguments)
   at Microsoft.AspNetCore.Mvc.Infrastructure.ControllerActionInvoker.<InvokeActionMethodAsync>g__Awaited|12_0(ControllerActionInvoker invoker, ValueTask`1 actionResultValueTask)
   at Microsoft.AspNetCore.Mvc.Infrastructure.ControllerActionInvoker.<InvokeNextActionFilterAsync>g__Awaited|10_0(ControllerActionInvoker invoker, Task lastTask, State next, Scope scope, Object state, Boolean isCompleted)
   at Microsoft.AspNetCore.Mvc.Infrastructure.ControllerActionInvoker.Rethrow(ActionExecutedContextSealed context)
   at Microsoft.AspNetCore.Mvc.Infrastructure.ControllerActionInvoker.Next(State& next, Scope& scope, Object& state, Boolean& isCompleted)
   at Microsoft.AspNetCore.Mvc.Infrastructure.ControllerActionInvoker.<InvokeInnerFilterAsync>g__Awaited|13_0(ControllerActionInvoker invoker, Task lastTask, State next, Scope scope, Object state, Boolean isCompleted)
   at Microsoft.AspNetCore.Mvc.Infrastructure.ResourceInvoker.<InvokeFilterPipelineAsync>g__Awaited|20_0(ResourceInvoker invoker, Task lastTask, State next, Scope scope, Object state, Boolean isCompleted)
   at Microsoft.AspNetCore.Mvc.Infrastructure.ResourceInvoker.<InvokeAsync>g__Logged|17_1(ResourceInvoker invoker)
   at Microsoft.AspNetCore.Mvc.Infrastructure.ResourceInvoker.<InvokeAsync>g__Logged|17_1(ResourceInvoker invoker)
   at Microsoft.AspNetCore.Routing.EndpointMiddleware.<Invoke>g__AwaitRequestTask|7_0(Endpoint endpoint, Task requestTask, ILogger logger)
   at Microsoft.AspNetCore.Authorization.AuthorizationMiddleware.Invoke(HttpContext context)
   at Microsoft.AspNetCore.Authentication.AuthenticationMiddleware.Invoke(HttpContext context)
   at Swashbuckle.AspNetCore.SwaggerUI.SwaggerUIMiddleware.Invoke(HttpContext httpContext)
   at Swashbuckle.AspNetCore.Swagger.SwaggerMiddleware.Invoke(HttpContext httpContext, ISwaggerProvider swaggerProvider)
   at CMS.API.Middleware.TenantMiddleware.InvokeAsync(HttpContext context) in C:\Users\ASUS\source\repos\CMS\src\CMS.API\Middleware\Middlewares.cs:line 26
   at CMS.API.Middleware.ExceptionMiddleware.InvokeAsync(HttpContext context) in C:\Users\ASUS\source\repos\CMS\src\CMS.API\Middleware\Middlewares.cs:line 45
2026-09-16 10:33:13.227 +03:00 [INF] Bearer was not authenticated. Failure message: IDX10517: Signature validation failed. The token's kid is missing. Keys tried: 'Microsoft.IdentityModel.Tokens.SymmetricSecurityKey, KeyId: '', InternalId: 'VNGqhB7kZ75afXrNakqPyb1WYggzQUo6Cgi8Kx2i7Zs'. , KeyId: 
'. Number of keys in TokenValidationParameters: '1'. 
Number of keys in Configuration: '0'. 
Exceptions caught:
 '[PII of type 'System.Text.StringBuilder' is hidden. For more details, see https://aka.ms/IdentityModel/PII.]'.
token: '[PII of type 'Microsoft.IdentityModel.JsonWebTokens.JsonWebToken' is hidden. For more details, see https://aka.ms/IdentityModel/PII.]'. See https://aka.ms/IDX10503 for details.
2026-09-16 10:33:13.248 +03:00 [INF] Request finished HTTP/1.1 GET http://localhost:5010/api/v1/appointments/doctor/1 - 500 null application/json 170.361ms
2026-09-16 10:33:13.251 +03:00 [INF] Executing endpoint 'CMS.API.Controllers.PatientsController.Search (CMS.API)'
2026-09-16 10:33:13.254 +03:00 [INF] Executing OkObjectResult, writing value of type 'CMS.Shared.DTOs.ApiResponse`1[[System.Collections.Generic.List`1[[CMS.Shared.DTOs.InvoiceDto, CMS.Shared, Version=1.0.0.0, Culture=neutral, PublicKeyToken=null]], System.Private.CoreLib, Version=8.0.0.0, Culture=neutral, PublicKeyToken=7cec85d7bea7798e]]'.
2026-09-16 10:33:13.259 +03:00 [INF] Request starting HTTP/1.1 GET http://localhost:5010/api/v1/appointments/doctor/1 - application/json null
2026-09-16 10:33:13.264 +03:00 [INF] Route matched with {action = "Search", controller = "Patients"}. Executing controller action with signature System.Threading.Tasks.Task`1[Microsoft.AspNetCore.Mvc.IActionResult] Search(System.String, Int32) on controller CMS.API.Controllers.PatientsController (CMS.API).
2026-09-16 10:33:13.277 +03:00 [INF] Failed to validate the token.
Microsoft.IdentityModel.Tokens.SecurityTokenSignatureKeyNotFoundException: IDX10517: Signature validation failed. The token's kid is missing. Keys tried: 'Microsoft.IdentityModel.Tokens.SymmetricSecurityKey, KeyId: '', InternalId: 'VNGqhB7kZ75afXrNakqPyb1WYggzQUo6Cgi8Kx2i7Zs'. , KeyId: 
'. Number of keys in TokenValidationParameters: '1'. 
Number of keys in Configuration: '0'. 
Exceptions caught:
 '[PII of type 'System.Text.StringBuilder' is hidden. For more details, see https://aka.ms/IdentityModel/PII.]'.
token: '[PII of type 'Microsoft.IdentityModel.JsonWebTokens.JsonWebToken' is hidden. For more details, see https://aka.ms/IdentityModel/PII.]'. See https://aka.ms/IDX10503 for details.
   at Microsoft.IdentityModel.JsonWebTokens.JsonWebTokenHandler.ValidateSignature(JsonWebToken jwtToken, TokenValidationParameters validationParameters, BaseConfiguration configuration)
   at Microsoft.IdentityModel.JsonWebTokens.JsonWebTokenHandler.ValidateSignatureAndIssuerSecurityKey(JsonWebToken jsonWebToken, TokenValidationParameters validationParameters, BaseConfiguration configuration)
   at Microsoft.IdentityModel.JsonWebTokens.JsonWebTokenHandler.ValidateJWSAsync(JsonWebToken jsonWebToken, TokenValidationParameters validationParameters, BaseConfiguration configuration)
2026-09-16 10:33:13.282 +03:00 [INF] Executing OkObjectResult, writing value of type 'CMS.Shared.DTOs.ApiResponse`1[[System.Collections.Generic.List`1[[CMS.Shared.DTOs.PatientDto, CMS.Shared, Version=1.0.0.0, Culture=neutral, PublicKeyToken=null]], System.Private.CoreLib, Version=8.0.0.0, Culture=neutral, PublicKeyToken=7cec85d7bea7798e]]'.
2026-09-16 10:33:13.287 +03:00 [INF] Executed action CMS.API.Controllers.BillingController.GetInvoices (CMS.API) in 124.0271ms
2026-09-16 10:33:13.289 +03:00 [INF] Bearer was not authenticated. Failure message: IDX10517: Signature validation failed. The token's kid is missing. Keys tried: 'Microsoft.IdentityModel.Tokens.SymmetricSecurityKey, KeyId: '', InternalId: 'VNGqhB7kZ75afXrNakqPyb1WYggzQUo6Cgi8Kx2i7Zs'. , KeyId: 
'. Number of keys in TokenValidationParameters: '1'. 
Number of keys in Configuration: '0'. 
Exceptions caught:
 '[PII of type 'System.Text.StringBuilder' is hidden. For more details, see https://aka.ms/IdentityModel/PII.]'.
token: '[PII of type 'Microsoft.IdentityModel.JsonWebTokens.JsonWebToken' is hidden. For more details, see https://aka.ms/IdentityModel/PII.]'. See https://aka.ms/IDX10503 for details.
2026-09-16 10:33:13.292 +03:00 [INF] Executed action CMS.API.Controllers.PatientsController.Search (CMS.API) in 11.8975ms
2026-09-16 10:33:13.296 +03:00 [INF] Request starting HTTP/1.1 GET http://localhost:5010/api/v1/billing/invoices - application/json null
2026-09-16 10:33:13.296 +03:00 [INF] Executed endpoint 'CMS.API.Controllers.BillingController.GetInvoices (CMS.API)'
2026-09-16 10:33:13.300 +03:00 [INF] Executing endpoint 'CMS.API.Controllers.AppointmentsController.GetDoctorAppointments (CMS.API)'
2026-09-16 10:33:13.304 +03:00 [INF] Executed endpoint 'CMS.API.Controllers.PatientsController.Search (CMS.API)'
2026-09-16 10:33:13.313 +03:00 [INF] Failed to validate the token.
Microsoft.IdentityModel.Tokens.SecurityTokenSignatureKeyNotFoundException: IDX10517: Signature validation failed. The token's kid is missing. Keys tried: 'Microsoft.IdentityModel.Tokens.SymmetricSecurityKey, KeyId: '', InternalId: 'VNGqhB7kZ75afXrNakqPyb1WYggzQUo6Cgi8Kx2i7Zs'. , KeyId: 
'. Number of keys in TokenValidationParameters: '1'. 
Number of keys in Configuration: '0'. 
Exceptions caught:
 '[PII of type 'System.Text.StringBuilder' is hidden. For more details, see https://aka.ms/IdentityModel/PII.]'.
token: '[PII of type 'Microsoft.IdentityModel.JsonWebTokens.JsonWebToken' is hidden. For more details, see https://aka.ms/IdentityModel/PII.]'. See https://aka.ms/IDX10503 for details.
   at Microsoft.IdentityModel.JsonWebTokens.JsonWebTokenHandler.ValidateSignature(JsonWebToken jwtToken, TokenValidationParameters validationParameters, BaseConfiguration configuration)
   at Microsoft.IdentityModel.JsonWebTokens.JsonWebTokenHandler.ValidateSignatureAndIssuerSecurityKey(JsonWebToken jsonWebToken, TokenValidationParameters validationParameters, BaseConfiguration configuration)
   at Microsoft.IdentityModel.JsonWebTokens.JsonWebTokenHandler.ValidateJWSAsync(JsonWebToken jsonWebToken, TokenValidationParameters validationParameters, BaseConfiguration configuration)
2026-09-16 10:33:13.315 +03:00 [INF] Request finished HTTP/1.1 GET http://localhost:5010/api/v1/billing/invoices - 200 null application/json; charset=utf-8 236.8604ms
2026-09-16 10:33:13.320 +03:00 [INF] Route matched with {action = "GetDoctorAppointments", controller = "Appointments"}. Executing controller action with signature System.Threading.Tasks.Task`1[Microsoft.AspNetCore.Mvc.IActionResult] GetDoctorAppointments(Int32, System.DateTime) on controller CMS.API.Controllers.AppointmentsController (CMS.API).
2026-09-16 10:33:13.323 +03:00 [INF] Request finished HTTP/1.1 GET http://localhost:5010/api/v1/patients/search - 200 null application/json; charset=utf-8 137.3114ms
2026-09-16 10:33:13.332 +03:00 [INF] Bearer was not authenticated. Failure message: IDX10517: Signature validation failed. The token's kid is missing. Keys tried: 'Microsoft.IdentityModel.Tokens.SymmetricSecurityKey, KeyId: '', InternalId: 'VNGqhB7kZ75afXrNakqPyb1WYggzQUo6Cgi8Kx2i7Zs'. , KeyId: 
'. Number of keys in TokenValidationParameters: '1'. 
Number of keys in Configuration: '0'. 
Exceptions caught:
 '[PII of type 'System.Text.StringBuilder' is hidden. For more details, see https://aka.ms/IdentityModel/PII.]'.
token: '[PII of type 'Microsoft.IdentityModel.JsonWebTokens.JsonWebToken' is hidden. For more details, see https://aka.ms/IdentityModel/PII.]'. See https://aka.ms/IDX10503 for details.
2026-09-16 10:33:13.350 +03:00 [INF] Executed action CMS.API.Controllers.AppointmentsController.GetDoctorAppointments (CMS.API) in 3.0419ms
2026-09-16 10:33:13.360 +03:00 [INF] Executing endpoint 'CMS.API.Controllers.BillingController.GetInvoices (CMS.API)'
2026-09-16 10:33:13.365 +03:00 [INF] Executed endpoint 'CMS.API.Controllers.AppointmentsController.GetDoctorAppointments (CMS.API)'
2026-09-16 10:33:13.369 +03:00 [INF] Route matched with {action = "GetInvoices", controller = "Billing"}. Executing controller action with signature System.Threading.Tasks.Task`1[Microsoft.AspNetCore.Mvc.IActionResult] GetInvoices() on controller CMS.API.Controllers.BillingController (CMS.API).
2026-09-16 10:33:13.373 +03:00 [ERR] Unhandled exception encountered: SqlDateTime overflow. Must be between 1/1/1753 12:00:00 AM and 12/31/9999 11:59:59 PM.
System.Data.SqlTypes.SqlTypeException: SqlDateTime overflow. Must be between 1/1/1753 12:00:00 AM and 12/31/9999 11:59:59 PM.
   at System.Threading.Tasks.ContinuationResultTaskFromResultTask`2.InnerInvoke()
   at System.Threading.ExecutionContext.RunInternal(ExecutionContext executionContext, ContextCallback callback, Object state)
--- End of stack trace from previous location ---
   at System.Threading.ExecutionContext.RunInternal(ExecutionContext executionContext, ContextCallback callback, Object state)
   at System.Threading.Tasks.Task.ExecuteWithThreadLocal(Task& currentTaskSlot, Thread threadPoolThread)
--- End of stack trace from previous location ---
   at Dapper.SqlMapper.QueryAsync[T](IDbConnection cnn, Type effectiveType, CommandDefinition command) in /_/Dapper/SqlMapper.Async.cs:line 434
   at CMS.Application.Appointments.AppointmentService.GetDoctorAppointmentsAsync(Byte tenantId, Int32 doctorId, DateTime date) in C:\Users\ASUS\source\repos\CMS\src\CMS.Application\Appointments\AppointmentService.cs:line 55
   at CMS.API.Controllers.AppointmentsController.GetDoctorAppointments(Int32 doctorId, DateTime date) in C:\Users\ASUS\source\repos\CMS\src\CMS.API\Controllers\ClinicalControllers.cs:line 92
   at Microsoft.AspNetCore.Mvc.Infrastructure.ActionMethodExecutor.TaskOfIActionResultExecutor.Execute(ActionContext actionContext, IActionResultTypeMapper mapper, ObjectMethodExecutor executor, Object controller, Object[] arguments)
   at Microsoft.AspNetCore.Mvc.Infrastructure.ControllerActionInvoker.<InvokeActionMethodAsync>g__Awaited|12_0(ControllerActionInvoker invoker, ValueTask`1 actionResultValueTask)
   at Microsoft.AspNetCore.Mvc.Infrastructure.ControllerActionInvoker.<InvokeNextActionFilterAsync>g__Awaited|10_0(ControllerActionInvoker invoker, Task lastTask, State next, Scope scope, Object state, Boolean isCompleted)
   at Microsoft.AspNetCore.Mvc.Infrastructure.ControllerActionInvoker.Rethrow(ActionExecutedContextSealed context)
   at Microsoft.AspNetCore.Mvc.Infrastructure.ControllerActionInvoker.Next(State& next, Scope& scope, Object& state, Boolean& isCompleted)
   at Microsoft.AspNetCore.Mvc.Infrastructure.ControllerActionInvoker.<InvokeInnerFilterAsync>g__Awaited|13_0(ControllerActionInvoker invoker, Task lastTask, State next, Scope scope, Object state, Boolean isCompleted)
   at Microsoft.AspNetCore.Mvc.Infrastructure.ResourceInvoker.<InvokeFilterPipelineAsync>g__Awaited|20_0(ResourceInvoker invoker, Task lastTask, State next, Scope scope, Object state, Boolean isCompleted)
   at Microsoft.AspNetCore.Mvc.Infrastructure.ResourceInvoker.<InvokeAsync>g__Logged|17_1(ResourceInvoker invoker)
   at Microsoft.AspNetCore.Mvc.Infrastructure.ResourceInvoker.<InvokeAsync>g__Logged|17_1(ResourceInvoker invoker)
   at Microsoft.AspNetCore.Routing.EndpointMiddleware.<Invoke>g__AwaitRequestTask|7_0(Endpoint endpoint, Task requestTask, ILogger logger)
   at Microsoft.AspNetCore.Authorization.AuthorizationMiddleware.Invoke(HttpContext context)
   at Microsoft.AspNetCore.Authentication.AuthenticationMiddleware.Invoke(HttpContext context)
   at Swashbuckle.AspNetCore.SwaggerUI.SwaggerUIMiddleware.Invoke(HttpContext httpContext)
   at Swashbuckle.AspNetCore.Swagger.SwaggerMiddleware.Invoke(HttpContext httpContext, ISwaggerProvider swaggerProvider)
   at CMS.API.Middleware.TenantMiddleware.InvokeAsync(HttpContext context) in C:\Users\ASUS\source\repos\CMS\src\CMS.API\Middleware\Middlewares.cs:line 26
   at CMS.API.Middleware.ExceptionMiddleware.InvokeAsync(HttpContext context) in C:\Users\ASUS\source\repos\CMS\src\CMS.API\Middleware\Middlewares.cs:line 45
2026-09-16 10:33:13.389 +03:00 [INF] Executing OkObjectResult, writing value of type 'CMS.Shared.DTOs.ApiResponse`1[[System.Collections.Generic.List`1[[CMS.Shared.DTOs.InvoiceDto, CMS.Shared, Version=1.0.0.0, Culture=neutral, PublicKeyToken=null]], System.Private.CoreLib, Version=8.0.0.0, Culture=neutral, PublicKeyToken=7cec85d7bea7798e]]'.
2026-09-16 10:33:13.403 +03:00 [INF] Request finished HTTP/1.1 GET http://localhost:5010/api/v1/appointments/doctor/1 - 500 null application/json 143.8726ms
2026-09-16 10:33:13.406 +03:00 [INF] Executed action CMS.API.Controllers.BillingController.GetInvoices (CMS.API) in 25.2296ms
2026-09-16 10:33:13.419 +03:00 [INF] Executed endpoint 'CMS.API.Controllers.BillingController.GetInvoices (CMS.API)'
2026-09-16 10:33:13.421 +03:00 [INF] Request finished HTTP/1.1 GET http://localhost:5010/api/v1/billing/invoices - 200 null application/json; charset=utf-8 125.8564ms
2026-09-16 10:33:16.624 +03:00 [INF] Request starting HTTP/1.1 GET http://localhost:5010/api/v1/telemed/sessions - application/json null
2026-09-16 10:33:16.648 +03:00 [INF] Failed to validate the token.
Microsoft.IdentityModel.Tokens.SecurityTokenSignatureKeyNotFoundException: IDX10517: Signature validation failed. The token's kid is missing. Keys tried: 'Microsoft.IdentityModel.Tokens.SymmetricSecurityKey, KeyId: '', InternalId: 'VNGqhB7kZ75afXrNakqPyb1WYggzQUo6Cgi8Kx2i7Zs'. , KeyId: 
'. Number of keys in TokenValidationParameters: '1'. 
Number of keys in Configuration: '0'. 
Exceptions caught:
 '[PII of type 'System.Text.StringBuilder' is hidden. For more details, see https://aka.ms/IdentityModel/PII.]'.
token: '[PII of type 'Microsoft.IdentityModel.JsonWebTokens.JsonWebToken' is hidden. For more details, see https://aka.ms/IdentityModel/PII.]'. See https://aka.ms/IDX10503 for details.
   at Microsoft.IdentityModel.JsonWebTokens.JsonWebTokenHandler.ValidateSignature(JsonWebToken jwtToken, TokenValidationParameters validationParameters, BaseConfiguration configuration)
   at Microsoft.IdentityModel.JsonWebTokens.JsonWebTokenHandler.ValidateSignatureAndIssuerSecurityKey(JsonWebToken jsonWebToken, TokenValidationParameters validationParameters, BaseConfiguration configuration)
   at Microsoft.IdentityModel.JsonWebTokens.JsonWebTokenHandler.ValidateJWSAsync(JsonWebToken jsonWebToken, TokenValidationParameters validationParameters, BaseConfiguration configuration)
2026-09-16 10:33:16.667 +03:00 [INF] Bearer was not authenticated. Failure message: IDX10517: Signature validation failed. The token's kid is missing. Keys tried: 'Microsoft.IdentityModel.Tokens.SymmetricSecurityKey, KeyId: '', InternalId: 'VNGqhB7kZ75afXrNakqPyb1WYggzQUo6Cgi8Kx2i7Zs'. , KeyId: 
'. Number of keys in TokenValidationParameters: '1'. 
Number of keys in Configuration: '0'. 
Exceptions caught:
 '[PII of type 'System.Text.StringBuilder' is hidden. For more details, see https://aka.ms/IdentityModel/PII.]'.
token: '[PII of type 'Microsoft.IdentityModel.JsonWebTokens.JsonWebToken' is hidden. For more details, see https://aka.ms/IdentityModel/PII.]'. See https://aka.ms/IDX10503 for details.
2026-09-16 10:33:16.672 +03:00 [INF] Executing endpoint 'CMS.API.Controllers.TelemedController.GetSessions (CMS.API)'
2026-09-16 10:33:16.676 +03:00 [INF] Route matched with {action = "GetSessions", controller = "Telemed"}. Executing controller action with signature System.Threading.Tasks.Task`1[Microsoft.AspNetCore.Mvc.IActionResult] GetSessions(System.Nullable`1[System.Int32]) on controller CMS.API.Controllers.TelemedController (CMS.API).
2026-09-16 10:33:19.309 +03:00 [INF] Executing OkObjectResult, writing value of type 'CMS.Shared.DTOs.ApiResponse`1[[System.Collections.Generic.IEnumerable`1[[CMS.Shared.DTOs.TelemedSessionSummaryDto, CMS.Shared, Version=1.0.0.0, Culture=neutral, PublicKeyToken=null]], System.Private.CoreLib, Version=8.0.0.0, Culture=neutral, PublicKeyToken=7cec85d7bea7798e]]'.
2026-09-16 10:33:19.315 +03:00 [INF] Executed action CMS.API.Controllers.TelemedController.GetSessions (CMS.API) in 2626.2691ms
2026-09-16 10:33:19.320 +03:00 [INF] Executed endpoint 'CMS.API.Controllers.TelemedController.GetSessions (CMS.API)'
2026-09-16 10:33:19.325 +03:00 [INF] Request finished HTTP/1.1 GET http://localhost:5010/api/v1/telemed/sessions - 200 null application/json; charset=utf-8 2700.3019ms
2026-09-16 10:33:19.325 +03:00 [INF] Request starting HTTP/1.1 GET http://localhost:5010/api/v1/telemed/sessions - application/json null
2026-09-16 10:33:19.348 +03:00 [INF] Failed to validate the token.
Microsoft.IdentityModel.Tokens.SecurityTokenSignatureKeyNotFoundException: IDX10517: Signature validation failed. The token's kid is missing. Keys tried: 'Microsoft.IdentityModel.Tokens.SymmetricSecurityKey, KeyId: '', InternalId: 'VNGqhB7kZ75afXrNakqPyb1WYggzQUo6Cgi8Kx2i7Zs'. , KeyId: 
'. Number of keys in TokenValidationParameters: '1'. 
Number of keys in Configuration: '0'. 
Exceptions caught:
 '[PII of type 'System.Text.StringBuilder' is hidden. For more details, see https://aka.ms/IdentityModel/PII.]'.
token: '[PII of type 'Microsoft.IdentityModel.JsonWebTokens.JsonWebToken' is hidden. For more details, see https://aka.ms/IdentityModel/PII.]'. See https://aka.ms/IDX10503 for details.
   at Microsoft.IdentityModel.JsonWebTokens.JsonWebTokenHandler.ValidateSignature(JsonWebToken jwtToken, TokenValidationParameters validationParameters, BaseConfiguration configuration)
   at Microsoft.IdentityModel.JsonWebTokens.JsonWebTokenHandler.ValidateSignatureAndIssuerSecurityKey(JsonWebToken jsonWebToken, TokenValidationParameters validationParameters, BaseConfiguration configuration)
   at Microsoft.IdentityModel.JsonWebTokens.JsonWebTokenHandler.ValidateJWSAsync(JsonWebToken jsonWebToken, TokenValidationParameters validationParameters, BaseConfiguration configuration)
2026-09-16 10:33:19.357 +03:00 [INF] Bearer was not authenticated. Failure message: IDX10517: Signature validation failed. The token's kid is missing. Keys tried: 'Microsoft.IdentityModel.Tokens.SymmetricSecurityKey, KeyId: '', InternalId: 'VNGqhB7kZ75afXrNakqPyb1WYggzQUo6Cgi8Kx2i7Zs'. , KeyId: 
'. Number of keys in TokenValidationParameters: '1'. 
Number of keys in Configuration: '0'. 
Exceptions caught:
 '[PII of type 'System.Text.StringBuilder' is hidden. For more details, see https://aka.ms/IdentityModel/PII.]'.
token: '[PII of type 'Microsoft.IdentityModel.JsonWebTokens.JsonWebToken' is hidden. For more details, see https://aka.ms/IdentityModel/PII.]'. See https://aka.ms/IDX10503 for details.
2026-09-16 10:33:19.362 +03:00 [INF] Executing endpoint 'CMS.API.Controllers.TelemedController.GetSessions (CMS.API)'
2026-09-16 10:33:19.367 +03:00 [INF] Route matched with {action = "GetSessions", controller = "Telemed"}. Executing controller action with signature System.Threading.Tasks.Task`1[Microsoft.AspNetCore.Mvc.IActionResult] GetSessions(System.Nullable`1[System.Int32]) on controller CMS.API.Controllers.TelemedController (CMS.API).
2026-09-16 10:33:19.376 +03:00 [INF] Executing OkObjectResult, writing value of type 'CMS.Shared.DTOs.ApiResponse`1[[System.Collections.Generic.IEnumerable`1[[CMS.Shared.DTOs.TelemedSessionSummaryDto, CMS.Shared, Version=1.0.0.0, Culture=neutral, PublicKeyToken=null]], System.Private.CoreLib, Version=8.0.0.0, Culture=neutral, PublicKeyToken=7cec85d7bea7798e]]'.
2026-09-16 10:33:19.382 +03:00 [INF] Executed action CMS.API.Controllers.TelemedController.GetSessions (CMS.API) in 8.5788ms
2026-09-16 10:33:19.389 +03:00 [INF] Executed endpoint 'CMS.API.Controllers.TelemedController.GetSessions (CMS.API)'
2026-09-16 10:33:19.394 +03:00 [INF] Request finished HTTP/1.1 GET http://localhost:5010/api/v1/telemed/sessions - 200 null application/json; charset=utf-8 68.7971ms
2026-09-16 10:33:24.534 +03:00 [INF] Request starting HTTP/1.1 GET http://localhost:5010/api/v1/notifications - application/json null
2026-09-16 10:33:24.544 +03:00 [INF] Failed to validate the token.
Microsoft.IdentityModel.Tokens.SecurityTokenSignatureKeyNotFoundException: IDX10517: Signature validation failed. The token's kid is missing. Keys tried: 'Microsoft.IdentityModel.Tokens.SymmetricSecurityKey, KeyId: '', InternalId: 'VNGqhB7kZ75afXrNakqPyb1WYggzQUo6Cgi8Kx2i7Zs'. , KeyId: 
'. Number of keys in TokenValidationParameters: '1'. 
Number of keys in Configuration: '0'. 
Exceptions caught:
 '[PII of type 'System.Text.StringBuilder' is hidden. For more details, see https://aka.ms/IdentityModel/PII.]'.
token: '[PII of type 'Microsoft.IdentityModel.JsonWebTokens.JsonWebToken' is hidden. For more details, see https://aka.ms/IdentityModel/PII.]'. See https://aka.ms/IDX10503 for details.
   at Microsoft.IdentityModel.JsonWebTokens.JsonWebTokenHandler.ValidateSignature(JsonWebToken jwtToken, TokenValidationParameters validationParameters, BaseConfiguration configuration)
   at Microsoft.IdentityModel.JsonWebTokens.JsonWebTokenHandler.ValidateSignatureAndIssuerSecurityKey(JsonWebToken jsonWebToken, TokenValidationParameters validationParameters, BaseConfiguration configuration)
   at Microsoft.IdentityModel.JsonWebTokens.JsonWebTokenHandler.ValidateJWSAsync(JsonWebToken jsonWebToken, TokenValidationParameters validationParameters, BaseConfiguration configuration)
2026-09-16 10:33:24.553 +03:00 [INF] Bearer was not authenticated. Failure message: IDX10517: Signature validation failed. The token's kid is missing. Keys tried: 'Microsoft.IdentityModel.Tokens.SymmetricSecurityKey, KeyId: '', InternalId: 'VNGqhB7kZ75afXrNakqPyb1WYggzQUo6Cgi8Kx2i7Zs'. , KeyId: 
'. Number of keys in TokenValidationParameters: '1'. 
Number of keys in Configuration: '0'. 
Exceptions caught:
 '[PII of type 'System.Text.StringBuilder' is hidden. For more details, see https://aka.ms/IdentityModel/PII.]'.
token: '[PII of type 'Microsoft.IdentityModel.JsonWebTokens.JsonWebToken' is hidden. For more details, see https://aka.ms/IdentityModel/PII.]'. See https://aka.ms/IDX10503 for details.
2026-09-16 10:33:24.557 +03:00 [INF] Executing endpoint 'CMS.API.Controllers.NotificationsController.GetNotifications (CMS.API)'
2026-09-16 10:33:24.560 +03:00 [INF] Route matched with {action = "GetNotifications", controller = "Notifications"}. Executing controller action with signature System.Threading.Tasks.Task`1[Microsoft.AspNetCore.Mvc.IActionResult] GetNotifications(System.Nullable`1[System.Int32], System.String) on controller CMS.API.Controllers.NotificationsController (CMS.API).
2026-09-16 10:33:24.579 +03:00 [INF] Executing OkObjectResult, writing value of type 'CMS.Shared.DTOs.ApiResponse`1[[System.Collections.Generic.List`1[[CMS.Shared.DTOs.NotificationItemDto, CMS.Shared, Version=1.0.0.0, Culture=neutral, PublicKeyToken=null]], System.Private.CoreLib, Version=8.0.0.0, Culture=neutral, PublicKeyToken=7cec85d7bea7798e]]'.
2026-09-16 10:33:24.585 +03:00 [INF] Executed action CMS.API.Controllers.NotificationsController.GetNotifications (CMS.API) in 19.2637ms
2026-09-16 10:33:24.591 +03:00 [INF] Executed endpoint 'CMS.API.Controllers.NotificationsController.GetNotifications (CMS.API)'
2026-09-16 10:33:24.594 +03:00 [INF] Request finished HTTP/1.1 GET http://localhost:5010/api/v1/notifications - 200 null application/json; charset=utf-8 60.0818ms
2026-09-16 10:33:31.634 +03:00 [INF] Request starting HTTP/1.1 GET http://localhost:5010/api/v1/telemed/sessions - application/json null
2026-09-16 10:33:31.646 +03:00 [INF] Failed to validate the token.
Microsoft.IdentityModel.Tokens.SecurityTokenSignatureKeyNotFoundException: IDX10517: Signature validation failed. The token's kid is missing. Keys tried: 'Microsoft.IdentityModel.Tokens.SymmetricSecurityKey, KeyId: '', InternalId: 'VNGqhB7kZ75afXrNakqPyb1WYggzQUo6Cgi8Kx2i7Zs'. , KeyId: 
'. Number of keys in TokenValidationParameters: '1'. 
Number of keys in Configuration: '0'. 
Exceptions caught:
 '[PII of type 'System.Text.StringBuilder' is hidden. For more details, see https://aka.ms/IdentityModel/PII.]'.
token: '[PII of type 'Microsoft.IdentityModel.JsonWebTokens.JsonWebToken' is hidden. For more details, see https://aka.ms/IdentityModel/PII.]'. See https://aka.ms/IDX10503 for details.
   at Microsoft.IdentityModel.JsonWebTokens.JsonWebTokenHandler.ValidateSignature(JsonWebToken jwtToken, TokenValidationParameters validationParameters, BaseConfiguration configuration)
   at Microsoft.IdentityModel.JsonWebTokens.JsonWebTokenHandler.ValidateSignatureAndIssuerSecurityKey(JsonWebToken jsonWebToken, TokenValidationParameters validationParameters, BaseConfiguration configuration)
   at Microsoft.IdentityModel.JsonWebTokens.JsonWebTokenHandler.ValidateJWSAsync(JsonWebToken jsonWebToken, TokenValidationParameters validationParameters, BaseConfiguration configuration)
2026-09-16 10:33:31.660 +03:00 [INF] Bearer was not authenticated. Failure message: IDX10517: Signature validation failed. The token's kid is missing. Keys tried: 'Microsoft.IdentityModel.Tokens.SymmetricSecurityKey, KeyId: '', InternalId: 'VNGqhB7kZ75afXrNakqPyb1WYggzQUo6Cgi8Kx2i7Zs'. , KeyId: 
'. Number of keys in TokenValidationParameters: '1'. 
Number of keys in Configuration: '0'. 
Exceptions caught:
 '[PII of type 'System.Text.StringBuilder' is hidden. For more details, see https://aka.ms/IdentityModel/PII.]'.
token: '[PII of type 'Microsoft.IdentityModel.JsonWebTokens.JsonWebToken' is hidden. For more details, see https://aka.ms/IdentityModel/PII.]'. See https://aka.ms/IDX10503 for details.
2026-09-16 10:33:31.665 +03:00 [INF] Executing endpoint 'CMS.API.Controllers.TelemedController.GetSessions (CMS.API)'
2026-09-16 10:33:31.669 +03:00 [INF] Route matched with {action = "GetSessions", controller = "Telemed"}. Executing controller action with signature System.Threading.Tasks.Task`1[Microsoft.AspNetCore.Mvc.IActionResult] GetSessions(System.Nullable`1[System.Int32]) on controller CMS.API.Controllers.TelemedController (CMS.API).
2026-09-16 10:33:31.683 +03:00 [INF] Executing OkObjectResult, writing value of type 'CMS.Shared.DTOs.ApiResponse`1[[System.Collections.Generic.IEnumerable`1[[CMS.Shared.DTOs.TelemedSessionSummaryDto, CMS.Shared, Version=1.0.0.0, Culture=neutral, PublicKeyToken=null]], System.Private.CoreLib, Version=8.0.0.0, Culture=neutral, PublicKeyToken=7cec85d7bea7798e]]'.
2026-09-16 10:33:31.695 +03:00 [INF] Executed action CMS.API.Controllers.TelemedController.GetSessions (CMS.API) in 15.4655ms
2026-09-16 10:33:31.707 +03:00 [INF] Executed endpoint 'CMS.API.Controllers.TelemedController.GetSessions (CMS.API)'
2026-09-16 10:33:31.712 +03:00 [INF] Request finished HTTP/1.1 GET http://localhost:5010/api/v1/telemed/sessions - 200 null application/json; charset=utf-8 78.0167ms
2026-09-16 10:33:39.542 +03:00 [INF] Request starting HTTP/1.1 GET http://localhost:5010/api/v1/notifications - application/json null
2026-09-16 10:33:39.552 +03:00 [INF] Failed to validate the token.
Microsoft.IdentityModel.Tokens.SecurityTokenSignatureKeyNotFoundException: IDX10517: Signature validation failed. The token's kid is missing. Keys tried: 'Microsoft.IdentityModel.Tokens.SymmetricSecurityKey, KeyId: '', InternalId: 'VNGqhB7kZ75afXrNakqPyb1WYggzQUo6Cgi8Kx2i7Zs'. , KeyId: 
'. Number of keys in TokenValidationParameters: '1'. 
Number of keys in Configuration: '0'. 
Exceptions caught:
 '[PII of type 'System.Text.StringBuilder' is hidden. For more details, see https://aka.ms/IdentityModel/PII.]'.
token: '[PII of type 'Microsoft.IdentityModel.JsonWebTokens.JsonWebToken' is hidden. For more details, see https://aka.ms/IdentityModel/PII.]'. See https://aka.ms/IDX10503 for details.
   at Microsoft.IdentityModel.JsonWebTokens.JsonWebTokenHandler.ValidateSignature(JsonWebToken jwtToken, TokenValidationParameters validationParameters, BaseConfiguration configuration)
   at Microsoft.IdentityModel.JsonWebTokens.JsonWebTokenHandler.ValidateSignatureAndIssuerSecurityKey(JsonWebToken jsonWebToken, TokenValidationParameters validationParameters, BaseConfiguration configuration)
   at Microsoft.IdentityModel.JsonWebTokens.JsonWebTokenHandler.ValidateJWSAsync(JsonWebToken jsonWebToken, TokenValidationParameters validationParameters, BaseConfiguration configuration)
2026-09-16 10:33:39.561 +03:00 [INF] Bearer was not authenticated. Failure message: IDX10517: Signature validation failed. The token's kid is missing. Keys tried: 'Microsoft.IdentityModel.Tokens.SymmetricSecurityKey, KeyId: '', InternalId: 'VNGqhB7kZ75afXrNakqPyb1WYggzQUo6Cgi8Kx2i7Zs'. , KeyId: 
'. Number of keys in TokenValidationParameters: '1'. 
Number of keys in Configuration: '0'. 
Exceptions caught:
 '[PII of type 'System.Text.StringBuilder' is hidden. For more details, see https://aka.ms/IdentityModel/PII.]'.
token: '[PII of type 'Microsoft.IdentityModel.JsonWebTokens.JsonWebToken' is hidden. For more details, see https://aka.ms/IdentityModel/PII.]'. See https://aka.ms/IDX10503 for details.
2026-09-16 10:33:39.565 +03:00 [INF] Executing endpoint 'CMS.API.Controllers.NotificationsController.GetNotifications (CMS.API)'
2026-09-16 10:33:39.572 +03:00 [INF] Route matched with {action = "GetNotifications", controller = "Notifications"}. Executing controller action with signature System.Threading.Tasks.Task`1[Microsoft.AspNetCore.Mvc.IActionResult] GetNotifications(System.Nullable`1[System.Int32], System.String) on controller CMS.API.Controllers.NotificationsController (CMS.API).
2026-09-16 10:33:39.588 +03:00 [INF] Executing OkObjectResult, writing value of type 'CMS.Shared.DTOs.ApiResponse`1[[System.Collections.Generic.List`1[[CMS.Shared.DTOs.NotificationItemDto, CMS.Shared, Version=1.0.0.0, Culture=neutral, PublicKeyToken=null]], System.Private.CoreLib, Version=8.0.0.0, Culture=neutral, PublicKeyToken=7cec85d7bea7798e]]'.
2026-09-16 10:33:39.594 +03:00 [INF] Executed action CMS.API.Controllers.NotificationsController.GetNotifications (CMS.API) in 10.9992ms
2026-09-16 10:33:39.599 +03:00 [INF] Executed endpoint 'CMS.API.Controllers.NotificationsController.GetNotifications (CMS.API)'
2026-09-16 10:33:39.603 +03:00 [INF] Request finished HTTP/1.1 GET http://localhost:5010/api/v1/notifications - 200 null application/json; charset=utf-8 60.622ms
2026-09-16 10:33:46.634 +03:00 [INF] Request starting HTTP/1.1 GET http://localhost:5010/api/v1/telemed/sessions - application/json null
2026-09-16 10:33:46.645 +03:00 [INF] Failed to validate the token.
Microsoft.IdentityModel.Tokens.SecurityTokenSignatureKeyNotFoundException: IDX10517: Signature validation failed. The token's kid is missing. Keys tried: 'Microsoft.IdentityModel.Tokens.SymmetricSecurityKey, KeyId: '', InternalId: 'VNGqhB7kZ75afXrNakqPyb1WYggzQUo6Cgi8Kx2i7Zs'. , KeyId: 
'. Number of keys in TokenValidationParameters: '1'. 
Number of keys in Configuration: '0'. 
Exceptions caught:
 '[PII of type 'System.Text.StringBuilder' is hidden. For more details, see https://aka.ms/IdentityModel/PII.]'.
token: '[PII of type 'Microsoft.IdentityModel.JsonWebTokens.JsonWebToken' is hidden. For more details, see https://aka.ms/IdentityModel/PII.]'. See https://aka.ms/IDX10503 for details.
   at Microsoft.IdentityModel.JsonWebTokens.JsonWebTokenHandler.ValidateSignature(JsonWebToken jwtToken, TokenValidationParameters validationParameters, BaseConfiguration configuration)
   at Microsoft.IdentityModel.JsonWebTokens.JsonWebTokenHandler.ValidateSignatureAndIssuerSecurityKey(JsonWebToken jsonWebToken, TokenValidationParameters validationParameters, BaseConfiguration configuration)
   at Microsoft.IdentityModel.JsonWebTokens.JsonWebTokenHandler.ValidateJWSAsync(JsonWebToken jsonWebToken, TokenValidationParameters validationParameters, BaseConfiguration configuration)
2026-09-16 10:33:46.657 +03:00 [INF] Bearer was not authenticated. Failure message: IDX10517: Signature validation failed. The token's kid is missing. Keys tried: 'Microsoft.IdentityModel.Tokens.SymmetricSecurityKey, KeyId: '', InternalId: 'VNGqhB7kZ75afXrNakqPyb1WYggzQUo6Cgi8Kx2i7Zs'. , KeyId: 
'. Number of keys in TokenValidationParameters: '1'. 
Number of keys in Configuration: '0'. 
Exceptions caught:
 '[PII of type 'System.Text.StringBuilder' is hidden. For more details, see https://aka.ms/IdentityModel/PII.]'.
token: '[PII of type 'Microsoft.IdentityModel.JsonWebTokens.JsonWebToken' is hidden. For more details, see https://aka.ms/IdentityModel/PII.]'. See https://aka.ms/IDX10503 for details.
2026-09-16 10:33:46.662 +03:00 [INF] Executing endpoint 'CMS.API.Controllers.TelemedController.GetSessions (CMS.API)'
2026-09-16 10:33:46.667 +03:00 [INF] Route matched with {action = "GetSessions", controller = "Telemed"}. Executing controller action with signature System.Threading.Tasks.Task`1[Microsoft.AspNetCore.Mvc.IActionResult] GetSessions(System.Nullable`1[System.Int32]) on controller CMS.API.Controllers.TelemedController (CMS.API).
2026-09-16 10:33:46.676 +03:00 [INF] Executing OkObjectResult, writing value of type 'CMS.Shared.DTOs.ApiResponse`1[[System.Collections.Generic.IEnumerable`1[[CMS.Shared.DTOs.TelemedSessionSummaryDto, CMS.Shared, Version=1.0.0.0, Culture=neutral, PublicKeyToken=null]], System.Private.CoreLib, Version=8.0.0.0, Culture=neutral, PublicKeyToken=7cec85d7bea7798e]]'.
2026-09-16 10:33:46.682 +03:00 [INF] Executed action CMS.API.Controllers.TelemedController.GetSessions (CMS.API) in 7.8386ms
2026-09-16 10:33:46.688 +03:00 [INF] Executed endpoint 'CMS.API.Controllers.TelemedController.GetSessions (CMS.API)'
2026-09-16 10:33:46.692 +03:00 [INF] Request finished HTTP/1.1 GET http://localhost:5010/api/v1/telemed/sessions - 200 null application/json; charset=utf-8 58.7524ms
2026-09-16 10:33:54.537 +03:00 [INF] Request starting HTTP/1.1 GET http://localhost:5010/api/v1/notifications - application/json null
2026-09-16 10:33:54.548 +03:00 [INF] Failed to validate the token.
Microsoft.IdentityModel.Tokens.SecurityTokenSignatureKeyNotFoundException: IDX10517: Signature validation failed. The token's kid is missing. Keys tried: 'Microsoft.IdentityModel.Tokens.SymmetricSecurityKey, KeyId: '', InternalId: 'VNGqhB7kZ75afXrNakqPyb1WYggzQUo6Cgi8Kx2i7Zs'. , KeyId: 
'. Number of keys in TokenValidationParameters: '1'. 
Number of keys in Configuration: '0'. 
Exceptions caught:
 '[PII of type 'System.Text.StringBuilder' is hidden. For more details, see https://aka.ms/IdentityModel/PII.]'.
token: '[PII of type 'Microsoft.IdentityModel.JsonWebTokens.JsonWebToken' is hidden. For more details, see https://aka.ms/IdentityModel/PII.]'. See https://aka.ms/IDX10503 for details.
   at Microsoft.IdentityModel.JsonWebTokens.JsonWebTokenHandler.ValidateSignature(JsonWebToken jwtToken, TokenValidationParameters validationParameters, BaseConfiguration configuration)
   at Microsoft.IdentityModel.JsonWebTokens.JsonWebTokenHandler.ValidateSignatureAndIssuerSecurityKey(JsonWebToken jsonWebToken, TokenValidationParameters validationParameters, BaseConfiguration configuration)
   at Microsoft.IdentityModel.JsonWebTokens.JsonWebTokenHandler.ValidateJWSAsync(JsonWebToken jsonWebToken, TokenValidationParameters validationParameters, BaseConfiguration configuration)
2026-09-16 10:33:54.557 +03:00 [INF] Bearer was not authenticated. Failure message: IDX10517: Signature validation failed. The token's kid is missing. Keys tried: 'Microsoft.IdentityModel.Tokens.SymmetricSecurityKey, KeyId: '', InternalId: 'VNGqhB7kZ75afXrNakqPyb1WYggzQUo6Cgi8Kx2i7Zs'. , KeyId: 
'. Number of keys in TokenValidationParameters: '1'. 
Number of keys in Configuration: '0'. 
Exceptions caught:
 '[PII of type 'System.Text.StringBuilder' is hidden. For more details, see https://aka.ms/IdentityModel/PII.]'.
token: '[PII of type 'Microsoft.IdentityModel.JsonWebTokens.JsonWebToken' is hidden. For more details, see https://aka.ms/IdentityModel/PII.]'. See https://aka.ms/IDX10503 for details.
2026-09-16 10:33:54.560 +03:00 [INF] Executing endpoint 'CMS.API.Controllers.NotificationsController.GetNotifications (CMS.API)'
2026-09-16 10:33:54.564 +03:00 [INF] Route matched with {action = "GetNotifications", controller = "Notifications"}. Executing controller action with signature System.Threading.Tasks.Task`1[Microsoft.AspNetCore.Mvc.IActionResult] GetNotifications(System.Nullable`1[System.Int32], System.String) on controller CMS.API.Controllers.NotificationsController (CMS.API).
2026-09-16 10:33:54.575 +03:00 [INF] Executing OkObjectResult, writing value of type 'CMS.Shared.DTOs.ApiResponse`1[[System.Collections.Generic.List`1[[CMS.Shared.DTOs.NotificationItemDto, CMS.Shared, Version=1.0.0.0, Culture=neutral, PublicKeyToken=null]], System.Private.CoreLib, Version=8.0.0.0, Culture=neutral, PublicKeyToken=7cec85d7bea7798e]]'.
2026-09-16 10:33:54.580 +03:00 [INF] Executed action CMS.API.Controllers.NotificationsController.GetNotifications (CMS.API) in 10.1514ms
2026-09-16 10:33:54.585 +03:00 [INF] Executed endpoint 'CMS.API.Controllers.NotificationsController.GetNotifications (CMS.API)'
2026-09-16 10:33:54.589 +03:00 [INF] Request finished HTTP/1.1 GET http://localhost:5010/api/v1/notifications - 200 null application/json; charset=utf-8 51.5174ms
2026-09-16 10:33:56.699 +03:00 [INF] Request starting HTTP/1.1 GET http://localhost:5010/api/v1/notifications - application/json null
2026-09-16 10:33:56.709 +03:00 [INF] Failed to validate the token.
Microsoft.IdentityModel.Tokens.SecurityTokenSignatureKeyNotFoundException: IDX10517: Signature validation failed. The token's kid is missing. Keys tried: 'Microsoft.IdentityModel.Tokens.SymmetricSecurityKey, KeyId: '', InternalId: 'VNGqhB7kZ75afXrNakqPyb1WYggzQUo6Cgi8Kx2i7Zs'. , KeyId: 
'. Number of keys in TokenValidationParameters: '1'. 
Number of keys in Configuration: '0'. 
Exceptions caught:
 '[PII of type 'System.Text.StringBuilder' is hidden. For more details, see https://aka.ms/IdentityModel/PII.]'.
token: '[PII of type 'Microsoft.IdentityModel.JsonWebTokens.JsonWebToken' is hidden. For more details, see https://aka.ms/IdentityModel/PII.]'. See https://aka.ms/IDX10503 for details.
   at Microsoft.IdentityModel.JsonWebTokens.JsonWebTokenHandler.ValidateSignature(JsonWebToken jwtToken, TokenValidationParameters validationParameters, BaseConfiguration configuration)
   at Microsoft.IdentityModel.JsonWebTokens.JsonWebTokenHandler.ValidateSignatureAndIssuerSecurityKey(JsonWebToken jsonWebToken, TokenValidationParameters validationParameters, BaseConfiguration configuration)
   at Microsoft.IdentityModel.JsonWebTokens.JsonWebTokenHandler.ValidateJWSAsync(JsonWebToken jsonWebToken, TokenValidationParameters validationParameters, BaseConfiguration configuration)
2026-09-16 10:33:56.717 +03:00 [INF] Bearer was not authenticated. Failure message: IDX10517: Signature validation failed. The token's kid is missing. Keys tried: 'Microsoft.IdentityModel.Tokens.SymmetricSecurityKey, KeyId: '', InternalId: 'VNGqhB7kZ75afXrNakqPyb1WYggzQUo6Cgi8Kx2i7Zs'. , KeyId: 
'. Number of keys in TokenValidationParameters: '1'. 
Number of keys in Configuration: '0'. 
Exceptions caught:
 '[PII of type 'System.Text.StringBuilder' is hidden. For more details, see https://aka.ms/IdentityModel/PII.]'.
token: '[PII of type 'Microsoft.IdentityModel.JsonWebTokens.JsonWebToken' is hidden. For more details, see https://aka.ms/IdentityModel/PII.]'. See https://aka.ms/IDX10503 for details.
2026-09-16 10:33:56.722 +03:00 [INF] Executing endpoint 'CMS.API.Controllers.NotificationsController.GetNotifications (CMS.API)'
2026-09-16 10:33:56.726 +03:00 [INF] Route matched with {action = "GetNotifications", controller = "Notifications"}. Executing controller action with signature System.Threading.Tasks.Task`1[Microsoft.AspNetCore.Mvc.IActionResult] GetNotifications(System.Nullable`1[System.Int32], System.String) on controller CMS.API.Controllers.NotificationsController (CMS.API).
2026-09-16 10:33:56.740 +03:00 [INF] Executing OkObjectResult, writing value of type 'CMS.Shared.DTOs.ApiResponse`1[[System.Collections.Generic.List`1[[CMS.Shared.DTOs.NotificationItemDto, CMS.Shared, Version=1.0.0.0, Culture=neutral, PublicKeyToken=null]], System.Private.CoreLib, Version=8.0.0.0, Culture=neutral, PublicKeyToken=7cec85d7bea7798e]]'.
2026-09-16 10:33:56.746 +03:00 [INF] Executed action CMS.API.Controllers.NotificationsController.GetNotifications (CMS.API) in 11.3564ms
2026-09-16 10:33:56.752 +03:00 [INF] Executed endpoint 'CMS.API.Controllers.NotificationsController.GetNotifications (CMS.API)'
2026-09-16 10:33:56.755 +03:00 [INF] Request finished HTTP/1.1 GET http://localhost:5010/api/v1/notifications - 200 null application/json; charset=utf-8 55.7197ms
2026-09-16 10:34:01.630 +03:00 [INF] Request starting HTTP/1.1 GET http://localhost:5010/api/v1/telemed/sessions - application/json null
2026-09-16 10:34:01.647 +03:00 [INF] Failed to validate the token.
Microsoft.IdentityModel.Tokens.SecurityTokenSignatureKeyNotFoundException: IDX10517: Signature validation failed. The token's kid is missing. Keys tried: 'Microsoft.IdentityModel.Tokens.SymmetricSecurityKey, KeyId: '', InternalId: 'VNGqhB7kZ75afXrNakqPyb1WYggzQUo6Cgi8Kx2i7Zs'. , KeyId: 
'. Number of keys in TokenValidationParameters: '1'. 
Number of keys in Configuration: '0'. 
Exceptions caught:
 '[PII of type 'System.Text.StringBuilder' is hidden. For more details, see https://aka.ms/IdentityModel/PII.]'.
token: '[PII of type 'Microsoft.IdentityModel.JsonWebTokens.JsonWebToken' is hidden. For more details, see https://aka.ms/IdentityModel/PII.]'. See https://aka.ms/IDX10503 for details.
   at Microsoft.IdentityModel.JsonWebTokens.JsonWebTokenHandler.ValidateSignature(JsonWebToken jwtToken, TokenValidationParameters validationParameters, BaseConfiguration configuration)
   at Microsoft.IdentityModel.JsonWebTokens.JsonWebTokenHandler.ValidateSignatureAndIssuerSecurityKey(JsonWebToken jsonWebToken, TokenValidationParameters validationParameters, BaseConfiguration configuration)
   at Microsoft.IdentityModel.JsonWebTokens.JsonWebTokenHandler.ValidateJWSAsync(JsonWebToken jsonWebToken, TokenValidationParameters validationParameters, BaseConfiguration configuration)
2026-09-16 10:34:01.660 +03:00 [INF] Bearer was not authenticated. Failure message: IDX10517: Signature validation failed. The token's kid is missing. Keys tried: 'Microsoft.IdentityModel.Tokens.SymmetricSecurityKey, KeyId: '', InternalId: 'VNGqhB7kZ75afXrNakqPyb1WYggzQUo6Cgi8Kx2i7Zs'. , KeyId: 
'. Number of keys in TokenValidationParameters: '1'. 
Number of keys in Configuration: '0'. 
Exceptions caught:
 '[PII of type 'System.Text.StringBuilder' is hidden. For more details, see https://aka.ms/IdentityModel/PII.]'.
token: '[PII of type 'Microsoft.IdentityModel.JsonWebTokens.JsonWebToken' is hidden. For more details, see https://aka.ms/IdentityModel/PII.]'. See https://aka.ms/IDX10503 for details.
2026-09-16 10:34:01.664 +03:00 [INF] Executing endpoint 'CMS.API.Controllers.TelemedController.GetSessions (CMS.API)'
2026-09-16 10:34:01.668 +03:00 [INF] Route matched with {action = "GetSessions", controller = "Telemed"}. Executing controller action with signature System.Threading.Tasks.Task`1[Microsoft.AspNetCore.Mvc.IActionResult] GetSessions(System.Nullable`1[System.Int32]) on controller CMS.API.Controllers.TelemedController (CMS.API).
2026-09-16 10:34:01.675 +03:00 [INF] Executing OkObjectResult, writing value of type 'CMS.Shared.DTOs.ApiResponse`1[[System.Collections.Generic.IEnumerable`1[[CMS.Shared.DTOs.TelemedSessionSummaryDto, CMS.Shared, Version=1.0.0.0, Culture=neutral, PublicKeyToken=null]], System.Private.CoreLib, Version=8.0.0.0, Culture=neutral, PublicKeyToken=7cec85d7bea7798e]]'.
2026-09-16 10:34:01.680 +03:00 [INF] Executed action CMS.API.Controllers.TelemedController.GetSessions (CMS.API) in 6.4324ms
2026-09-16 10:34:01.686 +03:00 [INF] Executed endpoint 'CMS.API.Controllers.TelemedController.GetSessions (CMS.API)'
2026-09-16 10:34:01.690 +03:00 [INF] Request finished HTTP/1.1 GET http://localhost:5010/api/v1/telemed/sessions - 200 null application/json; charset=utf-8 59.4099ms
2026-09-16 10:34:09.534 +03:00 [INF] Request starting HTTP/1.1 GET http://localhost:5010/api/v1/notifications - application/json null
2026-09-16 10:34:09.544 +03:00 [INF] Failed to validate the token.
Microsoft.IdentityModel.Tokens.SecurityTokenSignatureKeyNotFoundException: IDX10517: Signature validation failed. The token's kid is missing. Keys tried: 'Microsoft.IdentityModel.Tokens.SymmetricSecurityKey, KeyId: '', InternalId: 'VNGqhB7kZ75afXrNakqPyb1WYggzQUo6Cgi8Kx2i7Zs'. , KeyId: 
'. Number of keys in TokenValidationParameters: '1'. 
Number of keys in Configuration: '0'. 
Exceptions caught:
 '[PII of type 'System.Text.StringBuilder' is hidden. For more details, see https://aka.ms/IdentityModel/PII.]'.
token: '[PII of type 'Microsoft.IdentityModel.JsonWebTokens.JsonWebToken' is hidden. For more details, see https://aka.ms/IdentityModel/PII.]'. See https://aka.ms/IDX10503 for details.
   at Microsoft.IdentityModel.JsonWebTokens.JsonWebTokenHandler.ValidateSignature(JsonWebToken jwtToken, TokenValidationParameters validationParameters, BaseConfiguration configuration)
   at Microsoft.IdentityModel.JsonWebTokens.JsonWebTokenHandler.ValidateSignatureAndIssuerSecurityKey(JsonWebToken jsonWebToken, TokenValidationParameters validationParameters, BaseConfiguration configuration)
   at Microsoft.IdentityModel.JsonWebTokens.JsonWebTokenHandler.ValidateJWSAsync(JsonWebToken jsonWebToken, TokenValidationParameters validationParameters, BaseConfiguration configuration)
2026-09-16 10:34:09.554 +03:00 [INF] Bearer was not authenticated. Failure message: IDX10517: Signature validation failed. The token's kid is missing. Keys tried: 'Microsoft.IdentityModel.Tokens.SymmetricSecurityKey, KeyId: '', InternalId: 'VNGqhB7kZ75afXrNakqPyb1WYggzQUo6Cgi8Kx2i7Zs'. , KeyId: 
'. Number of keys in TokenValidationParameters: '1'. 
Number of keys in Configuration: '0'. 
Exceptions caught:
 '[PII of type 'System.Text.StringBuilder' is hidden. For more details, see https://aka.ms/IdentityModel/PII.]'.
token: '[PII of type 'Microsoft.IdentityModel.JsonWebTokens.JsonWebToken' is hidden. For more details, see https://aka.ms/IdentityModel/PII.]'. See https://aka.ms/IDX10503 for details.
2026-09-16 10:34:09.558 +03:00 [INF] Executing endpoint 'CMS.API.Controllers.NotificationsController.GetNotifications (CMS.API)'
2026-09-16 10:34:09.562 +03:00 [INF] Route matched with {action = "GetNotifications", controller = "Notifications"}. Executing controller action with signature System.Threading.Tasks.Task`1[Microsoft.AspNetCore.Mvc.IActionResult] GetNotifications(System.Nullable`1[System.Int32], System.String) on controller CMS.API.Controllers.NotificationsController (CMS.API).
2026-09-16 10:34:09.576 +03:00 [INF] Executing OkObjectResult, writing value of type 'CMS.Shared.DTOs.ApiResponse`1[[System.Collections.Generic.List`1[[CMS.Shared.DTOs.NotificationItemDto, CMS.Shared, Version=1.0.0.0, Culture=neutral, PublicKeyToken=null]], System.Private.CoreLib, Version=8.0.0.0, Culture=neutral, PublicKeyToken=7cec85d7bea7798e]]'.
2026-09-16 10:34:09.581 +03:00 [INF] Executed action CMS.API.Controllers.NotificationsController.GetNotifications (CMS.API) in 13.3569ms
2026-09-16 10:34:09.586 +03:00 [INF] Executed endpoint 'CMS.API.Controllers.NotificationsController.GetNotifications (CMS.API)'
2026-09-16 10:34:09.590 +03:00 [INF] Request finished HTTP/1.1 GET http://localhost:5010/api/v1/notifications - 200 null application/json; charset=utf-8 56.1241ms
2026-09-16 10:34:16.633 +03:00 [INF] Request starting HTTP/1.1 GET http://localhost:5010/api/v1/telemed/sessions - application/json null
2026-09-16 10:34:16.643 +03:00 [INF] Failed to validate the token.
Microsoft.IdentityModel.Tokens.SecurityTokenSignatureKeyNotFoundException: IDX10517: Signature validation failed. The token's kid is missing. Keys tried: 'Microsoft.IdentityModel.Tokens.SymmetricSecurityKey, KeyId: '', InternalId: 'VNGqhB7kZ75afXrNakqPyb1WYggzQUo6Cgi8Kx2i7Zs'. , KeyId: 
'. Number of keys in TokenValidationParameters: '1'. 
Number of keys in Configuration: '0'. 
Exceptions caught:
 '[PII of type 'System.Text.StringBuilder' is hidden. For more details, see https://aka.ms/IdentityModel/PII.]'.
token: '[PII of type 'Microsoft.IdentityModel.JsonWebTokens.JsonWebToken' is hidden. For more details, see https://aka.ms/IdentityModel/PII.]'. See https://aka.ms/IDX10503 for details.
   at Microsoft.IdentityModel.JsonWebTokens.JsonWebTokenHandler.ValidateSignature(JsonWebToken jwtToken, TokenValidationParameters validationParameters, BaseConfiguration configuration)
   at Microsoft.IdentityModel.JsonWebTokens.JsonWebTokenHandler.ValidateSignatureAndIssuerSecurityKey(JsonWebToken jsonWebToken, TokenValidationParameters validationParameters, BaseConfiguration configuration)
   at Microsoft.IdentityModel.JsonWebTokens.JsonWebTokenHandler.ValidateJWSAsync(JsonWebToken jsonWebToken, TokenValidationParameters validationParameters, BaseConfiguration configuration)
2026-09-16 10:34:16.656 +03:00 [INF] Bearer was not authenticated. Failure message: IDX10517: Signature validation failed. The token's kid is missing. Keys tried: 'Microsoft.IdentityModel.Tokens.SymmetricSecurityKey, KeyId: '', InternalId: 'VNGqhB7kZ75afXrNakqPyb1WYggzQUo6Cgi8Kx2i7Zs'. , KeyId: 
'. Number of keys in TokenValidationParameters: '1'. 
Number of keys in Configuration: '0'. 
Exceptions caught:
 '[PII of type 'System.Text.StringBuilder' is hidden. For more details, see https://aka.ms/IdentityModel/PII.]'.
token: '[PII of type 'Microsoft.IdentityModel.JsonWebTokens.JsonWebToken' is hidden. For more details, see https://aka.ms/IdentityModel/PII.]'. See https://aka.ms/IDX10503 for details.
2026-09-16 10:34:16.660 +03:00 [INF] Executing endpoint 'CMS.API.Controllers.TelemedController.GetSessions (CMS.API)'
2026-09-16 10:34:16.665 +03:00 [INF] Route matched with {action = "GetSessions", controller = "Telemed"}. Executing controller action with signature System.Threading.Tasks.Task`1[Microsoft.AspNetCore.Mvc.IActionResult] GetSessions(System.Nullable`1[System.Int32]) on controller CMS.API.Controllers.TelemedController (CMS.API).
2026-09-16 10:34:16.674 +03:00 [INF] Executing OkObjectResult, writing value of type 'CMS.Shared.DTOs.ApiResponse`1[[System.Collections.Generic.IEnumerable`1[[CMS.Shared.DTOs.TelemedSessionSummaryDto, CMS.Shared, Version=1.0.0.0, Culture=neutral, PublicKeyToken=null]], System.Private.CoreLib, Version=8.0.0.0, Culture=neutral, PublicKeyToken=7cec85d7bea7798e]]'.
2026-09-16 10:34:16.681 +03:00 [INF] Executed action CMS.API.Controllers.TelemedController.GetSessions (CMS.API) in 9.0001ms
2026-09-16 10:34:16.687 +03:00 [INF] Executed endpoint 'CMS.API.Controllers.TelemedController.GetSessions (CMS.API)'
2026-09-16 10:34:16.690 +03:00 [INF] Request finished HTTP/1.1 GET http://localhost:5010/api/v1/telemed/sessions - 200 null application/json; charset=utf-8 57.5124ms
2026-09-16 10:34:24.540 +03:00 [INF] Request starting HTTP/1.1 GET http://localhost:5010/api/v1/notifications - application/json null
2026-09-16 10:34:24.553 +03:00 [INF] Failed to validate the token.
Microsoft.IdentityModel.Tokens.SecurityTokenSignatureKeyNotFoundException: IDX10517: Signature validation failed. The token's kid is missing. Keys tried: 'Microsoft.IdentityModel.Tokens.SymmetricSecurityKey, KeyId: '', InternalId: 'VNGqhB7kZ75afXrNakqPyb1WYggzQUo6Cgi8Kx2i7Zs'. , KeyId: 
'. Number of keys in TokenValidationParameters: '1'. 
Number of keys in Configuration: '0'. 
Exceptions caught:
 '[PII of type 'System.Text.StringBuilder' is hidden. For more details, see https://aka.ms/IdentityModel/PII.]'.
token: '[PII of type 'Microsoft.IdentityModel.JsonWebTokens.JsonWebToken' is hidden. For more details, see https://aka.ms/IdentityModel/PII.]'. See https://aka.ms/IDX10503 for details.
   at Microsoft.IdentityModel.JsonWebTokens.JsonWebTokenHandler.ValidateSignature(JsonWebToken jwtToken, TokenValidationParameters validationParameters, BaseConfiguration configuration)
   at Microsoft.IdentityModel.JsonWebTokens.JsonWebTokenHandler.ValidateSignatureAndIssuerSecurityKey(JsonWebToken jsonWebToken, TokenValidationParameters validationParameters, BaseConfiguration configuration)
   at Microsoft.IdentityModel.JsonWebTokens.JsonWebTokenHandler.ValidateJWSAsync(JsonWebToken jsonWebToken, TokenValidationParameters validationParameters, BaseConfiguration configuration)
2026-09-16 10:34:24.563 +03:00 [INF] Bearer was not authenticated. Failure message: IDX10517: Signature validation failed. The token's kid is missing. Keys tried: 'Microsoft.IdentityModel.Tokens.SymmetricSecurityKey, KeyId: '', InternalId: 'VNGqhB7kZ75afXrNakqPyb1WYggzQUo6Cgi8Kx2i7Zs'. , KeyId: 
'. Number of keys in TokenValidationParameters: '1'. 
Number of keys in Configuration: '0'. 
Exceptions caught:
 '[PII of type 'System.Text.StringBuilder' is hidden. For more details, see https://aka.ms/IdentityModel/PII.]'.
token: '[PII of type 'Microsoft.IdentityModel.JsonWebTokens.JsonWebToken' is hidden. For more details, see https://aka.ms/IdentityModel/PII.]'. See https://aka.ms/IDX10503 for details.
2026-09-16 10:34:24.569 +03:00 [INF] Executing endpoint 'CMS.API.Controllers.NotificationsController.GetNotifications (CMS.API)'
2026-09-16 10:34:24.573 +03:00 [INF] Route matched with {action = "GetNotifications", controller = "Notifications"}. Executing controller action with signature System.Threading.Tasks.Task`1[Microsoft.AspNetCore.Mvc.IActionResult] GetNotifications(System.Nullable`1[System.Int32], System.String) on controller CMS.API.Controllers.NotificationsController (CMS.API).
2026-09-16 10:34:24.747 +03:00 [INF] Executing OkObjectResult, writing value of type 'CMS.Shared.DTOs.ApiResponse`1[[System.Collections.Generic.List`1[[CMS.Shared.DTOs.NotificationItemDto, CMS.Shared, Version=1.0.0.0, Culture=neutral, PublicKeyToken=null]], System.Private.CoreLib, Version=8.0.0.0, Culture=neutral, PublicKeyToken=7cec85d7bea7798e]]'.
2026-09-16 10:34:24.755 +03:00 [INF] Executed action CMS.API.Controllers.NotificationsController.GetNotifications (CMS.API) in 173.9797ms
2026-09-16 10:34:24.761 +03:00 [INF] Executed endpoint 'CMS.API.Controllers.NotificationsController.GetNotifications (CMS.API)'
2026-09-16 10:34:24.765 +03:00 [INF] Request finished HTTP/1.1 GET http://localhost:5010/api/v1/notifications - 200 null application/json; charset=utf-8 225.3511ms
2026-09-16 10:34:31.630 +03:00 [INF] Request starting HTTP/1.1 GET http://localhost:5010/api/v1/telemed/sessions - application/json null
2026-09-16 10:34:31.642 +03:00 [INF] Failed to validate the token.
Microsoft.IdentityModel.Tokens.SecurityTokenSignatureKeyNotFoundException: IDX10517: Signature validation failed. The token's kid is missing. Keys tried: 'Microsoft.IdentityModel.Tokens.SymmetricSecurityKey, KeyId: '', InternalId: 'VNGqhB7kZ75afXrNakqPyb1WYggzQUo6Cgi8Kx2i7Zs'. , KeyId: 
'. Number of keys in TokenValidationParameters: '1'. 
Number of keys in Configuration: '0'. 
Exceptions caught:
 '[PII of type 'System.Text.StringBuilder' is hidden. For more details, see https://aka.ms/IdentityModel/PII.]'.
token: '[PII of type 'Microsoft.IdentityModel.JsonWebTokens.JsonWebToken' is hidden. For more details, see https://aka.ms/IdentityModel/PII.]'. See https://aka.ms/IDX10503 for details.
   at Microsoft.IdentityModel.JsonWebTokens.JsonWebTokenHandler.ValidateSignature(JsonWebToken jwtToken, TokenValidationParameters validationParameters, BaseConfiguration configuration)
   at Microsoft.IdentityModel.JsonWebTokens.JsonWebTokenHandler.ValidateSignatureAndIssuerSecurityKey(JsonWebToken jsonWebToken, TokenValidationParameters validationParameters, BaseConfiguration configuration)
   at Microsoft.IdentityModel.JsonWebTokens.JsonWebTokenHandler.ValidateJWSAsync(JsonWebToken jsonWebToken, TokenValidationParameters validationParameters, BaseConfiguration configuration)
2026-09-16 10:34:31.654 +03:00 [INF] Bearer was not authenticated. Failure message: IDX10517: Signature validation failed. The token's kid is missing. Keys tried: 'Microsoft.IdentityModel.Tokens.SymmetricSecurityKey, KeyId: '', InternalId: 'VNGqhB7kZ75afXrNakqPyb1WYggzQUo6Cgi8Kx2i7Zs'. , KeyId: 
'. Number of keys in TokenValidationParameters: '1'. 
Number of keys in Configuration: '0'. 
Exceptions caught:
 '[PII of type 'System.Text.StringBuilder' is hidden. For more details, see https://aka.ms/IdentityModel/PII.]'.
token: '[PII of type 'Microsoft.IdentityModel.JsonWebTokens.JsonWebToken' is hidden. For more details, see https://aka.ms/IdentityModel/PII.]'. See https://aka.ms/IDX10503 for details.
2026-09-16 10:34:31.659 +03:00 [INF] Executing endpoint 'CMS.API.Controllers.TelemedController.GetSessions (CMS.API)'
2026-09-16 10:34:31.664 +03:00 [INF] Route matched with {action = "GetSessions", controller = "Telemed"}. Executing controller action with signature System.Threading.Tasks.Task`1[Microsoft.AspNetCore.Mvc.IActionResult] GetSessions(System.Nullable`1[System.Int32]) on controller CMS.API.Controllers.TelemedController (CMS.API).
2026-09-16 10:34:31.761 +03:00 [INF] Executing OkObjectResult, writing value of type 'CMS.Shared.DTOs.ApiResponse`1[[System.Collections.Generic.IEnumerable`1[[CMS.Shared.DTOs.TelemedSessionSummaryDto, CMS.Shared, Version=1.0.0.0, Culture=neutral, PublicKeyToken=null]], System.Private.CoreLib, Version=8.0.0.0, Culture=neutral, PublicKeyToken=7cec85d7bea7798e]]'.
2026-09-16 10:34:31.768 +03:00 [INF] Executed action CMS.API.Controllers.TelemedController.GetSessions (CMS.API) in 95.8212ms
2026-09-16 10:34:31.774 +03:00 [INF] Executed endpoint 'CMS.API.Controllers.TelemedController.GetSessions (CMS.API)'
2026-09-16 10:34:31.778 +03:00 [INF] Request finished HTTP/1.1 GET http://localhost:5010/api/v1/telemed/sessions - 200 null application/json; charset=utf-8 148.0721ms
2026-09-16 10:34:33.227 +03:00 [INF] Request starting HTTP/1.1 GET http://localhost:5010/api/v1/users - application/json null
2026-09-16 10:34:33.227 +03:00 [INF] Request starting HTTP/1.1 GET http://localhost:5010/api/v1/users/roles - application/json null
2026-09-16 10:34:33.228 +03:00 [INF] Request starting HTTP/1.1 GET http://localhost:5010/api/v1/staff/all - application/json null
2026-09-16 10:34:33.228 +03:00 [INF] Request starting HTTP/1.1 GET http://localhost:5010/api/v1/staff/specializations - application/json null
2026-09-16 10:34:33.230 +03:00 [INF] Request starting HTTP/1.1 GET http://localhost:5010/api/v1/settings - null null
2026-09-16 10:34:33.241 +03:00 [INF] Failed to validate the token.
Microsoft.IdentityModel.Tokens.SecurityTokenSignatureKeyNotFoundException: IDX10517: Signature validation failed. The token's kid is missing. Keys tried: 'Microsoft.IdentityModel.Tokens.SymmetricSecurityKey, KeyId: '', InternalId: 'VNGqhB7kZ75afXrNakqPyb1WYggzQUo6Cgi8Kx2i7Zs'. , KeyId: 
'. Number of keys in TokenValidationParameters: '1'. 
Number of keys in Configuration: '0'. 
Exceptions caught:
 '[PII of type 'System.Text.StringBuilder' is hidden. For more details, see https://aka.ms/IdentityModel/PII.]'.
token: '[PII of type 'Microsoft.IdentityModel.JsonWebTokens.JsonWebToken' is hidden. For more details, see https://aka.ms/IdentityModel/PII.]'. See https://aka.ms/IDX10503 for details.
   at Microsoft.IdentityModel.JsonWebTokens.JsonWebTokenHandler.ValidateSignature(JsonWebToken jwtToken, TokenValidationParameters validationParameters, BaseConfiguration configuration)
   at Microsoft.IdentityModel.JsonWebTokens.JsonWebTokenHandler.ValidateSignatureAndIssuerSecurityKey(JsonWebToken jsonWebToken, TokenValidationParameters validationParameters, BaseConfiguration configuration)
   at Microsoft.IdentityModel.JsonWebTokens.JsonWebTokenHandler.ValidateJWSAsync(JsonWebToken jsonWebToken, TokenValidationParameters validationParameters, BaseConfiguration configuration)
2026-09-16 10:34:33.252 +03:00 [INF] Failed to validate the token.
Microsoft.IdentityModel.Tokens.SecurityTokenSignatureKeyNotFoundException: IDX10517: Signature validation failed. The token's kid is missing. Keys tried: 'Microsoft.IdentityModel.Tokens.SymmetricSecurityKey, KeyId: '', InternalId: 'VNGqhB7kZ75afXrNakqPyb1WYggzQUo6Cgi8Kx2i7Zs'. , KeyId: 
'. Number of keys in TokenValidationParameters: '1'. 
Number of keys in Configuration: '0'. 
Exceptions caught:
 '[PII of type 'System.Text.StringBuilder' is hidden. For more details, see https://aka.ms/IdentityModel/PII.]'.
token: '[PII of type 'Microsoft.IdentityModel.JsonWebTokens.JsonWebToken' is hidden. For more details, see https://aka.ms/IdentityModel/PII.]'. See https://aka.ms/IDX10503 for details.
   at Microsoft.IdentityModel.JsonWebTokens.JsonWebTokenHandler.ValidateSignature(JsonWebToken jwtToken, TokenValidationParameters validationParameters, BaseConfiguration configuration)
   at Microsoft.IdentityModel.JsonWebTokens.JsonWebTokenHandler.ValidateSignatureAndIssuerSecurityKey(JsonWebToken jsonWebToken, TokenValidationParameters validationParameters, BaseConfiguration configuration)
   at Microsoft.IdentityModel.JsonWebTokens.JsonWebTokenHandler.ValidateJWSAsync(JsonWebToken jsonWebToken, TokenValidationParameters validationParameters, BaseConfiguration configuration)
2026-09-16 10:34:33.261 +03:00 [INF] Failed to validate the token.
Microsoft.IdentityModel.Tokens.SecurityTokenSignatureKeyNotFoundException: IDX10517: Signature validation failed. The token's kid is missing. Keys tried: 'Microsoft.IdentityModel.Tokens.SymmetricSecurityKey, KeyId: '', InternalId: 'VNGqhB7kZ75afXrNakqPyb1WYggzQUo6Cgi8Kx2i7Zs'. , KeyId: 
'. Number of keys in TokenValidationParameters: '1'. 
Number of keys in Configuration: '0'. 
Exceptions caught:
 '[PII of type 'System.Text.StringBuilder' is hidden. For more details, see https://aka.ms/IdentityModel/PII.]'.
token: '[PII of type 'Microsoft.IdentityModel.JsonWebTokens.JsonWebToken' is hidden. For more details, see https://aka.ms/IdentityModel/PII.]'. See https://aka.ms/IDX10503 for details.
   at Microsoft.IdentityModel.JsonWebTokens.JsonWebTokenHandler.ValidateSignature(JsonWebToken jwtToken, TokenValidationParameters validationParameters, BaseConfiguration configuration)
   at Microsoft.IdentityModel.JsonWebTokens.JsonWebTokenHandler.ValidateSignatureAndIssuerSecurityKey(JsonWebToken jsonWebToken, TokenValidationParameters validationParameters, BaseConfiguration configuration)
   at Microsoft.IdentityModel.JsonWebTokens.JsonWebTokenHandler.ValidateJWSAsync(JsonWebToken jsonWebToken, TokenValidationParameters validationParameters, BaseConfiguration configuration)
2026-09-16 10:34:33.270 +03:00 [INF] Failed to validate the token.
Microsoft.IdentityModel.Tokens.SecurityTokenSignatureKeyNotFoundException: IDX10517: Signature validation failed. The token's kid is missing. Keys tried: 'Microsoft.IdentityModel.Tokens.SymmetricSecurityKey, KeyId: '', InternalId: 'VNGqhB7kZ75afXrNakqPyb1WYggzQUo6Cgi8Kx2i7Zs'. , KeyId: 
'. Number of keys in TokenValidationParameters: '1'. 
Number of keys in Configuration: '0'. 
Exceptions caught:
 '[PII of type 'System.Text.StringBuilder' is hidden. For more details, see https://aka.ms/IdentityModel/PII.]'.
token: '[PII of type 'Microsoft.IdentityModel.JsonWebTokens.JsonWebToken' is hidden. For more details, see https://aka.ms/IdentityModel/PII.]'. See https://aka.ms/IDX10503 for details.
   at Microsoft.IdentityModel.JsonWebTokens.JsonWebTokenHandler.ValidateSignature(JsonWebToken jwtToken, TokenValidationParameters validationParameters, BaseConfiguration configuration)
   at Microsoft.IdentityModel.JsonWebTokens.JsonWebTokenHandler.ValidateSignatureAndIssuerSecurityKey(JsonWebToken jsonWebToken, TokenValidationParameters validationParameters, BaseConfiguration configuration)
   at Microsoft.IdentityModel.JsonWebTokens.JsonWebTokenHandler.ValidateJWSAsync(JsonWebToken jsonWebToken, TokenValidationParameters validationParameters, BaseConfiguration configuration)
2026-09-16 10:34:33.278 +03:00 [INF] Executing endpoint 'CMS.API.Controllers.SettingsController.GetSettings (CMS.API)'
2026-09-16 10:34:33.288 +03:00 [INF] Bearer was not authenticated. Failure message: IDX10517: Signature validation failed. The token's kid is missing. Keys tried: 'Microsoft.IdentityModel.Tokens.SymmetricSecurityKey, KeyId: '', InternalId: 'VNGqhB7kZ75afXrNakqPyb1WYggzQUo6Cgi8Kx2i7Zs'. , KeyId: 
'. Number of keys in TokenValidationParameters: '1'. 
Number of keys in Configuration: '0'. 
Exceptions caught:
 '[PII of type 'System.Text.StringBuilder' is hidden. For more details, see https://aka.ms/IdentityModel/PII.]'.
token: '[PII of type 'Microsoft.IdentityModel.JsonWebTokens.JsonWebToken' is hidden. For more details, see https://aka.ms/IdentityModel/PII.]'. See https://aka.ms/IDX10503 for details.
2026-09-16 10:34:33.296 +03:00 [INF] Bearer was not authenticated. Failure message: IDX10517: Signature validation failed. The token's kid is missing. Keys tried: 'Microsoft.IdentityModel.Tokens.SymmetricSecurityKey, KeyId: '', InternalId: 'VNGqhB7kZ75afXrNakqPyb1WYggzQUo6Cgi8Kx2i7Zs'. , KeyId: 
'. Number of keys in TokenValidationParameters: '1'. 
Number of keys in Configuration: '0'. 
Exceptions caught:
 '[PII of type 'System.Text.StringBuilder' is hidden. For more details, see https://aka.ms/IdentityModel/PII.]'.
token: '[PII of type 'Microsoft.IdentityModel.JsonWebTokens.JsonWebToken' is hidden. For more details, see https://aka.ms/IdentityModel/PII.]'. See https://aka.ms/IDX10503 for details.
2026-09-16 10:34:33.304 +03:00 [INF] Bearer was not authenticated. Failure message: IDX10517: Signature validation failed. The token's kid is missing. Keys tried: 'Microsoft.IdentityModel.Tokens.SymmetricSecurityKey, KeyId: '', InternalId: 'VNGqhB7kZ75afXrNakqPyb1WYggzQUo6Cgi8Kx2i7Zs'. , KeyId: 
'. Number of keys in TokenValidationParameters: '1'. 
Number of keys in Configuration: '0'. 
Exceptions caught:
 '[PII of type 'System.Text.StringBuilder' is hidden. For more details, see https://aka.ms/IdentityModel/PII.]'.
token: '[PII of type 'Microsoft.IdentityModel.JsonWebTokens.JsonWebToken' is hidden. For more details, see https://aka.ms/IdentityModel/PII.]'. See https://aka.ms/IDX10503 for details.
2026-09-16 10:34:33.312 +03:00 [INF] Bearer was not authenticated. Failure message: IDX10517: Signature validation failed. The token's kid is missing. Keys tried: 'Microsoft.IdentityModel.Tokens.SymmetricSecurityKey, KeyId: '', InternalId: 'VNGqhB7kZ75afXrNakqPyb1WYggzQUo6Cgi8Kx2i7Zs'. , KeyId: 
'. Number of keys in TokenValidationParameters: '1'. 
Number of keys in Configuration: '0'. 
Exceptions caught:
 '[PII of type 'System.Text.StringBuilder' is hidden. For more details, see https://aka.ms/IdentityModel/PII.]'.
token: '[PII of type 'Microsoft.IdentityModel.JsonWebTokens.JsonWebToken' is hidden. For more details, see https://aka.ms/IdentityModel/PII.]'. See https://aka.ms/IDX10503 for details.
2026-09-16 10:34:33.316 +03:00 [INF] Route matched with {action = "GetSettings", controller = "Settings"}. Executing controller action with signature System.Threading.Tasks.Task`1[Microsoft.AspNetCore.Mvc.IActionResult] GetSettings() on controller CMS.API.Controllers.SettingsController (CMS.API).
2026-09-16 10:34:33.320 +03:00 [INF] Executing endpoint 'CMS.API.Controllers.UsersController.GetUsers (CMS.API)'
2026-09-16 10:34:33.324 +03:00 [INF] Executing endpoint 'CMS.API.Controllers.UsersController.GetRoles (CMS.API)'
2026-09-16 10:34:33.328 +03:00 [INF] Executing endpoint 'CMS.API.Controllers.StaffController.GetAllStaff (CMS.API)'
2026-09-16 10:34:33.332 +03:00 [INF] Executing endpoint 'CMS.API.Controllers.StaffController.GetSpecializations (CMS.API)'
2026-09-16 10:34:33.348 +03:00 [INF] Executing OkObjectResult, writing value of type 'CMS.Shared.DTOs.ApiResponse`1[[System.Collections.Generic.List`1[[CMS.Shared.DTOs.ClinicSettingDto, CMS.Shared, Version=1.0.0.0, Culture=neutral, PublicKeyToken=null]], System.Private.CoreLib, Version=8.0.0.0, Culture=neutral, PublicKeyToken=7cec85d7bea7798e]]'.
2026-09-16 10:34:33.352 +03:00 [INF] Route matched with {action = "GetUsers", controller = "Users"}. Executing controller action with signature System.Threading.Tasks.Task`1[Microsoft.AspNetCore.Mvc.IActionResult] GetUsers() on controller CMS.API.Controllers.UsersController (CMS.API).
2026-09-16 10:34:33.357 +03:00 [INF] Route matched with {action = "GetRoles", controller = "Users"}. Executing controller action with signature System.Threading.Tasks.Task`1[Microsoft.AspNetCore.Mvc.IActionResult] GetRoles() on controller CMS.API.Controllers.UsersController (CMS.API).
2026-09-16 10:34:33.367 +03:00 [INF] Executed action CMS.API.Controllers.SettingsController.GetSettings (CMS.API) in 27.4045ms
2026-09-16 10:34:33.367 +03:00 [INF] Route matched with {action = "GetSpecializations", controller = "Staff"}. Executing controller action with signature System.Threading.Tasks.Task`1[Microsoft.AspNetCore.Mvc.IActionResult] GetSpecializations() on controller CMS.API.Controllers.StaffController (CMS.API).
2026-09-16 10:34:33.360 +03:00 [INF] Route matched with {action = "GetAllStaff", controller = "Staff"}. Executing controller action with signature System.Threading.Tasks.Task`1[Microsoft.AspNetCore.Mvc.IActionResult] GetAllStaff() on controller CMS.API.Controllers.StaffController (CMS.API).
2026-09-16 10:34:33.377 +03:00 [INF] Request starting HTTP/1.1 GET http://localhost:5010/api/v1/settings - null null
2026-09-16 10:34:33.389 +03:00 [INF] Executed endpoint 'CMS.API.Controllers.SettingsController.GetSettings (CMS.API)'
2026-09-16 10:34:33.419 +03:00 [INF] Executing OkObjectResult, writing value of type 'CMS.Shared.DTOs.ApiResponse`1[[System.Collections.Generic.List`1[[CMS.Shared.DTOs.SpecializationDto, CMS.Shared, Version=1.0.0.0, Culture=neutral, PublicKeyToken=null]], System.Private.CoreLib, Version=8.0.0.0, Culture=neutral, PublicKeyToken=7cec85d7bea7798e]]'.
2026-09-16 10:34:33.414 +03:00 [INF] Executing endpoint 'CMS.API.Controllers.SettingsController.GetSettings (CMS.API)'
2026-09-16 10:34:33.419 +03:00 [INF] Request finished HTTP/1.1 GET http://localhost:5010/api/v1/settings - 200 null application/json; charset=utf-8 189.2851ms
2026-09-16 10:34:33.419 +03:00 [INF] Executing OkObjectResult, writing value of type 'CMS.Shared.DTOs.ApiResponse`1[[System.Collections.Generic.List`1[[CMS.Shared.DTOs.RoleWithPermissionsDto, CMS.Shared, Version=1.0.0.0, Culture=neutral, PublicKeyToken=null]], System.Private.CoreLib, Version=8.0.0.0, Culture=neutral, PublicKeyToken=7cec85d7bea7798e]]'.
2026-09-16 10:34:33.428 +03:00 [INF] Route matched with {action = "GetSettings", controller = "Settings"}. Executing controller action with signature System.Threading.Tasks.Task`1[Microsoft.AspNetCore.Mvc.IActionResult] GetSettings() on controller CMS.API.Controllers.SettingsController (CMS.API).
2026-09-16 10:34:33.429 +03:00 [INF] Executing OkObjectResult, writing value of type 'CMS.Shared.DTOs.ApiResponse`1[[System.Collections.Generic.List`1[[CMS.Shared.DTOs.UserDto, CMS.Shared, Version=1.0.0.0, Culture=neutral, PublicKeyToken=null]], System.Private.CoreLib, Version=8.0.0.0, Culture=neutral, PublicKeyToken=7cec85d7bea7798e]]'.
2026-09-16 10:34:33.430 +03:00 [INF] Executed action CMS.API.Controllers.StaffController.GetSpecializations (CMS.API) in 33.9748ms
2026-09-16 10:34:33.429 +03:00 [INF] Executing OkObjectResult, writing value of type 'CMS.Shared.DTOs.ApiResponse`1[[System.Collections.Generic.List`1[[CMS.Shared.DTOs.StaffDetailDto, CMS.Shared, Version=1.0.0.0, Culture=neutral, PublicKeyToken=null]], System.Private.CoreLib, Version=8.0.0.0, Culture=neutral, PublicKeyToken=7cec85d7bea7798e]]'.
2026-09-16 10:34:33.457 +03:00 [INF] Request starting HTTP/1.1 GET http://localhost:5010/api/v1/staff/specializations - application/json null
2026-09-16 10:34:33.493 +03:00 [INF] Executing OkObjectResult, writing value of type 'CMS.Shared.DTOs.ApiResponse`1[[System.Collections.Generic.List`1[[CMS.Shared.DTOs.ClinicSettingDto, CMS.Shared, Version=1.0.0.0, Culture=neutral, PublicKeyToken=null]], System.Private.CoreLib, Version=8.0.0.0, Culture=neutral, PublicKeyToken=7cec85d7bea7798e]]'.
2026-09-16 10:34:33.501 +03:00 [INF] Executed action CMS.API.Controllers.UsersController.GetRoles (CMS.API) in 119.9044ms
2026-09-16 10:34:33.502 +03:00 [INF] Executed endpoint 'CMS.API.Controllers.StaffController.GetSpecializations (CMS.API)'
2026-09-16 10:34:33.505 +03:00 [INF] Executed action CMS.API.Controllers.UsersController.GetUsers (CMS.API) in 131.0745ms
2026-09-16 10:34:33.517 +03:00 [INF] Failed to validate the token.
Microsoft.IdentityModel.Tokens.SecurityTokenSignatureKeyNotFoundException: IDX10517: Signature validation failed. The token's kid is missing. Keys tried: 'Microsoft.IdentityModel.Tokens.SymmetricSecurityKey, KeyId: '', InternalId: 'VNGqhB7kZ75afXrNakqPyb1WYggzQUo6Cgi8Kx2i7Zs'. , KeyId: 
'. Number of keys in TokenValidationParameters: '1'. 
Number of keys in Configuration: '0'. 
Exceptions caught:
 '[PII of type 'System.Text.StringBuilder' is hidden. For more details, see https://aka.ms/IdentityModel/PII.]'.
token: '[PII of type 'Microsoft.IdentityModel.JsonWebTokens.JsonWebToken' is hidden. For more details, see https://aka.ms/IdentityModel/PII.]'. See https://aka.ms/IDX10503 for details.
   at Microsoft.IdentityModel.JsonWebTokens.JsonWebTokenHandler.ValidateSignature(JsonWebToken jwtToken, TokenValidationParameters validationParameters, BaseConfiguration configuration)
   at Microsoft.IdentityModel.JsonWebTokens.JsonWebTokenHandler.ValidateSignatureAndIssuerSecurityKey(JsonWebToken jsonWebToken, TokenValidationParameters validationParameters, BaseConfiguration configuration)
   at Microsoft.IdentityModel.JsonWebTokens.JsonWebTokenHandler.ValidateJWSAsync(JsonWebToken jsonWebToken, TokenValidationParameters validationParameters, BaseConfiguration configuration)
2026-09-16 10:34:33.522 +03:00 [INF] Executed action CMS.API.Controllers.SettingsController.GetSettings (CMS.API) in 30.1899ms
2026-09-16 10:34:33.526 +03:00 [INF] Executed endpoint 'CMS.API.Controllers.UsersController.GetRoles (CMS.API)'
2026-09-16 10:34:33.530 +03:00 [INF] Executed action CMS.API.Controllers.StaffController.GetAllStaff (CMS.API) in 126.6789ms
2026-09-16 10:34:33.531 +03:00 [INF] Request finished HTTP/1.1 GET http://localhost:5010/api/v1/staff/specializations - 200 null application/json; charset=utf-8 302.1327ms
2026-09-16 10:34:33.536 +03:00 [INF] Executed endpoint 'CMS.API.Controllers.UsersController.GetUsers (CMS.API)'
2026-09-16 10:34:33.539 +03:00 [INF] Request starting HTTP/1.1 GET http://localhost:5010/api/v1/users/roles - application/json null
2026-09-16 10:34:33.546 +03:00 [INF] Bearer was not authenticated. Failure message: IDX10517: Signature validation failed. The token's kid is missing. Keys tried: 'Microsoft.IdentityModel.Tokens.SymmetricSecurityKey, KeyId: '', InternalId: 'VNGqhB7kZ75afXrNakqPyb1WYggzQUo6Cgi8Kx2i7Zs'. , KeyId: 
'. Number of keys in TokenValidationParameters: '1'. 
Number of keys in Configuration: '0'. 
Exceptions caught:
 '[PII of type 'System.Text.StringBuilder' is hidden. For more details, see https://aka.ms/IdentityModel/PII.]'.
token: '[PII of type 'Microsoft.IdentityModel.JsonWebTokens.JsonWebToken' is hidden. For more details, see https://aka.ms/IdentityModel/PII.]'. See https://aka.ms/IDX10503 for details.
2026-09-16 10:34:33.549 +03:00 [INF] Executed endpoint 'CMS.API.Controllers.SettingsController.GetSettings (CMS.API)'
2026-09-16 10:34:33.553 +03:00 [INF] Request finished HTTP/1.1 GET http://localhost:5010/api/v1/users/roles - 200 null application/json; charset=utf-8 325.6095ms
2026-09-16 10:34:33.557 +03:00 [INF] Executed endpoint 'CMS.API.Controllers.StaffController.GetAllStaff (CMS.API)'
2026-09-16 10:34:33.573 +03:00 [INF] Request finished HTTP/1.1 GET http://localhost:5010/api/v1/users - 200 null application/json; charset=utf-8 346.9342ms
2026-09-16 10:34:33.561 +03:00 [INF] Request starting HTTP/1.1 GET http://localhost:5010/api/v1/users - application/json null
2026-09-16 10:34:33.582 +03:00 [INF] Request starting HTTP/1.1 GET http://localhost:5010/api/v1/staff/all - application/json null
2026-09-16 10:34:33.584 +03:00 [INF] Failed to validate the token.
Microsoft.IdentityModel.Tokens.SecurityTokenSignatureKeyNotFoundException: IDX10517: Signature validation failed. The token's kid is missing. Keys tried: 'Microsoft.IdentityModel.Tokens.SymmetricSecurityKey, KeyId: '', InternalId: 'VNGqhB7kZ75afXrNakqPyb1WYggzQUo6Cgi8Kx2i7Zs'. , KeyId: 
'. Number of keys in TokenValidationParameters: '1'. 
Number of keys in Configuration: '0'. 
Exceptions caught:
 '[PII of type 'System.Text.StringBuilder' is hidden. For more details, see https://aka.ms/IdentityModel/PII.]'.
token: '[PII of type 'Microsoft.IdentityModel.JsonWebTokens.JsonWebToken' is hidden. For more details, see https://aka.ms/IdentityModel/PII.]'. See https://aka.ms/IDX10503 for details.
   at Microsoft.IdentityModel.JsonWebTokens.JsonWebTokenHandler.ValidateSignature(JsonWebToken jwtToken, TokenValidationParameters validationParameters, BaseConfiguration configuration)
   at Microsoft.IdentityModel.JsonWebTokens.JsonWebTokenHandler.ValidateSignatureAndIssuerSecurityKey(JsonWebToken jsonWebToken, TokenValidationParameters validationParameters, BaseConfiguration configuration)
   at Microsoft.IdentityModel.JsonWebTokens.JsonWebTokenHandler.ValidateJWSAsync(JsonWebToken jsonWebToken, TokenValidationParameters validationParameters, BaseConfiguration configuration)
2026-09-16 10:34:33.587 +03:00 [INF] Executing endpoint 'CMS.API.Controllers.StaffController.GetSpecializations (CMS.API)'
2026-09-16 10:34:33.591 +03:00 [INF] Request finished HTTP/1.1 GET http://localhost:5010/api/v1/settings - 200 null application/json; charset=utf-8 214.2372ms
2026-09-16 10:34:33.608 +03:00 [INF] Request finished HTTP/1.1 GET http://localhost:5010/api/v1/staff/all - 200 null application/json; charset=utf-8 380.5858ms
2026-09-16 10:34:33.630 +03:00 [INF] Failed to validate the token.
Microsoft.IdentityModel.Tokens.SecurityTokenSignatureKeyNotFoundException: IDX10517: Signature validation failed. The token's kid is missing. Keys tried: 'Microsoft.IdentityModel.Tokens.SymmetricSecurityKey, KeyId: '', InternalId: 'VNGqhB7kZ75afXrNakqPyb1WYggzQUo6Cgi8Kx2i7Zs'. , KeyId: 
'. Number of keys in TokenValidationParameters: '1'. 
Number of keys in Configuration: '0'. 
Exceptions caught:
 '[PII of type 'System.Text.StringBuilder' is hidden. For more details, see https://aka.ms/IdentityModel/PII.]'.
token: '[PII of type 'Microsoft.IdentityModel.JsonWebTokens.JsonWebToken' is hidden. For more details, see https://aka.ms/IdentityModel/PII.]'. See https://aka.ms/IDX10503 for details.
   at Microsoft.IdentityModel.JsonWebTokens.JsonWebTokenHandler.ValidateSignature(JsonWebToken jwtToken, TokenValidationParameters validationParameters, BaseConfiguration configuration)
   at Microsoft.IdentityModel.JsonWebTokens.JsonWebTokenHandler.ValidateSignatureAndIssuerSecurityKey(JsonWebToken jsonWebToken, TokenValidationParameters validationParameters, BaseConfiguration configuration)
   at Microsoft.IdentityModel.JsonWebTokens.JsonWebTokenHandler.ValidateJWSAsync(JsonWebToken jsonWebToken, TokenValidationParameters validationParameters, BaseConfiguration configuration)
2026-09-16 10:34:33.642 +03:00 [INF] Failed to validate the token.
Microsoft.IdentityModel.Tokens.SecurityTokenSignatureKeyNotFoundException: IDX10517: Signature validation failed. The token's kid is missing. Keys tried: 'Microsoft.IdentityModel.Tokens.SymmetricSecurityKey, KeyId: '', InternalId: 'VNGqhB7kZ75afXrNakqPyb1WYggzQUo6Cgi8Kx2i7Zs'. , KeyId: 
'. Number of keys in TokenValidationParameters: '1'. 
Number of keys in Configuration: '0'. 
Exceptions caught:
 '[PII of type 'System.Text.StringBuilder' is hidden. For more details, see https://aka.ms/IdentityModel/PII.]'.
token: '[PII of type 'Microsoft.IdentityModel.JsonWebTokens.JsonWebToken' is hidden. For more details, see https://aka.ms/IdentityModel/PII.]'. See https://aka.ms/IDX10503 for details.
   at Microsoft.IdentityModel.JsonWebTokens.JsonWebTokenHandler.ValidateSignature(JsonWebToken jwtToken, TokenValidationParameters validationParameters, BaseConfiguration configuration)
   at Microsoft.IdentityModel.JsonWebTokens.JsonWebTokenHandler.ValidateSignatureAndIssuerSecurityKey(JsonWebToken jsonWebToken, TokenValidationParameters validationParameters, BaseConfiguration configuration)
   at Microsoft.IdentityModel.JsonWebTokens.JsonWebTokenHandler.ValidateJWSAsync(JsonWebToken jsonWebToken, TokenValidationParameters validationParameters, BaseConfiguration configuration)
2026-09-16 10:34:33.654 +03:00 [INF] Bearer was not authenticated. Failure message: IDX10517: Signature validation failed. The token's kid is missing. Keys tried: 'Microsoft.IdentityModel.Tokens.SymmetricSecurityKey, KeyId: '', InternalId: 'VNGqhB7kZ75afXrNakqPyb1WYggzQUo6Cgi8Kx2i7Zs'. , KeyId: 
'. Number of keys in TokenValidationParameters: '1'. 
Number of keys in Configuration: '0'. 
Exceptions caught:
 '[PII of type 'System.Text.StringBuilder' is hidden. For more details, see https://aka.ms/IdentityModel/PII.]'.
token: '[PII of type 'Microsoft.IdentityModel.JsonWebTokens.JsonWebToken' is hidden. For more details, see https://aka.ms/IdentityModel/PII.]'. See https://aka.ms/IDX10503 for details.
2026-09-16 10:34:33.658 +03:00 [INF] Route matched with {action = "GetSpecializations", controller = "Staff"}. Executing controller action with signature System.Threading.Tasks.Task`1[Microsoft.AspNetCore.Mvc.IActionResult] GetSpecializations() on controller CMS.API.Controllers.StaffController (CMS.API).
2026-09-16 10:34:33.692 +03:00 [INF] Bearer was not authenticated. Failure message: IDX10517: Signature validation failed. The token's kid is missing. Keys tried: 'Microsoft.IdentityModel.Tokens.SymmetricSecurityKey, KeyId: '', InternalId: 'VNGqhB7kZ75afXrNakqPyb1WYggzQUo6Cgi8Kx2i7Zs'. , KeyId: 
'. Number of keys in TokenValidationParameters: '1'. 
Number of keys in Configuration: '0'. 
Exceptions caught:
 '[PII of type 'System.Text.StringBuilder' is hidden. For more details, see https://aka.ms/IdentityModel/PII.]'.
token: '[PII of type 'Microsoft.IdentityModel.JsonWebTokens.JsonWebToken' is hidden. For more details, see https://aka.ms/IdentityModel/PII.]'. See https://aka.ms/IDX10503 for details.
2026-09-16 10:34:33.702 +03:00 [INF] Bearer was not authenticated. Failure message: IDX10517: Signature validation failed. The token's kid is missing. Keys tried: 'Microsoft.IdentityModel.Tokens.SymmetricSecurityKey, KeyId: '', InternalId: 'VNGqhB7kZ75afXrNakqPyb1WYggzQUo6Cgi8Kx2i7Zs'. , KeyId: 
'. Number of keys in TokenValidationParameters: '1'. 
Number of keys in Configuration: '0'. 
Exceptions caught:
 '[PII of type 'System.Text.StringBuilder' is hidden. For more details, see https://aka.ms/IdentityModel/PII.]'.
token: '[PII of type 'Microsoft.IdentityModel.JsonWebTokens.JsonWebToken' is hidden. For more details, see https://aka.ms/IdentityModel/PII.]'. See https://aka.ms/IDX10503 for details.
2026-09-16 10:34:33.705 +03:00 [INF] Executing endpoint 'CMS.API.Controllers.UsersController.GetRoles (CMS.API)'
2026-09-16 10:34:33.713 +03:00 [INF] Executing OkObjectResult, writing value of type 'CMS.Shared.DTOs.ApiResponse`1[[System.Collections.Generic.List`1[[CMS.Shared.DTOs.SpecializationDto, CMS.Shared, Version=1.0.0.0, Culture=neutral, PublicKeyToken=null]], System.Private.CoreLib, Version=8.0.0.0, Culture=neutral, PublicKeyToken=7cec85d7bea7798e]]'.
2026-09-16 10:34:33.716 +03:00 [INF] Executing endpoint 'CMS.API.Controllers.UsersController.GetUsers (CMS.API)'
2026-09-16 10:34:33.722 +03:00 [INF] Executing endpoint 'CMS.API.Controllers.StaffController.GetAllStaff (CMS.API)'
2026-09-16 10:34:33.726 +03:00 [INF] Route matched with {action = "GetRoles", controller = "Users"}. Executing controller action with signature System.Threading.Tasks.Task`1[Microsoft.AspNetCore.Mvc.IActionResult] GetRoles() on controller CMS.API.Controllers.UsersController (CMS.API).
2026-09-16 10:34:33.731 +03:00 [INF] Executed action CMS.API.Controllers.StaffController.GetSpecializations (CMS.API) in 20.3683ms
2026-09-16 10:34:33.736 +03:00 [INF] Route matched with {action = "GetUsers", controller = "Users"}. Executing controller action with signature System.Threading.Tasks.Task`1[Microsoft.AspNetCore.Mvc.IActionResult] GetUsers() on controller CMS.API.Controllers.UsersController (CMS.API).
2026-09-16 10:34:33.739 +03:00 [INF] Route matched with {action = "GetAllStaff", controller = "Staff"}. Executing controller action with signature System.Threading.Tasks.Task`1[Microsoft.AspNetCore.Mvc.IActionResult] GetAllStaff() on controller CMS.API.Controllers.StaffController (CMS.API).
2026-09-16 10:34:33.747 +03:00 [INF] Executing OkObjectResult, writing value of type 'CMS.Shared.DTOs.ApiResponse`1[[System.Collections.Generic.List`1[[CMS.Shared.DTOs.RoleWithPermissionsDto, CMS.Shared, Version=1.0.0.0, Culture=neutral, PublicKeyToken=null]], System.Private.CoreLib, Version=8.0.0.0, Culture=neutral, PublicKeyToken=7cec85d7bea7798e]]'.
2026-09-16 10:34:33.748 +03:00 [INF] Executed endpoint 'CMS.API.Controllers.StaffController.GetSpecializations (CMS.API)'
2026-09-16 10:34:33.755 +03:00 [INF] Executing OkObjectResult, writing value of type 'CMS.Shared.DTOs.ApiResponse`1[[System.Collections.Generic.List`1[[CMS.Shared.DTOs.UserDto, CMS.Shared, Version=1.0.0.0, Culture=neutral, PublicKeyToken=null]], System.Private.CoreLib, Version=8.0.0.0, Culture=neutral, PublicKeyToken=7cec85d7bea7798e]]'.
2026-09-16 10:34:33.760 +03:00 [INF] Executing OkObjectResult, writing value of type 'CMS.Shared.DTOs.ApiResponse`1[[System.Collections.Generic.List`1[[CMS.Shared.DTOs.StaffDetailDto, CMS.Shared, Version=1.0.0.0, Culture=neutral, PublicKeyToken=null]], System.Private.CoreLib, Version=8.0.0.0, Culture=neutral, PublicKeyToken=7cec85d7bea7798e]]'.
2026-09-16 10:34:33.763 +03:00 [INF] Executed action CMS.API.Controllers.UsersController.GetRoles (CMS.API) in 19.9954ms
2026-09-16 10:34:33.767 +03:00 [INF] Request finished HTTP/1.1 GET http://localhost:5010/api/v1/staff/specializations - 200 null application/json; charset=utf-8 310.1792ms
2026-09-16 10:34:33.771 +03:00 [INF] Executed action CMS.API.Controllers.UsersController.GetUsers (CMS.API) in 18.1274ms
2026-09-16 10:34:33.776 +03:00 [INF] Executed action CMS.API.Controllers.StaffController.GetAllStaff (CMS.API) in 17.2471ms
2026-09-16 10:34:33.780 +03:00 [INF] Executed endpoint 'CMS.API.Controllers.UsersController.GetRoles (CMS.API)'
2026-09-16 10:34:33.797 +03:00 [INF] Executed endpoint 'CMS.API.Controllers.UsersController.GetUsers (CMS.API)'
2026-09-16 10:34:33.801 +03:00 [INF] Executed endpoint 'CMS.API.Controllers.StaffController.GetAllStaff (CMS.API)'
2026-09-16 10:34:33.804 +03:00 [INF] Request finished HTTP/1.1 GET http://localhost:5010/api/v1/users/roles - 200 null application/json; charset=utf-8 264.5446ms
2026-09-16 10:34:33.808 +03:00 [INF] Request finished HTTP/1.1 GET http://localhost:5010/api/v1/users - 200 null application/json; charset=utf-8 246.8033ms
2026-09-16 10:34:33.812 +03:00 [INF] Request finished HTTP/1.1 GET http://localhost:5010/api/v1/staff/all - 200 null application/json; charset=utf-8 230.3843ms
2026-09-16 10:34:36.102 +03:00 [INF] Request starting HTTP/1.1 GET http://localhost:5010/api/v1/audit/logs - application/json null
2026-09-16 10:34:36.112 +03:00 [INF] Failed to validate the token.
Microsoft.IdentityModel.Tokens.SecurityTokenSignatureKeyNotFoundException: IDX10517: Signature validation failed. The token's kid is missing. Keys tried: 'Microsoft.IdentityModel.Tokens.SymmetricSecurityKey, KeyId: '', InternalId: 'VNGqhB7kZ75afXrNakqPyb1WYggzQUo6Cgi8Kx2i7Zs'. , KeyId: 
'. Number of keys in TokenValidationParameters: '1'. 
Number of keys in Configuration: '0'. 
Exceptions caught:
 '[PII of type 'System.Text.StringBuilder' is hidden. For more details, see https://aka.ms/IdentityModel/PII.]'.
token: '[PII of type 'Microsoft.IdentityModel.JsonWebTokens.JsonWebToken' is hidden. For more details, see https://aka.ms/IdentityModel/PII.]'. See https://aka.ms/IDX10503 for details.
   at Microsoft.IdentityModel.JsonWebTokens.JsonWebTokenHandler.ValidateSignature(JsonWebToken jwtToken, TokenValidationParameters validationParameters, BaseConfiguration configuration)
   at Microsoft.IdentityModel.JsonWebTokens.JsonWebTokenHandler.ValidateSignatureAndIssuerSecurityKey(JsonWebToken jsonWebToken, TokenValidationParameters validationParameters, BaseConfiguration configuration)
   at Microsoft.IdentityModel.JsonWebTokens.JsonWebTokenHandler.ValidateJWSAsync(JsonWebToken jsonWebToken, TokenValidationParameters validationParameters, BaseConfiguration configuration)
2026-09-16 10:34:36.124 +03:00 [INF] Bearer was not authenticated. Failure message: IDX10517: Signature validation failed. The token's kid is missing. Keys tried: 'Microsoft.IdentityModel.Tokens.SymmetricSecurityKey, KeyId: '', InternalId: 'VNGqhB7kZ75afXrNakqPyb1WYggzQUo6Cgi8Kx2i7Zs'. , KeyId: 
'. Number of keys in TokenValidationParameters: '1'. 
Number of keys in Configuration: '0'. 
Exceptions caught:
 '[PII of type 'System.Text.StringBuilder' is hidden. For more details, see https://aka.ms/IdentityModel/PII.]'.
token: '[PII of type 'Microsoft.IdentityModel.JsonWebTokens.JsonWebToken' is hidden. For more details, see https://aka.ms/IdentityModel/PII.]'. See https://aka.ms/IDX10503 for details.
2026-09-16 10:34:36.128 +03:00 [INF] Executing endpoint 'CMS.API.Controllers.AuditController.GetLogs (CMS.API)'
2026-09-16 10:34:36.145 +03:00 [INF] Route matched with {action = "GetLogs", controller = "Audit"}. Executing controller action with signature System.Threading.Tasks.Task`1[Microsoft.AspNetCore.Mvc.IActionResult] GetLogs(System.String, System.String, System.Nullable`1[System.Int32], System.Nullable`1[System.DateTime]) on controller CMS.API.Controllers.AuditController (CMS.API).
2026-09-16 10:34:36.186 +03:00 [INF] Executing OkObjectResult, writing value of type 'CMS.Shared.DTOs.ApiResponse`1[[System.Collections.Generic.List`1[[CMS.API.Controllers.AuditDto, CMS.API, Version=1.0.0.0, Culture=neutral, PublicKeyToken=null]], System.Private.CoreLib, Version=8.0.0.0, Culture=neutral, PublicKeyToken=7cec85d7bea7798e]]'.
2026-09-16 10:34:36.200 +03:00 [INF] Executed action CMS.API.Controllers.AuditController.GetLogs (CMS.API) in 47.6921ms
2026-09-16 10:34:36.206 +03:00 [INF] Executed endpoint 'CMS.API.Controllers.AuditController.GetLogs (CMS.API)'
2026-09-16 10:34:36.209 +03:00 [INF] Request finished HTTP/1.1 GET http://localhost:5010/api/v1/audit/logs - 200 null application/json; charset=utf-8 106.9563ms
2026-09-16 10:34:39.529 +03:00 [INF] Request starting HTTP/1.1 GET http://localhost:5010/api/v1/notifications - application/json null
2026-09-16 10:34:39.539 +03:00 [INF] Failed to validate the token.
Microsoft.IdentityModel.Tokens.SecurityTokenSignatureKeyNotFoundException: IDX10517: Signature validation failed. The token's kid is missing. Keys tried: 'Microsoft.IdentityModel.Tokens.SymmetricSecurityKey, KeyId: '', InternalId: 'VNGqhB7kZ75afXrNakqPyb1WYggzQUo6Cgi8Kx2i7Zs'. , KeyId: 
'. Number of keys in TokenValidationParameters: '1'. 
Number of keys in Configuration: '0'. 
Exceptions caught:
 '[PII of type 'System.Text.StringBuilder' is hidden. For more details, see https://aka.ms/IdentityModel/PII.]'.
token: '[PII of type 'Microsoft.IdentityModel.JsonWebTokens.JsonWebToken' is hidden. For more details, see https://aka.ms/IdentityModel/PII.]'. See https://aka.ms/IDX10503 for details.
   at Microsoft.IdentityModel.JsonWebTokens.JsonWebTokenHandler.ValidateSignature(JsonWebToken jwtToken, TokenValidationParameters validationParameters, BaseConfiguration configuration)
   at Microsoft.IdentityModel.JsonWebTokens.JsonWebTokenHandler.ValidateSignatureAndIssuerSecurityKey(JsonWebToken jsonWebToken, TokenValidationParameters validationParameters, BaseConfiguration configuration)
   at Microsoft.IdentityModel.JsonWebTokens.JsonWebTokenHandler.ValidateJWSAsync(JsonWebToken jsonWebToken, TokenValidationParameters validationParameters, BaseConfiguration configuration)
2026-09-16 10:34:39.547 +03:00 [INF] Bearer was not authenticated. Failure message: IDX10517: Signature validation failed. The token's kid is missing. Keys tried: 'Microsoft.IdentityModel.Tokens.SymmetricSecurityKey, KeyId: '', InternalId: 'VNGqhB7kZ75afXrNakqPyb1WYggzQUo6Cgi8Kx2i7Zs'. , KeyId: 
'. Number of keys in TokenValidationParameters: '1'. 
Number of keys in Configuration: '0'. 
Exceptions caught:
 '[PII of type 'System.Text.StringBuilder' is hidden. For more details, see https://aka.ms/IdentityModel/PII.]'.
token: '[PII of type 'Microsoft.IdentityModel.JsonWebTokens.JsonWebToken' is hidden. For more details, see https://aka.ms/IdentityModel/PII.]'. See https://aka.ms/IDX10503 for details.
2026-09-16 10:34:39.551 +03:00 [INF] Executing endpoint 'CMS.API.Controllers.NotificationsController.GetNotifications (CMS.API)'
2026-09-16 10:34:39.554 +03:00 [INF] Route matched with {action = "GetNotifications", controller = "Notifications"}. Executing controller action with signature System.Threading.Tasks.Task`1[Microsoft.AspNetCore.Mvc.IActionResult] GetNotifications(System.Nullable`1[System.Int32], System.String) on controller CMS.API.Controllers.NotificationsController (CMS.API).
2026-09-16 10:34:39.569 +03:00 [INF] Executing OkObjectResult, writing value of type 'CMS.Shared.DTOs.ApiResponse`1[[System.Collections.Generic.List`1[[CMS.Shared.DTOs.NotificationItemDto, CMS.Shared, Version=1.0.0.0, Culture=neutral, PublicKeyToken=null]], System.Private.CoreLib, Version=8.0.0.0, Culture=neutral, PublicKeyToken=7cec85d7bea7798e]]'.
2026-09-16 10:34:39.574 +03:00 [INF] Executed action CMS.API.Controllers.NotificationsController.GetNotifications (CMS.API) in 13.9114ms
2026-09-16 10:34:39.578 +03:00 [INF] Executed endpoint 'CMS.API.Controllers.NotificationsController.GetNotifications (CMS.API)'
2026-09-16 10:34:39.581 +03:00 [INF] Request finished HTTP/1.1 GET http://localhost:5010/api/v1/notifications - 200 null application/json; charset=utf-8 52.5045ms
2026-09-16 10:34:54.529 +03:00 [INF] Request starting HTTP/1.1 GET http://localhost:5010/api/v1/notifications - application/json null
2026-09-16 10:34:54.537 +03:00 [INF] Failed to validate the token.
Microsoft.IdentityModel.Tokens.SecurityTokenSignatureKeyNotFoundException: IDX10517: Signature validation failed. The token's kid is missing. Keys tried: 'Microsoft.IdentityModel.Tokens.SymmetricSecurityKey, KeyId: '', InternalId: 'VNGqhB7kZ75afXrNakqPyb1WYggzQUo6Cgi8Kx2i7Zs'. , KeyId: 
'. Number of keys in TokenValidationParameters: '1'. 
Number of keys in Configuration: '0'. 
Exceptions caught:
 '[PII of type 'System.Text.StringBuilder' is hidden. For more details, see https://aka.ms/IdentityModel/PII.]'.
token: '[PII of type 'Microsoft.IdentityModel.JsonWebTokens.JsonWebToken' is hidden. For more details, see https://aka.ms/IdentityModel/PII.]'. See https://aka.ms/IDX10503 for details.
   at Microsoft.IdentityModel.JsonWebTokens.JsonWebTokenHandler.ValidateSignature(JsonWebToken jwtToken, TokenValidationParameters validationParameters, BaseConfiguration configuration)
   at Microsoft.IdentityModel.JsonWebTokens.JsonWebTokenHandler.ValidateSignatureAndIssuerSecurityKey(JsonWebToken jsonWebToken, TokenValidationParameters validationParameters, BaseConfiguration configuration)
   at Microsoft.IdentityModel.JsonWebTokens.JsonWebTokenHandler.ValidateJWSAsync(JsonWebToken jsonWebToken, TokenValidationParameters validationParameters, BaseConfiguration configuration)
2026-09-16 10:34:54.545 +03:00 [INF] Bearer was not authenticated. Failure message: IDX10517: Signature validation failed. The token's kid is missing. Keys tried: 'Microsoft.IdentityModel.Tokens.SymmetricSecurityKey, KeyId: '', InternalId: 'VNGqhB7kZ75afXrNakqPyb1WYggzQUo6Cgi8Kx2i7Zs'. , KeyId: 
'. Number of keys in TokenValidationParameters: '1'. 
Number of keys in Configuration: '0'. 
Exceptions caught:
 '[PII of type 'System.Text.StringBuilder' is hidden. For more details, see https://aka.ms/IdentityModel/PII.]'.
token: '[PII of type 'Microsoft.IdentityModel.JsonWebTokens.JsonWebToken' is hidden. For more details, see https://aka.ms/IdentityModel/PII.]'. See https://aka.ms/IDX10503 for details.
2026-09-16 10:34:54.549 +03:00 [INF] Executing endpoint 'CMS.API.Controllers.NotificationsController.GetNotifications (CMS.API)'
2026-09-16 10:34:54.553 +03:00 [INF] Route matched with {action = "GetNotifications", controller = "Notifications"}. Executing controller action with signature System.Threading.Tasks.Task`1[Microsoft.AspNetCore.Mvc.IActionResult] GetNotifications(System.Nullable`1[System.Int32], System.String) on controller CMS.API.Controllers.NotificationsController (CMS.API).
2026-09-16 10:34:54.562 +03:00 [INF] Executing OkObjectResult, writing value of type 'CMS.Shared.DTOs.ApiResponse`1[[System.Collections.Generic.List`1[[CMS.Shared.DTOs.NotificationItemDto, CMS.Shared, Version=1.0.0.0, Culture=neutral, PublicKeyToken=null]], System.Private.CoreLib, Version=8.0.0.0, Culture=neutral, PublicKeyToken=7cec85d7bea7798e]]'.
2026-09-16 10:34:54.568 +03:00 [INF] Executed action CMS.API.Controllers.NotificationsController.GetNotifications (CMS.API) in 9.2453ms
2026-09-16 10:34:54.572 +03:00 [INF] Executed endpoint 'CMS.API.Controllers.NotificationsController.GetNotifications (CMS.API)'
2026-09-16 10:34:54.575 +03:00 [INF] Request finished HTTP/1.1 GET http://localhost:5010/api/v1/notifications - 200 null application/json; charset=utf-8 46.7646ms
2026-09-16 10:34:57.706 +03:00 [INF] Request starting HTTP/1.1 GET http://localhost:5010/api/v1/notifications - application/json null
2026-09-16 10:34:57.715 +03:00 [INF] Failed to validate the token.
Microsoft.IdentityModel.Tokens.SecurityTokenSignatureKeyNotFoundException: IDX10517: Signature validation failed. The token's kid is missing. Keys tried: 'Microsoft.IdentityModel.Tokens.SymmetricSecurityKey, KeyId: '', InternalId: 'VNGqhB7kZ75afXrNakqPyb1WYggzQUo6Cgi8Kx2i7Zs'. , KeyId: 
'. Number of keys in TokenValidationParameters: '1'. 
Number of keys in Configuration: '0'. 
Exceptions caught:
 '[PII of type 'System.Text.StringBuilder' is hidden. For more details, see https://aka.ms/IdentityModel/PII.]'.
token: '[PII of type 'Microsoft.IdentityModel.JsonWebTokens.JsonWebToken' is hidden. For more details, see https://aka.ms/IdentityModel/PII.]'. See https://aka.ms/IDX10503 for details.
   at Microsoft.IdentityModel.JsonWebTokens.JsonWebTokenHandler.ValidateSignature(JsonWebToken jwtToken, TokenValidationParameters validationParameters, BaseConfiguration configuration)
   at Microsoft.IdentityModel.JsonWebTokens.JsonWebTokenHandler.ValidateSignatureAndIssuerSecurityKey(JsonWebToken jsonWebToken, TokenValidationParameters validationParameters, BaseConfiguration configuration)
   at Microsoft.IdentityModel.JsonWebTokens.JsonWebTokenHandler.ValidateJWSAsync(JsonWebToken jsonWebToken, TokenValidationParameters validationParameters, BaseConfiguration configuration)
2026-09-16 10:34:57.723 +03:00 [INF] Bearer was not authenticated. Failure message: IDX10517: Signature validation failed. The token's kid is missing. Keys tried: 'Microsoft.IdentityModel.Tokens.SymmetricSecurityKey, KeyId: '', InternalId: 'VNGqhB7kZ75afXrNakqPyb1WYggzQUo6Cgi8Kx2i7Zs'. , KeyId: 
'. Number of keys in TokenValidationParameters: '1'. 
Number of keys in Configuration: '0'. 
Exceptions caught:
 '[PII of type 'System.Text.StringBuilder' is hidden. For more details, see https://aka.ms/IdentityModel/PII.]'.
token: '[PII of type 'Microsoft.IdentityModel.JsonWebTokens.JsonWebToken' is hidden. For more details, see https://aka.ms/IdentityModel/PII.]'. See https://aka.ms/IDX10503 for details.
2026-09-16 10:34:57.727 +03:00 [INF] Executing endpoint 'CMS.API.Controllers.NotificationsController.GetNotifications (CMS.API)'
2026-09-16 10:34:57.730 +03:00 [INF] Route matched with {action = "GetNotifications", controller = "Notifications"}. Executing controller action with signature System.Threading.Tasks.Task`1[Microsoft.AspNetCore.Mvc.IActionResult] GetNotifications(System.Nullable`1[System.Int32], System.String) on controller CMS.API.Controllers.NotificationsController (CMS.API).
2026-09-16 10:34:57.740 +03:00 [INF] Executing OkObjectResult, writing value of type 'CMS.Shared.DTOs.ApiResponse`1[[System.Collections.Generic.List`1[[CMS.Shared.DTOs.NotificationItemDto, CMS.Shared, Version=1.0.0.0, Culture=neutral, PublicKeyToken=null]], System.Private.CoreLib, Version=8.0.0.0, Culture=neutral, PublicKeyToken=7cec85d7bea7798e]]'.
2026-09-16 10:34:57.745 +03:00 [INF] Executed action CMS.API.Controllers.NotificationsController.GetNotifications (CMS.API) in 8.1527ms
2026-09-16 10:34:57.749 +03:00 [INF] Executed endpoint 'CMS.API.Controllers.NotificationsController.GetNotifications (CMS.API)'
2026-09-16 10:34:57.752 +03:00 [INF] Request finished HTTP/1.1 GET http://localhost:5010/api/v1/notifications - 200 null application/json; charset=utf-8 46.4576ms
2026-09-16 10:35:09.539 +03:00 [INF] Request starting HTTP/1.1 GET http://localhost:5010/api/v1/notifications - application/json null
2026-09-16 10:35:09.547 +03:00 [INF] Failed to validate the token.
Microsoft.IdentityModel.Tokens.SecurityTokenSignatureKeyNotFoundException: IDX10517: Signature validation failed. The token's kid is missing. Keys tried: 'Microsoft.IdentityModel.Tokens.SymmetricSecurityKey, KeyId: '', InternalId: 'VNGqhB7kZ75afXrNakqPyb1WYggzQUo6Cgi8Kx2i7Zs'. , KeyId: 
'. Number of keys in TokenValidationParameters: '1'. 
Number of keys in Configuration: '0'. 
Exceptions caught:
 '[PII of type 'System.Text.StringBuilder' is hidden. For more details, see https://aka.ms/IdentityModel/PII.]'.
token: '[PII of type 'Microsoft.IdentityModel.JsonWebTokens.JsonWebToken' is hidden. For more details, see https://aka.ms/IdentityModel/PII.]'. See https://aka.ms/IDX10503 for details.
   at Microsoft.IdentityModel.JsonWebTokens.JsonWebTokenHandler.ValidateSignature(JsonWebToken jwtToken, TokenValidationParameters validationParameters, BaseConfiguration configuration)
   at Microsoft.IdentityModel.JsonWebTokens.JsonWebTokenHandler.ValidateSignatureAndIssuerSecurityKey(JsonWebToken jsonWebToken, TokenValidationParameters validationParameters, BaseConfiguration configuration)
   at Microsoft.IdentityModel.JsonWebTokens.JsonWebTokenHandler.ValidateJWSAsync(JsonWebToken jsonWebToken, TokenValidationParameters validationParameters, BaseConfiguration configuration)
2026-09-16 10:35:09.555 +03:00 [INF] Bearer was not authenticated. Failure message: IDX10517: Signature validation failed. The token's kid is missing. Keys tried: 'Microsoft.IdentityModel.Tokens.SymmetricSecurityKey, KeyId: '', InternalId: 'VNGqhB7kZ75afXrNakqPyb1WYggzQUo6Cgi8Kx2i7Zs'. , KeyId: 
'. Number of keys in TokenValidationParameters: '1'. 
Number of keys in Configuration: '0'. 
Exceptions caught:
 '[PII of type 'System.Text.StringBuilder' is hidden. For more details, see https://aka.ms/IdentityModel/PII.]'.
token: '[PII of type 'Microsoft.IdentityModel.JsonWebTokens.JsonWebToken' is hidden. For more details, see https://aka.ms/IdentityModel/PII.]'. See https://aka.ms/IDX10503 for details.
2026-09-16 10:35:09.559 +03:00 [INF] Executing endpoint 'CMS.API.Controllers.NotificationsController.GetNotifications (CMS.API)'
2026-09-16 10:35:09.562 +03:00 [INF] Route matched with {action = "GetNotifications", controller = "Notifications"}. Executing controller action with signature System.Threading.Tasks.Task`1[Microsoft.AspNetCore.Mvc.IActionResult] GetNotifications(System.Nullable`1[System.Int32], System.String) on controller CMS.API.Controllers.NotificationsController (CMS.API).
2026-09-16 10:35:09.573 +03:00 [INF] Executing OkObjectResult, writing value of type 'CMS.Shared.DTOs.ApiResponse`1[[System.Collections.Generic.List`1[[CMS.Shared.DTOs.NotificationItemDto, CMS.Shared, Version=1.0.0.0, Culture=neutral, PublicKeyToken=null]], System.Private.CoreLib, Version=8.0.0.0, Culture=neutral, PublicKeyToken=7cec85d7bea7798e]]'.
2026-09-16 10:35:09.578 +03:00 [INF] Executed action CMS.API.Controllers.NotificationsController.GetNotifications (CMS.API) in 9.0846ms
2026-09-16 10:35:09.582 +03:00 [INF] Executed endpoint 'CMS.API.Controllers.NotificationsController.GetNotifications (CMS.API)'
2026-09-16 10:35:09.586 +03:00 [INF] Request finished HTTP/1.1 GET http://localhost:5010/api/v1/notifications - 200 null application/json; charset=utf-8 47.0824ms
2026-09-16 10:35:24.543 +03:00 [INF] Request starting HTTP/1.1 GET http://localhost:5010/api/v1/notifications - application/json null
2026-09-16 10:35:24.552 +03:00 [INF] Failed to validate the token.
Microsoft.IdentityModel.Tokens.SecurityTokenSignatureKeyNotFoundException: IDX10517: Signature validation failed. The token's kid is missing. Keys tried: 'Microsoft.IdentityModel.Tokens.SymmetricSecurityKey, KeyId: '', InternalId: 'VNGqhB7kZ75afXrNakqPyb1WYggzQUo6Cgi8Kx2i7Zs'. , KeyId: 
'. Number of keys in TokenValidationParameters: '1'. 
Number of keys in Configuration: '0'. 
Exceptions caught:
 '[PII of type 'System.Text.StringBuilder' is hidden. For more details, see https://aka.ms/IdentityModel/PII.]'.
token: '[PII of type 'Microsoft.IdentityModel.JsonWebTokens.JsonWebToken' is hidden. For more details, see https://aka.ms/IdentityModel/PII.]'. See https://aka.ms/IDX10503 for details.
   at Microsoft.IdentityModel.JsonWebTokens.JsonWebTokenHandler.ValidateSignature(JsonWebToken jwtToken, TokenValidationParameters validationParameters, BaseConfiguration configuration)
   at Microsoft.IdentityModel.JsonWebTokens.JsonWebTokenHandler.ValidateSignatureAndIssuerSecurityKey(JsonWebToken jsonWebToken, TokenValidationParameters validationParameters, BaseConfiguration configuration)
   at Microsoft.IdentityModel.JsonWebTokens.JsonWebTokenHandler.ValidateJWSAsync(JsonWebToken jsonWebToken, TokenValidationParameters validationParameters, BaseConfiguration configuration)
2026-09-16 10:35:24.561 +03:00 [INF] Bearer was not authenticated. Failure message: IDX10517: Signature validation failed. The token's kid is missing. Keys tried: 'Microsoft.IdentityModel.Tokens.SymmetricSecurityKey, KeyId: '', InternalId: 'VNGqhB7kZ75afXrNakqPyb1WYggzQUo6Cgi8Kx2i7Zs'. , KeyId: 
'. Number of keys in TokenValidationParameters: '1'. 
Number of keys in Configuration: '0'. 
Exceptions caught:
 '[PII of type 'System.Text.StringBuilder' is hidden. For more details, see https://aka.ms/IdentityModel/PII.]'.
token: '[PII of type 'Microsoft.IdentityModel.JsonWebTokens.JsonWebToken' is hidden. For more details, see https://aka.ms/IdentityModel/PII.]'. See https://aka.ms/IDX10503 for details.
2026-09-16 10:35:24.567 +03:00 [INF] Executing endpoint 'CMS.API.Controllers.NotificationsController.GetNotifications (CMS.API)'
2026-09-16 10:35:24.570 +03:00 [INF] Route matched with {action = "GetNotifications", controller = "Notifications"}. Executing controller action with signature System.Threading.Tasks.Task`1[Microsoft.AspNetCore.Mvc.IActionResult] GetNotifications(System.Nullable`1[System.Int32], System.String) on controller CMS.API.Controllers.NotificationsController (CMS.API).
2026-09-16 10:35:24.582 +03:00 [INF] Executing OkObjectResult, writing value of type 'CMS.Shared.DTOs.ApiResponse`1[[System.Collections.Generic.List`1[[CMS.Shared.DTOs.NotificationItemDto, CMS.Shared, Version=1.0.0.0, Culture=neutral, PublicKeyToken=null]], System.Private.CoreLib, Version=8.0.0.0, Culture=neutral, PublicKeyToken=7cec85d7bea7798e]]'.
2026-09-16 10:35:24.587 +03:00 [INF] Executed action CMS.API.Controllers.NotificationsController.GetNotifications (CMS.API) in 11.0121ms
2026-09-16 10:35:24.592 +03:00 [INF] Executed endpoint 'CMS.API.Controllers.NotificationsController.GetNotifications (CMS.API)'
2026-09-16 10:35:24.596 +03:00 [INF] Request finished HTTP/1.1 GET http://localhost:5010/api/v1/notifications - 200 null application/json; charset=utf-8 53.5982ms
2026-09-16 10:35:39.539 +03:00 [INF] Request starting HTTP/1.1 GET http://localhost:5010/api/v1/notifications - application/json null
2026-09-16 10:35:39.549 +03:00 [INF] Failed to validate the token.
Microsoft.IdentityModel.Tokens.SecurityTokenSignatureKeyNotFoundException: IDX10517: Signature validation failed. The token's kid is missing. Keys tried: 'Microsoft.IdentityModel.Tokens.SymmetricSecurityKey, KeyId: '', InternalId: 'VNGqhB7kZ75afXrNakqPyb1WYggzQUo6Cgi8Kx2i7Zs'. , KeyId: 
'. Number of keys in TokenValidationParameters: '1'. 
Number of keys in Configuration: '0'. 
Exceptions caught:
 '[PII of type 'System.Text.StringBuilder' is hidden. For more details, see https://aka.ms/IdentityModel/PII.]'.
token: '[PII of type 'Microsoft.IdentityModel.JsonWebTokens.JsonWebToken' is hidden. For more details, see https://aka.ms/IdentityModel/PII.]'. See https://aka.ms/IDX10503 for details.
   at Microsoft.IdentityModel.JsonWebTokens.JsonWebTokenHandler.ValidateSignature(JsonWebToken jwtToken, TokenValidationParameters validationParameters, BaseConfiguration configuration)
   at Microsoft.IdentityModel.JsonWebTokens.JsonWebTokenHandler.ValidateSignatureAndIssuerSecurityKey(JsonWebToken jsonWebToken, TokenValidationParameters validationParameters, BaseConfiguration configuration)
   at Microsoft.IdentityModel.JsonWebTokens.JsonWebTokenHandler.ValidateJWSAsync(JsonWebToken jsonWebToken, TokenValidationParameters validationParameters, BaseConfiguration configuration)
2026-09-16 10:35:39.557 +03:00 [INF] Bearer was not authenticated. Failure message: IDX10517: Signature validation failed. The token's kid is missing. Keys tried: 'Microsoft.IdentityModel.Tokens.SymmetricSecurityKey, KeyId: '', InternalId: 'VNGqhB7kZ75afXrNakqPyb1WYggzQUo6Cgi8Kx2i7Zs'. , KeyId: 
'. Number of keys in TokenValidationParameters: '1'. 
Number of keys in Configuration: '0'. 
Exceptions caught:
 '[PII of type 'System.Text.StringBuilder' is hidden. For more details, see https://aka.ms/IdentityModel/PII.]'.
token: '[PII of type 'Microsoft.IdentityModel.JsonWebTokens.JsonWebToken' is hidden. For more details, see https://aka.ms/IdentityModel/PII.]'. See https://aka.ms/IDX10503 for details.
2026-09-16 10:35:39.562 +03:00 [INF] Executing endpoint 'CMS.API.Controllers.NotificationsController.GetNotifications (CMS.API)'
2026-09-16 10:35:39.567 +03:00 [INF] Route matched with {action = "GetNotifications", controller = "Notifications"}. Executing controller action with signature System.Threading.Tasks.Task`1[Microsoft.AspNetCore.Mvc.IActionResult] GetNotifications(System.Nullable`1[System.Int32], System.String) on controller CMS.API.Controllers.NotificationsController (CMS.API).
2026-09-16 10:35:39.590 +03:00 [INF] Executing OkObjectResult, writing value of type 'CMS.Shared.DTOs.ApiResponse`1[[System.Collections.Generic.List`1[[CMS.Shared.DTOs.NotificationItemDto, CMS.Shared, Version=1.0.0.0, Culture=neutral, PublicKeyToken=null]], System.Private.CoreLib, Version=8.0.0.0, Culture=neutral, PublicKeyToken=7cec85d7bea7798e]]'.
2026-09-16 10:35:39.596 +03:00 [INF] Executed action CMS.API.Controllers.NotificationsController.GetNotifications (CMS.API) in 23.9419ms
2026-09-16 10:35:39.601 +03:00 [INF] Executed endpoint 'CMS.API.Controllers.NotificationsController.GetNotifications (CMS.API)'
2026-09-16 10:35:39.604 +03:00 [INF] Request finished HTTP/1.1 GET http://localhost:5010/api/v1/notifications - 200 null application/json; charset=utf-8 64.9476ms
2026-09-16 10:35:54.537 +03:00 [INF] Request starting HTTP/1.1 GET http://localhost:5010/api/v1/notifications - application/json null
2026-09-16 10:35:54.546 +03:00 [INF] Failed to validate the token.
Microsoft.IdentityModel.Tokens.SecurityTokenSignatureKeyNotFoundException: IDX10517: Signature validation failed. The token's kid is missing. Keys tried: 'Microsoft.IdentityModel.Tokens.SymmetricSecurityKey, KeyId: '', InternalId: 'VNGqhB7kZ75afXrNakqPyb1WYggzQUo6Cgi8Kx2i7Zs'. , KeyId: 
'. Number of keys in TokenValidationParameters: '1'. 
Number of keys in Configuration: '0'. 
Exceptions caught:
 '[PII of type 'System.Text.StringBuilder' is hidden. For more details, see https://aka.ms/IdentityModel/PII.]'.
token: '[PII of type 'Microsoft.IdentityModel.JsonWebTokens.JsonWebToken' is hidden. For more details, see https://aka.ms/IdentityModel/PII.]'. See https://aka.ms/IDX10503 for details.
   at Microsoft.IdentityModel.JsonWebTokens.JsonWebTokenHandler.ValidateSignature(JsonWebToken jwtToken, TokenValidationParameters validationParameters, BaseConfiguration configuration)
   at Microsoft.IdentityModel.JsonWebTokens.JsonWebTokenHandler.ValidateSignatureAndIssuerSecurityKey(JsonWebToken jsonWebToken, TokenValidationParameters validationParameters, BaseConfiguration configuration)
   at Microsoft.IdentityModel.JsonWebTokens.JsonWebTokenHandler.ValidateJWSAsync(JsonWebToken jsonWebToken, TokenValidationParameters validationParameters, BaseConfiguration configuration)
2026-09-16 10:35:54.554 +03:00 [INF] Bearer was not authenticated. Failure message: IDX10517: Signature validation failed. The token's kid is missing. Keys tried: 'Microsoft.IdentityModel.Tokens.SymmetricSecurityKey, KeyId: '', InternalId: 'VNGqhB7kZ75afXrNakqPyb1WYggzQUo6Cgi8Kx2i7Zs'. , KeyId: 
'. Number of keys in TokenValidationParameters: '1'. 
Number of keys in Configuration: '0'. 
Exceptions caught:
 '[PII of type 'System.Text.StringBuilder' is hidden. For more details, see https://aka.ms/IdentityModel/PII.]'.
token: '[PII of type 'Microsoft.IdentityModel.JsonWebTokens.JsonWebToken' is hidden. For more details, see https://aka.ms/IdentityModel/PII.]'. See https://aka.ms/IDX10503 for details.
2026-09-16 10:35:54.558 +03:00 [INF] Executing endpoint 'CMS.API.Controllers.NotificationsController.GetNotifications (CMS.API)'
2026-09-16 10:35:54.563 +03:00 [INF] Route matched with {action = "GetNotifications", controller = "Notifications"}. Executing controller action with signature System.Threading.Tasks.Task`1[Microsoft.AspNetCore.Mvc.IActionResult] GetNotifications(System.Nullable`1[System.Int32], System.String) on controller CMS.API.Controllers.NotificationsController (CMS.API).
2026-09-16 10:35:54.573 +03:00 [INF] Executing OkObjectResult, writing value of type 'CMS.Shared.DTOs.ApiResponse`1[[System.Collections.Generic.List`1[[CMS.Shared.DTOs.NotificationItemDto, CMS.Shared, Version=1.0.0.0, Culture=neutral, PublicKeyToken=null]], System.Private.CoreLib, Version=8.0.0.0, Culture=neutral, PublicKeyToken=7cec85d7bea7798e]]'.
2026-09-16 10:35:54.578 +03:00 [INF] Executed action CMS.API.Controllers.NotificationsController.GetNotifications (CMS.API) in 8.8092ms
2026-09-16 10:35:54.584 +03:00 [INF] Executed endpoint 'CMS.API.Controllers.NotificationsController.GetNotifications (CMS.API)'
2026-09-16 10:35:54.588 +03:00 [INF] Request finished HTTP/1.1 GET http://localhost:5010/api/v1/notifications - 200 null application/json; charset=utf-8 50.7771ms
2026-09-16 10:35:58.711 +03:00 [INF] Request starting HTTP/1.1 GET http://localhost:5010/api/v1/notifications - application/json null
2026-09-16 10:35:58.721 +03:00 [INF] Failed to validate the token.
Microsoft.IdentityModel.Tokens.SecurityTokenSignatureKeyNotFoundException: IDX10517: Signature validation failed. The token's kid is missing. Keys tried: 'Microsoft.IdentityModel.Tokens.SymmetricSecurityKey, KeyId: '', InternalId: 'VNGqhB7kZ75afXrNakqPyb1WYggzQUo6Cgi8Kx2i7Zs'. , KeyId: 
'. Number of keys in TokenValidationParameters: '1'. 
Number of keys in Configuration: '0'. 
Exceptions caught:
 '[PII of type 'System.Text.StringBuilder' is hidden. For more details, see https://aka.ms/IdentityModel/PII.]'.
token: '[PII of type 'Microsoft.IdentityModel.JsonWebTokens.JsonWebToken' is hidden. For more details, see https://aka.ms/IdentityModel/PII.]'. See https://aka.ms/IDX10503 for details.
   at Microsoft.IdentityModel.JsonWebTokens.JsonWebTokenHandler.ValidateSignature(JsonWebToken jwtToken, TokenValidationParameters validationParameters, BaseConfiguration configuration)
   at Microsoft.IdentityModel.JsonWebTokens.JsonWebTokenHandler.ValidateSignatureAndIssuerSecurityKey(JsonWebToken jsonWebToken, TokenValidationParameters validationParameters, BaseConfiguration configuration)
   at Microsoft.IdentityModel.JsonWebTokens.JsonWebTokenHandler.ValidateJWSAsync(JsonWebToken jsonWebToken, TokenValidationParameters validationParameters, BaseConfiguration configuration)
2026-09-16 10:35:58.729 +03:00 [INF] Bearer was not authenticated. Failure message: IDX10517: Signature validation failed. The token's kid is missing. Keys tried: 'Microsoft.IdentityModel.Tokens.SymmetricSecurityKey, KeyId: '', InternalId: 'VNGqhB7kZ75afXrNakqPyb1WYggzQUo6Cgi8Kx2i7Zs'. , KeyId: 
'. Number of keys in TokenValidationParameters: '1'. 
Number of keys in Configuration: '0'. 
Exceptions caught:
 '[PII of type 'System.Text.StringBuilder' is hidden. For more details, see https://aka.ms/IdentityModel/PII.]'.
token: '[PII of type 'Microsoft.IdentityModel.JsonWebTokens.JsonWebToken' is hidden. For more details, see https://aka.ms/IdentityModel/PII.]'. See https://aka.ms/IDX10503 for details.
2026-09-16 10:35:58.733 +03:00 [INF] Executing endpoint 'CMS.API.Controllers.NotificationsController.GetNotifications (CMS.API)'
2026-09-16 10:35:58.736 +03:00 [INF] Route matched with {action = "GetNotifications", controller = "Notifications"}. Executing controller action with signature System.Threading.Tasks.Task`1[Microsoft.AspNetCore.Mvc.IActionResult] GetNotifications(System.Nullable`1[System.Int32], System.String) on controller CMS.API.Controllers.NotificationsController (CMS.API).
2026-09-16 10:35:58.745 +03:00 [INF] Executing OkObjectResult, writing value of type 'CMS.Shared.DTOs.ApiResponse`1[[System.Collections.Generic.List`1[[CMS.Shared.DTOs.NotificationItemDto, CMS.Shared, Version=1.0.0.0, Culture=neutral, PublicKeyToken=null]], System.Private.CoreLib, Version=8.0.0.0, Culture=neutral, PublicKeyToken=7cec85d7bea7798e]]'.
2026-09-16 10:35:58.750 +03:00 [INF] Executed action CMS.API.Controllers.NotificationsController.GetNotifications (CMS.API) in 8.4667ms
2026-09-16 10:35:58.754 +03:00 [INF] Executed endpoint 'CMS.API.Controllers.NotificationsController.GetNotifications (CMS.API)'
2026-09-16 10:35:58.757 +03:00 [INF] Request finished HTTP/1.1 GET http://localhost:5010/api/v1/notifications - 200 null application/json; charset=utf-8 46.6528ms
2026-09-16 10:36:09.530 +03:00 [INF] Request starting HTTP/1.1 GET http://localhost:5010/api/v1/notifications - application/json null
2026-09-16 10:36:09.540 +03:00 [INF] Failed to validate the token.
Microsoft.IdentityModel.Tokens.SecurityTokenSignatureKeyNotFoundException: IDX10517: Signature validation failed. The token's kid is missing. Keys tried: 'Microsoft.IdentityModel.Tokens.SymmetricSecurityKey, KeyId: '', InternalId: 'VNGqhB7kZ75afXrNakqPyb1WYggzQUo6Cgi8Kx2i7Zs'. , KeyId: 
'. Number of keys in TokenValidationParameters: '1'. 
Number of keys in Configuration: '0'. 
Exceptions caught:
 '[PII of type 'System.Text.StringBuilder' is hidden. For more details, see https://aka.ms/IdentityModel/PII.]'.
token: '[PII of type 'Microsoft.IdentityModel.JsonWebTokens.JsonWebToken' is hidden. For more details, see https://aka.ms/IdentityModel/PII.]'. See https://aka.ms/IDX10503 for details.
   at Microsoft.IdentityModel.JsonWebTokens.JsonWebTokenHandler.ValidateSignature(JsonWebToken jwtToken, TokenValidationParameters validationParameters, BaseConfiguration configuration)
   at Microsoft.IdentityModel.JsonWebTokens.JsonWebTokenHandler.ValidateSignatureAndIssuerSecurityKey(JsonWebToken jsonWebToken, TokenValidationParameters validationParameters, BaseConfiguration configuration)
   at Microsoft.IdentityModel.JsonWebTokens.JsonWebTokenHandler.ValidateJWSAsync(JsonWebToken jsonWebToken, TokenValidationParameters validationParameters, BaseConfiguration configuration)
2026-09-16 10:36:09.549 +03:00 [INF] Bearer was not authenticated. Failure message: IDX10517: Signature validation failed. The token's kid is missing. Keys tried: 'Microsoft.IdentityModel.Tokens.SymmetricSecurityKey, KeyId: '', InternalId: 'VNGqhB7kZ75afXrNakqPyb1WYggzQUo6Cgi8Kx2i7Zs'. , KeyId: 
'. Number of keys in TokenValidationParameters: '1'. 
Number of keys in Configuration: '0'. 
Exceptions caught:
 '[PII of type 'System.Text.StringBuilder' is hidden. For more details, see https://aka.ms/IdentityModel/PII.]'.
token: '[PII of type 'Microsoft.IdentityModel.JsonWebTokens.JsonWebToken' is hidden. For more details, see https://aka.ms/IdentityModel/PII.]'. See https://aka.ms/IDX10503 for details.
2026-09-16 10:36:09.553 +03:00 [INF] Executing endpoint 'CMS.API.Controllers.NotificationsController.GetNotifications (CMS.API)'
2026-09-16 10:36:09.557 +03:00 [INF] Route matched with {action = "GetNotifications", controller = "Notifications"}. Executing controller action with signature System.Threading.Tasks.Task`1[Microsoft.AspNetCore.Mvc.IActionResult] GetNotifications(System.Nullable`1[System.Int32], System.String) on controller CMS.API.Controllers.NotificationsController (CMS.API).
2026-09-16 10:36:09.569 +03:00 [INF] Executing OkObjectResult, writing value of type 'CMS.Shared.DTOs.ApiResponse`1[[System.Collections.Generic.List`1[[CMS.Shared.DTOs.NotificationItemDto, CMS.Shared, Version=1.0.0.0, Culture=neutral, PublicKeyToken=null]], System.Private.CoreLib, Version=8.0.0.0, Culture=neutral, PublicKeyToken=7cec85d7bea7798e]]'.
2026-09-16 10:36:09.574 +03:00 [INF] Executed action CMS.API.Controllers.NotificationsController.GetNotifications (CMS.API) in 10.2995ms
2026-09-16 10:36:09.578 +03:00 [INF] Executed endpoint 'CMS.API.Controllers.NotificationsController.GetNotifications (CMS.API)'
2026-09-16 10:36:09.582 +03:00 [INF] Request finished HTTP/1.1 GET http://localhost:5010/api/v1/notifications - 200 null application/json; charset=utf-8 52.5833ms
2026-09-16 10:36:18.249 +03:00 [INF] Request starting HTTP/1.1 POST http://localhost:5010/api/v1/telemed/telegram/webhook - application/json 418
2026-09-16 10:36:18.258 +03:00 [INF] Executing endpoint 'CMS.API.Controllers.TelemedController.TelegramInbound (CMS.API)'
2026-09-16 10:36:18.269 +03:00 [INF] Route matched with {action = "TelegramInbound", controller = "Telemed"}. Executing controller action with signature System.Threading.Tasks.Task`1[Microsoft.AspNetCore.Mvc.IActionResult] TelegramInbound(System.Text.Json.JsonElement) on controller CMS.API.Controllers.TelemedController (CMS.API).
2026-09-16 10:36:18.426 +03:00 [INF] Executing StatusCodeResult, setting HTTP status code 200
2026-09-16 10:36:18.429 +03:00 [INF] Executed action CMS.API.Controllers.TelemedController.TelegramInbound (CMS.API) in 155.1627ms
2026-09-16 10:36:18.434 +03:00 [INF] Executed endpoint 'CMS.API.Controllers.TelemedController.TelegramInbound (CMS.API)'
2026-09-16 10:36:18.437 +03:00 [INF] Request finished HTTP/1.1 POST http://localhost:5010/api/v1/telemed/telegram/webhook - 200 0 null 188.0108ms
2026-09-16 10:36:23.994 +03:00 [INF] Request starting HTTP/1.1 GET http://localhost:5010/api/v1/telemed/sessions - application/json null
2026-09-16 10:36:24.006 +03:00 [INF] Failed to validate the token.
Microsoft.IdentityModel.Tokens.SecurityTokenSignatureKeyNotFoundException: IDX10517: Signature validation failed. The token's kid is missing. Keys tried: 'Microsoft.IdentityModel.Tokens.SymmetricSecurityKey, KeyId: '', InternalId: 'VNGqhB7kZ75afXrNakqPyb1WYggzQUo6Cgi8Kx2i7Zs'. , KeyId: 
'. Number of keys in TokenValidationParameters: '1'. 
Number of keys in Configuration: '0'. 
Exceptions caught:
 '[PII of type 'System.Text.StringBuilder' is hidden. For more details, see https://aka.ms/IdentityModel/PII.]'.
token: '[PII of type 'Microsoft.IdentityModel.JsonWebTokens.JsonWebToken' is hidden. For more details, see https://aka.ms/IdentityModel/PII.]'. See https://aka.ms/IDX10503 for details.
   at Microsoft.IdentityModel.JsonWebTokens.JsonWebTokenHandler.ValidateSignature(JsonWebToken jwtToken, TokenValidationParameters validationParameters, BaseConfiguration configuration)
   at Microsoft.IdentityModel.JsonWebTokens.JsonWebTokenHandler.ValidateSignatureAndIssuerSecurityKey(JsonWebToken jsonWebToken, TokenValidationParameters validationParameters, BaseConfiguration configuration)
   at Microsoft.IdentityModel.JsonWebTokens.JsonWebTokenHandler.ValidateJWSAsync(JsonWebToken jsonWebToken, TokenValidationParameters validationParameters, BaseConfiguration configuration)
2026-09-16 10:36:24.015 +03:00 [INF] Bearer was not authenticated. Failure message: IDX10517: Signature validation failed. The token's kid is missing. Keys tried: 'Microsoft.IdentityModel.Tokens.SymmetricSecurityKey, KeyId: '', InternalId: 'VNGqhB7kZ75afXrNakqPyb1WYggzQUo6Cgi8Kx2i7Zs'. , KeyId: 
'. Number of keys in TokenValidationParameters: '1'. 
Number of keys in Configuration: '0'. 
Exceptions caught:
 '[PII of type 'System.Text.StringBuilder' is hidden. For more details, see https://aka.ms/IdentityModel/PII.]'.
token: '[PII of type 'Microsoft.IdentityModel.JsonWebTokens.JsonWebToken' is hidden. For more details, see https://aka.ms/IdentityModel/PII.]'. See https://aka.ms/IDX10503 for details.
2026-09-16 10:36:24.019 +03:00 [INF] Executing endpoint 'CMS.API.Controllers.TelemedController.GetSessions (CMS.API)'
2026-09-16 10:36:24.023 +03:00 [INF] Route matched with {action = "GetSessions", controller = "Telemed"}. Executing controller action with signature System.Threading.Tasks.Task`1[Microsoft.AspNetCore.Mvc.IActionResult] GetSessions(System.Nullable`1[System.Int32]) on controller CMS.API.Controllers.TelemedController (CMS.API).
2026-09-16 10:36:24.079 +03:00 [INF] Executing OkObjectResult, writing value of type 'CMS.Shared.DTOs.ApiResponse`1[[System.Collections.Generic.IEnumerable`1[[CMS.Shared.DTOs.TelemedSessionSummaryDto, CMS.Shared, Version=1.0.0.0, Culture=neutral, PublicKeyToken=null]], System.Private.CoreLib, Version=8.0.0.0, Culture=neutral, PublicKeyToken=7cec85d7bea7798e]]'.
2026-09-16 10:36:24.085 +03:00 [INF] Executed action CMS.API.Controllers.TelemedController.GetSessions (CMS.API) in 55.4481ms
2026-09-16 10:36:24.090 +03:00 [INF] Executed endpoint 'CMS.API.Controllers.TelemedController.GetSessions (CMS.API)'
2026-09-16 10:36:24.093 +03:00 [INF] Request finished HTTP/1.1 GET http://localhost:5010/api/v1/telemed/sessions - 200 null application/json; charset=utf-8 98.7103ms
2026-09-16 10:36:24.093 +03:00 [INF] Request starting HTTP/1.1 GET http://localhost:5010/api/v1/telemed/sessions - application/json null
2026-09-16 10:36:24.120 +03:00 [INF] Failed to validate the token.
Microsoft.IdentityModel.Tokens.SecurityTokenSignatureKeyNotFoundException: IDX10517: Signature validation failed. The token's kid is missing. Keys tried: 'Microsoft.IdentityModel.Tokens.SymmetricSecurityKey, KeyId: '', InternalId: 'VNGqhB7kZ75afXrNakqPyb1WYggzQUo6Cgi8Kx2i7Zs'. , KeyId: 
'. Number of keys in TokenValidationParameters: '1'. 
Number of keys in Configuration: '0'. 
Exceptions caught:
 '[PII of type 'System.Text.StringBuilder' is hidden. For more details, see https://aka.ms/IdentityModel/PII.]'.
token: '[PII of type 'Microsoft.IdentityModel.JsonWebTokens.JsonWebToken' is hidden. For more details, see https://aka.ms/IdentityModel/PII.]'. See https://aka.ms/IDX10503 for details.
   at Microsoft.IdentityModel.JsonWebTokens.JsonWebTokenHandler.ValidateSignature(JsonWebToken jwtToken, TokenValidationParameters validationParameters, BaseConfiguration configuration)
   at Microsoft.IdentityModel.JsonWebTokens.JsonWebTokenHandler.ValidateSignatureAndIssuerSecurityKey(JsonWebToken jsonWebToken, TokenValidationParameters validationParameters, BaseConfiguration configuration)
   at Microsoft.IdentityModel.JsonWebTokens.JsonWebTokenHandler.ValidateJWSAsync(JsonWebToken jsonWebToken, TokenValidationParameters validationParameters, BaseConfiguration configuration)
2026-09-16 10:36:24.127 +03:00 [INF] Bearer was not authenticated. Failure message: IDX10517: Signature validation failed. The token's kid is missing. Keys tried: 'Microsoft.IdentityModel.Tokens.SymmetricSecurityKey, KeyId: '', InternalId: 'VNGqhB7kZ75afXrNakqPyb1WYggzQUo6Cgi8Kx2i7Zs'. , KeyId: 
'. Number of keys in TokenValidationParameters: '1'. 
Number of keys in Configuration: '0'. 
Exceptions caught:
 '[PII of type 'System.Text.StringBuilder' is hidden. For more details, see https://aka.ms/IdentityModel/PII.]'.
token: '[PII of type 'Microsoft.IdentityModel.JsonWebTokens.JsonWebToken' is hidden. For more details, see https://aka.ms/IdentityModel/PII.]'. See https://aka.ms/IDX10503 for details.
2026-09-16 10:36:24.133 +03:00 [INF] Executing endpoint 'CMS.API.Controllers.TelemedController.GetSessions (CMS.API)'
2026-09-16 10:36:24.137 +03:00 [INF] Route matched with {action = "GetSessions", controller = "Telemed"}. Executing controller action with signature System.Threading.Tasks.Task`1[Microsoft.AspNetCore.Mvc.IActionResult] GetSessions(System.Nullable`1[System.Int32]) on controller CMS.API.Controllers.TelemedController (CMS.API).
2026-09-16 10:36:24.145 +03:00 [INF] Executing OkObjectResult, writing value of type 'CMS.Shared.DTOs.ApiResponse`1[[System.Collections.Generic.IEnumerable`1[[CMS.Shared.DTOs.TelemedSessionSummaryDto, CMS.Shared, Version=1.0.0.0, Culture=neutral, PublicKeyToken=null]], System.Private.CoreLib, Version=8.0.0.0, Culture=neutral, PublicKeyToken=7cec85d7bea7798e]]'.
2026-09-16 10:36:24.151 +03:00 [INF] Executed action CMS.API.Controllers.TelemedController.GetSessions (CMS.API) in 7.8545ms
2026-09-16 10:36:24.156 +03:00 [INF] Executed endpoint 'CMS.API.Controllers.TelemedController.GetSessions (CMS.API)'
2026-09-16 10:36:24.159 +03:00 [INF] Request finished HTTP/1.1 GET http://localhost:5010/api/v1/telemed/sessions - 200 null application/json; charset=utf-8 65.772ms
2026-09-16 10:36:24.541 +03:00 [INF] Request starting HTTP/1.1 GET http://localhost:5010/api/v1/notifications - application/json null
2026-09-16 10:36:24.551 +03:00 [INF] Failed to validate the token.
Microsoft.IdentityModel.Tokens.SecurityTokenSignatureKeyNotFoundException: IDX10517: Signature validation failed. The token's kid is missing. Keys tried: 'Microsoft.IdentityModel.Tokens.SymmetricSecurityKey, KeyId: '', InternalId: 'VNGqhB7kZ75afXrNakqPyb1WYggzQUo6Cgi8Kx2i7Zs'. , KeyId: 
'. Number of keys in TokenValidationParameters: '1'. 
Number of keys in Configuration: '0'. 
Exceptions caught:
 '[PII of type 'System.Text.StringBuilder' is hidden. For more details, see https://aka.ms/IdentityModel/PII.]'.
token: '[PII of type 'Microsoft.IdentityModel.JsonWebTokens.JsonWebToken' is hidden. For more details, see https://aka.ms/IdentityModel/PII.]'. See https://aka.ms/IDX10503 for details.
   at Microsoft.IdentityModel.JsonWebTokens.JsonWebTokenHandler.ValidateSignature(JsonWebToken jwtToken, TokenValidationParameters validationParameters, BaseConfiguration configuration)
   at Microsoft.IdentityModel.JsonWebTokens.JsonWebTokenHandler.ValidateSignatureAndIssuerSecurityKey(JsonWebToken jsonWebToken, TokenValidationParameters validationParameters, BaseConfiguration configuration)
   at Microsoft.IdentityModel.JsonWebTokens.JsonWebTokenHandler.ValidateJWSAsync(JsonWebToken jsonWebToken, TokenValidationParameters validationParameters, BaseConfiguration configuration)
2026-09-16 10:36:24.559 +03:00 [INF] Bearer was not authenticated. Failure message: IDX10517: Signature validation failed. The token's kid is missing. Keys tried: 'Microsoft.IdentityModel.Tokens.SymmetricSecurityKey, KeyId: '', InternalId: 'VNGqhB7kZ75afXrNakqPyb1WYggzQUo6Cgi8Kx2i7Zs'. , KeyId: 
'. Number of keys in TokenValidationParameters: '1'. 
Number of keys in Configuration: '0'. 
Exceptions caught:
 '[PII of type 'System.Text.StringBuilder' is hidden. For more details, see https://aka.ms/IdentityModel/PII.]'.
token: '[PII of type 'Microsoft.IdentityModel.JsonWebTokens.JsonWebToken' is hidden. For more details, see https://aka.ms/IdentityModel/PII.]'. See https://aka.ms/IDX10503 for details.
2026-09-16 10:36:24.563 +03:00 [INF] Executing endpoint 'CMS.API.Controllers.NotificationsController.GetNotifications (CMS.API)'
2026-09-16 10:36:24.568 +03:00 [INF] Route matched with {action = "GetNotifications", controller = "Notifications"}. Executing controller action with signature System.Threading.Tasks.Task`1[Microsoft.AspNetCore.Mvc.IActionResult] GetNotifications(System.Nullable`1[System.Int32], System.String) on controller CMS.API.Controllers.NotificationsController (CMS.API).
2026-09-16 10:36:24.578 +03:00 [INF] Executing OkObjectResult, writing value of type 'CMS.Shared.DTOs.ApiResponse`1[[System.Collections.Generic.List`1[[CMS.Shared.DTOs.NotificationItemDto, CMS.Shared, Version=1.0.0.0, Culture=neutral, PublicKeyToken=null]], System.Private.CoreLib, Version=8.0.0.0, Culture=neutral, PublicKeyToken=7cec85d7bea7798e]]'.
2026-09-16 10:36:24.583 +03:00 [INF] Executed action CMS.API.Controllers.NotificationsController.GetNotifications (CMS.API) in 9.6781ms
2026-09-16 10:36:24.587 +03:00 [INF] Executed endpoint 'CMS.API.Controllers.NotificationsController.GetNotifications (CMS.API)'
2026-09-16 10:36:24.590 +03:00 [INF] Request finished HTTP/1.1 GET http://localhost:5010/api/v1/notifications - 200 null application/json; charset=utf-8 48.4498ms
2026-09-16 10:36:38.996 +03:00 [INF] Request starting HTTP/1.1 GET http://localhost:5010/api/v1/telemed/sessions - application/json null
2026-09-16 10:36:39.015 +03:00 [INF] Failed to validate the token.
Microsoft.IdentityModel.Tokens.SecurityTokenSignatureKeyNotFoundException: IDX10517: Signature validation failed. The token's kid is missing. Keys tried: 'Microsoft.IdentityModel.Tokens.SymmetricSecurityKey, KeyId: '', InternalId: 'VNGqhB7kZ75afXrNakqPyb1WYggzQUo6Cgi8Kx2i7Zs'. , KeyId: 
'. Number of keys in TokenValidationParameters: '1'. 
Number of keys in Configuration: '0'. 
Exceptions caught:
 '[PII of type 'System.Text.StringBuilder' is hidden. For more details, see https://aka.ms/IdentityModel/PII.]'.
token: '[PII of type 'Microsoft.IdentityModel.JsonWebTokens.JsonWebToken' is hidden. For more details, see https://aka.ms/IdentityModel/PII.]'. See https://aka.ms/IDX10503 for details.
   at Microsoft.IdentityModel.JsonWebTokens.JsonWebTokenHandler.ValidateSignature(JsonWebToken jwtToken, TokenValidationParameters validationParameters, BaseConfiguration configuration)
   at Microsoft.IdentityModel.JsonWebTokens.JsonWebTokenHandler.ValidateSignatureAndIssuerSecurityKey(JsonWebToken jsonWebToken, TokenValidationParameters validationParameters, BaseConfiguration configuration)
   at Microsoft.IdentityModel.JsonWebTokens.JsonWebTokenHandler.ValidateJWSAsync(JsonWebToken jsonWebToken, TokenValidationParameters validationParameters, BaseConfiguration configuration)
2026-09-16 10:36:39.034 +03:00 [INF] Bearer was not authenticated. Failure message: IDX10517: Signature validation failed. The token's kid is missing. Keys tried: 'Microsoft.IdentityModel.Tokens.SymmetricSecurityKey, KeyId: '', InternalId: 'VNGqhB7kZ75afXrNakqPyb1WYggzQUo6Cgi8Kx2i7Zs'. , KeyId: 
'. Number of keys in TokenValidationParameters: '1'. 
Number of keys in Configuration: '0'. 
Exceptions caught:
 '[PII of type 'System.Text.StringBuilder' is hidden. For more details, see https://aka.ms/IdentityModel/PII.]'.
token: '[PII of type 'Microsoft.IdentityModel.JsonWebTokens.JsonWebToken' is hidden. For more details, see https://aka.ms/IdentityModel/PII.]'. See https://aka.ms/IDX10503 for details.
2026-09-16 10:36:39.042 +03:00 [INF] Executing endpoint 'CMS.API.Controllers.TelemedController.GetSessions (CMS.API)'
2026-09-16 10:36:39.046 +03:00 [INF] Route matched with {action = "GetSessions", controller = "Telemed"}. Executing controller action with signature System.Threading.Tasks.Task`1[Microsoft.AspNetCore.Mvc.IActionResult] GetSessions(System.Nullable`1[System.Int32]) on controller CMS.API.Controllers.TelemedController (CMS.API).
2026-09-16 10:36:39.129 +03:00 [INF] Executing OkObjectResult, writing value of type 'CMS.Shared.DTOs.ApiResponse`1[[System.Collections.Generic.IEnumerable`1[[CMS.Shared.DTOs.TelemedSessionSummaryDto, CMS.Shared, Version=1.0.0.0, Culture=neutral, PublicKeyToken=null]], System.Private.CoreLib, Version=8.0.0.0, Culture=neutral, PublicKeyToken=7cec85d7bea7798e]]'.
2026-09-16 10:36:39.135 +03:00 [INF] Executed action CMS.API.Controllers.TelemedController.GetSessions (CMS.API) in 81.5295ms
2026-09-16 10:36:39.139 +03:00 [INF] Executed endpoint 'CMS.API.Controllers.TelemedController.GetSessions (CMS.API)'
2026-09-16 10:36:39.144 +03:00 [INF] Request finished HTTP/1.1 GET http://localhost:5010/api/v1/telemed/sessions - 200 null application/json; charset=utf-8 147.3326ms
2026-09-16 10:36:39.541 +03:00 [INF] Request starting HTTP/1.1 GET http://localhost:5010/api/v1/notifications - application/json null
2026-09-16 10:36:39.551 +03:00 [INF] Failed to validate the token.
Microsoft.IdentityModel.Tokens.SecurityTokenSignatureKeyNotFoundException: IDX10517: Signature validation failed. The token's kid is missing. Keys tried: 'Microsoft.IdentityModel.Tokens.SymmetricSecurityKey, KeyId: '', InternalId: 'VNGqhB7kZ75afXrNakqPyb1WYggzQUo6Cgi8Kx2i7Zs'. , KeyId: 
'. Number of keys in TokenValidationParameters: '1'. 
Number of keys in Configuration: '0'. 
Exceptions caught:
 '[PII of type 'System.Text.StringBuilder' is hidden. For more details, see https://aka.ms/IdentityModel/PII.]'.
token: '[PII of type 'Microsoft.IdentityModel.JsonWebTokens.JsonWebToken' is hidden. For more details, see https://aka.ms/IdentityModel/PII.]'. See https://aka.ms/IDX10503 for details.
   at Microsoft.IdentityModel.JsonWebTokens.JsonWebTokenHandler.ValidateSignature(JsonWebToken jwtToken, TokenValidationParameters validationParameters, BaseConfiguration configuration)
   at Microsoft.IdentityModel.JsonWebTokens.JsonWebTokenHandler.ValidateSignatureAndIssuerSecurityKey(JsonWebToken jsonWebToken, TokenValidationParameters validationParameters, BaseConfiguration configuration)
   at Microsoft.IdentityModel.JsonWebTokens.JsonWebTokenHandler.ValidateJWSAsync(JsonWebToken jsonWebToken, TokenValidationParameters validationParameters, BaseConfiguration configuration)
2026-09-16 10:36:39.559 +03:00 [INF] Bearer was not authenticated. Failure message: IDX10517: Signature validation failed. The token's kid is missing. Keys tried: 'Microsoft.IdentityModel.Tokens.SymmetricSecurityKey, KeyId: '', InternalId: 'VNGqhB7kZ75afXrNakqPyb1WYggzQUo6Cgi8Kx2i7Zs'. , KeyId: 
'. Number of keys in TokenValidationParameters: '1'. 
Number of keys in Configuration: '0'. 
Exceptions caught:
 '[PII of type 'System.Text.StringBuilder' is hidden. For more details, see https://aka.ms/IdentityModel/PII.]'.
token: '[PII of type 'Microsoft.IdentityModel.JsonWebTokens.JsonWebToken' is hidden. For more details, see https://aka.ms/IdentityModel/PII.]'. See https://aka.ms/IDX10503 for details.
2026-09-16 10:36:39.563 +03:00 [INF] Executing endpoint 'CMS.API.Controllers.NotificationsController.GetNotifications (CMS.API)'
2026-09-16 10:36:39.568 +03:00 [INF] Route matched with {action = "GetNotifications", controller = "Notifications"}. Executing controller action with signature System.Threading.Tasks.Task`1[Microsoft.AspNetCore.Mvc.IActionResult] GetNotifications(System.Nullable`1[System.Int32], System.String) on controller CMS.API.Controllers.NotificationsController (CMS.API).
2026-09-16 10:36:39.590 +03:00 [INF] Executing OkObjectResult, writing value of type 'CMS.Shared.DTOs.ApiResponse`1[[System.Collections.Generic.List`1[[CMS.Shared.DTOs.NotificationItemDto, CMS.Shared, Version=1.0.0.0, Culture=neutral, PublicKeyToken=null]], System.Private.CoreLib, Version=8.0.0.0, Culture=neutral, PublicKeyToken=7cec85d7bea7798e]]'.
2026-09-16 10:36:39.596 +03:00 [INF] Executed action CMS.API.Controllers.NotificationsController.GetNotifications (CMS.API) in 21.9641ms
2026-09-16 10:36:39.600 +03:00 [INF] Executed endpoint 'CMS.API.Controllers.NotificationsController.GetNotifications (CMS.API)'
2026-09-16 10:36:39.604 +03:00 [INF] Request finished HTTP/1.1 GET http://localhost:5010/api/v1/notifications - 200 null application/json; charset=utf-8 62.8691ms
2026-09-16 10:36:43.363 +03:00 [INF] Request starting HTTP/1.1 GET http://localhost:5010/api/v1/billing/invoices - application/json null
2026-09-16 10:36:43.365 +03:00 [INF] Request starting HTTP/1.1 GET http://localhost:5010/api/v1/patients/search - application/json null
2026-09-16 10:36:43.366 +03:00 [INF] Request starting HTTP/1.1 GET http://localhost:5010/api/v1/settings - application/json null
2026-09-16 10:36:43.367 +03:00 [INF] Request starting HTTP/1.1 GET http://localhost:5010/api/v1/billing/insurance/providers - application/json null
2026-09-16 10:36:43.367 +03:00 [INF] Request starting HTTP/1.1 GET http://localhost:5010/api/v1/billing/insurance/claims - application/json null
2026-09-16 10:36:43.432 +03:00 [INF] Failed to validate the token.
Microsoft.IdentityModel.Tokens.SecurityTokenSignatureKeyNotFoundException: IDX10517: Signature validation failed. The token's kid is missing. Keys tried: 'Microsoft.IdentityModel.Tokens.SymmetricSecurityKey, KeyId: '', InternalId: 'VNGqhB7kZ75afXrNakqPyb1WYggzQUo6Cgi8Kx2i7Zs'. , KeyId: 
'. Number of keys in TokenValidationParameters: '1'. 
Number of keys in Configuration: '0'. 
Exceptions caught:
 '[PII of type 'System.Text.StringBuilder' is hidden. For more details, see https://aka.ms/IdentityModel/PII.]'.
token: '[PII of type 'Microsoft.IdentityModel.JsonWebTokens.JsonWebToken' is hidden. For more details, see https://aka.ms/IdentityModel/PII.]'. See https://aka.ms/IDX10503 for details.
   at Microsoft.IdentityModel.JsonWebTokens.JsonWebTokenHandler.ValidateSignature(JsonWebToken jwtToken, TokenValidationParameters validationParameters, BaseConfiguration configuration)
   at Microsoft.IdentityModel.JsonWebTokens.JsonWebTokenHandler.ValidateSignatureAndIssuerSecurityKey(JsonWebToken jsonWebToken, TokenValidationParameters validationParameters, BaseConfiguration configuration)
   at Microsoft.IdentityModel.JsonWebTokens.JsonWebTokenHandler.ValidateJWSAsync(JsonWebToken jsonWebToken, TokenValidationParameters validationParameters, BaseConfiguration configuration)
2026-09-16 10:36:43.467 +03:00 [INF] Failed to validate the token.
Microsoft.IdentityModel.Tokens.SecurityTokenSignatureKeyNotFoundException: IDX10517: Signature validation failed. The token's kid is missing. Keys tried: 'Microsoft.IdentityModel.Tokens.SymmetricSecurityKey, KeyId: '', InternalId: 'VNGqhB7kZ75afXrNakqPyb1WYggzQUo6Cgi8Kx2i7Zs'. , KeyId: 
'. Number of keys in TokenValidationParameters: '1'. 
Number of keys in Configuration: '0'. 
Exceptions caught:
 '[PII of type 'System.Text.StringBuilder' is hidden. For more details, see https://aka.ms/IdentityModel/PII.]'.
token: '[PII of type 'Microsoft.IdentityModel.JsonWebTokens.JsonWebToken' is hidden. For more details, see https://aka.ms/IdentityModel/PII.]'. See https://aka.ms/IDX10503 for details.
   at Microsoft.IdentityModel.JsonWebTokens.JsonWebTokenHandler.ValidateSignature(JsonWebToken jwtToken, TokenValidationParameters validationParameters, BaseConfiguration configuration)
   at Microsoft.IdentityModel.JsonWebTokens.JsonWebTokenHandler.ValidateSignatureAndIssuerSecurityKey(JsonWebToken jsonWebToken, TokenValidationParameters validationParameters, BaseConfiguration configuration)
   at Microsoft.IdentityModel.JsonWebTokens.JsonWebTokenHandler.ValidateJWSAsync(JsonWebToken jsonWebToken, TokenValidationParameters validationParameters, BaseConfiguration configuration)
2026-09-16 10:36:43.478 +03:00 [INF] Failed to validate the token.
Microsoft.IdentityModel.Tokens.SecurityTokenSignatureKeyNotFoundException: IDX10517: Signature validation failed. The token's kid is missing. Keys tried: 'Microsoft.IdentityModel.Tokens.SymmetricSecurityKey, KeyId: '', InternalId: 'VNGqhB7kZ75afXrNakqPyb1WYggzQUo6Cgi8Kx2i7Zs'. , KeyId: 
'. Number of keys in TokenValidationParameters: '1'. 
Number of keys in Configuration: '0'. 
Exceptions caught:
 '[PII of type 'System.Text.StringBuilder' is hidden. For more details, see https://aka.ms/IdentityModel/PII.]'.
token: '[PII of type 'Microsoft.IdentityModel.JsonWebTokens.JsonWebToken' is hidden. For more details, see https://aka.ms/IdentityModel/PII.]'. See https://aka.ms/IDX10503 for details.
   at Microsoft.IdentityModel.JsonWebTokens.JsonWebTokenHandler.ValidateSignature(JsonWebToken jwtToken, TokenValidationParameters validationParameters, BaseConfiguration configuration)
   at Microsoft.IdentityModel.JsonWebTokens.JsonWebTokenHandler.ValidateSignatureAndIssuerSecurityKey(JsonWebToken jsonWebToken, TokenValidationParameters validationParameters, BaseConfiguration configuration)
   at Microsoft.IdentityModel.JsonWebTokens.JsonWebTokenHandler.ValidateJWSAsync(JsonWebToken jsonWebToken, TokenValidationParameters validationParameters, BaseConfiguration configuration)
2026-09-16 10:36:43.591 +03:00 [INF] Failed to validate the token.
Microsoft.IdentityModel.Tokens.SecurityTokenSignatureKeyNotFoundException: IDX10517: Signature validation failed. The token's kid is missing. Keys tried: 'Microsoft.IdentityModel.Tokens.SymmetricSecurityKey, KeyId: '', InternalId: 'VNGqhB7kZ75afXrNakqPyb1WYggzQUo6Cgi8Kx2i7Zs'. , KeyId: 
'. Number of keys in TokenValidationParameters: '1'. 
Number of keys in Configuration: '0'. 
Exceptions caught:
 '[PII of type 'System.Text.StringBuilder' is hidden. For more details, see https://aka.ms/IdentityModel/PII.]'.
token: '[PII of type 'Microsoft.IdentityModel.JsonWebTokens.JsonWebToken' is hidden. For more details, see https://aka.ms/IdentityModel/PII.]'. See https://aka.ms/IDX10503 for details.
   at Microsoft.IdentityModel.JsonWebTokens.JsonWebTokenHandler.ValidateSignature(JsonWebToken jwtToken, TokenValidationParameters validationParameters, BaseConfiguration configuration)
   at Microsoft.IdentityModel.JsonWebTokens.JsonWebTokenHandler.ValidateSignatureAndIssuerSecurityKey(JsonWebToken jsonWebToken, TokenValidationParameters validationParameters, BaseConfiguration configuration)
   at Microsoft.IdentityModel.JsonWebTokens.JsonWebTokenHandler.ValidateJWSAsync(JsonWebToken jsonWebToken, TokenValidationParameters validationParameters, BaseConfiguration configuration)
2026-09-16 10:36:43.613 +03:00 [INF] Failed to validate the token.
Microsoft.IdentityModel.Tokens.SecurityTokenSignatureKeyNotFoundException: IDX10517: Signature validation failed. The token's kid is missing. Keys tried: 'Microsoft.IdentityModel.Tokens.SymmetricSecurityKey, KeyId: '', InternalId: 'VNGqhB7kZ75afXrNakqPyb1WYggzQUo6Cgi8Kx2i7Zs'. , KeyId: 
'. Number of keys in TokenValidationParameters: '1'. 
Number of keys in Configuration: '0'. 
Exceptions caught:
 '[PII of type 'System.Text.StringBuilder' is hidden. For more details, see https://aka.ms/IdentityModel/PII.]'.
token: '[PII of type 'Microsoft.IdentityModel.JsonWebTokens.JsonWebToken' is hidden. For more details, see https://aka.ms/IdentityModel/PII.]'. See https://aka.ms/IDX10503 for details.
   at Microsoft.IdentityModel.JsonWebTokens.JsonWebTokenHandler.ValidateSignature(JsonWebToken jwtToken, TokenValidationParameters validationParameters, BaseConfiguration configuration)
   at Microsoft.IdentityModel.JsonWebTokens.JsonWebTokenHandler.ValidateSignatureAndIssuerSecurityKey(JsonWebToken jsonWebToken, TokenValidationParameters validationParameters, BaseConfiguration configuration)
   at Microsoft.IdentityModel.JsonWebTokens.JsonWebTokenHandler.ValidateJWSAsync(JsonWebToken jsonWebToken, TokenValidationParameters validationParameters, BaseConfiguration configuration)
2026-09-16 10:36:43.639 +03:00 [INF] Bearer was not authenticated. Failure message: IDX10517: Signature validation failed. The token's kid is missing. Keys tried: 'Microsoft.IdentityModel.Tokens.SymmetricSecurityKey, KeyId: '', InternalId: 'VNGqhB7kZ75afXrNakqPyb1WYggzQUo6Cgi8Kx2i7Zs'. , KeyId: 
'. Number of keys in TokenValidationParameters: '1'. 
Number of keys in Configuration: '0'. 
Exceptions caught:
 '[PII of type 'System.Text.StringBuilder' is hidden. For more details, see https://aka.ms/IdentityModel/PII.]'.
token: '[PII of type 'Microsoft.IdentityModel.JsonWebTokens.JsonWebToken' is hidden. For more details, see https://aka.ms/IdentityModel/PII.]'. See https://aka.ms/IDX10503 for details.
2026-09-16 10:36:43.666 +03:00 [INF] Bearer was not authenticated. Failure message: IDX10517: Signature validation failed. The token's kid is missing. Keys tried: 'Microsoft.IdentityModel.Tokens.SymmetricSecurityKey, KeyId: '', InternalId: 'VNGqhB7kZ75afXrNakqPyb1WYggzQUo6Cgi8Kx2i7Zs'. , KeyId: 
'. Number of keys in TokenValidationParameters: '1'. 
Number of keys in Configuration: '0'. 
Exceptions caught:
 '[PII of type 'System.Text.StringBuilder' is hidden. For more details, see https://aka.ms/IdentityModel/PII.]'.
token: '[PII of type 'Microsoft.IdentityModel.JsonWebTokens.JsonWebToken' is hidden. For more details, see https://aka.ms/IdentityModel/PII.]'. See https://aka.ms/IDX10503 for details.
2026-09-16 10:36:43.692 +03:00 [INF] Bearer was not authenticated. Failure message: IDX10517: Signature validation failed. The token's kid is missing. Keys tried: 'Microsoft.IdentityModel.Tokens.SymmetricSecurityKey, KeyId: '', InternalId: 'VNGqhB7kZ75afXrNakqPyb1WYggzQUo6Cgi8Kx2i7Zs'. , KeyId: 
'. Number of keys in TokenValidationParameters: '1'. 
Number of keys in Configuration: '0'. 
Exceptions caught:
 '[PII of type 'System.Text.StringBuilder' is hidden. For more details, see https://aka.ms/IdentityModel/PII.]'.
token: '[PII of type 'Microsoft.IdentityModel.JsonWebTokens.JsonWebToken' is hidden. For more details, see https://aka.ms/IdentityModel/PII.]'. See https://aka.ms/IDX10503 for details.
2026-09-16 10:36:43.711 +03:00 [INF] Bearer was not authenticated. Failure message: IDX10517: Signature validation failed. The token's kid is missing. Keys tried: 'Microsoft.IdentityModel.Tokens.SymmetricSecurityKey, KeyId: '', InternalId: 'VNGqhB7kZ75afXrNakqPyb1WYggzQUo6Cgi8Kx2i7Zs'. , KeyId: 
'. Number of keys in TokenValidationParameters: '1'. 
Number of keys in Configuration: '0'. 
Exceptions caught:
 '[PII of type 'System.Text.StringBuilder' is hidden. For more details, see https://aka.ms/IdentityModel/PII.]'.
token: '[PII of type 'Microsoft.IdentityModel.JsonWebTokens.JsonWebToken' is hidden. For more details, see https://aka.ms/IdentityModel/PII.]'. See https://aka.ms/IDX10503 for details.
2026-09-16 10:36:43.727 +03:00 [INF] Bearer was not authenticated. Failure message: IDX10517: Signature validation failed. The token's kid is missing. Keys tried: 'Microsoft.IdentityModel.Tokens.SymmetricSecurityKey, KeyId: '', InternalId: 'VNGqhB7kZ75afXrNakqPyb1WYggzQUo6Cgi8Kx2i7Zs'. , KeyId: 
'. Number of keys in TokenValidationParameters: '1'. 
Number of keys in Configuration: '0'. 
Exceptions caught:
 '[PII of type 'System.Text.StringBuilder' is hidden. For more details, see https://aka.ms/IdentityModel/PII.]'.
token: '[PII of type 'Microsoft.IdentityModel.JsonWebTokens.JsonWebToken' is hidden. For more details, see https://aka.ms/IdentityModel/PII.]'. See https://aka.ms/IDX10503 for details.
2026-09-16 10:36:43.731 +03:00 [INF] Executing endpoint 'CMS.API.Controllers.BillingController.GetInvoices (CMS.API)'
2026-09-16 10:36:43.735 +03:00 [INF] Executing endpoint 'CMS.API.Controllers.PatientsController.Search (CMS.API)'
2026-09-16 10:36:43.739 +03:00 [INF] Executing endpoint 'CMS.API.Controllers.SettingsController.GetSettings (CMS.API)'
2026-09-16 10:36:43.744 +03:00 [INF] Executing endpoint 'CMS.API.Controllers.BillingController.GetInsuranceProviders (CMS.API)'
2026-09-16 10:36:43.748 +03:00 [INF] Executing endpoint 'CMS.API.Controllers.BillingController.GetInsuranceClaims (CMS.API)'
2026-09-16 10:36:43.752 +03:00 [INF] Route matched with {action = "GetInvoices", controller = "Billing"}. Executing controller action with signature System.Threading.Tasks.Task`1[Microsoft.AspNetCore.Mvc.IActionResult] GetInvoices() on controller CMS.API.Controllers.BillingController (CMS.API).
2026-09-16 10:36:43.790 +03:00 [INF] Route matched with {action = "Search", controller = "Patients"}. Executing controller action with signature System.Threading.Tasks.Task`1[Microsoft.AspNetCore.Mvc.IActionResult] Search(System.String, Int32) on controller CMS.API.Controllers.PatientsController (CMS.API).
2026-09-16 10:36:43.793 +03:00 [INF] Route matched with {action = "GetSettings", controller = "Settings"}. Executing controller action with signature System.Threading.Tasks.Task`1[Microsoft.AspNetCore.Mvc.IActionResult] GetSettings() on controller CMS.API.Controllers.SettingsController (CMS.API).
2026-09-16 10:36:43.803 +03:00 [INF] Route matched with {action = "GetInsuranceProviders", controller = "Billing"}. Executing controller action with signature System.Threading.Tasks.Task`1[Microsoft.AspNetCore.Mvc.IActionResult] GetInsuranceProviders() on controller CMS.API.Controllers.BillingController (CMS.API).
2026-09-16 10:36:43.806 +03:00 [INF] Route matched with {action = "GetInsuranceClaims", controller = "Billing"}. Executing controller action with signature System.Threading.Tasks.Task`1[Microsoft.AspNetCore.Mvc.IActionResult] GetInsuranceClaims() on controller CMS.API.Controllers.BillingController (CMS.API).
2026-09-16 10:36:43.815 +03:00 [INF] Executing OkObjectResult, writing value of type 'CMS.Shared.DTOs.ApiResponse`1[[System.Collections.Generic.List`1[[CMS.Shared.DTOs.PatientDto, CMS.Shared, Version=1.0.0.0, Culture=neutral, PublicKeyToken=null]], System.Private.CoreLib, Version=8.0.0.0, Culture=neutral, PublicKeyToken=7cec85d7bea7798e]]'.
2026-09-16 10:36:43.829 +03:00 [INF] Executing OkObjectResult, writing value of type 'CMS.Shared.DTOs.ApiResponse`1[[System.Collections.Generic.List`1[[CMS.Shared.DTOs.ClinicSettingDto, CMS.Shared, Version=1.0.0.0, Culture=neutral, PublicKeyToken=null]], System.Private.CoreLib, Version=8.0.0.0, Culture=neutral, PublicKeyToken=7cec85d7bea7798e]]'.
2026-09-16 10:36:43.840 +03:00 [INF] Executed action CMS.API.Controllers.PatientsController.Search (CMS.API) in 27.5423ms
2026-09-16 10:36:43.850 +03:00 [INF] Executing OkObjectResult, writing value of type 'CMS.Shared.DTOs.ApiResponse`1[[System.Collections.Generic.List`1[[CMS.Shared.DTOs.InsuranceProviderDto, CMS.Shared, Version=1.0.0.0, Culture=neutral, PublicKeyToken=null]], System.Private.CoreLib, Version=8.0.0.0, Culture=neutral, PublicKeyToken=7cec85d7bea7798e]]'.
2026-09-16 10:36:43.852 +03:00 [INF] Executed action CMS.API.Controllers.SettingsController.GetSettings (CMS.API) in 32.9963ms
2026-09-16 10:36:43.852 +03:00 [INF] Request starting HTTP/1.1 GET http://localhost:5010/api/v1/patients/search - application/json null
2026-09-16 10:36:43.857 +03:00 [INF] Executing OkObjectResult, writing value of type 'CMS.Shared.DTOs.ApiResponse`1[[System.Collections.Generic.List`1[[CMS.Shared.DTOs.InvoiceDto, CMS.Shared, Version=1.0.0.0, Culture=neutral, PublicKeyToken=null]], System.Private.CoreLib, Version=8.0.0.0, Culture=neutral, PublicKeyToken=7cec85d7bea7798e]]'.
2026-09-16 10:36:43.859 +03:00 [INF] Executed endpoint 'CMS.API.Controllers.PatientsController.Search (CMS.API)'
2026-09-16 10:36:43.868 +03:00 [INF] Executing OkObjectResult, writing value of type 'CMS.Shared.DTOs.ApiResponse`1[[System.Collections.Generic.List`1[[CMS.Shared.DTOs.InsuranceClaimDto, CMS.Shared, Version=1.0.0.0, Culture=neutral, PublicKeyToken=null]], System.Private.CoreLib, Version=8.0.0.0, Culture=neutral, PublicKeyToken=7cec85d7bea7798e]]'.
2026-09-16 10:36:43.870 +03:00 [INF] Executed endpoint 'CMS.API.Controllers.SettingsController.GetSettings (CMS.API)'
2026-09-16 10:36:43.873 +03:00 [INF] Executed action CMS.API.Controllers.BillingController.GetInsuranceProviders (CMS.API) in 45.4842ms
2026-09-16 10:36:43.881 +03:00 [INF] Failed to validate the token.
Microsoft.IdentityModel.Tokens.SecurityTokenSignatureKeyNotFoundException: IDX10517: Signature validation failed. The token's kid is missing. Keys tried: 'Microsoft.IdentityModel.Tokens.SymmetricSecurityKey, KeyId: '', InternalId: 'VNGqhB7kZ75afXrNakqPyb1WYggzQUo6Cgi8Kx2i7Zs'. , KeyId: 
'. Number of keys in TokenValidationParameters: '1'. 
Number of keys in Configuration: '0'. 
Exceptions caught:
 '[PII of type 'System.Text.StringBuilder' is hidden. For more details, see https://aka.ms/IdentityModel/PII.]'.
token: '[PII of type 'Microsoft.IdentityModel.JsonWebTokens.JsonWebToken' is hidden. For more details, see https://aka.ms/IdentityModel/PII.]'. See https://aka.ms/IDX10503 for details.
   at Microsoft.IdentityModel.JsonWebTokens.JsonWebTokenHandler.ValidateSignature(JsonWebToken jwtToken, TokenValidationParameters validationParameters, BaseConfiguration configuration)
   at Microsoft.IdentityModel.JsonWebTokens.JsonWebTokenHandler.ValidateSignatureAndIssuerSecurityKey(JsonWebToken jsonWebToken, TokenValidationParameters validationParameters, BaseConfiguration configuration)
   at Microsoft.IdentityModel.JsonWebTokens.JsonWebTokenHandler.ValidateJWSAsync(JsonWebToken jsonWebToken, TokenValidationParameters validationParameters, BaseConfiguration configuration)
2026-09-16 10:36:43.884 +03:00 [INF] Executed action CMS.API.Controllers.BillingController.GetInvoices (CMS.API) in 78.213ms
2026-09-16 10:36:43.888 +03:00 [INF] Request finished HTTP/1.1 GET http://localhost:5010/api/v1/patients/search - 200 null application/json; charset=utf-8 523.3663ms
2026-09-16 10:36:43.896 +03:00 [INF] Request starting HTTP/1.1 GET http://localhost:5010/api/v1/settings - application/json null
2026-09-16 10:36:43.899 +03:00 [INF] Executed action CMS.API.Controllers.BillingController.GetInsuranceClaims (CMS.API) in 65.0526ms
2026-09-16 10:36:43.900 +03:00 [INF] Request finished HTTP/1.1 GET http://localhost:5010/api/v1/settings - 200 null application/json; charset=utf-8 534.1534ms
2026-09-16 10:36:43.906 +03:00 [INF] Executed endpoint 'CMS.API.Controllers.BillingController.GetInsuranceProviders (CMS.API)'
2026-09-16 10:36:43.909 +03:00 [INF] Request starting HTTP/1.1 GET http://localhost:5010/api/v1/billing/insurance/providers - application/json null
2026-09-16 10:36:43.916 +03:00 [INF] Bearer was not authenticated. Failure message: IDX10517: Signature validation failed. The token's kid is missing. Keys tried: 'Microsoft.IdentityModel.Tokens.SymmetricSecurityKey, KeyId: '', InternalId: 'VNGqhB7kZ75afXrNakqPyb1WYggzQUo6Cgi8Kx2i7Zs'. , KeyId: 
'. Number of keys in TokenValidationParameters: '1'. 
Number of keys in Configuration: '0'. 
Exceptions caught:
 '[PII of type 'System.Text.StringBuilder' is hidden. For more details, see https://aka.ms/IdentityModel/PII.]'.
token: '[PII of type 'Microsoft.IdentityModel.JsonWebTokens.JsonWebToken' is hidden. For more details, see https://aka.ms/IdentityModel/PII.]'. See https://aka.ms/IDX10503 for details.
2026-09-16 10:36:43.920 +03:00 [INF] Executed endpoint 'CMS.API.Controllers.BillingController.GetInvoices (CMS.API)'
2026-09-16 10:36:43.938 +03:00 [INF] Failed to validate the token.
Microsoft.IdentityModel.Tokens.SecurityTokenSignatureKeyNotFoundException: IDX10517: Signature validation failed. The token's kid is missing. Keys tried: 'Microsoft.IdentityModel.Tokens.SymmetricSecurityKey, KeyId: '', InternalId: 'VNGqhB7kZ75afXrNakqPyb1WYggzQUo6Cgi8Kx2i7Zs'. , KeyId: 
'. Number of keys in TokenValidationParameters: '1'. 
Number of keys in Configuration: '0'. 
Exceptions caught:
 '[PII of type 'System.Text.StringBuilder' is hidden. For more details, see https://aka.ms/IdentityModel/PII.]'.
token: '[PII of type 'Microsoft.IdentityModel.JsonWebTokens.JsonWebToken' is hidden. For more details, see https://aka.ms/IdentityModel/PII.]'. See https://aka.ms/IDX10503 for details.
   at Microsoft.IdentityModel.JsonWebTokens.JsonWebTokenHandler.ValidateSignature(JsonWebToken jwtToken, TokenValidationParameters validationParameters, BaseConfiguration configuration)
   at Microsoft.IdentityModel.JsonWebTokens.JsonWebTokenHandler.ValidateSignatureAndIssuerSecurityKey(JsonWebToken jsonWebToken, TokenValidationParameters validationParameters, BaseConfiguration configuration)
   at Microsoft.IdentityModel.JsonWebTokens.JsonWebTokenHandler.ValidateJWSAsync(JsonWebToken jsonWebToken, TokenValidationParameters validationParameters, BaseConfiguration configuration)
2026-09-16 10:36:43.941 +03:00 [INF] Executed endpoint 'CMS.API.Controllers.BillingController.GetInsuranceClaims (CMS.API)'
2026-09-16 10:36:43.954 +03:00 [INF] Request finished HTTP/1.1 GET http://localhost:5010/api/v1/billing/insurance/providers - 200 null application/json; charset=utf-8 586.829ms
2026-09-16 10:36:43.962 +03:00 [INF] Failed to validate the token.
Microsoft.IdentityModel.Tokens.SecurityTokenSignatureKeyNotFoundException: IDX10517: Signature validation failed. The token's kid is missing. Keys tried: 'Microsoft.IdentityModel.Tokens.SymmetricSecurityKey, KeyId: '', InternalId: 'VNGqhB7kZ75afXrNakqPyb1WYggzQUo6Cgi8Kx2i7Zs'. , KeyId: 
'. Number of keys in TokenValidationParameters: '1'. 
Number of keys in Configuration: '0'. 
Exceptions caught:
 '[PII of type 'System.Text.StringBuilder' is hidden. For more details, see https://aka.ms/IdentityModel/PII.]'.
token: '[PII of type 'Microsoft.IdentityModel.JsonWebTokens.JsonWebToken' is hidden. For more details, see https://aka.ms/IdentityModel/PII.]'. See https://aka.ms/IDX10503 for details.
   at Microsoft.IdentityModel.JsonWebTokens.JsonWebTokenHandler.ValidateSignature(JsonWebToken jwtToken, TokenValidationParameters validationParameters, BaseConfiguration configuration)
   at Microsoft.IdentityModel.JsonWebTokens.JsonWebTokenHandler.ValidateSignatureAndIssuerSecurityKey(JsonWebToken jsonWebToken, TokenValidationParameters validationParameters, BaseConfiguration configuration)
   at Microsoft.IdentityModel.JsonWebTokens.JsonWebTokenHandler.ValidateJWSAsync(JsonWebToken jsonWebToken, TokenValidationParameters validationParameters, BaseConfiguration configuration)
2026-09-16 10:36:43.966 +03:00 [INF] Executing endpoint 'CMS.API.Controllers.PatientsController.Search (CMS.API)'
2026-09-16 10:36:43.970 +03:00 [INF] Request finished HTTP/1.1 GET http://localhost:5010/api/v1/billing/invoices - 200 null application/json; charset=utf-8 606.3484ms
2026-09-16 10:36:43.960 +03:00 [INF] Request starting HTTP/1.1 GET http://localhost:5010/api/v1/billing/invoices - application/json null
2026-09-16 10:36:43.978 +03:00 [INF] Request starting HTTP/1.1 GET http://localhost:5010/api/v1/billing/insurance/claims - application/json null
2026-09-16 10:36:43.978 +03:00 [INF] Bearer was not authenticated. Failure message: IDX10517: Signature validation failed. The token's kid is missing. Keys tried: 'Microsoft.IdentityModel.Tokens.SymmetricSecurityKey, KeyId: '', InternalId: 'VNGqhB7kZ75afXrNakqPyb1WYggzQUo6Cgi8Kx2i7Zs'. , KeyId: 
'. Number of keys in TokenValidationParameters: '1'. 
Number of keys in Configuration: '0'. 
Exceptions caught:
 '[PII of type 'System.Text.StringBuilder' is hidden. For more details, see https://aka.ms/IdentityModel/PII.]'.
token: '[PII of type 'Microsoft.IdentityModel.JsonWebTokens.JsonWebToken' is hidden. For more details, see https://aka.ms/IdentityModel/PII.]'. See https://aka.ms/IDX10503 for details.
2026-09-16 10:36:43.982 +03:00 [INF] Request finished HTTP/1.1 GET http://localhost:5010/api/v1/billing/insurance/claims - 200 null application/json; charset=utf-8 614.5432ms
2026-09-16 10:36:44.001 +03:00 [INF] Bearer was not authenticated. Failure message: IDX10517: Signature validation failed. The token's kid is missing. Keys tried: 'Microsoft.IdentityModel.Tokens.SymmetricSecurityKey, KeyId: '', InternalId: 'VNGqhB7kZ75afXrNakqPyb1WYggzQUo6Cgi8Kx2i7Zs'. , KeyId: 
'. Number of keys in TokenValidationParameters: '1'. 
Number of keys in Configuration: '0'. 
Exceptions caught:
 '[PII of type 'System.Text.StringBuilder' is hidden. For more details, see https://aka.ms/IdentityModel/PII.]'.
token: '[PII of type 'Microsoft.IdentityModel.JsonWebTokens.JsonWebToken' is hidden. For more details, see https://aka.ms/IdentityModel/PII.]'. See https://aka.ms/IDX10503 for details.
2026-09-16 10:36:44.005 +03:00 [INF] Route matched with {action = "Search", controller = "Patients"}. Executing controller action with signature System.Threading.Tasks.Task`1[Microsoft.AspNetCore.Mvc.IActionResult] Search(System.String, Int32) on controller CMS.API.Controllers.PatientsController (CMS.API).
2026-09-16 10:36:44.026 +03:00 [INF] Failed to validate the token.
Microsoft.IdentityModel.Tokens.SecurityTokenSignatureKeyNotFoundException: IDX10517: Signature validation failed. The token's kid is missing. Keys tried: 'Microsoft.IdentityModel.Tokens.SymmetricSecurityKey, KeyId: '', InternalId: 'VNGqhB7kZ75afXrNakqPyb1WYggzQUo6Cgi8Kx2i7Zs'. , KeyId: 
'. Number of keys in TokenValidationParameters: '1'. 
Number of keys in Configuration: '0'. 
Exceptions caught:
 '[PII of type 'System.Text.StringBuilder' is hidden. For more details, see https://aka.ms/IdentityModel/PII.]'.
token: '[PII of type 'Microsoft.IdentityModel.JsonWebTokens.JsonWebToken' is hidden. For more details, see https://aka.ms/IdentityModel/PII.]'. See https://aka.ms/IDX10503 for details.
   at Microsoft.IdentityModel.JsonWebTokens.JsonWebTokenHandler.ValidateSignature(JsonWebToken jwtToken, TokenValidationParameters validationParameters, BaseConfiguration configuration)
   at Microsoft.IdentityModel.JsonWebTokens.JsonWebTokenHandler.ValidateSignatureAndIssuerSecurityKey(JsonWebToken jsonWebToken, TokenValidationParameters validationParameters, BaseConfiguration configuration)
   at Microsoft.IdentityModel.JsonWebTokens.JsonWebTokenHandler.ValidateJWSAsync(JsonWebToken jsonWebToken, TokenValidationParameters validationParameters, BaseConfiguration configuration)
2026-09-16 10:36:44.035 +03:00 [INF] Failed to validate the token.
Microsoft.IdentityModel.Tokens.SecurityTokenSignatureKeyNotFoundException: IDX10517: Signature validation failed. The token's kid is missing. Keys tried: 'Microsoft.IdentityModel.Tokens.SymmetricSecurityKey, KeyId: '', InternalId: 'VNGqhB7kZ75afXrNakqPyb1WYggzQUo6Cgi8Kx2i7Zs'. , KeyId: 
'. Number of keys in TokenValidationParameters: '1'. 
Number of keys in Configuration: '0'. 
Exceptions caught:
 '[PII of type 'System.Text.StringBuilder' is hidden. For more details, see https://aka.ms/IdentityModel/PII.]'.
token: '[PII of type 'Microsoft.IdentityModel.JsonWebTokens.JsonWebToken' is hidden. For more details, see https://aka.ms/IdentityModel/PII.]'. See https://aka.ms/IDX10503 for details.
   at Microsoft.IdentityModel.JsonWebTokens.JsonWebTokenHandler.ValidateSignature(JsonWebToken jwtToken, TokenValidationParameters validationParameters, BaseConfiguration configuration)
   at Microsoft.IdentityModel.JsonWebTokens.JsonWebTokenHandler.ValidateSignatureAndIssuerSecurityKey(JsonWebToken jsonWebToken, TokenValidationParameters validationParameters, BaseConfiguration configuration)
   at Microsoft.IdentityModel.JsonWebTokens.JsonWebTokenHandler.ValidateJWSAsync(JsonWebToken jsonWebToken, TokenValidationParameters validationParameters, BaseConfiguration configuration)
2026-09-16 10:36:44.038 +03:00 [INF] Executing endpoint 'CMS.API.Controllers.SettingsController.GetSettings (CMS.API)'
2026-09-16 10:36:44.053 +03:00 [INF] Executing endpoint 'CMS.API.Controllers.BillingController.GetInsuranceProviders (CMS.API)'
2026-09-16 10:36:44.061 +03:00 [INF] Executing OkObjectResult, writing value of type 'CMS.Shared.DTOs.ApiResponse`1[[System.Collections.Generic.List`1[[CMS.Shared.DTOs.PatientDto, CMS.Shared, Version=1.0.0.0, Culture=neutral, PublicKeyToken=null]], System.Private.CoreLib, Version=8.0.0.0, Culture=neutral, PublicKeyToken=7cec85d7bea7798e]]'.
2026-09-16 10:36:44.067 +03:00 [INF] Bearer was not authenticated. Failure message: IDX10517: Signature validation failed. The token's kid is missing. Keys tried: 'Microsoft.IdentityModel.Tokens.SymmetricSecurityKey, KeyId: '', InternalId: 'VNGqhB7kZ75afXrNakqPyb1WYggzQUo6Cgi8Kx2i7Zs'. , KeyId: 
'. Number of keys in TokenValidationParameters: '1'. 
Number of keys in Configuration: '0'. 
Exceptions caught:
 '[PII of type 'System.Text.StringBuilder' is hidden. For more details, see https://aka.ms/IdentityModel/PII.]'.
token: '[PII of type 'Microsoft.IdentityModel.JsonWebTokens.JsonWebToken' is hidden. For more details, see https://aka.ms/IdentityModel/PII.]'. See https://aka.ms/IDX10503 for details.
2026-09-16 10:36:44.076 +03:00 [INF] Bearer was not authenticated. Failure message: IDX10517: Signature validation failed. The token's kid is missing. Keys tried: 'Microsoft.IdentityModel.Tokens.SymmetricSecurityKey, KeyId: '', InternalId: 'VNGqhB7kZ75afXrNakqPyb1WYggzQUo6Cgi8Kx2i7Zs'. , KeyId: 
'. Number of keys in TokenValidationParameters: '1'. 
Number of keys in Configuration: '0'. 
Exceptions caught:
 '[PII of type 'System.Text.StringBuilder' is hidden. For more details, see https://aka.ms/IdentityModel/PII.]'.
token: '[PII of type 'Microsoft.IdentityModel.JsonWebTokens.JsonWebToken' is hidden. For more details, see https://aka.ms/IdentityModel/PII.]'. See https://aka.ms/IDX10503 for details.
2026-09-16 10:36:44.079 +03:00 [INF] Route matched with {action = "GetSettings", controller = "Settings"}. Executing controller action with signature System.Threading.Tasks.Task`1[Microsoft.AspNetCore.Mvc.IActionResult] GetSettings() on controller CMS.API.Controllers.SettingsController (CMS.API).
2026-09-16 10:36:44.083 +03:00 [INF] Route matched with {action = "GetInsuranceProviders", controller = "Billing"}. Executing controller action with signature System.Threading.Tasks.Task`1[Microsoft.AspNetCore.Mvc.IActionResult] GetInsuranceProviders() on controller CMS.API.Controllers.BillingController (CMS.API).
2026-09-16 10:36:44.110 +03:00 [INF] Executing OkObjectResult, writing value of type 'CMS.Shared.DTOs.ApiResponse`1[[System.Collections.Generic.List`1[[CMS.Shared.DTOs.ClinicSettingDto, CMS.Shared, Version=1.0.0.0, Culture=neutral, PublicKeyToken=null]], System.Private.CoreLib, Version=8.0.0.0, Culture=neutral, PublicKeyToken=7cec85d7bea7798e]]'.
2026-09-16 10:36:44.092 +03:00 [INF] Executing endpoint 'CMS.API.Controllers.BillingController.GetInvoices (CMS.API)'
2026-09-16 10:36:44.097 +03:00 [INF] Executing endpoint 'CMS.API.Controllers.BillingController.GetInsuranceClaims (CMS.API)'
2026-09-16 10:36:44.087 +03:00 [INF] Executed action CMS.API.Controllers.PatientsController.Search (CMS.API) in 28.2169ms
2026-09-16 10:36:44.117 +03:00 [INF] Executed action CMS.API.Controllers.SettingsController.GetSettings (CMS.API) in 12.9912ms
2026-09-16 10:36:44.118 +03:00 [INF] Executing OkObjectResult, writing value of type 'CMS.Shared.DTOs.ApiResponse`1[[System.Collections.Generic.List`1[[CMS.Shared.DTOs.InsuranceProviderDto, CMS.Shared, Version=1.0.0.0, Culture=neutral, PublicKeyToken=null]], System.Private.CoreLib, Version=8.0.0.0, Culture=neutral, PublicKeyToken=7cec85d7bea7798e]]'.
2026-09-16 10:36:44.120 +03:00 [INF] Route matched with {action = "GetInvoices", controller = "Billing"}. Executing controller action with signature System.Threading.Tasks.Task`1[Microsoft.AspNetCore.Mvc.IActionResult] GetInvoices() on controller CMS.API.Controllers.BillingController (CMS.API).
2026-09-16 10:36:44.124 +03:00 [INF] Route matched with {action = "GetInsuranceClaims", controller = "Billing"}. Executing controller action with signature System.Threading.Tasks.Task`1[Microsoft.AspNetCore.Mvc.IActionResult] GetInsuranceClaims() on controller CMS.API.Controllers.BillingController (CMS.API).
2026-09-16 10:36:44.128 +03:00 [INF] Executed endpoint 'CMS.API.Controllers.PatientsController.Search (CMS.API)'
2026-09-16 10:36:44.133 +03:00 [INF] Executed endpoint 'CMS.API.Controllers.SettingsController.GetSettings (CMS.API)'
2026-09-16 10:36:44.137 +03:00 [INF] Executed action CMS.API.Controllers.BillingController.GetInsuranceProviders (CMS.API) in 27.0591ms
2026-09-16 10:36:44.153 +03:00 [INF] Request finished HTTP/1.1 GET http://localhost:5010/api/v1/patients/search - 200 null application/json; charset=utf-8 300.8645ms
2026-09-16 10:36:44.157 +03:00 [INF] Request finished HTTP/1.1 GET http://localhost:5010/api/v1/settings - 200 null application/json; charset=utf-8 260.6089ms
2026-09-16 10:36:44.161 +03:00 [INF] Executed endpoint 'CMS.API.Controllers.BillingController.GetInsuranceProviders (CMS.API)'
2026-09-16 10:36:44.179 +03:00 [INF] Executing OkObjectResult, writing value of type 'CMS.Shared.DTOs.ApiResponse`1[[System.Collections.Generic.List`1[[CMS.Shared.DTOs.InsuranceClaimDto, CMS.Shared, Version=1.0.0.0, Culture=neutral, PublicKeyToken=null]], System.Private.CoreLib, Version=8.0.0.0, Culture=neutral, PublicKeyToken=7cec85d7bea7798e]]'.
2026-09-16 10:36:44.186 +03:00 [INF] Executing OkObjectResult, writing value of type 'CMS.Shared.DTOs.ApiResponse`1[[System.Collections.Generic.List`1[[CMS.Shared.DTOs.InvoiceDto, CMS.Shared, Version=1.0.0.0, Culture=neutral, PublicKeyToken=null]], System.Private.CoreLib, Version=8.0.0.0, Culture=neutral, PublicKeyToken=7cec85d7bea7798e]]'.
2026-09-16 10:36:44.190 +03:00 [INF] Request finished HTTP/1.1 GET http://localhost:5010/api/v1/billing/insurance/providers - 200 null application/json; charset=utf-8 281.2235ms
2026-09-16 10:36:44.195 +03:00 [INF] Executed action CMS.API.Controllers.BillingController.GetInsuranceClaims (CMS.API) in 46.3679ms
2026-09-16 10:36:44.200 +03:00 [INF] Executed action CMS.API.Controllers.BillingController.GetInvoices (CMS.API) in 57.4578ms
2026-09-16 10:36:44.216 +03:00 [INF] Executed endpoint 'CMS.API.Controllers.BillingController.GetInsuranceClaims (CMS.API)'
2026-09-16 10:36:44.221 +03:00 [INF] Executed endpoint 'CMS.API.Controllers.BillingController.GetInvoices (CMS.API)'
2026-09-16 10:36:44.224 +03:00 [INF] Request finished HTTP/1.1 GET http://localhost:5010/api/v1/billing/insurance/claims - 200 null application/json; charset=utf-8 246.4828ms
2026-09-16 10:36:44.227 +03:00 [INF] Request finished HTTP/1.1 GET http://localhost:5010/api/v1/billing/invoices - 200 null application/json; charset=utf-8 267.249ms
2026-09-16 10:36:54.536 +03:00 [INF] Request starting HTTP/1.1 GET http://localhost:5010/api/v1/notifications - application/json null
2026-09-16 10:36:54.545 +03:00 [INF] Failed to validate the token.
Microsoft.IdentityModel.Tokens.SecurityTokenSignatureKeyNotFoundException: IDX10517: Signature validation failed. The token's kid is missing. Keys tried: 'Microsoft.IdentityModel.Tokens.SymmetricSecurityKey, KeyId: '', InternalId: 'VNGqhB7kZ75afXrNakqPyb1WYggzQUo6Cgi8Kx2i7Zs'. , KeyId: 
'. Number of keys in TokenValidationParameters: '1'. 
Number of keys in Configuration: '0'. 
Exceptions caught:
 '[PII of type 'System.Text.StringBuilder' is hidden. For more details, see https://aka.ms/IdentityModel/PII.]'.
token: '[PII of type 'Microsoft.IdentityModel.JsonWebTokens.JsonWebToken' is hidden. For more details, see https://aka.ms/IdentityModel/PII.]'. See https://aka.ms/IDX10503 for details.
   at Microsoft.IdentityModel.JsonWebTokens.JsonWebTokenHandler.ValidateSignature(JsonWebToken jwtToken, TokenValidationParameters validationParameters, BaseConfiguration configuration)
   at Microsoft.IdentityModel.JsonWebTokens.JsonWebTokenHandler.ValidateSignatureAndIssuerSecurityKey(JsonWebToken jsonWebToken, TokenValidationParameters validationParameters, BaseConfiguration configuration)
   at Microsoft.IdentityModel.JsonWebTokens.JsonWebTokenHandler.ValidateJWSAsync(JsonWebToken jsonWebToken, TokenValidationParameters validationParameters, BaseConfiguration configuration)
2026-09-16 10:36:54.554 +03:00 [INF] Bearer was not authenticated. Failure message: IDX10517: Signature validation failed. The token's kid is missing. Keys tried: 'Microsoft.IdentityModel.Tokens.SymmetricSecurityKey, KeyId: '', InternalId: 'VNGqhB7kZ75afXrNakqPyb1WYggzQUo6Cgi8Kx2i7Zs'. , KeyId: 
'. Number of keys in TokenValidationParameters: '1'. 
Number of keys in Configuration: '0'. 
Exceptions caught:
 '[PII of type 'System.Text.StringBuilder' is hidden. For more details, see https://aka.ms/IdentityModel/PII.]'.
token: '[PII of type 'Microsoft.IdentityModel.JsonWebTokens.JsonWebToken' is hidden. For more details, see https://aka.ms/IdentityModel/PII.]'. See https://aka.ms/IDX10503 for details.
2026-09-16 10:36:54.559 +03:00 [INF] Executing endpoint 'CMS.API.Controllers.NotificationsController.GetNotifications (CMS.API)'
2026-09-16 10:36:54.564 +03:00 [INF] Route matched with {action = "GetNotifications", controller = "Notifications"}. Executing controller action with signature System.Threading.Tasks.Task`1[Microsoft.AspNetCore.Mvc.IActionResult] GetNotifications(System.Nullable`1[System.Int32], System.String) on controller CMS.API.Controllers.NotificationsController (CMS.API).
2026-09-16 10:36:54.582 +03:00 [INF] Executing OkObjectResult, writing value of type 'CMS.Shared.DTOs.ApiResponse`1[[System.Collections.Generic.List`1[[CMS.Shared.DTOs.NotificationItemDto, CMS.Shared, Version=1.0.0.0, Culture=neutral, PublicKeyToken=null]], System.Private.CoreLib, Version=8.0.0.0, Culture=neutral, PublicKeyToken=7cec85d7bea7798e]]'.
2026-09-16 10:36:54.587 +03:00 [INF] Executed action CMS.API.Controllers.NotificationsController.GetNotifications (CMS.API) in 16.7476ms
2026-09-16 10:36:54.594 +03:00 [INF] Executed endpoint 'CMS.API.Controllers.NotificationsController.GetNotifications (CMS.API)'
2026-09-16 10:36:54.598 +03:00 [INF] Request finished HTTP/1.1 GET http://localhost:5010/api/v1/notifications - 200 null application/json; charset=utf-8 61.9029ms
2026-09-16 10:37:09.530 +03:00 [INF] Request starting HTTP/1.1 GET http://localhost:5010/api/v1/notifications - application/json null
2026-09-16 10:37:09.540 +03:00 [INF] Failed to validate the token.
Microsoft.IdentityModel.Tokens.SecurityTokenSignatureKeyNotFoundException: IDX10517: Signature validation failed. The token's kid is missing. Keys tried: 'Microsoft.IdentityModel.Tokens.SymmetricSecurityKey, KeyId: '', InternalId: 'VNGqhB7kZ75afXrNakqPyb1WYggzQUo6Cgi8Kx2i7Zs'. , KeyId: 
'. Number of keys in TokenValidationParameters: '1'. 
Number of keys in Configuration: '0'. 
Exceptions caught:
 '[PII of type 'System.Text.StringBuilder' is hidden. For more details, see https://aka.ms/IdentityModel/PII.]'.
token: '[PII of type 'Microsoft.IdentityModel.JsonWebTokens.JsonWebToken' is hidden. For more details, see https://aka.ms/IdentityModel/PII.]'. See https://aka.ms/IDX10503 for details.
   at Microsoft.IdentityModel.JsonWebTokens.JsonWebTokenHandler.ValidateSignature(JsonWebToken jwtToken, TokenValidationParameters validationParameters, BaseConfiguration configuration)
   at Microsoft.IdentityModel.JsonWebTokens.JsonWebTokenHandler.ValidateSignatureAndIssuerSecurityKey(JsonWebToken jsonWebToken, TokenValidationParameters validationParameters, BaseConfiguration configuration)
   at Microsoft.IdentityModel.JsonWebTokens.JsonWebTokenHandler.ValidateJWSAsync(JsonWebToken jsonWebToken, TokenValidationParameters validationParameters, BaseConfiguration configuration)
2026-09-16 10:37:09.548 +03:00 [INF] Bearer was not authenticated. Failure message: IDX10517: Signature validation failed. The token's kid is missing. Keys tried: 'Microsoft.IdentityModel.Tokens.SymmetricSecurityKey, KeyId: '', InternalId: 'VNGqhB7kZ75afXrNakqPyb1WYggzQUo6Cgi8Kx2i7Zs'. , KeyId: 
'. Number of keys in TokenValidationParameters: '1'. 
Number of keys in Configuration: '0'. 
Exceptions caught:
 '[PII of type 'System.Text.StringBuilder' is hidden. For more details, see https://aka.ms/IdentityModel/PII.]'.
token: '[PII of type 'Microsoft.IdentityModel.JsonWebTokens.JsonWebToken' is hidden. For more details, see https://aka.ms/IdentityModel/PII.]'. See https://aka.ms/IDX10503 for details.
2026-09-16 10:37:09.552 +03:00 [INF] Executing endpoint 'CMS.API.Controllers.NotificationsController.GetNotifications (CMS.API)'
2026-09-16 10:37:09.555 +03:00 [INF] Route matched with {action = "GetNotifications", controller = "Notifications"}. Executing controller action with signature System.Threading.Tasks.Task`1[Microsoft.AspNetCore.Mvc.IActionResult] GetNotifications(System.Nullable`1[System.Int32], System.String) on controller CMS.API.Controllers.NotificationsController (CMS.API).
2026-09-16 10:37:09.573 +03:00 [INF] Executing OkObjectResult, writing value of type 'CMS.Shared.DTOs.ApiResponse`1[[System.Collections.Generic.List`1[[CMS.Shared.DTOs.NotificationItemDto, CMS.Shared, Version=1.0.0.0, Culture=neutral, PublicKeyToken=null]], System.Private.CoreLib, Version=8.0.0.0, Culture=neutral, PublicKeyToken=7cec85d7bea7798e]]'.
2026-09-16 10:37:09.578 +03:00 [INF] Executed action CMS.API.Controllers.NotificationsController.GetNotifications (CMS.API) in 17.7617ms
2026-09-16 10:37:09.583 +03:00 [INF] Executed endpoint 'CMS.API.Controllers.NotificationsController.GetNotifications (CMS.API)'
2026-09-16 10:37:09.587 +03:00 [INF] Request finished HTTP/1.1 GET http://localhost:5010/api/v1/notifications - 200 null application/json; charset=utf-8 56.5903ms
2026-09-16 10:37:18.301 +03:00 [INF] Request starting HTTP/1.1 GET http://localhost:5010/api/v1/laboratory/catalog - application/json null
2026-09-16 10:37:18.303 +03:00 [INF] Request starting HTTP/1.1 GET http://localhost:5010/api/v1/laboratory/worklist?date=2026-09-16 - application/json null
2026-09-16 10:37:18.310 +03:00 [INF] Failed to validate the token.
Microsoft.IdentityModel.Tokens.SecurityTokenSignatureKeyNotFoundException: IDX10517: Signature validation failed. The token's kid is missing. Keys tried: 'Microsoft.IdentityModel.Tokens.SymmetricSecurityKey, KeyId: '', InternalId: 'VNGqhB7kZ75afXrNakqPyb1WYggzQUo6Cgi8Kx2i7Zs'. , KeyId: 
'. Number of keys in TokenValidationParameters: '1'. 
Number of keys in Configuration: '0'. 
Exceptions caught:
 '[PII of type 'System.Text.StringBuilder' is hidden. For more details, see https://aka.ms/IdentityModel/PII.]'.
token: '[PII of type 'Microsoft.IdentityModel.JsonWebTokens.JsonWebToken' is hidden. For more details, see https://aka.ms/IdentityModel/PII.]'. See https://aka.ms/IDX10503 for details.
   at Microsoft.IdentityModel.JsonWebTokens.JsonWebTokenHandler.ValidateSignature(JsonWebToken jwtToken, TokenValidationParameters validationParameters, BaseConfiguration configuration)
   at Microsoft.IdentityModel.JsonWebTokens.JsonWebTokenHandler.ValidateSignatureAndIssuerSecurityKey(JsonWebToken jsonWebToken, TokenValidationParameters validationParameters, BaseConfiguration configuration)
   at Microsoft.IdentityModel.JsonWebTokens.JsonWebTokenHandler.ValidateJWSAsync(JsonWebToken jsonWebToken, TokenValidationParameters validationParameters, BaseConfiguration configuration)
2026-09-16 10:37:18.322 +03:00 [INF] Failed to validate the token.
Microsoft.IdentityModel.Tokens.SecurityTokenSignatureKeyNotFoundException: IDX10517: Signature validation failed. The token's kid is missing. Keys tried: 'Microsoft.IdentityModel.Tokens.SymmetricSecurityKey, KeyId: '', InternalId: 'VNGqhB7kZ75afXrNakqPyb1WYggzQUo6Cgi8Kx2i7Zs'. , KeyId: 
'. Number of keys in TokenValidationParameters: '1'. 
Number of keys in Configuration: '0'. 
Exceptions caught:
 '[PII of type 'System.Text.StringBuilder' is hidden. For more details, see https://aka.ms/IdentityModel/PII.]'.
token: '[PII of type 'Microsoft.IdentityModel.JsonWebTokens.JsonWebToken' is hidden. For more details, see https://aka.ms/IdentityModel/PII.]'. See https://aka.ms/IDX10503 for details.
   at Microsoft.IdentityModel.JsonWebTokens.JsonWebTokenHandler.ValidateSignature(JsonWebToken jwtToken, TokenValidationParameters validationParameters, BaseConfiguration configuration)
   at Microsoft.IdentityModel.JsonWebTokens.JsonWebTokenHandler.ValidateSignatureAndIssuerSecurityKey(JsonWebToken jsonWebToken, TokenValidationParameters validationParameters, BaseConfiguration configuration)
   at Microsoft.IdentityModel.JsonWebTokens.JsonWebTokenHandler.ValidateJWSAsync(JsonWebToken jsonWebToken, TokenValidationParameters validationParameters, BaseConfiguration configuration)
2026-09-16 10:37:18.327 +03:00 [INF] Bearer was not authenticated. Failure message: IDX10517: Signature validation failed. The token's kid is missing. Keys tried: 'Microsoft.IdentityModel.Tokens.SymmetricSecurityKey, KeyId: '', InternalId: 'VNGqhB7kZ75afXrNakqPyb1WYggzQUo6Cgi8Kx2i7Zs'. , KeyId: 
'. Number of keys in TokenValidationParameters: '1'. 
Number of keys in Configuration: '0'. 
Exceptions caught:
 '[PII of type 'System.Text.StringBuilder' is hidden. For more details, see https://aka.ms/IdentityModel/PII.]'.
token: '[PII of type 'Microsoft.IdentityModel.JsonWebTokens.JsonWebToken' is hidden. For more details, see https://aka.ms/IdentityModel/PII.]'. See https://aka.ms/IDX10503 for details.
2026-09-16 10:37:18.334 +03:00 [INF] Bearer was not authenticated. Failure message: IDX10517: Signature validation failed. The token's kid is missing. Keys tried: 'Microsoft.IdentityModel.Tokens.SymmetricSecurityKey, KeyId: '', InternalId: 'VNGqhB7kZ75afXrNakqPyb1WYggzQUo6Cgi8Kx2i7Zs'. , KeyId: 
'. Number of keys in TokenValidationParameters: '1'. 
Number of keys in Configuration: '0'. 
Exceptions caught:
 '[PII of type 'System.Text.StringBuilder' is hidden. For more details, see https://aka.ms/IdentityModel/PII.]'.
token: '[PII of type 'Microsoft.IdentityModel.JsonWebTokens.JsonWebToken' is hidden. For more details, see https://aka.ms/IdentityModel/PII.]'. See https://aka.ms/IDX10503 for details.
2026-09-16 10:37:18.338 +03:00 [INF] Executing endpoint 'CMS.API.Controllers.LaboratoryController.GetCatalog (CMS.API)'
2026-09-16 10:37:18.341 +03:00 [INF] Executing endpoint 'CMS.API.Controllers.LaboratoryController.GetWorklist (CMS.API)'
2026-09-16 10:37:18.351 +03:00 [INF] Route matched with {action = "GetCatalog", controller = "Laboratory"}. Executing controller action with signature System.Threading.Tasks.Task`1[Microsoft.AspNetCore.Mvc.IActionResult] GetCatalog() on controller CMS.API.Controllers.LaboratoryController (CMS.API).
2026-09-16 10:37:18.354 +03:00 [INF] Route matched with {action = "GetWorklist", controller = "Laboratory"}. Executing controller action with signature System.Threading.Tasks.Task`1[Microsoft.AspNetCore.Mvc.IActionResult] GetWorklist(System.Nullable`1[System.DateTime], System.Nullable`1[System.Byte]) on controller CMS.API.Controllers.LaboratoryController (CMS.API).
2026-09-16 10:37:18.394 +03:00 [INF] Executing OkObjectResult, writing value of type 'CMS.Shared.DTOs.ApiResponse`1[[System.Collections.Generic.List`1[[CMS.Shared.DTOs.LabTestCatalogDto, CMS.Shared, Version=1.0.0.0, Culture=neutral, PublicKeyToken=null]], System.Private.CoreLib, Version=8.0.0.0, Culture=neutral, PublicKeyToken=7cec85d7bea7798e]]'.
2026-09-16 10:37:18.407 +03:00 [INF] Executed action CMS.API.Controllers.LaboratoryController.GetCatalog (CMS.API) in 50.8499ms
2026-09-16 10:37:18.413 +03:00 [INF] Executed endpoint 'CMS.API.Controllers.LaboratoryController.GetCatalog (CMS.API)'
2026-09-16 10:37:18.417 +03:00 [INF] Request starting HTTP/1.1 GET http://localhost:5010/api/v1/laboratory/catalog - application/json null
2026-09-16 10:37:18.418 +03:00 [INF] Request finished HTTP/1.1 GET http://localhost:5010/api/v1/laboratory/catalog - 200 null application/json; charset=utf-8 116.5423ms
2026-09-16 10:37:18.427 +03:00 [INF] Failed to validate the token.
Microsoft.IdentityModel.Tokens.SecurityTokenSignatureKeyNotFoundException: IDX10517: Signature validation failed. The token's kid is missing. Keys tried: 'Microsoft.IdentityModel.Tokens.SymmetricSecurityKey, KeyId: '', InternalId: 'VNGqhB7kZ75afXrNakqPyb1WYggzQUo6Cgi8Kx2i7Zs'. , KeyId: 
'. Number of keys in TokenValidationParameters: '1'. 
Number of keys in Configuration: '0'. 
Exceptions caught:
 '[PII of type 'System.Text.StringBuilder' is hidden. For more details, see https://aka.ms/IdentityModel/PII.]'.
token: '[PII of type 'Microsoft.IdentityModel.JsonWebTokens.JsonWebToken' is hidden. For more details, see https://aka.ms/IdentityModel/PII.]'. See https://aka.ms/IDX10503 for details.
   at Microsoft.IdentityModel.JsonWebTokens.JsonWebTokenHandler.ValidateSignature(JsonWebToken jwtToken, TokenValidationParameters validationParameters, BaseConfiguration configuration)
   at Microsoft.IdentityModel.JsonWebTokens.JsonWebTokenHandler.ValidateSignatureAndIssuerSecurityKey(JsonWebToken jsonWebToken, TokenValidationParameters validationParameters, BaseConfiguration configuration)
   at Microsoft.IdentityModel.JsonWebTokens.JsonWebTokenHandler.ValidateJWSAsync(JsonWebToken jsonWebToken, TokenValidationParameters validationParameters, BaseConfiguration configuration)
2026-09-16 10:37:18.444 +03:00 [INF] Bearer was not authenticated. Failure message: IDX10517: Signature validation failed. The token's kid is missing. Keys tried: 'Microsoft.IdentityModel.Tokens.SymmetricSecurityKey, KeyId: '', InternalId: 'VNGqhB7kZ75afXrNakqPyb1WYggzQUo6Cgi8Kx2i7Zs'. , KeyId: 
'. Number of keys in TokenValidationParameters: '1'. 
Number of keys in Configuration: '0'. 
Exceptions caught:
 '[PII of type 'System.Text.StringBuilder' is hidden. For more details, see https://aka.ms/IdentityModel/PII.]'.
token: '[PII of type 'Microsoft.IdentityModel.JsonWebTokens.JsonWebToken' is hidden. For more details, see https://aka.ms/IdentityModel/PII.]'. See https://aka.ms/IDX10503 for details.
2026-09-16 10:37:18.448 +03:00 [INF] Executing endpoint 'CMS.API.Controllers.LaboratoryController.GetCatalog (CMS.API)'
2026-09-16 10:37:18.452 +03:00 [INF] Route matched with {action = "GetCatalog", controller = "Laboratory"}. Executing controller action with signature System.Threading.Tasks.Task`1[Microsoft.AspNetCore.Mvc.IActionResult] GetCatalog() on controller CMS.API.Controllers.LaboratoryController (CMS.API).
2026-09-16 10:37:18.460 +03:00 [INF] Executing OkObjectResult, writing value of type 'CMS.Shared.DTOs.ApiResponse`1[[System.Collections.Generic.List`1[[CMS.Shared.DTOs.LabTestCatalogDto, CMS.Shared, Version=1.0.0.0, Culture=neutral, PublicKeyToken=null]], System.Private.CoreLib, Version=8.0.0.0, Culture=neutral, PublicKeyToken=7cec85d7bea7798e]]'.
2026-09-16 10:37:18.464 +03:00 [INF] Executed action CMS.API.Controllers.LaboratoryController.GetCatalog (CMS.API) in 6.8365ms
2026-09-16 10:37:18.468 +03:00 [INF] Executed endpoint 'CMS.API.Controllers.LaboratoryController.GetCatalog (CMS.API)'
2026-09-16 10:37:18.472 +03:00 [INF] Request finished HTTP/1.1 GET http://localhost:5010/api/v1/laboratory/catalog - 200 null application/json; charset=utf-8 54.2531ms
2026-09-16 10:37:18.516 +03:00 [INF] Executing OkObjectResult, writing value of type 'CMS.Shared.DTOs.ApiResponse`1[[System.Object, System.Private.CoreLib, Version=8.0.0.0, Culture=neutral, PublicKeyToken=7cec85d7bea7798e]]'.
2026-09-16 10:37:18.523 +03:00 [INF] Executed action CMS.API.Controllers.LaboratoryController.GetWorklist (CMS.API) in 158.8245ms
2026-09-16 10:37:18.528 +03:00 [INF] Executed endpoint 'CMS.API.Controllers.LaboratoryController.GetWorklist (CMS.API)'
2026-09-16 10:37:18.531 +03:00 [INF] Request starting HTTP/1.1 GET http://localhost:5010/api/v1/laboratory/worklist?date=2026-09-16 - application/json null
2026-09-16 10:37:18.532 +03:00 [INF] Request finished HTTP/1.1 GET http://localhost:5010/api/v1/laboratory/worklist?date=2026-09-16 - 200 null application/json; charset=utf-8 229.4478ms
2026-09-16 10:37:18.541 +03:00 [INF] Failed to validate the token.
Microsoft.IdentityModel.Tokens.SecurityTokenSignatureKeyNotFoundException: IDX10517: Signature validation failed. The token's kid is missing. Keys tried: 'Microsoft.IdentityModel.Tokens.SymmetricSecurityKey, KeyId: '', InternalId: 'VNGqhB7kZ75afXrNakqPyb1WYggzQUo6Cgi8Kx2i7Zs'. , KeyId: 
'. Number of keys in TokenValidationParameters: '1'. 
Number of keys in Configuration: '0'. 
Exceptions caught:
 '[PII of type 'System.Text.StringBuilder' is hidden. For more details, see https://aka.ms/IdentityModel/PII.]'.
token: '[PII of type 'Microsoft.IdentityModel.JsonWebTokens.JsonWebToken' is hidden. For more details, see https://aka.ms/IdentityModel/PII.]'. See https://aka.ms/IDX10503 for details.
   at Microsoft.IdentityModel.JsonWebTokens.JsonWebTokenHandler.ValidateSignature(JsonWebToken jwtToken, TokenValidationParameters validationParameters, BaseConfiguration configuration)
   at Microsoft.IdentityModel.JsonWebTokens.JsonWebTokenHandler.ValidateSignatureAndIssuerSecurityKey(JsonWebToken jsonWebToken, TokenValidationParameters validationParameters, BaseConfiguration configuration)
   at Microsoft.IdentityModel.JsonWebTokens.JsonWebTokenHandler.ValidateJWSAsync(JsonWebToken jsonWebToken, TokenValidationParameters validationParameters, BaseConfiguration configuration)
2026-09-16 10:37:18.560 +03:00 [INF] Bearer was not authenticated. Failure message: IDX10517: Signature validation failed. The token's kid is missing. Keys tried: 'Microsoft.IdentityModel.Tokens.SymmetricSecurityKey, KeyId: '', InternalId: 'VNGqhB7kZ75afXrNakqPyb1WYggzQUo6Cgi8Kx2i7Zs'. , KeyId: 
'. Number of keys in TokenValidationParameters: '1'. 
Number of keys in Configuration: '0'. 
Exceptions caught:
 '[PII of type 'System.Text.StringBuilder' is hidden. For more details, see https://aka.ms/IdentityModel/PII.]'.
token: '[PII of type 'Microsoft.IdentityModel.JsonWebTokens.JsonWebToken' is hidden. For more details, see https://aka.ms/IdentityModel/PII.]'. See https://aka.ms/IDX10503 for details.
2026-09-16 10:37:18.564 +03:00 [INF] Executing endpoint 'CMS.API.Controllers.LaboratoryController.GetWorklist (CMS.API)'
2026-09-16 10:37:18.568 +03:00 [INF] Route matched with {action = "GetWorklist", controller = "Laboratory"}. Executing controller action with signature System.Threading.Tasks.Task`1[Microsoft.AspNetCore.Mvc.IActionResult] GetWorklist(System.Nullable`1[System.DateTime], System.Nullable`1[System.Byte]) on controller CMS.API.Controllers.LaboratoryController (CMS.API).
2026-09-16 10:37:18.576 +03:00 [INF] Executing OkObjectResult, writing value of type 'CMS.Shared.DTOs.ApiResponse`1[[System.Object, System.Private.CoreLib, Version=8.0.0.0, Culture=neutral, PublicKeyToken=7cec85d7bea7798e]]'.
2026-09-16 10:37:18.581 +03:00 [INF] Executed action CMS.API.Controllers.LaboratoryController.GetWorklist (CMS.API) in 7.4065ms
2026-09-16 10:37:18.586 +03:00 [INF] Executed endpoint 'CMS.API.Controllers.LaboratoryController.GetWorklist (CMS.API)'
2026-09-16 10:37:18.590 +03:00 [INF] Request finished HTTP/1.1 GET http://localhost:5010/api/v1/laboratory/worklist?date=2026-09-16 - 200 null application/json; charset=utf-8 58.8806ms
2026-09-16 10:37:21.049 +03:00 [INF] Request starting HTTP/1.1 GET http://localhost:5010/api/v1/telemed/sessions - application/json null
2026-09-16 10:37:21.059 +03:00 [INF] Failed to validate the token.
Microsoft.IdentityModel.Tokens.SecurityTokenSignatureKeyNotFoundException: IDX10517: Signature validation failed. The token's kid is missing. Keys tried: 'Microsoft.IdentityModel.Tokens.SymmetricSecurityKey, KeyId: '', InternalId: 'VNGqhB7kZ75afXrNakqPyb1WYggzQUo6Cgi8Kx2i7Zs'. , KeyId: 
'. Number of keys in TokenValidationParameters: '1'. 
Number of keys in Configuration: '0'. 
Exceptions caught:
 '[PII of type 'System.Text.StringBuilder' is hidden. For more details, see https://aka.ms/IdentityModel/PII.]'.
token: '[PII of type 'Microsoft.IdentityModel.JsonWebTokens.JsonWebToken' is hidden. For more details, see https://aka.ms/IdentityModel/PII.]'. See https://aka.ms/IDX10503 for details.
   at Microsoft.IdentityModel.JsonWebTokens.JsonWebTokenHandler.ValidateSignature(JsonWebToken jwtToken, TokenValidationParameters validationParameters, BaseConfiguration configuration)
   at Microsoft.IdentityModel.JsonWebTokens.JsonWebTokenHandler.ValidateSignatureAndIssuerSecurityKey(JsonWebToken jsonWebToken, TokenValidationParameters validationParameters, BaseConfiguration configuration)
   at Microsoft.IdentityModel.JsonWebTokens.JsonWebTokenHandler.ValidateJWSAsync(JsonWebToken jsonWebToken, TokenValidationParameters validationParameters, BaseConfiguration configuration)
2026-09-16 10:37:21.067 +03:00 [INF] Bearer was not authenticated. Failure message: IDX10517: Signature validation failed. The token's kid is missing. Keys tried: 'Microsoft.IdentityModel.Tokens.SymmetricSecurityKey, KeyId: '', InternalId: 'VNGqhB7kZ75afXrNakqPyb1WYggzQUo6Cgi8Kx2i7Zs'. , KeyId: 
'. Number of keys in TokenValidationParameters: '1'. 
Number of keys in Configuration: '0'. 
Exceptions caught:
 '[PII of type 'System.Text.StringBuilder' is hidden. For more details, see https://aka.ms/IdentityModel/PII.]'.
token: '[PII of type 'Microsoft.IdentityModel.JsonWebTokens.JsonWebToken' is hidden. For more details, see https://aka.ms/IdentityModel/PII.]'. See https://aka.ms/IDX10503 for details.
2026-09-16 10:37:21.071 +03:00 [INF] Executing endpoint 'CMS.API.Controllers.TelemedController.GetSessions (CMS.API)'
2026-09-16 10:37:21.074 +03:00 [INF] Route matched with {action = "GetSessions", controller = "Telemed"}. Executing controller action with signature System.Threading.Tasks.Task`1[Microsoft.AspNetCore.Mvc.IActionResult] GetSessions(System.Nullable`1[System.Int32]) on controller CMS.API.Controllers.TelemedController (CMS.API).
2026-09-16 10:37:21.124 +03:00 [INF] Executing OkObjectResult, writing value of type 'CMS.Shared.DTOs.ApiResponse`1[[System.Collections.Generic.IEnumerable`1[[CMS.Shared.DTOs.TelemedSessionSummaryDto, CMS.Shared, Version=1.0.0.0, Culture=neutral, PublicKeyToken=null]], System.Private.CoreLib, Version=8.0.0.0, Culture=neutral, PublicKeyToken=7cec85d7bea7798e]]'.
2026-09-16 10:37:21.129 +03:00 [INF] Executed action CMS.API.Controllers.TelemedController.GetSessions (CMS.API) in 47.8141ms
2026-09-16 10:37:21.134 +03:00 [INF] Executed endpoint 'CMS.API.Controllers.TelemedController.GetSessions (CMS.API)'
2026-09-16 10:37:21.137 +03:00 [INF] Request finished HTTP/1.1 GET http://localhost:5010/api/v1/telemed/sessions - 200 null application/json; charset=utf-8 87.5505ms
2026-09-16 10:37:21.138 +03:00 [INF] Request starting HTTP/1.1 GET http://localhost:5010/api/v1/telemed/sessions - application/json null
2026-09-16 10:37:21.156 +03:00 [INF] Failed to validate the token.
Microsoft.IdentityModel.Tokens.SecurityTokenSignatureKeyNotFoundException: IDX10517: Signature validation failed. The token's kid is missing. Keys tried: 'Microsoft.IdentityModel.Tokens.SymmetricSecurityKey, KeyId: '', InternalId: 'VNGqhB7kZ75afXrNakqPyb1WYggzQUo6Cgi8Kx2i7Zs'. , KeyId: 
'. Number of keys in TokenValidationParameters: '1'. 
Number of keys in Configuration: '0'. 
Exceptions caught:
 '[PII of type 'System.Text.StringBuilder' is hidden. For more details, see https://aka.ms/IdentityModel/PII.]'.
token: '[PII of type 'Microsoft.IdentityModel.JsonWebTokens.JsonWebToken' is hidden. For more details, see https://aka.ms/IdentityModel/PII.]'. See https://aka.ms/IDX10503 for details.
   at Microsoft.IdentityModel.JsonWebTokens.JsonWebTokenHandler.ValidateSignature(JsonWebToken jwtToken, TokenValidationParameters validationParameters, BaseConfiguration configuration)
   at Microsoft.IdentityModel.JsonWebTokens.JsonWebTokenHandler.ValidateSignatureAndIssuerSecurityKey(JsonWebToken jsonWebToken, TokenValidationParameters validationParameters, BaseConfiguration configuration)
   at Microsoft.IdentityModel.JsonWebTokens.JsonWebTokenHandler.ValidateJWSAsync(JsonWebToken jsonWebToken, TokenValidationParameters validationParameters, BaseConfiguration configuration)
2026-09-16 10:37:21.163 +03:00 [INF] Bearer was not authenticated. Failure message: IDX10517: Signature validation failed. The token's kid is missing. Keys tried: 'Microsoft.IdentityModel.Tokens.SymmetricSecurityKey, KeyId: '', InternalId: 'VNGqhB7kZ75afXrNakqPyb1WYggzQUo6Cgi8Kx2i7Zs'. , KeyId: 
'. Number of keys in TokenValidationParameters: '1'. 
Number of keys in Configuration: '0'. 
Exceptions caught:
 '[PII of type 'System.Text.StringBuilder' is hidden. For more details, see https://aka.ms/IdentityModel/PII.]'.
token: '[PII of type 'Microsoft.IdentityModel.JsonWebTokens.JsonWebToken' is hidden. For more details, see https://aka.ms/IdentityModel/PII.]'. See https://aka.ms/IDX10503 for details.
2026-09-16 10:37:21.167 +03:00 [INF] Executing endpoint 'CMS.API.Controllers.TelemedController.GetSessions (CMS.API)'
2026-09-16 10:37:21.170 +03:00 [INF] Route matched with {action = "GetSessions", controller = "Telemed"}. Executing controller action with signature System.Threading.Tasks.Task`1[Microsoft.AspNetCore.Mvc.IActionResult] GetSessions(System.Nullable`1[System.Int32]) on controller CMS.API.Controllers.TelemedController (CMS.API).
2026-09-16 10:37:21.177 +03:00 [INF] Executing OkObjectResult, writing value of type 'CMS.Shared.DTOs.ApiResponse`1[[System.Collections.Generic.IEnumerable`1[[CMS.Shared.DTOs.TelemedSessionSummaryDto, CMS.Shared, Version=1.0.0.0, Culture=neutral, PublicKeyToken=null]], System.Private.CoreLib, Version=8.0.0.0, Culture=neutral, PublicKeyToken=7cec85d7bea7798e]]'.
2026-09-16 10:37:21.182 +03:00 [INF] Executed action CMS.API.Controllers.TelemedController.GetSessions (CMS.API) in 7.0016ms
2026-09-16 10:37:21.187 +03:00 [INF] Executed endpoint 'CMS.API.Controllers.TelemedController.GetSessions (CMS.API)'
2026-09-16 10:37:21.190 +03:00 [INF] Request finished HTTP/1.1 GET http://localhost:5010/api/v1/telemed/sessions - 200 null application/json; charset=utf-8 52.722ms
2026-09-16 10:37:24.541 +03:00 [INF] Request starting HTTP/1.1 GET http://localhost:5010/api/v1/notifications - application/json null
2026-09-16 10:37:24.550 +03:00 [INF] Failed to validate the token.
Microsoft.IdentityModel.Tokens.SecurityTokenSignatureKeyNotFoundException: IDX10517: Signature validation failed. The token's kid is missing. Keys tried: 'Microsoft.IdentityModel.Tokens.SymmetricSecurityKey, KeyId: '', InternalId: 'VNGqhB7kZ75afXrNakqPyb1WYggzQUo6Cgi8Kx2i7Zs'. , KeyId: 
'. Number of keys in TokenValidationParameters: '1'. 
Number of keys in Configuration: '0'. 
Exceptions caught:
 '[PII of type 'System.Text.StringBuilder' is hidden. For more details, see https://aka.ms/IdentityModel/PII.]'.
token: '[PII of type 'Microsoft.IdentityModel.JsonWebTokens.JsonWebToken' is hidden. For more details, see https://aka.ms/IdentityModel/PII.]'. See https://aka.ms/IDX10503 for details.
   at Microsoft.IdentityModel.JsonWebTokens.JsonWebTokenHandler.ValidateSignature(JsonWebToken jwtToken, TokenValidationParameters validationParameters, BaseConfiguration configuration)
   at Microsoft.IdentityModel.JsonWebTokens.JsonWebTokenHandler.ValidateSignatureAndIssuerSecurityKey(JsonWebToken jsonWebToken, TokenValidationParameters validationParameters, BaseConfiguration configuration)
   at Microsoft.IdentityModel.JsonWebTokens.JsonWebTokenHandler.ValidateJWSAsync(JsonWebToken jsonWebToken, TokenValidationParameters validationParameters, BaseConfiguration configuration)
2026-09-16 10:37:24.558 +03:00 [INF] Bearer was not authenticated. Failure message: IDX10517: Signature validation failed. The token's kid is missing. Keys tried: 'Microsoft.IdentityModel.Tokens.SymmetricSecurityKey, KeyId: '', InternalId: 'VNGqhB7kZ75afXrNakqPyb1WYggzQUo6Cgi8Kx2i7Zs'. , KeyId: 
'. Number of keys in TokenValidationParameters: '1'. 
Number of keys in Configuration: '0'. 
Exceptions caught:
 '[PII of type 'System.Text.StringBuilder' is hidden. For more details, see https://aka.ms/IdentityModel/PII.]'.
token: '[PII of type 'Microsoft.IdentityModel.JsonWebTokens.JsonWebToken' is hidden. For more details, see https://aka.ms/IdentityModel/PII.]'. See https://aka.ms/IDX10503 for details.
2026-09-16 10:37:24.562 +03:00 [INF] Executing endpoint 'CMS.API.Controllers.NotificationsController.GetNotifications (CMS.API)'
2026-09-16 10:37:24.565 +03:00 [INF] Route matched with {action = "GetNotifications", controller = "Notifications"}. Executing controller action with signature System.Threading.Tasks.Task`1[Microsoft.AspNetCore.Mvc.IActionResult] GetNotifications(System.Nullable`1[System.Int32], System.String) on controller CMS.API.Controllers.NotificationsController (CMS.API).
2026-09-16 10:37:24.574 +03:00 [INF] Executing OkObjectResult, writing value of type 'CMS.Shared.DTOs.ApiResponse`1[[System.Collections.Generic.List`1[[CMS.Shared.DTOs.NotificationItemDto, CMS.Shared, Version=1.0.0.0, Culture=neutral, PublicKeyToken=null]], System.Private.CoreLib, Version=8.0.0.0, Culture=neutral, PublicKeyToken=7cec85d7bea7798e]]'.
2026-09-16 10:37:24.580 +03:00 [INF] Executed action CMS.API.Controllers.NotificationsController.GetNotifications (CMS.API) in 8.6374ms
2026-09-16 10:37:24.584 +03:00 [INF] Executed endpoint 'CMS.API.Controllers.NotificationsController.GetNotifications (CMS.API)'
2026-09-16 10:37:24.587 +03:00 [INF] Request finished HTTP/1.1 GET http://localhost:5010/api/v1/notifications - 200 null application/json; charset=utf-8 46.5481ms
2026-09-16 10:37:36.053 +03:00 [INF] Request starting HTTP/1.1 GET http://localhost:5010/api/v1/telemed/sessions - application/json null
2026-09-16 10:37:36.062 +03:00 [INF] Failed to validate the token.
Microsoft.IdentityModel.Tokens.SecurityTokenSignatureKeyNotFoundException: IDX10517: Signature validation failed. The token's kid is missing. Keys tried: 'Microsoft.IdentityModel.Tokens.SymmetricSecurityKey, KeyId: '', InternalId: 'VNGqhB7kZ75afXrNakqPyb1WYggzQUo6Cgi8Kx2i7Zs'. , KeyId: 
'. Number of keys in TokenValidationParameters: '1'. 
Number of keys in Configuration: '0'. 
Exceptions caught:
 '[PII of type 'System.Text.StringBuilder' is hidden. For more details, see https://aka.ms/IdentityModel/PII.]'.
token: '[PII of type 'Microsoft.IdentityModel.JsonWebTokens.JsonWebToken' is hidden. For more details, see https://aka.ms/IdentityModel/PII.]'. See https://aka.ms/IDX10503 for details.
   at Microsoft.IdentityModel.JsonWebTokens.JsonWebTokenHandler.ValidateSignature(JsonWebToken jwtToken, TokenValidationParameters validationParameters, BaseConfiguration configuration)
   at Microsoft.IdentityModel.JsonWebTokens.JsonWebTokenHandler.ValidateSignatureAndIssuerSecurityKey(JsonWebToken jsonWebToken, TokenValidationParameters validationParameters, BaseConfiguration configuration)
   at Microsoft.IdentityModel.JsonWebTokens.JsonWebTokenHandler.ValidateJWSAsync(JsonWebToken jsonWebToken, TokenValidationParameters validationParameters, BaseConfiguration configuration)
2026-09-16 10:37:36.070 +03:00 [INF] Bearer was not authenticated. Failure message: IDX10517: Signature validation failed. The token's kid is missing. Keys tried: 'Microsoft.IdentityModel.Tokens.SymmetricSecurityKey, KeyId: '', InternalId: 'VNGqhB7kZ75afXrNakqPyb1WYggzQUo6Cgi8Kx2i7Zs'. , KeyId: 
'. Number of keys in TokenValidationParameters: '1'. 
Number of keys in Configuration: '0'. 
Exceptions caught:
 '[PII of type 'System.Text.StringBuilder' is hidden. For more details, see https://aka.ms/IdentityModel/PII.]'.
token: '[PII of type 'Microsoft.IdentityModel.JsonWebTokens.JsonWebToken' is hidden. For more details, see https://aka.ms/IdentityModel/PII.]'. See https://aka.ms/IDX10503 for details.
2026-09-16 10:37:36.074 +03:00 [INF] Executing endpoint 'CMS.API.Controllers.TelemedController.GetSessions (CMS.API)'
2026-09-16 10:37:36.078 +03:00 [INF] Route matched with {action = "GetSessions", controller = "Telemed"}. Executing controller action with signature System.Threading.Tasks.Task`1[Microsoft.AspNetCore.Mvc.IActionResult] GetSessions(System.Nullable`1[System.Int32]) on controller CMS.API.Controllers.TelemedController (CMS.API).
2026-09-16 10:37:36.087 +03:00 [INF] Executing OkObjectResult, writing value of type 'CMS.Shared.DTOs.ApiResponse`1[[System.Collections.Generic.IEnumerable`1[[CMS.Shared.DTOs.TelemedSessionSummaryDto, CMS.Shared, Version=1.0.0.0, Culture=neutral, PublicKeyToken=null]], System.Private.CoreLib, Version=8.0.0.0, Culture=neutral, PublicKeyToken=7cec85d7bea7798e]]'.
2026-09-16 10:37:36.093 +03:00 [INF] Executed action CMS.API.Controllers.TelemedController.GetSessions (CMS.API) in 8.6726ms
2026-09-16 10:37:36.099 +03:00 [INF] Executed endpoint 'CMS.API.Controllers.TelemedController.GetSessions (CMS.API)'
2026-09-16 10:37:36.103 +03:00 [INF] Request finished HTTP/1.1 GET http://localhost:5010/api/v1/telemed/sessions - 200 null application/json; charset=utf-8 49.4762ms
2026-09-16 10:37:39.539 +03:00 [INF] Request starting HTTP/1.1 GET http://localhost:5010/api/v1/notifications - application/json null
2026-09-16 10:37:39.555 +03:00 [INF] Failed to validate the token.
Microsoft.IdentityModel.Tokens.SecurityTokenSignatureKeyNotFoundException: IDX10517: Signature validation failed. The token's kid is missing. Keys tried: 'Microsoft.IdentityModel.Tokens.SymmetricSecurityKey, KeyId: '', InternalId: 'VNGqhB7kZ75afXrNakqPyb1WYggzQUo6Cgi8Kx2i7Zs'. , KeyId: 
'. Number of keys in TokenValidationParameters: '1'. 
Number of keys in Configuration: '0'. 
Exceptions caught:
 '[PII of type 'System.Text.StringBuilder' is hidden. For more details, see https://aka.ms/IdentityModel/PII.]'.
token: '[PII of type 'Microsoft.IdentityModel.JsonWebTokens.JsonWebToken' is hidden. For more details, see https://aka.ms/IdentityModel/PII.]'. See https://aka.ms/IDX10503 for details.
   at Microsoft.IdentityModel.JsonWebTokens.JsonWebTokenHandler.ValidateSignature(JsonWebToken jwtToken, TokenValidationParameters validationParameters, BaseConfiguration configuration)
   at Microsoft.IdentityModel.JsonWebTokens.JsonWebTokenHandler.ValidateSignatureAndIssuerSecurityKey(JsonWebToken jsonWebToken, TokenValidationParameters validationParameters, BaseConfiguration configuration)
   at Microsoft.IdentityModel.JsonWebTokens.JsonWebTokenHandler.ValidateJWSAsync(JsonWebToken jsonWebToken, TokenValidationParameters validationParameters, BaseConfiguration configuration)
2026-09-16 10:37:39.591 +03:00 [INF] Bearer was not authenticated. Failure message: IDX10517: Signature validation failed. The token's kid is missing. Keys tried: 'Microsoft.IdentityModel.Tokens.SymmetricSecurityKey, KeyId: '', InternalId: 'VNGqhB7kZ75afXrNakqPyb1WYggzQUo6Cgi8Kx2i7Zs'. , KeyId: 
'. Number of keys in TokenValidationParameters: '1'. 
Number of keys in Configuration: '0'. 
Exceptions caught:
 '[PII of type 'System.Text.StringBuilder' is hidden. For more details, see https://aka.ms/IdentityModel/PII.]'.
token: '[PII of type 'Microsoft.IdentityModel.JsonWebTokens.JsonWebToken' is hidden. For more details, see https://aka.ms/IdentityModel/PII.]'. See https://aka.ms/IDX10503 for details.
2026-09-16 10:37:39.607 +03:00 [INF] Executing endpoint 'CMS.API.Controllers.NotificationsController.GetNotifications (CMS.API)'
2026-09-16 10:37:39.620 +03:00 [INF] Route matched with {action = "GetNotifications", controller = "Notifications"}. Executing controller action with signature System.Threading.Tasks.Task`1[Microsoft.AspNetCore.Mvc.IActionResult] GetNotifications(System.Nullable`1[System.Int32], System.String) on controller CMS.API.Controllers.NotificationsController (CMS.API).
2026-09-16 10:37:39.682 +03:00 [INF] Executing OkObjectResult, writing value of type 'CMS.Shared.DTOs.ApiResponse`1[[System.Collections.Generic.List`1[[CMS.Shared.DTOs.NotificationItemDto, CMS.Shared, Version=1.0.0.0, Culture=neutral, PublicKeyToken=null]], System.Private.CoreLib, Version=8.0.0.0, Culture=neutral, PublicKeyToken=7cec85d7bea7798e]]'.
2026-09-16 10:37:39.689 +03:00 [INF] Executed action CMS.API.Controllers.NotificationsController.GetNotifications (CMS.API) in 36.0651ms
2026-09-16 10:37:39.695 +03:00 [INF] Executed endpoint 'CMS.API.Controllers.NotificationsController.GetNotifications (CMS.API)'
2026-09-16 10:37:39.700 +03:00 [INF] Request finished HTTP/1.1 GET http://localhost:5010/api/v1/notifications - 200 null application/json; charset=utf-8 160.3623ms
2026-09-16 10:37:51.072 +03:00 [INF] Request starting HTTP/1.1 GET http://localhost:5010/api/v1/telemed/sessions - application/json null
2026-09-16 10:37:51.081 +03:00 [INF] Failed to validate the token.
Microsoft.IdentityModel.Tokens.SecurityTokenSignatureKeyNotFoundException: IDX10517: Signature validation failed. The token's kid is missing. Keys tried: 'Microsoft.IdentityModel.Tokens.SymmetricSecurityKey, KeyId: '', InternalId: 'VNGqhB7kZ75afXrNakqPyb1WYggzQUo6Cgi8Kx2i7Zs'. , KeyId: 
'. Number of keys in TokenValidationParameters: '1'. 
Number of keys in Configuration: '0'. 
Exceptions caught:
 '[PII of type 'System.Text.StringBuilder' is hidden. For more details, see https://aka.ms/IdentityModel/PII.]'.
token: '[PII of type 'Microsoft.IdentityModel.JsonWebTokens.JsonWebToken' is hidden. For more details, see https://aka.ms/IdentityModel/PII.]'. See https://aka.ms/IDX10503 for details.
   at Microsoft.IdentityModel.JsonWebTokens.JsonWebTokenHandler.ValidateSignature(JsonWebToken jwtToken, TokenValidationParameters validationParameters, BaseConfiguration configuration)
   at Microsoft.IdentityModel.JsonWebTokens.JsonWebTokenHandler.ValidateSignatureAndIssuerSecurityKey(JsonWebToken jsonWebToken, TokenValidationParameters validationParameters, BaseConfiguration configuration)
   at Microsoft.IdentityModel.JsonWebTokens.JsonWebTokenHandler.ValidateJWSAsync(JsonWebToken jsonWebToken, TokenValidationParameters validationParameters, BaseConfiguration configuration)
2026-09-16 10:37:51.090 +03:00 [INF] Bearer was not authenticated. Failure message: IDX10517: Signature validation failed. The token's kid is missing. Keys tried: 'Microsoft.IdentityModel.Tokens.SymmetricSecurityKey, KeyId: '', InternalId: 'VNGqhB7kZ75afXrNakqPyb1WYggzQUo6Cgi8Kx2i7Zs'. , KeyId: 
'. Number of keys in TokenValidationParameters: '1'. 
Number of keys in Configuration: '0'. 
Exceptions caught:
 '[PII of type 'System.Text.StringBuilder' is hidden. For more details, see https://aka.ms/IdentityModel/PII.]'.
token: '[PII of type 'Microsoft.IdentityModel.JsonWebTokens.JsonWebToken' is hidden. For more details, see https://aka.ms/IdentityModel/PII.]'. See https://aka.ms/IDX10503 for details.
2026-09-16 10:37:51.094 +03:00 [INF] Executing endpoint 'CMS.API.Controllers.TelemedController.GetSessions (CMS.API)'
2026-09-16 10:37:51.098 +03:00 [INF] Route matched with {action = "GetSessions", controller = "Telemed"}. Executing controller action with signature System.Threading.Tasks.Task`1[Microsoft.AspNetCore.Mvc.IActionResult] GetSessions(System.Nullable`1[System.Int32]) on controller CMS.API.Controllers.TelemedController (CMS.API).
2026-09-16 10:37:51.182 +03:00 [INF] Executing OkObjectResult, writing value of type 'CMS.Shared.DTOs.ApiResponse`1[[System.Collections.Generic.IEnumerable`1[[CMS.Shared.DTOs.TelemedSessionSummaryDto, CMS.Shared, Version=1.0.0.0, Culture=neutral, PublicKeyToken=null]], System.Private.CoreLib, Version=8.0.0.0, Culture=neutral, PublicKeyToken=7cec85d7bea7798e]]'.
2026-09-16 10:37:51.187 +03:00 [INF] Executed action CMS.API.Controllers.TelemedController.GetSessions (CMS.API) in 83.9904ms
2026-09-16 10:37:51.192 +03:00 [INF] Executed endpoint 'CMS.API.Controllers.TelemedController.GetSessions (CMS.API)'
2026-09-16 10:37:51.195 +03:00 [INF] Request finished HTTP/1.1 GET http://localhost:5010/api/v1/telemed/sessions - 200 null application/json; charset=utf-8 123.14ms
2026-09-16 10:37:54.529 +03:00 [INF] Request starting HTTP/1.1 GET http://localhost:5010/api/v1/notifications - application/json null
2026-09-16 10:37:54.540 +03:00 [INF] Failed to validate the token.
Microsoft.IdentityModel.Tokens.SecurityTokenSignatureKeyNotFoundException: IDX10517: Signature validation failed. The token's kid is missing. Keys tried: 'Microsoft.IdentityModel.Tokens.SymmetricSecurityKey, KeyId: '', InternalId: 'VNGqhB7kZ75afXrNakqPyb1WYggzQUo6Cgi8Kx2i7Zs'. , KeyId: 
'. Number of keys in TokenValidationParameters: '1'. 
Number of keys in Configuration: '0'. 
Exceptions caught:
 '[PII of type 'System.Text.StringBuilder' is hidden. For more details, see https://aka.ms/IdentityModel/PII.]'.
token: '[PII of type 'Microsoft.IdentityModel.JsonWebTokens.JsonWebToken' is hidden. For more details, see https://aka.ms/IdentityModel/PII.]'. See https://aka.ms/IDX10503 for details.
   at Microsoft.IdentityModel.JsonWebTokens.JsonWebTokenHandler.ValidateSignature(JsonWebToken jwtToken, TokenValidationParameters validationParameters, BaseConfiguration configuration)
   at Microsoft.IdentityModel.JsonWebTokens.JsonWebTokenHandler.ValidateSignatureAndIssuerSecurityKey(JsonWebToken jsonWebToken, TokenValidationParameters validationParameters, BaseConfiguration configuration)
   at Microsoft.IdentityModel.JsonWebTokens.JsonWebTokenHandler.ValidateJWSAsync(JsonWebToken jsonWebToken, TokenValidationParameters validationParameters, BaseConfiguration configuration)
2026-09-16 10:37:54.550 +03:00 [INF] Bearer was not authenticated. Failure message: IDX10517: Signature validation failed. The token's kid is missing. Keys tried: 'Microsoft.IdentityModel.Tokens.SymmetricSecurityKey, KeyId: '', InternalId: 'VNGqhB7kZ75afXrNakqPyb1WYggzQUo6Cgi8Kx2i7Zs'. , KeyId: 
'. Number of keys in TokenValidationParameters: '1'. 
Number of keys in Configuration: '0'. 
Exceptions caught:
 '[PII of type 'System.Text.StringBuilder' is hidden. For more details, see https://aka.ms/IdentityModel/PII.]'.
token: '[PII of type 'Microsoft.IdentityModel.JsonWebTokens.JsonWebToken' is hidden. For more details, see https://aka.ms/IdentityModel/PII.]'. See https://aka.ms/IDX10503 for details.
2026-09-16 10:37:54.555 +03:00 [INF] Executing endpoint 'CMS.API.Controllers.NotificationsController.GetNotifications (CMS.API)'
2026-09-16 10:37:54.558 +03:00 [INF] Route matched with {action = "GetNotifications", controller = "Notifications"}. Executing controller action with signature System.Threading.Tasks.Task`1[Microsoft.AspNetCore.Mvc.IActionResult] GetNotifications(System.Nullable`1[System.Int32], System.String) on controller CMS.API.Controllers.NotificationsController (CMS.API).
2026-09-16 10:37:54.579 +03:00 [INF] Executing OkObjectResult, writing value of type 'CMS.Shared.DTOs.ApiResponse`1[[System.Collections.Generic.List`1[[CMS.Shared.DTOs.NotificationItemDto, CMS.Shared, Version=1.0.0.0, Culture=neutral, PublicKeyToken=null]], System.Private.CoreLib, Version=8.0.0.0, Culture=neutral, PublicKeyToken=7cec85d7bea7798e]]'.
2026-09-16 10:37:54.584 +03:00 [INF] Executed action CMS.API.Controllers.NotificationsController.GetNotifications (CMS.API) in 19.3806ms
2026-09-16 10:37:54.588 +03:00 [INF] Executed endpoint 'CMS.API.Controllers.NotificationsController.GetNotifications (CMS.API)'
2026-09-16 10:37:54.591 +03:00 [INF] Request finished HTTP/1.1 GET http://localhost:5010/api/v1/notifications - 200 null application/json; charset=utf-8 61.5276ms
2026-09-16 10:37:54.706 +03:00 [INF] Request starting HTTP/1.1 GET http://localhost:5010/api/v1/notifications - application/json null
2026-09-16 10:37:54.716 +03:00 [INF] Failed to validate the token.
Microsoft.IdentityModel.Tokens.SecurityTokenSignatureKeyNotFoundException: IDX10517: Signature validation failed. The token's kid is missing. Keys tried: 'Microsoft.IdentityModel.Tokens.SymmetricSecurityKey, KeyId: '', InternalId: 'VNGqhB7kZ75afXrNakqPyb1WYggzQUo6Cgi8Kx2i7Zs'. , KeyId: 
'. Number of keys in TokenValidationParameters: '1'. 
Number of keys in Configuration: '0'. 
Exceptions caught:
 '[PII of type 'System.Text.StringBuilder' is hidden. For more details, see https://aka.ms/IdentityModel/PII.]'.
token: '[PII of type 'Microsoft.IdentityModel.JsonWebTokens.JsonWebToken' is hidden. For more details, see https://aka.ms/IdentityModel/PII.]'. See https://aka.ms/IDX10503 for details.
   at Microsoft.IdentityModel.JsonWebTokens.JsonWebTokenHandler.ValidateSignature(JsonWebToken jwtToken, TokenValidationParameters validationParameters, BaseConfiguration configuration)
   at Microsoft.IdentityModel.JsonWebTokens.JsonWebTokenHandler.ValidateSignatureAndIssuerSecurityKey(JsonWebToken jsonWebToken, TokenValidationParameters validationParameters, BaseConfiguration configuration)
   at Microsoft.IdentityModel.JsonWebTokens.JsonWebTokenHandler.ValidateJWSAsync(JsonWebToken jsonWebToken, TokenValidationParameters validationParameters, BaseConfiguration configuration)
2026-09-16 10:37:54.725 +03:00 [INF] Bearer was not authenticated. Failure message: IDX10517: Signature validation failed. The token's kid is missing. Keys tried: 'Microsoft.IdentityModel.Tokens.SymmetricSecurityKey, KeyId: '', InternalId: 'VNGqhB7kZ75afXrNakqPyb1WYggzQUo6Cgi8Kx2i7Zs'. , KeyId: 
'. Number of keys in TokenValidationParameters: '1'. 
Number of keys in Configuration: '0'. 
Exceptions caught:
 '[PII of type 'System.Text.StringBuilder' is hidden. For more details, see https://aka.ms/IdentityModel/PII.]'.
token: '[PII of type 'Microsoft.IdentityModel.JsonWebTokens.JsonWebToken' is hidden. For more details, see https://aka.ms/IdentityModel/PII.]'. See https://aka.ms/IDX10503 for details.
2026-09-16 10:37:54.728 +03:00 [INF] Executing endpoint 'CMS.API.Controllers.NotificationsController.GetNotifications (CMS.API)'
2026-09-16 10:37:54.732 +03:00 [INF] Route matched with {action = "GetNotifications", controller = "Notifications"}. Executing controller action with signature System.Threading.Tasks.Task`1[Microsoft.AspNetCore.Mvc.IActionResult] GetNotifications(System.Nullable`1[System.Int32], System.String) on controller CMS.API.Controllers.NotificationsController (CMS.API).
2026-09-16 10:37:54.742 +03:00 [INF] Executing OkObjectResult, writing value of type 'CMS.Shared.DTOs.ApiResponse`1[[System.Collections.Generic.List`1[[CMS.Shared.DTOs.NotificationItemDto, CMS.Shared, Version=1.0.0.0, Culture=neutral, PublicKeyToken=null]], System.Private.CoreLib, Version=8.0.0.0, Culture=neutral, PublicKeyToken=7cec85d7bea7798e]]'.
2026-09-16 10:37:54.747 +03:00 [INF] Executed action CMS.API.Controllers.NotificationsController.GetNotifications (CMS.API) in 8.0364ms
2026-09-16 10:37:54.751 +03:00 [INF] Executed endpoint 'CMS.API.Controllers.NotificationsController.GetNotifications (CMS.API)'
2026-09-16 10:37:54.754 +03:00 [INF] Request finished HTTP/1.1 GET http://localhost:5010/api/v1/notifications - 200 null application/json; charset=utf-8 48.6247ms
2026-09-16 10:38:06.051 +03:00 [INF] Request starting HTTP/1.1 GET http://localhost:5010/api/v1/telemed/sessions - application/json null
2026-09-16 10:38:06.061 +03:00 [INF] Failed to validate the token.
Microsoft.IdentityModel.Tokens.SecurityTokenSignatureKeyNotFoundException: IDX10517: Signature validation failed. The token's kid is missing. Keys tried: 'Microsoft.IdentityModel.Tokens.SymmetricSecurityKey, KeyId: '', InternalId: 'VNGqhB7kZ75afXrNakqPyb1WYggzQUo6Cgi8Kx2i7Zs'. , KeyId: 
'. Number of keys in TokenValidationParameters: '1'. 
Number of keys in Configuration: '0'. 
Exceptions caught:
 '[PII of type 'System.Text.StringBuilder' is hidden. For more details, see https://aka.ms/IdentityModel/PII.]'.
token: '[PII of type 'Microsoft.IdentityModel.JsonWebTokens.JsonWebToken' is hidden. For more details, see https://aka.ms/IdentityModel/PII.]'. See https://aka.ms/IDX10503 for details.
   at Microsoft.IdentityModel.JsonWebTokens.JsonWebTokenHandler.ValidateSignature(JsonWebToken jwtToken, TokenValidationParameters validationParameters, BaseConfiguration configuration)
   at Microsoft.IdentityModel.JsonWebTokens.JsonWebTokenHandler.ValidateSignatureAndIssuerSecurityKey(JsonWebToken jsonWebToken, TokenValidationParameters validationParameters, BaseConfiguration configuration)
   at Microsoft.IdentityModel.JsonWebTokens.JsonWebTokenHandler.ValidateJWSAsync(JsonWebToken jsonWebToken, TokenValidationParameters validationParameters, BaseConfiguration configuration)
2026-09-16 10:38:06.069 +03:00 [INF] Bearer was not authenticated. Failure message: IDX10517: Signature validation failed. The token's kid is missing. Keys tried: 'Microsoft.IdentityModel.Tokens.SymmetricSecurityKey, KeyId: '', InternalId: 'VNGqhB7kZ75afXrNakqPyb1WYggzQUo6Cgi8Kx2i7Zs'. , KeyId: 
'. Number of keys in TokenValidationParameters: '1'. 
Number of keys in Configuration: '0'. 
Exceptions caught:
 '[PII of type 'System.Text.StringBuilder' is hidden. For more details, see https://aka.ms/IdentityModel/PII.]'.
token: '[PII of type 'Microsoft.IdentityModel.JsonWebTokens.JsonWebToken' is hidden. For more details, see https://aka.ms/IdentityModel/PII.]'. See https://aka.ms/IDX10503 for details.
2026-09-16 10:38:06.074 +03:00 [INF] Executing endpoint 'CMS.API.Controllers.TelemedController.GetSessions (CMS.API)'
2026-09-16 10:38:06.078 +03:00 [INF] Route matched with {action = "GetSessions", controller = "Telemed"}. Executing controller action with signature System.Threading.Tasks.Task`1[Microsoft.AspNetCore.Mvc.IActionResult] GetSessions(System.Nullable`1[System.Int32]) on controller CMS.API.Controllers.TelemedController (CMS.API).
2026-09-16 10:38:06.086 +03:00 [INF] Executing OkObjectResult, writing value of type 'CMS.Shared.DTOs.ApiResponse`1[[System.Collections.Generic.IEnumerable`1[[CMS.Shared.DTOs.TelemedSessionSummaryDto, CMS.Shared, Version=1.0.0.0, Culture=neutral, PublicKeyToken=null]], System.Private.CoreLib, Version=8.0.0.0, Culture=neutral, PublicKeyToken=7cec85d7bea7798e]]'.
2026-09-16 10:38:06.091 +03:00 [INF] Executed action CMS.API.Controllers.TelemedController.GetSessions (CMS.API) in 6.9275ms
2026-09-16 10:38:06.095 +03:00 [INF] Executed endpoint 'CMS.API.Controllers.TelemedController.GetSessions (CMS.API)'
2026-09-16 10:38:06.098 +03:00 [INF] Request finished HTTP/1.1 GET http://localhost:5010/api/v1/telemed/sessions - 200 null application/json; charset=utf-8 47.0815ms
2026-09-16 10:38:09.528 +03:00 [INF] Request starting HTTP/1.1 GET http://localhost:5010/api/v1/notifications - application/json null
2026-09-16 10:38:09.536 +03:00 [INF] Failed to validate the token.
Microsoft.IdentityModel.Tokens.SecurityTokenSignatureKeyNotFoundException: IDX10517: Signature validation failed. The token's kid is missing. Keys tried: 'Microsoft.IdentityModel.Tokens.SymmetricSecurityKey, KeyId: '', InternalId: 'VNGqhB7kZ75afXrNakqPyb1WYggzQUo6Cgi8Kx2i7Zs'. , KeyId: 
'. Number of keys in TokenValidationParameters: '1'. 
Number of keys in Configuration: '0'. 
Exceptions caught:
 '[PII of type 'System.Text.StringBuilder' is hidden. For more details, see https://aka.ms/IdentityModel/PII.]'.
token: '[PII of type 'Microsoft.IdentityModel.JsonWebTokens.JsonWebToken' is hidden. For more details, see https://aka.ms/IdentityModel/PII.]'. See https://aka.ms/IDX10503 for details.
   at Microsoft.IdentityModel.JsonWebTokens.JsonWebTokenHandler.ValidateSignature(JsonWebToken jwtToken, TokenValidationParameters validationParameters, BaseConfiguration configuration)
   at Microsoft.IdentityModel.JsonWebTokens.JsonWebTokenHandler.ValidateSignatureAndIssuerSecurityKey(JsonWebToken jsonWebToken, TokenValidationParameters validationParameters, BaseConfiguration configuration)
   at Microsoft.IdentityModel.JsonWebTokens.JsonWebTokenHandler.ValidateJWSAsync(JsonWebToken jsonWebToken, TokenValidationParameters validationParameters, BaseConfiguration configuration)
2026-09-16 10:38:09.545 +03:00 [INF] Bearer was not authenticated. Failure message: IDX10517: Signature validation failed. The token's kid is missing. Keys tried: 'Microsoft.IdentityModel.Tokens.SymmetricSecurityKey, KeyId: '', InternalId: 'VNGqhB7kZ75afXrNakqPyb1WYggzQUo6Cgi8Kx2i7Zs'. , KeyId: 
'. Number of keys in TokenValidationParameters: '1'. 
Number of keys in Configuration: '0'. 
Exceptions caught:
 '[PII of type 'System.Text.StringBuilder' is hidden. For more details, see https://aka.ms/IdentityModel/PII.]'.
token: '[PII of type 'Microsoft.IdentityModel.JsonWebTokens.JsonWebToken' is hidden. For more details, see https://aka.ms/IdentityModel/PII.]'. See https://aka.ms/IDX10503 for details.
2026-09-16 10:38:09.548 +03:00 [INF] Executing endpoint 'CMS.API.Controllers.NotificationsController.GetNotifications (CMS.API)'
2026-09-16 10:38:09.552 +03:00 [INF] Route matched with {action = "GetNotifications", controller = "Notifications"}. Executing controller action with signature System.Threading.Tasks.Task`1[Microsoft.AspNetCore.Mvc.IActionResult] GetNotifications(System.Nullable`1[System.Int32], System.String) on controller CMS.API.Controllers.NotificationsController (CMS.API).
2026-09-16 10:38:09.562 +03:00 [INF] Executing OkObjectResult, writing value of type 'CMS.Shared.DTOs.ApiResponse`1[[System.Collections.Generic.List`1[[CMS.Shared.DTOs.NotificationItemDto, CMS.Shared, Version=1.0.0.0, Culture=neutral, PublicKeyToken=null]], System.Private.CoreLib, Version=8.0.0.0, Culture=neutral, PublicKeyToken=7cec85d7bea7798e]]'.
2026-09-16 10:38:09.567 +03:00 [INF] Executed action CMS.API.Controllers.NotificationsController.GetNotifications (CMS.API) in 9.2234ms
2026-09-16 10:38:09.571 +03:00 [INF] Executed endpoint 'CMS.API.Controllers.NotificationsController.GetNotifications (CMS.API)'
2026-09-16 10:38:09.575 +03:00 [INF] Request finished HTTP/1.1 GET http://localhost:5010/api/v1/notifications - 200 null application/json; charset=utf-8 47.4581ms
2026-09-16 10:38:21.053 +03:00 [INF] Request starting HTTP/1.1 GET http://localhost:5010/api/v1/telemed/sessions - application/json null
2026-09-16 10:38:21.064 +03:00 [INF] Failed to validate the token.
Microsoft.IdentityModel.Tokens.SecurityTokenSignatureKeyNotFoundException: IDX10517: Signature validation failed. The token's kid is missing. Keys tried: 'Microsoft.IdentityModel.Tokens.SymmetricSecurityKey, KeyId: '', InternalId: 'VNGqhB7kZ75afXrNakqPyb1WYggzQUo6Cgi8Kx2i7Zs'. , KeyId: 
'. Number of keys in TokenValidationParameters: '1'. 
Number of keys in Configuration: '0'. 
Exceptions caught:
 '[PII of type 'System.Text.StringBuilder' is hidden. For more details, see https://aka.ms/IdentityModel/PII.]'.
token: '[PII of type 'Microsoft.IdentityModel.JsonWebTokens.JsonWebToken' is hidden. For more details, see https://aka.ms/IdentityModel/PII.]'. See https://aka.ms/IDX10503 for details.
   at Microsoft.IdentityModel.JsonWebTokens.JsonWebTokenHandler.ValidateSignature(JsonWebToken jwtToken, TokenValidationParameters validationParameters, BaseConfiguration configuration)
   at Microsoft.IdentityModel.JsonWebTokens.JsonWebTokenHandler.ValidateSignatureAndIssuerSecurityKey(JsonWebToken jsonWebToken, TokenValidationParameters validationParameters, BaseConfiguration configuration)
   at Microsoft.IdentityModel.JsonWebTokens.JsonWebTokenHandler.ValidateJWSAsync(JsonWebToken jsonWebToken, TokenValidationParameters validationParameters, BaseConfiguration configuration)
2026-09-16 10:38:21.072 +03:00 [INF] Bearer was not authenticated. Failure message: IDX10517: Signature validation failed. The token's kid is missing. Keys tried: 'Microsoft.IdentityModel.Tokens.SymmetricSecurityKey, KeyId: '', InternalId: 'VNGqhB7kZ75afXrNakqPyb1WYggzQUo6Cgi8Kx2i7Zs'. , KeyId: 
'. Number of keys in TokenValidationParameters: '1'. 
Number of keys in Configuration: '0'. 
Exceptions caught:
 '[PII of type 'System.Text.StringBuilder' is hidden. For more details, see https://aka.ms/IdentityModel/PII.]'.
token: '[PII of type 'Microsoft.IdentityModel.JsonWebTokens.JsonWebToken' is hidden. For more details, see https://aka.ms/IdentityModel/PII.]'. See https://aka.ms/IDX10503 for details.
2026-09-16 10:38:21.076 +03:00 [INF] Executing endpoint 'CMS.API.Controllers.TelemedController.GetSessions (CMS.API)'
2026-09-16 10:38:21.080 +03:00 [INF] Route matched with {action = "GetSessions", controller = "Telemed"}. Executing controller action with signature System.Threading.Tasks.Task`1[Microsoft.AspNetCore.Mvc.IActionResult] GetSessions(System.Nullable`1[System.Int32]) on controller CMS.API.Controllers.TelemedController (CMS.API).
2026-09-16 10:38:21.089 +03:00 [INF] Executing OkObjectResult, writing value of type 'CMS.Shared.DTOs.ApiResponse`1[[System.Collections.Generic.IEnumerable`1[[CMS.Shared.DTOs.TelemedSessionSummaryDto, CMS.Shared, Version=1.0.0.0, Culture=neutral, PublicKeyToken=null]], System.Private.CoreLib, Version=8.0.0.0, Culture=neutral, PublicKeyToken=7cec85d7bea7798e]]'.
2026-09-16 10:38:21.094 +03:00 [INF] Executed action CMS.API.Controllers.TelemedController.GetSessions (CMS.API) in 7.6679ms
2026-09-16 10:38:21.098 +03:00 [INF] Executed endpoint 'CMS.API.Controllers.TelemedController.GetSessions (CMS.API)'
2026-09-16 10:38:21.102 +03:00 [INF] Request finished HTTP/1.1 GET http://localhost:5010/api/v1/telemed/sessions - 200 null application/json; charset=utf-8 48.2132ms
2026-09-16 10:38:24.538 +03:00 [INF] Request starting HTTP/1.1 GET http://localhost:5010/api/v1/notifications - application/json null
2026-09-16 10:38:24.547 +03:00 [INF] Failed to validate the token.
Microsoft.IdentityModel.Tokens.SecurityTokenSignatureKeyNotFoundException: IDX10517: Signature validation failed. The token's kid is missing. Keys tried: 'Microsoft.IdentityModel.Tokens.SymmetricSecurityKey, KeyId: '', InternalId: 'VNGqhB7kZ75afXrNakqPyb1WYggzQUo6Cgi8Kx2i7Zs'. , KeyId: 
'. Number of keys in TokenValidationParameters: '1'. 
Number of keys in Configuration: '0'. 
Exceptions caught:
 '[PII of type 'System.Text.StringBuilder' is hidden. For more details, see https://aka.ms/IdentityModel/PII.]'.
token: '[PII of type 'Microsoft.IdentityModel.JsonWebTokens.JsonWebToken' is hidden. For more details, see https://aka.ms/IdentityModel/PII.]'. See https://aka.ms/IDX10503 for details.
   at Microsoft.IdentityModel.JsonWebTokens.JsonWebTokenHandler.ValidateSignature(JsonWebToken jwtToken, TokenValidationParameters validationParameters, BaseConfiguration configuration)
   at Microsoft.IdentityModel.JsonWebTokens.JsonWebTokenHandler.ValidateSignatureAndIssuerSecurityKey(JsonWebToken jsonWebToken, TokenValidationParameters validationParameters, BaseConfiguration configuration)
   at Microsoft.IdentityModel.JsonWebTokens.JsonWebTokenHandler.ValidateJWSAsync(JsonWebToken jsonWebToken, TokenValidationParameters validationParameters, BaseConfiguration configuration)
2026-09-16 10:38:24.556 +03:00 [INF] Bearer was not authenticated. Failure message: IDX10517: Signature validation failed. The token's kid is missing. Keys tried: 'Microsoft.IdentityModel.Tokens.SymmetricSecurityKey, KeyId: '', InternalId: 'VNGqhB7kZ75afXrNakqPyb1WYggzQUo6Cgi8Kx2i7Zs'. , KeyId: 
'. Number of keys in TokenValidationParameters: '1'. 
Number of keys in Configuration: '0'. 
Exceptions caught:
 '[PII of type 'System.Text.StringBuilder' is hidden. For more details, see https://aka.ms/IdentityModel/PII.]'.
token: '[PII of type 'Microsoft.IdentityModel.JsonWebTokens.JsonWebToken' is hidden. For more details, see https://aka.ms/IdentityModel/PII.]'. See https://aka.ms/IDX10503 for details.
2026-09-16 10:38:24.559 +03:00 [INF] Executing endpoint 'CMS.API.Controllers.NotificationsController.GetNotifications (CMS.API)'
2026-09-16 10:38:24.563 +03:00 [INF] Route matched with {action = "GetNotifications", controller = "Notifications"}. Executing controller action with signature System.Threading.Tasks.Task`1[Microsoft.AspNetCore.Mvc.IActionResult] GetNotifications(System.Nullable`1[System.Int32], System.String) on controller CMS.API.Controllers.NotificationsController (CMS.API).
2026-09-16 10:38:24.572 +03:00 [INF] Executing OkObjectResult, writing value of type 'CMS.Shared.DTOs.ApiResponse`1[[System.Collections.Generic.List`1[[CMS.Shared.DTOs.NotificationItemDto, CMS.Shared, Version=1.0.0.0, Culture=neutral, PublicKeyToken=null]], System.Private.CoreLib, Version=8.0.0.0, Culture=neutral, PublicKeyToken=7cec85d7bea7798e]]'.
2026-09-16 10:38:24.578 +03:00 [INF] Executed action CMS.API.Controllers.NotificationsController.GetNotifications (CMS.API) in 9.2148ms
2026-09-16 10:38:24.582 +03:00 [INF] Executed endpoint 'CMS.API.Controllers.NotificationsController.GetNotifications (CMS.API)'
2026-09-16 10:38:24.585 +03:00 [INF] Request finished HTTP/1.1 GET http://localhost:5010/api/v1/notifications - 200 null application/json; charset=utf-8 46.729ms
2026-09-16 10:38:36.053 +03:00 [INF] Request starting HTTP/1.1 GET http://localhost:5010/api/v1/telemed/sessions - application/json null
2026-09-16 10:38:36.063 +03:00 [INF] Failed to validate the token.
Microsoft.IdentityModel.Tokens.SecurityTokenSignatureKeyNotFoundException: IDX10517: Signature validation failed. The token's kid is missing. Keys tried: 'Microsoft.IdentityModel.Tokens.SymmetricSecurityKey, KeyId: '', InternalId: 'VNGqhB7kZ75afXrNakqPyb1WYggzQUo6Cgi8Kx2i7Zs'. , KeyId: 
'. Number of keys in TokenValidationParameters: '1'. 
Number of keys in Configuration: '0'. 
Exceptions caught:
 '[PII of type 'System.Text.StringBuilder' is hidden. For more details, see https://aka.ms/IdentityModel/PII.]'.
token: '[PII of type 'Microsoft.IdentityModel.JsonWebTokens.JsonWebToken' is hidden. For more details, see https://aka.ms/IdentityModel/PII.]'. See https://aka.ms/IDX10503 for details.
   at Microsoft.IdentityModel.JsonWebTokens.JsonWebTokenHandler.ValidateSignature(JsonWebToken jwtToken, TokenValidationParameters validationParameters, BaseConfiguration configuration)
   at Microsoft.IdentityModel.JsonWebTokens.JsonWebTokenHandler.ValidateSignatureAndIssuerSecurityKey(JsonWebToken jsonWebToken, TokenValidationParameters validationParameters, BaseConfiguration configuration)
   at Microsoft.IdentityModel.JsonWebTokens.JsonWebTokenHandler.ValidateJWSAsync(JsonWebToken jsonWebToken, TokenValidationParameters validationParameters, BaseConfiguration configuration)
2026-09-16 10:38:36.071 +03:00 [INF] Bearer was not authenticated. Failure message: IDX10517: Signature validation failed. The token's kid is missing. Keys tried: 'Microsoft.IdentityModel.Tokens.SymmetricSecurityKey, KeyId: '', InternalId: 'VNGqhB7kZ75afXrNakqPyb1WYggzQUo6Cgi8Kx2i7Zs'. , KeyId: 
'. Number of keys in TokenValidationParameters: '1'. 
Number of keys in Configuration: '0'. 
Exceptions caught:
 '[PII of type 'System.Text.StringBuilder' is hidden. For more details, see https://aka.ms/IdentityModel/PII.]'.
token: '[PII of type 'Microsoft.IdentityModel.JsonWebTokens.JsonWebToken' is hidden. For more details, see https://aka.ms/IdentityModel/PII.]'. See https://aka.ms/IDX10503 for details.
2026-09-16 10:38:36.076 +03:00 [INF] Executing endpoint 'CMS.API.Controllers.TelemedController.GetSessions (CMS.API)'
2026-09-16 10:38:36.079 +03:00 [INF] Route matched with {action = "GetSessions", controller = "Telemed"}. Executing controller action with signature System.Threading.Tasks.Task`1[Microsoft.AspNetCore.Mvc.IActionResult] GetSessions(System.Nullable`1[System.Int32]) on controller CMS.API.Controllers.TelemedController (CMS.API).
2026-09-16 10:38:36.086 +03:00 [INF] Executing OkObjectResult, writing value of type 'CMS.Shared.DTOs.ApiResponse`1[[System.Collections.Generic.IEnumerable`1[[CMS.Shared.DTOs.TelemedSessionSummaryDto, CMS.Shared, Version=1.0.0.0, Culture=neutral, PublicKeyToken=null]], System.Private.CoreLib, Version=8.0.0.0, Culture=neutral, PublicKeyToken=7cec85d7bea7798e]]'.
2026-09-16 10:38:36.091 +03:00 [INF] Executed action CMS.API.Controllers.TelemedController.GetSessions (CMS.API) in 6.4597ms
2026-09-16 10:38:36.096 +03:00 [INF] Executed endpoint 'CMS.API.Controllers.TelemedController.GetSessions (CMS.API)'
2026-09-16 10:38:36.100 +03:00 [INF] Request finished HTTP/1.1 GET http://localhost:5010/api/v1/telemed/sessions - 200 null application/json; charset=utf-8 46.2066ms
2026-09-16 10:38:39.538 +03:00 [INF] Request starting HTTP/1.1 GET http://localhost:5010/api/v1/notifications - application/json null
2026-09-16 10:38:39.569 +03:00 [INF] Failed to validate the token.
Microsoft.IdentityModel.Tokens.SecurityTokenSignatureKeyNotFoundException: IDX10517: Signature validation failed. The token's kid is missing. Keys tried: 'Microsoft.IdentityModel.Tokens.SymmetricSecurityKey, KeyId: '', InternalId: 'VNGqhB7kZ75afXrNakqPyb1WYggzQUo6Cgi8Kx2i7Zs'. , KeyId: 
'. Number of keys in TokenValidationParameters: '1'. 
Number of keys in Configuration: '0'. 
Exceptions caught:
 '[PII of type 'System.Text.StringBuilder' is hidden. For more details, see https://aka.ms/IdentityModel/PII.]'.
token: '[PII of type 'Microsoft.IdentityModel.JsonWebTokens.JsonWebToken' is hidden. For more details, see https://aka.ms/IdentityModel/PII.]'. See https://aka.ms/IDX10503 for details.
   at Microsoft.IdentityModel.JsonWebTokens.JsonWebTokenHandler.ValidateSignature(JsonWebToken jwtToken, TokenValidationParameters validationParameters, BaseConfiguration configuration)
   at Microsoft.IdentityModel.JsonWebTokens.JsonWebTokenHandler.ValidateSignatureAndIssuerSecurityKey(JsonWebToken jsonWebToken, TokenValidationParameters validationParameters, BaseConfiguration configuration)
   at Microsoft.IdentityModel.JsonWebTokens.JsonWebTokenHandler.ValidateJWSAsync(JsonWebToken jsonWebToken, TokenValidationParameters validationParameters, BaseConfiguration configuration)
2026-09-16 10:38:39.580 +03:00 [INF] Bearer was not authenticated. Failure message: IDX10517: Signature validation failed. The token's kid is missing. Keys tried: 'Microsoft.IdentityModel.Tokens.SymmetricSecurityKey, KeyId: '', InternalId: 'VNGqhB7kZ75afXrNakqPyb1WYggzQUo6Cgi8Kx2i7Zs'. , KeyId: 
'. Number of keys in TokenValidationParameters: '1'. 
Number of keys in Configuration: '0'. 
Exceptions caught:
 '[PII of type 'System.Text.StringBuilder' is hidden. For more details, see https://aka.ms/IdentityModel/PII.]'.
token: '[PII of type 'Microsoft.IdentityModel.JsonWebTokens.JsonWebToken' is hidden. For more details, see https://aka.ms/IdentityModel/PII.]'. See https://aka.ms/IDX10503 for details.
2026-09-16 10:38:39.584 +03:00 [INF] Executing endpoint 'CMS.API.Controllers.NotificationsController.GetNotifications (CMS.API)'
2026-09-16 10:38:39.587 +03:00 [INF] Route matched with {action = "GetNotifications", controller = "Notifications"}. Executing controller action with signature System.Threading.Tasks.Task`1[Microsoft.AspNetCore.Mvc.IActionResult] GetNotifications(System.Nullable`1[System.Int32], System.String) on controller CMS.API.Controllers.NotificationsController (CMS.API).
2026-09-16 10:38:39.596 +03:00 [INF] Executing OkObjectResult, writing value of type 'CMS.Shared.DTOs.ApiResponse`1[[System.Collections.Generic.List`1[[CMS.Shared.DTOs.NotificationItemDto, CMS.Shared, Version=1.0.0.0, Culture=neutral, PublicKeyToken=null]], System.Private.CoreLib, Version=8.0.0.0, Culture=neutral, PublicKeyToken=7cec85d7bea7798e]]'.
2026-09-16 10:38:39.601 +03:00 [INF] Executed action CMS.API.Controllers.NotificationsController.GetNotifications (CMS.API) in 7.6419ms
2026-09-16 10:38:39.605 +03:00 [INF] Executed endpoint 'CMS.API.Controllers.NotificationsController.GetNotifications (CMS.API)'
2026-09-16 10:38:39.609 +03:00 [INF] Request finished HTTP/1.1 GET http://localhost:5010/api/v1/notifications - 200 null application/json; charset=utf-8 70.9518ms
2026-09-16 10:38:51.058 +03:00 [INF] Request starting HTTP/1.1 GET http://localhost:5010/api/v1/telemed/sessions - application/json null
2026-09-16 10:38:51.066 +03:00 [INF] Failed to validate the token.
Microsoft.IdentityModel.Tokens.SecurityTokenSignatureKeyNotFoundException: IDX10517: Signature validation failed. The token's kid is missing. Keys tried: 'Microsoft.IdentityModel.Tokens.SymmetricSecurityKey, KeyId: '', InternalId: 'VNGqhB7kZ75afXrNakqPyb1WYggzQUo6Cgi8Kx2i7Zs'. , KeyId: 
'. Number of keys in TokenValidationParameters: '1'. 
Number of keys in Configuration: '0'. 
Exceptions caught:
 '[PII of type 'System.Text.StringBuilder' is hidden. For more details, see https://aka.ms/IdentityModel/PII.]'.
token: '[PII of type 'Microsoft.IdentityModel.JsonWebTokens.JsonWebToken' is hidden. For more details, see https://aka.ms/IdentityModel/PII.]'. See https://aka.ms/IDX10503 for details.
   at Microsoft.IdentityModel.JsonWebTokens.JsonWebTokenHandler.ValidateSignature(JsonWebToken jwtToken, TokenValidationParameters validationParameters, BaseConfiguration configuration)
   at Microsoft.IdentityModel.JsonWebTokens.JsonWebTokenHandler.ValidateSignatureAndIssuerSecurityKey(JsonWebToken jsonWebToken, TokenValidationParameters validationParameters, BaseConfiguration configuration)
   at Microsoft.IdentityModel.JsonWebTokens.JsonWebTokenHandler.ValidateJWSAsync(JsonWebToken jsonWebToken, TokenValidationParameters validationParameters, BaseConfiguration configuration)
2026-09-16 10:38:51.073 +03:00 [INF] Bearer was not authenticated. Failure message: IDX10517: Signature validation failed. The token's kid is missing. Keys tried: 'Microsoft.IdentityModel.Tokens.SymmetricSecurityKey, KeyId: '', InternalId: 'VNGqhB7kZ75afXrNakqPyb1WYggzQUo6Cgi8Kx2i7Zs'. , KeyId: 
'. Number of keys in TokenValidationParameters: '1'. 
Number of keys in Configuration: '0'. 
Exceptions caught:
 '[PII of type 'System.Text.StringBuilder' is hidden. For more details, see https://aka.ms/IdentityModel/PII.]'.
token: '[PII of type 'Microsoft.IdentityModel.JsonWebTokens.JsonWebToken' is hidden. For more details, see https://aka.ms/IdentityModel/PII.]'. See https://aka.ms/IDX10503 for details.
2026-09-16 10:38:51.077 +03:00 [INF] Executing endpoint 'CMS.API.Controllers.TelemedController.GetSessions (CMS.API)'
2026-09-16 10:38:51.080 +03:00 [INF] Route matched with {action = "GetSessions", controller = "Telemed"}. Executing controller action with signature System.Threading.Tasks.Task`1[Microsoft.AspNetCore.Mvc.IActionResult] GetSessions(System.Nullable`1[System.Int32]) on controller CMS.API.Controllers.TelemedController (CMS.API).
2026-09-16 10:38:51.165 +03:00 [INF] Executing OkObjectResult, writing value of type 'CMS.Shared.DTOs.ApiResponse`1[[System.Collections.Generic.IEnumerable`1[[CMS.Shared.DTOs.TelemedSessionSummaryDto, CMS.Shared, Version=1.0.0.0, Culture=neutral, PublicKeyToken=null]], System.Private.CoreLib, Version=8.0.0.0, Culture=neutral, PublicKeyToken=7cec85d7bea7798e]]'.
2026-09-16 10:38:51.169 +03:00 [INF] Executed action CMS.API.Controllers.TelemedController.GetSessions (CMS.API) in 83.3412ms
2026-09-16 10:38:51.174 +03:00 [INF] Executed endpoint 'CMS.API.Controllers.TelemedController.GetSessions (CMS.API)'
2026-09-16 10:38:51.179 +03:00 [INF] Request finished HTTP/1.1 GET http://localhost:5010/api/v1/telemed/sessions - 200 null application/json; charset=utf-8 121.4491ms
2026-09-16 10:38:54.552 +03:00 [INF] Request starting HTTP/1.1 GET http://localhost:5010/api/v1/notifications - application/json null
2026-09-16 10:38:54.565 +03:00 [INF] Failed to validate the token.
Microsoft.IdentityModel.Tokens.SecurityTokenSignatureKeyNotFoundException: IDX10517: Signature validation failed. The token's kid is missing. Keys tried: 'Microsoft.IdentityModel.Tokens.SymmetricSecurityKey, KeyId: '', InternalId: 'VNGqhB7kZ75afXrNakqPyb1WYggzQUo6Cgi8Kx2i7Zs'. , KeyId: 
'. Number of keys in TokenValidationParameters: '1'. 
Number of keys in Configuration: '0'. 
Exceptions caught:
 '[PII of type 'System.Text.StringBuilder' is hidden. For more details, see https://aka.ms/IdentityModel/PII.]'.
token: '[PII of type 'Microsoft.IdentityModel.JsonWebTokens.JsonWebToken' is hidden. For more details, see https://aka.ms/IdentityModel/PII.]'. See https://aka.ms/IDX10503 for details.
   at Microsoft.IdentityModel.JsonWebTokens.JsonWebTokenHandler.ValidateSignature(JsonWebToken jwtToken, TokenValidationParameters validationParameters, BaseConfiguration configuration)
   at Microsoft.IdentityModel.JsonWebTokens.JsonWebTokenHandler.ValidateSignatureAndIssuerSecurityKey(JsonWebToken jsonWebToken, TokenValidationParameters validationParameters, BaseConfiguration configuration)
   at Microsoft.IdentityModel.JsonWebTokens.JsonWebTokenHandler.ValidateJWSAsync(JsonWebToken jsonWebToken, TokenValidationParameters validationParameters, BaseConfiguration configuration)
2026-09-16 10:38:54.590 +03:00 [INF] Bearer was not authenticated. Failure message: IDX10517: Signature validation failed. The token's kid is missing. Keys tried: 'Microsoft.IdentityModel.Tokens.SymmetricSecurityKey, KeyId: '', InternalId: 'VNGqhB7kZ75afXrNakqPyb1WYggzQUo6Cgi8Kx2i7Zs'. , KeyId: 
'. Number of keys in TokenValidationParameters: '1'. 
Number of keys in Configuration: '0'. 
Exceptions caught:
 '[PII of type 'System.Text.StringBuilder' is hidden. For more details, see https://aka.ms/IdentityModel/PII.]'.
token: '[PII of type 'Microsoft.IdentityModel.JsonWebTokens.JsonWebToken' is hidden. For more details, see https://aka.ms/IdentityModel/PII.]'. See https://aka.ms/IDX10503 for details.
2026-09-16 10:38:54.602 +03:00 [INF] Executing endpoint 'CMS.API.Controllers.NotificationsController.GetNotifications (CMS.API)'
2026-09-16 10:38:54.608 +03:00 [INF] Route matched with {action = "GetNotifications", controller = "Notifications"}. Executing controller action with signature System.Threading.Tasks.Task`1[Microsoft.AspNetCore.Mvc.IActionResult] GetNotifications(System.Nullable`1[System.Int32], System.String) on controller CMS.API.Controllers.NotificationsController (CMS.API).
2026-09-16 10:38:54.637 +03:00 [INF] Executing OkObjectResult, writing value of type 'CMS.Shared.DTOs.ApiResponse`1[[System.Collections.Generic.List`1[[CMS.Shared.DTOs.NotificationItemDto, CMS.Shared, Version=1.0.0.0, Culture=neutral, PublicKeyToken=null]], System.Private.CoreLib, Version=8.0.0.0, Culture=neutral, PublicKeyToken=7cec85d7bea7798e]]'.
2026-09-16 10:38:54.643 +03:00 [INF] Executed action CMS.API.Controllers.NotificationsController.GetNotifications (CMS.API) in 24.1443ms
2026-09-16 10:38:54.647 +03:00 [INF] Executed endpoint 'CMS.API.Controllers.NotificationsController.GetNotifications (CMS.API)'
2026-09-16 10:38:54.652 +03:00 [INF] Request finished HTTP/1.1 GET http://localhost:5010/api/v1/notifications - 200 null application/json; charset=utf-8 100.4583ms
2026-09-16 10:38:55.702 +03:00 [INF] Request starting HTTP/1.1 GET http://localhost:5010/api/v1/notifications - application/json null
2026-09-16 10:38:55.713 +03:00 [INF] Failed to validate the token.
Microsoft.IdentityModel.Tokens.SecurityTokenSignatureKeyNotFoundException: IDX10517: Signature validation failed. The token's kid is missing. Keys tried: 'Microsoft.IdentityModel.Tokens.SymmetricSecurityKey, KeyId: '', InternalId: 'VNGqhB7kZ75afXrNakqPyb1WYggzQUo6Cgi8Kx2i7Zs'. , KeyId: 
'. Number of keys in TokenValidationParameters: '1'. 
Number of keys in Configuration: '0'. 
Exceptions caught:
 '[PII of type 'System.Text.StringBuilder' is hidden. For more details, see https://aka.ms/IdentityModel/PII.]'.
token: '[PII of type 'Microsoft.IdentityModel.JsonWebTokens.JsonWebToken' is hidden. For more details, see https://aka.ms/IdentityModel/PII.]'. See https://aka.ms/IDX10503 for details.
   at Microsoft.IdentityModel.JsonWebTokens.JsonWebTokenHandler.ValidateSignature(JsonWebToken jwtToken, TokenValidationParameters validationParameters, BaseConfiguration configuration)
   at Microsoft.IdentityModel.JsonWebTokens.JsonWebTokenHandler.ValidateSignatureAndIssuerSecurityKey(JsonWebToken jsonWebToken, TokenValidationParameters validationParameters, BaseConfiguration configuration)
   at Microsoft.IdentityModel.JsonWebTokens.JsonWebTokenHandler.ValidateJWSAsync(JsonWebToken jsonWebToken, TokenValidationParameters validationParameters, BaseConfiguration configuration)
2026-09-16 10:38:55.723 +03:00 [INF] Bearer was not authenticated. Failure message: IDX10517: Signature validation failed. The token's kid is missing. Keys tried: 'Microsoft.IdentityModel.Tokens.SymmetricSecurityKey, KeyId: '', InternalId: 'VNGqhB7kZ75afXrNakqPyb1WYggzQUo6Cgi8Kx2i7Zs'. , KeyId: 
'. Number of keys in TokenValidationParameters: '1'. 
Number of keys in Configuration: '0'. 
Exceptions caught:
 '[PII of type 'System.Text.StringBuilder' is hidden. For more details, see https://aka.ms/IdentityModel/PII.]'.
token: '[PII of type 'Microsoft.IdentityModel.JsonWebTokens.JsonWebToken' is hidden. For more details, see https://aka.ms/IdentityModel/PII.]'. See https://aka.ms/IDX10503 for details.
2026-09-16 10:38:55.727 +03:00 [INF] Executing endpoint 'CMS.API.Controllers.NotificationsController.GetNotifications (CMS.API)'
2026-09-16 10:38:55.730 +03:00 [INF] Route matched with {action = "GetNotifications", controller = "Notifications"}. Executing controller action with signature System.Threading.Tasks.Task`1[Microsoft.AspNetCore.Mvc.IActionResult] GetNotifications(System.Nullable`1[System.Int32], System.String) on controller CMS.API.Controllers.NotificationsController (CMS.API).
2026-09-16 10:38:55.743 +03:00 [INF] Executing OkObjectResult, writing value of type 'CMS.Shared.DTOs.ApiResponse`1[[System.Collections.Generic.List`1[[CMS.Shared.DTOs.NotificationItemDto, CMS.Shared, Version=1.0.0.0, Culture=neutral, PublicKeyToken=null]], System.Private.CoreLib, Version=8.0.0.0, Culture=neutral, PublicKeyToken=7cec85d7bea7798e]]'.
2026-09-16 10:38:55.748 +03:00 [INF] Executed action CMS.API.Controllers.NotificationsController.GetNotifications (CMS.API) in 9.5532ms
2026-09-16 10:38:55.755 +03:00 [INF] Executed endpoint 'CMS.API.Controllers.NotificationsController.GetNotifications (CMS.API)'
2026-09-16 10:38:55.759 +03:00 [INF] Request finished HTTP/1.1 GET http://localhost:5010/api/v1/notifications - 200 null application/json; charset=utf-8 57.5207ms
2026-09-16 10:39:06.711 +03:00 [INF] Request starting HTTP/1.1 GET http://localhost:5010/api/v1/telemed/sessions - application/json null
2026-09-16 10:39:06.722 +03:00 [INF] Failed to validate the token.
Microsoft.IdentityModel.Tokens.SecurityTokenSignatureKeyNotFoundException: IDX10517: Signature validation failed. The token's kid is missing. Keys tried: 'Microsoft.IdentityModel.Tokens.SymmetricSecurityKey, KeyId: '', InternalId: 'VNGqhB7kZ75afXrNakqPyb1WYggzQUo6Cgi8Kx2i7Zs'. , KeyId: 
'. Number of keys in TokenValidationParameters: '1'. 
Number of keys in Configuration: '0'. 
Exceptions caught:
 '[PII of type 'System.Text.StringBuilder' is hidden. For more details, see https://aka.ms/IdentityModel/PII.]'.
token: '[PII of type 'Microsoft.IdentityModel.JsonWebTokens.JsonWebToken' is hidden. For more details, see https://aka.ms/IdentityModel/PII.]'. See https://aka.ms/IDX10503 for details.
   at Microsoft.IdentityModel.JsonWebTokens.JsonWebTokenHandler.ValidateSignature(JsonWebToken jwtToken, TokenValidationParameters validationParameters, BaseConfiguration configuration)
   at Microsoft.IdentityModel.JsonWebTokens.JsonWebTokenHandler.ValidateSignatureAndIssuerSecurityKey(JsonWebToken jsonWebToken, TokenValidationParameters validationParameters, BaseConfiguration configuration)
   at Microsoft.IdentityModel.JsonWebTokens.JsonWebTokenHandler.ValidateJWSAsync(JsonWebToken jsonWebToken, TokenValidationParameters validationParameters, BaseConfiguration configuration)
2026-09-16 10:39:06.733 +03:00 [INF] Bearer was not authenticated. Failure message: IDX10517: Signature validation failed. The token's kid is missing. Keys tried: 'Microsoft.IdentityModel.Tokens.SymmetricSecurityKey, KeyId: '', InternalId: 'VNGqhB7kZ75afXrNakqPyb1WYggzQUo6Cgi8Kx2i7Zs'. , KeyId: 
'. Number of keys in TokenValidationParameters: '1'. 
Number of keys in Configuration: '0'. 
Exceptions caught:
 '[PII of type 'System.Text.StringBuilder' is hidden. For more details, see https://aka.ms/IdentityModel/PII.]'.
token: '[PII of type 'Microsoft.IdentityModel.JsonWebTokens.JsonWebToken' is hidden. For more details, see https://aka.ms/IdentityModel/PII.]'. See https://aka.ms/IDX10503 for details.
2026-09-16 10:39:06.738 +03:00 [INF] Executing endpoint 'CMS.API.Controllers.TelemedController.GetSessions (CMS.API)'
2026-09-16 10:39:06.741 +03:00 [INF] Route matched with {action = "GetSessions", controller = "Telemed"}. Executing controller action with signature System.Threading.Tasks.Task`1[Microsoft.AspNetCore.Mvc.IActionResult] GetSessions(System.Nullable`1[System.Int32]) on controller CMS.API.Controllers.TelemedController (CMS.API).
2026-09-16 10:39:06.826 +03:00 [INF] Executing OkObjectResult, writing value of type 'CMS.Shared.DTOs.ApiResponse`1[[System.Collections.Generic.IEnumerable`1[[CMS.Shared.DTOs.TelemedSessionSummaryDto, CMS.Shared, Version=1.0.0.0, Culture=neutral, PublicKeyToken=null]], System.Private.CoreLib, Version=8.0.0.0, Culture=neutral, PublicKeyToken=7cec85d7bea7798e]]'.
2026-09-16 10:39:06.853 +03:00 [INF] Executed action CMS.API.Controllers.TelemedController.GetSessions (CMS.API) in 104.324ms
2026-09-16 10:39:06.887 +03:00 [INF] Executed endpoint 'CMS.API.Controllers.TelemedController.GetSessions (CMS.API)'
2026-09-16 10:39:06.903 +03:00 [INF] Request finished HTTP/1.1 GET http://localhost:5010/api/v1/telemed/sessions - 200 null application/json; charset=utf-8 191.1286ms
2026-09-16 10:39:09.714 +03:00 [INF] Request starting HTTP/1.1 GET http://localhost:5010/api/v1/notifications - application/json null
2026-09-16 10:39:09.774 +03:00 [INF] Failed to validate the token.
Microsoft.IdentityModel.Tokens.SecurityTokenSignatureKeyNotFoundException: IDX10517: Signature validation failed. The token's kid is missing. Keys tried: 'Microsoft.IdentityModel.Tokens.SymmetricSecurityKey, KeyId: '', InternalId: 'VNGqhB7kZ75afXrNakqPyb1WYggzQUo6Cgi8Kx2i7Zs'. , KeyId: 
'. Number of keys in TokenValidationParameters: '1'. 
Number of keys in Configuration: '0'. 
Exceptions caught:
 '[PII of type 'System.Text.StringBuilder' is hidden. For more details, see https://aka.ms/IdentityModel/PII.]'.
token: '[PII of type 'Microsoft.IdentityModel.JsonWebTokens.JsonWebToken' is hidden. For more details, see https://aka.ms/IdentityModel/PII.]'. See https://aka.ms/IDX10503 for details.
   at Microsoft.IdentityModel.JsonWebTokens.JsonWebTokenHandler.ValidateSignature(JsonWebToken jwtToken, TokenValidationParameters validationParameters, BaseConfiguration configuration)
   at Microsoft.IdentityModel.JsonWebTokens.JsonWebTokenHandler.ValidateSignatureAndIssuerSecurityKey(JsonWebToken jsonWebToken, TokenValidationParameters validationParameters, BaseConfiguration configuration)
   at Microsoft.IdentityModel.JsonWebTokens.JsonWebTokenHandler.ValidateJWSAsync(JsonWebToken jsonWebToken, TokenValidationParameters validationParameters, BaseConfiguration configuration)
2026-09-16 10:39:09.799 +03:00 [INF] Bearer was not authenticated. Failure message: IDX10517: Signature validation failed. The token's kid is missing. Keys tried: 'Microsoft.IdentityModel.Tokens.SymmetricSecurityKey, KeyId: '', InternalId: 'VNGqhB7kZ75afXrNakqPyb1WYggzQUo6Cgi8Kx2i7Zs'. , KeyId: 
'. Number of keys in TokenValidationParameters: '1'. 
Number of keys in Configuration: '0'. 
Exceptions caught:
 '[PII of type 'System.Text.StringBuilder' is hidden. For more details, see https://aka.ms/IdentityModel/PII.]'.
token: '[PII of type 'Microsoft.IdentityModel.JsonWebTokens.JsonWebToken' is hidden. For more details, see https://aka.ms/IdentityModel/PII.]'. See https://aka.ms/IDX10503 for details.
2026-09-16 10:39:09.805 +03:00 [INF] Executing endpoint 'CMS.API.Controllers.NotificationsController.GetNotifications (CMS.API)'
2026-09-16 10:39:09.814 +03:00 [INF] Route matched with {action = "GetNotifications", controller = "Notifications"}. Executing controller action with signature System.Threading.Tasks.Task`1[Microsoft.AspNetCore.Mvc.IActionResult] GetNotifications(System.Nullable`1[System.Int32], System.String) on controller CMS.API.Controllers.NotificationsController (CMS.API).
2026-09-16 10:39:09.839 +03:00 [INF] Executing OkObjectResult, writing value of type 'CMS.Shared.DTOs.ApiResponse`1[[System.Collections.Generic.List`1[[CMS.Shared.DTOs.NotificationItemDto, CMS.Shared, Version=1.0.0.0, Culture=neutral, PublicKeyToken=null]], System.Private.CoreLib, Version=8.0.0.0, Culture=neutral, PublicKeyToken=7cec85d7bea7798e]]'.
2026-09-16 10:39:09.851 +03:00 [INF] Executed action CMS.API.Controllers.NotificationsController.GetNotifications (CMS.API) in 28.8086ms
2026-09-16 10:39:09.857 +03:00 [INF] Executed endpoint 'CMS.API.Controllers.NotificationsController.GetNotifications (CMS.API)'
2026-09-16 10:39:09.863 +03:00 [INF] Request finished HTTP/1.1 GET http://localhost:5010/api/v1/notifications - 200 null application/json; charset=utf-8 149.5003ms
2026-09-16 10:39:21.708 +03:00 [INF] Request starting HTTP/1.1 GET http://localhost:5010/api/v1/telemed/sessions - application/json null
2026-09-16 10:39:21.718 +03:00 [INF] Failed to validate the token.
Microsoft.IdentityModel.Tokens.SecurityTokenSignatureKeyNotFoundException: IDX10517: Signature validation failed. The token's kid is missing. Keys tried: 'Microsoft.IdentityModel.Tokens.SymmetricSecurityKey, KeyId: '', InternalId: 'VNGqhB7kZ75afXrNakqPyb1WYggzQUo6Cgi8Kx2i7Zs'. , KeyId: 
'. Number of keys in TokenValidationParameters: '1'. 
Number of keys in Configuration: '0'. 
Exceptions caught:
 '[PII of type 'System.Text.StringBuilder' is hidden. For more details, see https://aka.ms/IdentityModel/PII.]'.
token: '[PII of type 'Microsoft.IdentityModel.JsonWebTokens.JsonWebToken' is hidden. For more details, see https://aka.ms/IdentityModel/PII.]'. See https://aka.ms/IDX10503 for details.
   at Microsoft.IdentityModel.JsonWebTokens.JsonWebTokenHandler.ValidateSignature(JsonWebToken jwtToken, TokenValidationParameters validationParameters, BaseConfiguration configuration)
   at Microsoft.IdentityModel.JsonWebTokens.JsonWebTokenHandler.ValidateSignatureAndIssuerSecurityKey(JsonWebToken jsonWebToken, TokenValidationParameters validationParameters, BaseConfiguration configuration)
   at Microsoft.IdentityModel.JsonWebTokens.JsonWebTokenHandler.ValidateJWSAsync(JsonWebToken jsonWebToken, TokenValidationParameters validationParameters, BaseConfiguration configuration)
2026-09-16 10:39:21.726 +03:00 [INF] Bearer was not authenticated. Failure message: IDX10517: Signature validation failed. The token's kid is missing. Keys tried: 'Microsoft.IdentityModel.Tokens.SymmetricSecurityKey, KeyId: '', InternalId: 'VNGqhB7kZ75afXrNakqPyb1WYggzQUo6Cgi8Kx2i7Zs'. , KeyId: 
'. Number of keys in TokenValidationParameters: '1'. 
Number of keys in Configuration: '0'. 
Exceptions caught:
 '[PII of type 'System.Text.StringBuilder' is hidden. For more details, see https://aka.ms/IdentityModel/PII.]'.
token: '[PII of type 'Microsoft.IdentityModel.JsonWebTokens.JsonWebToken' is hidden. For more details, see https://aka.ms/IdentityModel/PII.]'. See https://aka.ms/IDX10503 for details.
2026-09-16 10:39:21.731 +03:00 [INF] Executing endpoint 'CMS.API.Controllers.TelemedController.GetSessions (CMS.API)'
2026-09-16 10:39:21.734 +03:00 [INF] Route matched with {action = "GetSessions", controller = "Telemed"}. Executing controller action with signature System.Threading.Tasks.Task`1[Microsoft.AspNetCore.Mvc.IActionResult] GetSessions(System.Nullable`1[System.Int32]) on controller CMS.API.Controllers.TelemedController (CMS.API).
2026-09-16 10:39:21.794 +03:00 [INF] Executing OkObjectResult, writing value of type 'CMS.Shared.DTOs.ApiResponse`1[[System.Collections.Generic.IEnumerable`1[[CMS.Shared.DTOs.TelemedSessionSummaryDto, CMS.Shared, Version=1.0.0.0, Culture=neutral, PublicKeyToken=null]], System.Private.CoreLib, Version=8.0.0.0, Culture=neutral, PublicKeyToken=7cec85d7bea7798e]]'.
2026-09-16 10:39:21.798 +03:00 [INF] Executed action CMS.API.Controllers.TelemedController.GetSessions (CMS.API) in 58.3296ms
2026-09-16 10:39:21.803 +03:00 [INF] Executed endpoint 'CMS.API.Controllers.TelemedController.GetSessions (CMS.API)'
2026-09-16 10:39:21.807 +03:00 [INF] Request finished HTTP/1.1 GET http://localhost:5010/api/v1/telemed/sessions - 200 null application/json; charset=utf-8 98.9554ms
2026-09-16 10:39:24.699 +03:00 [INF] Request starting HTTP/1.1 GET http://localhost:5010/api/v1/notifications - application/json null
2026-09-16 10:39:24.708 +03:00 [INF] Failed to validate the token.
Microsoft.IdentityModel.Tokens.SecurityTokenSignatureKeyNotFoundException: IDX10517: Signature validation failed. The token's kid is missing. Keys tried: 'Microsoft.IdentityModel.Tokens.SymmetricSecurityKey, KeyId: '', InternalId: 'VNGqhB7kZ75afXrNakqPyb1WYggzQUo6Cgi8Kx2i7Zs'. , KeyId: 
'. Number of keys in TokenValidationParameters: '1'. 
Number of keys in Configuration: '0'. 
Exceptions caught:
 '[PII of type 'System.Text.StringBuilder' is hidden. For more details, see https://aka.ms/IdentityModel/PII.]'.
token: '[PII of type 'Microsoft.IdentityModel.JsonWebTokens.JsonWebToken' is hidden. For more details, see https://aka.ms/IdentityModel/PII.]'. See https://aka.ms/IDX10503 for details.
   at Microsoft.IdentityModel.JsonWebTokens.JsonWebTokenHandler.ValidateSignature(JsonWebToken jwtToken, TokenValidationParameters validationParameters, BaseConfiguration configuration)
   at Microsoft.IdentityModel.JsonWebTokens.JsonWebTokenHandler.ValidateSignatureAndIssuerSecurityKey(JsonWebToken jsonWebToken, TokenValidationParameters validationParameters, BaseConfiguration configuration)
   at Microsoft.IdentityModel.JsonWebTokens.JsonWebTokenHandler.ValidateJWSAsync(JsonWebToken jsonWebToken, TokenValidationParameters validationParameters, BaseConfiguration configuration)
2026-09-16 10:39:24.716 +03:00 [INF] Bearer was not authenticated. Failure message: IDX10517: Signature validation failed. The token's kid is missing. Keys tried: 'Microsoft.IdentityModel.Tokens.SymmetricSecurityKey, KeyId: '', InternalId: 'VNGqhB7kZ75afXrNakqPyb1WYggzQUo6Cgi8Kx2i7Zs'. , KeyId: 
'. Number of keys in TokenValidationParameters: '1'. 
Number of keys in Configuration: '0'. 
Exceptions caught:
 '[PII of type 'System.Text.StringBuilder' is hidden. For more details, see https://aka.ms/IdentityModel/PII.]'.
token: '[PII of type 'Microsoft.IdentityModel.JsonWebTokens.JsonWebToken' is hidden. For more details, see https://aka.ms/IdentityModel/PII.]'. See https://aka.ms/IDX10503 for details.
2026-09-16 10:39:24.721 +03:00 [INF] Executing endpoint 'CMS.API.Controllers.NotificationsController.GetNotifications (CMS.API)'
2026-09-16 10:39:24.725 +03:00 [INF] Route matched with {action = "GetNotifications", controller = "Notifications"}. Executing controller action with signature System.Threading.Tasks.Task`1[Microsoft.AspNetCore.Mvc.IActionResult] GetNotifications(System.Nullable`1[System.Int32], System.String) on controller CMS.API.Controllers.NotificationsController (CMS.API).
2026-09-16 10:39:24.745 +03:00 [INF] Executing OkObjectResult, writing value of type 'CMS.Shared.DTOs.ApiResponse`1[[System.Collections.Generic.List`1[[CMS.Shared.DTOs.NotificationItemDto, CMS.Shared, Version=1.0.0.0, Culture=neutral, PublicKeyToken=null]], System.Private.CoreLib, Version=8.0.0.0, Culture=neutral, PublicKeyToken=7cec85d7bea7798e]]'.
2026-09-16 10:39:24.751 +03:00 [INF] Executed action CMS.API.Controllers.NotificationsController.GetNotifications (CMS.API) in 19.2904ms
2026-09-16 10:39:24.757 +03:00 [INF] Executed endpoint 'CMS.API.Controllers.NotificationsController.GetNotifications (CMS.API)'
2026-09-16 10:39:24.760 +03:00 [INF] Request finished HTTP/1.1 GET http://localhost:5010/api/v1/notifications - 200 null application/json; charset=utf-8 61.1994ms
2026-09-16 10:39:36.706 +03:00 [INF] Request starting HTTP/1.1 GET http://localhost:5010/api/v1/telemed/sessions - application/json null
2026-09-16 10:39:36.717 +03:00 [INF] Failed to validate the token.
Microsoft.IdentityModel.Tokens.SecurityTokenSignatureKeyNotFoundException: IDX10517: Signature validation failed. The token's kid is missing. Keys tried: 'Microsoft.IdentityModel.Tokens.SymmetricSecurityKey, KeyId: '', InternalId: 'VNGqhB7kZ75afXrNakqPyb1WYggzQUo6Cgi8Kx2i7Zs'. , KeyId: 
'. Number of keys in TokenValidationParameters: '1'. 
Number of keys in Configuration: '0'. 
Exceptions caught:
 '[PII of type 'System.Text.StringBuilder' is hidden. For more details, see https://aka.ms/IdentityModel/PII.]'.
token: '[PII of type 'Microsoft.IdentityModel.JsonWebTokens.JsonWebToken' is hidden. For more details, see https://aka.ms/IdentityModel/PII.]'. See https://aka.ms/IDX10503 for details.
   at Microsoft.IdentityModel.JsonWebTokens.JsonWebTokenHandler.ValidateSignature(JsonWebToken jwtToken, TokenValidationParameters validationParameters, BaseConfiguration configuration)
   at Microsoft.IdentityModel.JsonWebTokens.JsonWebTokenHandler.ValidateSignatureAndIssuerSecurityKey(JsonWebToken jsonWebToken, TokenValidationParameters validationParameters, BaseConfiguration configuration)
   at Microsoft.IdentityModel.JsonWebTokens.JsonWebTokenHandler.ValidateJWSAsync(JsonWebToken jsonWebToken, TokenValidationParameters validationParameters, BaseConfiguration configuration)
2026-09-16 10:39:36.725 +03:00 [INF] Bearer was not authenticated. Failure message: IDX10517: Signature validation failed. The token's kid is missing. Keys tried: 'Microsoft.IdentityModel.Tokens.SymmetricSecurityKey, KeyId: '', InternalId: 'VNGqhB7kZ75afXrNakqPyb1WYggzQUo6Cgi8Kx2i7Zs'. , KeyId: 
'. Number of keys in TokenValidationParameters: '1'. 
Number of keys in Configuration: '0'. 
Exceptions caught:
 '[PII of type 'System.Text.StringBuilder' is hidden. For more details, see https://aka.ms/IdentityModel/PII.]'.
token: '[PII of type 'Microsoft.IdentityModel.JsonWebTokens.JsonWebToken' is hidden. For more details, see https://aka.ms/IdentityModel/PII.]'. See https://aka.ms/IDX10503 for details.
2026-09-16 10:39:36.729 +03:00 [INF] Executing endpoint 'CMS.API.Controllers.TelemedController.GetSessions (CMS.API)'
2026-09-16 10:39:36.734 +03:00 [INF] Route matched with {action = "GetSessions", controller = "Telemed"}. Executing controller action with signature System.Threading.Tasks.Task`1[Microsoft.AspNetCore.Mvc.IActionResult] GetSessions(System.Nullable`1[System.Int32]) on controller CMS.API.Controllers.TelemedController (CMS.API).
2026-09-16 10:39:36.742 +03:00 [INF] Executing OkObjectResult, writing value of type 'CMS.Shared.DTOs.ApiResponse`1[[System.Collections.Generic.IEnumerable`1[[CMS.Shared.DTOs.TelemedSessionSummaryDto, CMS.Shared, Version=1.0.0.0, Culture=neutral, PublicKeyToken=null]], System.Private.CoreLib, Version=8.0.0.0, Culture=neutral, PublicKeyToken=7cec85d7bea7798e]]'.
2026-09-16 10:39:36.747 +03:00 [INF] Executed action CMS.API.Controllers.TelemedController.GetSessions (CMS.API) in 6.5245ms
2026-09-16 10:39:36.752 +03:00 [INF] Executed endpoint 'CMS.API.Controllers.TelemedController.GetSessions (CMS.API)'
2026-09-16 10:39:36.756 +03:00 [INF] Request finished HTTP/1.1 GET http://localhost:5010/api/v1/telemed/sessions - 200 null application/json; charset=utf-8 49.3908ms
2026-09-16 10:39:39.705 +03:00 [INF] Request starting HTTP/1.1 GET http://localhost:5010/api/v1/notifications - application/json null
2026-09-16 10:39:39.715 +03:00 [INF] Failed to validate the token.
Microsoft.IdentityModel.Tokens.SecurityTokenSignatureKeyNotFoundException: IDX10517: Signature validation failed. The token's kid is missing. Keys tried: 'Microsoft.IdentityModel.Tokens.SymmetricSecurityKey, KeyId: '', InternalId: 'VNGqhB7kZ75afXrNakqPyb1WYggzQUo6Cgi8Kx2i7Zs'. , KeyId: 
'. Number of keys in TokenValidationParameters: '1'. 
Number of keys in Configuration: '0'. 
Exceptions caught:
 '[PII of type 'System.Text.StringBuilder' is hidden. For more details, see https://aka.ms/IdentityModel/PII.]'.
token: '[PII of type 'Microsoft.IdentityModel.JsonWebTokens.JsonWebToken' is hidden. For more details, see https://aka.ms/IdentityModel/PII.]'. See https://aka.ms/IDX10503 for details.
   at Microsoft.IdentityModel.JsonWebTokens.JsonWebTokenHandler.ValidateSignature(JsonWebToken jwtToken, TokenValidationParameters validationParameters, BaseConfiguration configuration)
   at Microsoft.IdentityModel.JsonWebTokens.JsonWebTokenHandler.ValidateSignatureAndIssuerSecurityKey(JsonWebToken jsonWebToken, TokenValidationParameters validationParameters, BaseConfiguration configuration)
   at Microsoft.IdentityModel.JsonWebTokens.JsonWebTokenHandler.ValidateJWSAsync(JsonWebToken jsonWebToken, TokenValidationParameters validationParameters, BaseConfiguration configuration)
2026-09-16 10:39:39.723 +03:00 [INF] Bearer was not authenticated. Failure message: IDX10517: Signature validation failed. The token's kid is missing. Keys tried: 'Microsoft.IdentityModel.Tokens.SymmetricSecurityKey, KeyId: '', InternalId: 'VNGqhB7kZ75afXrNakqPyb1WYggzQUo6Cgi8Kx2i7Zs'. , KeyId: 
'. Number of keys in TokenValidationParameters: '1'. 
Number of keys in Configuration: '0'. 
Exceptions caught:
 '[PII of type 'System.Text.StringBuilder' is hidden. For more details, see https://aka.ms/IdentityModel/PII.]'.
token: '[PII of type 'Microsoft.IdentityModel.JsonWebTokens.JsonWebToken' is hidden. For more details, see https://aka.ms/IdentityModel/PII.]'. See https://aka.ms/IDX10503 for details.
2026-09-16 10:39:39.727 +03:00 [INF] Executing endpoint 'CMS.API.Controllers.NotificationsController.GetNotifications (CMS.API)'
2026-09-16 10:39:39.731 +03:00 [INF] Route matched with {action = "GetNotifications", controller = "Notifications"}. Executing controller action with signature System.Threading.Tasks.Task`1[Microsoft.AspNetCore.Mvc.IActionResult] GetNotifications(System.Nullable`1[System.Int32], System.String) on controller CMS.API.Controllers.NotificationsController (CMS.API).
2026-09-16 10:39:39.742 +03:00 [INF] Executing OkObjectResult, writing value of type 'CMS.Shared.DTOs.ApiResponse`1[[System.Collections.Generic.List`1[[CMS.Shared.DTOs.NotificationItemDto, CMS.Shared, Version=1.0.0.0, Culture=neutral, PublicKeyToken=null]], System.Private.CoreLib, Version=8.0.0.0, Culture=neutral, PublicKeyToken=7cec85d7bea7798e]]'.
2026-09-16 10:39:39.748 +03:00 [INF] Executed action CMS.API.Controllers.NotificationsController.GetNotifications (CMS.API) in 9.7524ms
2026-09-16 10:39:39.752 +03:00 [INF] Executed endpoint 'CMS.API.Controllers.NotificationsController.GetNotifications (CMS.API)'
2026-09-16 10:39:39.756 +03:00 [INF] Request finished HTTP/1.1 GET http://localhost:5010/api/v1/notifications - 200 null application/json; charset=utf-8 51.1873ms
2026-09-16 10:39:51.706 +03:00 [INF] Request starting HTTP/1.1 GET http://localhost:5010/api/v1/telemed/sessions - application/json null
2026-09-16 10:39:51.716 +03:00 [INF] Failed to validate the token.
Microsoft.IdentityModel.Tokens.SecurityTokenSignatureKeyNotFoundException: IDX10517: Signature validation failed. The token's kid is missing. Keys tried: 'Microsoft.IdentityModel.Tokens.SymmetricSecurityKey, KeyId: '', InternalId: 'VNGqhB7kZ75afXrNakqPyb1WYggzQUo6Cgi8Kx2i7Zs'. , KeyId: 
'. Number of keys in TokenValidationParameters: '1'. 
Number of keys in Configuration: '0'. 
Exceptions caught:
 '[PII of type 'System.Text.StringBuilder' is hidden. For more details, see https://aka.ms/IdentityModel/PII.]'.
token: '[PII of type 'Microsoft.IdentityModel.JsonWebTokens.JsonWebToken' is hidden. For more details, see https://aka.ms/IdentityModel/PII.]'. See https://aka.ms/IDX10503 for details.
   at Microsoft.IdentityModel.JsonWebTokens.JsonWebTokenHandler.ValidateSignature(JsonWebToken jwtToken, TokenValidationParameters validationParameters, BaseConfiguration configuration)
   at Microsoft.IdentityModel.JsonWebTokens.JsonWebTokenHandler.ValidateSignatureAndIssuerSecurityKey(JsonWebToken jsonWebToken, TokenValidationParameters validationParameters, BaseConfiguration configuration)
   at Microsoft.IdentityModel.JsonWebTokens.JsonWebTokenHandler.ValidateJWSAsync(JsonWebToken jsonWebToken, TokenValidationParameters validationParameters, BaseConfiguration configuration)
2026-09-16 10:39:51.725 +03:00 [INF] Bearer was not authenticated. Failure message: IDX10517: Signature validation failed. The token's kid is missing. Keys tried: 'Microsoft.IdentityModel.Tokens.SymmetricSecurityKey, KeyId: '', InternalId: 'VNGqhB7kZ75afXrNakqPyb1WYggzQUo6Cgi8Kx2i7Zs'. , KeyId: 
'. Number of keys in TokenValidationParameters: '1'. 
Number of keys in Configuration: '0'. 
Exceptions caught:
 '[PII of type 'System.Text.StringBuilder' is hidden. For more details, see https://aka.ms/IdentityModel/PII.]'.
token: '[PII of type 'Microsoft.IdentityModel.JsonWebTokens.JsonWebToken' is hidden. For more details, see https://aka.ms/IdentityModel/PII.]'. See https://aka.ms/IDX10503 for details.
2026-09-16 10:39:51.731 +03:00 [INF] Executing endpoint 'CMS.API.Controllers.TelemedController.GetSessions (CMS.API)'
2026-09-16 10:39:51.735 +03:00 [INF] Route matched with {action = "GetSessions", controller = "Telemed"}. Executing controller action with signature System.Threading.Tasks.Task`1[Microsoft.AspNetCore.Mvc.IActionResult] GetSessions(System.Nullable`1[System.Int32]) on controller CMS.API.Controllers.TelemedController (CMS.API).
2026-09-16 10:39:51.745 +03:00 [INF] Executing OkObjectResult, writing value of type 'CMS.Shared.DTOs.ApiResponse`1[[System.Collections.Generic.IEnumerable`1[[CMS.Shared.DTOs.TelemedSessionSummaryDto, CMS.Shared, Version=1.0.0.0, Culture=neutral, PublicKeyToken=null]], System.Private.CoreLib, Version=8.0.0.0, Culture=neutral, PublicKeyToken=7cec85d7bea7798e]]'.
2026-09-16 10:39:51.751 +03:00 [INF] Executed action CMS.API.Controllers.TelemedController.GetSessions (CMS.API) in 8.0791ms
2026-09-16 10:39:51.756 +03:00 [INF] Executed endpoint 'CMS.API.Controllers.TelemedController.GetSessions (CMS.API)'
2026-09-16 10:39:51.761 +03:00 [INF] Request finished HTTP/1.1 GET http://localhost:5010/api/v1/telemed/sessions - 200 null application/json; charset=utf-8 55.0459ms
2026-09-16 10:39:54.701 +03:00 [INF] Request starting HTTP/1.1 GET http://localhost:5010/api/v1/notifications - application/json null
2026-09-16 10:39:54.718 +03:00 [INF] Failed to validate the token.
Microsoft.IdentityModel.Tokens.SecurityTokenSignatureKeyNotFoundException: IDX10517: Signature validation failed. The token's kid is missing. Keys tried: 'Microsoft.IdentityModel.Tokens.SymmetricSecurityKey, KeyId: '', InternalId: 'VNGqhB7kZ75afXrNakqPyb1WYggzQUo6Cgi8Kx2i7Zs'. , KeyId: 
'. Number of keys in TokenValidationParameters: '1'. 
Number of keys in Configuration: '0'. 
Exceptions caught:
 '[PII of type 'System.Text.StringBuilder' is hidden. For more details, see https://aka.ms/IdentityModel/PII.]'.
token: '[PII of type 'Microsoft.IdentityModel.JsonWebTokens.JsonWebToken' is hidden. For more details, see https://aka.ms/IdentityModel/PII.]'. See https://aka.ms/IDX10503 for details.
   at Microsoft.IdentityModel.JsonWebTokens.JsonWebTokenHandler.ValidateSignature(JsonWebToken jwtToken, TokenValidationParameters validationParameters, BaseConfiguration configuration)
   at Microsoft.IdentityModel.JsonWebTokens.JsonWebTokenHandler.ValidateSignatureAndIssuerSecurityKey(JsonWebToken jsonWebToken, TokenValidationParameters validationParameters, BaseConfiguration configuration)
   at Microsoft.IdentityModel.JsonWebTokens.JsonWebTokenHandler.ValidateJWSAsync(JsonWebToken jsonWebToken, TokenValidationParameters validationParameters, BaseConfiguration configuration)
2026-09-16 10:39:54.749 +03:00 [INF] Bearer was not authenticated. Failure message: IDX10517: Signature validation failed. The token's kid is missing. Keys tried: 'Microsoft.IdentityModel.Tokens.SymmetricSecurityKey, KeyId: '', InternalId: 'VNGqhB7kZ75afXrNakqPyb1WYggzQUo6Cgi8Kx2i7Zs'. , KeyId: 
'. Number of keys in TokenValidationParameters: '1'. 
Number of keys in Configuration: '0'. 
Exceptions caught:
 '[PII of type 'System.Text.StringBuilder' is hidden. For more details, see https://aka.ms/IdentityModel/PII.]'.
token: '[PII of type 'Microsoft.IdentityModel.JsonWebTokens.JsonWebToken' is hidden. For more details, see https://aka.ms/IdentityModel/PII.]'. See https://aka.ms/IDX10503 for details.
2026-09-16 10:39:54.767 +03:00 [INF] Executing endpoint 'CMS.API.Controllers.NotificationsController.GetNotifications (CMS.API)'
2026-09-16 10:39:54.772 +03:00 [INF] Route matched with {action = "GetNotifications", controller = "Notifications"}. Executing controller action with signature System.Threading.Tasks.Task`1[Microsoft.AspNetCore.Mvc.IActionResult] GetNotifications(System.Nullable`1[System.Int32], System.String) on controller CMS.API.Controllers.NotificationsController (CMS.API).
2026-09-16 10:39:54.808 +03:00 [INF] Executing OkObjectResult, writing value of type 'CMS.Shared.DTOs.ApiResponse`1[[System.Collections.Generic.List`1[[CMS.Shared.DTOs.NotificationItemDto, CMS.Shared, Version=1.0.0.0, Culture=neutral, PublicKeyToken=null]], System.Private.CoreLib, Version=8.0.0.0, Culture=neutral, PublicKeyToken=7cec85d7bea7798e]]'.
2026-09-16 10:39:54.814 +03:00 [INF] Executed action CMS.API.Controllers.NotificationsController.GetNotifications (CMS.API) in 31.9261ms
2026-09-16 10:39:54.819 +03:00 [INF] Executed endpoint 'CMS.API.Controllers.NotificationsController.GetNotifications (CMS.API)'
2026-09-16 10:39:54.823 +03:00 [INF] Request finished HTTP/1.1 GET http://localhost:5010/api/v1/notifications - 200 null application/json; charset=utf-8 121.8518ms
2026-09-16 10:39:56.714 +03:00 [INF] Request starting HTTP/1.1 GET http://localhost:5010/api/v1/notifications - application/json null
2026-09-16 10:39:56.725 +03:00 [INF] Failed to validate the token.
Microsoft.IdentityModel.Tokens.SecurityTokenSignatureKeyNotFoundException: IDX10517: Signature validation failed. The token's kid is missing. Keys tried: 'Microsoft.IdentityModel.Tokens.SymmetricSecurityKey, KeyId: '', InternalId: 'VNGqhB7kZ75afXrNakqPyb1WYggzQUo6Cgi8Kx2i7Zs'. , KeyId: 
'. Number of keys in TokenValidationParameters: '1'. 
Number of keys in Configuration: '0'. 
Exceptions caught:
 '[PII of type 'System.Text.StringBuilder' is hidden. For more details, see https://aka.ms/IdentityModel/PII.]'.
token: '[PII of type 'Microsoft.IdentityModel.JsonWebTokens.JsonWebToken' is hidden. For more details, see https://aka.ms/IdentityModel/PII.]'. See https://aka.ms/IDX10503 for details.
   at Microsoft.IdentityModel.JsonWebTokens.JsonWebTokenHandler.ValidateSignature(JsonWebToken jwtToken, TokenValidationParameters validationParameters, BaseConfiguration configuration)
   at Microsoft.IdentityModel.JsonWebTokens.JsonWebTokenHandler.ValidateSignatureAndIssuerSecurityKey(JsonWebToken jsonWebToken, TokenValidationParameters validationParameters, BaseConfiguration configuration)
   at Microsoft.IdentityModel.JsonWebTokens.JsonWebTokenHandler.ValidateJWSAsync(JsonWebToken jsonWebToken, TokenValidationParameters validationParameters, BaseConfiguration configuration)
2026-09-16 10:39:56.734 +03:00 [INF] Bearer was not authenticated. Failure message: IDX10517: Signature validation failed. The token's kid is missing. Keys tried: 'Microsoft.IdentityModel.Tokens.SymmetricSecurityKey, KeyId: '', InternalId: 'VNGqhB7kZ75afXrNakqPyb1WYggzQUo6Cgi8Kx2i7Zs'. , KeyId: 
'. Number of keys in TokenValidationParameters: '1'. 
Number of keys in Configuration: '0'. 
Exceptions caught:
 '[PII of type 'System.Text.StringBuilder' is hidden. For more details, see https://aka.ms/IdentityModel/PII.]'.
token: '[PII of type 'Microsoft.IdentityModel.JsonWebTokens.JsonWebToken' is hidden. For more details, see https://aka.ms/IdentityModel/PII.]'. See https://aka.ms/IDX10503 for details.
2026-09-16 10:39:56.739 +03:00 [INF] Executing endpoint 'CMS.API.Controllers.NotificationsController.GetNotifications (CMS.API)'
2026-09-16 10:39:56.744 +03:00 [INF] Route matched with {action = "GetNotifications", controller = "Notifications"}. Executing controller action with signature System.Threading.Tasks.Task`1[Microsoft.AspNetCore.Mvc.IActionResult] GetNotifications(System.Nullable`1[System.Int32], System.String) on controller CMS.API.Controllers.NotificationsController (CMS.API).
2026-09-16 10:39:56.782 +03:00 [INF] Executing OkObjectResult, writing value of type 'CMS.Shared.DTOs.ApiResponse`1[[System.Collections.Generic.List`1[[CMS.Shared.DTOs.NotificationItemDto, CMS.Shared, Version=1.0.0.0, Culture=neutral, PublicKeyToken=null]], System.Private.CoreLib, Version=8.0.0.0, Culture=neutral, PublicKeyToken=7cec85d7bea7798e]]'.
2026-09-16 10:39:56.788 +03:00 [INF] Executed action CMS.API.Controllers.NotificationsController.GetNotifications (CMS.API) in 36.1278ms
2026-09-16 10:39:56.793 +03:00 [INF] Executed endpoint 'CMS.API.Controllers.NotificationsController.GetNotifications (CMS.API)'
2026-09-16 10:39:56.798 +03:00 [INF] Request finished HTTP/1.1 GET http://localhost:5010/api/v1/notifications - 200 null application/json; charset=utf-8 83.3471ms
2026-09-16 10:40:21.704 +03:00 [INF] Request starting HTTP/1.1 GET http://localhost:5010/api/v1/telemed/sessions - application/json null
2026-09-16 10:40:21.709 +03:00 [INF] Request starting HTTP/1.1 GET http://localhost:5010/api/v1/notifications - application/json null
2026-09-16 10:40:21.717 +03:00 [INF] Failed to validate the token.
Microsoft.IdentityModel.Tokens.SecurityTokenSignatureKeyNotFoundException: IDX10517: Signature validation failed. The token's kid is missing. Keys tried: 'Microsoft.IdentityModel.Tokens.SymmetricSecurityKey, KeyId: '', InternalId: 'VNGqhB7kZ75afXrNakqPyb1WYggzQUo6Cgi8Kx2i7Zs'. , KeyId: 
'. Number of keys in TokenValidationParameters: '1'. 
Number of keys in Configuration: '0'. 
Exceptions caught:
 '[PII of type 'System.Text.StringBuilder' is hidden. For more details, see https://aka.ms/IdentityModel/PII.]'.
token: '[PII of type 'Microsoft.IdentityModel.JsonWebTokens.JsonWebToken' is hidden. For more details, see https://aka.ms/IdentityModel/PII.]'. See https://aka.ms/IDX10503 for details.
   at Microsoft.IdentityModel.JsonWebTokens.JsonWebTokenHandler.ValidateSignature(JsonWebToken jwtToken, TokenValidationParameters validationParameters, BaseConfiguration configuration)
   at Microsoft.IdentityModel.JsonWebTokens.JsonWebTokenHandler.ValidateSignatureAndIssuerSecurityKey(JsonWebToken jsonWebToken, TokenValidationParameters validationParameters, BaseConfiguration configuration)
   at Microsoft.IdentityModel.JsonWebTokens.JsonWebTokenHandler.ValidateJWSAsync(JsonWebToken jsonWebToken, TokenValidationParameters validationParameters, BaseConfiguration configuration)
2026-09-16 10:40:21.727 +03:00 [INF] Failed to validate the token.
Microsoft.IdentityModel.Tokens.SecurityTokenSignatureKeyNotFoundException: IDX10517: Signature validation failed. The token's kid is missing. Keys tried: 'Microsoft.IdentityModel.Tokens.SymmetricSecurityKey, KeyId: '', InternalId: 'VNGqhB7kZ75afXrNakqPyb1WYggzQUo6Cgi8Kx2i7Zs'. , KeyId: 
'. Number of keys in TokenValidationParameters: '1'. 
Number of keys in Configuration: '0'. 
Exceptions caught:
 '[PII of type 'System.Text.StringBuilder' is hidden. For more details, see https://aka.ms/IdentityModel/PII.]'.
token: '[PII of type 'Microsoft.IdentityModel.JsonWebTokens.JsonWebToken' is hidden. For more details, see https://aka.ms/IdentityModel/PII.]'. See https://aka.ms/IDX10503 for details.
   at Microsoft.IdentityModel.JsonWebTokens.JsonWebTokenHandler.ValidateSignature(JsonWebToken jwtToken, TokenValidationParameters validationParameters, BaseConfiguration configuration)
   at Microsoft.IdentityModel.JsonWebTokens.JsonWebTokenHandler.ValidateSignatureAndIssuerSecurityKey(JsonWebToken jsonWebToken, TokenValidationParameters validationParameters, BaseConfiguration configuration)
   at Microsoft.IdentityModel.JsonWebTokens.JsonWebTokenHandler.ValidateJWSAsync(JsonWebToken jsonWebToken, TokenValidationParameters validationParameters, BaseConfiguration configuration)
2026-09-16 10:40:21.736 +03:00 [INF] Bearer was not authenticated. Failure message: IDX10517: Signature validation failed. The token's kid is missing. Keys tried: 'Microsoft.IdentityModel.Tokens.SymmetricSecurityKey, KeyId: '', InternalId: 'VNGqhB7kZ75afXrNakqPyb1WYggzQUo6Cgi8Kx2i7Zs'. , KeyId: 
'. Number of keys in TokenValidationParameters: '1'. 
Number of keys in Configuration: '0'. 
Exceptions caught:
 '[PII of type 'System.Text.StringBuilder' is hidden. For more details, see https://aka.ms/IdentityModel/PII.]'.
token: '[PII of type 'Microsoft.IdentityModel.JsonWebTokens.JsonWebToken' is hidden. For more details, see https://aka.ms/IdentityModel/PII.]'. See https://aka.ms/IDX10503 for details.
2026-09-16 10:40:21.746 +03:00 [INF] Bearer was not authenticated. Failure message: IDX10517: Signature validation failed. The token's kid is missing. Keys tried: 'Microsoft.IdentityModel.Tokens.SymmetricSecurityKey, KeyId: '', InternalId: 'VNGqhB7kZ75afXrNakqPyb1WYggzQUo6Cgi8Kx2i7Zs'. , KeyId: 
'. Number of keys in TokenValidationParameters: '1'. 
Number of keys in Configuration: '0'. 
Exceptions caught:
 '[PII of type 'System.Text.StringBuilder' is hidden. For more details, see https://aka.ms/IdentityModel/PII.]'.
token: '[PII of type 'Microsoft.IdentityModel.JsonWebTokens.JsonWebToken' is hidden. For more details, see https://aka.ms/IdentityModel/PII.]'. See https://aka.ms/IDX10503 for details.
2026-09-16 10:40:21.750 +03:00 [INF] Executing endpoint 'CMS.API.Controllers.TelemedController.GetSessions (CMS.API)'
2026-09-16 10:40:21.755 +03:00 [INF] Executing endpoint 'CMS.API.Controllers.NotificationsController.GetNotifications (CMS.API)'
2026-09-16 10:40:21.759 +03:00 [INF] Route matched with {action = "GetSessions", controller = "Telemed"}. Executing controller action with signature System.Threading.Tasks.Task`1[Microsoft.AspNetCore.Mvc.IActionResult] GetSessions(System.Nullable`1[System.Int32]) on controller CMS.API.Controllers.TelemedController (CMS.API).
2026-09-16 10:40:21.762 +03:00 [INF] Route matched with {action = "GetNotifications", controller = "Notifications"}. Executing controller action with signature System.Threading.Tasks.Task`1[Microsoft.AspNetCore.Mvc.IActionResult] GetNotifications(System.Nullable`1[System.Int32], System.String) on controller CMS.API.Controllers.NotificationsController (CMS.API).
2026-09-16 10:40:21.781 +03:00 [INF] Executing OkObjectResult, writing value of type 'CMS.Shared.DTOs.ApiResponse`1[[System.Collections.Generic.List`1[[CMS.Shared.DTOs.NotificationItemDto, CMS.Shared, Version=1.0.0.0, Culture=neutral, PublicKeyToken=null]], System.Private.CoreLib, Version=8.0.0.0, Culture=neutral, PublicKeyToken=7cec85d7bea7798e]]'.
2026-09-16 10:40:21.786 +03:00 [INF] Executed action CMS.API.Controllers.NotificationsController.GetNotifications (CMS.API) in 9.4941ms
2026-09-16 10:40:21.791 +03:00 [INF] Executed endpoint 'CMS.API.Controllers.NotificationsController.GetNotifications (CMS.API)'
2026-09-16 10:40:21.795 +03:00 [INF] Request finished HTTP/1.1 GET http://localhost:5010/api/v1/notifications - 200 null application/json; charset=utf-8 86.314ms
2026-09-16 10:40:21.842 +03:00 [INF] Executing OkObjectResult, writing value of type 'CMS.Shared.DTOs.ApiResponse`1[[System.Collections.Generic.IEnumerable`1[[CMS.Shared.DTOs.TelemedSessionSummaryDto, CMS.Shared, Version=1.0.0.0, Culture=neutral, PublicKeyToken=null]], System.Private.CoreLib, Version=8.0.0.0, Culture=neutral, PublicKeyToken=7cec85d7bea7798e]]'.
2026-09-16 10:40:21.847 +03:00 [INF] Executed action CMS.API.Controllers.TelemedController.GetSessions (CMS.API) in 77.9852ms
2026-09-16 10:40:21.852 +03:00 [INF] Executed endpoint 'CMS.API.Controllers.TelemedController.GetSessions (CMS.API)'
2026-09-16 10:40:21.856 +03:00 [INF] Request finished HTTP/1.1 GET http://localhost:5010/api/v1/telemed/sessions - 200 null application/json; charset=utf-8 151.6661ms
2026-09-16 10:40:57.707 +03:00 [INF] Request starting HTTP/1.1 GET http://localhost:5010/api/v1/notifications - application/json null
2026-09-16 10:40:57.718 +03:00 [INF] Failed to validate the token.
Microsoft.IdentityModel.Tokens.SecurityTokenSignatureKeyNotFoundException: IDX10517: Signature validation failed. The token's kid is missing. Keys tried: 'Microsoft.IdentityModel.Tokens.SymmetricSecurityKey, KeyId: '', InternalId: 'VNGqhB7kZ75afXrNakqPyb1WYggzQUo6Cgi8Kx2i7Zs'. , KeyId: 
'. Number of keys in TokenValidationParameters: '1'. 
Number of keys in Configuration: '0'. 
Exceptions caught:
 '[PII of type 'System.Text.StringBuilder' is hidden. For more details, see https://aka.ms/IdentityModel/PII.]'.
token: '[PII of type 'Microsoft.IdentityModel.JsonWebTokens.JsonWebToken' is hidden. For more details, see https://aka.ms/IdentityModel/PII.]'. See https://aka.ms/IDX10503 for details.
   at Microsoft.IdentityModel.JsonWebTokens.JsonWebTokenHandler.ValidateSignature(JsonWebToken jwtToken, TokenValidationParameters validationParameters, BaseConfiguration configuration)
   at Microsoft.IdentityModel.JsonWebTokens.JsonWebTokenHandler.ValidateSignatureAndIssuerSecurityKey(JsonWebToken jsonWebToken, TokenValidationParameters validationParameters, BaseConfiguration configuration)
   at Microsoft.IdentityModel.JsonWebTokens.JsonWebTokenHandler.ValidateJWSAsync(JsonWebToken jsonWebToken, TokenValidationParameters validationParameters, BaseConfiguration configuration)
2026-09-16 10:40:57.727 +03:00 [INF] Bearer was not authenticated. Failure message: IDX10517: Signature validation failed. The token's kid is missing. Keys tried: 'Microsoft.IdentityModel.Tokens.SymmetricSecurityKey, KeyId: '', InternalId: 'VNGqhB7kZ75afXrNakqPyb1WYggzQUo6Cgi8Kx2i7Zs'. , KeyId: 
'. Number of keys in TokenValidationParameters: '1'. 
Number of keys in Configuration: '0'. 
Exceptions caught:
 '[PII of type 'System.Text.StringBuilder' is hidden. For more details, see https://aka.ms/IdentityModel/PII.]'.
token: '[PII of type 'Microsoft.IdentityModel.JsonWebTokens.JsonWebToken' is hidden. For more details, see https://aka.ms/IdentityModel/PII.]'. See https://aka.ms/IDX10503 for details.
2026-09-16 10:40:57.733 +03:00 [INF] Executing endpoint 'CMS.API.Controllers.NotificationsController.GetNotifications (CMS.API)'
2026-09-16 10:40:57.736 +03:00 [INF] Route matched with {action = "GetNotifications", controller = "Notifications"}. Executing controller action with signature System.Threading.Tasks.Task`1[Microsoft.AspNetCore.Mvc.IActionResult] GetNotifications(System.Nullable`1[System.Int32], System.String) on controller CMS.API.Controllers.NotificationsController (CMS.API).
2026-09-16 10:41:02.652 +03:00 [INF] Executing OkObjectResult, writing value of type 'CMS.Shared.DTOs.ApiResponse`1[[System.Collections.Generic.List`1[[CMS.Shared.DTOs.NotificationItemDto, CMS.Shared, Version=1.0.0.0, Culture=neutral, PublicKeyToken=null]], System.Private.CoreLib, Version=8.0.0.0, Culture=neutral, PublicKeyToken=7cec85d7bea7798e]]'.
2026-09-16 10:41:02.658 +03:00 [INF] Executed action CMS.API.Controllers.NotificationsController.GetNotifications (CMS.API) in 4914.4968ms
2026-09-16 10:41:02.662 +03:00 [INF] Executed endpoint 'CMS.API.Controllers.NotificationsController.GetNotifications (CMS.API)'
2026-09-16 10:41:02.665 +03:00 [INF] Request finished HTTP/1.1 GET http://localhost:5010/api/v1/notifications - 200 null application/json; charset=utf-8 4958.4364ms
2026-09-16 10:41:21.707 +03:00 [INF] Request starting HTTP/1.1 GET http://localhost:5010/api/v1/notifications - application/json null
2026-09-16 10:41:21.712 +03:00 [INF] Request starting HTTP/1.1 GET http://localhost:5010/api/v1/telemed/sessions - application/json null
2026-09-16 10:41:21.722 +03:00 [INF] Failed to validate the token.
Microsoft.IdentityModel.Tokens.SecurityTokenSignatureKeyNotFoundException: IDX10517: Signature validation failed. The token's kid is missing. Keys tried: 'Microsoft.IdentityModel.Tokens.SymmetricSecurityKey, KeyId: '', InternalId: 'VNGqhB7kZ75afXrNakqPyb1WYggzQUo6Cgi8Kx2i7Zs'. , KeyId: 
'. Number of keys in TokenValidationParameters: '1'. 
Number of keys in Configuration: '0'. 
Exceptions caught:
 '[PII of type 'System.Text.StringBuilder' is hidden. For more details, see https://aka.ms/IdentityModel/PII.]'.
token: '[PII of type 'Microsoft.IdentityModel.JsonWebTokens.JsonWebToken' is hidden. For more details, see https://aka.ms/IdentityModel/PII.]'. See https://aka.ms/IDX10503 for details.
   at Microsoft.IdentityModel.JsonWebTokens.JsonWebTokenHandler.ValidateSignature(JsonWebToken jwtToken, TokenValidationParameters validationParameters, BaseConfiguration configuration)
   at Microsoft.IdentityModel.JsonWebTokens.JsonWebTokenHandler.ValidateSignatureAndIssuerSecurityKey(JsonWebToken jsonWebToken, TokenValidationParameters validationParameters, BaseConfiguration configuration)
   at Microsoft.IdentityModel.JsonWebTokens.JsonWebTokenHandler.ValidateJWSAsync(JsonWebToken jsonWebToken, TokenValidationParameters validationParameters, BaseConfiguration configuration)
2026-09-16 10:41:21.734 +03:00 [INF] Failed to validate the token.
Microsoft.IdentityModel.Tokens.SecurityTokenSignatureKeyNotFoundException: IDX10517: Signature validation failed. The token's kid is missing. Keys tried: 'Microsoft.IdentityModel.Tokens.SymmetricSecurityKey, KeyId: '', InternalId: 'VNGqhB7kZ75afXrNakqPyb1WYggzQUo6Cgi8Kx2i7Zs'. , KeyId: 
'. Number of keys in TokenValidationParameters: '1'. 
Number of keys in Configuration: '0'. 
Exceptions caught:
 '[PII of type 'System.Text.StringBuilder' is hidden. For more details, see https://aka.ms/IdentityModel/PII.]'.
token: '[PII of type 'Microsoft.IdentityModel.JsonWebTokens.JsonWebToken' is hidden. For more details, see https://aka.ms/IdentityModel/PII.]'. See https://aka.ms/IDX10503 for details.
   at Microsoft.IdentityModel.JsonWebTokens.JsonWebTokenHandler.ValidateSignature(JsonWebToken jwtToken, TokenValidationParameters validationParameters, BaseConfiguration configuration)
   at Microsoft.IdentityModel.JsonWebTokens.JsonWebTokenHandler.ValidateSignatureAndIssuerSecurityKey(JsonWebToken jsonWebToken, TokenValidationParameters validationParameters, BaseConfiguration configuration)
   at Microsoft.IdentityModel.JsonWebTokens.JsonWebTokenHandler.ValidateJWSAsync(JsonWebToken jsonWebToken, TokenValidationParameters validationParameters, BaseConfiguration configuration)
2026-09-16 10:41:21.746 +03:00 [INF] Bearer was not authenticated. Failure message: IDX10517: Signature validation failed. The token's kid is missing. Keys tried: 'Microsoft.IdentityModel.Tokens.SymmetricSecurityKey, KeyId: '', InternalId: 'VNGqhB7kZ75afXrNakqPyb1WYggzQUo6Cgi8Kx2i7Zs'. , KeyId: 
'. Number of keys in TokenValidationParameters: '1'. 
Number of keys in Configuration: '0'. 
Exceptions caught:
 '[PII of type 'System.Text.StringBuilder' is hidden. For more details, see https://aka.ms/IdentityModel/PII.]'.
token: '[PII of type 'Microsoft.IdentityModel.JsonWebTokens.JsonWebToken' is hidden. For more details, see https://aka.ms/IdentityModel/PII.]'. See https://aka.ms/IDX10503 for details.
2026-09-16 10:41:21.759 +03:00 [INF] Bearer was not authenticated. Failure message: IDX10517: Signature validation failed. The token's kid is missing. Keys tried: 'Microsoft.IdentityModel.Tokens.SymmetricSecurityKey, KeyId: '', InternalId: 'VNGqhB7kZ75afXrNakqPyb1WYggzQUo6Cgi8Kx2i7Zs'. , KeyId: 
'. Number of keys in TokenValidationParameters: '1'. 
Number of keys in Configuration: '0'. 
Exceptions caught:
 '[PII of type 'System.Text.StringBuilder' is hidden. For more details, see https://aka.ms/IdentityModel/PII.]'.
token: '[PII of type 'Microsoft.IdentityModel.JsonWebTokens.JsonWebToken' is hidden. For more details, see https://aka.ms/IdentityModel/PII.]'. See https://aka.ms/IDX10503 for details.
2026-09-16 10:41:21.765 +03:00 [INF] Executing endpoint 'CMS.API.Controllers.NotificationsController.GetNotifications (CMS.API)'
2026-09-16 10:41:21.772 +03:00 [INF] Executing endpoint 'CMS.API.Controllers.TelemedController.GetSessions (CMS.API)'
2026-09-16 10:41:21.776 +03:00 [INF] Route matched with {action = "GetNotifications", controller = "Notifications"}. Executing controller action with signature System.Threading.Tasks.Task`1[Microsoft.AspNetCore.Mvc.IActionResult] GetNotifications(System.Nullable`1[System.Int32], System.String) on controller CMS.API.Controllers.NotificationsController (CMS.API).
2026-09-16 10:41:21.782 +03:00 [INF] Route matched with {action = "GetSessions", controller = "Telemed"}. Executing controller action with signature System.Threading.Tasks.Task`1[Microsoft.AspNetCore.Mvc.IActionResult] GetSessions(System.Nullable`1[System.Int32]) on controller CMS.API.Controllers.TelemedController (CMS.API).
2026-09-16 10:41:21.796 +03:00 [INF] Executing OkObjectResult, writing value of type 'CMS.Shared.DTOs.ApiResponse`1[[System.Collections.Generic.List`1[[CMS.Shared.DTOs.NotificationItemDto, CMS.Shared, Version=1.0.0.0, Culture=neutral, PublicKeyToken=null]], System.Private.CoreLib, Version=8.0.0.0, Culture=neutral, PublicKeyToken=7cec85d7bea7798e]]'.
2026-09-16 10:41:21.805 +03:00 [INF] Executed action CMS.API.Controllers.NotificationsController.GetNotifications (CMS.API) in 14.387ms
2026-09-16 10:41:21.811 +03:00 [INF] Executed endpoint 'CMS.API.Controllers.NotificationsController.GetNotifications (CMS.API)'
2026-09-16 10:41:21.815 +03:00 [INF] Request finished HTTP/1.1 GET http://localhost:5010/api/v1/notifications - 200 null application/json; charset=utf-8 107.8424ms
2026-09-16 10:41:21.876 +03:00 [INF] Executing OkObjectResult, writing value of type 'CMS.Shared.DTOs.ApiResponse`1[[System.Collections.Generic.IEnumerable`1[[CMS.Shared.DTOs.TelemedSessionSummaryDto, CMS.Shared, Version=1.0.0.0, Culture=neutral, PublicKeyToken=null]], System.Private.CoreLib, Version=8.0.0.0, Culture=neutral, PublicKeyToken=7cec85d7bea7798e]]'.
2026-09-16 10:41:21.882 +03:00 [INF] Executed action CMS.API.Controllers.TelemedController.GetSessions (CMS.API) in 83.3767ms
2026-09-16 10:41:21.888 +03:00 [INF] Executed endpoint 'CMS.API.Controllers.TelemedController.GetSessions (CMS.API)'
2026-09-16 10:41:21.892 +03:00 [INF] Request finished HTTP/1.1 GET http://localhost:5010/api/v1/telemed/sessions - 200 null application/json; charset=utf-8 180.0867ms
2026-09-16 10:41:58.699 +03:00 [INF] Request starting HTTP/1.1 GET http://localhost:5010/api/v1/notifications - application/json null
2026-09-16 10:41:58.711 +03:00 [INF] Failed to validate the token.
Microsoft.IdentityModel.Tokens.SecurityTokenSignatureKeyNotFoundException: IDX10517: Signature validation failed. The token's kid is missing. Keys tried: 'Microsoft.IdentityModel.Tokens.SymmetricSecurityKey, KeyId: '', InternalId: 'VNGqhB7kZ75afXrNakqPyb1WYggzQUo6Cgi8Kx2i7Zs'. , KeyId: 
'. Number of keys in TokenValidationParameters: '1'. 
Number of keys in Configuration: '0'. 
Exceptions caught:
 '[PII of type 'System.Text.StringBuilder' is hidden. For more details, see https://aka.ms/IdentityModel/PII.]'.
token: '[PII of type 'Microsoft.IdentityModel.JsonWebTokens.JsonWebToken' is hidden. For more details, see https://aka.ms/IdentityModel/PII.]'. See https://aka.ms/IDX10503 for details.
   at Microsoft.IdentityModel.JsonWebTokens.JsonWebTokenHandler.ValidateSignature(JsonWebToken jwtToken, TokenValidationParameters validationParameters, BaseConfiguration configuration)
   at Microsoft.IdentityModel.JsonWebTokens.JsonWebTokenHandler.ValidateSignatureAndIssuerSecurityKey(JsonWebToken jsonWebToken, TokenValidationParameters validationParameters, BaseConfiguration configuration)
   at Microsoft.IdentityModel.JsonWebTokens.JsonWebTokenHandler.ValidateJWSAsync(JsonWebToken jsonWebToken, TokenValidationParameters validationParameters, BaseConfiguration configuration)
2026-09-16 10:41:58.720 +03:00 [INF] Bearer was not authenticated. Failure message: IDX10517: Signature validation failed. The token's kid is missing. Keys tried: 'Microsoft.IdentityModel.Tokens.SymmetricSecurityKey, KeyId: '', InternalId: 'VNGqhB7kZ75afXrNakqPyb1WYggzQUo6Cgi8Kx2i7Zs'. , KeyId: 
'. Number of keys in TokenValidationParameters: '1'. 
Number of keys in Configuration: '0'. 
Exceptions caught:
 '[PII of type 'System.Text.StringBuilder' is hidden. For more details, see https://aka.ms/IdentityModel/PII.]'.
token: '[PII of type 'Microsoft.IdentityModel.JsonWebTokens.JsonWebToken' is hidden. For more details, see https://aka.ms/IdentityModel/PII.]'. See https://aka.ms/IDX10503 for details.
2026-09-16 10:41:58.724 +03:00 [INF] Executing endpoint 'CMS.API.Controllers.NotificationsController.GetNotifications (CMS.API)'
2026-09-16 10:41:58.729 +03:00 [INF] Route matched with {action = "GetNotifications", controller = "Notifications"}. Executing controller action with signature System.Threading.Tasks.Task`1[Microsoft.AspNetCore.Mvc.IActionResult] GetNotifications(System.Nullable`1[System.Int32], System.String) on controller CMS.API.Controllers.NotificationsController (CMS.API).
2026-09-16 10:41:58.742 +03:00 [INF] Executing OkObjectResult, writing value of type 'CMS.Shared.DTOs.ApiResponse`1[[System.Collections.Generic.List`1[[CMS.Shared.DTOs.NotificationItemDto, CMS.Shared, Version=1.0.0.0, Culture=neutral, PublicKeyToken=null]], System.Private.CoreLib, Version=8.0.0.0, Culture=neutral, PublicKeyToken=7cec85d7bea7798e]]'.
2026-09-16 10:41:58.749 +03:00 [INF] Executed action CMS.API.Controllers.NotificationsController.GetNotifications (CMS.API) in 11.3385ms
2026-09-16 10:41:58.754 +03:00 [INF] Executed endpoint 'CMS.API.Controllers.NotificationsController.GetNotifications (CMS.API)'
2026-09-16 10:41:58.757 +03:00 [INF] Request finished HTTP/1.1 GET http://localhost:5010/api/v1/notifications - 200 null application/json; charset=utf-8 58.5176ms
2026-09-16 10:42:21.702 +03:00 [INF] Request starting HTTP/1.1 GET http://localhost:5010/api/v1/telemed/sessions - application/json null
2026-09-16 10:42:21.703 +03:00 [INF] Request starting HTTP/1.1 GET http://localhost:5010/api/v1/notifications - application/json null
2026-09-16 10:42:21.713 +03:00 [INF] Failed to validate the token.
Microsoft.IdentityModel.Tokens.SecurityTokenSignatureKeyNotFoundException: IDX10517: Signature validation failed. The token's kid is missing. Keys tried: 'Microsoft.IdentityModel.Tokens.SymmetricSecurityKey, KeyId: '', InternalId: 'VNGqhB7kZ75afXrNakqPyb1WYggzQUo6Cgi8Kx2i7Zs'. , KeyId: 
'. Number of keys in TokenValidationParameters: '1'. 
Number of keys in Configuration: '0'. 
Exceptions caught:
 '[PII of type 'System.Text.StringBuilder' is hidden. For more details, see https://aka.ms/IdentityModel/PII.]'.
token: '[PII of type 'Microsoft.IdentityModel.JsonWebTokens.JsonWebToken' is hidden. For more details, see https://aka.ms/IdentityModel/PII.]'. See https://aka.ms/IDX10503 for details.
   at Microsoft.IdentityModel.JsonWebTokens.JsonWebTokenHandler.ValidateSignature(JsonWebToken jwtToken, TokenValidationParameters validationParameters, BaseConfiguration configuration)
   at Microsoft.IdentityModel.JsonWebTokens.JsonWebTokenHandler.ValidateSignatureAndIssuerSecurityKey(JsonWebToken jsonWebToken, TokenValidationParameters validationParameters, BaseConfiguration configuration)
   at Microsoft.IdentityModel.JsonWebTokens.JsonWebTokenHandler.ValidateJWSAsync(JsonWebToken jsonWebToken, TokenValidationParameters validationParameters, BaseConfiguration configuration)
2026-09-16 10:42:21.723 +03:00 [INF] Failed to validate the token.
Microsoft.IdentityModel.Tokens.SecurityTokenSignatureKeyNotFoundException: IDX10517: Signature validation failed. The token's kid is missing. Keys tried: 'Microsoft.IdentityModel.Tokens.SymmetricSecurityKey, KeyId: '', InternalId: 'VNGqhB7kZ75afXrNakqPyb1WYggzQUo6Cgi8Kx2i7Zs'. , KeyId: 
'. Number of keys in TokenValidationParameters: '1'. 
Number of keys in Configuration: '0'. 
Exceptions caught:
 '[PII of type 'System.Text.StringBuilder' is hidden. For more details, see https://aka.ms/IdentityModel/PII.]'.
token: '[PII of type 'Microsoft.IdentityModel.JsonWebTokens.JsonWebToken' is hidden. For more details, see https://aka.ms/IdentityModel/PII.]'. See https://aka.ms/IDX10503 for details.
   at Microsoft.IdentityModel.JsonWebTokens.JsonWebTokenHandler.ValidateSignature(JsonWebToken jwtToken, TokenValidationParameters validationParameters, BaseConfiguration configuration)
   at Microsoft.IdentityModel.JsonWebTokens.JsonWebTokenHandler.ValidateSignatureAndIssuerSecurityKey(JsonWebToken jsonWebToken, TokenValidationParameters validationParameters, BaseConfiguration configuration)
   at Microsoft.IdentityModel.JsonWebTokens.JsonWebTokenHandler.ValidateJWSAsync(JsonWebToken jsonWebToken, TokenValidationParameters validationParameters, BaseConfiguration configuration)
2026-09-16 10:42:21.731 +03:00 [INF] Bearer was not authenticated. Failure message: IDX10517: Signature validation failed. The token's kid is missing. Keys tried: 'Microsoft.IdentityModel.Tokens.SymmetricSecurityKey, KeyId: '', InternalId: 'VNGqhB7kZ75afXrNakqPyb1WYggzQUo6Cgi8Kx2i7Zs'. , KeyId: 
'. Number of keys in TokenValidationParameters: '1'. 
Number of keys in Configuration: '0'. 
Exceptions caught:
 '[PII of type 'System.Text.StringBuilder' is hidden. For more details, see https://aka.ms/IdentityModel/PII.]'.
token: '[PII of type 'Microsoft.IdentityModel.JsonWebTokens.JsonWebToken' is hidden. For more details, see https://aka.ms/IdentityModel/PII.]'. See https://aka.ms/IDX10503 for details.
2026-09-16 10:42:21.740 +03:00 [INF] Bearer was not authenticated. Failure message: IDX10517: Signature validation failed. The token's kid is missing. Keys tried: 'Microsoft.IdentityModel.Tokens.SymmetricSecurityKey, KeyId: '', InternalId: 'VNGqhB7kZ75afXrNakqPyb1WYggzQUo6Cgi8Kx2i7Zs'. , KeyId: 
'. Number of keys in TokenValidationParameters: '1'. 
Number of keys in Configuration: '0'. 
Exceptions caught:
 '[PII of type 'System.Text.StringBuilder' is hidden. For more details, see https://aka.ms/IdentityModel/PII.]'.
token: '[PII of type 'Microsoft.IdentityModel.JsonWebTokens.JsonWebToken' is hidden. For more details, see https://aka.ms/IdentityModel/PII.]'. See https://aka.ms/IDX10503 for details.
2026-09-16 10:42:21.745 +03:00 [INF] Executing endpoint 'CMS.API.Controllers.TelemedController.GetSessions (CMS.API)'
2026-09-16 10:42:21.749 +03:00 [INF] Executing endpoint 'CMS.API.Controllers.NotificationsController.GetNotifications (CMS.API)'
2026-09-16 10:42:21.754 +03:00 [INF] Route matched with {action = "GetSessions", controller = "Telemed"}. Executing controller action with signature System.Threading.Tasks.Task`1[Microsoft.AspNetCore.Mvc.IActionResult] GetSessions(System.Nullable`1[System.Int32]) on controller CMS.API.Controllers.TelemedController (CMS.API).
2026-09-16 10:42:21.757 +03:00 [INF] Route matched with {action = "GetNotifications", controller = "Notifications"}. Executing controller action with signature System.Threading.Tasks.Task`1[Microsoft.AspNetCore.Mvc.IActionResult] GetNotifications(System.Nullable`1[System.Int32], System.String) on controller CMS.API.Controllers.NotificationsController (CMS.API).
2026-09-16 10:42:21.794 +03:00 [INF] Executing OkObjectResult, writing value of type 'CMS.Shared.DTOs.ApiResponse`1[[System.Collections.Generic.List`1[[CMS.Shared.DTOs.NotificationItemDto, CMS.Shared, Version=1.0.0.0, Culture=neutral, PublicKeyToken=null]], System.Private.CoreLib, Version=8.0.0.0, Culture=neutral, PublicKeyToken=7cec85d7bea7798e]]'.
2026-09-16 10:42:21.801 +03:00 [INF] Executed action CMS.API.Controllers.NotificationsController.GetNotifications (CMS.API) in 28.6721ms
2026-09-16 10:42:21.807 +03:00 [INF] Executed endpoint 'CMS.API.Controllers.NotificationsController.GetNotifications (CMS.API)'
2026-09-16 10:42:21.811 +03:00 [INF] Request finished HTTP/1.1 GET http://localhost:5010/api/v1/notifications - 200 null application/json; charset=utf-8 108.3589ms
2026-09-16 10:42:21.852 +03:00 [INF] Executing OkObjectResult, writing value of type 'CMS.Shared.DTOs.ApiResponse`1[[System.Collections.Generic.IEnumerable`1[[CMS.Shared.DTOs.TelemedSessionSummaryDto, CMS.Shared, Version=1.0.0.0, Culture=neutral, PublicKeyToken=null]], System.Private.CoreLib, Version=8.0.0.0, Culture=neutral, PublicKeyToken=7cec85d7bea7798e]]'.
2026-09-16 10:42:21.860 +03:00 [INF] Executed action CMS.API.Controllers.TelemedController.GetSessions (CMS.API) in 94.1567ms
2026-09-16 10:42:21.866 +03:00 [INF] Executed endpoint 'CMS.API.Controllers.TelemedController.GetSessions (CMS.API)'
2026-09-16 10:42:21.870 +03:00 [INF] Request finished HTTP/1.1 GET http://localhost:5010/api/v1/telemed/sessions - 200 null application/json; charset=utf-8 167.4143ms
2026-09-16 10:43:21.699 +03:00 [INF] Request starting HTTP/1.1 GET http://localhost:5010/api/v1/telemed/sessions - application/json null
2026-09-16 10:43:21.699 +03:00 [INF] Request starting HTTP/1.1 GET http://localhost:5010/api/v1/notifications - application/json null
2026-09-16 10:43:21.712 +03:00 [INF] Failed to validate the token.
Microsoft.IdentityModel.Tokens.SecurityTokenSignatureKeyNotFoundException: IDX10517: Signature validation failed. The token's kid is missing. Keys tried: 'Microsoft.IdentityModel.Tokens.SymmetricSecurityKey, KeyId: '', InternalId: 'VNGqhB7kZ75afXrNakqPyb1WYggzQUo6Cgi8Kx2i7Zs'. , KeyId: 
'. Number of keys in TokenValidationParameters: '1'. 
Number of keys in Configuration: '0'. 
Exceptions caught:
 '[PII of type 'System.Text.StringBuilder' is hidden. For more details, see https://aka.ms/IdentityModel/PII.]'.
token: '[PII of type 'Microsoft.IdentityModel.JsonWebTokens.JsonWebToken' is hidden. For more details, see https://aka.ms/IdentityModel/PII.]'. See https://aka.ms/IDX10503 for details.
   at Microsoft.IdentityModel.JsonWebTokens.JsonWebTokenHandler.ValidateSignature(JsonWebToken jwtToken, TokenValidationParameters validationParameters, BaseConfiguration configuration)
   at Microsoft.IdentityModel.JsonWebTokens.JsonWebTokenHandler.ValidateSignatureAndIssuerSecurityKey(JsonWebToken jsonWebToken, TokenValidationParameters validationParameters, BaseConfiguration configuration)
   at Microsoft.IdentityModel.JsonWebTokens.JsonWebTokenHandler.ValidateJWSAsync(JsonWebToken jsonWebToken, TokenValidationParameters validationParameters, BaseConfiguration configuration)
2026-09-16 10:43:21.724 +03:00 [INF] Failed to validate the token.
Microsoft.IdentityModel.Tokens.SecurityTokenSignatureKeyNotFoundException: IDX10517: Signature validation failed. The token's kid is missing. Keys tried: 'Microsoft.IdentityModel.Tokens.SymmetricSecurityKey, KeyId: '', InternalId: 'VNGqhB7kZ75afXrNakqPyb1WYggzQUo6Cgi8Kx2i7Zs'. , KeyId: 
'. Number of keys in TokenValidationParameters: '1'. 
Number of keys in Configuration: '0'. 
Exceptions caught:
 '[PII of type 'System.Text.StringBuilder' is hidden. For more details, see https://aka.ms/IdentityModel/PII.]'.
token: '[PII of type 'Microsoft.IdentityModel.JsonWebTokens.JsonWebToken' is hidden. For more details, see https://aka.ms/IdentityModel/PII.]'. See https://aka.ms/IDX10503 for details.
   at Microsoft.IdentityModel.JsonWebTokens.JsonWebTokenHandler.ValidateSignature(JsonWebToken jwtToken, TokenValidationParameters validationParameters, BaseConfiguration configuration)
   at Microsoft.IdentityModel.JsonWebTokens.JsonWebTokenHandler.ValidateSignatureAndIssuerSecurityKey(JsonWebToken jsonWebToken, TokenValidationParameters validationParameters, BaseConfiguration configuration)
   at Microsoft.IdentityModel.JsonWebTokens.JsonWebTokenHandler.ValidateJWSAsync(JsonWebToken jsonWebToken, TokenValidationParameters validationParameters, BaseConfiguration configuration)
2026-09-16 10:43:21.732 +03:00 [INF] Bearer was not authenticated. Failure message: IDX10517: Signature validation failed. The token's kid is missing. Keys tried: 'Microsoft.IdentityModel.Tokens.SymmetricSecurityKey, KeyId: '', InternalId: 'VNGqhB7kZ75afXrNakqPyb1WYggzQUo6Cgi8Kx2i7Zs'. , KeyId: 
'. Number of keys in TokenValidationParameters: '1'. 
Number of keys in Configuration: '0'. 
Exceptions caught:
 '[PII of type 'System.Text.StringBuilder' is hidden. For more details, see https://aka.ms/IdentityModel/PII.]'.
token: '[PII of type 'Microsoft.IdentityModel.JsonWebTokens.JsonWebToken' is hidden. For more details, see https://aka.ms/IdentityModel/PII.]'. See https://aka.ms/IDX10503 for details.
2026-09-16 10:43:21.742 +03:00 [INF] Bearer was not authenticated. Failure message: IDX10517: Signature validation failed. The token's kid is missing. Keys tried: 'Microsoft.IdentityModel.Tokens.SymmetricSecurityKey, KeyId: '', InternalId: 'VNGqhB7kZ75afXrNakqPyb1WYggzQUo6Cgi8Kx2i7Zs'. , KeyId: 
'. Number of keys in TokenValidationParameters: '1'. 
Number of keys in Configuration: '0'. 
Exceptions caught:
 '[PII of type 'System.Text.StringBuilder' is hidden. For more details, see https://aka.ms/IdentityModel/PII.]'.
token: '[PII of type 'Microsoft.IdentityModel.JsonWebTokens.JsonWebToken' is hidden. For more details, see https://aka.ms/IdentityModel/PII.]'. See https://aka.ms/IDX10503 for details.
2026-09-16 10:43:21.747 +03:00 [INF] Executing endpoint 'CMS.API.Controllers.TelemedController.GetSessions (CMS.API)'
2026-09-16 10:43:21.751 +03:00 [INF] Executing endpoint 'CMS.API.Controllers.NotificationsController.GetNotifications (CMS.API)'
2026-09-16 10:43:21.755 +03:00 [INF] Route matched with {action = "GetSessions", controller = "Telemed"}. Executing controller action with signature System.Threading.Tasks.Task`1[Microsoft.AspNetCore.Mvc.IActionResult] GetSessions(System.Nullable`1[System.Int32]) on controller CMS.API.Controllers.TelemedController (CMS.API).
2026-09-16 10:43:21.759 +03:00 [INF] Route matched with {action = "GetNotifications", controller = "Notifications"}. Executing controller action with signature System.Threading.Tasks.Task`1[Microsoft.AspNetCore.Mvc.IActionResult] GetNotifications(System.Nullable`1[System.Int32], System.String) on controller CMS.API.Controllers.NotificationsController (CMS.API).
2026-09-16 10:43:21.797 +03:00 [INF] Executing OkObjectResult, writing value of type 'CMS.Shared.DTOs.ApiResponse`1[[System.Collections.Generic.List`1[[CMS.Shared.DTOs.NotificationItemDto, CMS.Shared, Version=1.0.0.0, Culture=neutral, PublicKeyToken=null]], System.Private.CoreLib, Version=8.0.0.0, Culture=neutral, PublicKeyToken=7cec85d7bea7798e]]'.
2026-09-16 10:43:21.802 +03:00 [INF] Executed action CMS.API.Controllers.NotificationsController.GetNotifications (CMS.API) in 28.1849ms
2026-09-16 10:43:21.807 +03:00 [INF] Executed endpoint 'CMS.API.Controllers.NotificationsController.GetNotifications (CMS.API)'
2026-09-16 10:43:21.811 +03:00 [INF] Request finished HTTP/1.1 GET http://localhost:5010/api/v1/notifications - 200 null application/json; charset=utf-8 111.4484ms
2026-09-16 10:43:21.848 +03:00 [INF] Executing OkObjectResult, writing value of type 'CMS.Shared.DTOs.ApiResponse`1[[System.Collections.Generic.IEnumerable`1[[CMS.Shared.DTOs.TelemedSessionSummaryDto, CMS.Shared, Version=1.0.0.0, Culture=neutral, PublicKeyToken=null]], System.Private.CoreLib, Version=8.0.0.0, Culture=neutral, PublicKeyToken=7cec85d7bea7798e]]'.
2026-09-16 10:43:21.854 +03:00 [INF] Executed action CMS.API.Controllers.TelemedController.GetSessions (CMS.API) in 87.1524ms
2026-09-16 10:43:21.858 +03:00 [INF] Executed endpoint 'CMS.API.Controllers.TelemedController.GetSessions (CMS.API)'
2026-09-16 10:43:21.862 +03:00 [INF] Request finished HTTP/1.1 GET http://localhost:5010/api/v1/telemed/sessions - 200 null application/json; charset=utf-8 163.4396ms
2026-09-16 10:43:54.705 +03:00 [INF] Request starting HTTP/1.1 GET http://localhost:5010/api/v1/notifications - application/json null
2026-09-16 10:43:54.718 +03:00 [INF] Failed to validate the token.
Microsoft.IdentityModel.Tokens.SecurityTokenSignatureKeyNotFoundException: IDX10517: Signature validation failed. The token's kid is missing. Keys tried: 'Microsoft.IdentityModel.Tokens.SymmetricSecurityKey, KeyId: '', InternalId: 'VNGqhB7kZ75afXrNakqPyb1WYggzQUo6Cgi8Kx2i7Zs'. , KeyId: 
'. Number of keys in TokenValidationParameters: '1'. 
Number of keys in Configuration: '0'. 
Exceptions caught:
 '[PII of type 'System.Text.StringBuilder' is hidden. For more details, see https://aka.ms/IdentityModel/PII.]'.
token: '[PII of type 'Microsoft.IdentityModel.JsonWebTokens.JsonWebToken' is hidden. For more details, see https://aka.ms/IdentityModel/PII.]'. See https://aka.ms/IDX10503 for details.
   at Microsoft.IdentityModel.JsonWebTokens.JsonWebTokenHandler.ValidateSignature(JsonWebToken jwtToken, TokenValidationParameters validationParameters, BaseConfiguration configuration)
   at Microsoft.IdentityModel.JsonWebTokens.JsonWebTokenHandler.ValidateSignatureAndIssuerSecurityKey(JsonWebToken jsonWebToken, TokenValidationParameters validationParameters, BaseConfiguration configuration)
   at Microsoft.IdentityModel.JsonWebTokens.JsonWebTokenHandler.ValidateJWSAsync(JsonWebToken jsonWebToken, TokenValidationParameters validationParameters, BaseConfiguration configuration)
2026-09-16 10:43:54.728 +03:00 [INF] Bearer was not authenticated. Failure message: IDX10517: Signature validation failed. The token's kid is missing. Keys tried: 'Microsoft.IdentityModel.Tokens.SymmetricSecurityKey, KeyId: '', InternalId: 'VNGqhB7kZ75afXrNakqPyb1WYggzQUo6Cgi8Kx2i7Zs'. , KeyId: 
'. Number of keys in TokenValidationParameters: '1'. 
Number of keys in Configuration: '0'. 
Exceptions caught:
 '[PII of type 'System.Text.StringBuilder' is hidden. For more details, see https://aka.ms/IdentityModel/PII.]'.
token: '[PII of type 'Microsoft.IdentityModel.JsonWebTokens.JsonWebToken' is hidden. For more details, see https://aka.ms/IdentityModel/PII.]'. See https://aka.ms/IDX10503 for details.
2026-09-16 10:43:54.732 +03:00 [INF] Executing endpoint 'CMS.API.Controllers.NotificationsController.GetNotifications (CMS.API)'
2026-09-16 10:43:54.736 +03:00 [INF] Route matched with {action = "GetNotifications", controller = "Notifications"}. Executing controller action with signature System.Threading.Tasks.Task`1[Microsoft.AspNetCore.Mvc.IActionResult] GetNotifications(System.Nullable`1[System.Int32], System.String) on controller CMS.API.Controllers.NotificationsController (CMS.API).
2026-09-16 10:43:54.746 +03:00 [INF] Executing OkObjectResult, writing value of type 'CMS.Shared.DTOs.ApiResponse`1[[System.Collections.Generic.List`1[[CMS.Shared.DTOs.NotificationItemDto, CMS.Shared, Version=1.0.0.0, Culture=neutral, PublicKeyToken=null]], System.Private.CoreLib, Version=8.0.0.0, Culture=neutral, PublicKeyToken=7cec85d7bea7798e]]'.
2026-09-16 10:43:54.753 +03:00 [INF] Executed action CMS.API.Controllers.NotificationsController.GetNotifications (CMS.API) in 10.8994ms
2026-09-16 10:43:54.758 +03:00 [INF] Executed endpoint 'CMS.API.Controllers.NotificationsController.GetNotifications (CMS.API)'
2026-09-16 10:43:54.763 +03:00 [INF] Request finished HTTP/1.1 GET http://localhost:5010/api/v1/notifications - 200 null application/json; charset=utf-8 57.6388ms
