2026-09-24 22:55:51.875 +03:00 [INF] User profile is available. Using 'C:\Users\ASUS\AppData\Local\ASP.NET\DataProtection-Keys' as key repository and Windows DPAPI to encrypt keys at rest.
2026-09-24 22:55:52.027 +03:00 [INF] [2026-09-24 22:55:52.012] LISTENER STARTED: Passively waiting for analyzer connections on 0.0.0.0:5100...
2026-09-24 22:55:52.042 +03:00 [INF] [2026-09-24 22:55:52.042] LISTENER STARTED: Passively waiting for analyzer connections on 0.0.0.0:2575...
2026-09-24 22:55:52.185 +03:00 [INF] Now listening on: http://localhost:5010
2026-09-24 22:55:52.194 +03:00 [INF] Application started. Press Ctrl+C to shut down.
2026-09-24 22:55:52.200 +03:00 [INF] Hosting environment: Development
2026-09-24 22:55:52.206 +03:00 [INF] Content root path: C:\Users\ASUS\source\repos\CMS\src\CMS.API
2026-09-24 22:56:01.799 +03:00 [INF] Request starting HTTP/1.1 GET http://127.0.0.1:5010/api/v1/notifications - application/json null
2026-09-24 22:56:01.799 +03:00 [INF] Request starting HTTP/1.1 GET http://127.0.0.1:5010/api/v1/notifications - application/json null
2026-09-24 22:56:01.799 +03:00 [INF] Request starting HTTP/1.1 GET http://127.0.0.1:5010/api/v1/notifications - application/json null
2026-09-24 22:56:02.046 +03:00 [INF] Failed to validate the token.
Microsoft.IdentityModel.Tokens.SecurityTokenSignatureKeyNotFoundException: IDX10517: Signature validation failed. The token's kid is missing. Keys tried: 'Microsoft.IdentityModel.Tokens.SymmetricSecurityKey, KeyId: '', InternalId: 'VNGqhB7kZ75afXrNakqPyb1WYggzQUo6Cgi8Kx2i7Zs'. , KeyId: 
'. Number of keys in TokenValidationParameters: '1'. 
Number of keys in Configuration: '0'. 
Exceptions caught:
 '[PII of type 'System.Text.StringBuilder' is hidden. For more details, see https://aka.ms/IdentityModel/PII.]'.
token: '[PII of type 'Microsoft.IdentityModel.JsonWebTokens.JsonWebToken' is hidden. For more details, see https://aka.ms/IdentityModel/PII.]'. See https://aka.ms/IDX10503 for details.
   at Microsoft.IdentityModel.JsonWebTokens.JsonWebTokenHandler.ValidateSignature(JsonWebToken jwtToken, TokenValidationParameters validationParameters, BaseConfiguration configuration)
   at Microsoft.IdentityModel.JsonWebTokens.JsonWebTokenHandler.ValidateSignatureAndIssuerSecurityKey(JsonWebToken jsonWebToken, TokenValidationParameters validationParameters, BaseConfiguration configuration)
   at Microsoft.IdentityModel.JsonWebTokens.JsonWebTokenHandler.ValidateJWSAsync(JsonWebToken jsonWebToken, TokenValidationParameters validationParameters, BaseConfiguration configuration)
2026-09-24 22:56:02.046 +03:00 [INF] Failed to validate the token.
Microsoft.IdentityModel.Tokens.SecurityTokenSignatureKeyNotFoundException: IDX10517: Signature validation failed. The token's kid is missing. Keys tried: 'Microsoft.IdentityModel.Tokens.SymmetricSecurityKey, KeyId: '', InternalId: 'VNGqhB7kZ75afXrNakqPyb1WYggzQUo6Cgi8Kx2i7Zs'. , KeyId: 
'. Number of keys in TokenValidationParameters: '1'. 
Number of keys in Configuration: '0'. 
Exceptions caught:
 '[PII of type 'System.Text.StringBuilder' is hidden. For more details, see https://aka.ms/IdentityModel/PII.]'.
token: '[PII of type 'Microsoft.IdentityModel.JsonWebTokens.JsonWebToken' is hidden. For more details, see https://aka.ms/IdentityModel/PII.]'. See https://aka.ms/IDX10503 for details.
   at Microsoft.IdentityModel.JsonWebTokens.JsonWebTokenHandler.ValidateSignature(JsonWebToken jwtToken, TokenValidationParameters validationParameters, BaseConfiguration configuration)
   at Microsoft.IdentityModel.JsonWebTokens.JsonWebTokenHandler.ValidateSignatureAndIssuerSecurityKey(JsonWebToken jsonWebToken, TokenValidationParameters validationParameters, BaseConfiguration configuration)
   at Microsoft.IdentityModel.JsonWebTokens.JsonWebTokenHandler.ValidateJWSAsync(JsonWebToken jsonWebToken, TokenValidationParameters validationParameters, BaseConfiguration configuration)
2026-09-24 22:56:02.046 +03:00 [INF] Failed to validate the token.
Microsoft.IdentityModel.Tokens.SecurityTokenSignatureKeyNotFoundException: IDX10517: Signature validation failed. The token's kid is missing. Keys tried: 'Microsoft.IdentityModel.Tokens.SymmetricSecurityKey, KeyId: '', InternalId: 'VNGqhB7kZ75afXrNakqPyb1WYggzQUo6Cgi8Kx2i7Zs'. , KeyId: 
'. Number of keys in TokenValidationParameters: '1'. 
Number of keys in Configuration: '0'. 
Exceptions caught:
 '[PII of type 'System.Text.StringBuilder' is hidden. For more details, see https://aka.ms/IdentityModel/PII.]'.
token: '[PII of type 'Microsoft.IdentityModel.JsonWebTokens.JsonWebToken' is hidden. For more details, see https://aka.ms/IdentityModel/PII.]'. See https://aka.ms/IDX10503 for details.
   at Microsoft.IdentityModel.JsonWebTokens.JsonWebTokenHandler.ValidateSignature(JsonWebToken jwtToken, TokenValidationParameters validationParameters, BaseConfiguration configuration)
   at Microsoft.IdentityModel.JsonWebTokens.JsonWebTokenHandler.ValidateSignatureAndIssuerSecurityKey(JsonWebToken jsonWebToken, TokenValidationParameters validationParameters, BaseConfiguration configuration)
   at Microsoft.IdentityModel.JsonWebTokens.JsonWebTokenHandler.ValidateJWSAsync(JsonWebToken jsonWebToken, TokenValidationParameters validationParameters, BaseConfiguration configuration)
2026-09-24 22:56:02.060 +03:00 [INF] Bearer was not authenticated. Failure message: IDX10517: Signature validation failed. The token's kid is missing. Keys tried: 'Microsoft.IdentityModel.Tokens.SymmetricSecurityKey, KeyId: '', InternalId: 'VNGqhB7kZ75afXrNakqPyb1WYggzQUo6Cgi8Kx2i7Zs'. , KeyId: 
'. Number of keys in TokenValidationParameters: '1'. 
Number of keys in Configuration: '0'. 
Exceptions caught:
 '[PII of type 'System.Text.StringBuilder' is hidden. For more details, see https://aka.ms/IdentityModel/PII.]'.
token: '[PII of type 'Microsoft.IdentityModel.JsonWebTokens.JsonWebToken' is hidden. For more details, see https://aka.ms/IdentityModel/PII.]'. See https://aka.ms/IDX10503 for details.
2026-09-24 22:56:02.061 +03:00 [INF] Bearer was not authenticated. Failure message: IDX10517: Signature validation failed. The token's kid is missing. Keys tried: 'Microsoft.IdentityModel.Tokens.SymmetricSecurityKey, KeyId: '', InternalId: 'VNGqhB7kZ75afXrNakqPyb1WYggzQUo6Cgi8Kx2i7Zs'. , KeyId: 
'. Number of keys in TokenValidationParameters: '1'. 
Number of keys in Configuration: '0'. 
Exceptions caught:
 '[PII of type 'System.Text.StringBuilder' is hidden. For more details, see https://aka.ms/IdentityModel/PII.]'.
token: '[PII of type 'Microsoft.IdentityModel.JsonWebTokens.JsonWebToken' is hidden. For more details, see https://aka.ms/IdentityModel/PII.]'. See https://aka.ms/IDX10503 for details.
2026-09-24 22:56:02.068 +03:00 [INF] Bearer was not authenticated. Failure message: IDX10517: Signature validation failed. The token's kid is missing. Keys tried: 'Microsoft.IdentityModel.Tokens.SymmetricSecurityKey, KeyId: '', InternalId: 'VNGqhB7kZ75afXrNakqPyb1WYggzQUo6Cgi8Kx2i7Zs'. , KeyId: 
'. Number of keys in TokenValidationParameters: '1'. 
Number of keys in Configuration: '0'. 
Exceptions caught:
 '[PII of type 'System.Text.StringBuilder' is hidden. For more details, see https://aka.ms/IdentityModel/PII.]'.
token: '[PII of type 'Microsoft.IdentityModel.JsonWebTokens.JsonWebToken' is hidden. For more details, see https://aka.ms/IdentityModel/PII.]'. See https://aka.ms/IDX10503 for details.
2026-09-24 22:56:02.076 +03:00 [INF] Executing endpoint 'CMS.API.Controllers.NotificationsController.GetNotifications (CMS.API)'
2026-09-24 22:56:02.076 +03:00 [INF] Executing endpoint 'CMS.API.Controllers.NotificationsController.GetNotifications (CMS.API)'
2026-09-24 22:56:02.078 +03:00 [INF] Executing endpoint 'CMS.API.Controllers.NotificationsController.GetNotifications (CMS.API)'
2026-09-24 22:56:02.118 +03:00 [INF] Route matched with {action = "GetNotifications", controller = "Notifications"}. Executing controller action with signature System.Threading.Tasks.Task`1[Microsoft.AspNetCore.Mvc.IActionResult] GetNotifications(System.Nullable`1[System.Int32], System.String) on controller CMS.API.Controllers.NotificationsController (CMS.API).
2026-09-24 22:56:02.118 +03:00 [INF] Route matched with {action = "GetNotifications", controller = "Notifications"}. Executing controller action with signature System.Threading.Tasks.Task`1[Microsoft.AspNetCore.Mvc.IActionResult] GetNotifications(System.Nullable`1[System.Int32], System.String) on controller CMS.API.Controllers.NotificationsController (CMS.API).
2026-09-24 22:56:02.118 +03:00 [INF] Route matched with {action = "GetNotifications", controller = "Notifications"}. Executing controller action with signature System.Threading.Tasks.Task`1[Microsoft.AspNetCore.Mvc.IActionResult] GetNotifications(System.Nullable`1[System.Int32], System.String) on controller CMS.API.Controllers.NotificationsController (CMS.API).
2026-09-24 22:56:03.364 +03:00 [INF] Executing OkObjectResult, writing value of type 'CMS.Shared.DTOs.ApiResponse`1[[System.Collections.Generic.List`1[[CMS.Shared.DTOs.NotificationItemDto, CMS.Shared, Version=1.0.0.0, Culture=neutral, PublicKeyToken=null]], System.Private.CoreLib, Version=8.0.0.0, Culture=neutral, PublicKeyToken=7cec85d7bea7798e]]'.
2026-09-24 22:56:03.457 +03:00 [INF] Executed action CMS.API.Controllers.NotificationsController.GetNotifications (CMS.API) in 1321.1428ms
2026-09-24 22:56:03.468 +03:00 [INF] Executed endpoint 'CMS.API.Controllers.NotificationsController.GetNotifications (CMS.API)'
2026-09-24 22:56:03.475 +03:00 [INF] Request finished HTTP/1.1 GET http://127.0.0.1:5010/api/v1/notifications - 499 null application/json; charset=utf-8 1680.3574ms
2026-09-24 22:56:03.488 +03:00 [INF] Executing OkObjectResult, writing value of type 'CMS.Shared.DTOs.ApiResponse`1[[System.Collections.Generic.List`1[[CMS.Shared.DTOs.NotificationItemDto, CMS.Shared, Version=1.0.0.0, Culture=neutral, PublicKeyToken=null]], System.Private.CoreLib, Version=8.0.0.0, Culture=neutral, PublicKeyToken=7cec85d7bea7798e]]'.
2026-09-24 22:56:03.518 +03:00 [INF] Executed action CMS.API.Controllers.NotificationsController.GetNotifications (CMS.API) in 1378.6544ms
2026-09-24 22:56:03.528 +03:00 [INF] Executed endpoint 'CMS.API.Controllers.NotificationsController.GetNotifications (CMS.API)'
2026-09-24 22:56:03.532 +03:00 [INF] Request finished HTTP/1.1 GET http://127.0.0.1:5010/api/v1/notifications - 499 null application/json; charset=utf-8 1737.8839ms
2026-09-24 22:56:03.586 +03:00 [INF] Executing OkObjectResult, writing value of type 'CMS.Shared.DTOs.ApiResponse`1[[System.Collections.Generic.List`1[[CMS.Shared.DTOs.NotificationItemDto, CMS.Shared, Version=1.0.0.0, Culture=neutral, PublicKeyToken=null]], System.Private.CoreLib, Version=8.0.0.0, Culture=neutral, PublicKeyToken=7cec85d7bea7798e]]'.
2026-09-24 22:56:03.603 +03:00 [INF] Executed action CMS.API.Controllers.NotificationsController.GetNotifications (CMS.API) in 1478.3496ms
2026-09-24 22:56:03.606 +03:00 [INF] Executed endpoint 'CMS.API.Controllers.NotificationsController.GetNotifications (CMS.API)'
2026-09-24 22:56:03.608 +03:00 [INF] Request finished HTTP/1.1 GET http://127.0.0.1:5010/api/v1/notifications - 499 null application/json; charset=utf-8 1814.53ms
2026-09-24 22:56:12.301 +03:00 [INF] Request starting HTTP/1.1 GET http://127.0.0.1:5010/api/v1/notifications - application/json null
2026-09-24 22:56:15.324 +03:00 [INF] Failed to validate the token.
Microsoft.IdentityModel.Tokens.SecurityTokenSignatureKeyNotFoundException: IDX10517: Signature validation failed. The token's kid is missing. Keys tried: 'Microsoft.IdentityModel.Tokens.SymmetricSecurityKey, KeyId: '', InternalId: 'VNGqhB7kZ75afXrNakqPyb1WYggzQUo6Cgi8Kx2i7Zs'. , KeyId: 
'. Number of keys in TokenValidationParameters: '1'. 
Number of keys in Configuration: '0'. 
Exceptions caught:
 '[PII of type 'System.Text.StringBuilder' is hidden. For more details, see https://aka.ms/IdentityModel/PII.]'.
token: '[PII of type 'Microsoft.IdentityModel.JsonWebTokens.JsonWebToken' is hidden. For more details, see https://aka.ms/IdentityModel/PII.]'. See https://aka.ms/IDX10503 for details.
   at Microsoft.IdentityModel.JsonWebTokens.JsonWebTokenHandler.ValidateSignature(JsonWebToken jwtToken, TokenValidationParameters validationParameters, BaseConfiguration configuration)
   at Microsoft.IdentityModel.JsonWebTokens.JsonWebTokenHandler.ValidateSignatureAndIssuerSecurityKey(JsonWebToken jsonWebToken, TokenValidationParameters validationParameters, BaseConfiguration configuration)
   at Microsoft.IdentityModel.JsonWebTokens.JsonWebTokenHandler.ValidateJWSAsync(JsonWebToken jsonWebToken, TokenValidationParameters validationParameters, BaseConfiguration configuration)
2026-09-24 22:56:16.467 +03:00 [INF] Bearer was not authenticated. Failure message: IDX10517: Signature validation failed. The token's kid is missing. Keys tried: 'Microsoft.IdentityModel.Tokens.SymmetricSecurityKey, KeyId: '', InternalId: 'VNGqhB7kZ75afXrNakqPyb1WYggzQUo6Cgi8Kx2i7Zs'. , KeyId: 
'. Number of keys in TokenValidationParameters: '1'. 
Number of keys in Configuration: '0'. 
Exceptions caught:
 '[PII of type 'System.Text.StringBuilder' is hidden. For more details, see https://aka.ms/IdentityModel/PII.]'.
token: '[PII of type 'Microsoft.IdentityModel.JsonWebTokens.JsonWebToken' is hidden. For more details, see https://aka.ms/IdentityModel/PII.]'. See https://aka.ms/IDX10503 for details.
2026-09-24 22:56:16.668 +03:00 [INF] Executing endpoint 'CMS.API.Controllers.NotificationsController.GetNotifications (CMS.API)'
2026-09-24 22:56:16.913 +03:00 [INF] Route matched with {action = "GetNotifications", controller = "Notifications"}. Executing controller action with signature System.Threading.Tasks.Task`1[Microsoft.AspNetCore.Mvc.IActionResult] GetNotifications(System.Nullable`1[System.Int32], System.String) on controller CMS.API.Controllers.NotificationsController (CMS.API).
2026-09-24 22:56:17.150 +03:00 [INF] Executing OkObjectResult, writing value of type 'CMS.Shared.DTOs.ApiResponse`1[[System.Collections.Generic.List`1[[CMS.Shared.DTOs.NotificationItemDto, CMS.Shared, Version=1.0.0.0, Culture=neutral, PublicKeyToken=null]], System.Private.CoreLib, Version=8.0.0.0, Culture=neutral, PublicKeyToken=7cec85d7bea7798e]]'.
2026-09-24 22:56:17.350 +03:00 [INF] Executed action CMS.API.Controllers.NotificationsController.GetNotifications (CMS.API) in 209.9931ms
2026-09-24 22:56:17.408 +03:00 [INF] Executed endpoint 'CMS.API.Controllers.NotificationsController.GetNotifications (CMS.API)'
2026-09-24 22:56:17.425 +03:00 [INF] Request finished HTTP/1.1 GET http://127.0.0.1:5010/api/v1/notifications - 200 null application/json; charset=utf-8 5124.8179ms
2026-09-24 22:56:28.507 +03:00 [INF] Request starting HTTP/1.1 GET http://127.0.0.1:5010/api/v1/settings - null null
2026-09-24 22:56:28.507 +03:00 [INF] Request starting HTTP/1.1 GET http://127.0.0.1:5010/api/v1/notifications - application/json null
2026-09-24 22:56:28.508 +03:00 [INF] Request starting HTTP/1.1 GET http://127.0.0.1:5010/api/v1/dashboard/metrics - null null
2026-09-24 22:56:28.559 +03:00 [INF] Failed to validate the token.
Microsoft.IdentityModel.Tokens.SecurityTokenSignatureKeyNotFoundException: IDX10517: Signature validation failed. The token's kid is missing. Keys tried: 'Microsoft.IdentityModel.Tokens.SymmetricSecurityKey, KeyId: '', InternalId: 'VNGqhB7kZ75afXrNakqPyb1WYggzQUo6Cgi8Kx2i7Zs'. , KeyId: 
'. Number of keys in TokenValidationParameters: '1'. 
Number of keys in Configuration: '0'. 
Exceptions caught:
 '[PII of type 'System.Text.StringBuilder' is hidden. For more details, see https://aka.ms/IdentityModel/PII.]'.
token: '[PII of type 'Microsoft.IdentityModel.JsonWebTokens.JsonWebToken' is hidden. For more details, see https://aka.ms/IdentityModel/PII.]'. See https://aka.ms/IDX10503 for details.
   at Microsoft.IdentityModel.JsonWebTokens.JsonWebTokenHandler.ValidateSignature(JsonWebToken jwtToken, TokenValidationParameters validationParameters, BaseConfiguration configuration)
   at Microsoft.IdentityModel.JsonWebTokens.JsonWebTokenHandler.ValidateSignatureAndIssuerSecurityKey(JsonWebToken jsonWebToken, TokenValidationParameters validationParameters, BaseConfiguration configuration)
   at Microsoft.IdentityModel.JsonWebTokens.JsonWebTokenHandler.ValidateJWSAsync(JsonWebToken jsonWebToken, TokenValidationParameters validationParameters, BaseConfiguration configuration)
2026-09-24 22:56:28.577 +03:00 [INF] Failed to validate the token.
Microsoft.IdentityModel.Tokens.SecurityTokenSignatureKeyNotFoundException: IDX10517: Signature validation failed. The token's kid is missing. Keys tried: 'Microsoft.IdentityModel.Tokens.SymmetricSecurityKey, KeyId: '', InternalId: 'VNGqhB7kZ75afXrNakqPyb1WYggzQUo6Cgi8Kx2i7Zs'. , KeyId: 
'. Number of keys in TokenValidationParameters: '1'. 
Number of keys in Configuration: '0'. 
Exceptions caught:
 '[PII of type 'System.Text.StringBuilder' is hidden. For more details, see https://aka.ms/IdentityModel/PII.]'.
token: '[PII of type 'Microsoft.IdentityModel.JsonWebTokens.JsonWebToken' is hidden. For more details, see https://aka.ms/IdentityModel/PII.]'. See https://aka.ms/IDX10503 for details.
   at Microsoft.IdentityModel.JsonWebTokens.JsonWebTokenHandler.ValidateSignature(JsonWebToken jwtToken, TokenValidationParameters validationParameters, BaseConfiguration configuration)
   at Microsoft.IdentityModel.JsonWebTokens.JsonWebTokenHandler.ValidateSignatureAndIssuerSecurityKey(JsonWebToken jsonWebToken, TokenValidationParameters validationParameters, BaseConfiguration configuration)
   at Microsoft.IdentityModel.JsonWebTokens.JsonWebTokenHandler.ValidateJWSAsync(JsonWebToken jsonWebToken, TokenValidationParameters validationParameters, BaseConfiguration configuration)
2026-09-24 22:56:28.592 +03:00 [INF] Failed to validate the token.
Microsoft.IdentityModel.Tokens.SecurityTokenSignatureKeyNotFoundException: IDX10517: Signature validation failed. The token's kid is missing. Keys tried: 'Microsoft.IdentityModel.Tokens.SymmetricSecurityKey, KeyId: '', InternalId: 'VNGqhB7kZ75afXrNakqPyb1WYggzQUo6Cgi8Kx2i7Zs'. , KeyId: 
'. Number of keys in TokenValidationParameters: '1'. 
Number of keys in Configuration: '0'. 
Exceptions caught:
 '[PII of type 'System.Text.StringBuilder' is hidden. For more details, see https://aka.ms/IdentityModel/PII.]'.
token: '[PII of type 'Microsoft.IdentityModel.JsonWebTokens.JsonWebToken' is hidden. For more details, see https://aka.ms/IdentityModel/PII.]'. See https://aka.ms/IDX10503 for details.
   at Microsoft.IdentityModel.JsonWebTokens.JsonWebTokenHandler.ValidateSignature(JsonWebToken jwtToken, TokenValidationParameters validationParameters, BaseConfiguration configuration)
   at Microsoft.IdentityModel.JsonWebTokens.JsonWebTokenHandler.ValidateSignatureAndIssuerSecurityKey(JsonWebToken jsonWebToken, TokenValidationParameters validationParameters, BaseConfiguration configuration)
   at Microsoft.IdentityModel.JsonWebTokens.JsonWebTokenHandler.ValidateJWSAsync(JsonWebToken jsonWebToken, TokenValidationParameters validationParameters, BaseConfiguration configuration)
2026-09-24 22:56:28.604 +03:00 [INF] Bearer was not authenticated. Failure message: IDX10517: Signature validation failed. The token's kid is missing. Keys tried: 'Microsoft.IdentityModel.Tokens.SymmetricSecurityKey, KeyId: '', InternalId: 'VNGqhB7kZ75afXrNakqPyb1WYggzQUo6Cgi8Kx2i7Zs'. , KeyId: 
'. Number of keys in TokenValidationParameters: '1'. 
Number of keys in Configuration: '0'. 
Exceptions caught:
 '[PII of type 'System.Text.StringBuilder' is hidden. For more details, see https://aka.ms/IdentityModel/PII.]'.
token: '[PII of type 'Microsoft.IdentityModel.JsonWebTokens.JsonWebToken' is hidden. For more details, see https://aka.ms/IdentityModel/PII.]'. See https://aka.ms/IDX10503 for details.
2026-09-24 22:56:28.616 +03:00 [INF] Bearer was not authenticated. Failure message: IDX10517: Signature validation failed. The token's kid is missing. Keys tried: 'Microsoft.IdentityModel.Tokens.SymmetricSecurityKey, KeyId: '', InternalId: 'VNGqhB7kZ75afXrNakqPyb1WYggzQUo6Cgi8Kx2i7Zs'. , KeyId: 
'. Number of keys in TokenValidationParameters: '1'. 
Number of keys in Configuration: '0'. 
Exceptions caught:
 '[PII of type 'System.Text.StringBuilder' is hidden. For more details, see https://aka.ms/IdentityModel/PII.]'.
token: '[PII of type 'Microsoft.IdentityModel.JsonWebTokens.JsonWebToken' is hidden. For more details, see https://aka.ms/IdentityModel/PII.]'. See https://aka.ms/IDX10503 for details.
2026-09-24 22:56:28.624 +03:00 [INF] Bearer was not authenticated. Failure message: IDX10517: Signature validation failed. The token's kid is missing. Keys tried: 'Microsoft.IdentityModel.Tokens.SymmetricSecurityKey, KeyId: '', InternalId: 'VNGqhB7kZ75afXrNakqPyb1WYggzQUo6Cgi8Kx2i7Zs'. , KeyId: 
'. Number of keys in TokenValidationParameters: '1'. 
Number of keys in Configuration: '0'. 
Exceptions caught:
 '[PII of type 'System.Text.StringBuilder' is hidden. For more details, see https://aka.ms/IdentityModel/PII.]'.
token: '[PII of type 'Microsoft.IdentityModel.JsonWebTokens.JsonWebToken' is hidden. For more details, see https://aka.ms/IdentityModel/PII.]'. See https://aka.ms/IDX10503 for details.
2026-09-24 22:56:28.634 +03:00 [INF] Executing endpoint 'CMS.API.Controllers.SettingsController.GetSettings (CMS.API)'
2026-09-24 22:56:28.638 +03:00 [INF] Executing endpoint 'CMS.API.Controllers.NotificationsController.GetNotifications (CMS.API)'
2026-09-24 22:56:28.648 +03:00 [INF] Executing endpoint 'CMS.API.Controllers.DashboardController.GetMetrics (CMS.API)'
2026-09-24 22:56:28.657 +03:00 [INF] Route matched with {action = "GetNotifications", controller = "Notifications"}. Executing controller action with signature System.Threading.Tasks.Task`1[Microsoft.AspNetCore.Mvc.IActionResult] GetNotifications(System.Nullable`1[System.Int32], System.String) on controller CMS.API.Controllers.NotificationsController (CMS.API).
2026-09-24 22:56:28.663 +03:00 [INF] Route matched with {action = "GetSettings", controller = "Settings"}. Executing controller action with signature System.Threading.Tasks.Task`1[Microsoft.AspNetCore.Mvc.IActionResult] GetSettings() on controller CMS.API.Controllers.SettingsController (CMS.API).
2026-09-24 22:56:28.671 +03:00 [INF] Route matched with {action = "GetMetrics", controller = "Dashboard"}. Executing controller action with signature System.Threading.Tasks.Task`1[Microsoft.AspNetCore.Mvc.IActionResult] GetMetrics() on controller CMS.API.Controllers.DashboardController (CMS.API).
2026-09-24 22:56:28.673 +03:00 [INF] Executing OkObjectResult, writing value of type 'CMS.Shared.DTOs.ApiResponse`1[[System.Collections.Generic.List`1[[CMS.Shared.DTOs.NotificationItemDto, CMS.Shared, Version=1.0.0.0, Culture=neutral, PublicKeyToken=null]], System.Private.CoreLib, Version=8.0.0.0, Culture=neutral, PublicKeyToken=7cec85d7bea7798e]]'.
2026-09-24 22:56:28.693 +03:00 [INF] Executed action CMS.API.Controllers.NotificationsController.GetNotifications (CMS.API) in 23.4989ms
2026-09-24 22:56:28.701 +03:00 [INF] Executing OkObjectResult, writing value of type 'CMS.Shared.DTOs.ApiResponse`1[[System.Collections.Generic.List`1[[CMS.Shared.DTOs.ClinicSettingDto, CMS.Shared, Version=1.0.0.0, Culture=neutral, PublicKeyToken=null]], System.Private.CoreLib, Version=8.0.0.0, Culture=neutral, PublicKeyToken=7cec85d7bea7798e]]'.
2026-09-24 22:56:28.703 +03:00 [INF] Executed endpoint 'CMS.API.Controllers.NotificationsController.GetNotifications (CMS.API)'
2026-09-24 22:56:28.704 +03:00 [INF] Request starting HTTP/1.1 GET http://127.0.0.1:5010/api/v1/notifications - application/json null
2026-09-24 22:56:28.716 +03:00 [INF] Request finished HTTP/1.1 GET http://127.0.0.1:5010/api/v1/notifications - 200 null application/json; charset=utf-8 209.1574ms
2026-09-24 22:56:28.727 +03:00 [INF] Executed action CMS.API.Controllers.SettingsController.GetSettings (CMS.API) in 49.9533ms
2026-09-24 22:56:28.732 +03:00 [INF] Failed to validate the token.
Microsoft.IdentityModel.Tokens.SecurityTokenSignatureKeyNotFoundException: IDX10517: Signature validation failed. The token's kid is missing. Keys tried: 'Microsoft.IdentityModel.Tokens.SymmetricSecurityKey, KeyId: '', InternalId: 'VNGqhB7kZ75afXrNakqPyb1WYggzQUo6Cgi8Kx2i7Zs'. , KeyId: 
'. Number of keys in TokenValidationParameters: '1'. 
Number of keys in Configuration: '0'. 
Exceptions caught:
 '[PII of type 'System.Text.StringBuilder' is hidden. For more details, see https://aka.ms/IdentityModel/PII.]'.
token: '[PII of type 'Microsoft.IdentityModel.JsonWebTokens.JsonWebToken' is hidden. For more details, see https://aka.ms/IdentityModel/PII.]'. See https://aka.ms/IDX10503 for details.
   at Microsoft.IdentityModel.JsonWebTokens.JsonWebTokenHandler.ValidateSignature(JsonWebToken jwtToken, TokenValidationParameters validationParameters, BaseConfiguration configuration)
   at Microsoft.IdentityModel.JsonWebTokens.JsonWebTokenHandler.ValidateSignatureAndIssuerSecurityKey(JsonWebToken jsonWebToken, TokenValidationParameters validationParameters, BaseConfiguration configuration)
   at Microsoft.IdentityModel.JsonWebTokens.JsonWebTokenHandler.ValidateJWSAsync(JsonWebToken jsonWebToken, TokenValidationParameters validationParameters, BaseConfiguration configuration)
2026-09-24 22:56:28.738 +03:00 [INF] Request starting HTTP/1.1 GET http://127.0.0.1:5010/api/v1/settings - null null
2026-09-24 22:56:28.753 +03:00 [INF] Executed endpoint 'CMS.API.Controllers.SettingsController.GetSettings (CMS.API)'
2026-09-24 22:56:28.764 +03:00 [INF] Bearer was not authenticated. Failure message: IDX10517: Signature validation failed. The token's kid is missing. Keys tried: 'Microsoft.IdentityModel.Tokens.SymmetricSecurityKey, KeyId: '', InternalId: 'VNGqhB7kZ75afXrNakqPyb1WYggzQUo6Cgi8Kx2i7Zs'. , KeyId: 
'. Number of keys in TokenValidationParameters: '1'. 
Number of keys in Configuration: '0'. 
Exceptions caught:
 '[PII of type 'System.Text.StringBuilder' is hidden. For more details, see https://aka.ms/IdentityModel/PII.]'.
token: '[PII of type 'Microsoft.IdentityModel.JsonWebTokens.JsonWebToken' is hidden. For more details, see https://aka.ms/IdentityModel/PII.]'. See https://aka.ms/IDX10503 for details.
2026-09-24 22:56:28.777 +03:00 [INF] Executing endpoint 'CMS.API.Controllers.SettingsController.GetSettings (CMS.API)'
2026-09-24 22:56:28.783 +03:00 [INF] Request finished HTTP/1.1 GET http://127.0.0.1:5010/api/v1/settings - 200 null application/json; charset=utf-8 275.774ms
2026-09-24 22:56:28.788 +03:00 [INF] Executing endpoint 'CMS.API.Controllers.NotificationsController.GetNotifications (CMS.API)'
2026-09-24 22:56:28.793 +03:00 [INF] Route matched with {action = "GetSettings", controller = "Settings"}. Executing controller action with signature System.Threading.Tasks.Task`1[Microsoft.AspNetCore.Mvc.IActionResult] GetSettings() on controller CMS.API.Controllers.SettingsController (CMS.API).
2026-09-24 22:56:28.816 +03:00 [INF] Route matched with {action = "GetNotifications", controller = "Notifications"}. Executing controller action with signature System.Threading.Tasks.Task`1[Microsoft.AspNetCore.Mvc.IActionResult] GetNotifications(System.Nullable`1[System.Int32], System.String) on controller CMS.API.Controllers.NotificationsController (CMS.API).
2026-09-24 22:56:28.834 +03:00 [INF] Executing OkObjectResult, writing value of type 'CMS.Shared.DTOs.ApiResponse`1[[System.Collections.Generic.List`1[[CMS.Shared.DTOs.ClinicSettingDto, CMS.Shared, Version=1.0.0.0, Culture=neutral, PublicKeyToken=null]], System.Private.CoreLib, Version=8.0.0.0, Culture=neutral, PublicKeyToken=7cec85d7bea7798e]]'.
2026-09-24 22:56:28.850 +03:00 [INF] Executing OkObjectResult, writing value of type 'CMS.Shared.DTOs.ApiResponse`1[[System.Collections.Generic.List`1[[CMS.Shared.DTOs.NotificationItemDto, CMS.Shared, Version=1.0.0.0, Culture=neutral, PublicKeyToken=null]], System.Private.CoreLib, Version=8.0.0.0, Culture=neutral, PublicKeyToken=7cec85d7bea7798e]]'.
2026-09-24 22:56:28.857 +03:00 [INF] Executed action CMS.API.Controllers.SettingsController.GetSettings (CMS.API) in 31.2009ms
2026-09-24 22:56:28.868 +03:00 [INF] Request starting HTTP/1.1 GET http://127.0.0.1:5010/api/v1/settings - null null
2026-09-24 22:56:28.869 +03:00 [INF] Executed action CMS.API.Controllers.NotificationsController.GetNotifications (CMS.API) in 25.8792ms
2026-09-24 22:56:28.877 +03:00 [INF] Executed endpoint 'CMS.API.Controllers.SettingsController.GetSettings (CMS.API)'
2026-09-24 22:56:28.893 +03:00 [INF] Failed to validate the token.
Microsoft.IdentityModel.Tokens.SecurityTokenSignatureKeyNotFoundException: IDX10517: Signature validation failed. The token's kid is missing. Keys tried: 'Microsoft.IdentityModel.Tokens.SymmetricSecurityKey, KeyId: '', InternalId: 'VNGqhB7kZ75afXrNakqPyb1WYggzQUo6Cgi8Kx2i7Zs'. , KeyId: 
'. Number of keys in TokenValidationParameters: '1'. 
Number of keys in Configuration: '0'. 
Exceptions caught:
 '[PII of type 'System.Text.StringBuilder' is hidden. For more details, see https://aka.ms/IdentityModel/PII.]'.
token: '[PII of type 'Microsoft.IdentityModel.JsonWebTokens.JsonWebToken' is hidden. For more details, see https://aka.ms/IdentityModel/PII.]'. See https://aka.ms/IDX10503 for details.
   at Microsoft.IdentityModel.JsonWebTokens.JsonWebTokenHandler.ValidateSignature(JsonWebToken jwtToken, TokenValidationParameters validationParameters, BaseConfiguration configuration)
   at Microsoft.IdentityModel.JsonWebTokens.JsonWebTokenHandler.ValidateSignatureAndIssuerSecurityKey(JsonWebToken jsonWebToken, TokenValidationParameters validationParameters, BaseConfiguration configuration)
   at Microsoft.IdentityModel.JsonWebTokens.JsonWebTokenHandler.ValidateJWSAsync(JsonWebToken jsonWebToken, TokenValidationParameters validationParameters, BaseConfiguration configuration)
2026-09-24 22:56:28.898 +03:00 [INF] Executed endpoint 'CMS.API.Controllers.NotificationsController.GetNotifications (CMS.API)'
2026-09-24 22:56:28.907 +03:00 [INF] Request finished HTTP/1.1 GET http://127.0.0.1:5010/api/v1/settings - 200 null application/json; charset=utf-8 169.6575ms
2026-09-24 22:56:28.926 +03:00 [INF] Bearer was not authenticated. Failure message: IDX10517: Signature validation failed. The token's kid is missing. Keys tried: 'Microsoft.IdentityModel.Tokens.SymmetricSecurityKey, KeyId: '', InternalId: 'VNGqhB7kZ75afXrNakqPyb1WYggzQUo6Cgi8Kx2i7Zs'. , KeyId: 
'. Number of keys in TokenValidationParameters: '1'. 
Number of keys in Configuration: '0'. 
Exceptions caught:
 '[PII of type 'System.Text.StringBuilder' is hidden. For more details, see https://aka.ms/IdentityModel/PII.]'.
token: '[PII of type 'Microsoft.IdentityModel.JsonWebTokens.JsonWebToken' is hidden. For more details, see https://aka.ms/IdentityModel/PII.]'. See https://aka.ms/IDX10503 for details.
2026-09-24 22:56:28.932 +03:00 [INF] Request finished HTTP/1.1 GET http://127.0.0.1:5010/api/v1/notifications - 200 null application/json; charset=utf-8 227.6414ms
2026-09-24 22:56:28.956 +03:00 [INF] Executing endpoint 'CMS.API.Controllers.SettingsController.GetSettings (CMS.API)'
2026-09-24 22:56:28.999 +03:00 [INF] Executing OkObjectResult, writing value of type 'CMS.Shared.DTOs.ApiResponse`1[[CMS.Shared.DTOs.DashboardMetricsDto, CMS.Shared, Version=1.0.0.0, Culture=neutral, PublicKeyToken=null]]'.
2026-09-24 22:56:29.007 +03:00 [INF] Route matched with {action = "GetSettings", controller = "Settings"}. Executing controller action with signature System.Threading.Tasks.Task`1[Microsoft.AspNetCore.Mvc.IActionResult] GetSettings() on controller CMS.API.Controllers.SettingsController (CMS.API).
2026-09-24 22:56:29.030 +03:00 [INF] Executing OkObjectResult, writing value of type 'CMS.Shared.DTOs.ApiResponse`1[[System.Collections.Generic.List`1[[CMS.Shared.DTOs.ClinicSettingDto, CMS.Shared, Version=1.0.0.0, Culture=neutral, PublicKeyToken=null]], System.Private.CoreLib, Version=8.0.0.0, Culture=neutral, PublicKeyToken=7cec85d7bea7798e]]'.
2026-09-24 22:56:29.042 +03:00 [INF] Executed action CMS.API.Controllers.SettingsController.GetSettings (CMS.API) in 19.6314ms
2026-09-24 22:56:29.057 +03:00 [INF] Executed endpoint 'CMS.API.Controllers.SettingsController.GetSettings (CMS.API)'
2026-09-24 22:56:29.065 +03:00 [INF] Request starting HTTP/1.1 GET http://127.0.0.1:5010/api/v1/settings - null null
2026-09-24 22:56:29.068 +03:00 [INF] Request finished HTTP/1.1 GET http://127.0.0.1:5010/api/v1/settings - 200 null application/json; charset=utf-8 199.6675ms
2026-09-24 22:56:29.090 +03:00 [INF] Failed to validate the token.
Microsoft.IdentityModel.Tokens.SecurityTokenSignatureKeyNotFoundException: IDX10517: Signature validation failed. The token's kid is missing. Keys tried: 'Microsoft.IdentityModel.Tokens.SymmetricSecurityKey, KeyId: '', InternalId: 'VNGqhB7kZ75afXrNakqPyb1WYggzQUo6Cgi8Kx2i7Zs'. , KeyId: 
'. Number of keys in TokenValidationParameters: '1'. 
Number of keys in Configuration: '0'. 
Exceptions caught:
 '[PII of type 'System.Text.StringBuilder' is hidden. For more details, see https://aka.ms/IdentityModel/PII.]'.
token: '[PII of type 'Microsoft.IdentityModel.JsonWebTokens.JsonWebToken' is hidden. For more details, see https://aka.ms/IdentityModel/PII.]'. See https://aka.ms/IDX10503 for details.
   at Microsoft.IdentityModel.JsonWebTokens.JsonWebTokenHandler.ValidateSignature(JsonWebToken jwtToken, TokenValidationParameters validationParameters, BaseConfiguration configuration)
   at Microsoft.IdentityModel.JsonWebTokens.JsonWebTokenHandler.ValidateSignatureAndIssuerSecurityKey(JsonWebToken jsonWebToken, TokenValidationParameters validationParameters, BaseConfiguration configuration)
   at Microsoft.IdentityModel.JsonWebTokens.JsonWebTokenHandler.ValidateJWSAsync(JsonWebToken jsonWebToken, TokenValidationParameters validationParameters, BaseConfiguration configuration)
2026-09-24 22:56:29.140 +03:00 [INF] Bearer was not authenticated. Failure message: IDX10517: Signature validation failed. The token's kid is missing. Keys tried: 'Microsoft.IdentityModel.Tokens.SymmetricSecurityKey, KeyId: '', InternalId: 'VNGqhB7kZ75afXrNakqPyb1WYggzQUo6Cgi8Kx2i7Zs'. , KeyId: 
'. Number of keys in TokenValidationParameters: '1'. 
Number of keys in Configuration: '0'. 
Exceptions caught:
 '[PII of type 'System.Text.StringBuilder' is hidden. For more details, see https://aka.ms/IdentityModel/PII.]'.
token: '[PII of type 'Microsoft.IdentityModel.JsonWebTokens.JsonWebToken' is hidden. For more details, see https://aka.ms/IdentityModel/PII.]'. See https://aka.ms/IDX10503 for details.
2026-09-24 22:56:29.146 +03:00 [INF] Executing endpoint 'CMS.API.Controllers.SettingsController.GetSettings (CMS.API)'
2026-09-24 22:56:29.152 +03:00 [INF] Route matched with {action = "GetSettings", controller = "Settings"}. Executing controller action with signature System.Threading.Tasks.Task`1[Microsoft.AspNetCore.Mvc.IActionResult] GetSettings() on controller CMS.API.Controllers.SettingsController (CMS.API).
2026-09-24 22:56:29.166 +03:00 [INF] Executing OkObjectResult, writing value of type 'CMS.Shared.DTOs.ApiResponse`1[[System.Collections.Generic.List`1[[CMS.Shared.DTOs.ClinicSettingDto, CMS.Shared, Version=1.0.0.0, Culture=neutral, PublicKeyToken=null]], System.Private.CoreLib, Version=8.0.0.0, Culture=neutral, PublicKeyToken=7cec85d7bea7798e]]'.
2026-09-24 22:56:29.173 +03:00 [INF] Executed action CMS.API.Controllers.SettingsController.GetSettings (CMS.API) in 11.1457ms
2026-09-24 22:56:29.174 +03:00 [INF] Executed action CMS.API.Controllers.DashboardController.GetMetrics (CMS.API) in 488.7148ms
2026-09-24 22:56:29.182 +03:00 [INF] Executed endpoint 'CMS.API.Controllers.SettingsController.GetSettings (CMS.API)'
2026-09-24 22:56:29.193 +03:00 [INF] Executed endpoint 'CMS.API.Controllers.DashboardController.GetMetrics (CMS.API)'
2026-09-24 22:56:29.197 +03:00 [INF] Request starting HTTP/1.1 GET http://127.0.0.1:5010/api/v1/settings - null null
2026-09-24 22:56:29.197 +03:00 [INF] Request starting HTTP/1.1 GET http://127.0.0.1:5010/api/v1/dashboard/metrics - null null
2026-09-24 22:56:29.201 +03:00 [INF] Request finished HTTP/1.1 GET http://127.0.0.1:5010/api/v1/settings - 200 null application/json; charset=utf-8 136.0997ms
2026-09-24 22:56:29.208 +03:00 [INF] Request finished HTTP/1.1 GET http://127.0.0.1:5010/api/v1/dashboard/metrics - 200 null application/json; charset=utf-8 700.3037ms
2026-09-24 22:56:29.225 +03:00 [INF] Executing endpoint 'CMS.API.Controllers.SettingsController.GetSettings (CMS.API)'
2026-09-24 22:56:29.243 +03:00 [INF] Failed to validate the token.
Microsoft.IdentityModel.Tokens.SecurityTokenSignatureKeyNotFoundException: IDX10517: Signature validation failed. The token's kid is missing. Keys tried: 'Microsoft.IdentityModel.Tokens.SymmetricSecurityKey, KeyId: '', InternalId: 'VNGqhB7kZ75afXrNakqPyb1WYggzQUo6Cgi8Kx2i7Zs'. , KeyId: 
'. Number of keys in TokenValidationParameters: '1'. 
Number of keys in Configuration: '0'. 
Exceptions caught:
 '[PII of type 'System.Text.StringBuilder' is hidden. For more details, see https://aka.ms/IdentityModel/PII.]'.
token: '[PII of type 'Microsoft.IdentityModel.JsonWebTokens.JsonWebToken' is hidden. For more details, see https://aka.ms/IdentityModel/PII.]'. See https://aka.ms/IDX10503 for details.
   at Microsoft.IdentityModel.JsonWebTokens.JsonWebTokenHandler.ValidateSignature(JsonWebToken jwtToken, TokenValidationParameters validationParameters, BaseConfiguration configuration)
   at Microsoft.IdentityModel.JsonWebTokens.JsonWebTokenHandler.ValidateSignatureAndIssuerSecurityKey(JsonWebToken jsonWebToken, TokenValidationParameters validationParameters, BaseConfiguration configuration)
   at Microsoft.IdentityModel.JsonWebTokens.JsonWebTokenHandler.ValidateJWSAsync(JsonWebToken jsonWebToken, TokenValidationParameters validationParameters, BaseConfiguration configuration)
2026-09-24 22:56:29.293 +03:00 [INF] Route matched with {action = "GetSettings", controller = "Settings"}. Executing controller action with signature System.Threading.Tasks.Task`1[Microsoft.AspNetCore.Mvc.IActionResult] GetSettings() on controller CMS.API.Controllers.SettingsController (CMS.API).
2026-09-24 22:56:29.312 +03:00 [INF] Bearer was not authenticated. Failure message: IDX10517: Signature validation failed. The token's kid is missing. Keys tried: 'Microsoft.IdentityModel.Tokens.SymmetricSecurityKey, KeyId: '', InternalId: 'VNGqhB7kZ75afXrNakqPyb1WYggzQUo6Cgi8Kx2i7Zs'. , KeyId: 
'. Number of keys in TokenValidationParameters: '1'. 
Number of keys in Configuration: '0'. 
Exceptions caught:
 '[PII of type 'System.Text.StringBuilder' is hidden. For more details, see https://aka.ms/IdentityModel/PII.]'.
token: '[PII of type 'Microsoft.IdentityModel.JsonWebTokens.JsonWebToken' is hidden. For more details, see https://aka.ms/IdentityModel/PII.]'. See https://aka.ms/IDX10503 for details.
2026-09-24 22:56:29.325 +03:00 [INF] Executing OkObjectResult, writing value of type 'CMS.Shared.DTOs.ApiResponse`1[[System.Collections.Generic.List`1[[CMS.Shared.DTOs.ClinicSettingDto, CMS.Shared, Version=1.0.0.0, Culture=neutral, PublicKeyToken=null]], System.Private.CoreLib, Version=8.0.0.0, Culture=neutral, PublicKeyToken=7cec85d7bea7798e]]'.
2026-09-24 22:56:29.327 +03:00 [INF] Executing endpoint 'CMS.API.Controllers.DashboardController.GetMetrics (CMS.API)'
2026-09-24 22:56:29.335 +03:00 [INF] Executed action CMS.API.Controllers.SettingsController.GetSettings (CMS.API) in 14.1883ms
2026-09-24 22:56:29.341 +03:00 [INF] Route matched with {action = "GetMetrics", controller = "Dashboard"}. Executing controller action with signature System.Threading.Tasks.Task`1[Microsoft.AspNetCore.Mvc.IActionResult] GetMetrics() on controller CMS.API.Controllers.DashboardController (CMS.API).
2026-09-24 22:56:29.347 +03:00 [INF] Request starting HTTP/1.1 GET http://127.0.0.1:5010/api/v1/settings - null null
2026-09-24 22:56:29.349 +03:00 [INF] Executed endpoint 'CMS.API.Controllers.SettingsController.GetSettings (CMS.API)'
2026-09-24 22:56:29.382 +03:00 [INF] Failed to validate the token.
Microsoft.IdentityModel.Tokens.SecurityTokenSignatureKeyNotFoundException: IDX10517: Signature validation failed. The token's kid is missing. Keys tried: 'Microsoft.IdentityModel.Tokens.SymmetricSecurityKey, KeyId: '', InternalId: 'VNGqhB7kZ75afXrNakqPyb1WYggzQUo6Cgi8Kx2i7Zs'. , KeyId: 
'. Number of keys in TokenValidationParameters: '1'. 
Number of keys in Configuration: '0'. 
Exceptions caught:
 '[PII of type 'System.Text.StringBuilder' is hidden. For more details, see https://aka.ms/IdentityModel/PII.]'.
token: '[PII of type 'Microsoft.IdentityModel.JsonWebTokens.JsonWebToken' is hidden. For more details, see https://aka.ms/IdentityModel/PII.]'. See https://aka.ms/IDX10503 for details.
   at Microsoft.IdentityModel.JsonWebTokens.JsonWebTokenHandler.ValidateSignature(JsonWebToken jwtToken, TokenValidationParameters validationParameters, BaseConfiguration configuration)
   at Microsoft.IdentityModel.JsonWebTokens.JsonWebTokenHandler.ValidateSignatureAndIssuerSecurityKey(JsonWebToken jsonWebToken, TokenValidationParameters validationParameters, BaseConfiguration configuration)
   at Microsoft.IdentityModel.JsonWebTokens.JsonWebTokenHandler.ValidateJWSAsync(JsonWebToken jsonWebToken, TokenValidationParameters validationParameters, BaseConfiguration configuration)
2026-09-24 22:56:29.383 +03:00 [INF] Request finished HTTP/1.1 GET http://127.0.0.1:5010/api/v1/settings - 200 null application/json; charset=utf-8 185.5049ms
2026-09-24 22:56:29.397 +03:00 [INF] Executing OkObjectResult, writing value of type 'CMS.Shared.DTOs.ApiResponse`1[[CMS.Shared.DTOs.DashboardMetricsDto, CMS.Shared, Version=1.0.0.0, Culture=neutral, PublicKeyToken=null]]'.
2026-09-24 22:56:29.407 +03:00 [INF] Bearer was not authenticated. Failure message: IDX10517: Signature validation failed. The token's kid is missing. Keys tried: 'Microsoft.IdentityModel.Tokens.SymmetricSecurityKey, KeyId: '', InternalId: 'VNGqhB7kZ75afXrNakqPyb1WYggzQUo6Cgi8Kx2i7Zs'. , KeyId: 
'. Number of keys in TokenValidationParameters: '1'. 
Number of keys in Configuration: '0'. 
Exceptions caught:
 '[PII of type 'System.Text.StringBuilder' is hidden. For more details, see https://aka.ms/IdentityModel/PII.]'.
token: '[PII of type 'Microsoft.IdentityModel.JsonWebTokens.JsonWebToken' is hidden. For more details, see https://aka.ms/IdentityModel/PII.]'. See https://aka.ms/IDX10503 for details.
2026-09-24 22:56:29.430 +03:00 [INF] Executed action CMS.API.Controllers.DashboardController.GetMetrics (CMS.API) in 70.9253ms
2026-09-24 22:56:29.439 +03:00 [INF] Executing endpoint 'CMS.API.Controllers.SettingsController.GetSettings (CMS.API)'
2026-09-24 22:56:29.450 +03:00 [INF] Executed endpoint 'CMS.API.Controllers.DashboardController.GetMetrics (CMS.API)'
2026-09-24 22:56:29.455 +03:00 [INF] Route matched with {action = "GetSettings", controller = "Settings"}. Executing controller action with signature System.Threading.Tasks.Task`1[Microsoft.AspNetCore.Mvc.IActionResult] GetSettings() on controller CMS.API.Controllers.SettingsController (CMS.API).
2026-09-24 22:56:29.459 +03:00 [INF] Request finished HTTP/1.1 GET http://127.0.0.1:5010/api/v1/dashboard/metrics - 200 null application/json; charset=utf-8 262.3193ms
2026-09-24 22:56:29.487 +03:00 [INF] Executing OkObjectResult, writing value of type 'CMS.Shared.DTOs.ApiResponse`1[[System.Collections.Generic.List`1[[CMS.Shared.DTOs.ClinicSettingDto, CMS.Shared, Version=1.0.0.0, Culture=neutral, PublicKeyToken=null]], System.Private.CoreLib, Version=8.0.0.0, Culture=neutral, PublicKeyToken=7cec85d7bea7798e]]'.
2026-09-24 22:56:29.548 +03:00 [INF] Executed action CMS.API.Controllers.SettingsController.GetSettings (CMS.API) in 72.4434ms
2026-09-24 22:56:29.560 +03:00 [INF] Executed endpoint 'CMS.API.Controllers.SettingsController.GetSettings (CMS.API)'
2026-09-24 22:56:29.566 +03:00 [INF] Request finished HTTP/1.1 GET http://127.0.0.1:5010/api/v1/settings - 200 null application/json; charset=utf-8 218.768ms
2026-09-24 22:56:36.793 +03:00 [INF] Request starting HTTP/1.1 GET http://127.0.0.1:5010/api/v1/patients/search?q= - application/json null
2026-09-24 22:56:36.960 +03:00 [INF] Failed to validate the token.
Microsoft.IdentityModel.Tokens.SecurityTokenSignatureKeyNotFoundException: IDX10517: Signature validation failed. The token's kid is missing. Keys tried: 'Microsoft.IdentityModel.Tokens.SymmetricSecurityKey, KeyId: '', InternalId: 'VNGqhB7kZ75afXrNakqPyb1WYggzQUo6Cgi8Kx2i7Zs'. , KeyId: 
'. Number of keys in TokenValidationParameters: '1'. 
Number of keys in Configuration: '0'. 
Exceptions caught:
 '[PII of type 'System.Text.StringBuilder' is hidden. For more details, see https://aka.ms/IdentityModel/PII.]'.
token: '[PII of type 'Microsoft.IdentityModel.JsonWebTokens.JsonWebToken' is hidden. For more details, see https://aka.ms/IdentityModel/PII.]'. See https://aka.ms/IDX10503 for details.
   at Microsoft.IdentityModel.JsonWebTokens.JsonWebTokenHandler.ValidateSignature(JsonWebToken jwtToken, TokenValidationParameters validationParameters, BaseConfiguration configuration)
   at Microsoft.IdentityModel.JsonWebTokens.JsonWebTokenHandler.ValidateSignatureAndIssuerSecurityKey(JsonWebToken jsonWebToken, TokenValidationParameters validationParameters, BaseConfiguration configuration)
   at Microsoft.IdentityModel.JsonWebTokens.JsonWebTokenHandler.ValidateJWSAsync(JsonWebToken jsonWebToken, TokenValidationParameters validationParameters, BaseConfiguration configuration)
2026-09-24 22:56:37.997 +03:00 [INF] Bearer was not authenticated. Failure message: IDX10517: Signature validation failed. The token's kid is missing. Keys tried: 'Microsoft.IdentityModel.Tokens.SymmetricSecurityKey, KeyId: '', InternalId: 'VNGqhB7kZ75afXrNakqPyb1WYggzQUo6Cgi8Kx2i7Zs'. , KeyId: 
'. Number of keys in TokenValidationParameters: '1'. 
Number of keys in Configuration: '0'. 
Exceptions caught:
 '[PII of type 'System.Text.StringBuilder' is hidden. For more details, see https://aka.ms/IdentityModel/PII.]'.
token: '[PII of type 'Microsoft.IdentityModel.JsonWebTokens.JsonWebToken' is hidden. For more details, see https://aka.ms/IdentityModel/PII.]'. See https://aka.ms/IDX10503 for details.
2026-09-24 22:56:38.196 +03:00 [INF] Executing endpoint 'CMS.API.Controllers.PatientsController.Search (CMS.API)'
2026-09-24 22:56:38.800 +03:00 [INF] Route matched with {action = "Search", controller = "Patients"}. Executing controller action with signature System.Threading.Tasks.Task`1[Microsoft.AspNetCore.Mvc.IActionResult] Search(System.String, Int32, Int32) on controller CMS.API.Controllers.PatientsController (CMS.API).
2026-09-24 22:56:40.963 +03:00 [INF] Executing OkObjectResult, writing value of type 'CMS.Shared.DTOs.ApiResponse`1[[System.Collections.Generic.List`1[[CMS.Shared.DTOs.PatientDto, CMS.Shared, Version=1.0.0.0, Culture=neutral, PublicKeyToken=null]], System.Private.CoreLib, Version=8.0.0.0, Culture=neutral, PublicKeyToken=7cec85d7bea7798e]]'.
2026-09-24 22:56:41.146 +03:00 [INF] Executed action CMS.API.Controllers.PatientsController.Search (CMS.API) in 486.9269ms
2026-09-24 22:56:41.155 +03:00 [INF] Executed endpoint 'CMS.API.Controllers.PatientsController.Search (CMS.API)'
2026-09-24 22:56:41.159 +03:00 [INF] Request finished HTTP/1.1 GET http://127.0.0.1:5010/api/v1/patients/search?q= - 200 null application/json; charset=utf-8 4365.8808ms
2026-09-24 22:56:43.521 +03:00 [INF] Request starting HTTP/1.1 GET http://127.0.0.1:5010/api/v1/notifications - application/json null
2026-09-24 22:56:43.556 +03:00 [INF] Failed to validate the token.
Microsoft.IdentityModel.Tokens.SecurityTokenSignatureKeyNotFoundException: IDX10517: Signature validation failed. The token's kid is missing. Keys tried: 'Microsoft.IdentityModel.Tokens.SymmetricSecurityKey, KeyId: '', InternalId: 'VNGqhB7kZ75afXrNakqPyb1WYggzQUo6Cgi8Kx2i7Zs'. , KeyId: 
'. Number of keys in TokenValidationParameters: '1'. 
Number of keys in Configuration: '0'. 
Exceptions caught:
 '[PII of type 'System.Text.StringBuilder' is hidden. For more details, see https://aka.ms/IdentityModel/PII.]'.
token: '[PII of type 'Microsoft.IdentityModel.JsonWebTokens.JsonWebToken' is hidden. For more details, see https://aka.ms/IdentityModel/PII.]'. See https://aka.ms/IDX10503 for details.
   at Microsoft.IdentityModel.JsonWebTokens.JsonWebTokenHandler.ValidateSignature(JsonWebToken jwtToken, TokenValidationParameters validationParameters, BaseConfiguration configuration)
   at Microsoft.IdentityModel.JsonWebTokens.JsonWebTokenHandler.ValidateSignatureAndIssuerSecurityKey(JsonWebToken jsonWebToken, TokenValidationParameters validationParameters, BaseConfiguration configuration)
   at Microsoft.IdentityModel.JsonWebTokens.JsonWebTokenHandler.ValidateJWSAsync(JsonWebToken jsonWebToken, TokenValidationParameters validationParameters, BaseConfiguration configuration)
2026-09-24 22:56:43.574 +03:00 [INF] Bearer was not authenticated. Failure message: IDX10517: Signature validation failed. The token's kid is missing. Keys tried: 'Microsoft.IdentityModel.Tokens.SymmetricSecurityKey, KeyId: '', InternalId: 'VNGqhB7kZ75afXrNakqPyb1WYggzQUo6Cgi8Kx2i7Zs'. , KeyId: 
'. Number of keys in TokenValidationParameters: '1'. 
Number of keys in Configuration: '0'. 
Exceptions caught:
 '[PII of type 'System.Text.StringBuilder' is hidden. For more details, see https://aka.ms/IdentityModel/PII.]'.
token: '[PII of type 'Microsoft.IdentityModel.JsonWebTokens.JsonWebToken' is hidden. For more details, see https://aka.ms/IdentityModel/PII.]'. See https://aka.ms/IDX10503 for details.
2026-09-24 22:56:43.578 +03:00 [INF] Executing endpoint 'CMS.API.Controllers.NotificationsController.GetNotifications (CMS.API)'
2026-09-24 22:56:43.582 +03:00 [INF] Route matched with {action = "GetNotifications", controller = "Notifications"}. Executing controller action with signature System.Threading.Tasks.Task`1[Microsoft.AspNetCore.Mvc.IActionResult] GetNotifications(System.Nullable`1[System.Int32], System.String) on controller CMS.API.Controllers.NotificationsController (CMS.API).
2026-09-24 22:56:43.598 +03:00 [INF] Executing OkObjectResult, writing value of type 'CMS.Shared.DTOs.ApiResponse`1[[System.Collections.Generic.List`1[[CMS.Shared.DTOs.NotificationItemDto, CMS.Shared, Version=1.0.0.0, Culture=neutral, PublicKeyToken=null]], System.Private.CoreLib, Version=8.0.0.0, Culture=neutral, PublicKeyToken=7cec85d7bea7798e]]'.
2026-09-24 22:56:43.602 +03:00 [INF] Executed action CMS.API.Controllers.NotificationsController.GetNotifications (CMS.API) in 15.136ms
2026-09-24 22:56:43.607 +03:00 [INF] Executed endpoint 'CMS.API.Controllers.NotificationsController.GetNotifications (CMS.API)'
2026-09-24 22:56:43.610 +03:00 [INF] Request finished HTTP/1.1 GET http://127.0.0.1:5010/api/v1/notifications - 200 null application/json; charset=utf-8 89.1928ms
2026-09-24 22:56:58.528 +03:00 [INF] Request starting HTTP/1.1 GET http://127.0.0.1:5010/api/v1/notifications - application/json null
2026-09-24 22:56:58.584 +03:00 [INF] Failed to validate the token.
Microsoft.IdentityModel.Tokens.SecurityTokenSignatureKeyNotFoundException: IDX10517: Signature validation failed. The token's kid is missing. Keys tried: 'Microsoft.IdentityModel.Tokens.SymmetricSecurityKey, KeyId: '', InternalId: 'VNGqhB7kZ75afXrNakqPyb1WYggzQUo6Cgi8Kx2i7Zs'. , KeyId: 
'. Number of keys in TokenValidationParameters: '1'. 
Number of keys in Configuration: '0'. 
Exceptions caught:
 '[PII of type 'System.Text.StringBuilder' is hidden. For more details, see https://aka.ms/IdentityModel/PII.]'.
token: '[PII of type 'Microsoft.IdentityModel.JsonWebTokens.JsonWebToken' is hidden. For more details, see https://aka.ms/IdentityModel/PII.]'. See https://aka.ms/IDX10503 for details.
   at Microsoft.IdentityModel.JsonWebTokens.JsonWebTokenHandler.ValidateSignature(JsonWebToken jwtToken, TokenValidationParameters validationParameters, BaseConfiguration configuration)
   at Microsoft.IdentityModel.JsonWebTokens.JsonWebTokenHandler.ValidateSignatureAndIssuerSecurityKey(JsonWebToken jsonWebToken, TokenValidationParameters validationParameters, BaseConfiguration configuration)
   at Microsoft.IdentityModel.JsonWebTokens.JsonWebTokenHandler.ValidateJWSAsync(JsonWebToken jsonWebToken, TokenValidationParameters validationParameters, BaseConfiguration configuration)
2026-09-24 22:56:58.620 +03:00 [INF] Bearer was not authenticated. Failure message: IDX10517: Signature validation failed. The token's kid is missing. Keys tried: 'Microsoft.IdentityModel.Tokens.SymmetricSecurityKey, KeyId: '', InternalId: 'VNGqhB7kZ75afXrNakqPyb1WYggzQUo6Cgi8Kx2i7Zs'. , KeyId: 
'. Number of keys in TokenValidationParameters: '1'. 
Number of keys in Configuration: '0'. 
Exceptions caught:
 '[PII of type 'System.Text.StringBuilder' is hidden. For more details, see https://aka.ms/IdentityModel/PII.]'.
token: '[PII of type 'Microsoft.IdentityModel.JsonWebTokens.JsonWebToken' is hidden. For more details, see https://aka.ms/IdentityModel/PII.]'. See https://aka.ms/IDX10503 for details.
2026-09-24 22:56:58.685 +03:00 [INF] Executing endpoint 'CMS.API.Controllers.NotificationsController.GetNotifications (CMS.API)'
2026-09-24 22:56:58.731 +03:00 [INF] Route matched with {action = "GetNotifications", controller = "Notifications"}. Executing controller action with signature System.Threading.Tasks.Task`1[Microsoft.AspNetCore.Mvc.IActionResult] GetNotifications(System.Nullable`1[System.Int32], System.String) on controller CMS.API.Controllers.NotificationsController (CMS.API).
2026-09-24 22:56:58.918 +03:00 [INF] Executing OkObjectResult, writing value of type 'CMS.Shared.DTOs.ApiResponse`1[[System.Collections.Generic.List`1[[CMS.Shared.DTOs.NotificationItemDto, CMS.Shared, Version=1.0.0.0, Culture=neutral, PublicKeyToken=null]], System.Private.CoreLib, Version=8.0.0.0, Culture=neutral, PublicKeyToken=7cec85d7bea7798e]]'.
2026-09-24 22:56:58.927 +03:00 [INF] Executed action CMS.API.Controllers.NotificationsController.GetNotifications (CMS.API) in 12.6ms
2026-09-24 22:56:58.939 +03:00 [INF] Executed endpoint 'CMS.API.Controllers.NotificationsController.GetNotifications (CMS.API)'
2026-09-24 22:56:58.945 +03:00 [INF] Request finished HTTP/1.1 GET http://127.0.0.1:5010/api/v1/notifications - 200 null application/json; charset=utf-8 416.6285ms
2026-09-24 22:57:01.691 +03:00 [INF] Request starting HTTP/1.1 GET http://127.0.0.1:5010/api/v1/notifications - application/json null
2026-09-24 22:57:01.717 +03:00 [INF] Request starting HTTP/1.1 GET http://127.0.0.1:5010/api/v1/notifications - application/json null
2026-09-24 22:57:01.786 +03:00 [INF] Failed to validate the token.
Microsoft.IdentityModel.Tokens.SecurityTokenSignatureKeyNotFoundException: IDX10517: Signature validation failed. The token's kid is missing. Keys tried: 'Microsoft.IdentityModel.Tokens.SymmetricSecurityKey, KeyId: '', InternalId: 'VNGqhB7kZ75afXrNakqPyb1WYggzQUo6Cgi8Kx2i7Zs'. , KeyId: 
'. Number of keys in TokenValidationParameters: '1'. 
Number of keys in Configuration: '0'. 
Exceptions caught:
 '[PII of type 'System.Text.StringBuilder' is hidden. For more details, see https://aka.ms/IdentityModel/PII.]'.
token: '[PII of type 'Microsoft.IdentityModel.JsonWebTokens.JsonWebToken' is hidden. For more details, see https://aka.ms/IdentityModel/PII.]'. See https://aka.ms/IDX10503 for details.
   at Microsoft.IdentityModel.JsonWebTokens.JsonWebTokenHandler.ValidateSignature(JsonWebToken jwtToken, TokenValidationParameters validationParameters, BaseConfiguration configuration)
   at Microsoft.IdentityModel.JsonWebTokens.JsonWebTokenHandler.ValidateSignatureAndIssuerSecurityKey(JsonWebToken jsonWebToken, TokenValidationParameters validationParameters, BaseConfiguration configuration)
   at Microsoft.IdentityModel.JsonWebTokens.JsonWebTokenHandler.ValidateJWSAsync(JsonWebToken jsonWebToken, TokenValidationParameters validationParameters, BaseConfiguration configuration)
2026-09-24 22:57:01.810 +03:00 [INF] Failed to validate the token.
Microsoft.IdentityModel.Tokens.SecurityTokenSignatureKeyNotFoundException: IDX10517: Signature validation failed. The token's kid is missing. Keys tried: 'Microsoft.IdentityModel.Tokens.SymmetricSecurityKey, KeyId: '', InternalId: 'VNGqhB7kZ75afXrNakqPyb1WYggzQUo6Cgi8Kx2i7Zs'. , KeyId: 
'. Number of keys in TokenValidationParameters: '1'. 
Number of keys in Configuration: '0'. 
Exceptions caught:
 '[PII of type 'System.Text.StringBuilder' is hidden. For more details, see https://aka.ms/IdentityModel/PII.]'.
token: '[PII of type 'Microsoft.IdentityModel.JsonWebTokens.JsonWebToken' is hidden. For more details, see https://aka.ms/IdentityModel/PII.]'. See https://aka.ms/IDX10503 for details.
   at Microsoft.IdentityModel.JsonWebTokens.JsonWebTokenHandler.ValidateSignature(JsonWebToken jwtToken, TokenValidationParameters validationParameters, BaseConfiguration configuration)
   at Microsoft.IdentityModel.JsonWebTokens.JsonWebTokenHandler.ValidateSignatureAndIssuerSecurityKey(JsonWebToken jsonWebToken, TokenValidationParameters validationParameters, BaseConfiguration configuration)
   at Microsoft.IdentityModel.JsonWebTokens.JsonWebTokenHandler.ValidateJWSAsync(JsonWebToken jsonWebToken, TokenValidationParameters validationParameters, BaseConfiguration configuration)
2026-09-24 22:57:01.822 +03:00 [INF] Bearer was not authenticated. Failure message: IDX10517: Signature validation failed. The token's kid is missing. Keys tried: 'Microsoft.IdentityModel.Tokens.SymmetricSecurityKey, KeyId: '', InternalId: 'VNGqhB7kZ75afXrNakqPyb1WYggzQUo6Cgi8Kx2i7Zs'. , KeyId: 
'. Number of keys in TokenValidationParameters: '1'. 
Number of keys in Configuration: '0'. 
Exceptions caught:
 '[PII of type 'System.Text.StringBuilder' is hidden. For more details, see https://aka.ms/IdentityModel/PII.]'.
token: '[PII of type 'Microsoft.IdentityModel.JsonWebTokens.JsonWebToken' is hidden. For more details, see https://aka.ms/IdentityModel/PII.]'. See https://aka.ms/IDX10503 for details.
2026-09-24 22:57:01.954 +03:00 [INF] Bearer was not authenticated. Failure message: IDX10517: Signature validation failed. The token's kid is missing. Keys tried: 'Microsoft.IdentityModel.Tokens.SymmetricSecurityKey, KeyId: '', InternalId: 'VNGqhB7kZ75afXrNakqPyb1WYggzQUo6Cgi8Kx2i7Zs'. , KeyId: 
'. Number of keys in TokenValidationParameters: '1'. 
Number of keys in Configuration: '0'. 
Exceptions caught:
 '[PII of type 'System.Text.StringBuilder' is hidden. For more details, see https://aka.ms/IdentityModel/PII.]'.
token: '[PII of type 'Microsoft.IdentityModel.JsonWebTokens.JsonWebToken' is hidden. For more details, see https://aka.ms/IdentityModel/PII.]'. See https://aka.ms/IDX10503 for details.
2026-09-24 22:57:02.016 +03:00 [INF] Executing endpoint 'CMS.API.Controllers.NotificationsController.GetNotifications (CMS.API)'
2026-09-24 22:57:02.033 +03:00 [INF] Executing endpoint 'CMS.API.Controllers.NotificationsController.GetNotifications (CMS.API)'
2026-09-24 22:57:02.050 +03:00 [INF] Route matched with {action = "GetNotifications", controller = "Notifications"}. Executing controller action with signature System.Threading.Tasks.Task`1[Microsoft.AspNetCore.Mvc.IActionResult] GetNotifications(System.Nullable`1[System.Int32], System.String) on controller CMS.API.Controllers.NotificationsController (CMS.API).
2026-09-24 22:57:02.059 +03:00 [INF] Route matched with {action = "GetNotifications", controller = "Notifications"}. Executing controller action with signature System.Threading.Tasks.Task`1[Microsoft.AspNetCore.Mvc.IActionResult] GetNotifications(System.Nullable`1[System.Int32], System.String) on controller CMS.API.Controllers.NotificationsController (CMS.API).
2026-09-24 22:57:02.080 +03:00 [INF] Executing OkObjectResult, writing value of type 'CMS.Shared.DTOs.ApiResponse`1[[System.Collections.Generic.List`1[[CMS.Shared.DTOs.NotificationItemDto, CMS.Shared, Version=1.0.0.0, Culture=neutral, PublicKeyToken=null]], System.Private.CoreLib, Version=8.0.0.0, Culture=neutral, PublicKeyToken=7cec85d7bea7798e]]'.
2026-09-24 22:57:02.132 +03:00 [INF] Executing OkObjectResult, writing value of type 'CMS.Shared.DTOs.ApiResponse`1[[System.Collections.Generic.List`1[[CMS.Shared.DTOs.NotificationItemDto, CMS.Shared, Version=1.0.0.0, Culture=neutral, PublicKeyToken=null]], System.Private.CoreLib, Version=8.0.0.0, Culture=neutral, PublicKeyToken=7cec85d7bea7798e]]'.
2026-09-24 22:57:02.141 +03:00 [INF] Executed action CMS.API.Controllers.NotificationsController.GetNotifications (CMS.API) in 66.4466ms
2026-09-24 22:57:02.170 +03:00 [INF] Executed action CMS.API.Controllers.NotificationsController.GetNotifications (CMS.API) in 44.8129ms
2026-09-24 22:57:02.190 +03:00 [INF] Executed endpoint 'CMS.API.Controllers.NotificationsController.GetNotifications (CMS.API)'
2026-09-24 22:57:02.213 +03:00 [INF] Executed endpoint 'CMS.API.Controllers.NotificationsController.GetNotifications (CMS.API)'
2026-09-24 22:57:02.229 +03:00 [INF] Request finished HTTP/1.1 GET http://127.0.0.1:5010/api/v1/notifications - 200 null application/json; charset=utf-8 537.8033ms
2026-09-24 22:57:02.280 +03:00 [INF] Request finished HTTP/1.1 GET http://127.0.0.1:5010/api/v1/notifications - 200 null application/json; charset=utf-8 562.7008ms
2026-09-24 22:57:13.701 +03:00 [INF] Request starting HTTP/1.1 GET http://127.0.0.1:5010/api/v1/notifications - application/json null
2026-09-24 22:57:14.767 +03:00 [INF] Failed to validate the token.
Microsoft.IdentityModel.Tokens.SecurityTokenSignatureKeyNotFoundException: IDX10517: Signature validation failed. The token's kid is missing. Keys tried: 'Microsoft.IdentityModel.Tokens.SymmetricSecurityKey, KeyId: '', InternalId: 'VNGqhB7kZ75afXrNakqPyb1WYggzQUo6Cgi8Kx2i7Zs'. , KeyId: 
'. Number of keys in TokenValidationParameters: '1'. 
Number of keys in Configuration: '0'. 
Exceptions caught:
 '[PII of type 'System.Text.StringBuilder' is hidden. For more details, see https://aka.ms/IdentityModel/PII.]'.
token: '[PII of type 'Microsoft.IdentityModel.JsonWebTokens.JsonWebToken' is hidden. For more details, see https://aka.ms/IdentityModel/PII.]'. See https://aka.ms/IDX10503 for details.
   at Microsoft.IdentityModel.JsonWebTokens.JsonWebTokenHandler.ValidateSignature(JsonWebToken jwtToken, TokenValidationParameters validationParameters, BaseConfiguration configuration)
   at Microsoft.IdentityModel.JsonWebTokens.JsonWebTokenHandler.ValidateSignatureAndIssuerSecurityKey(JsonWebToken jsonWebToken, TokenValidationParameters validationParameters, BaseConfiguration configuration)
   at Microsoft.IdentityModel.JsonWebTokens.JsonWebTokenHandler.ValidateJWSAsync(JsonWebToken jsonWebToken, TokenValidationParameters validationParameters, BaseConfiguration configuration)
2026-09-24 22:57:15.685 +03:00 [INF] Bearer was not authenticated. Failure message: IDX10517: Signature validation failed. The token's kid is missing. Keys tried: 'Microsoft.IdentityModel.Tokens.SymmetricSecurityKey, KeyId: '', InternalId: 'VNGqhB7kZ75afXrNakqPyb1WYggzQUo6Cgi8Kx2i7Zs'. , KeyId: 
'. Number of keys in TokenValidationParameters: '1'. 
Number of keys in Configuration: '0'. 
Exceptions caught:
 '[PII of type 'System.Text.StringBuilder' is hidden. For more details, see https://aka.ms/IdentityModel/PII.]'.
token: '[PII of type 'Microsoft.IdentityModel.JsonWebTokens.JsonWebToken' is hidden. For more details, see https://aka.ms/IdentityModel/PII.]'. See https://aka.ms/IDX10503 for details.
2026-09-24 22:57:15.858 +03:00 [INF] Executing endpoint 'CMS.API.Controllers.NotificationsController.GetNotifications (CMS.API)'
2026-09-24 22:57:16.049 +03:00 [INF] Route matched with {action = "GetNotifications", controller = "Notifications"}. Executing controller action with signature System.Threading.Tasks.Task`1[Microsoft.AspNetCore.Mvc.IActionResult] GetNotifications(System.Nullable`1[System.Int32], System.String) on controller CMS.API.Controllers.NotificationsController (CMS.API).
2026-09-24 22:57:16.165 +03:00 [INF] Executing OkObjectResult, writing value of type 'CMS.Shared.DTOs.ApiResponse`1[[System.Collections.Generic.List`1[[CMS.Shared.DTOs.NotificationItemDto, CMS.Shared, Version=1.0.0.0, Culture=neutral, PublicKeyToken=null]], System.Private.CoreLib, Version=8.0.0.0, Culture=neutral, PublicKeyToken=7cec85d7bea7798e]]'.
2026-09-24 22:57:16.323 +03:00 [INF] Executed action CMS.API.Controllers.NotificationsController.GetNotifications (CMS.API) in 168.6755ms
2026-09-24 22:57:16.340 +03:00 [INF] Executed endpoint 'CMS.API.Controllers.NotificationsController.GetNotifications (CMS.API)'
2026-09-24 22:57:16.344 +03:00 [INF] Request finished HTTP/1.1 GET http://127.0.0.1:5010/api/v1/notifications - 200 null application/json; charset=utf-8 2642.5635ms
2026-09-24 22:57:28.550 +03:00 [INF] Request starting HTTP/1.1 GET http://127.0.0.1:5010/api/v1/notifications - application/json null
2026-09-24 22:57:29.182 +03:00 [INF] Failed to validate the token.
Microsoft.IdentityModel.Tokens.SecurityTokenSignatureKeyNotFoundException: IDX10517: Signature validation failed. The token's kid is missing. Keys tried: 'Microsoft.IdentityModel.Tokens.SymmetricSecurityKey, KeyId: '', InternalId: 'VNGqhB7kZ75afXrNakqPyb1WYggzQUo6Cgi8Kx2i7Zs'. , KeyId: 
'. Number of keys in TokenValidationParameters: '1'. 
Number of keys in Configuration: '0'. 
Exceptions caught:
 '[PII of type 'System.Text.StringBuilder' is hidden. For more details, see https://aka.ms/IdentityModel/PII.]'.
token: '[PII of type 'Microsoft.IdentityModel.JsonWebTokens.JsonWebToken' is hidden. For more details, see https://aka.ms/IdentityModel/PII.]'. See https://aka.ms/IDX10503 for details.
   at Microsoft.IdentityModel.JsonWebTokens.JsonWebTokenHandler.ValidateSignature(JsonWebToken jwtToken, TokenValidationParameters validationParameters, BaseConfiguration configuration)
   at Microsoft.IdentityModel.JsonWebTokens.JsonWebTokenHandler.ValidateSignatureAndIssuerSecurityKey(JsonWebToken jsonWebToken, TokenValidationParameters validationParameters, BaseConfiguration configuration)
   at Microsoft.IdentityModel.JsonWebTokens.JsonWebTokenHandler.ValidateJWSAsync(JsonWebToken jsonWebToken, TokenValidationParameters validationParameters, BaseConfiguration configuration)
2026-09-24 22:57:29.221 +03:00 [INF] Bearer was not authenticated. Failure message: IDX10517: Signature validation failed. The token's kid is missing. Keys tried: 'Microsoft.IdentityModel.Tokens.SymmetricSecurityKey, KeyId: '', InternalId: 'VNGqhB7kZ75afXrNakqPyb1WYggzQUo6Cgi8Kx2i7Zs'. , KeyId: 
'. Number of keys in TokenValidationParameters: '1'. 
Number of keys in Configuration: '0'. 
Exceptions caught:
 '[PII of type 'System.Text.StringBuilder' is hidden. For more details, see https://aka.ms/IdentityModel/PII.]'.
token: '[PII of type 'Microsoft.IdentityModel.JsonWebTokens.JsonWebToken' is hidden. For more details, see https://aka.ms/IdentityModel/PII.]'. See https://aka.ms/IDX10503 for details.
2026-09-24 22:57:29.232 +03:00 [INF] Executing endpoint 'CMS.API.Controllers.NotificationsController.GetNotifications (CMS.API)'
2026-09-24 22:57:29.238 +03:00 [INF] Route matched with {action = "GetNotifications", controller = "Notifications"}. Executing controller action with signature System.Threading.Tasks.Task`1[Microsoft.AspNetCore.Mvc.IActionResult] GetNotifications(System.Nullable`1[System.Int32], System.String) on controller CMS.API.Controllers.NotificationsController (CMS.API).
2026-09-24 22:57:29.267 +03:00 [INF] Executing OkObjectResult, writing value of type 'CMS.Shared.DTOs.ApiResponse`1[[System.Collections.Generic.List`1[[CMS.Shared.DTOs.NotificationItemDto, CMS.Shared, Version=1.0.0.0, Culture=neutral, PublicKeyToken=null]], System.Private.CoreLib, Version=8.0.0.0, Culture=neutral, PublicKeyToken=7cec85d7bea7798e]]'.
2026-09-24 22:57:29.290 +03:00 [INF] Executed action CMS.API.Controllers.NotificationsController.GetNotifications (CMS.API) in 25.104ms
2026-09-24 22:57:29.303 +03:00 [INF] Executed endpoint 'CMS.API.Controllers.NotificationsController.GetNotifications (CMS.API)'
2026-09-24 22:57:29.309 +03:00 [INF] Request finished HTTP/1.1 GET http://127.0.0.1:5010/api/v1/notifications - 200 null application/json; charset=utf-8 758.524ms
2026-09-24 22:57:43.513 +03:00 [INF] Request starting HTTP/1.1 GET http://127.0.0.1:5010/api/v1/notifications - application/json null
2026-09-24 22:57:45.775 +03:00 [INF] Failed to validate the token.
Microsoft.IdentityModel.Tokens.SecurityTokenSignatureKeyNotFoundException: IDX10517: Signature validation failed. The token's kid is missing. Keys tried: 'Microsoft.IdentityModel.Tokens.SymmetricSecurityKey, KeyId: '', InternalId: 'VNGqhB7kZ75afXrNakqPyb1WYggzQUo6Cgi8Kx2i7Zs'. , KeyId: 
'. Number of keys in TokenValidationParameters: '1'. 
Number of keys in Configuration: '0'. 
Exceptions caught:
 '[PII of type 'System.Text.StringBuilder' is hidden. For more details, see https://aka.ms/IdentityModel/PII.]'.
token: '[PII of type 'Microsoft.IdentityModel.JsonWebTokens.JsonWebToken' is hidden. For more details, see https://aka.ms/IdentityModel/PII.]'. See https://aka.ms/IDX10503 for details.
   at Microsoft.IdentityModel.JsonWebTokens.JsonWebTokenHandler.ValidateSignature(JsonWebToken jwtToken, TokenValidationParameters validationParameters, BaseConfiguration configuration)
   at Microsoft.IdentityModel.JsonWebTokens.JsonWebTokenHandler.ValidateSignatureAndIssuerSecurityKey(JsonWebToken jsonWebToken, TokenValidationParameters validationParameters, BaseConfiguration configuration)
   at Microsoft.IdentityModel.JsonWebTokens.JsonWebTokenHandler.ValidateJWSAsync(JsonWebToken jsonWebToken, TokenValidationParameters validationParameters, BaseConfiguration configuration)
2026-09-24 22:57:46.365 +03:00 [INF] Bearer was not authenticated. Failure message: IDX10517: Signature validation failed. The token's kid is missing. Keys tried: 'Microsoft.IdentityModel.Tokens.SymmetricSecurityKey, KeyId: '', InternalId: 'VNGqhB7kZ75afXrNakqPyb1WYggzQUo6Cgi8Kx2i7Zs'. , KeyId: 
'. Number of keys in TokenValidationParameters: '1'. 
Number of keys in Configuration: '0'. 
Exceptions caught:
 '[PII of type 'System.Text.StringBuilder' is hidden. For more details, see https://aka.ms/IdentityModel/PII.]'.
token: '[PII of type 'Microsoft.IdentityModel.JsonWebTokens.JsonWebToken' is hidden. For more details, see https://aka.ms/IdentityModel/PII.]'. See https://aka.ms/IDX10503 for details.
2026-09-24 22:57:46.747 +03:00 [INF] Executing endpoint 'CMS.API.Controllers.NotificationsController.GetNotifications (CMS.API)'
2026-09-24 22:57:47.306 +03:00 [INF] Route matched with {action = "GetNotifications", controller = "Notifications"}. Executing controller action with signature System.Threading.Tasks.Task`1[Microsoft.AspNetCore.Mvc.IActionResult] GetNotifications(System.Nullable`1[System.Int32], System.String) on controller CMS.API.Controllers.NotificationsController (CMS.API).
2026-09-24 22:57:47.490 +03:00 [INF] Executing OkObjectResult, writing value of type 'CMS.Shared.DTOs.ApiResponse`1[[System.Collections.Generic.List`1[[CMS.Shared.DTOs.NotificationItemDto, CMS.Shared, Version=1.0.0.0, Culture=neutral, PublicKeyToken=null]], System.Private.CoreLib, Version=8.0.0.0, Culture=neutral, PublicKeyToken=7cec85d7bea7798e]]'.
2026-09-24 22:57:47.751 +03:00 [INF] Executed action CMS.API.Controllers.NotificationsController.GetNotifications (CMS.API) in 264.8051ms
2026-09-24 22:57:48.218 +03:00 [INF] Executed endpoint 'CMS.API.Controllers.NotificationsController.GetNotifications (CMS.API)'
2026-09-24 22:57:48.815 +03:00 [INF] Request finished HTTP/1.1 GET http://127.0.0.1:5010/api/v1/notifications - 200 null application/json; charset=utf-8 5302.2536ms
2026-09-24 22:57:57.221 +03:00 [INF] Request starting HTTP/1.1 GET http://127.0.0.1:5010/api/v1/notifications - application/json null
2026-09-24 22:57:57.305 +03:00 [INF] Failed to validate the token.
Microsoft.IdentityModel.Tokens.SecurityTokenSignatureKeyNotFoundException: IDX10517: Signature validation failed. The token's kid is missing. Keys tried: 'Microsoft.IdentityModel.Tokens.SymmetricSecurityKey, KeyId: '', InternalId: 'VNGqhB7kZ75afXrNakqPyb1WYggzQUo6Cgi8Kx2i7Zs'. , KeyId: 
'. Number of keys in TokenValidationParameters: '1'. 
Number of keys in Configuration: '0'. 
Exceptions caught:
 '[PII of type 'System.Text.StringBuilder' is hidden. For more details, see https://aka.ms/IdentityModel/PII.]'.
token: '[PII of type 'Microsoft.IdentityModel.JsonWebTokens.JsonWebToken' is hidden. For more details, see https://aka.ms/IdentityModel/PII.]'. See https://aka.ms/IDX10503 for details.
   at Microsoft.IdentityModel.JsonWebTokens.JsonWebTokenHandler.ValidateSignature(JsonWebToken jwtToken, TokenValidationParameters validationParameters, BaseConfiguration configuration)
   at Microsoft.IdentityModel.JsonWebTokens.JsonWebTokenHandler.ValidateSignatureAndIssuerSecurityKey(JsonWebToken jsonWebToken, TokenValidationParameters validationParameters, BaseConfiguration configuration)
   at Microsoft.IdentityModel.JsonWebTokens.JsonWebTokenHandler.ValidateJWSAsync(JsonWebToken jsonWebToken, TokenValidationParameters validationParameters, BaseConfiguration configuration)
2026-09-24 22:57:57.339 +03:00 [INF] Bearer was not authenticated. Failure message: IDX10517: Signature validation failed. The token's kid is missing. Keys tried: 'Microsoft.IdentityModel.Tokens.SymmetricSecurityKey, KeyId: '', InternalId: 'VNGqhB7kZ75afXrNakqPyb1WYggzQUo6Cgi8Kx2i7Zs'. , KeyId: 
'. Number of keys in TokenValidationParameters: '1'. 
Number of keys in Configuration: '0'. 
Exceptions caught:
 '[PII of type 'System.Text.StringBuilder' is hidden. For more details, see https://aka.ms/IdentityModel/PII.]'.
token: '[PII of type 'Microsoft.IdentityModel.JsonWebTokens.JsonWebToken' is hidden. For more details, see https://aka.ms/IdentityModel/PII.]'. See https://aka.ms/IDX10503 for details.
2026-09-24 22:57:57.355 +03:00 [INF] Executing endpoint 'CMS.API.Controllers.NotificationsController.GetNotifications (CMS.API)'
2026-09-24 22:57:57.376 +03:00 [INF] Route matched with {action = "GetNotifications", controller = "Notifications"}. Executing controller action with signature System.Threading.Tasks.Task`1[Microsoft.AspNetCore.Mvc.IActionResult] GetNotifications(System.Nullable`1[System.Int32], System.String) on controller CMS.API.Controllers.NotificationsController (CMS.API).
2026-09-24 22:57:57.391 +03:00 [INF] Executing OkObjectResult, writing value of type 'CMS.Shared.DTOs.ApiResponse`1[[System.Collections.Generic.List`1[[CMS.Shared.DTOs.NotificationItemDto, CMS.Shared, Version=1.0.0.0, Culture=neutral, PublicKeyToken=null]], System.Private.CoreLib, Version=8.0.0.0, Culture=neutral, PublicKeyToken=7cec85d7bea7798e]]'.
2026-09-24 22:57:57.404 +03:00 [INF] Executed action CMS.API.Controllers.NotificationsController.GetNotifications (CMS.API) in 15.7719ms
2026-09-24 22:57:57.415 +03:00 [INF] Executed endpoint 'CMS.API.Controllers.NotificationsController.GetNotifications (CMS.API)'
2026-09-24 22:57:57.421 +03:00 [INF] Request finished HTTP/1.1 GET http://127.0.0.1:5010/api/v1/notifications - 200 null application/json; charset=utf-8 200.832ms
2026-09-24 22:57:58.106 +03:00 [INF] Request starting HTTP/1.1 GET http://127.0.0.1:5010/api/v1/settings - null null
2026-09-24 22:57:58.115 +03:00 [INF] Request starting HTTP/1.1 GET http://127.0.0.1:5010/api/v1/notifications - application/json null
2026-09-24 22:57:58.120 +03:00 [INF] Request starting HTTP/1.1 GET http://127.0.0.1:5010/api/v1/dashboard/metrics - null null
2026-09-24 22:57:58.133 +03:00 [INF] Failed to validate the token.
Microsoft.IdentityModel.Tokens.SecurityTokenSignatureKeyNotFoundException: IDX10517: Signature validation failed. The token's kid is missing. Keys tried: 'Microsoft.IdentityModel.Tokens.SymmetricSecurityKey, KeyId: '', InternalId: 'VNGqhB7kZ75afXrNakqPyb1WYggzQUo6Cgi8Kx2i7Zs'. , KeyId: 
'. Number of keys in TokenValidationParameters: '1'. 
Number of keys in Configuration: '0'. 
Exceptions caught:
 '[PII of type 'System.Text.StringBuilder' is hidden. For more details, see https://aka.ms/IdentityModel/PII.]'.
token: '[PII of type 'Microsoft.IdentityModel.JsonWebTokens.JsonWebToken' is hidden. For more details, see https://aka.ms/IdentityModel/PII.]'. See https://aka.ms/IDX10503 for details.
   at Microsoft.IdentityModel.JsonWebTokens.JsonWebTokenHandler.ValidateSignature(JsonWebToken jwtToken, TokenValidationParameters validationParameters, BaseConfiguration configuration)
   at Microsoft.IdentityModel.JsonWebTokens.JsonWebTokenHandler.ValidateSignatureAndIssuerSecurityKey(JsonWebToken jsonWebToken, TokenValidationParameters validationParameters, BaseConfiguration configuration)
   at Microsoft.IdentityModel.JsonWebTokens.JsonWebTokenHandler.ValidateJWSAsync(JsonWebToken jsonWebToken, TokenValidationParameters validationParameters, BaseConfiguration configuration)
2026-09-24 22:57:58.144 +03:00 [INF] Failed to validate the token.
Microsoft.IdentityModel.Tokens.SecurityTokenSignatureKeyNotFoundException: IDX10517: Signature validation failed. The token's kid is missing. Keys tried: 'Microsoft.IdentityModel.Tokens.SymmetricSecurityKey, KeyId: '', InternalId: 'VNGqhB7kZ75afXrNakqPyb1WYggzQUo6Cgi8Kx2i7Zs'. , KeyId: 
'. Number of keys in TokenValidationParameters: '1'. 
Number of keys in Configuration: '0'. 
Exceptions caught:
 '[PII of type 'System.Text.StringBuilder' is hidden. For more details, see https://aka.ms/IdentityModel/PII.]'.
token: '[PII of type 'Microsoft.IdentityModel.JsonWebTokens.JsonWebToken' is hidden. For more details, see https://aka.ms/IdentityModel/PII.]'. See https://aka.ms/IDX10503 for details.
   at Microsoft.IdentityModel.JsonWebTokens.JsonWebTokenHandler.ValidateSignature(JsonWebToken jwtToken, TokenValidationParameters validationParameters, BaseConfiguration configuration)
   at Microsoft.IdentityModel.JsonWebTokens.JsonWebTokenHandler.ValidateSignatureAndIssuerSecurityKey(JsonWebToken jsonWebToken, TokenValidationParameters validationParameters, BaseConfiguration configuration)
   at Microsoft.IdentityModel.JsonWebTokens.JsonWebTokenHandler.ValidateJWSAsync(JsonWebToken jsonWebToken, TokenValidationParameters validationParameters, BaseConfiguration configuration)
2026-09-24 22:57:58.157 +03:00 [INF] Failed to validate the token.
Microsoft.IdentityModel.Tokens.SecurityTokenSignatureKeyNotFoundException: IDX10517: Signature validation failed. The token's kid is missing. Keys tried: 'Microsoft.IdentityModel.Tokens.SymmetricSecurityKey, KeyId: '', InternalId: 'VNGqhB7kZ75afXrNakqPyb1WYggzQUo6Cgi8Kx2i7Zs'. , KeyId: 
'. Number of keys in TokenValidationParameters: '1'. 
Number of keys in Configuration: '0'. 
Exceptions caught:
 '[PII of type 'System.Text.StringBuilder' is hidden. For more details, see https://aka.ms/IdentityModel/PII.]'.
token: '[PII of type 'Microsoft.IdentityModel.JsonWebTokens.JsonWebToken' is hidden. For more details, see https://aka.ms/IdentityModel/PII.]'. See https://aka.ms/IDX10503 for details.
   at Microsoft.IdentityModel.JsonWebTokens.JsonWebTokenHandler.ValidateSignature(JsonWebToken jwtToken, TokenValidationParameters validationParameters, BaseConfiguration configuration)
   at Microsoft.IdentityModel.JsonWebTokens.JsonWebTokenHandler.ValidateSignatureAndIssuerSecurityKey(JsonWebToken jsonWebToken, TokenValidationParameters validationParameters, BaseConfiguration configuration)
   at Microsoft.IdentityModel.JsonWebTokens.JsonWebTokenHandler.ValidateJWSAsync(JsonWebToken jsonWebToken, TokenValidationParameters validationParameters, BaseConfiguration configuration)
2026-09-24 22:57:58.172 +03:00 [INF] Bearer was not authenticated. Failure message: IDX10517: Signature validation failed. The token's kid is missing. Keys tried: 'Microsoft.IdentityModel.Tokens.SymmetricSecurityKey, KeyId: '', InternalId: 'VNGqhB7kZ75afXrNakqPyb1WYggzQUo6Cgi8Kx2i7Zs'. , KeyId: 
'. Number of keys in TokenValidationParameters: '1'. 
Number of keys in Configuration: '0'. 
Exceptions caught:
 '[PII of type 'System.Text.StringBuilder' is hidden. For more details, see https://aka.ms/IdentityModel/PII.]'.
token: '[PII of type 'Microsoft.IdentityModel.JsonWebTokens.JsonWebToken' is hidden. For more details, see https://aka.ms/IdentityModel/PII.]'. See https://aka.ms/IDX10503 for details.
2026-09-24 22:57:58.184 +03:00 [INF] Bearer was not authenticated. Failure message: IDX10517: Signature validation failed. The token's kid is missing. Keys tried: 'Microsoft.IdentityModel.Tokens.SymmetricSecurityKey, KeyId: '', InternalId: 'VNGqhB7kZ75afXrNakqPyb1WYggzQUo6Cgi8Kx2i7Zs'. , KeyId: 
'. Number of keys in TokenValidationParameters: '1'. 
Number of keys in Configuration: '0'. 
Exceptions caught:
 '[PII of type 'System.Text.StringBuilder' is hidden. For more details, see https://aka.ms/IdentityModel/PII.]'.
token: '[PII of type 'Microsoft.IdentityModel.JsonWebTokens.JsonWebToken' is hidden. For more details, see https://aka.ms/IdentityModel/PII.]'. See https://aka.ms/IDX10503 for details.
2026-09-24 22:57:58.198 +03:00 [INF] Bearer was not authenticated. Failure message: IDX10517: Signature validation failed. The token's kid is missing. Keys tried: 'Microsoft.IdentityModel.Tokens.SymmetricSecurityKey, KeyId: '', InternalId: 'VNGqhB7kZ75afXrNakqPyb1WYggzQUo6Cgi8Kx2i7Zs'. , KeyId: 
'. Number of keys in TokenValidationParameters: '1'. 
Number of keys in Configuration: '0'. 
Exceptions caught:
 '[PII of type 'System.Text.StringBuilder' is hidden. For more details, see https://aka.ms/IdentityModel/PII.]'.
token: '[PII of type 'Microsoft.IdentityModel.JsonWebTokens.JsonWebToken' is hidden. For more details, see https://aka.ms/IdentityModel/PII.]'. See https://aka.ms/IDX10503 for details.
2026-09-24 22:57:58.203 +03:00 [INF] Executing endpoint 'CMS.API.Controllers.SettingsController.GetSettings (CMS.API)'
2026-09-24 22:57:58.208 +03:00 [INF] Executing endpoint 'CMS.API.Controllers.NotificationsController.GetNotifications (CMS.API)'
2026-09-24 22:57:58.213 +03:00 [INF] Executing endpoint 'CMS.API.Controllers.DashboardController.GetMetrics (CMS.API)'
2026-09-24 22:57:58.219 +03:00 [INF] Route matched with {action = "GetSettings", controller = "Settings"}. Executing controller action with signature System.Threading.Tasks.Task`1[Microsoft.AspNetCore.Mvc.IActionResult] GetSettings() on controller CMS.API.Controllers.SettingsController (CMS.API).
2026-09-24 22:57:58.222 +03:00 [INF] Route matched with {action = "GetNotifications", controller = "Notifications"}. Executing controller action with signature System.Threading.Tasks.Task`1[Microsoft.AspNetCore.Mvc.IActionResult] GetNotifications(System.Nullable`1[System.Int32], System.String) on controller CMS.API.Controllers.NotificationsController (CMS.API).
2026-09-24 22:57:58.226 +03:00 [INF] Route matched with {action = "GetMetrics", controller = "Dashboard"}. Executing controller action with signature System.Threading.Tasks.Task`1[Microsoft.AspNetCore.Mvc.IActionResult] GetMetrics() on controller CMS.API.Controllers.DashboardController (CMS.API).
2026-09-24 22:57:58.251 +03:00 [INF] Executing OkObjectResult, writing value of type 'CMS.Shared.DTOs.ApiResponse`1[[System.Collections.Generic.List`1[[CMS.Shared.DTOs.ClinicSettingDto, CMS.Shared, Version=1.0.0.0, Culture=neutral, PublicKeyToken=null]], System.Private.CoreLib, Version=8.0.0.0, Culture=neutral, PublicKeyToken=7cec85d7bea7798e]]'.
2026-09-24 22:57:58.253 +03:00 [INF] Executing OkObjectResult, writing value of type 'CMS.Shared.DTOs.ApiResponse`1[[System.Collections.Generic.List`1[[CMS.Shared.DTOs.NotificationItemDto, CMS.Shared, Version=1.0.0.0, Culture=neutral, PublicKeyToken=null]], System.Private.CoreLib, Version=8.0.0.0, Culture=neutral, PublicKeyToken=7cec85d7bea7798e]]'.
2026-09-24 22:57:58.272 +03:00 [INF] Executed action CMS.API.Controllers.SettingsController.GetSettings (CMS.API) in 33.0334ms
2026-09-24 22:57:58.281 +03:00 [INF] Executed action CMS.API.Controllers.NotificationsController.GetNotifications (CMS.API) in 31.0512ms
2026-09-24 22:57:58.286 +03:00 [INF] Request starting HTTP/1.1 GET http://127.0.0.1:5010/api/v1/settings - null null
2026-09-24 22:57:58.289 +03:00 [INF] Executed endpoint 'CMS.API.Controllers.SettingsController.GetSettings (CMS.API)'
2026-09-24 22:57:58.302 +03:00 [INF] Request starting HTTP/1.1 GET http://127.0.0.1:5010/api/v1/notifications - application/json null
2026-09-24 22:57:58.302 +03:00 [INF] Executed endpoint 'CMS.API.Controllers.NotificationsController.GetNotifications (CMS.API)'
2026-09-24 22:57:58.315 +03:00 [INF] Executing endpoint 'CMS.API.Controllers.SettingsController.GetSettings (CMS.API)'
2026-09-24 22:57:58.319 +03:00 [INF] Request finished HTTP/1.1 GET http://127.0.0.1:5010/api/v1/settings - 200 null application/json; charset=utf-8 213.0038ms
2026-09-24 22:57:58.339 +03:00 [INF] Executing OkObjectResult, writing value of type 'CMS.Shared.DTOs.ApiResponse`1[[CMS.Shared.DTOs.DashboardMetricsDto, CMS.Shared, Version=1.0.0.0, Culture=neutral, PublicKeyToken=null]]'.
2026-09-24 22:57:58.342 +03:00 [INF] Failed to validate the token.
Microsoft.IdentityModel.Tokens.SecurityTokenSignatureKeyNotFoundException: IDX10517: Signature validation failed. The token's kid is missing. Keys tried: 'Microsoft.IdentityModel.Tokens.SymmetricSecurityKey, KeyId: '', InternalId: 'VNGqhB7kZ75afXrNakqPyb1WYggzQUo6Cgi8Kx2i7Zs'. , KeyId: 
'. Number of keys in TokenValidationParameters: '1'. 
Number of keys in Configuration: '0'. 
Exceptions caught:
 '[PII of type 'System.Text.StringBuilder' is hidden. For more details, see https://aka.ms/IdentityModel/PII.]'.
token: '[PII of type 'Microsoft.IdentityModel.JsonWebTokens.JsonWebToken' is hidden. For more details, see https://aka.ms/IdentityModel/PII.]'. See https://aka.ms/IDX10503 for details.
   at Microsoft.IdentityModel.JsonWebTokens.JsonWebTokenHandler.ValidateSignature(JsonWebToken jwtToken, TokenValidationParameters validationParameters, BaseConfiguration configuration)
   at Microsoft.IdentityModel.JsonWebTokens.JsonWebTokenHandler.ValidateSignatureAndIssuerSecurityKey(JsonWebToken jsonWebToken, TokenValidationParameters validationParameters, BaseConfiguration configuration)
   at Microsoft.IdentityModel.JsonWebTokens.JsonWebTokenHandler.ValidateJWSAsync(JsonWebToken jsonWebToken, TokenValidationParameters validationParameters, BaseConfiguration configuration)
2026-09-24 22:57:58.345 +03:00 [INF] Request finished HTTP/1.1 GET http://127.0.0.1:5010/api/v1/notifications - 200 null application/json; charset=utf-8 229.6035ms
2026-09-24 22:57:58.349 +03:00 [INF] Route matched with {action = "GetSettings", controller = "Settings"}. Executing controller action with signature System.Threading.Tasks.Task`1[Microsoft.AspNetCore.Mvc.IActionResult] GetSettings() on controller CMS.API.Controllers.SettingsController (CMS.API).
2026-09-24 22:57:58.374 +03:00 [INF] Executed action CMS.API.Controllers.DashboardController.GetMetrics (CMS.API) in 115.7769ms
2026-09-24 22:57:58.384 +03:00 [INF] Bearer was not authenticated. Failure message: IDX10517: Signature validation failed. The token's kid is missing. Keys tried: 'Microsoft.IdentityModel.Tokens.SymmetricSecurityKey, KeyId: '', InternalId: 'VNGqhB7kZ75afXrNakqPyb1WYggzQUo6Cgi8Kx2i7Zs'. , KeyId: 
'. Number of keys in TokenValidationParameters: '1'. 
Number of keys in Configuration: '0'. 
Exceptions caught:
 '[PII of type 'System.Text.StringBuilder' is hidden. For more details, see https://aka.ms/IdentityModel/PII.]'.
token: '[PII of type 'Microsoft.IdentityModel.JsonWebTokens.JsonWebToken' is hidden. For more details, see https://aka.ms/IdentityModel/PII.]'. See https://aka.ms/IDX10503 for details.
2026-09-24 22:57:58.385 +03:00 [INF] Request starting HTTP/1.1 GET http://127.0.0.1:5010/api/v1/dashboard/metrics - null null
2026-09-24 22:57:58.410 +03:00 [INF] Executing OkObjectResult, writing value of type 'CMS.Shared.DTOs.ApiResponse`1[[System.Collections.Generic.List`1[[CMS.Shared.DTOs.ClinicSettingDto, CMS.Shared, Version=1.0.0.0, Culture=neutral, PublicKeyToken=null]], System.Private.CoreLib, Version=8.0.0.0, Culture=neutral, PublicKeyToken=7cec85d7bea7798e]]'.
2026-09-24 22:57:58.413 +03:00 [INF] Executed endpoint 'CMS.API.Controllers.DashboardController.GetMetrics (CMS.API)'
2026-09-24 22:57:58.419 +03:00 [INF] Executing endpoint 'CMS.API.Controllers.NotificationsController.GetNotifications (CMS.API)'
2026-09-24 22:57:58.433 +03:00 [INF] Failed to validate the token.
Microsoft.IdentityModel.Tokens.SecurityTokenSignatureKeyNotFoundException: IDX10517: Signature validation failed. The token's kid is missing. Keys tried: 'Microsoft.IdentityModel.Tokens.SymmetricSecurityKey, KeyId: '', InternalId: 'VNGqhB7kZ75afXrNakqPyb1WYggzQUo6Cgi8Kx2i7Zs'. , KeyId: 
'. Number of keys in TokenValidationParameters: '1'. 
Number of keys in Configuration: '0'. 
Exceptions caught:
 '[PII of type 'System.Text.StringBuilder' is hidden. For more details, see https://aka.ms/IdentityModel/PII.]'.
token: '[PII of type 'Microsoft.IdentityModel.JsonWebTokens.JsonWebToken' is hidden. For more details, see https://aka.ms/IdentityModel/PII.]'. See https://aka.ms/IDX10503 for details.
   at Microsoft.IdentityModel.JsonWebTokens.JsonWebTokenHandler.ValidateSignature(JsonWebToken jwtToken, TokenValidationParameters validationParameters, BaseConfiguration configuration)
   at Microsoft.IdentityModel.JsonWebTokens.JsonWebTokenHandler.ValidateSignatureAndIssuerSecurityKey(JsonWebToken jsonWebToken, TokenValidationParameters validationParameters, BaseConfiguration configuration)
   at Microsoft.IdentityModel.JsonWebTokens.JsonWebTokenHandler.ValidateJWSAsync(JsonWebToken jsonWebToken, TokenValidationParameters validationParameters, BaseConfiguration configuration)
2026-09-24 22:57:58.439 +03:00 [INF] Executed action CMS.API.Controllers.SettingsController.GetSettings (CMS.API) in 31.3241ms
2026-09-24 22:57:58.444 +03:00 [INF] Request finished HTTP/1.1 GET http://127.0.0.1:5010/api/v1/dashboard/metrics - 200 null application/json; charset=utf-8 323.0083ms
2026-09-24 22:57:58.452 +03:00 [INF] Route matched with {action = "GetNotifications", controller = "Notifications"}. Executing controller action with signature System.Threading.Tasks.Task`1[Microsoft.AspNetCore.Mvc.IActionResult] GetNotifications(System.Nullable`1[System.Int32], System.String) on controller CMS.API.Controllers.NotificationsController (CMS.API).
2026-09-24 22:57:58.453 +03:00 [INF] Request starting HTTP/1.1 GET http://127.0.0.1:5010/api/v1/settings - null null
2026-09-24 22:57:58.462 +03:00 [INF] Bearer was not authenticated. Failure message: IDX10517: Signature validation failed. The token's kid is missing. Keys tried: 'Microsoft.IdentityModel.Tokens.SymmetricSecurityKey, KeyId: '', InternalId: 'VNGqhB7kZ75afXrNakqPyb1WYggzQUo6Cgi8Kx2i7Zs'. , KeyId: 
'. Number of keys in TokenValidationParameters: '1'. 
Number of keys in Configuration: '0'. 
Exceptions caught:
 '[PII of type 'System.Text.StringBuilder' is hidden. For more details, see https://aka.ms/IdentityModel/PII.]'.
token: '[PII of type 'Microsoft.IdentityModel.JsonWebTokens.JsonWebToken' is hidden. For more details, see https://aka.ms/IdentityModel/PII.]'. See https://aka.ms/IDX10503 for details.
2026-09-24 22:57:58.469 +03:00 [INF] Executed endpoint 'CMS.API.Controllers.SettingsController.GetSettings (CMS.API)'
2026-09-24 22:57:58.492 +03:00 [INF] Executing OkObjectResult, writing value of type 'CMS.Shared.DTOs.ApiResponse`1[[System.Collections.Generic.List`1[[CMS.Shared.DTOs.NotificationItemDto, CMS.Shared, Version=1.0.0.0, Culture=neutral, PublicKeyToken=null]], System.Private.CoreLib, Version=8.0.0.0, Culture=neutral, PublicKeyToken=7cec85d7bea7798e]]'.
2026-09-24 22:57:58.503 +03:00 [INF] Failed to validate the token.
Microsoft.IdentityModel.Tokens.SecurityTokenSignatureKeyNotFoundException: IDX10517: Signature validation failed. The token's kid is missing. Keys tried: 'Microsoft.IdentityModel.Tokens.SymmetricSecurityKey, KeyId: '', InternalId: 'VNGqhB7kZ75afXrNakqPyb1WYggzQUo6Cgi8Kx2i7Zs'. , KeyId: 
'. Number of keys in TokenValidationParameters: '1'. 
Number of keys in Configuration: '0'. 
Exceptions caught:
 '[PII of type 'System.Text.StringBuilder' is hidden. For more details, see https://aka.ms/IdentityModel/PII.]'.
token: '[PII of type 'Microsoft.IdentityModel.JsonWebTokens.JsonWebToken' is hidden. For more details, see https://aka.ms/IdentityModel/PII.]'. See https://aka.ms/IDX10503 for details.
   at Microsoft.IdentityModel.JsonWebTokens.JsonWebTokenHandler.ValidateSignature(JsonWebToken jwtToken, TokenValidationParameters validationParameters, BaseConfiguration configuration)
   at Microsoft.IdentityModel.JsonWebTokens.JsonWebTokenHandler.ValidateSignatureAndIssuerSecurityKey(JsonWebToken jsonWebToken, TokenValidationParameters validationParameters, BaseConfiguration configuration)
   at Microsoft.IdentityModel.JsonWebTokens.JsonWebTokenHandler.ValidateJWSAsync(JsonWebToken jsonWebToken, TokenValidationParameters validationParameters, BaseConfiguration configuration)
2026-09-24 22:57:58.507 +03:00 [INF] Executing endpoint 'CMS.API.Controllers.DashboardController.GetMetrics (CMS.API)'
2026-09-24 22:57:58.513 +03:00 [INF] Request finished HTTP/1.1 GET http://127.0.0.1:5010/api/v1/settings - 200 null application/json; charset=utf-8 227.0009ms
2026-09-24 22:57:58.519 +03:00 [INF] Executed action CMS.API.Controllers.NotificationsController.GetNotifications (CMS.API) in 28.8193ms
2026-09-24 22:57:58.534 +03:00 [INF] Bearer was not authenticated. Failure message: IDX10517: Signature validation failed. The token's kid is missing. Keys tried: 'Microsoft.IdentityModel.Tokens.SymmetricSecurityKey, KeyId: '', InternalId: 'VNGqhB7kZ75afXrNakqPyb1WYggzQUo6Cgi8Kx2i7Zs'. , KeyId: 
'. Number of keys in TokenValidationParameters: '1'. 
Number of keys in Configuration: '0'. 
Exceptions caught:
 '[PII of type 'System.Text.StringBuilder' is hidden. For more details, see https://aka.ms/IdentityModel/PII.]'.
token: '[PII of type 'Microsoft.IdentityModel.JsonWebTokens.JsonWebToken' is hidden. For more details, see https://aka.ms/IdentityModel/PII.]'. See https://aka.ms/IDX10503 for details.
2026-09-24 22:57:58.538 +03:00 [INF] Request starting HTTP/1.1 GET http://127.0.0.1:5010/api/v1/notifications - application/json null
2026-09-24 22:57:58.539 +03:00 [INF] Route matched with {action = "GetMetrics", controller = "Dashboard"}. Executing controller action with signature System.Threading.Tasks.Task`1[Microsoft.AspNetCore.Mvc.IActionResult] GetMetrics() on controller CMS.API.Controllers.DashboardController (CMS.API).
2026-09-24 22:57:58.561 +03:00 [INF] Executed endpoint 'CMS.API.Controllers.NotificationsController.GetNotifications (CMS.API)'
2026-09-24 22:57:58.572 +03:00 [INF] Executing endpoint 'CMS.API.Controllers.SettingsController.GetSettings (CMS.API)'
2026-09-24 22:57:58.586 +03:00 [INF] Failed to validate the token.
Microsoft.IdentityModel.Tokens.SecurityTokenSignatureKeyNotFoundException: IDX10517: Signature validation failed. The token's kid is missing. Keys tried: 'Microsoft.IdentityModel.Tokens.SymmetricSecurityKey, KeyId: '', InternalId: 'VNGqhB7kZ75afXrNakqPyb1WYggzQUo6Cgi8Kx2i7Zs'. , KeyId: 
'. Number of keys in TokenValidationParameters: '1'. 
Number of keys in Configuration: '0'. 
Exceptions caught:
 '[PII of type 'System.Text.StringBuilder' is hidden. For more details, see https://aka.ms/IdentityModel/PII.]'.
token: '[PII of type 'Microsoft.IdentityModel.JsonWebTokens.JsonWebToken' is hidden. For more details, see https://aka.ms/IdentityModel/PII.]'. See https://aka.ms/IDX10503 for details.
   at Microsoft.IdentityModel.JsonWebTokens.JsonWebTokenHandler.ValidateSignature(JsonWebToken jwtToken, TokenValidationParameters validationParameters, BaseConfiguration configuration)
   at Microsoft.IdentityModel.JsonWebTokens.JsonWebTokenHandler.ValidateSignatureAndIssuerSecurityKey(JsonWebToken jsonWebToken, TokenValidationParameters validationParameters, BaseConfiguration configuration)
   at Microsoft.IdentityModel.JsonWebTokens.JsonWebTokenHandler.ValidateJWSAsync(JsonWebToken jsonWebToken, TokenValidationParameters validationParameters, BaseConfiguration configuration)
2026-09-24 22:57:58.601 +03:00 [INF] Request finished HTTP/1.1 GET http://127.0.0.1:5010/api/v1/notifications - 200 null application/json; charset=utf-8 299.4591ms
2026-09-24 22:57:58.606 +03:00 [INF] Route matched with {action = "GetSettings", controller = "Settings"}. Executing controller action with signature System.Threading.Tasks.Task`1[Microsoft.AspNetCore.Mvc.IActionResult] GetSettings() on controller CMS.API.Controllers.SettingsController (CMS.API).
2026-09-24 22:57:58.615 +03:00 [INF] Executing OkObjectResult, writing value of type 'CMS.Shared.DTOs.ApiResponse`1[[CMS.Shared.DTOs.DashboardMetricsDto, CMS.Shared, Version=1.0.0.0, Culture=neutral, PublicKeyToken=null]]'.
2026-09-24 22:57:58.617 +03:00 [INF] Bearer was not authenticated. Failure message: IDX10517: Signature validation failed. The token's kid is missing. Keys tried: 'Microsoft.IdentityModel.Tokens.SymmetricSecurityKey, KeyId: '', InternalId: 'VNGqhB7kZ75afXrNakqPyb1WYggzQUo6Cgi8Kx2i7Zs'. , KeyId: 
'. Number of keys in TokenValidationParameters: '1'. 
Number of keys in Configuration: '0'. 
Exceptions caught:
 '[PII of type 'System.Text.StringBuilder' is hidden. For more details, see https://aka.ms/IdentityModel/PII.]'.
token: '[PII of type 'Microsoft.IdentityModel.JsonWebTokens.JsonWebToken' is hidden. For more details, see https://aka.ms/IdentityModel/PII.]'. See https://aka.ms/IDX10503 for details.
2026-09-24 22:57:58.642 +03:00 [INF] Executing OkObjectResult, writing value of type 'CMS.Shared.DTOs.ApiResponse`1[[System.Collections.Generic.List`1[[CMS.Shared.DTOs.ClinicSettingDto, CMS.Shared, Version=1.0.0.0, Culture=neutral, PublicKeyToken=null]], System.Private.CoreLib, Version=8.0.0.0, Culture=neutral, PublicKeyToken=7cec85d7bea7798e]]'.
2026-09-24 22:57:58.645 +03:00 [INF] Executed action CMS.API.Controllers.DashboardController.GetMetrics (CMS.API) in 47.8331ms
2026-09-24 22:57:58.649 +03:00 [INF] Executing endpoint 'CMS.API.Controllers.NotificationsController.GetNotifications (CMS.API)'
2026-09-24 22:57:58.655 +03:00 [INF] Executed action CMS.API.Controllers.SettingsController.GetSettings (CMS.API) in 15.911ms
2026-09-24 22:57:58.661 +03:00 [INF] Executed endpoint 'CMS.API.Controllers.DashboardController.GetMetrics (CMS.API)'
2026-09-24 22:57:58.664 +03:00 [INF] Request starting HTTP/1.1 GET http://127.0.0.1:5010/api/v1/settings - null null
2026-09-24 22:57:58.666 +03:00 [INF] Route matched with {action = "GetNotifications", controller = "Notifications"}. Executing controller action with signature System.Threading.Tasks.Task`1[Microsoft.AspNetCore.Mvc.IActionResult] GetNotifications(System.Nullable`1[System.Int32], System.String) on controller CMS.API.Controllers.NotificationsController (CMS.API).
2026-09-24 22:57:58.671 +03:00 [INF] Executed endpoint 'CMS.API.Controllers.SettingsController.GetSettings (CMS.API)'
2026-09-24 22:57:58.676 +03:00 [INF] Request finished HTTP/1.1 GET http://127.0.0.1:5010/api/v1/dashboard/metrics - 200 null application/json; charset=utf-8 290.36ms
2026-09-24 22:57:58.689 +03:00 [INF] Failed to validate the token.
Microsoft.IdentityModel.Tokens.SecurityTokenSignatureKeyNotFoundException: IDX10517: Signature validation failed. The token's kid is missing. Keys tried: 'Microsoft.IdentityModel.Tokens.SymmetricSecurityKey, KeyId: '', InternalId: 'VNGqhB7kZ75afXrNakqPyb1WYggzQUo6Cgi8Kx2i7Zs'. , KeyId: 
'. Number of keys in TokenValidationParameters: '1'. 
Number of keys in Configuration: '0'. 
Exceptions caught:
 '[PII of type 'System.Text.StringBuilder' is hidden. For more details, see https://aka.ms/IdentityModel/PII.]'.
token: '[PII of type 'Microsoft.IdentityModel.JsonWebTokens.JsonWebToken' is hidden. For more details, see https://aka.ms/IdentityModel/PII.]'. See https://aka.ms/IDX10503 for details.
   at Microsoft.IdentityModel.JsonWebTokens.JsonWebTokenHandler.ValidateSignature(JsonWebToken jwtToken, TokenValidationParameters validationParameters, BaseConfiguration configuration)
   at Microsoft.IdentityModel.JsonWebTokens.JsonWebTokenHandler.ValidateSignatureAndIssuerSecurityKey(JsonWebToken jsonWebToken, TokenValidationParameters validationParameters, BaseConfiguration configuration)
   at Microsoft.IdentityModel.JsonWebTokens.JsonWebTokenHandler.ValidateJWSAsync(JsonWebToken jsonWebToken, TokenValidationParameters validationParameters, BaseConfiguration configuration)
2026-09-24 22:57:58.700 +03:00 [INF] Executing OkObjectResult, writing value of type 'CMS.Shared.DTOs.ApiResponse`1[[System.Collections.Generic.List`1[[CMS.Shared.DTOs.NotificationItemDto, CMS.Shared, Version=1.0.0.0, Culture=neutral, PublicKeyToken=null]], System.Private.CoreLib, Version=8.0.0.0, Culture=neutral, PublicKeyToken=7cec85d7bea7798e]]'.
2026-09-24 22:57:58.703 +03:00 [INF] Request finished HTTP/1.1 GET http://127.0.0.1:5010/api/v1/settings - 200 null application/json; charset=utf-8 250.0972ms
2026-09-24 22:57:58.736 +03:00 [INF] Bearer was not authenticated. Failure message: IDX10517: Signature validation failed. The token's kid is missing. Keys tried: 'Microsoft.IdentityModel.Tokens.SymmetricSecurityKey, KeyId: '', InternalId: 'VNGqhB7kZ75afXrNakqPyb1WYggzQUo6Cgi8Kx2i7Zs'. , KeyId: 
'. Number of keys in TokenValidationParameters: '1'. 
Number of keys in Configuration: '0'. 
Exceptions caught:
 '[PII of type 'System.Text.StringBuilder' is hidden. For more details, see https://aka.ms/IdentityModel/PII.]'.
token: '[PII of type 'Microsoft.IdentityModel.JsonWebTokens.JsonWebToken' is hidden. For more details, see https://aka.ms/IdentityModel/PII.]'. See https://aka.ms/IDX10503 for details.
2026-09-24 22:57:58.742 +03:00 [INF] Executed action CMS.API.Controllers.NotificationsController.GetNotifications (CMS.API) in 46.2912ms
2026-09-24 22:57:58.764 +03:00 [INF] Executing endpoint 'CMS.API.Controllers.SettingsController.GetSettings (CMS.API)'
2026-09-24 22:57:58.771 +03:00 [INF] Executed endpoint 'CMS.API.Controllers.NotificationsController.GetNotifications (CMS.API)'
2026-09-24 22:57:58.777 +03:00 [INF] Route matched with {action = "GetSettings", controller = "Settings"}. Executing controller action with signature System.Threading.Tasks.Task`1[Microsoft.AspNetCore.Mvc.IActionResult] GetSettings() on controller CMS.API.Controllers.SettingsController (CMS.API).
2026-09-24 22:57:58.782 +03:00 [INF] Request finished HTTP/1.1 GET http://127.0.0.1:5010/api/v1/notifications - 200 null application/json; charset=utf-8 243.9497ms
2026-09-24 22:57:58.798 +03:00 [INF] Executing OkObjectResult, writing value of type 'CMS.Shared.DTOs.ApiResponse`1[[System.Collections.Generic.List`1[[CMS.Shared.DTOs.ClinicSettingDto, CMS.Shared, Version=1.0.0.0, Culture=neutral, PublicKeyToken=null]], System.Private.CoreLib, Version=8.0.0.0, Culture=neutral, PublicKeyToken=7cec85d7bea7798e]]'.
2026-09-24 22:57:58.830 +03:00 [INF] Executed action CMS.API.Controllers.SettingsController.GetSettings (CMS.API) in 36.9089ms
2026-09-24 22:57:58.847 +03:00 [INF] Executed endpoint 'CMS.API.Controllers.SettingsController.GetSettings (CMS.API)'
2026-09-24 22:57:58.848 +03:00 [INF] Request starting HTTP/1.1 GET http://127.0.0.1:5010/api/v1/settings - null null
2026-09-24 22:57:58.856 +03:00 [INF] Request finished HTTP/1.1 GET http://127.0.0.1:5010/api/v1/settings - 200 null application/json; charset=utf-8 192.6165ms
2026-09-24 22:57:58.880 +03:00 [INF] Executing endpoint 'CMS.API.Controllers.SettingsController.GetSettings (CMS.API)'
2026-09-24 22:57:58.916 +03:00 [INF] Route matched with {action = "GetSettings", controller = "Settings"}. Executing controller action with signature System.Threading.Tasks.Task`1[Microsoft.AspNetCore.Mvc.IActionResult] GetSettings() on controller CMS.API.Controllers.SettingsController (CMS.API).
2026-09-24 22:57:58.935 +03:00 [INF] Executing OkObjectResult, writing value of type 'CMS.Shared.DTOs.ApiResponse`1[[System.Collections.Generic.List`1[[CMS.Shared.DTOs.ClinicSettingDto, CMS.Shared, Version=1.0.0.0, Culture=neutral, PublicKeyToken=null]], System.Private.CoreLib, Version=8.0.0.0, Culture=neutral, PublicKeyToken=7cec85d7bea7798e]]'.
2026-09-24 22:57:58.945 +03:00 [INF] Executed action CMS.API.Controllers.SettingsController.GetSettings (CMS.API) in 14.4684ms
2026-09-24 22:57:58.957 +03:00 [INF] Executed endpoint 'CMS.API.Controllers.SettingsController.GetSettings (CMS.API)'
2026-09-24 22:57:58.961 +03:00 [INF] Request starting HTTP/1.1 GET http://127.0.0.1:5010/api/v1/settings - null null
2026-09-24 22:57:58.969 +03:00 [INF] Request finished HTTP/1.1 GET http://127.0.0.1:5010/api/v1/settings - 200 null application/json; charset=utf-8 121.3972ms
2026-09-24 22:57:58.987 +03:00 [INF] Failed to validate the token.
Microsoft.IdentityModel.Tokens.SecurityTokenSignatureKeyNotFoundException: IDX10517: Signature validation failed. The token's kid is missing. Keys tried: 'Microsoft.IdentityModel.Tokens.SymmetricSecurityKey, KeyId: '', InternalId: 'VNGqhB7kZ75afXrNakqPyb1WYggzQUo6Cgi8Kx2i7Zs'. , KeyId: 
'. Number of keys in TokenValidationParameters: '1'. 
Number of keys in Configuration: '0'. 
Exceptions caught:
 '[PII of type 'System.Text.StringBuilder' is hidden. For more details, see https://aka.ms/IdentityModel/PII.]'.
token: '[PII of type 'Microsoft.IdentityModel.JsonWebTokens.JsonWebToken' is hidden. For more details, see https://aka.ms/IdentityModel/PII.]'. See https://aka.ms/IDX10503 for details.
   at Microsoft.IdentityModel.JsonWebTokens.JsonWebTokenHandler.ValidateSignature(JsonWebToken jwtToken, TokenValidationParameters validationParameters, BaseConfiguration configuration)
   at Microsoft.IdentityModel.JsonWebTokens.JsonWebTokenHandler.ValidateSignatureAndIssuerSecurityKey(JsonWebToken jsonWebToken, TokenValidationParameters validationParameters, BaseConfiguration configuration)
   at Microsoft.IdentityModel.JsonWebTokens.JsonWebTokenHandler.ValidateJWSAsync(JsonWebToken jsonWebToken, TokenValidationParameters validationParameters, BaseConfiguration configuration)
2026-09-24 22:57:59.025 +03:00 [INF] Bearer was not authenticated. Failure message: IDX10517: Signature validation failed. The token's kid is missing. Keys tried: 'Microsoft.IdentityModel.Tokens.SymmetricSecurityKey, KeyId: '', InternalId: 'VNGqhB7kZ75afXrNakqPyb1WYggzQUo6Cgi8Kx2i7Zs'. , KeyId: 
'. Number of keys in TokenValidationParameters: '1'. 
Number of keys in Configuration: '0'. 
Exceptions caught:
 '[PII of type 'System.Text.StringBuilder' is hidden. For more details, see https://aka.ms/IdentityModel/PII.]'.
token: '[PII of type 'Microsoft.IdentityModel.JsonWebTokens.JsonWebToken' is hidden. For more details, see https://aka.ms/IdentityModel/PII.]'. See https://aka.ms/IDX10503 for details.
2026-09-24 22:57:59.040 +03:00 [INF] Executing endpoint 'CMS.API.Controllers.SettingsController.GetSettings (CMS.API)'
2026-09-24 22:57:59.054 +03:00 [INF] Route matched with {action = "GetSettings", controller = "Settings"}. Executing controller action with signature System.Threading.Tasks.Task`1[Microsoft.AspNetCore.Mvc.IActionResult] GetSettings() on controller CMS.API.Controllers.SettingsController (CMS.API).
2026-09-24 22:57:59.072 +03:00 [INF] Executing OkObjectResult, writing value of type 'CMS.Shared.DTOs.ApiResponse`1[[System.Collections.Generic.List`1[[CMS.Shared.DTOs.ClinicSettingDto, CMS.Shared, Version=1.0.0.0, Culture=neutral, PublicKeyToken=null]], System.Private.CoreLib, Version=8.0.0.0, Culture=neutral, PublicKeyToken=7cec85d7bea7798e]]'.
2026-09-24 22:57:59.082 +03:00 [INF] Executed action CMS.API.Controllers.SettingsController.GetSettings (CMS.API) in 14.1444ms
2026-09-24 22:57:59.100 +03:00 [INF] Executed endpoint 'CMS.API.Controllers.SettingsController.GetSettings (CMS.API)'
2026-09-24 22:57:59.111 +03:00 [INF] Request finished HTTP/1.1 GET http://127.0.0.1:5010/api/v1/settings - 200 null application/json; charset=utf-8 150.3054ms
2026-09-24 22:58:01.523 +03:00 [INF] Request starting HTTP/1.1 GET http://127.0.0.1:5010/api/v1/notifications - application/json null
2026-09-24 22:58:01.540 +03:00 [INF] Failed to validate the token.
Microsoft.IdentityModel.Tokens.SecurityTokenSignatureKeyNotFoundException: IDX10517: Signature validation failed. The token's kid is missing. Keys tried: 'Microsoft.IdentityModel.Tokens.SymmetricSecurityKey, KeyId: '', InternalId: 'VNGqhB7kZ75afXrNakqPyb1WYggzQUo6Cgi8Kx2i7Zs'. , KeyId: 
'. Number of keys in TokenValidationParameters: '1'. 
Number of keys in Configuration: '0'. 
Exceptions caught:
 '[PII of type 'System.Text.StringBuilder' is hidden. For more details, see https://aka.ms/IdentityModel/PII.]'.
token: '[PII of type 'Microsoft.IdentityModel.JsonWebTokens.JsonWebToken' is hidden. For more details, see https://aka.ms/IdentityModel/PII.]'. See https://aka.ms/IDX10503 for details.
   at Microsoft.IdentityModel.JsonWebTokens.JsonWebTokenHandler.ValidateSignature(JsonWebToken jwtToken, TokenValidationParameters validationParameters, BaseConfiguration configuration)
   at Microsoft.IdentityModel.JsonWebTokens.JsonWebTokenHandler.ValidateSignatureAndIssuerSecurityKey(JsonWebToken jsonWebToken, TokenValidationParameters validationParameters, BaseConfiguration configuration)
   at Microsoft.IdentityModel.JsonWebTokens.JsonWebTokenHandler.ValidateJWSAsync(JsonWebToken jsonWebToken, TokenValidationParameters validationParameters, BaseConfiguration configuration)
2026-09-24 22:58:01.551 +03:00 [INF] Bearer was not authenticated. Failure message: IDX10517: Signature validation failed. The token's kid is missing. Keys tried: 'Microsoft.IdentityModel.Tokens.SymmetricSecurityKey, KeyId: '', InternalId: 'VNGqhB7kZ75afXrNakqPyb1WYggzQUo6Cgi8Kx2i7Zs'. , KeyId: 
'. Number of keys in TokenValidationParameters: '1'. 
Number of keys in Configuration: '0'. 
Exceptions caught:
 '[PII of type 'System.Text.StringBuilder' is hidden. For more details, see https://aka.ms/IdentityModel/PII.]'.
token: '[PII of type 'Microsoft.IdentityModel.JsonWebTokens.JsonWebToken' is hidden. For more details, see https://aka.ms/IdentityModel/PII.]'. See https://aka.ms/IDX10503 for details.
2026-09-24 22:58:01.556 +03:00 [INF] Executing endpoint 'CMS.API.Controllers.NotificationsController.GetNotifications (CMS.API)'
2026-09-24 22:58:01.567 +03:00 [INF] Route matched with {action = "GetNotifications", controller = "Notifications"}. Executing controller action with signature System.Threading.Tasks.Task`1[Microsoft.AspNetCore.Mvc.IActionResult] GetNotifications(System.Nullable`1[System.Int32], System.String) on controller CMS.API.Controllers.NotificationsController (CMS.API).
2026-09-24 22:58:01.583 +03:00 [INF] Executing OkObjectResult, writing value of type 'CMS.Shared.DTOs.ApiResponse`1[[System.Collections.Generic.List`1[[CMS.Shared.DTOs.NotificationItemDto, CMS.Shared, Version=1.0.0.0, Culture=neutral, PublicKeyToken=null]], System.Private.CoreLib, Version=8.0.0.0, Culture=neutral, PublicKeyToken=7cec85d7bea7798e]]'.
2026-09-24 22:58:01.589 +03:00 [INF] Executed action CMS.API.Controllers.NotificationsController.GetNotifications (CMS.API) in 8.7798ms
2026-09-24 22:58:01.598 +03:00 [INF] Executed endpoint 'CMS.API.Controllers.NotificationsController.GetNotifications (CMS.API)'
2026-09-24 22:58:01.602 +03:00 [INF] Request finished HTTP/1.1 GET http://127.0.0.1:5010/api/v1/notifications - 200 null application/json; charset=utf-8 79.3782ms
2026-09-24 22:58:13.839 +03:00 [INF] Request starting HTTP/1.1 GET http://127.0.0.1:5010/api/v1/notifications - application/json null
2026-09-24 22:58:15.889 +03:00 [INF] Failed to validate the token.
Microsoft.IdentityModel.Tokens.SecurityTokenSignatureKeyNotFoundException: IDX10517: Signature validation failed. The token's kid is missing. Keys tried: 'Microsoft.IdentityModel.Tokens.SymmetricSecurityKey, KeyId: '', InternalId: 'VNGqhB7kZ75afXrNakqPyb1WYggzQUo6Cgi8Kx2i7Zs'. , KeyId: 
'. Number of keys in TokenValidationParameters: '1'. 
Number of keys in Configuration: '0'. 
Exceptions caught:
 '[PII of type 'System.Text.StringBuilder' is hidden. For more details, see https://aka.ms/IdentityModel/PII.]'.
token: '[PII of type 'Microsoft.IdentityModel.JsonWebTokens.JsonWebToken' is hidden. For more details, see https://aka.ms/IdentityModel/PII.]'. See https://aka.ms/IDX10503 for details.
   at Microsoft.IdentityModel.JsonWebTokens.JsonWebTokenHandler.ValidateSignature(JsonWebToken jwtToken, TokenValidationParameters validationParameters, BaseConfiguration configuration)
   at Microsoft.IdentityModel.JsonWebTokens.JsonWebTokenHandler.ValidateSignatureAndIssuerSecurityKey(JsonWebToken jsonWebToken, TokenValidationParameters validationParameters, BaseConfiguration configuration)
   at Microsoft.IdentityModel.JsonWebTokens.JsonWebTokenHandler.ValidateJWSAsync(JsonWebToken jsonWebToken, TokenValidationParameters validationParameters, BaseConfiguration configuration)
2026-09-24 22:58:17.996 +03:00 [INF] Bearer was not authenticated. Failure message: IDX10517: Signature validation failed. The token's kid is missing. Keys tried: 'Microsoft.IdentityModel.Tokens.SymmetricSecurityKey, KeyId: '', InternalId: 'VNGqhB7kZ75afXrNakqPyb1WYggzQUo6Cgi8Kx2i7Zs'. , KeyId: 
'. Number of keys in TokenValidationParameters: '1'. 
Number of keys in Configuration: '0'. 
Exceptions caught:
 '[PII of type 'System.Text.StringBuilder' is hidden. For more details, see https://aka.ms/IdentityModel/PII.]'.
token: '[PII of type 'Microsoft.IdentityModel.JsonWebTokens.JsonWebToken' is hidden. For more details, see https://aka.ms/IdentityModel/PII.]'. See https://aka.ms/IDX10503 for details.
2026-09-24 22:58:19.288 +03:00 [INF] Executing endpoint 'CMS.API.Controllers.NotificationsController.GetNotifications (CMS.API)'
2026-09-24 22:58:20.437 +03:00 [INF] Route matched with {action = "GetNotifications", controller = "Notifications"}. Executing controller action with signature System.Threading.Tasks.Task`1[Microsoft.AspNetCore.Mvc.IActionResult] GetNotifications(System.Nullable`1[System.Int32], System.String) on controller CMS.API.Controllers.NotificationsController (CMS.API).
2026-09-24 22:58:21.165 +03:00 [INF] Executing OkObjectResult, writing value of type 'CMS.Shared.DTOs.ApiResponse`1[[System.Collections.Generic.List`1[[CMS.Shared.DTOs.NotificationItemDto, CMS.Shared, Version=1.0.0.0, Culture=neutral, PublicKeyToken=null]], System.Private.CoreLib, Version=8.0.0.0, Culture=neutral, PublicKeyToken=7cec85d7bea7798e]]'.
2026-09-24 22:58:22.402 +03:00 [INF] Executed action CMS.API.Controllers.NotificationsController.GetNotifications (CMS.API) in 1255.7131ms
2026-09-24 22:58:23.158 +03:00 [INF] Executed endpoint 'CMS.API.Controllers.NotificationsController.GetNotifications (CMS.API)'
2026-09-24 22:58:23.391 +03:00 [INF] Request finished HTTP/1.1 GET http://127.0.0.1:5010/api/v1/notifications - 200 null application/json; charset=utf-8 9551.7784ms
2026-09-24 22:58:28.241 +03:00 [INF] Request starting HTTP/1.1 GET http://127.0.0.1:5010/api/v1/notifications - application/json null
2026-09-24 22:58:28.270 +03:00 [INF] Failed to validate the token.
Microsoft.IdentityModel.Tokens.SecurityTokenSignatureKeyNotFoundException: IDX10517: Signature validation failed. The token's kid is missing. Keys tried: 'Microsoft.IdentityModel.Tokens.SymmetricSecurityKey, KeyId: '', InternalId: 'VNGqhB7kZ75afXrNakqPyb1WYggzQUo6Cgi8Kx2i7Zs'. , KeyId: 
'. Number of keys in TokenValidationParameters: '1'. 
Number of keys in Configuration: '0'. 
Exceptions caught:
 '[PII of type 'System.Text.StringBuilder' is hidden. For more details, see https://aka.ms/IdentityModel/PII.]'.
token: '[PII of type 'Microsoft.IdentityModel.JsonWebTokens.JsonWebToken' is hidden. For more details, see https://aka.ms/IdentityModel/PII.]'. See https://aka.ms/IDX10503 for details.
   at Microsoft.IdentityModel.JsonWebTokens.JsonWebTokenHandler.ValidateSignature(JsonWebToken jwtToken, TokenValidationParameters validationParameters, BaseConfiguration configuration)
   at Microsoft.IdentityModel.JsonWebTokens.JsonWebTokenHandler.ValidateSignatureAndIssuerSecurityKey(JsonWebToken jsonWebToken, TokenValidationParameters validationParameters, BaseConfiguration configuration)
   at Microsoft.IdentityModel.JsonWebTokens.JsonWebTokenHandler.ValidateJWSAsync(JsonWebToken jsonWebToken, TokenValidationParameters validationParameters, BaseConfiguration configuration)
2026-09-24 22:58:28.292 +03:00 [INF] Bearer was not authenticated. Failure message: IDX10517: Signature validation failed. The token's kid is missing. Keys tried: 'Microsoft.IdentityModel.Tokens.SymmetricSecurityKey, KeyId: '', InternalId: 'VNGqhB7kZ75afXrNakqPyb1WYggzQUo6Cgi8Kx2i7Zs'. , KeyId: 
'. Number of keys in TokenValidationParameters: '1'. 
Number of keys in Configuration: '0'. 
Exceptions caught:
 '[PII of type 'System.Text.StringBuilder' is hidden. For more details, see https://aka.ms/IdentityModel/PII.]'.
token: '[PII of type 'Microsoft.IdentityModel.JsonWebTokens.JsonWebToken' is hidden. For more details, see https://aka.ms/IdentityModel/PII.]'. See https://aka.ms/IDX10503 for details.
2026-09-24 22:58:28.313 +03:00 [INF] Executing endpoint 'CMS.API.Controllers.NotificationsController.GetNotifications (CMS.API)'
2026-09-24 22:58:28.316 +03:00 [INF] Route matched with {action = "GetNotifications", controller = "Notifications"}. Executing controller action with signature System.Threading.Tasks.Task`1[Microsoft.AspNetCore.Mvc.IActionResult] GetNotifications(System.Nullable`1[System.Int32], System.String) on controller CMS.API.Controllers.NotificationsController (CMS.API).
2026-09-24 22:58:28.383 +03:00 [INF] Executing OkObjectResult, writing value of type 'CMS.Shared.DTOs.ApiResponse`1[[System.Collections.Generic.List`1[[CMS.Shared.DTOs.NotificationItemDto, CMS.Shared, Version=1.0.0.0, Culture=neutral, PublicKeyToken=null]], System.Private.CoreLib, Version=8.0.0.0, Culture=neutral, PublicKeyToken=7cec85d7bea7798e]]'.
2026-09-24 22:58:28.425 +03:00 [INF] Executed action CMS.API.Controllers.NotificationsController.GetNotifications (CMS.API) in 61.3811ms
2026-09-24 22:58:28.452 +03:00 [INF] Executed endpoint 'CMS.API.Controllers.NotificationsController.GetNotifications (CMS.API)'
2026-09-24 22:58:28.455 +03:00 [INF] Request finished HTTP/1.1 GET http://127.0.0.1:5010/api/v1/notifications - 200 null application/json; charset=utf-8 214.3128ms
2026-09-24 22:58:28.570 +03:00 [INF] Request starting HTTP/1.1 GET http://127.0.0.1:5010/api/v1/notifications - application/json null
2026-09-24 22:58:28.941 +03:00 [INF] Failed to validate the token.
Microsoft.IdentityModel.Tokens.SecurityTokenSignatureKeyNotFoundException: IDX10517: Signature validation failed. The token's kid is missing. Keys tried: 'Microsoft.IdentityModel.Tokens.SymmetricSecurityKey, KeyId: '', InternalId: 'VNGqhB7kZ75afXrNakqPyb1WYggzQUo6Cgi8Kx2i7Zs'. , KeyId: 
'. Number of keys in TokenValidationParameters: '1'. 
Number of keys in Configuration: '0'. 
Exceptions caught:
 '[PII of type 'System.Text.StringBuilder' is hidden. For more details, see https://aka.ms/IdentityModel/PII.]'.
token: '[PII of type 'Microsoft.IdentityModel.JsonWebTokens.JsonWebToken' is hidden. For more details, see https://aka.ms/IdentityModel/PII.]'. See https://aka.ms/IDX10503 for details.
   at Microsoft.IdentityModel.JsonWebTokens.JsonWebTokenHandler.ValidateSignature(JsonWebToken jwtToken, TokenValidationParameters validationParameters, BaseConfiguration configuration)
   at Microsoft.IdentityModel.JsonWebTokens.JsonWebTokenHandler.ValidateSignatureAndIssuerSecurityKey(JsonWebToken jsonWebToken, TokenValidationParameters validationParameters, BaseConfiguration configuration)
   at Microsoft.IdentityModel.JsonWebTokens.JsonWebTokenHandler.ValidateJWSAsync(JsonWebToken jsonWebToken, TokenValidationParameters validationParameters, BaseConfiguration configuration)
2026-09-24 22:58:28.970 +03:00 [INF] Bearer was not authenticated. Failure message: IDX10517: Signature validation failed. The token's kid is missing. Keys tried: 'Microsoft.IdentityModel.Tokens.SymmetricSecurityKey, KeyId: '', InternalId: 'VNGqhB7kZ75afXrNakqPyb1WYggzQUo6Cgi8Kx2i7Zs'. , KeyId: 
'. Number of keys in TokenValidationParameters: '1'. 
Number of keys in Configuration: '0'. 
Exceptions caught:
 '[PII of type 'System.Text.StringBuilder' is hidden. For more details, see https://aka.ms/IdentityModel/PII.]'.
token: '[PII of type 'Microsoft.IdentityModel.JsonWebTokens.JsonWebToken' is hidden. For more details, see https://aka.ms/IdentityModel/PII.]'. See https://aka.ms/IDX10503 for details.
2026-09-24 22:58:28.984 +03:00 [INF] Executing endpoint 'CMS.API.Controllers.NotificationsController.GetNotifications (CMS.API)'
2026-09-24 22:58:28.993 +03:00 [INF] Route matched with {action = "GetNotifications", controller = "Notifications"}. Executing controller action with signature System.Threading.Tasks.Task`1[Microsoft.AspNetCore.Mvc.IActionResult] GetNotifications(System.Nullable`1[System.Int32], System.String) on controller CMS.API.Controllers.NotificationsController (CMS.API).
2026-09-24 22:58:29.010 +03:00 [INF] Executing OkObjectResult, writing value of type 'CMS.Shared.DTOs.ApiResponse`1[[System.Collections.Generic.List`1[[CMS.Shared.DTOs.NotificationItemDto, CMS.Shared, Version=1.0.0.0, Culture=neutral, PublicKeyToken=null]], System.Private.CoreLib, Version=8.0.0.0, Culture=neutral, PublicKeyToken=7cec85d7bea7798e]]'.
2026-09-24 22:58:29.017 +03:00 [INF] Executed action CMS.API.Controllers.NotificationsController.GetNotifications (CMS.API) in 10.4308ms
2026-09-24 22:58:29.028 +03:00 [INF] Executed endpoint 'CMS.API.Controllers.NotificationsController.GetNotifications (CMS.API)'
2026-09-24 22:58:29.039 +03:00 [INF] Request finished HTTP/1.1 GET http://127.0.0.1:5010/api/v1/notifications - 200 null application/json; charset=utf-8 468.748ms
2026-09-24 22:58:43.540 +03:00 [INF] Request starting HTTP/1.1 GET http://127.0.0.1:5010/api/v1/notifications - application/json null
2026-09-24 22:58:43.546 +03:00 [INF] Request starting HTTP/1.1 GET http://127.0.0.1:5010/api/v1/notifications - application/json null
2026-09-24 22:58:43.668 +03:00 [INF] Failed to validate the token.
Microsoft.IdentityModel.Tokens.SecurityTokenSignatureKeyNotFoundException: IDX10517: Signature validation failed. The token's kid is missing. Keys tried: 'Microsoft.IdentityModel.Tokens.SymmetricSecurityKey, KeyId: '', InternalId: 'VNGqhB7kZ75afXrNakqPyb1WYggzQUo6Cgi8Kx2i7Zs'. , KeyId: 
'. Number of keys in TokenValidationParameters: '1'. 
Number of keys in Configuration: '0'. 
Exceptions caught:
 '[PII of type 'System.Text.StringBuilder' is hidden. For more details, see https://aka.ms/IdentityModel/PII.]'.
token: '[PII of type 'Microsoft.IdentityModel.JsonWebTokens.JsonWebToken' is hidden. For more details, see https://aka.ms/IdentityModel/PII.]'. See https://aka.ms/IDX10503 for details.
   at Microsoft.IdentityModel.JsonWebTokens.JsonWebTokenHandler.ValidateSignature(JsonWebToken jwtToken, TokenValidationParameters validationParameters, BaseConfiguration configuration)
   at Microsoft.IdentityModel.JsonWebTokens.JsonWebTokenHandler.ValidateSignatureAndIssuerSecurityKey(JsonWebToken jsonWebToken, TokenValidationParameters validationParameters, BaseConfiguration configuration)
   at Microsoft.IdentityModel.JsonWebTokens.JsonWebTokenHandler.ValidateJWSAsync(JsonWebToken jsonWebToken, TokenValidationParameters validationParameters, BaseConfiguration configuration)
2026-09-24 22:58:43.707 +03:00 [INF] Failed to validate the token.
Microsoft.IdentityModel.Tokens.SecurityTokenSignatureKeyNotFoundException: IDX10517: Signature validation failed. The token's kid is missing. Keys tried: 'Microsoft.IdentityModel.Tokens.SymmetricSecurityKey, KeyId: '', InternalId: 'VNGqhB7kZ75afXrNakqPyb1WYggzQUo6Cgi8Kx2i7Zs'. , KeyId: 
'. Number of keys in TokenValidationParameters: '1'. 
Number of keys in Configuration: '0'. 
Exceptions caught:
 '[PII of type 'System.Text.StringBuilder' is hidden. For more details, see https://aka.ms/IdentityModel/PII.]'.
token: '[PII of type 'Microsoft.IdentityModel.JsonWebTokens.JsonWebToken' is hidden. For more details, see https://aka.ms/IdentityModel/PII.]'. See https://aka.ms/IDX10503 for details.
   at Microsoft.IdentityModel.JsonWebTokens.JsonWebTokenHandler.ValidateSignature(JsonWebToken jwtToken, TokenValidationParameters validationParameters, BaseConfiguration configuration)
   at Microsoft.IdentityModel.JsonWebTokens.JsonWebTokenHandler.ValidateSignatureAndIssuerSecurityKey(JsonWebToken jsonWebToken, TokenValidationParameters validationParameters, BaseConfiguration configuration)
   at Microsoft.IdentityModel.JsonWebTokens.JsonWebTokenHandler.ValidateJWSAsync(JsonWebToken jsonWebToken, TokenValidationParameters validationParameters, BaseConfiguration configuration)
2026-09-24 22:58:43.734 +03:00 [INF] Bearer was not authenticated. Failure message: IDX10517: Signature validation failed. The token's kid is missing. Keys tried: 'Microsoft.IdentityModel.Tokens.SymmetricSecurityKey, KeyId: '', InternalId: 'VNGqhB7kZ75afXrNakqPyb1WYggzQUo6Cgi8Kx2i7Zs'. , KeyId: 
'. Number of keys in TokenValidationParameters: '1'. 
Number of keys in Configuration: '0'. 
Exceptions caught:
 '[PII of type 'System.Text.StringBuilder' is hidden. For more details, see https://aka.ms/IdentityModel/PII.]'.
token: '[PII of type 'Microsoft.IdentityModel.JsonWebTokens.JsonWebToken' is hidden. For more details, see https://aka.ms/IdentityModel/PII.]'. See https://aka.ms/IDX10503 for details.
2026-09-24 22:58:43.742 +03:00 [INF] Bearer was not authenticated. Failure message: IDX10517: Signature validation failed. The token's kid is missing. Keys tried: 'Microsoft.IdentityModel.Tokens.SymmetricSecurityKey, KeyId: '', InternalId: 'VNGqhB7kZ75afXrNakqPyb1WYggzQUo6Cgi8Kx2i7Zs'. , KeyId: 
'. Number of keys in TokenValidationParameters: '1'. 
Number of keys in Configuration: '0'. 
Exceptions caught:
 '[PII of type 'System.Text.StringBuilder' is hidden. For more details, see https://aka.ms/IdentityModel/PII.]'.
token: '[PII of type 'Microsoft.IdentityModel.JsonWebTokens.JsonWebToken' is hidden. For more details, see https://aka.ms/IdentityModel/PII.]'. See https://aka.ms/IDX10503 for details.
2026-09-24 22:58:43.746 +03:00 [INF] Executing endpoint 'CMS.API.Controllers.NotificationsController.GetNotifications (CMS.API)'
2026-09-24 22:58:43.750 +03:00 [INF] Executing endpoint 'CMS.API.Controllers.NotificationsController.GetNotifications (CMS.API)'
2026-09-24 22:58:43.754 +03:00 [INF] Route matched with {action = "GetNotifications", controller = "Notifications"}. Executing controller action with signature System.Threading.Tasks.Task`1[Microsoft.AspNetCore.Mvc.IActionResult] GetNotifications(System.Nullable`1[System.Int32], System.String) on controller CMS.API.Controllers.NotificationsController (CMS.API).
2026-09-24 22:58:43.757 +03:00 [INF] Route matched with {action = "GetNotifications", controller = "Notifications"}. Executing controller action with signature System.Threading.Tasks.Task`1[Microsoft.AspNetCore.Mvc.IActionResult] GetNotifications(System.Nullable`1[System.Int32], System.String) on controller CMS.API.Controllers.NotificationsController (CMS.API).
2026-09-24 22:58:43.768 +03:00 [INF] Executing OkObjectResult, writing value of type 'CMS.Shared.DTOs.ApiResponse`1[[System.Collections.Generic.List`1[[CMS.Shared.DTOs.NotificationItemDto, CMS.Shared, Version=1.0.0.0, Culture=neutral, PublicKeyToken=null]], System.Private.CoreLib, Version=8.0.0.0, Culture=neutral, PublicKeyToken=7cec85d7bea7798e]]'.
2026-09-24 22:58:43.790 +03:00 [INF] Executing OkObjectResult, writing value of type 'CMS.Shared.DTOs.ApiResponse`1[[System.Collections.Generic.List`1[[CMS.Shared.DTOs.NotificationItemDto, CMS.Shared, Version=1.0.0.0, Culture=neutral, PublicKeyToken=null]], System.Private.CoreLib, Version=8.0.0.0, Culture=neutral, PublicKeyToken=7cec85d7bea7798e]]'.
2026-09-24 22:58:43.799 +03:00 [INF] Executed action CMS.API.Controllers.NotificationsController.GetNotifications (CMS.API) in 37.075ms
2026-09-24 22:58:43.807 +03:00 [INF] Executed action CMS.API.Controllers.NotificationsController.GetNotifications (CMS.API) in 19.336ms
2026-09-24 22:58:43.816 +03:00 [INF] Executed endpoint 'CMS.API.Controllers.NotificationsController.GetNotifications (CMS.API)'
2026-09-24 22:58:43.820 +03:00 [INF] Executed endpoint 'CMS.API.Controllers.NotificationsController.GetNotifications (CMS.API)'
2026-09-24 22:58:43.824 +03:00 [INF] Request finished HTTP/1.1 GET http://127.0.0.1:5010/api/v1/notifications - 200 null application/json; charset=utf-8 283.6614ms
2026-09-24 22:58:43.845 +03:00 [INF] Request finished HTTP/1.1 GET http://127.0.0.1:5010/api/v1/notifications - 200 null application/json; charset=utf-8 298.6998ms
2026-09-24 22:58:58.529 +03:00 [INF] Request starting HTTP/1.1 GET http://127.0.0.1:5010/api/v1/notifications - application/json null
2026-09-24 22:58:58.707 +03:00 [INF] Failed to validate the token.
Microsoft.IdentityModel.Tokens.SecurityTokenSignatureKeyNotFoundException: IDX10517: Signature validation failed. The token's kid is missing. Keys tried: 'Microsoft.IdentityModel.Tokens.SymmetricSecurityKey, KeyId: '', InternalId: 'VNGqhB7kZ75afXrNakqPyb1WYggzQUo6Cgi8Kx2i7Zs'. , KeyId: 
'. Number of keys in TokenValidationParameters: '1'. 
Number of keys in Configuration: '0'. 
Exceptions caught:
 '[PII of type 'System.Text.StringBuilder' is hidden. For more details, see https://aka.ms/IdentityModel/PII.]'.
token: '[PII of type 'Microsoft.IdentityModel.JsonWebTokens.JsonWebToken' is hidden. For more details, see https://aka.ms/IdentityModel/PII.]'. See https://aka.ms/IDX10503 for details.
   at Microsoft.IdentityModel.JsonWebTokens.JsonWebTokenHandler.ValidateSignature(JsonWebToken jwtToken, TokenValidationParameters validationParameters, BaseConfiguration configuration)
   at Microsoft.IdentityModel.JsonWebTokens.JsonWebTokenHandler.ValidateSignatureAndIssuerSecurityKey(JsonWebToken jsonWebToken, TokenValidationParameters validationParameters, BaseConfiguration configuration)
   at Microsoft.IdentityModel.JsonWebTokens.JsonWebTokenHandler.ValidateJWSAsync(JsonWebToken jsonWebToken, TokenValidationParameters validationParameters, BaseConfiguration configuration)
2026-09-24 22:58:58.753 +03:00 [INF] Bearer was not authenticated. Failure message: IDX10517: Signature validation failed. The token's kid is missing. Keys tried: 'Microsoft.IdentityModel.Tokens.SymmetricSecurityKey, KeyId: '', InternalId: 'VNGqhB7kZ75afXrNakqPyb1WYggzQUo6Cgi8Kx2i7Zs'. , KeyId: 
'. Number of keys in TokenValidationParameters: '1'. 
Number of keys in Configuration: '0'. 
Exceptions caught:
 '[PII of type 'System.Text.StringBuilder' is hidden. For more details, see https://aka.ms/IdentityModel/PII.]'.
token: '[PII of type 'Microsoft.IdentityModel.JsonWebTokens.JsonWebToken' is hidden. For more details, see https://aka.ms/IdentityModel/PII.]'. See https://aka.ms/IDX10503 for details.
2026-09-24 22:58:58.786 +03:00 [INF] Executing endpoint 'CMS.API.Controllers.NotificationsController.GetNotifications (CMS.API)'
2026-09-24 22:58:58.806 +03:00 [INF] Route matched with {action = "GetNotifications", controller = "Notifications"}. Executing controller action with signature System.Threading.Tasks.Task`1[Microsoft.AspNetCore.Mvc.IActionResult] GetNotifications(System.Nullable`1[System.Int32], System.String) on controller CMS.API.Controllers.NotificationsController (CMS.API).
2026-09-24 22:58:58.821 +03:00 [INF] Executing OkObjectResult, writing value of type 'CMS.Shared.DTOs.ApiResponse`1[[System.Collections.Generic.List`1[[CMS.Shared.DTOs.NotificationItemDto, CMS.Shared, Version=1.0.0.0, Culture=neutral, PublicKeyToken=null]], System.Private.CoreLib, Version=8.0.0.0, Culture=neutral, PublicKeyToken=7cec85d7bea7798e]]'.
2026-09-24 22:58:58.838 +03:00 [INF] Executed action CMS.API.Controllers.NotificationsController.GetNotifications (CMS.API) in 19.5767ms
2026-09-24 22:58:58.846 +03:00 [INF] Executed endpoint 'CMS.API.Controllers.NotificationsController.GetNotifications (CMS.API)'
2026-09-24 22:58:58.868 +03:00 [INF] Request finished HTTP/1.1 GET http://127.0.0.1:5010/api/v1/notifications - 200 null application/json; charset=utf-8 339.101ms
2026-09-24 22:59:01.541 +03:00 [INF] Request starting HTTP/1.1 GET http://127.0.0.1:5010/api/v1/notifications - application/json null
2026-09-24 22:59:01.541 +03:00 [INF] Request starting HTTP/1.1 GET http://127.0.0.1:5010/api/v1/notifications - application/json null
2026-09-24 22:59:01.646 +03:00 [INF] Failed to validate the token.
Microsoft.IdentityModel.Tokens.SecurityTokenSignatureKeyNotFoundException: IDX10517: Signature validation failed. The token's kid is missing. Keys tried: 'Microsoft.IdentityModel.Tokens.SymmetricSecurityKey, KeyId: '', InternalId: 'VNGqhB7kZ75afXrNakqPyb1WYggzQUo6Cgi8Kx2i7Zs'. , KeyId: 
'. Number of keys in TokenValidationParameters: '1'. 
Number of keys in Configuration: '0'. 
Exceptions caught:
 '[PII of type 'System.Text.StringBuilder' is hidden. For more details, see https://aka.ms/IdentityModel/PII.]'.
token: '[PII of type 'Microsoft.IdentityModel.JsonWebTokens.JsonWebToken' is hidden. For more details, see https://aka.ms/IdentityModel/PII.]'. See https://aka.ms/IDX10503 for details.
   at Microsoft.IdentityModel.JsonWebTokens.JsonWebTokenHandler.ValidateSignature(JsonWebToken jwtToken, TokenValidationParameters validationParameters, BaseConfiguration configuration)
   at Microsoft.IdentityModel.JsonWebTokens.JsonWebTokenHandler.ValidateSignatureAndIssuerSecurityKey(JsonWebToken jsonWebToken, TokenValidationParameters validationParameters, BaseConfiguration configuration)
   at Microsoft.IdentityModel.JsonWebTokens.JsonWebTokenHandler.ValidateJWSAsync(JsonWebToken jsonWebToken, TokenValidationParameters validationParameters, BaseConfiguration configuration)
2026-09-24 22:59:01.677 +03:00 [INF] Failed to validate the token.
Microsoft.IdentityModel.Tokens.SecurityTokenSignatureKeyNotFoundException: IDX10517: Signature validation failed. The token's kid is missing. Keys tried: 'Microsoft.IdentityModel.Tokens.SymmetricSecurityKey, KeyId: '', InternalId: 'VNGqhB7kZ75afXrNakqPyb1WYggzQUo6Cgi8Kx2i7Zs'. , KeyId: 
'. Number of keys in TokenValidationParameters: '1'. 
Number of keys in Configuration: '0'. 
Exceptions caught:
 '[PII of type 'System.Text.StringBuilder' is hidden. For more details, see https://aka.ms/IdentityModel/PII.]'.
token: '[PII of type 'Microsoft.IdentityModel.JsonWebTokens.JsonWebToken' is hidden. For more details, see https://aka.ms/IdentityModel/PII.]'. See https://aka.ms/IDX10503 for details.
   at Microsoft.IdentityModel.JsonWebTokens.JsonWebTokenHandler.ValidateSignature(JsonWebToken jwtToken, TokenValidationParameters validationParameters, BaseConfiguration configuration)
   at Microsoft.IdentityModel.JsonWebTokens.JsonWebTokenHandler.ValidateSignatureAndIssuerSecurityKey(JsonWebToken jsonWebToken, TokenValidationParameters validationParameters, BaseConfiguration configuration)
   at Microsoft.IdentityModel.JsonWebTokens.JsonWebTokenHandler.ValidateJWSAsync(JsonWebToken jsonWebToken, TokenValidationParameters validationParameters, BaseConfiguration configuration)
2026-09-24 22:59:01.687 +03:00 [INF] Bearer was not authenticated. Failure message: IDX10517: Signature validation failed. The token's kid is missing. Keys tried: 'Microsoft.IdentityModel.Tokens.SymmetricSecurityKey, KeyId: '', InternalId: 'VNGqhB7kZ75afXrNakqPyb1WYggzQUo6Cgi8Kx2i7Zs'. , KeyId: 
'. Number of keys in TokenValidationParameters: '1'. 
Number of keys in Configuration: '0'. 
Exceptions caught:
 '[PII of type 'System.Text.StringBuilder' is hidden. For more details, see https://aka.ms/IdentityModel/PII.]'.
token: '[PII of type 'Microsoft.IdentityModel.JsonWebTokens.JsonWebToken' is hidden. For more details, see https://aka.ms/IdentityModel/PII.]'. See https://aka.ms/IDX10503 for details.
2026-09-24 22:59:01.704 +03:00 [INF] Bearer was not authenticated. Failure message: IDX10517: Signature validation failed. The token's kid is missing. Keys tried: 'Microsoft.IdentityModel.Tokens.SymmetricSecurityKey, KeyId: '', InternalId: 'VNGqhB7kZ75afXrNakqPyb1WYggzQUo6Cgi8Kx2i7Zs'. , KeyId: 
'. Number of keys in TokenValidationParameters: '1'. 
Number of keys in Configuration: '0'. 
Exceptions caught:
 '[PII of type 'System.Text.StringBuilder' is hidden. For more details, see https://aka.ms/IdentityModel/PII.]'.
token: '[PII of type 'Microsoft.IdentityModel.JsonWebTokens.JsonWebToken' is hidden. For more details, see https://aka.ms/IdentityModel/PII.]'. See https://aka.ms/IDX10503 for details.
2026-09-24 22:59:01.708 +03:00 [INF] Executing endpoint 'CMS.API.Controllers.NotificationsController.GetNotifications (CMS.API)'
2026-09-24 22:59:01.713 +03:00 [INF] Executing endpoint 'CMS.API.Controllers.NotificationsController.GetNotifications (CMS.API)'
2026-09-24 22:59:01.718 +03:00 [INF] Route matched with {action = "GetNotifications", controller = "Notifications"}. Executing controller action with signature System.Threading.Tasks.Task`1[Microsoft.AspNetCore.Mvc.IActionResult] GetNotifications(System.Nullable`1[System.Int32], System.String) on controller CMS.API.Controllers.NotificationsController (CMS.API).
2026-09-24 22:59:01.722 +03:00 [INF] Route matched with {action = "GetNotifications", controller = "Notifications"}. Executing controller action with signature System.Threading.Tasks.Task`1[Microsoft.AspNetCore.Mvc.IActionResult] GetNotifications(System.Nullable`1[System.Int32], System.String) on controller CMS.API.Controllers.NotificationsController (CMS.API).
2026-09-24 22:59:01.738 +03:00 [INF] Executing OkObjectResult, writing value of type 'CMS.Shared.DTOs.ApiResponse`1[[System.Collections.Generic.List`1[[CMS.Shared.DTOs.NotificationItemDto, CMS.Shared, Version=1.0.0.0, Culture=neutral, PublicKeyToken=null]], System.Private.CoreLib, Version=8.0.0.0, Culture=neutral, PublicKeyToken=7cec85d7bea7798e]]'.
2026-09-24 22:59:01.755 +03:00 [INF] Executing OkObjectResult, writing value of type 'CMS.Shared.DTOs.ApiResponse`1[[System.Collections.Generic.List`1[[CMS.Shared.DTOs.NotificationItemDto, CMS.Shared, Version=1.0.0.0, Culture=neutral, PublicKeyToken=null]], System.Private.CoreLib, Version=8.0.0.0, Culture=neutral, PublicKeyToken=7cec85d7bea7798e]]'.
2026-09-24 22:59:01.758 +03:00 [INF] Executed action CMS.API.Controllers.NotificationsController.GetNotifications (CMS.API) in 24.4381ms
2026-09-24 22:59:01.771 +03:00 [INF] Executed action CMS.API.Controllers.NotificationsController.GetNotifications (CMS.API) in 20.8574ms
2026-09-24 22:59:01.795 +03:00 [INF] Executed endpoint 'CMS.API.Controllers.NotificationsController.GetNotifications (CMS.API)'
2026-09-24 22:59:01.817 +03:00 [INF] Executed endpoint 'CMS.API.Controllers.NotificationsController.GetNotifications (CMS.API)'
2026-09-24 22:59:01.824 +03:00 [INF] Request finished HTTP/1.1 GET http://127.0.0.1:5010/api/v1/notifications - 200 null application/json; charset=utf-8 282.8693ms
2026-09-24 22:59:01.852 +03:00 [INF] Request finished HTTP/1.1 GET http://127.0.0.1:5010/api/v1/notifications - 200 null application/json; charset=utf-8 311.014ms
2026-09-24 22:59:13.538 +03:00 [INF] Request starting HTTP/1.1 GET http://127.0.0.1:5010/api/v1/notifications - application/json null
2026-09-24 22:59:13.605 +03:00 [INF] Failed to validate the token.
Microsoft.IdentityModel.Tokens.SecurityTokenSignatureKeyNotFoundException: IDX10517: Signature validation failed. The token's kid is missing. Keys tried: 'Microsoft.IdentityModel.Tokens.SymmetricSecurityKey, KeyId: '', InternalId: 'VNGqhB7kZ75afXrNakqPyb1WYggzQUo6Cgi8Kx2i7Zs'. , KeyId: 
'. Number of keys in TokenValidationParameters: '1'. 
Number of keys in Configuration: '0'. 
Exceptions caught:
 '[PII of type 'System.Text.StringBuilder' is hidden. For more details, see https://aka.ms/IdentityModel/PII.]'.
token: '[PII of type 'Microsoft.IdentityModel.JsonWebTokens.JsonWebToken' is hidden. For more details, see https://aka.ms/IdentityModel/PII.]'. See https://aka.ms/IDX10503 for details.
   at Microsoft.IdentityModel.JsonWebTokens.JsonWebTokenHandler.ValidateSignature(JsonWebToken jwtToken, TokenValidationParameters validationParameters, BaseConfiguration configuration)
   at Microsoft.IdentityModel.JsonWebTokens.JsonWebTokenHandler.ValidateSignatureAndIssuerSecurityKey(JsonWebToken jsonWebToken, TokenValidationParameters validationParameters, BaseConfiguration configuration)
   at Microsoft.IdentityModel.JsonWebTokens.JsonWebTokenHandler.ValidateJWSAsync(JsonWebToken jsonWebToken, TokenValidationParameters validationParameters, BaseConfiguration configuration)
2026-09-24 22:59:13.661 +03:00 [INF] Bearer was not authenticated. Failure message: IDX10517: Signature validation failed. The token's kid is missing. Keys tried: 'Microsoft.IdentityModel.Tokens.SymmetricSecurityKey, KeyId: '', InternalId: 'VNGqhB7kZ75afXrNakqPyb1WYggzQUo6Cgi8Kx2i7Zs'. , KeyId: 
'. Number of keys in TokenValidationParameters: '1'. 
Number of keys in Configuration: '0'. 
Exceptions caught:
 '[PII of type 'System.Text.StringBuilder' is hidden. For more details, see https://aka.ms/IdentityModel/PII.]'.
token: '[PII of type 'Microsoft.IdentityModel.JsonWebTokens.JsonWebToken' is hidden. For more details, see https://aka.ms/IdentityModel/PII.]'. See https://aka.ms/IDX10503 for details.
2026-09-24 22:59:13.677 +03:00 [INF] Executing endpoint 'CMS.API.Controllers.NotificationsController.GetNotifications (CMS.API)'
2026-09-24 22:59:13.682 +03:00 [INF] Route matched with {action = "GetNotifications", controller = "Notifications"}. Executing controller action with signature System.Threading.Tasks.Task`1[Microsoft.AspNetCore.Mvc.IActionResult] GetNotifications(System.Nullable`1[System.Int32], System.String) on controller CMS.API.Controllers.NotificationsController (CMS.API).
2026-09-24 22:59:13.706 +03:00 [INF] Executing OkObjectResult, writing value of type 'CMS.Shared.DTOs.ApiResponse`1[[System.Collections.Generic.List`1[[CMS.Shared.DTOs.NotificationItemDto, CMS.Shared, Version=1.0.0.0, Culture=neutral, PublicKeyToken=null]], System.Private.CoreLib, Version=8.0.0.0, Culture=neutral, PublicKeyToken=7cec85d7bea7798e]]'.
2026-09-24 22:59:13.719 +03:00 [INF] Executed action CMS.API.Controllers.NotificationsController.GetNotifications (CMS.API) in 17.2817ms
2026-09-24 22:59:13.746 +03:00 [INF] Executed endpoint 'CMS.API.Controllers.NotificationsController.GetNotifications (CMS.API)'
2026-09-24 22:59:13.758 +03:00 [INF] Request finished HTTP/1.1 GET http://127.0.0.1:5010/api/v1/notifications - 200 null application/json; charset=utf-8 220.4245ms
2026-09-24 22:59:28.636 +03:00 [INF] Request starting HTTP/1.1 GET http://127.0.0.1:5010/api/v1/notifications - application/json null
2026-09-24 22:59:29.820 +03:00 [INF] Failed to validate the token.
Microsoft.IdentityModel.Tokens.SecurityTokenSignatureKeyNotFoundException: IDX10517: Signature validation failed. The token's kid is missing. Keys tried: 'Microsoft.IdentityModel.Tokens.SymmetricSecurityKey, KeyId: '', InternalId: 'VNGqhB7kZ75afXrNakqPyb1WYggzQUo6Cgi8Kx2i7Zs'. , KeyId: 
'. Number of keys in TokenValidationParameters: '1'. 
Number of keys in Configuration: '0'. 
Exceptions caught:
 '[PII of type 'System.Text.StringBuilder' is hidden. For more details, see https://aka.ms/IdentityModel/PII.]'.
token: '[PII of type 'Microsoft.IdentityModel.JsonWebTokens.JsonWebToken' is hidden. For more details, see https://aka.ms/IdentityModel/PII.]'. See https://aka.ms/IDX10503 for details.
   at Microsoft.IdentityModel.JsonWebTokens.JsonWebTokenHandler.ValidateSignature(JsonWebToken jwtToken, TokenValidationParameters validationParameters, BaseConfiguration configuration)
   at Microsoft.IdentityModel.JsonWebTokens.JsonWebTokenHandler.ValidateSignatureAndIssuerSecurityKey(JsonWebToken jsonWebToken, TokenValidationParameters validationParameters, BaseConfiguration configuration)
   at Microsoft.IdentityModel.JsonWebTokens.JsonWebTokenHandler.ValidateJWSAsync(JsonWebToken jsonWebToken, TokenValidationParameters validationParameters, BaseConfiguration configuration)
2026-09-24 22:59:29.959 +03:00 [INF] Bearer was not authenticated. Failure message: IDX10517: Signature validation failed. The token's kid is missing. Keys tried: 'Microsoft.IdentityModel.Tokens.SymmetricSecurityKey, KeyId: '', InternalId: 'VNGqhB7kZ75afXrNakqPyb1WYggzQUo6Cgi8Kx2i7Zs'. , KeyId: 
'. Number of keys in TokenValidationParameters: '1'. 
Number of keys in Configuration: '0'. 
Exceptions caught:
 '[PII of type 'System.Text.StringBuilder' is hidden. For more details, see https://aka.ms/IdentityModel/PII.]'.
token: '[PII of type 'Microsoft.IdentityModel.JsonWebTokens.JsonWebToken' is hidden. For more details, see https://aka.ms/IdentityModel/PII.]'. See https://aka.ms/IDX10503 for details.
2026-09-24 22:59:30.194 +03:00 [INF] Executing endpoint 'CMS.API.Controllers.NotificationsController.GetNotifications (CMS.API)'
2026-09-24 22:59:30.966 +03:00 [INF] Route matched with {action = "GetNotifications", controller = "Notifications"}. Executing controller action with signature System.Threading.Tasks.Task`1[Microsoft.AspNetCore.Mvc.IActionResult] GetNotifications(System.Nullable`1[System.Int32], System.String) on controller CMS.API.Controllers.NotificationsController (CMS.API).
2026-09-24 22:59:32.489 +03:00 [INF] Executing OkObjectResult, writing value of type 'CMS.Shared.DTOs.ApiResponse`1[[System.Collections.Generic.List`1[[CMS.Shared.DTOs.NotificationItemDto, CMS.Shared, Version=1.0.0.0, Culture=neutral, PublicKeyToken=null]], System.Private.CoreLib, Version=8.0.0.0, Culture=neutral, PublicKeyToken=7cec85d7bea7798e]]'.
2026-09-24 22:59:32.890 +03:00 [INF] Executed action CMS.API.Controllers.NotificationsController.GetNotifications (CMS.API) in 550.954ms
2026-09-24 22:59:33.326 +03:00 [INF] Executed endpoint 'CMS.API.Controllers.NotificationsController.GetNotifications (CMS.API)'
2026-09-24 22:59:33.817 +03:00 [INF] Request finished HTTP/1.1 GET http://127.0.0.1:5010/api/v1/notifications - 200 null application/json; charset=utf-8 5181.2284ms
2026-09-24 22:59:43.531 +03:00 [INF] Request starting HTTP/1.1 GET http://127.0.0.1:5010/api/v1/notifications - application/json null
2026-09-24 22:59:43.548 +03:00 [INF] Failed to validate the token.
Microsoft.IdentityModel.Tokens.SecurityTokenSignatureKeyNotFoundException: IDX10517: Signature validation failed. The token's kid is missing. Keys tried: 'Microsoft.IdentityModel.Tokens.SymmetricSecurityKey, KeyId: '', InternalId: 'VNGqhB7kZ75afXrNakqPyb1WYggzQUo6Cgi8Kx2i7Zs'. , KeyId: 
'. Number of keys in TokenValidationParameters: '1'. 
Number of keys in Configuration: '0'. 
Exceptions caught:
 '[PII of type 'System.Text.StringBuilder' is hidden. For more details, see https://aka.ms/IdentityModel/PII.]'.
token: '[PII of type 'Microsoft.IdentityModel.JsonWebTokens.JsonWebToken' is hidden. For more details, see https://aka.ms/IdentityModel/PII.]'. See https://aka.ms/IDX10503 for details.
   at Microsoft.IdentityModel.JsonWebTokens.JsonWebTokenHandler.ValidateSignature(JsonWebToken jwtToken, TokenValidationParameters validationParameters, BaseConfiguration configuration)
   at Microsoft.IdentityModel.JsonWebTokens.JsonWebTokenHandler.ValidateSignatureAndIssuerSecurityKey(JsonWebToken jsonWebToken, TokenValidationParameters validationParameters, BaseConfiguration configuration)
   at Microsoft.IdentityModel.JsonWebTokens.JsonWebTokenHandler.ValidateJWSAsync(JsonWebToken jsonWebToken, TokenValidationParameters validationParameters, BaseConfiguration configuration)
2026-09-24 22:59:43.573 +03:00 [INF] Bearer was not authenticated. Failure message: IDX10517: Signature validation failed. The token's kid is missing. Keys tried: 'Microsoft.IdentityModel.Tokens.SymmetricSecurityKey, KeyId: '', InternalId: 'VNGqhB7kZ75afXrNakqPyb1WYggzQUo6Cgi8Kx2i7Zs'. , KeyId: 
'. Number of keys in TokenValidationParameters: '1'. 
Number of keys in Configuration: '0'. 
Exceptions caught:
 '[PII of type 'System.Text.StringBuilder' is hidden. For more details, see https://aka.ms/IdentityModel/PII.]'.
token: '[PII of type 'Microsoft.IdentityModel.JsonWebTokens.JsonWebToken' is hidden. For more details, see https://aka.ms/IdentityModel/PII.]'. See https://aka.ms/IDX10503 for details.
2026-09-24 22:59:43.587 +03:00 [INF] Executing endpoint 'CMS.API.Controllers.NotificationsController.GetNotifications (CMS.API)'
2026-09-24 22:59:43.592 +03:00 [INF] Route matched with {action = "GetNotifications", controller = "Notifications"}. Executing controller action with signature System.Threading.Tasks.Task`1[Microsoft.AspNetCore.Mvc.IActionResult] GetNotifications(System.Nullable`1[System.Int32], System.String) on controller CMS.API.Controllers.NotificationsController (CMS.API).
2026-09-24 22:59:43.616 +03:00 [INF] Executing OkObjectResult, writing value of type 'CMS.Shared.DTOs.ApiResponse`1[[System.Collections.Generic.List`1[[CMS.Shared.DTOs.NotificationItemDto, CMS.Shared, Version=1.0.0.0, Culture=neutral, PublicKeyToken=null]], System.Private.CoreLib, Version=8.0.0.0, Culture=neutral, PublicKeyToken=7cec85d7bea7798e]]'.
2026-09-24 22:59:43.628 +03:00 [INF] Executed action CMS.API.Controllers.NotificationsController.GetNotifications (CMS.API) in 14.72ms
2026-09-24 22:59:43.642 +03:00 [INF] Executed endpoint 'CMS.API.Controllers.NotificationsController.GetNotifications (CMS.API)'
2026-09-24 22:59:43.647 +03:00 [INF] Request finished HTTP/1.1 GET http://127.0.0.1:5010/api/v1/notifications - 200 null application/json; charset=utf-8 116.4609ms
2026-09-24 23:00:01.615 +03:00 [INF] Request starting HTTP/1.1 GET http://127.0.0.1:5010/api/v1/notifications - application/json null
2026-09-24 23:00:01.670 +03:00 [INF] Request starting HTTP/1.1 GET http://127.0.0.1:5010/api/v1/notifications - application/json null
2026-09-24 23:00:01.733 +03:00 [INF] Request starting HTTP/1.1 GET http://127.0.0.1:5010/api/v1/notifications - application/json null
2026-09-24 23:00:02.947 +03:00 [INF] Failed to validate the token.
Microsoft.IdentityModel.Tokens.SecurityTokenSignatureKeyNotFoundException: IDX10517: Signature validation failed. The token's kid is missing. Keys tried: 'Microsoft.IdentityModel.Tokens.SymmetricSecurityKey, KeyId: '', InternalId: 'VNGqhB7kZ75afXrNakqPyb1WYggzQUo6Cgi8Kx2i7Zs'. , KeyId: 
'. Number of keys in TokenValidationParameters: '1'. 
Number of keys in Configuration: '0'. 
Exceptions caught:
 '[PII of type 'System.Text.StringBuilder' is hidden. For more details, see https://aka.ms/IdentityModel/PII.]'.
token: '[PII of type 'Microsoft.IdentityModel.JsonWebTokens.JsonWebToken' is hidden. For more details, see https://aka.ms/IdentityModel/PII.]'. See https://aka.ms/IDX10503 for details.
   at Microsoft.IdentityModel.JsonWebTokens.JsonWebTokenHandler.ValidateSignature(JsonWebToken jwtToken, TokenValidationParameters validationParameters, BaseConfiguration configuration)
   at Microsoft.IdentityModel.JsonWebTokens.JsonWebTokenHandler.ValidateSignatureAndIssuerSecurityKey(JsonWebToken jsonWebToken, TokenValidationParameters validationParameters, BaseConfiguration configuration)
   at Microsoft.IdentityModel.JsonWebTokens.JsonWebTokenHandler.ValidateJWSAsync(JsonWebToken jsonWebToken, TokenValidationParameters validationParameters, BaseConfiguration configuration)
2026-09-24 23:00:03.622 +03:00 [INF] Failed to validate the token.
Microsoft.IdentityModel.Tokens.SecurityTokenSignatureKeyNotFoundException: IDX10517: Signature validation failed. The token's kid is missing. Keys tried: 'Microsoft.IdentityModel.Tokens.SymmetricSecurityKey, KeyId: '', InternalId: 'VNGqhB7kZ75afXrNakqPyb1WYggzQUo6Cgi8Kx2i7Zs'. , KeyId: 
'. Number of keys in TokenValidationParameters: '1'. 
Number of keys in Configuration: '0'. 
Exceptions caught:
 '[PII of type 'System.Text.StringBuilder' is hidden. For more details, see https://aka.ms/IdentityModel/PII.]'.
token: '[PII of type 'Microsoft.IdentityModel.JsonWebTokens.JsonWebToken' is hidden. For more details, see https://aka.ms/IdentityModel/PII.]'. See https://aka.ms/IDX10503 for details.
   at Microsoft.IdentityModel.JsonWebTokens.JsonWebTokenHandler.ValidateSignature(JsonWebToken jwtToken, TokenValidationParameters validationParameters, BaseConfiguration configuration)
   at Microsoft.IdentityModel.JsonWebTokens.JsonWebTokenHandler.ValidateSignatureAndIssuerSecurityKey(JsonWebToken jsonWebToken, TokenValidationParameters validationParameters, BaseConfiguration configuration)
   at Microsoft.IdentityModel.JsonWebTokens.JsonWebTokenHandler.ValidateJWSAsync(JsonWebToken jsonWebToken, TokenValidationParameters validationParameters, BaseConfiguration configuration)
2026-09-24 23:00:03.758 +03:00 [INF] Failed to validate the token.
Microsoft.IdentityModel.Tokens.SecurityTokenSignatureKeyNotFoundException: IDX10517: Signature validation failed. The token's kid is missing. Keys tried: 'Microsoft.IdentityModel.Tokens.SymmetricSecurityKey, KeyId: '', InternalId: 'VNGqhB7kZ75afXrNakqPyb1WYggzQUo6Cgi8Kx2i7Zs'. , KeyId: 
'. Number of keys in TokenValidationParameters: '1'. 
Number of keys in Configuration: '0'. 
Exceptions caught:
 '[PII of type 'System.Text.StringBuilder' is hidden. For more details, see https://aka.ms/IdentityModel/PII.]'.
token: '[PII of type 'Microsoft.IdentityModel.JsonWebTokens.JsonWebToken' is hidden. For more details, see https://aka.ms/IdentityModel/PII.]'. See https://aka.ms/IDX10503 for details.
   at Microsoft.IdentityModel.JsonWebTokens.JsonWebTokenHandler.ValidateSignature(JsonWebToken jwtToken, TokenValidationParameters validationParameters, BaseConfiguration configuration)
   at Microsoft.IdentityModel.JsonWebTokens.JsonWebTokenHandler.ValidateSignatureAndIssuerSecurityKey(JsonWebToken jsonWebToken, TokenValidationParameters validationParameters, BaseConfiguration configuration)
   at Microsoft.IdentityModel.JsonWebTokens.JsonWebTokenHandler.ValidateJWSAsync(JsonWebToken jsonWebToken, TokenValidationParameters validationParameters, BaseConfiguration configuration)
2026-09-24 23:00:04.367 +03:00 [INF] Bearer was not authenticated. Failure message: IDX10517: Signature validation failed. The token's kid is missing. Keys tried: 'Microsoft.IdentityModel.Tokens.SymmetricSecurityKey, KeyId: '', InternalId: 'VNGqhB7kZ75afXrNakqPyb1WYggzQUo6Cgi8Kx2i7Zs'. , KeyId: 
'. Number of keys in TokenValidationParameters: '1'. 
Number of keys in Configuration: '0'. 
Exceptions caught:
 '[PII of type 'System.Text.StringBuilder' is hidden. For more details, see https://aka.ms/IdentityModel/PII.]'.
token: '[PII of type 'Microsoft.IdentityModel.JsonWebTokens.JsonWebToken' is hidden. For more details, see https://aka.ms/IdentityModel/PII.]'. See https://aka.ms/IDX10503 for details.
2026-09-24 23:00:04.910 +03:00 [INF] Bearer was not authenticated. Failure message: IDX10517: Signature validation failed. The token's kid is missing. Keys tried: 'Microsoft.IdentityModel.Tokens.SymmetricSecurityKey, KeyId: '', InternalId: 'VNGqhB7kZ75afXrNakqPyb1WYggzQUo6Cgi8Kx2i7Zs'. , KeyId: 
'. Number of keys in TokenValidationParameters: '1'. 
Number of keys in Configuration: '0'. 
Exceptions caught:
 '[PII of type 'System.Text.StringBuilder' is hidden. For more details, see https://aka.ms/IdentityModel/PII.]'.
token: '[PII of type 'Microsoft.IdentityModel.JsonWebTokens.JsonWebToken' is hidden. For more details, see https://aka.ms/IdentityModel/PII.]'. See https://aka.ms/IDX10503 for details.
2026-09-24 23:00:05.950 +03:00 [INF] Executing endpoint 'CMS.API.Controllers.NotificationsController.GetNotifications (CMS.API)'
2026-09-24 23:00:05.925 +03:00 [INF] Executing endpoint 'CMS.API.Controllers.NotificationsController.GetNotifications (CMS.API)'
2026-09-24 23:00:05.187 +03:00 [INF] Bearer was not authenticated. Failure message: IDX10517: Signature validation failed. The token's kid is missing. Keys tried: 'Microsoft.IdentityModel.Tokens.SymmetricSecurityKey, KeyId: '', InternalId: 'VNGqhB7kZ75afXrNakqPyb1WYggzQUo6Cgi8Kx2i7Zs'. , KeyId: 
'. Number of keys in TokenValidationParameters: '1'. 
Number of keys in Configuration: '0'. 
Exceptions caught:
 '[PII of type 'System.Text.StringBuilder' is hidden. For more details, see https://aka.ms/IdentityModel/PII.]'.
token: '[PII of type 'Microsoft.IdentityModel.JsonWebTokens.JsonWebToken' is hidden. For more details, see https://aka.ms/IdentityModel/PII.]'. See https://aka.ms/IDX10503 for details.
2026-09-24 23:00:06.149 +03:00 [INF] Route matched with {action = "GetNotifications", controller = "Notifications"}. Executing controller action with signature System.Threading.Tasks.Task`1[Microsoft.AspNetCore.Mvc.IActionResult] GetNotifications(System.Nullable`1[System.Int32], System.String) on controller CMS.API.Controllers.NotificationsController (CMS.API).
2026-09-24 23:00:06.177 +03:00 [INF] Route matched with {action = "GetNotifications", controller = "Notifications"}. Executing controller action with signature System.Threading.Tasks.Task`1[Microsoft.AspNetCore.Mvc.IActionResult] GetNotifications(System.Nullable`1[System.Int32], System.String) on controller CMS.API.Controllers.NotificationsController (CMS.API).
2026-09-24 23:00:06.184 +03:00 [INF] Executing endpoint 'CMS.API.Controllers.NotificationsController.GetNotifications (CMS.API)'
2026-09-24 23:00:06.248 +03:00 [INF] Executing OkObjectResult, writing value of type 'CMS.Shared.DTOs.ApiResponse`1[[System.Collections.Generic.List`1[[CMS.Shared.DTOs.NotificationItemDto, CMS.Shared, Version=1.0.0.0, Culture=neutral, PublicKeyToken=null]], System.Private.CoreLib, Version=8.0.0.0, Culture=neutral, PublicKeyToken=7cec85d7bea7798e]]'.
2026-09-24 23:00:06.417 +03:00 [INF] Executing OkObjectResult, writing value of type 'CMS.Shared.DTOs.ApiResponse`1[[System.Collections.Generic.List`1[[CMS.Shared.DTOs.NotificationItemDto, CMS.Shared, Version=1.0.0.0, Culture=neutral, PublicKeyToken=null]], System.Private.CoreLib, Version=8.0.0.0, Culture=neutral, PublicKeyToken=7cec85d7bea7798e]]'.
2026-09-24 23:00:06.713 +03:00 [INF] Executed action CMS.API.Controllers.NotificationsController.GetNotifications (CMS.API) in 304.7004ms
2026-09-24 23:00:06.684 +03:00 [INF] Executed action CMS.API.Controllers.NotificationsController.GetNotifications (CMS.API) in 494.7249ms
2026-09-24 23:00:06.673 +03:00 [INF] Route matched with {action = "GetNotifications", controller = "Notifications"}. Executing controller action with signature System.Threading.Tasks.Task`1[Microsoft.AspNetCore.Mvc.IActionResult] GetNotifications(System.Nullable`1[System.Int32], System.String) on controller CMS.API.Controllers.NotificationsController (CMS.API).
2026-09-24 23:00:06.955 +03:00 [INF] Executed endpoint 'CMS.API.Controllers.NotificationsController.GetNotifications (CMS.API)'
2026-09-24 23:00:07.171 +03:00 [INF] Request finished HTTP/1.1 GET http://127.0.0.1:5010/api/v1/notifications - 200 null application/json; charset=utf-8 5555.5589ms
2026-09-24 23:00:07.100 +03:00 [INF] Executed endpoint 'CMS.API.Controllers.NotificationsController.GetNotifications (CMS.API)'
2026-09-24 23:00:09.968 +03:00 [INF] Request finished HTTP/1.1 GET http://127.0.0.1:5010/api/v1/notifications - 200 null application/json; charset=utf-8 8297.6478ms
2026-09-24 23:00:07.217 +03:00 [INF] Executing OkObjectResult, writing value of type 'CMS.Shared.DTOs.ApiResponse`1[[System.Collections.Generic.List`1[[CMS.Shared.DTOs.NotificationItemDto, CMS.Shared, Version=1.0.0.0, Culture=neutral, PublicKeyToken=null]], System.Private.CoreLib, Version=8.0.0.0, Culture=neutral, PublicKeyToken=7cec85d7bea7798e]]'.
2026-09-24 23:00:11.950 +03:00 [INF] Executed action CMS.API.Controllers.NotificationsController.GetNotifications (CMS.API) in 4807.9849ms
2026-09-24 23:00:12.624 +03:00 [INF] Executed endpoint 'CMS.API.Controllers.NotificationsController.GetNotifications (CMS.API)'
2026-09-24 23:00:12.952 +03:00 [INF] Request finished HTTP/1.1 GET http://127.0.0.1:5010/api/v1/notifications - 200 null application/json; charset=utf-8 11219.0503ms
2026-09-24 23:01:01.550 +03:00 [INF] Request starting HTTP/1.1 GET http://127.0.0.1:5010/api/v1/notifications - application/json null
2026-09-24 23:01:01.761 +03:00 [INF] Request starting HTTP/1.1 GET http://127.0.0.1:5010/api/v1/notifications - application/json null
2026-09-24 23:01:01.769 +03:00 [INF] Request starting HTTP/1.1 GET http://127.0.0.1:5010/api/v1/notifications - application/json null
2026-09-24 23:01:03.010 +03:00 [INF] Failed to validate the token.
Microsoft.IdentityModel.Tokens.SecurityTokenSignatureKeyNotFoundException: IDX10517: Signature validation failed. The token's kid is missing. Keys tried: 'Microsoft.IdentityModel.Tokens.SymmetricSecurityKey, KeyId: '', InternalId: 'VNGqhB7kZ75afXrNakqPyb1WYggzQUo6Cgi8Kx2i7Zs'. , KeyId: 
'. Number of keys in TokenValidationParameters: '1'. 
Number of keys in Configuration: '0'. 
Exceptions caught:
 '[PII of type 'System.Text.StringBuilder' is hidden. For more details, see https://aka.ms/IdentityModel/PII.]'.
token: '[PII of type 'Microsoft.IdentityModel.JsonWebTokens.JsonWebToken' is hidden. For more details, see https://aka.ms/IdentityModel/PII.]'. See https://aka.ms/IDX10503 for details.
   at Microsoft.IdentityModel.JsonWebTokens.JsonWebTokenHandler.ValidateSignature(JsonWebToken jwtToken, TokenValidationParameters validationParameters, BaseConfiguration configuration)
   at Microsoft.IdentityModel.JsonWebTokens.JsonWebTokenHandler.ValidateSignatureAndIssuerSecurityKey(JsonWebToken jsonWebToken, TokenValidationParameters validationParameters, BaseConfiguration configuration)
   at Microsoft.IdentityModel.JsonWebTokens.JsonWebTokenHandler.ValidateJWSAsync(JsonWebToken jsonWebToken, TokenValidationParameters validationParameters, BaseConfiguration configuration)
2026-09-24 23:01:04.475 +03:00 [INF] Failed to validate the token.
Microsoft.IdentityModel.Tokens.SecurityTokenSignatureKeyNotFoundException: IDX10517: Signature validation failed. The token's kid is missing. Keys tried: 'Microsoft.IdentityModel.Tokens.SymmetricSecurityKey, KeyId: '', InternalId: 'VNGqhB7kZ75afXrNakqPyb1WYggzQUo6Cgi8Kx2i7Zs'. , KeyId: 
'. Number of keys in TokenValidationParameters: '1'. 
Number of keys in Configuration: '0'. 
Exceptions caught:
 '[PII of type 'System.Text.StringBuilder' is hidden. For more details, see https://aka.ms/IdentityModel/PII.]'.
token: '[PII of type 'Microsoft.IdentityModel.JsonWebTokens.JsonWebToken' is hidden. For more details, see https://aka.ms/IdentityModel/PII.]'. See https://aka.ms/IDX10503 for details.
   at Microsoft.IdentityModel.JsonWebTokens.JsonWebTokenHandler.ValidateSignature(JsonWebToken jwtToken, TokenValidationParameters validationParameters, BaseConfiguration configuration)
   at Microsoft.IdentityModel.JsonWebTokens.JsonWebTokenHandler.ValidateSignatureAndIssuerSecurityKey(JsonWebToken jsonWebToken, TokenValidationParameters validationParameters, BaseConfiguration configuration)
   at Microsoft.IdentityModel.JsonWebTokens.JsonWebTokenHandler.ValidateJWSAsync(JsonWebToken jsonWebToken, TokenValidationParameters validationParameters, BaseConfiguration configuration)
2026-09-24 23:01:05.055 +03:00 [INF] Failed to validate the token.
Microsoft.IdentityModel.Tokens.SecurityTokenSignatureKeyNotFoundException: IDX10517: Signature validation failed. The token's kid is missing. Keys tried: 'Microsoft.IdentityModel.Tokens.SymmetricSecurityKey, KeyId: '', InternalId: 'VNGqhB7kZ75afXrNakqPyb1WYggzQUo6Cgi8Kx2i7Zs'. , KeyId: 
'. Number of keys in TokenValidationParameters: '1'. 
Number of keys in Configuration: '0'. 
Exceptions caught:
 '[PII of type 'System.Text.StringBuilder' is hidden. For more details, see https://aka.ms/IdentityModel/PII.]'.
token: '[PII of type 'Microsoft.IdentityModel.JsonWebTokens.JsonWebToken' is hidden. For more details, see https://aka.ms/IdentityModel/PII.]'. See https://aka.ms/IDX10503 for details.
   at Microsoft.IdentityModel.JsonWebTokens.JsonWebTokenHandler.ValidateSignature(JsonWebToken jwtToken, TokenValidationParameters validationParameters, BaseConfiguration configuration)
   at Microsoft.IdentityModel.JsonWebTokens.JsonWebTokenHandler.ValidateSignatureAndIssuerSecurityKey(JsonWebToken jsonWebToken, TokenValidationParameters validationParameters, BaseConfiguration configuration)
   at Microsoft.IdentityModel.JsonWebTokens.JsonWebTokenHandler.ValidateJWSAsync(JsonWebToken jsonWebToken, TokenValidationParameters validationParameters, BaseConfiguration configuration)
2026-09-24 23:01:06.031 +03:00 [INF] Bearer was not authenticated. Failure message: IDX10517: Signature validation failed. The token's kid is missing. Keys tried: 'Microsoft.IdentityModel.Tokens.SymmetricSecurityKey, KeyId: '', InternalId: 'VNGqhB7kZ75afXrNakqPyb1WYggzQUo6Cgi8Kx2i7Zs'. , KeyId: 
'. Number of keys in TokenValidationParameters: '1'. 
Number of keys in Configuration: '0'. 
Exceptions caught:
 '[PII of type 'System.Text.StringBuilder' is hidden. For more details, see https://aka.ms/IdentityModel/PII.]'.
token: '[PII of type 'Microsoft.IdentityModel.JsonWebTokens.JsonWebToken' is hidden. For more details, see https://aka.ms/IdentityModel/PII.]'. See https://aka.ms/IDX10503 for details.
2026-09-24 23:01:06.185 +03:00 [INF] Executing endpoint 'CMS.API.Controllers.NotificationsController.GetNotifications (CMS.API)'
2026-09-24 23:01:06.172 +03:00 [INF] Bearer was not authenticated. Failure message: IDX10517: Signature validation failed. The token's kid is missing. Keys tried: 'Microsoft.IdentityModel.Tokens.SymmetricSecurityKey, KeyId: '', InternalId: 'VNGqhB7kZ75afXrNakqPyb1WYggzQUo6Cgi8Kx2i7Zs'. , KeyId: 
'. Number of keys in TokenValidationParameters: '1'. 
Number of keys in Configuration: '0'. 
Exceptions caught:
 '[PII of type 'System.Text.StringBuilder' is hidden. For more details, see https://aka.ms/IdentityModel/PII.]'.
token: '[PII of type 'Microsoft.IdentityModel.JsonWebTokens.JsonWebToken' is hidden. For more details, see https://aka.ms/IdentityModel/PII.]'. See https://aka.ms/IDX10503 for details.
2026-09-24 23:01:06.124 +03:00 [INF] Bearer was not authenticated. Failure message: IDX10517: Signature validation failed. The token's kid is missing. Keys tried: 'Microsoft.IdentityModel.Tokens.SymmetricSecurityKey, KeyId: '', InternalId: 'VNGqhB7kZ75afXrNakqPyb1WYggzQUo6Cgi8Kx2i7Zs'. , KeyId: 
'. Number of keys in TokenValidationParameters: '1'. 
Number of keys in Configuration: '0'. 
Exceptions caught:
 '[PII of type 'System.Text.StringBuilder' is hidden. For more details, see https://aka.ms/IdentityModel/PII.]'.
token: '[PII of type 'Microsoft.IdentityModel.JsonWebTokens.JsonWebToken' is hidden. For more details, see https://aka.ms/IdentityModel/PII.]'. See https://aka.ms/IDX10503 for details.
2026-09-24 23:01:06.190 +03:00 [INF] Route matched with {action = "GetNotifications", controller = "Notifications"}. Executing controller action with signature System.Threading.Tasks.Task`1[Microsoft.AspNetCore.Mvc.IActionResult] GetNotifications(System.Nullable`1[System.Int32], System.String) on controller CMS.API.Controllers.NotificationsController (CMS.API).
2026-09-24 23:01:06.201 +03:00 [INF] Executing endpoint 'CMS.API.Controllers.NotificationsController.GetNotifications (CMS.API)'
2026-09-24 23:01:06.208 +03:00 [INF] Executing endpoint 'CMS.API.Controllers.NotificationsController.GetNotifications (CMS.API)'
2026-09-24 23:01:06.220 +03:00 [INF] Executing OkObjectResult, writing value of type 'CMS.Shared.DTOs.ApiResponse`1[[System.Collections.Generic.List`1[[CMS.Shared.DTOs.NotificationItemDto, CMS.Shared, Version=1.0.0.0, Culture=neutral, PublicKeyToken=null]], System.Private.CoreLib, Version=8.0.0.0, Culture=neutral, PublicKeyToken=7cec85d7bea7798e]]'.
2026-09-24 23:01:06.221 +03:00 [INF] Route matched with {action = "GetNotifications", controller = "Notifications"}. Executing controller action with signature System.Threading.Tasks.Task`1[Microsoft.AspNetCore.Mvc.IActionResult] GetNotifications(System.Nullable`1[System.Int32], System.String) on controller CMS.API.Controllers.NotificationsController (CMS.API).
2026-09-24 23:01:06.232 +03:00 [INF] Route matched with {action = "GetNotifications", controller = "Notifications"}. Executing controller action with signature System.Threading.Tasks.Task`1[Microsoft.AspNetCore.Mvc.IActionResult] GetNotifications(System.Nullable`1[System.Int32], System.String) on controller CMS.API.Controllers.NotificationsController (CMS.API).
2026-09-24 23:01:06.238 +03:00 [INF] Executed action CMS.API.Controllers.NotificationsController.GetNotifications (CMS.API) in 20.957ms
2026-09-24 23:01:06.254 +03:00 [INF] Executing OkObjectResult, writing value of type 'CMS.Shared.DTOs.ApiResponse`1[[System.Collections.Generic.List`1[[CMS.Shared.DTOs.NotificationItemDto, CMS.Shared, Version=1.0.0.0, Culture=neutral, PublicKeyToken=null]], System.Private.CoreLib, Version=8.0.0.0, Culture=neutral, PublicKeyToken=7cec85d7bea7798e]]'.
2026-09-24 23:01:06.274 +03:00 [INF] Executing OkObjectResult, writing value of type 'CMS.Shared.DTOs.ApiResponse`1[[System.Collections.Generic.List`1[[CMS.Shared.DTOs.NotificationItemDto, CMS.Shared, Version=1.0.0.0, Culture=neutral, PublicKeyToken=null]], System.Private.CoreLib, Version=8.0.0.0, Culture=neutral, PublicKeyToken=7cec85d7bea7798e]]'.
2026-09-24 23:01:06.278 +03:00 [INF] Executed endpoint 'CMS.API.Controllers.NotificationsController.GetNotifications (CMS.API)'
2026-09-24 23:01:06.282 +03:00 [INF] Executed action CMS.API.Controllers.NotificationsController.GetNotifications (CMS.API) in 30.2886ms
2026-09-24 23:01:06.295 +03:00 [INF] Executed action CMS.API.Controllers.NotificationsController.GetNotifications (CMS.API) in 24.5337ms
2026-09-24 23:01:06.311 +03:00 [INF] Request finished HTTP/1.1 GET http://127.0.0.1:5010/api/v1/notifications - 200 null application/json; charset=utf-8 4761.1576ms
2026-09-24 23:01:06.315 +03:00 [INF] Executed endpoint 'CMS.API.Controllers.NotificationsController.GetNotifications (CMS.API)'
2026-09-24 23:01:06.340 +03:00 [INF] Executed endpoint 'CMS.API.Controllers.NotificationsController.GetNotifications (CMS.API)'
2026-09-24 23:01:06.403 +03:00 [INF] Request finished HTTP/1.1 GET http://127.0.0.1:5010/api/v1/notifications - 200 null application/json; charset=utf-8 4633.7414ms
2026-09-24 23:01:06.409 +03:00 [INF] Request finished HTTP/1.1 GET http://127.0.0.1:5010/api/v1/notifications - 200 null application/json; charset=utf-8 4648.7105ms
2026-09-24 23:02:01.558 +03:00 [INF] Request starting HTTP/1.1 GET http://127.0.0.1:5010/api/v1/notifications - application/json null
2026-09-24 23:02:01.560 +03:00 [INF] Request starting HTTP/1.1 GET http://127.0.0.1:5010/api/v1/notifications - application/json null
2026-09-24 23:02:01.578 +03:00 [INF] Request starting HTTP/1.1 GET http://127.0.0.1:5010/api/v1/notifications - application/json null
2026-09-24 23:02:01.612 +03:00 [INF] Failed to validate the token.
Microsoft.IdentityModel.Tokens.SecurityTokenSignatureKeyNotFoundException: IDX10517: Signature validation failed. The token's kid is missing. Keys tried: 'Microsoft.IdentityModel.Tokens.SymmetricSecurityKey, KeyId: '', InternalId: 'VNGqhB7kZ75afXrNakqPyb1WYggzQUo6Cgi8Kx2i7Zs'. , KeyId: 
'. Number of keys in TokenValidationParameters: '1'. 
Number of keys in Configuration: '0'. 
Exceptions caught:
 '[PII of type 'System.Text.StringBuilder' is hidden. For more details, see https://aka.ms/IdentityModel/PII.]'.
token: '[PII of type 'Microsoft.IdentityModel.JsonWebTokens.JsonWebToken' is hidden. For more details, see https://aka.ms/IdentityModel/PII.]'. See https://aka.ms/IDX10503 for details.
   at Microsoft.IdentityModel.JsonWebTokens.JsonWebTokenHandler.ValidateSignature(JsonWebToken jwtToken, TokenValidationParameters validationParameters, BaseConfiguration configuration)
   at Microsoft.IdentityModel.JsonWebTokens.JsonWebTokenHandler.ValidateSignatureAndIssuerSecurityKey(JsonWebToken jsonWebToken, TokenValidationParameters validationParameters, BaseConfiguration configuration)
   at Microsoft.IdentityModel.JsonWebTokens.JsonWebTokenHandler.ValidateJWSAsync(JsonWebToken jsonWebToken, TokenValidationParameters validationParameters, BaseConfiguration configuration)
2026-09-24 23:02:01.651 +03:00 [INF] Failed to validate the token.
Microsoft.IdentityModel.Tokens.SecurityTokenSignatureKeyNotFoundException: IDX10517: Signature validation failed. The token's kid is missing. Keys tried: 'Microsoft.IdentityModel.Tokens.SymmetricSecurityKey, KeyId: '', InternalId: 'VNGqhB7kZ75afXrNakqPyb1WYggzQUo6Cgi8Kx2i7Zs'. , KeyId: 
'. Number of keys in TokenValidationParameters: '1'. 
Number of keys in Configuration: '0'. 
Exceptions caught:
 '[PII of type 'System.Text.StringBuilder' is hidden. For more details, see https://aka.ms/IdentityModel/PII.]'.
token: '[PII of type 'Microsoft.IdentityModel.JsonWebTokens.JsonWebToken' is hidden. For more details, see https://aka.ms/IdentityModel/PII.]'. See https://aka.ms/IDX10503 for details.
   at Microsoft.IdentityModel.JsonWebTokens.JsonWebTokenHandler.ValidateSignature(JsonWebToken jwtToken, TokenValidationParameters validationParameters, BaseConfiguration configuration)
   at Microsoft.IdentityModel.JsonWebTokens.JsonWebTokenHandler.ValidateSignatureAndIssuerSecurityKey(JsonWebToken jsonWebToken, TokenValidationParameters validationParameters, BaseConfiguration configuration)
   at Microsoft.IdentityModel.JsonWebTokens.JsonWebTokenHandler.ValidateJWSAsync(JsonWebToken jsonWebToken, TokenValidationParameters validationParameters, BaseConfiguration configuration)
2026-09-24 23:02:01.671 +03:00 [INF] Failed to validate the token.
Microsoft.IdentityModel.Tokens.SecurityTokenSignatureKeyNotFoundException: IDX10517: Signature validation failed. The token's kid is missing. Keys tried: 'Microsoft.IdentityModel.Tokens.SymmetricSecurityKey, KeyId: '', InternalId: 'VNGqhB7kZ75afXrNakqPyb1WYggzQUo6Cgi8Kx2i7Zs'. , KeyId: 
'. Number of keys in TokenValidationParameters: '1'. 
Number of keys in Configuration: '0'. 
Exceptions caught:
 '[PII of type 'System.Text.StringBuilder' is hidden. For more details, see https://aka.ms/IdentityModel/PII.]'.
token: '[PII of type 'Microsoft.IdentityModel.JsonWebTokens.JsonWebToken' is hidden. For more details, see https://aka.ms/IdentityModel/PII.]'. See https://aka.ms/IDX10503 for details.
   at Microsoft.IdentityModel.JsonWebTokens.JsonWebTokenHandler.ValidateSignature(JsonWebToken jwtToken, TokenValidationParameters validationParameters, BaseConfiguration configuration)
   at Microsoft.IdentityModel.JsonWebTokens.JsonWebTokenHandler.ValidateSignatureAndIssuerSecurityKey(JsonWebToken jsonWebToken, TokenValidationParameters validationParameters, BaseConfiguration configuration)
   at Microsoft.IdentityModel.JsonWebTokens.JsonWebTokenHandler.ValidateJWSAsync(JsonWebToken jsonWebToken, TokenValidationParameters validationParameters, BaseConfiguration configuration)
2026-09-24 23:02:01.682 +03:00 [INF] Bearer was not authenticated. Failure message: IDX10517: Signature validation failed. The token's kid is missing. Keys tried: 'Microsoft.IdentityModel.Tokens.SymmetricSecurityKey, KeyId: '', InternalId: 'VNGqhB7kZ75afXrNakqPyb1WYggzQUo6Cgi8Kx2i7Zs'. , KeyId: 
'. Number of keys in TokenValidationParameters: '1'. 
Number of keys in Configuration: '0'. 
Exceptions caught:
 '[PII of type 'System.Text.StringBuilder' is hidden. For more details, see https://aka.ms/IdentityModel/PII.]'.
token: '[PII of type 'Microsoft.IdentityModel.JsonWebTokens.JsonWebToken' is hidden. For more details, see https://aka.ms/IdentityModel/PII.]'. See https://aka.ms/IDX10503 for details.
2026-09-24 23:02:01.696 +03:00 [INF] Bearer was not authenticated. Failure message: IDX10517: Signature validation failed. The token's kid is missing. Keys tried: 'Microsoft.IdentityModel.Tokens.SymmetricSecurityKey, KeyId: '', InternalId: 'VNGqhB7kZ75afXrNakqPyb1WYggzQUo6Cgi8Kx2i7Zs'. , KeyId: 
'. Number of keys in TokenValidationParameters: '1'. 
Number of keys in Configuration: '0'. 
Exceptions caught:
 '[PII of type 'System.Text.StringBuilder' is hidden. For more details, see https://aka.ms/IdentityModel/PII.]'.
token: '[PII of type 'Microsoft.IdentityModel.JsonWebTokens.JsonWebToken' is hidden. For more details, see https://aka.ms/IdentityModel/PII.]'. See https://aka.ms/IDX10503 for details.
2026-09-24 23:02:01.709 +03:00 [INF] Bearer was not authenticated. Failure message: IDX10517: Signature validation failed. The token's kid is missing. Keys tried: 'Microsoft.IdentityModel.Tokens.SymmetricSecurityKey, KeyId: '', InternalId: 'VNGqhB7kZ75afXrNakqPyb1WYggzQUo6Cgi8Kx2i7Zs'. , KeyId: 
'. Number of keys in TokenValidationParameters: '1'. 
Number of keys in Configuration: '0'. 
Exceptions caught:
 '[PII of type 'System.Text.StringBuilder' is hidden. For more details, see https://aka.ms/IdentityModel/PII.]'.
token: '[PII of type 'Microsoft.IdentityModel.JsonWebTokens.JsonWebToken' is hidden. For more details, see https://aka.ms/IdentityModel/PII.]'. See https://aka.ms/IDX10503 for details.
2026-09-24 23:02:01.712 +03:00 [INF] Executing endpoint 'CMS.API.Controllers.NotificationsController.GetNotifications (CMS.API)'
2026-09-24 23:02:01.716 +03:00 [INF] Executing endpoint 'CMS.API.Controllers.NotificationsController.GetNotifications (CMS.API)'
2026-09-24 23:02:01.720 +03:00 [INF] Executing endpoint 'CMS.API.Controllers.NotificationsController.GetNotifications (CMS.API)'
2026-09-24 23:02:01.727 +03:00 [INF] Route matched with {action = "GetNotifications", controller = "Notifications"}. Executing controller action with signature System.Threading.Tasks.Task`1[Microsoft.AspNetCore.Mvc.IActionResult] GetNotifications(System.Nullable`1[System.Int32], System.String) on controller CMS.API.Controllers.NotificationsController (CMS.API).
2026-09-24 23:02:01.731 +03:00 [INF] Route matched with {action = "GetNotifications", controller = "Notifications"}. Executing controller action with signature System.Threading.Tasks.Task`1[Microsoft.AspNetCore.Mvc.IActionResult] GetNotifications(System.Nullable`1[System.Int32], System.String) on controller CMS.API.Controllers.NotificationsController (CMS.API).
2026-09-24 23:02:01.734 +03:00 [INF] Route matched with {action = "GetNotifications", controller = "Notifications"}. Executing controller action with signature System.Threading.Tasks.Task`1[Microsoft.AspNetCore.Mvc.IActionResult] GetNotifications(System.Nullable`1[System.Int32], System.String) on controller CMS.API.Controllers.NotificationsController (CMS.API).
2026-09-24 23:02:01.749 +03:00 [INF] Executing OkObjectResult, writing value of type 'CMS.Shared.DTOs.ApiResponse`1[[System.Collections.Generic.List`1[[CMS.Shared.DTOs.NotificationItemDto, CMS.Shared, Version=1.0.0.0, Culture=neutral, PublicKeyToken=null]], System.Private.CoreLib, Version=8.0.0.0, Culture=neutral, PublicKeyToken=7cec85d7bea7798e]]'.
2026-09-24 23:02:01.764 +03:00 [INF] Executing OkObjectResult, writing value of type 'CMS.Shared.DTOs.ApiResponse`1[[System.Collections.Generic.List`1[[CMS.Shared.DTOs.NotificationItemDto, CMS.Shared, Version=1.0.0.0, Culture=neutral, PublicKeyToken=null]], System.Private.CoreLib, Version=8.0.0.0, Culture=neutral, PublicKeyToken=7cec85d7bea7798e]]'.
2026-09-24 23:02:01.778 +03:00 [INF] Executing OkObjectResult, writing value of type 'CMS.Shared.DTOs.ApiResponse`1[[System.Collections.Generic.List`1[[CMS.Shared.DTOs.NotificationItemDto, CMS.Shared, Version=1.0.0.0, Culture=neutral, PublicKeyToken=null]], System.Private.CoreLib, Version=8.0.0.0, Culture=neutral, PublicKeyToken=7cec85d7bea7798e]]'.
2026-09-24 23:02:01.782 +03:00 [INF] Executed action CMS.API.Controllers.NotificationsController.GetNotifications (CMS.API) in 36.873ms
2026-09-24 23:02:01.790 +03:00 [INF] Executed action CMS.API.Controllers.NotificationsController.GetNotifications (CMS.API) in 30.7739ms
2026-09-24 23:02:01.795 +03:00 [INF] Executed action CMS.API.Controllers.NotificationsController.GetNotifications (CMS.API) in 19.9904ms
2026-09-24 23:02:01.802 +03:00 [INF] Executed endpoint 'CMS.API.Controllers.NotificationsController.GetNotifications (CMS.API)'
2026-09-24 23:02:01.808 +03:00 [INF] Executed endpoint 'CMS.API.Controllers.NotificationsController.GetNotifications (CMS.API)'
2026-09-24 23:02:01.814 +03:00 [INF] Executed endpoint 'CMS.API.Controllers.NotificationsController.GetNotifications (CMS.API)'
2026-09-24 23:02:01.819 +03:00 [INF] Request finished HTTP/1.1 GET http://127.0.0.1:5010/api/v1/notifications - 200 null application/json; charset=utf-8 260.6871ms
2026-09-24 23:02:01.825 +03:00 [INF] Request finished HTTP/1.1 GET http://127.0.0.1:5010/api/v1/notifications - 200 null application/json; charset=utf-8 264.7327ms
2026-09-24 23:02:01.836 +03:00 [INF] Request finished HTTP/1.1 GET http://127.0.0.1:5010/api/v1/notifications - 200 null application/json; charset=utf-8 257.6478ms
2026-09-24 23:03:01.589 +03:00 [INF] Request starting HTTP/1.1 GET http://127.0.0.1:5010/api/v1/notifications - application/json null
2026-09-24 23:03:01.590 +03:00 [INF] Request starting HTTP/1.1 GET http://127.0.0.1:5010/api/v1/notifications - application/json null
2026-09-24 23:03:01.601 +03:00 [INF] Request starting HTTP/1.1 GET http://127.0.0.1:5010/api/v1/notifications - application/json null
2026-09-24 23:03:01.616 +03:00 [INF] Failed to validate the token.
Microsoft.IdentityModel.Tokens.SecurityTokenSignatureKeyNotFoundException: IDX10517: Signature validation failed. The token's kid is missing. Keys tried: 'Microsoft.IdentityModel.Tokens.SymmetricSecurityKey, KeyId: '', InternalId: 'VNGqhB7kZ75afXrNakqPyb1WYggzQUo6Cgi8Kx2i7Zs'. , KeyId: 
'. Number of keys in TokenValidationParameters: '1'. 
Number of keys in Configuration: '0'. 
Exceptions caught:
 '[PII of type 'System.Text.StringBuilder' is hidden. For more details, see https://aka.ms/IdentityModel/PII.]'.
token: '[PII of type 'Microsoft.IdentityModel.JsonWebTokens.JsonWebToken' is hidden. For more details, see https://aka.ms/IdentityModel/PII.]'. See https://aka.ms/IDX10503 for details.
   at Microsoft.IdentityModel.JsonWebTokens.JsonWebTokenHandler.ValidateSignature(JsonWebToken jwtToken, TokenValidationParameters validationParameters, BaseConfiguration configuration)
   at Microsoft.IdentityModel.JsonWebTokens.JsonWebTokenHandler.ValidateSignatureAndIssuerSecurityKey(JsonWebToken jsonWebToken, TokenValidationParameters validationParameters, BaseConfiguration configuration)
   at Microsoft.IdentityModel.JsonWebTokens.JsonWebTokenHandler.ValidateJWSAsync(JsonWebToken jsonWebToken, TokenValidationParameters validationParameters, BaseConfiguration configuration)
2026-09-24 23:03:01.638 +03:00 [INF] Failed to validate the token.
Microsoft.IdentityModel.Tokens.SecurityTokenSignatureKeyNotFoundException: IDX10517: Signature validation failed. The token's kid is missing. Keys tried: 'Microsoft.IdentityModel.Tokens.SymmetricSecurityKey, KeyId: '', InternalId: 'VNGqhB7kZ75afXrNakqPyb1WYggzQUo6Cgi8Kx2i7Zs'. , KeyId: 
'. Number of keys in TokenValidationParameters: '1'. 
Number of keys in Configuration: '0'. 
Exceptions caught:
 '[PII of type 'System.Text.StringBuilder' is hidden. For more details, see https://aka.ms/IdentityModel/PII.]'.
token: '[PII of type 'Microsoft.IdentityModel.JsonWebTokens.JsonWebToken' is hidden. For more details, see https://aka.ms/IdentityModel/PII.]'. See https://aka.ms/IDX10503 for details.
   at Microsoft.IdentityModel.JsonWebTokens.JsonWebTokenHandler.ValidateSignature(JsonWebToken jwtToken, TokenValidationParameters validationParameters, BaseConfiguration configuration)
   at Microsoft.IdentityModel.JsonWebTokens.JsonWebTokenHandler.ValidateSignatureAndIssuerSecurityKey(JsonWebToken jsonWebToken, TokenValidationParameters validationParameters, BaseConfiguration configuration)
   at Microsoft.IdentityModel.JsonWebTokens.JsonWebTokenHandler.ValidateJWSAsync(JsonWebToken jsonWebToken, TokenValidationParameters validationParameters, BaseConfiguration configuration)
2026-09-24 23:03:01.651 +03:00 [INF] Failed to validate the token.
Microsoft.IdentityModel.Tokens.SecurityTokenSignatureKeyNotFoundException: IDX10517: Signature validation failed. The token's kid is missing. Keys tried: 'Microsoft.IdentityModel.Tokens.SymmetricSecurityKey, KeyId: '', InternalId: 'VNGqhB7kZ75afXrNakqPyb1WYggzQUo6Cgi8Kx2i7Zs'. , KeyId: 
'. Number of keys in TokenValidationParameters: '1'. 
Number of keys in Configuration: '0'. 
Exceptions caught:
 '[PII of type 'System.Text.StringBuilder' is hidden. For more details, see https://aka.ms/IdentityModel/PII.]'.
token: '[PII of type 'Microsoft.IdentityModel.JsonWebTokens.JsonWebToken' is hidden. For more details, see https://aka.ms/IdentityModel/PII.]'. See https://aka.ms/IDX10503 for details.
   at Microsoft.IdentityModel.JsonWebTokens.JsonWebTokenHandler.ValidateSignature(JsonWebToken jwtToken, TokenValidationParameters validationParameters, BaseConfiguration configuration)
   at Microsoft.IdentityModel.JsonWebTokens.JsonWebTokenHandler.ValidateSignatureAndIssuerSecurityKey(JsonWebToken jsonWebToken, TokenValidationParameters validationParameters, BaseConfiguration configuration)
   at Microsoft.IdentityModel.JsonWebTokens.JsonWebTokenHandler.ValidateJWSAsync(JsonWebToken jsonWebToken, TokenValidationParameters validationParameters, BaseConfiguration configuration)
2026-09-24 23:03:01.661 +03:00 [INF] Bearer was not authenticated. Failure message: IDX10517: Signature validation failed. The token's kid is missing. Keys tried: 'Microsoft.IdentityModel.Tokens.SymmetricSecurityKey, KeyId: '', InternalId: 'VNGqhB7kZ75afXrNakqPyb1WYggzQUo6Cgi8Kx2i7Zs'. , KeyId: 
'. Number of keys in TokenValidationParameters: '1'. 
Number of keys in Configuration: '0'. 
Exceptions caught:
 '[PII of type 'System.Text.StringBuilder' is hidden. For more details, see https://aka.ms/IdentityModel/PII.]'.
token: '[PII of type 'Microsoft.IdentityModel.JsonWebTokens.JsonWebToken' is hidden. For more details, see https://aka.ms/IdentityModel/PII.]'. See https://aka.ms/IDX10503 for details.
2026-09-24 23:03:01.672 +03:00 [INF] Bearer was not authenticated. Failure message: IDX10517: Signature validation failed. The token's kid is missing. Keys tried: 'Microsoft.IdentityModel.Tokens.SymmetricSecurityKey, KeyId: '', InternalId: 'VNGqhB7kZ75afXrNakqPyb1WYggzQUo6Cgi8Kx2i7Zs'. , KeyId: 
'. Number of keys in TokenValidationParameters: '1'. 
Number of keys in Configuration: '0'. 
Exceptions caught:
 '[PII of type 'System.Text.StringBuilder' is hidden. For more details, see https://aka.ms/IdentityModel/PII.]'.
token: '[PII of type 'Microsoft.IdentityModel.JsonWebTokens.JsonWebToken' is hidden. For more details, see https://aka.ms/IdentityModel/PII.]'. See https://aka.ms/IDX10503 for details.
2026-09-24 23:03:01.682 +03:00 [INF] Bearer was not authenticated. Failure message: IDX10517: Signature validation failed. The token's kid is missing. Keys tried: 'Microsoft.IdentityModel.Tokens.SymmetricSecurityKey, KeyId: '', InternalId: 'VNGqhB7kZ75afXrNakqPyb1WYggzQUo6Cgi8Kx2i7Zs'. , KeyId: 
'. Number of keys in TokenValidationParameters: '1'. 
Number of keys in Configuration: '0'. 
Exceptions caught:
 '[PII of type 'System.Text.StringBuilder' is hidden. For more details, see https://aka.ms/IdentityModel/PII.]'.
token: '[PII of type 'Microsoft.IdentityModel.JsonWebTokens.JsonWebToken' is hidden. For more details, see https://aka.ms/IdentityModel/PII.]'. See https://aka.ms/IDX10503 for details.
2026-09-24 23:03:01.687 +03:00 [INF] Executing endpoint 'CMS.API.Controllers.NotificationsController.GetNotifications (CMS.API)'
2026-09-24 23:03:01.691 +03:00 [INF] Executing endpoint 'CMS.API.Controllers.NotificationsController.GetNotifications (CMS.API)'
2026-09-24 23:03:01.697 +03:00 [INF] Executing endpoint 'CMS.API.Controllers.NotificationsController.GetNotifications (CMS.API)'
2026-09-24 23:03:01.703 +03:00 [INF] Route matched with {action = "GetNotifications", controller = "Notifications"}. Executing controller action with signature System.Threading.Tasks.Task`1[Microsoft.AspNetCore.Mvc.IActionResult] GetNotifications(System.Nullable`1[System.Int32], System.String) on controller CMS.API.Controllers.NotificationsController (CMS.API).
2026-09-24 23:03:01.708 +03:00 [INF] Route matched with {action = "GetNotifications", controller = "Notifications"}. Executing controller action with signature System.Threading.Tasks.Task`1[Microsoft.AspNetCore.Mvc.IActionResult] GetNotifications(System.Nullable`1[System.Int32], System.String) on controller CMS.API.Controllers.NotificationsController (CMS.API).
2026-09-24 23:03:01.713 +03:00 [INF] Route matched with {action = "GetNotifications", controller = "Notifications"}. Executing controller action with signature System.Threading.Tasks.Task`1[Microsoft.AspNetCore.Mvc.IActionResult] GetNotifications(System.Nullable`1[System.Int32], System.String) on controller CMS.API.Controllers.NotificationsController (CMS.API).
2026-09-24 23:03:01.723 +03:00 [INF] Executing OkObjectResult, writing value of type 'CMS.Shared.DTOs.ApiResponse`1[[System.Collections.Generic.List`1[[CMS.Shared.DTOs.NotificationItemDto, CMS.Shared, Version=1.0.0.0, Culture=neutral, PublicKeyToken=null]], System.Private.CoreLib, Version=8.0.0.0, Culture=neutral, PublicKeyToken=7cec85d7bea7798e]]'.
2026-09-24 23:03:01.730 +03:00 [INF] Executing OkObjectResult, writing value of type 'CMS.Shared.DTOs.ApiResponse`1[[System.Collections.Generic.List`1[[CMS.Shared.DTOs.NotificationItemDto, CMS.Shared, Version=1.0.0.0, Culture=neutral, PublicKeyToken=null]], System.Private.CoreLib, Version=8.0.0.0, Culture=neutral, PublicKeyToken=7cec85d7bea7798e]]'.
2026-09-24 23:03:01.738 +03:00 [INF] Executing OkObjectResult, writing value of type 'CMS.Shared.DTOs.ApiResponse`1[[System.Collections.Generic.List`1[[CMS.Shared.DTOs.NotificationItemDto, CMS.Shared, Version=1.0.0.0, Culture=neutral, PublicKeyToken=null]], System.Private.CoreLib, Version=8.0.0.0, Culture=neutral, PublicKeyToken=7cec85d7bea7798e]]'.
2026-09-24 23:03:01.742 +03:00 [INF] Executed action CMS.API.Controllers.NotificationsController.GetNotifications (CMS.API) in 21.9144ms
2026-09-24 23:03:01.748 +03:00 [INF] Executed action CMS.API.Controllers.NotificationsController.GetNotifications (CMS.API) in 19.1975ms
2026-09-24 23:03:01.753 +03:00 [INF] Executed action CMS.API.Controllers.NotificationsController.GetNotifications (CMS.API) in 17.485ms
2026-09-24 23:03:01.762 +03:00 [INF] Executed endpoint 'CMS.API.Controllers.NotificationsController.GetNotifications (CMS.API)'
2026-09-24 23:03:01.767 +03:00 [INF] Executed endpoint 'CMS.API.Controllers.NotificationsController.GetNotifications (CMS.API)'
2026-09-24 23:03:01.773 +03:00 [INF] Executed endpoint 'CMS.API.Controllers.NotificationsController.GetNotifications (CMS.API)'
2026-09-24 23:03:01.777 +03:00 [INF] Request finished HTTP/1.1 GET http://127.0.0.1:5010/api/v1/notifications - 200 null application/json; charset=utf-8 188.1747ms
2026-09-24 23:03:01.782 +03:00 [INF] Request finished HTTP/1.1 GET http://127.0.0.1:5010/api/v1/notifications - 200 null application/json; charset=utf-8 191.8343ms
2026-09-24 23:03:01.788 +03:00 [INF] Request finished HTTP/1.1 GET http://127.0.0.1:5010/api/v1/notifications - 200 null application/json; charset=utf-8 187.2813ms
2026-09-24 23:04:01.799 +03:00 [INF] Request starting HTTP/1.1 GET http://127.0.0.1:5010/api/v1/notifications - application/json null
2026-09-24 23:04:01.799 +03:00 [INF] Request starting HTTP/1.1 GET http://127.0.0.1:5010/api/v1/notifications - application/json null
2026-09-24 23:04:01.823 +03:00 [INF] Request starting HTTP/1.1 GET http://127.0.0.1:5010/api/v1/notifications - application/json null
2026-09-24 23:04:02.583 +03:00 [INF] Failed to validate the token.
Microsoft.IdentityModel.Tokens.SecurityTokenSignatureKeyNotFoundException: IDX10517: Signature validation failed. The token's kid is missing. Keys tried: 'Microsoft.IdentityModel.Tokens.SymmetricSecurityKey, KeyId: '', InternalId: 'VNGqhB7kZ75afXrNakqPyb1WYggzQUo6Cgi8Kx2i7Zs'. , KeyId: 
'. Number of keys in TokenValidationParameters: '1'. 
Number of keys in Configuration: '0'. 
Exceptions caught:
 '[PII of type 'System.Text.StringBuilder' is hidden. For more details, see https://aka.ms/IdentityModel/PII.]'.
token: '[PII of type 'Microsoft.IdentityModel.JsonWebTokens.JsonWebToken' is hidden. For more details, see https://aka.ms/IdentityModel/PII.]'. See https://aka.ms/IDX10503 for details.
   at Microsoft.IdentityModel.JsonWebTokens.JsonWebTokenHandler.ValidateSignature(JsonWebToken jwtToken, TokenValidationParameters validationParameters, BaseConfiguration configuration)
   at Microsoft.IdentityModel.JsonWebTokens.JsonWebTokenHandler.ValidateSignatureAndIssuerSecurityKey(JsonWebToken jsonWebToken, TokenValidationParameters validationParameters, BaseConfiguration configuration)
   at Microsoft.IdentityModel.JsonWebTokens.JsonWebTokenHandler.ValidateJWSAsync(JsonWebToken jsonWebToken, TokenValidationParameters validationParameters, BaseConfiguration configuration)
2026-09-24 23:04:03.151 +03:00 [INF] Failed to validate the token.
Microsoft.IdentityModel.Tokens.SecurityTokenSignatureKeyNotFoundException: IDX10517: Signature validation failed. The token's kid is missing. Keys tried: 'Microsoft.IdentityModel.Tokens.SymmetricSecurityKey, KeyId: '', InternalId: 'VNGqhB7kZ75afXrNakqPyb1WYggzQUo6Cgi8Kx2i7Zs'. , KeyId: 
'. Number of keys in TokenValidationParameters: '1'. 
Number of keys in Configuration: '0'. 
Exceptions caught:
 '[PII of type 'System.Text.StringBuilder' is hidden. For more details, see https://aka.ms/IdentityModel/PII.]'.
token: '[PII of type 'Microsoft.IdentityModel.JsonWebTokens.JsonWebToken' is hidden. For more details, see https://aka.ms/IdentityModel/PII.]'. See https://aka.ms/IDX10503 for details.
   at Microsoft.IdentityModel.JsonWebTokens.JsonWebTokenHandler.ValidateSignature(JsonWebToken jwtToken, TokenValidationParameters validationParameters, BaseConfiguration configuration)
   at Microsoft.IdentityModel.JsonWebTokens.JsonWebTokenHandler.ValidateSignatureAndIssuerSecurityKey(JsonWebToken jsonWebToken, TokenValidationParameters validationParameters, BaseConfiguration configuration)
   at Microsoft.IdentityModel.JsonWebTokens.JsonWebTokenHandler.ValidateJWSAsync(JsonWebToken jsonWebToken, TokenValidationParameters validationParameters, BaseConfiguration configuration)
2026-09-24 23:04:03.559 +03:00 [INF] Failed to validate the token.
Microsoft.IdentityModel.Tokens.SecurityTokenSignatureKeyNotFoundException: IDX10517: Signature validation failed. The token's kid is missing. Keys tried: 'Microsoft.IdentityModel.Tokens.SymmetricSecurityKey, KeyId: '', InternalId: 'VNGqhB7kZ75afXrNakqPyb1WYggzQUo6Cgi8Kx2i7Zs'. , KeyId: 
'. Number of keys in TokenValidationParameters: '1'. 
Number of keys in Configuration: '0'. 
Exceptions caught:
 '[PII of type 'System.Text.StringBuilder' is hidden. For more details, see https://aka.ms/IdentityModel/PII.]'.
token: '[PII of type 'Microsoft.IdentityModel.JsonWebTokens.JsonWebToken' is hidden. For more details, see https://aka.ms/IdentityModel/PII.]'. See https://aka.ms/IDX10503 for details.
   at Microsoft.IdentityModel.JsonWebTokens.JsonWebTokenHandler.ValidateSignature(JsonWebToken jwtToken, TokenValidationParameters validationParameters, BaseConfiguration configuration)
   at Microsoft.IdentityModel.JsonWebTokens.JsonWebTokenHandler.ValidateSignatureAndIssuerSecurityKey(JsonWebToken jsonWebToken, TokenValidationParameters validationParameters, BaseConfiguration configuration)
   at Microsoft.IdentityModel.JsonWebTokens.JsonWebTokenHandler.ValidateJWSAsync(JsonWebToken jsonWebToken, TokenValidationParameters validationParameters, BaseConfiguration configuration)
2026-09-24 23:04:04.496 +03:00 [INF] Bearer was not authenticated. Failure message: IDX10517: Signature validation failed. The token's kid is missing. Keys tried: 'Microsoft.IdentityModel.Tokens.SymmetricSecurityKey, KeyId: '', InternalId: 'VNGqhB7kZ75afXrNakqPyb1WYggzQUo6Cgi8Kx2i7Zs'. , KeyId: 
'. Number of keys in TokenValidationParameters: '1'. 
Number of keys in Configuration: '0'. 
Exceptions caught:
 '[PII of type 'System.Text.StringBuilder' is hidden. For more details, see https://aka.ms/IdentityModel/PII.]'.
token: '[PII of type 'Microsoft.IdentityModel.JsonWebTokens.JsonWebToken' is hidden. For more details, see https://aka.ms/IdentityModel/PII.]'. See https://aka.ms/IDX10503 for details.
2026-09-24 23:04:04.563 +03:00 [INF] Bearer was not authenticated. Failure message: IDX10517: Signature validation failed. The token's kid is missing. Keys tried: 'Microsoft.IdentityModel.Tokens.SymmetricSecurityKey, KeyId: '', InternalId: 'VNGqhB7kZ75afXrNakqPyb1WYggzQUo6Cgi8Kx2i7Zs'. , KeyId: 
'. Number of keys in TokenValidationParameters: '1'. 
Number of keys in Configuration: '0'. 
Exceptions caught:
 '[PII of type 'System.Text.StringBuilder' is hidden. For more details, see https://aka.ms/IdentityModel/PII.]'.
token: '[PII of type 'Microsoft.IdentityModel.JsonWebTokens.JsonWebToken' is hidden. For more details, see https://aka.ms/IdentityModel/PII.]'. See https://aka.ms/IDX10503 for details.
2026-09-24 23:04:04.575 +03:00 [INF] Bearer was not authenticated. Failure message: IDX10517: Signature validation failed. The token's kid is missing. Keys tried: 'Microsoft.IdentityModel.Tokens.SymmetricSecurityKey, KeyId: '', InternalId: 'VNGqhB7kZ75afXrNakqPyb1WYggzQUo6Cgi8Kx2i7Zs'. , KeyId: 
'. Number of keys in TokenValidationParameters: '1'. 
Number of keys in Configuration: '0'. 
Exceptions caught:
 '[PII of type 'System.Text.StringBuilder' is hidden. For more details, see https://aka.ms/IdentityModel/PII.]'.
token: '[PII of type 'Microsoft.IdentityModel.JsonWebTokens.JsonWebToken' is hidden. For more details, see https://aka.ms/IdentityModel/PII.]'. See https://aka.ms/IDX10503 for details.
2026-09-24 23:04:04.580 +03:00 [INF] Executing endpoint 'CMS.API.Controllers.NotificationsController.GetNotifications (CMS.API)'
2026-09-24 23:04:04.584 +03:00 [INF] Executing endpoint 'CMS.API.Controllers.NotificationsController.GetNotifications (CMS.API)'
2026-09-24 23:04:04.590 +03:00 [INF] Executing endpoint 'CMS.API.Controllers.NotificationsController.GetNotifications (CMS.API)'
2026-09-24 23:04:04.594 +03:00 [INF] Route matched with {action = "GetNotifications", controller = "Notifications"}. Executing controller action with signature System.Threading.Tasks.Task`1[Microsoft.AspNetCore.Mvc.IActionResult] GetNotifications(System.Nullable`1[System.Int32], System.String) on controller CMS.API.Controllers.NotificationsController (CMS.API).
2026-09-24 23:04:04.599 +03:00 [INF] Route matched with {action = "GetNotifications", controller = "Notifications"}. Executing controller action with signature System.Threading.Tasks.Task`1[Microsoft.AspNetCore.Mvc.IActionResult] GetNotifications(System.Nullable`1[System.Int32], System.String) on controller CMS.API.Controllers.NotificationsController (CMS.API).
2026-09-24 23:04:04.603 +03:00 [INF] Route matched with {action = "GetNotifications", controller = "Notifications"}. Executing controller action with signature System.Threading.Tasks.Task`1[Microsoft.AspNetCore.Mvc.IActionResult] GetNotifications(System.Nullable`1[System.Int32], System.String) on controller CMS.API.Controllers.NotificationsController (CMS.API).
2026-09-24 23:04:04.613 +03:00 [INF] Executing OkObjectResult, writing value of type 'CMS.Shared.DTOs.ApiResponse`1[[System.Collections.Generic.List`1[[CMS.Shared.DTOs.NotificationItemDto, CMS.Shared, Version=1.0.0.0, Culture=neutral, PublicKeyToken=null]], System.Private.CoreLib, Version=8.0.0.0, Culture=neutral, PublicKeyToken=7cec85d7bea7798e]]'.
2026-09-24 23:04:04.621 +03:00 [INF] Executing OkObjectResult, writing value of type 'CMS.Shared.DTOs.ApiResponse`1[[System.Collections.Generic.List`1[[CMS.Shared.DTOs.NotificationItemDto, CMS.Shared, Version=1.0.0.0, Culture=neutral, PublicKeyToken=null]], System.Private.CoreLib, Version=8.0.0.0, Culture=neutral, PublicKeyToken=7cec85d7bea7798e]]'.
2026-09-24 23:04:04.631 +03:00 [INF] Executing OkObjectResult, writing value of type 'CMS.Shared.DTOs.ApiResponse`1[[System.Collections.Generic.List`1[[CMS.Shared.DTOs.NotificationItemDto, CMS.Shared, Version=1.0.0.0, Culture=neutral, PublicKeyToken=null]], System.Private.CoreLib, Version=8.0.0.0, Culture=neutral, PublicKeyToken=7cec85d7bea7798e]]'.
2026-09-24 23:04:04.635 +03:00 [INF] Executed action CMS.API.Controllers.NotificationsController.GetNotifications (CMS.API) in 25.0782ms
2026-09-24 23:04:04.640 +03:00 [INF] Executed action CMS.API.Controllers.NotificationsController.GetNotifications (CMS.API) in 23.3723ms
2026-09-24 23:04:04.645 +03:00 [INF] Executed action CMS.API.Controllers.NotificationsController.GetNotifications (CMS.API) in 17.8059ms
2026-09-24 23:04:04.649 +03:00 [INF] Executed endpoint 'CMS.API.Controllers.NotificationsController.GetNotifications (CMS.API)'
2026-09-24 23:04:04.655 +03:00 [INF] Executed endpoint 'CMS.API.Controllers.NotificationsController.GetNotifications (CMS.API)'
2026-09-24 23:04:04.660 +03:00 [INF] Executed endpoint 'CMS.API.Controllers.NotificationsController.GetNotifications (CMS.API)'
2026-09-24 23:04:04.664 +03:00 [INF] Request finished HTTP/1.1 GET http://127.0.0.1:5010/api/v1/notifications - 200 null application/json; charset=utf-8 2864.5591ms
2026-09-24 23:04:04.669 +03:00 [INF] Request finished HTTP/1.1 GET http://127.0.0.1:5010/api/v1/notifications - 200 null application/json; charset=utf-8 2869.1927ms
2026-09-24 23:04:04.673 +03:00 [INF] Request finished HTTP/1.1 GET http://127.0.0.1:5010/api/v1/notifications - 200 null application/json; charset=utf-8 2850.1832ms
2026-09-24 23:05:01.780 +03:00 [INF] Request starting HTTP/1.1 GET http://127.0.0.1:5010/api/v1/notifications - application/json null
2026-09-24 23:05:01.780 +03:00 [INF] Request starting HTTP/1.1 GET http://127.0.0.1:5010/api/v1/notifications - application/json null
2026-09-24 23:05:01.799 +03:00 [INF] Request starting HTTP/1.1 GET http://127.0.0.1:5010/api/v1/notifications - application/json null
2026-09-24 23:05:02.845 +03:00 [INF] Failed to validate the token.
Microsoft.IdentityModel.Tokens.SecurityTokenSignatureKeyNotFoundException: IDX10517: Signature validation failed. The token's kid is missing. Keys tried: 'Microsoft.IdentityModel.Tokens.SymmetricSecurityKey, KeyId: '', InternalId: 'VNGqhB7kZ75afXrNakqPyb1WYggzQUo6Cgi8Kx2i7Zs'. , KeyId: 
'. Number of keys in TokenValidationParameters: '1'. 
Number of keys in Configuration: '0'. 
Exceptions caught:
 '[PII of type 'System.Text.StringBuilder' is hidden. For more details, see https://aka.ms/IdentityModel/PII.]'.
token: '[PII of type 'Microsoft.IdentityModel.JsonWebTokens.JsonWebToken' is hidden. For more details, see https://aka.ms/IdentityModel/PII.]'. See https://aka.ms/IDX10503 for details.
   at Microsoft.IdentityModel.JsonWebTokens.JsonWebTokenHandler.ValidateSignature(JsonWebToken jwtToken, TokenValidationParameters validationParameters, BaseConfiguration configuration)
   at Microsoft.IdentityModel.JsonWebTokens.JsonWebTokenHandler.ValidateSignatureAndIssuerSecurityKey(JsonWebToken jsonWebToken, TokenValidationParameters validationParameters, BaseConfiguration configuration)
   at Microsoft.IdentityModel.JsonWebTokens.JsonWebTokenHandler.ValidateJWSAsync(JsonWebToken jsonWebToken, TokenValidationParameters validationParameters, BaseConfiguration configuration)
2026-09-24 23:05:04.246 +03:00 [INF] Failed to validate the token.
Microsoft.IdentityModel.Tokens.SecurityTokenSignatureKeyNotFoundException: IDX10517: Signature validation failed. The token's kid is missing. Keys tried: 'Microsoft.IdentityModel.Tokens.SymmetricSecurityKey, KeyId: '', InternalId: 'VNGqhB7kZ75afXrNakqPyb1WYggzQUo6Cgi8Kx2i7Zs'. , KeyId: 
'. Number of keys in TokenValidationParameters: '1'. 
Number of keys in Configuration: '0'. 
Exceptions caught:
 '[PII of type 'System.Text.StringBuilder' is hidden. For more details, see https://aka.ms/IdentityModel/PII.]'.
token: '[PII of type 'Microsoft.IdentityModel.JsonWebTokens.JsonWebToken' is hidden. For more details, see https://aka.ms/IdentityModel/PII.]'. See https://aka.ms/IDX10503 for details.
   at Microsoft.IdentityModel.JsonWebTokens.JsonWebTokenHandler.ValidateSignature(JsonWebToken jwtToken, TokenValidationParameters validationParameters, BaseConfiguration configuration)
   at Microsoft.IdentityModel.JsonWebTokens.JsonWebTokenHandler.ValidateSignatureAndIssuerSecurityKey(JsonWebToken jsonWebToken, TokenValidationParameters validationParameters, BaseConfiguration configuration)
   at Microsoft.IdentityModel.JsonWebTokens.JsonWebTokenHandler.ValidateJWSAsync(JsonWebToken jsonWebToken, TokenValidationParameters validationParameters, BaseConfiguration configuration)
2026-09-24 23:05:04.477 +03:00 [INF] Failed to validate the token.
Microsoft.IdentityModel.Tokens.SecurityTokenSignatureKeyNotFoundException: IDX10517: Signature validation failed. The token's kid is missing. Keys tried: 'Microsoft.IdentityModel.Tokens.SymmetricSecurityKey, KeyId: '', InternalId: 'VNGqhB7kZ75afXrNakqPyb1WYggzQUo6Cgi8Kx2i7Zs'. , KeyId: 
'. Number of keys in TokenValidationParameters: '1'. 
Number of keys in Configuration: '0'. 
Exceptions caught:
 '[PII of type 'System.Text.StringBuilder' is hidden. For more details, see https://aka.ms/IdentityModel/PII.]'.
token: '[PII of type 'Microsoft.IdentityModel.JsonWebTokens.JsonWebToken' is hidden. For more details, see https://aka.ms/IdentityModel/PII.]'. See https://aka.ms/IDX10503 for details.
   at Microsoft.IdentityModel.JsonWebTokens.JsonWebTokenHandler.ValidateSignature(JsonWebToken jwtToken, TokenValidationParameters validationParameters, BaseConfiguration configuration)
   at Microsoft.IdentityModel.JsonWebTokens.JsonWebTokenHandler.ValidateSignatureAndIssuerSecurityKey(JsonWebToken jsonWebToken, TokenValidationParameters validationParameters, BaseConfiguration configuration)
   at Microsoft.IdentityModel.JsonWebTokens.JsonWebTokenHandler.ValidateJWSAsync(JsonWebToken jsonWebToken, TokenValidationParameters validationParameters, BaseConfiguration configuration)
2026-09-24 23:05:05.776 +03:00 [INF] Bearer was not authenticated. Failure message: IDX10517: Signature validation failed. The token's kid is missing. Keys tried: 'Microsoft.IdentityModel.Tokens.SymmetricSecurityKey, KeyId: '', InternalId: 'VNGqhB7kZ75afXrNakqPyb1WYggzQUo6Cgi8Kx2i7Zs'. , KeyId: 
'. Number of keys in TokenValidationParameters: '1'. 
Number of keys in Configuration: '0'. 
Exceptions caught:
 '[PII of type 'System.Text.StringBuilder' is hidden. For more details, see https://aka.ms/IdentityModel/PII.]'.
token: '[PII of type 'Microsoft.IdentityModel.JsonWebTokens.JsonWebToken' is hidden. For more details, see https://aka.ms/IdentityModel/PII.]'. See https://aka.ms/IDX10503 for details.
2026-09-24 23:05:07.222 +03:00 [INF] Executing endpoint 'CMS.API.Controllers.NotificationsController.GetNotifications (CMS.API)'
2026-09-24 23:05:07.188 +03:00 [INF] Bearer was not authenticated. Failure message: IDX10517: Signature validation failed. The token's kid is missing. Keys tried: 'Microsoft.IdentityModel.Tokens.SymmetricSecurityKey, KeyId: '', InternalId: 'VNGqhB7kZ75afXrNakqPyb1WYggzQUo6Cgi8Kx2i7Zs'. , KeyId: 
'. Number of keys in TokenValidationParameters: '1'. 
Number of keys in Configuration: '0'. 
Exceptions caught:
 '[PII of type 'System.Text.StringBuilder' is hidden. For more details, see https://aka.ms/IdentityModel/PII.]'.
token: '[PII of type 'Microsoft.IdentityModel.JsonWebTokens.JsonWebToken' is hidden. For more details, see https://aka.ms/IdentityModel/PII.]'. See https://aka.ms/IDX10503 for details.
2026-09-24 23:05:07.388 +03:00 [INF] Executing endpoint 'CMS.API.Controllers.NotificationsController.GetNotifications (CMS.API)'
2026-09-24 23:05:07.362 +03:00 [INF] Route matched with {action = "GetNotifications", controller = "Notifications"}. Executing controller action with signature System.Threading.Tasks.Task`1[Microsoft.AspNetCore.Mvc.IActionResult] GetNotifications(System.Nullable`1[System.Int32], System.String) on controller CMS.API.Controllers.NotificationsController (CMS.API).
2026-09-24 23:05:06.741 +03:00 [INF] Bearer was not authenticated. Failure message: IDX10517: Signature validation failed. The token's kid is missing. Keys tried: 'Microsoft.IdentityModel.Tokens.SymmetricSecurityKey, KeyId: '', InternalId: 'VNGqhB7kZ75afXrNakqPyb1WYggzQUo6Cgi8Kx2i7Zs'. , KeyId: 
'. Number of keys in TokenValidationParameters: '1'. 
Number of keys in Configuration: '0'. 
Exceptions caught:
 '[PII of type 'System.Text.StringBuilder' is hidden. For more details, see https://aka.ms/IdentityModel/PII.]'.
token: '[PII of type 'Microsoft.IdentityModel.JsonWebTokens.JsonWebToken' is hidden. For more details, see https://aka.ms/IdentityModel/PII.]'. See https://aka.ms/IDX10503 for details.
2026-09-24 23:05:07.515 +03:00 [INF] Route matched with {action = "GetNotifications", controller = "Notifications"}. Executing controller action with signature System.Threading.Tasks.Task`1[Microsoft.AspNetCore.Mvc.IActionResult] GetNotifications(System.Nullable`1[System.Int32], System.String) on controller CMS.API.Controllers.NotificationsController (CMS.API).
2026-09-24 23:05:08.161 +03:00 [INF] Executing OkObjectResult, writing value of type 'CMS.Shared.DTOs.ApiResponse`1[[System.Collections.Generic.List`1[[CMS.Shared.DTOs.NotificationItemDto, CMS.Shared, Version=1.0.0.0, Culture=neutral, PublicKeyToken=null]], System.Private.CoreLib, Version=8.0.0.0, Culture=neutral, PublicKeyToken=7cec85d7bea7798e]]'.
2026-09-24 23:05:08.920 +03:00 [INF] Executing endpoint 'CMS.API.Controllers.NotificationsController.GetNotifications (CMS.API)'
2026-09-24 23:05:10.461 +03:00 [INF] Executing OkObjectResult, writing value of type 'CMS.Shared.DTOs.ApiResponse`1[[System.Collections.Generic.List`1[[CMS.Shared.DTOs.NotificationItemDto, CMS.Shared, Version=1.0.0.0, Culture=neutral, PublicKeyToken=null]], System.Private.CoreLib, Version=8.0.0.0, Culture=neutral, PublicKeyToken=7cec85d7bea7798e]]'.
2026-09-24 23:05:10.489 +03:00 [INF] Executed action CMS.API.Controllers.NotificationsController.GetNotifications (CMS.API) in 2367.3622ms
2026-09-24 23:05:10.492 +03:00 [INF] Route matched with {action = "GetNotifications", controller = "Notifications"}. Executing controller action with signature System.Threading.Tasks.Task`1[Microsoft.AspNetCore.Mvc.IActionResult] GetNotifications(System.Nullable`1[System.Int32], System.String) on controller CMS.API.Controllers.NotificationsController (CMS.API).
2026-09-24 23:05:10.542 +03:00 [INF] Executed action CMS.API.Controllers.NotificationsController.GetNotifications (CMS.API) in 86.5885ms
2026-09-24 23:05:10.557 +03:00 [INF] Executed endpoint 'CMS.API.Controllers.NotificationsController.GetNotifications (CMS.API)'
2026-09-24 23:05:10.570 +03:00 [INF] Executing OkObjectResult, writing value of type 'CMS.Shared.DTOs.ApiResponse`1[[System.Collections.Generic.List`1[[CMS.Shared.DTOs.NotificationItemDto, CMS.Shared, Version=1.0.0.0, Culture=neutral, PublicKeyToken=null]], System.Private.CoreLib, Version=8.0.0.0, Culture=neutral, PublicKeyToken=7cec85d7bea7798e]]'.
2026-09-24 23:05:10.578 +03:00 [INF] Executed endpoint 'CMS.API.Controllers.NotificationsController.GetNotifications (CMS.API)'
2026-09-24 23:05:10.618 +03:00 [INF] Request finished HTTP/1.1 GET http://127.0.0.1:5010/api/v1/notifications - 200 null application/json; charset=utf-8 8818.3768ms
2026-09-24 23:05:10.612 +03:00 [INF] Executed action CMS.API.Controllers.NotificationsController.GetNotifications (CMS.API) in 44.7921ms
2026-09-24 23:05:10.585 +03:00 [INF] Request finished HTTP/1.1 GET http://127.0.0.1:5010/api/v1/notifications - 200 null application/json; charset=utf-8 8805.0777ms
2026-09-24 23:05:10.649 +03:00 [INF] Executed endpoint 'CMS.API.Controllers.NotificationsController.GetNotifications (CMS.API)'
2026-09-24 23:05:10.672 +03:00 [INF] Request finished HTTP/1.1 GET http://127.0.0.1:5010/api/v1/notifications - 200 null application/json; charset=utf-8 8891.8989ms
2026-09-24 23:06:01.799 +03:00 [INF] Request starting HTTP/1.1 GET http://127.0.0.1:5010/api/v1/notifications - application/json null
2026-09-24 23:06:01.800 +03:00 [INF] Request starting HTTP/1.1 GET http://127.0.0.1:5010/api/v1/notifications - application/json null
2026-09-24 23:06:01.909 +03:00 [INF] Request starting HTTP/1.1 GET http://127.0.0.1:5010/api/v1/notifications - application/json null
2026-09-24 23:06:02.511 +03:00 [INF] Failed to validate the token.
Microsoft.IdentityModel.Tokens.SecurityTokenSignatureKeyNotFoundException: IDX10517: Signature validation failed. The token's kid is missing. Keys tried: 'Microsoft.IdentityModel.Tokens.SymmetricSecurityKey, KeyId: '', InternalId: 'VNGqhB7kZ75afXrNakqPyb1WYggzQUo6Cgi8Kx2i7Zs'. , KeyId: 
'. Number of keys in TokenValidationParameters: '1'. 
Number of keys in Configuration: '0'. 
Exceptions caught:
 '[PII of type 'System.Text.StringBuilder' is hidden. For more details, see https://aka.ms/IdentityModel/PII.]'.
token: '[PII of type 'Microsoft.IdentityModel.JsonWebTokens.JsonWebToken' is hidden. For more details, see https://aka.ms/IdentityModel/PII.]'. See https://aka.ms/IDX10503 for details.
   at Microsoft.IdentityModel.JsonWebTokens.JsonWebTokenHandler.ValidateSignature(JsonWebToken jwtToken, TokenValidationParameters validationParameters, BaseConfiguration configuration)
   at Microsoft.IdentityModel.JsonWebTokens.JsonWebTokenHandler.ValidateSignatureAndIssuerSecurityKey(JsonWebToken jsonWebToken, TokenValidationParameters validationParameters, BaseConfiguration configuration)
   at Microsoft.IdentityModel.JsonWebTokens.JsonWebTokenHandler.ValidateJWSAsync(JsonWebToken jsonWebToken, TokenValidationParameters validationParameters, BaseConfiguration configuration)
2026-09-24 23:06:04.176 +03:00 [INF] Failed to validate the token.
Microsoft.IdentityModel.Tokens.SecurityTokenSignatureKeyNotFoundException: IDX10517: Signature validation failed. The token's kid is missing. Keys tried: 'Microsoft.IdentityModel.Tokens.SymmetricSecurityKey, KeyId: '', InternalId: 'VNGqhB7kZ75afXrNakqPyb1WYggzQUo6Cgi8Kx2i7Zs'. , KeyId: 
'. Number of keys in TokenValidationParameters: '1'. 
Number of keys in Configuration: '0'. 
Exceptions caught:
 '[PII of type 'System.Text.StringBuilder' is hidden. For more details, see https://aka.ms/IdentityModel/PII.]'.
token: '[PII of type 'Microsoft.IdentityModel.JsonWebTokens.JsonWebToken' is hidden. For more details, see https://aka.ms/IdentityModel/PII.]'. See https://aka.ms/IDX10503 for details.
   at Microsoft.IdentityModel.JsonWebTokens.JsonWebTokenHandler.ValidateSignature(JsonWebToken jwtToken, TokenValidationParameters validationParameters, BaseConfiguration configuration)
   at Microsoft.IdentityModel.JsonWebTokens.JsonWebTokenHandler.ValidateSignatureAndIssuerSecurityKey(JsonWebToken jsonWebToken, TokenValidationParameters validationParameters, BaseConfiguration configuration)
   at Microsoft.IdentityModel.JsonWebTokens.JsonWebTokenHandler.ValidateJWSAsync(JsonWebToken jsonWebToken, TokenValidationParameters validationParameters, BaseConfiguration configuration)
2026-09-24 23:06:05.923 +03:00 [INF] Failed to validate the token.
Microsoft.IdentityModel.Tokens.SecurityTokenSignatureKeyNotFoundException: IDX10517: Signature validation failed. The token's kid is missing. Keys tried: 'Microsoft.IdentityModel.Tokens.SymmetricSecurityKey, KeyId: '', InternalId: 'VNGqhB7kZ75afXrNakqPyb1WYggzQUo6Cgi8Kx2i7Zs'. , KeyId: 
'. Number of keys in TokenValidationParameters: '1'. 
Number of keys in Configuration: '0'. 
Exceptions caught:
 '[PII of type 'System.Text.StringBuilder' is hidden. For more details, see https://aka.ms/IdentityModel/PII.]'.
token: '[PII of type 'Microsoft.IdentityModel.JsonWebTokens.JsonWebToken' is hidden. For more details, see https://aka.ms/IdentityModel/PII.]'. See https://aka.ms/IDX10503 for details.
   at Microsoft.IdentityModel.JsonWebTokens.JsonWebTokenHandler.ValidateSignature(JsonWebToken jwtToken, TokenValidationParameters validationParameters, BaseConfiguration configuration)
   at Microsoft.IdentityModel.JsonWebTokens.JsonWebTokenHandler.ValidateSignatureAndIssuerSecurityKey(JsonWebToken jsonWebToken, TokenValidationParameters validationParameters, BaseConfiguration configuration)
   at Microsoft.IdentityModel.JsonWebTokens.JsonWebTokenHandler.ValidateJWSAsync(JsonWebToken jsonWebToken, TokenValidationParameters validationParameters, BaseConfiguration configuration)
2026-09-24 23:06:07.529 +03:00 [INF] Bearer was not authenticated. Failure message: IDX10517: Signature validation failed. The token's kid is missing. Keys tried: 'Microsoft.IdentityModel.Tokens.SymmetricSecurityKey, KeyId: '', InternalId: 'VNGqhB7kZ75afXrNakqPyb1WYggzQUo6Cgi8Kx2i7Zs'. , KeyId: 
'. Number of keys in TokenValidationParameters: '1'. 
Number of keys in Configuration: '0'. 
Exceptions caught:
 '[PII of type 'System.Text.StringBuilder' is hidden. For more details, see https://aka.ms/IdentityModel/PII.]'.
token: '[PII of type 'Microsoft.IdentityModel.JsonWebTokens.JsonWebToken' is hidden. For more details, see https://aka.ms/IdentityModel/PII.]'. See https://aka.ms/IDX10503 for details.
2026-09-24 23:06:10.543 +03:00 [INF] Executing endpoint 'CMS.API.Controllers.NotificationsController.GetNotifications (CMS.API)'
2026-09-24 23:06:10.525 +03:00 [INF] Bearer was not authenticated. Failure message: IDX10517: Signature validation failed. The token's kid is missing. Keys tried: 'Microsoft.IdentityModel.Tokens.SymmetricSecurityKey, KeyId: '', InternalId: 'VNGqhB7kZ75afXrNakqPyb1WYggzQUo6Cgi8Kx2i7Zs'. , KeyId: 
'. Number of keys in TokenValidationParameters: '1'. 
Number of keys in Configuration: '0'. 
Exceptions caught:
 '[PII of type 'System.Text.StringBuilder' is hidden. For more details, see https://aka.ms/IdentityModel/PII.]'.
token: '[PII of type 'Microsoft.IdentityModel.JsonWebTokens.JsonWebToken' is hidden. For more details, see https://aka.ms/IdentityModel/PII.]'. See https://aka.ms/IDX10503 for details.
2026-09-24 23:06:08.697 +03:00 [INF] Bearer was not authenticated. Failure message: IDX10517: Signature validation failed. The token's kid is missing. Keys tried: 'Microsoft.IdentityModel.Tokens.SymmetricSecurityKey, KeyId: '', InternalId: 'VNGqhB7kZ75afXrNakqPyb1WYggzQUo6Cgi8Kx2i7Zs'. , KeyId: 
'. Number of keys in TokenValidationParameters: '1'. 
Number of keys in Configuration: '0'. 
Exceptions caught:
 '[PII of type 'System.Text.StringBuilder' is hidden. For more details, see https://aka.ms/IdentityModel/PII.]'.
token: '[PII of type 'Microsoft.IdentityModel.JsonWebTokens.JsonWebToken' is hidden. For more details, see https://aka.ms/IdentityModel/PII.]'. See https://aka.ms/IDX10503 for details.
2026-09-24 23:06:10.837 +03:00 [INF] Route matched with {action = "GetNotifications", controller = "Notifications"}. Executing controller action with signature System.Threading.Tasks.Task`1[Microsoft.AspNetCore.Mvc.IActionResult] GetNotifications(System.Nullable`1[System.Int32], System.String) on controller CMS.API.Controllers.NotificationsController (CMS.API).
2026-09-24 23:06:13.487 +03:00 [INF] Executing endpoint 'CMS.API.Controllers.NotificationsController.GetNotifications (CMS.API)'
2026-09-24 23:06:13.630 +03:00 [INF] Executing endpoint 'CMS.API.Controllers.NotificationsController.GetNotifications (CMS.API)'
2026-09-24 23:06:14.963 +03:00 [INF] Executing OkObjectResult, writing value of type 'CMS.Shared.DTOs.ApiResponse`1[[System.Collections.Generic.List`1[[CMS.Shared.DTOs.NotificationItemDto, CMS.Shared, Version=1.0.0.0, Culture=neutral, PublicKeyToken=null]], System.Private.CoreLib, Version=8.0.0.0, Culture=neutral, PublicKeyToken=7cec85d7bea7798e]]'.
2026-09-24 23:06:16.501 +03:00 [INF] Executed action CMS.API.Controllers.NotificationsController.GetNotifications (CMS.API) in 1730.3169ms
2026-09-24 23:06:16.461 +03:00 [INF] Route matched with {action = "GetNotifications", controller = "Notifications"}. Executing controller action with signature System.Threading.Tasks.Task`1[Microsoft.AspNetCore.Mvc.IActionResult] GetNotifications(System.Nullable`1[System.Int32], System.String) on controller CMS.API.Controllers.NotificationsController (CMS.API).
2026-09-24 23:06:15.877 +03:00 [INF] Route matched with {action = "GetNotifications", controller = "Notifications"}. Executing controller action with signature System.Threading.Tasks.Task`1[Microsoft.AspNetCore.Mvc.IActionResult] GetNotifications(System.Nullable`1[System.Int32], System.String) on controller CMS.API.Controllers.NotificationsController (CMS.API).
2026-09-24 23:06:16.870 +03:00 [INF] Executed endpoint 'CMS.API.Controllers.NotificationsController.GetNotifications (CMS.API)'
2026-09-24 23:06:16.891 +03:00 [INF] Executing OkObjectResult, writing value of type 'CMS.Shared.DTOs.ApiResponse`1[[System.Collections.Generic.List`1[[CMS.Shared.DTOs.NotificationItemDto, CMS.Shared, Version=1.0.0.0, Culture=neutral, PublicKeyToken=null]], System.Private.CoreLib, Version=8.0.0.0, Culture=neutral, PublicKeyToken=7cec85d7bea7798e]]'.
2026-09-24 23:06:16.902 +03:00 [INF] Executing OkObjectResult, writing value of type 'CMS.Shared.DTOs.ApiResponse`1[[System.Collections.Generic.List`1[[CMS.Shared.DTOs.NotificationItemDto, CMS.Shared, Version=1.0.0.0, Culture=neutral, PublicKeyToken=null]], System.Private.CoreLib, Version=8.0.0.0, Culture=neutral, PublicKeyToken=7cec85d7bea7798e]]'.
2026-09-24 23:06:16.904 +03:00 [INF] Request finished HTTP/1.1 GET http://127.0.0.1:5010/api/v1/notifications - 200 null application/json; charset=utf-8 15104.379ms
2026-09-24 23:06:16.911 +03:00 [INF] Executed action CMS.API.Controllers.NotificationsController.GetNotifications (CMS.API) in 21.7643ms
2026-09-24 23:06:16.923 +03:00 [INF] Executed action CMS.API.Controllers.NotificationsController.GetNotifications (CMS.API) in 24.3198ms
2026-09-24 23:06:16.944 +03:00 [INF] Executed endpoint 'CMS.API.Controllers.NotificationsController.GetNotifications (CMS.API)'
2026-09-24 23:06:16.951 +03:00 [INF] Executed endpoint 'CMS.API.Controllers.NotificationsController.GetNotifications (CMS.API)'
2026-09-24 23:06:16.956 +03:00 [INF] Request finished HTTP/1.1 GET http://127.0.0.1:5010/api/v1/notifications - 200 null application/json; charset=utf-8 15156.6326ms
2026-09-24 23:06:16.999 +03:00 [INF] Request finished HTTP/1.1 GET http://127.0.0.1:5010/api/v1/notifications - 200 null application/json; charset=utf-8 15089.5356ms
2026-09-24 23:07:03.078 +03:00 [INF] Request starting HTTP/1.1 GET http://127.0.0.1:5010/api/v1/notifications - application/json null
2026-09-24 23:07:03.147 +03:00 [INF] Request starting HTTP/1.1 GET http://127.0.0.1:5010/api/v1/notifications - application/json null
2026-09-24 23:07:03.179 +03:00 [INF] Request starting HTTP/1.1 GET http://127.0.0.1:5010/api/v1/notifications - application/json null
2026-09-24 23:07:09.397 +03:00 [INF] Failed to validate the token.
Microsoft.IdentityModel.Tokens.SecurityTokenSignatureKeyNotFoundException: IDX10517: Signature validation failed. The token's kid is missing. Keys tried: 'Microsoft.IdentityModel.Tokens.SymmetricSecurityKey, KeyId: '', InternalId: 'VNGqhB7kZ75afXrNakqPyb1WYggzQUo6Cgi8Kx2i7Zs'. , KeyId: 
'. Number of keys in TokenValidationParameters: '1'. 
Number of keys in Configuration: '0'. 
Exceptions caught:
 '[PII of type 'System.Text.StringBuilder' is hidden. For more details, see https://aka.ms/IdentityModel/PII.]'.
token: '[PII of type 'Microsoft.IdentityModel.JsonWebTokens.JsonWebToken' is hidden. For more details, see https://aka.ms/IdentityModel/PII.]'. See https://aka.ms/IDX10503 for details.
   at Microsoft.IdentityModel.JsonWebTokens.JsonWebTokenHandler.ValidateSignature(JsonWebToken jwtToken, TokenValidationParameters validationParameters, BaseConfiguration configuration)
   at Microsoft.IdentityModel.JsonWebTokens.JsonWebTokenHandler.ValidateSignatureAndIssuerSecurityKey(JsonWebToken jsonWebToken, TokenValidationParameters validationParameters, BaseConfiguration configuration)
   at Microsoft.IdentityModel.JsonWebTokens.JsonWebTokenHandler.ValidateJWSAsync(JsonWebToken jsonWebToken, TokenValidationParameters validationParameters, BaseConfiguration configuration)
2026-09-24 23:07:11.344 +03:00 [INF] Failed to validate the token.
Microsoft.IdentityModel.Tokens.SecurityTokenSignatureKeyNotFoundException: IDX10517: Signature validation failed. The token's kid is missing. Keys tried: 'Microsoft.IdentityModel.Tokens.SymmetricSecurityKey, KeyId: '', InternalId: 'VNGqhB7kZ75afXrNakqPyb1WYggzQUo6Cgi8Kx2i7Zs'. , KeyId: 
'. Number of keys in TokenValidationParameters: '1'. 
Number of keys in Configuration: '0'. 
Exceptions caught:
 '[PII of type 'System.Text.StringBuilder' is hidden. For more details, see https://aka.ms/IdentityModel/PII.]'.
token: '[PII of type 'Microsoft.IdentityModel.JsonWebTokens.JsonWebToken' is hidden. For more details, see https://aka.ms/IdentityModel/PII.]'. See https://aka.ms/IDX10503 for details.
   at Microsoft.IdentityModel.JsonWebTokens.JsonWebTokenHandler.ValidateSignature(JsonWebToken jwtToken, TokenValidationParameters validationParameters, BaseConfiguration configuration)
   at Microsoft.IdentityModel.JsonWebTokens.JsonWebTokenHandler.ValidateSignatureAndIssuerSecurityKey(JsonWebToken jsonWebToken, TokenValidationParameters validationParameters, BaseConfiguration configuration)
   at Microsoft.IdentityModel.JsonWebTokens.JsonWebTokenHandler.ValidateJWSAsync(JsonWebToken jsonWebToken, TokenValidationParameters validationParameters, BaseConfiguration configuration)
2026-09-24 23:07:12.229 +03:00 [INF] Failed to validate the token.
Microsoft.IdentityModel.Tokens.SecurityTokenSignatureKeyNotFoundException: IDX10517: Signature validation failed. The token's kid is missing. Keys tried: 'Microsoft.IdentityModel.Tokens.SymmetricSecurityKey, KeyId: '', InternalId: 'VNGqhB7kZ75afXrNakqPyb1WYggzQUo6Cgi8Kx2i7Zs'. , KeyId: 
'. Number of keys in TokenValidationParameters: '1'. 
Number of keys in Configuration: '0'. 
Exceptions caught:
 '[PII of type 'System.Text.StringBuilder' is hidden. For more details, see https://aka.ms/IdentityModel/PII.]'.
token: '[PII of type 'Microsoft.IdentityModel.JsonWebTokens.JsonWebToken' is hidden. For more details, see https://aka.ms/IdentityModel/PII.]'. See https://aka.ms/IDX10503 for details.
   at Microsoft.IdentityModel.JsonWebTokens.JsonWebTokenHandler.ValidateSignature(JsonWebToken jwtToken, TokenValidationParameters validationParameters, BaseConfiguration configuration)
   at Microsoft.IdentityModel.JsonWebTokens.JsonWebTokenHandler.ValidateSignatureAndIssuerSecurityKey(JsonWebToken jsonWebToken, TokenValidationParameters validationParameters, BaseConfiguration configuration)
   at Microsoft.IdentityModel.JsonWebTokens.JsonWebTokenHandler.ValidateJWSAsync(JsonWebToken jsonWebToken, TokenValidationParameters validationParameters, BaseConfiguration configuration)
2026-09-24 23:07:12.450 +03:00 [INF] Bearer was not authenticated. Failure message: IDX10517: Signature validation failed. The token's kid is missing. Keys tried: 'Microsoft.IdentityModel.Tokens.SymmetricSecurityKey, KeyId: '', InternalId: 'VNGqhB7kZ75afXrNakqPyb1WYggzQUo6Cgi8Kx2i7Zs'. , KeyId: 
'. Number of keys in TokenValidationParameters: '1'. 
Number of keys in Configuration: '0'. 
Exceptions caught:
 '[PII of type 'System.Text.StringBuilder' is hidden. For more details, see https://aka.ms/IdentityModel/PII.]'.
token: '[PII of type 'Microsoft.IdentityModel.JsonWebTokens.JsonWebToken' is hidden. For more details, see https://aka.ms/IdentityModel/PII.]'. See https://aka.ms/IDX10503 for details.
2026-09-24 23:07:12.531 +03:00 [INF] Bearer was not authenticated. Failure message: IDX10517: Signature validation failed. The token's kid is missing. Keys tried: 'Microsoft.IdentityModel.Tokens.SymmetricSecurityKey, KeyId: '', InternalId: 'VNGqhB7kZ75afXrNakqPyb1WYggzQUo6Cgi8Kx2i7Zs'. , KeyId: 
'. Number of keys in TokenValidationParameters: '1'. 
Number of keys in Configuration: '0'. 
Exceptions caught:
 '[PII of type 'System.Text.StringBuilder' is hidden. For more details, see https://aka.ms/IdentityModel/PII.]'.
token: '[PII of type 'Microsoft.IdentityModel.JsonWebTokens.JsonWebToken' is hidden. For more details, see https://aka.ms/IdentityModel/PII.]'. See https://aka.ms/IDX10503 for details.
2026-09-24 23:07:12.621 +03:00 [INF] Executing endpoint 'CMS.API.Controllers.NotificationsController.GetNotifications (CMS.API)'
2026-09-24 23:07:12.614 +03:00 [INF] Executing endpoint 'CMS.API.Controllers.NotificationsController.GetNotifications (CMS.API)'
2026-09-24 23:07:12.715 +03:00 [INF] Route matched with {action = "GetNotifications", controller = "Notifications"}. Executing controller action with signature System.Threading.Tasks.Task`1[Microsoft.AspNetCore.Mvc.IActionResult] GetNotifications(System.Nullable`1[System.Int32], System.String) on controller CMS.API.Controllers.NotificationsController (CMS.API).
2026-09-24 23:07:12.702 +03:00 [INF] Route matched with {action = "GetNotifications", controller = "Notifications"}. Executing controller action with signature System.Threading.Tasks.Task`1[Microsoft.AspNetCore.Mvc.IActionResult] GetNotifications(System.Nullable`1[System.Int32], System.String) on controller CMS.API.Controllers.NotificationsController (CMS.API).
2026-09-24 23:07:12.607 +03:00 [INF] Bearer was not authenticated. Failure message: IDX10517: Signature validation failed. The token's kid is missing. Keys tried: 'Microsoft.IdentityModel.Tokens.SymmetricSecurityKey, KeyId: '', InternalId: 'VNGqhB7kZ75afXrNakqPyb1WYggzQUo6Cgi8Kx2i7Zs'. , KeyId: 
'. Number of keys in TokenValidationParameters: '1'. 
Number of keys in Configuration: '0'. 
Exceptions caught:
 '[PII of type 'System.Text.StringBuilder' is hidden. For more details, see https://aka.ms/IdentityModel/PII.]'.
token: '[PII of type 'Microsoft.IdentityModel.JsonWebTokens.JsonWebToken' is hidden. For more details, see https://aka.ms/IdentityModel/PII.]'. See https://aka.ms/IDX10503 for details.
2026-09-24 23:07:12.943 +03:00 [INF] Executing OkObjectResult, writing value of type 'CMS.Shared.DTOs.ApiResponse`1[[System.Collections.Generic.List`1[[CMS.Shared.DTOs.NotificationItemDto, CMS.Shared, Version=1.0.0.0, Culture=neutral, PublicKeyToken=null]], System.Private.CoreLib, Version=8.0.0.0, Culture=neutral, PublicKeyToken=7cec85d7bea7798e]]'.
2026-09-24 23:07:13.041 +03:00 [INF] Executed action CMS.API.Controllers.NotificationsController.GetNotifications (CMS.API) in 106.2657ms
2026-09-24 23:07:13.021 +03:00 [INF] Executing endpoint 'CMS.API.Controllers.NotificationsController.GetNotifications (CMS.API)'
2026-09-24 23:07:13.115 +03:00 [INF] Route matched with {action = "GetNotifications", controller = "Notifications"}. Executing controller action with signature System.Threading.Tasks.Task`1[Microsoft.AspNetCore.Mvc.IActionResult] GetNotifications(System.Nullable`1[System.Int32], System.String) on controller CMS.API.Controllers.NotificationsController (CMS.API).
2026-09-24 23:07:13.080 +03:00 [INF] Executed endpoint 'CMS.API.Controllers.NotificationsController.GetNotifications (CMS.API)'
2026-09-24 23:07:12.962 +03:00 [INF] Executing OkObjectResult, writing value of type 'CMS.Shared.DTOs.ApiResponse`1[[System.Collections.Generic.List`1[[CMS.Shared.DTOs.NotificationItemDto, CMS.Shared, Version=1.0.0.0, Culture=neutral, PublicKeyToken=null]], System.Private.CoreLib, Version=8.0.0.0, Culture=neutral, PublicKeyToken=7cec85d7bea7798e]]'.
2026-09-24 23:07:13.672 +03:00 [INF] Executing OkObjectResult, writing value of type 'CMS.Shared.DTOs.ApiResponse`1[[System.Collections.Generic.List`1[[CMS.Shared.DTOs.NotificationItemDto, CMS.Shared, Version=1.0.0.0, Culture=neutral, PublicKeyToken=null]], System.Private.CoreLib, Version=8.0.0.0, Culture=neutral, PublicKeyToken=7cec85d7bea7798e]]'.
2026-09-24 23:07:13.683 +03:00 [INF] Request finished HTTP/1.1 GET http://127.0.0.1:5010/api/v1/notifications - 200 null application/json; charset=utf-8 10605.0618ms
2026-09-24 23:07:13.949 +03:00 [INF] Executed action CMS.API.Controllers.NotificationsController.GetNotifications (CMS.API) in 993.1137ms
2026-09-24 23:07:14.186 +03:00 [INF] Executed endpoint 'CMS.API.Controllers.NotificationsController.GetNotifications (CMS.API)'
2026-09-24 23:07:14.098 +03:00 [INF] Executed action CMS.API.Controllers.NotificationsController.GetNotifications (CMS.API) in 433.9516ms
2026-09-24 23:07:14.210 +03:00 [INF] Request finished HTTP/1.1 GET http://127.0.0.1:5010/api/v1/notifications - 200 null application/json; charset=utf-8 11063.2913ms
2026-09-24 23:07:14.234 +03:00 [INF] Executed endpoint 'CMS.API.Controllers.NotificationsController.GetNotifications (CMS.API)'
2026-09-24 23:07:14.417 +03:00 [INF] Request finished HTTP/1.1 GET http://127.0.0.1:5010/api/v1/notifications - 200 null application/json; charset=utf-8 11238.0959ms
2026-09-24 23:08:01.569 +03:00 [INF] Request starting HTTP/1.1 GET http://127.0.0.1:5010/api/v1/notifications - application/json null
2026-09-24 23:08:01.571 +03:00 [INF] Request starting HTTP/1.1 GET http://127.0.0.1:5010/api/v1/notifications - application/json null
2026-09-24 23:08:01.572 +03:00 [INF] Request starting HTTP/1.1 GET http://127.0.0.1:5010/api/v1/notifications - application/json null
2026-09-24 23:08:01.678 +03:00 [INF] Failed to validate the token.
Microsoft.IdentityModel.Tokens.SecurityTokenSignatureKeyNotFoundException: IDX10517: Signature validation failed. The token's kid is missing. Keys tried: 'Microsoft.IdentityModel.Tokens.SymmetricSecurityKey, KeyId: '', InternalId: 'VNGqhB7kZ75afXrNakqPyb1WYggzQUo6Cgi8Kx2i7Zs'. , KeyId: 
'. Number of keys in TokenValidationParameters: '1'. 
Number of keys in Configuration: '0'. 
Exceptions caught:
 '[PII of type 'System.Text.StringBuilder' is hidden. For more details, see https://aka.ms/IdentityModel/PII.]'.
token: '[PII of type 'Microsoft.IdentityModel.JsonWebTokens.JsonWebToken' is hidden. For more details, see https://aka.ms/IdentityModel/PII.]'. See https://aka.ms/IDX10503 for details.
   at Microsoft.IdentityModel.JsonWebTokens.JsonWebTokenHandler.ValidateSignature(JsonWebToken jwtToken, TokenValidationParameters validationParameters, BaseConfiguration configuration)
   at Microsoft.IdentityModel.JsonWebTokens.JsonWebTokenHandler.ValidateSignatureAndIssuerSecurityKey(JsonWebToken jsonWebToken, TokenValidationParameters validationParameters, BaseConfiguration configuration)
   at Microsoft.IdentityModel.JsonWebTokens.JsonWebTokenHandler.ValidateJWSAsync(JsonWebToken jsonWebToken, TokenValidationParameters validationParameters, BaseConfiguration configuration)
2026-09-24 23:08:01.708 +03:00 [INF] Failed to validate the token.
Microsoft.IdentityModel.Tokens.SecurityTokenSignatureKeyNotFoundException: IDX10517: Signature validation failed. The token's kid is missing. Keys tried: 'Microsoft.IdentityModel.Tokens.SymmetricSecurityKey, KeyId: '', InternalId: 'VNGqhB7kZ75afXrNakqPyb1WYggzQUo6Cgi8Kx2i7Zs'. , KeyId: 
'. Number of keys in TokenValidationParameters: '1'. 
Number of keys in Configuration: '0'. 
Exceptions caught:
 '[PII of type 'System.Text.StringBuilder' is hidden. For more details, see https://aka.ms/IdentityModel/PII.]'.
token: '[PII of type 'Microsoft.IdentityModel.JsonWebTokens.JsonWebToken' is hidden. For more details, see https://aka.ms/IdentityModel/PII.]'. See https://aka.ms/IDX10503 for details.
   at Microsoft.IdentityModel.JsonWebTokens.JsonWebTokenHandler.ValidateSignature(JsonWebToken jwtToken, TokenValidationParameters validationParameters, BaseConfiguration configuration)
   at Microsoft.IdentityModel.JsonWebTokens.JsonWebTokenHandler.ValidateSignatureAndIssuerSecurityKey(JsonWebToken jsonWebToken, TokenValidationParameters validationParameters, BaseConfiguration configuration)
   at Microsoft.IdentityModel.JsonWebTokens.JsonWebTokenHandler.ValidateJWSAsync(JsonWebToken jsonWebToken, TokenValidationParameters validationParameters, BaseConfiguration configuration)
2026-09-24 23:08:01.727 +03:00 [INF] Failed to validate the token.
Microsoft.IdentityModel.Tokens.SecurityTokenSignatureKeyNotFoundException: IDX10517: Signature validation failed. The token's kid is missing. Keys tried: 'Microsoft.IdentityModel.Tokens.SymmetricSecurityKey, KeyId: '', InternalId: 'VNGqhB7kZ75afXrNakqPyb1WYggzQUo6Cgi8Kx2i7Zs'. , KeyId: 
'. Number of keys in TokenValidationParameters: '1'. 
Number of keys in Configuration: '0'. 
Exceptions caught:
 '[PII of type 'System.Text.StringBuilder' is hidden. For more details, see https://aka.ms/IdentityModel/PII.]'.
token: '[PII of type 'Microsoft.IdentityModel.JsonWebTokens.JsonWebToken' is hidden. For more details, see https://aka.ms/IdentityModel/PII.]'. See https://aka.ms/IDX10503 for details.
   at Microsoft.IdentityModel.JsonWebTokens.JsonWebTokenHandler.ValidateSignature(JsonWebToken jwtToken, TokenValidationParameters validationParameters, BaseConfiguration configuration)
   at Microsoft.IdentityModel.JsonWebTokens.JsonWebTokenHandler.ValidateSignatureAndIssuerSecurityKey(JsonWebToken jsonWebToken, TokenValidationParameters validationParameters, BaseConfiguration configuration)
   at Microsoft.IdentityModel.JsonWebTokens.JsonWebTokenHandler.ValidateJWSAsync(JsonWebToken jsonWebToken, TokenValidationParameters validationParameters, BaseConfiguration configuration)
2026-09-24 23:08:01.938 +03:00 [INF] Bearer was not authenticated. Failure message: IDX10517: Signature validation failed. The token's kid is missing. Keys tried: 'Microsoft.IdentityModel.Tokens.SymmetricSecurityKey, KeyId: '', InternalId: 'VNGqhB7kZ75afXrNakqPyb1WYggzQUo6Cgi8Kx2i7Zs'. , KeyId: 
'. Number of keys in TokenValidationParameters: '1'. 
Number of keys in Configuration: '0'. 
Exceptions caught:
 '[PII of type 'System.Text.StringBuilder' is hidden. For more details, see https://aka.ms/IdentityModel/PII.]'.
token: '[PII of type 'Microsoft.IdentityModel.JsonWebTokens.JsonWebToken' is hidden. For more details, see https://aka.ms/IdentityModel/PII.]'. See https://aka.ms/IDX10503 for details.
2026-09-24 23:08:02.147 +03:00 [INF] Executing endpoint 'CMS.API.Controllers.NotificationsController.GetNotifications (CMS.API)'
2026-09-24 23:08:02.126 +03:00 [INF] Bearer was not authenticated. Failure message: IDX10517: Signature validation failed. The token's kid is missing. Keys tried: 'Microsoft.IdentityModel.Tokens.SymmetricSecurityKey, KeyId: '', InternalId: 'VNGqhB7kZ75afXrNakqPyb1WYggzQUo6Cgi8Kx2i7Zs'. , KeyId: 
'. Number of keys in TokenValidationParameters: '1'. 
Number of keys in Configuration: '0'. 
Exceptions caught:
 '[PII of type 'System.Text.StringBuilder' is hidden. For more details, see https://aka.ms/IdentityModel/PII.]'.
token: '[PII of type 'Microsoft.IdentityModel.JsonWebTokens.JsonWebToken' is hidden. For more details, see https://aka.ms/IdentityModel/PII.]'. See https://aka.ms/IDX10503 for details.
2026-09-24 23:08:02.068 +03:00 [INF] Bearer was not authenticated. Failure message: IDX10517: Signature validation failed. The token's kid is missing. Keys tried: 'Microsoft.IdentityModel.Tokens.SymmetricSecurityKey, KeyId: '', InternalId: 'VNGqhB7kZ75afXrNakqPyb1WYggzQUo6Cgi8Kx2i7Zs'. , KeyId: 
'. Number of keys in TokenValidationParameters: '1'. 
Number of keys in Configuration: '0'. 
Exceptions caught:
 '[PII of type 'System.Text.StringBuilder' is hidden. For more details, see https://aka.ms/IdentityModel/PII.]'.
token: '[PII of type 'Microsoft.IdentityModel.JsonWebTokens.JsonWebToken' is hidden. For more details, see https://aka.ms/IdentityModel/PII.]'. See https://aka.ms/IDX10503 for details.
2026-09-24 23:08:02.159 +03:00 [INF] Route matched with {action = "GetNotifications", controller = "Notifications"}. Executing controller action with signature System.Threading.Tasks.Task`1[Microsoft.AspNetCore.Mvc.IActionResult] GetNotifications(System.Nullable`1[System.Int32], System.String) on controller CMS.API.Controllers.NotificationsController (CMS.API).
2026-09-24 23:08:02.166 +03:00 [INF] Executing endpoint 'CMS.API.Controllers.NotificationsController.GetNotifications (CMS.API)'
2026-09-24 23:08:02.212 +03:00 [INF] Executing endpoint 'CMS.API.Controllers.NotificationsController.GetNotifications (CMS.API)'
2026-09-24 23:08:02.681 +03:00 [INF] Executing OkObjectResult, writing value of type 'CMS.Shared.DTOs.ApiResponse`1[[System.Collections.Generic.List`1[[CMS.Shared.DTOs.NotificationItemDto, CMS.Shared, Version=1.0.0.0, Culture=neutral, PublicKeyToken=null]], System.Private.CoreLib, Version=8.0.0.0, Culture=neutral, PublicKeyToken=7cec85d7bea7798e]]'.
2026-09-24 23:08:02.707 +03:00 [INF] Route matched with {action = "GetNotifications", controller = "Notifications"}. Executing controller action with signature System.Threading.Tasks.Task`1[Microsoft.AspNetCore.Mvc.IActionResult] GetNotifications(System.Nullable`1[System.Int32], System.String) on controller CMS.API.Controllers.NotificationsController (CMS.API).
2026-09-24 23:08:02.760 +03:00 [INF] Route matched with {action = "GetNotifications", controller = "Notifications"}. Executing controller action with signature System.Threading.Tasks.Task`1[Microsoft.AspNetCore.Mvc.IActionResult] GetNotifications(System.Nullable`1[System.Int32], System.String) on controller CMS.API.Controllers.NotificationsController (CMS.API).
2026-09-24 23:08:02.869 +03:00 [INF] Executed action CMS.API.Controllers.NotificationsController.GetNotifications (CMS.API) in 193.7848ms
2026-09-24 23:08:02.936 +03:00 [INF] Executing OkObjectResult, writing value of type 'CMS.Shared.DTOs.ApiResponse`1[[System.Collections.Generic.List`1[[CMS.Shared.DTOs.NotificationItemDto, CMS.Shared, Version=1.0.0.0, Culture=neutral, PublicKeyToken=null]], System.Private.CoreLib, Version=8.0.0.0, Culture=neutral, PublicKeyToken=7cec85d7bea7798e]]'.
2026-09-24 23:08:02.955 +03:00 [INF] Executing OkObjectResult, writing value of type 'CMS.Shared.DTOs.ApiResponse`1[[System.Collections.Generic.List`1[[CMS.Shared.DTOs.NotificationItemDto, CMS.Shared, Version=1.0.0.0, Culture=neutral, PublicKeyToken=null]], System.Private.CoreLib, Version=8.0.0.0, Culture=neutral, PublicKeyToken=7cec85d7bea7798e]]'.
2026-09-24 23:08:02.997 +03:00 [INF] Executed endpoint 'CMS.API.Controllers.NotificationsController.GetNotifications (CMS.API)'
2026-09-24 23:08:03.011 +03:00 [INF] Executed action CMS.API.Controllers.NotificationsController.GetNotifications (CMS.API) in 81.5029ms
2026-09-24 23:08:03.022 +03:00 [INF] Executed action CMS.API.Controllers.NotificationsController.GetNotifications (CMS.API) in 69.1053ms
2026-09-24 23:08:03.031 +03:00 [INF] Request finished HTTP/1.1 GET http://127.0.0.1:5010/api/v1/notifications - 200 null application/json; charset=utf-8 1462.1929ms
2026-09-24 23:08:03.043 +03:00 [INF] Executed endpoint 'CMS.API.Controllers.NotificationsController.GetNotifications (CMS.API)'
2026-09-24 23:08:03.052 +03:00 [INF] Executed endpoint 'CMS.API.Controllers.NotificationsController.GetNotifications (CMS.API)'
2026-09-24 23:08:03.074 +03:00 [INF] Request finished HTTP/1.1 GET http://127.0.0.1:5010/api/v1/notifications - 200 null application/json; charset=utf-8 1502.5273ms
2026-09-24 23:08:03.095 +03:00 [INF] Request finished HTTP/1.1 GET http://127.0.0.1:5010/api/v1/notifications - 200 null application/json; charset=utf-8 1523.7774ms
2026-09-24 23:09:01.716 +03:00 [INF] Request starting HTTP/1.1 GET http://127.0.0.1:5010/api/v1/notifications - application/json null
2026-09-24 23:09:01.742 +03:00 [INF] Request starting HTTP/1.1 GET http://127.0.0.1:5010/api/v1/notifications - application/json null
2026-09-24 23:09:01.768 +03:00 [INF] Request starting HTTP/1.1 GET http://127.0.0.1:5010/api/v1/notifications - application/json null
2026-09-24 23:09:01.941 +03:00 [INF] Failed to validate the token.
Microsoft.IdentityModel.Tokens.SecurityTokenSignatureKeyNotFoundException: IDX10517: Signature validation failed. The token's kid is missing. Keys tried: 'Microsoft.IdentityModel.Tokens.SymmetricSecurityKey, KeyId: '', InternalId: 'VNGqhB7kZ75afXrNakqPyb1WYggzQUo6Cgi8Kx2i7Zs'. , KeyId: 
'. Number of keys in TokenValidationParameters: '1'. 
Number of keys in Configuration: '0'. 
Exceptions caught:
 '[PII of type 'System.Text.StringBuilder' is hidden. For more details, see https://aka.ms/IdentityModel/PII.]'.
token: '[PII of type 'Microsoft.IdentityModel.JsonWebTokens.JsonWebToken' is hidden. For more details, see https://aka.ms/IdentityModel/PII.]'. See https://aka.ms/IDX10503 for details.
   at Microsoft.IdentityModel.JsonWebTokens.JsonWebTokenHandler.ValidateSignature(JsonWebToken jwtToken, TokenValidationParameters validationParameters, BaseConfiguration configuration)
   at Microsoft.IdentityModel.JsonWebTokens.JsonWebTokenHandler.ValidateSignatureAndIssuerSecurityKey(JsonWebToken jsonWebToken, TokenValidationParameters validationParameters, BaseConfiguration configuration)
   at Microsoft.IdentityModel.JsonWebTokens.JsonWebTokenHandler.ValidateJWSAsync(JsonWebToken jsonWebToken, TokenValidationParameters validationParameters, BaseConfiguration configuration)
2026-09-24 23:09:03.177 +03:00 [INF] Failed to validate the token.
Microsoft.IdentityModel.Tokens.SecurityTokenSignatureKeyNotFoundException: IDX10517: Signature validation failed. The token's kid is missing. Keys tried: 'Microsoft.IdentityModel.Tokens.SymmetricSecurityKey, KeyId: '', InternalId: 'VNGqhB7kZ75afXrNakqPyb1WYggzQUo6Cgi8Kx2i7Zs'. , KeyId: 
'. Number of keys in TokenValidationParameters: '1'. 
Number of keys in Configuration: '0'. 
Exceptions caught:
 '[PII of type 'System.Text.StringBuilder' is hidden. For more details, see https://aka.ms/IdentityModel/PII.]'.
token: '[PII of type 'Microsoft.IdentityModel.JsonWebTokens.JsonWebToken' is hidden. For more details, see https://aka.ms/IdentityModel/PII.]'. See https://aka.ms/IDX10503 for details.
   at Microsoft.IdentityModel.JsonWebTokens.JsonWebTokenHandler.ValidateSignature(JsonWebToken jwtToken, TokenValidationParameters validationParameters, BaseConfiguration configuration)
   at Microsoft.IdentityModel.JsonWebTokens.JsonWebTokenHandler.ValidateSignatureAndIssuerSecurityKey(JsonWebToken jsonWebToken, TokenValidationParameters validationParameters, BaseConfiguration configuration)
   at Microsoft.IdentityModel.JsonWebTokens.JsonWebTokenHandler.ValidateJWSAsync(JsonWebToken jsonWebToken, TokenValidationParameters validationParameters, BaseConfiguration configuration)
2026-09-24 23:09:04.768 +03:00 [INF] Failed to validate the token.
Microsoft.IdentityModel.Tokens.SecurityTokenSignatureKeyNotFoundException: IDX10517: Signature validation failed. The token's kid is missing. Keys tried: 'Microsoft.IdentityModel.Tokens.SymmetricSecurityKey, KeyId: '', InternalId: 'VNGqhB7kZ75afXrNakqPyb1WYggzQUo6Cgi8Kx2i7Zs'. , KeyId: 
'. Number of keys in TokenValidationParameters: '1'. 
Number of keys in Configuration: '0'. 
Exceptions caught:
 '[PII of type 'System.Text.StringBuilder' is hidden. For more details, see https://aka.ms/IdentityModel/PII.]'.
token: '[PII of type 'Microsoft.IdentityModel.JsonWebTokens.JsonWebToken' is hidden. For more details, see https://aka.ms/IdentityModel/PII.]'. See https://aka.ms/IDX10503 for details.
   at Microsoft.IdentityModel.JsonWebTokens.JsonWebTokenHandler.ValidateSignature(JsonWebToken jwtToken, TokenValidationParameters validationParameters, BaseConfiguration configuration)
   at Microsoft.IdentityModel.JsonWebTokens.JsonWebTokenHandler.ValidateSignatureAndIssuerSecurityKey(JsonWebToken jsonWebToken, TokenValidationParameters validationParameters, BaseConfiguration configuration)
   at Microsoft.IdentityModel.JsonWebTokens.JsonWebTokenHandler.ValidateJWSAsync(JsonWebToken jsonWebToken, TokenValidationParameters validationParameters, BaseConfiguration configuration)
2026-09-24 23:09:08.077 +03:00 [INF] Bearer was not authenticated. Failure message: IDX10517: Signature validation failed. The token's kid is missing. Keys tried: 'Microsoft.IdentityModel.Tokens.SymmetricSecurityKey, KeyId: '', InternalId: 'VNGqhB7kZ75afXrNakqPyb1WYggzQUo6Cgi8Kx2i7Zs'. , KeyId: 
'. Number of keys in TokenValidationParameters: '1'. 
Number of keys in Configuration: '0'. 
Exceptions caught:
 '[PII of type 'System.Text.StringBuilder' is hidden. For more details, see https://aka.ms/IdentityModel/PII.]'.
token: '[PII of type 'Microsoft.IdentityModel.JsonWebTokens.JsonWebToken' is hidden. For more details, see https://aka.ms/IdentityModel/PII.]'. See https://aka.ms/IDX10503 for details.
2026-09-24 23:09:08.154 +03:00 [INF] Bearer was not authenticated. Failure message: IDX10517: Signature validation failed. The token's kid is missing. Keys tried: 'Microsoft.IdentityModel.Tokens.SymmetricSecurityKey, KeyId: '', InternalId: 'VNGqhB7kZ75afXrNakqPyb1WYggzQUo6Cgi8Kx2i7Zs'. , KeyId: 
'. Number of keys in TokenValidationParameters: '1'. 
Number of keys in Configuration: '0'. 
Exceptions caught:
 '[PII of type 'System.Text.StringBuilder' is hidden. For more details, see https://aka.ms/IdentityModel/PII.]'.
token: '[PII of type 'Microsoft.IdentityModel.JsonWebTokens.JsonWebToken' is hidden. For more details, see https://aka.ms/IdentityModel/PII.]'. See https://aka.ms/IDX10503 for details.
2026-09-24 23:09:08.177 +03:00 [INF] Bearer was not authenticated. Failure message: IDX10517: Signature validation failed. The token's kid is missing. Keys tried: 'Microsoft.IdentityModel.Tokens.SymmetricSecurityKey, KeyId: '', InternalId: 'VNGqhB7kZ75afXrNakqPyb1WYggzQUo6Cgi8Kx2i7Zs'. , KeyId: 
'. Number of keys in TokenValidationParameters: '1'. 
Number of keys in Configuration: '0'. 
Exceptions caught:
 '[PII of type 'System.Text.StringBuilder' is hidden. For more details, see https://aka.ms/IdentityModel/PII.]'.
token: '[PII of type 'Microsoft.IdentityModel.JsonWebTokens.JsonWebToken' is hidden. For more details, see https://aka.ms/IdentityModel/PII.]'. See https://aka.ms/IDX10503 for details.
2026-09-24 23:09:08.186 +03:00 [INF] Executing endpoint 'CMS.API.Controllers.NotificationsController.GetNotifications (CMS.API)'
2026-09-24 23:09:08.201 +03:00 [INF] Executing endpoint 'CMS.API.Controllers.NotificationsController.GetNotifications (CMS.API)'
2026-09-24 23:09:08.228 +03:00 [INF] Executing endpoint 'CMS.API.Controllers.NotificationsController.GetNotifications (CMS.API)'
2026-09-24 23:09:08.250 +03:00 [INF] Route matched with {action = "GetNotifications", controller = "Notifications"}. Executing controller action with signature System.Threading.Tasks.Task`1[Microsoft.AspNetCore.Mvc.IActionResult] GetNotifications(System.Nullable`1[System.Int32], System.String) on controller CMS.API.Controllers.NotificationsController (CMS.API).
2026-09-24 23:09:08.266 +03:00 [INF] Route matched with {action = "GetNotifications", controller = "Notifications"}. Executing controller action with signature System.Threading.Tasks.Task`1[Microsoft.AspNetCore.Mvc.IActionResult] GetNotifications(System.Nullable`1[System.Int32], System.String) on controller CMS.API.Controllers.NotificationsController (CMS.API).
2026-09-24 23:09:08.278 +03:00 [INF] Route matched with {action = "GetNotifications", controller = "Notifications"}. Executing controller action with signature System.Threading.Tasks.Task`1[Microsoft.AspNetCore.Mvc.IActionResult] GetNotifications(System.Nullable`1[System.Int32], System.String) on controller CMS.API.Controllers.NotificationsController (CMS.API).
2026-09-24 23:09:08.298 +03:00 [INF] Executing OkObjectResult, writing value of type 'CMS.Shared.DTOs.ApiResponse`1[[System.Collections.Generic.List`1[[CMS.Shared.DTOs.NotificationItemDto, CMS.Shared, Version=1.0.0.0, Culture=neutral, PublicKeyToken=null]], System.Private.CoreLib, Version=8.0.0.0, Culture=neutral, PublicKeyToken=7cec85d7bea7798e]]'.
2026-09-24 23:09:08.312 +03:00 [INF] Executing OkObjectResult, writing value of type 'CMS.Shared.DTOs.ApiResponse`1[[System.Collections.Generic.List`1[[CMS.Shared.DTOs.NotificationItemDto, CMS.Shared, Version=1.0.0.0, Culture=neutral, PublicKeyToken=null]], System.Private.CoreLib, Version=8.0.0.0, Culture=neutral, PublicKeyToken=7cec85d7bea7798e]]'.
2026-09-24 23:09:08.324 +03:00 [INF] Executing OkObjectResult, writing value of type 'CMS.Shared.DTOs.ApiResponse`1[[System.Collections.Generic.List`1[[CMS.Shared.DTOs.NotificationItemDto, CMS.Shared, Version=1.0.0.0, Culture=neutral, PublicKeyToken=null]], System.Private.CoreLib, Version=8.0.0.0, Culture=neutral, PublicKeyToken=7cec85d7bea7798e]]'.
2026-09-24 23:09:08.330 +03:00 [INF] Executed action CMS.API.Controllers.NotificationsController.GetNotifications (CMS.API) in 34.6514ms
2026-09-24 23:09:08.340 +03:00 [INF] Executed action CMS.API.Controllers.NotificationsController.GetNotifications (CMS.API) in 30.0317ms
2026-09-24 23:09:08.354 +03:00 [INF] Executed action CMS.API.Controllers.NotificationsController.GetNotifications (CMS.API) in 32.6706ms
2026-09-24 23:09:08.373 +03:00 [INF] Executed endpoint 'CMS.API.Controllers.NotificationsController.GetNotifications (CMS.API)'
2026-09-24 23:09:08.384 +03:00 [INF] Executed endpoint 'CMS.API.Controllers.NotificationsController.GetNotifications (CMS.API)'
2026-09-24 23:09:08.393 +03:00 [INF] Executed endpoint 'CMS.API.Controllers.NotificationsController.GetNotifications (CMS.API)'
2026-09-24 23:09:08.400 +03:00 [INF] Request finished HTTP/1.1 GET http://127.0.0.1:5010/api/v1/notifications - 200 null application/json; charset=utf-8 6683.6251ms
2026-09-24 23:09:08.406 +03:00 [INF] Request finished HTTP/1.1 GET http://127.0.0.1:5010/api/v1/notifications - 200 null application/json; charset=utf-8 6664.1978ms
2026-09-24 23:09:08.411 +03:00 [INF] Request finished HTTP/1.1 GET http://127.0.0.1:5010/api/v1/notifications - 200 null application/json; charset=utf-8 6642.8413ms
2026-09-24 23:10:01.633 +03:00 [INF] Request starting HTTP/1.1 GET http://127.0.0.1:5010/api/v1/notifications - application/json null
2026-09-24 23:10:01.676 +03:00 [INF] Request starting HTTP/1.1 GET http://127.0.0.1:5010/api/v1/notifications - application/json null
2026-09-24 23:10:02.067 +03:00 [INF] Request starting HTTP/1.1 GET http://127.0.0.1:5010/api/v1/notifications - application/json null
2026-09-24 23:10:04.351 +03:00 [INF] Failed to validate the token.
Microsoft.IdentityModel.Tokens.SecurityTokenSignatureKeyNotFoundException: IDX10517: Signature validation failed. The token's kid is missing. Keys tried: 'Microsoft.IdentityModel.Tokens.SymmetricSecurityKey, KeyId: '', InternalId: 'VNGqhB7kZ75afXrNakqPyb1WYggzQUo6Cgi8Kx2i7Zs'. , KeyId: 
'. Number of keys in TokenValidationParameters: '1'. 
Number of keys in Configuration: '0'. 
Exceptions caught:
 '[PII of type 'System.Text.StringBuilder' is hidden. For more details, see https://aka.ms/IdentityModel/PII.]'.
token: '[PII of type 'Microsoft.IdentityModel.JsonWebTokens.JsonWebToken' is hidden. For more details, see https://aka.ms/IdentityModel/PII.]'. See https://aka.ms/IDX10503 for details.
   at Microsoft.IdentityModel.JsonWebTokens.JsonWebTokenHandler.ValidateSignature(JsonWebToken jwtToken, TokenValidationParameters validationParameters, BaseConfiguration configuration)
   at Microsoft.IdentityModel.JsonWebTokens.JsonWebTokenHandler.ValidateSignatureAndIssuerSecurityKey(JsonWebToken jsonWebToken, TokenValidationParameters validationParameters, BaseConfiguration configuration)
   at Microsoft.IdentityModel.JsonWebTokens.JsonWebTokenHandler.ValidateJWSAsync(JsonWebToken jsonWebToken, TokenValidationParameters validationParameters, BaseConfiguration configuration)
2026-09-24 23:10:04.508 +03:00 [INF] Failed to validate the token.
Microsoft.IdentityModel.Tokens.SecurityTokenSignatureKeyNotFoundException: IDX10517: Signature validation failed. The token's kid is missing. Keys tried: 'Microsoft.IdentityModel.Tokens.SymmetricSecurityKey, KeyId: '', InternalId: 'VNGqhB7kZ75afXrNakqPyb1WYggzQUo6Cgi8Kx2i7Zs'. , KeyId: 
'. Number of keys in TokenValidationParameters: '1'. 
Number of keys in Configuration: '0'. 
Exceptions caught:
 '[PII of type 'System.Text.StringBuilder' is hidden. For more details, see https://aka.ms/IdentityModel/PII.]'.
token: '[PII of type 'Microsoft.IdentityModel.JsonWebTokens.JsonWebToken' is hidden. For more details, see https://aka.ms/IdentityModel/PII.]'. See https://aka.ms/IDX10503 for details.
   at Microsoft.IdentityModel.JsonWebTokens.JsonWebTokenHandler.ValidateSignature(JsonWebToken jwtToken, TokenValidationParameters validationParameters, BaseConfiguration configuration)
   at Microsoft.IdentityModel.JsonWebTokens.JsonWebTokenHandler.ValidateSignatureAndIssuerSecurityKey(JsonWebToken jsonWebToken, TokenValidationParameters validationParameters, BaseConfiguration configuration)
   at Microsoft.IdentityModel.JsonWebTokens.JsonWebTokenHandler.ValidateJWSAsync(JsonWebToken jsonWebToken, TokenValidationParameters validationParameters, BaseConfiguration configuration)
2026-09-24 23:10:04.544 +03:00 [INF] Failed to validate the token.
Microsoft.IdentityModel.Tokens.SecurityTokenSignatureKeyNotFoundException: IDX10517: Signature validation failed. The token's kid is missing. Keys tried: 'Microsoft.IdentityModel.Tokens.SymmetricSecurityKey, KeyId: '', InternalId: 'VNGqhB7kZ75afXrNakqPyb1WYggzQUo6Cgi8Kx2i7Zs'. , KeyId: 
'. Number of keys in TokenValidationParameters: '1'. 
Number of keys in Configuration: '0'. 
Exceptions caught:
 '[PII of type 'System.Text.StringBuilder' is hidden. For more details, see https://aka.ms/IdentityModel/PII.]'.
token: '[PII of type 'Microsoft.IdentityModel.JsonWebTokens.JsonWebToken' is hidden. For more details, see https://aka.ms/IdentityModel/PII.]'. See https://aka.ms/IDX10503 for details.
   at Microsoft.IdentityModel.JsonWebTokens.JsonWebTokenHandler.ValidateSignature(JsonWebToken jwtToken, TokenValidationParameters validationParameters, BaseConfiguration configuration)
   at Microsoft.IdentityModel.JsonWebTokens.JsonWebTokenHandler.ValidateSignatureAndIssuerSecurityKey(JsonWebToken jsonWebToken, TokenValidationParameters validationParameters, BaseConfiguration configuration)
   at Microsoft.IdentityModel.JsonWebTokens.JsonWebTokenHandler.ValidateJWSAsync(JsonWebToken jsonWebToken, TokenValidationParameters validationParameters, BaseConfiguration configuration)
2026-09-24 23:10:04.557 +03:00 [INF] Bearer was not authenticated. Failure message: IDX10517: Signature validation failed. The token's kid is missing. Keys tried: 'Microsoft.IdentityModel.Tokens.SymmetricSecurityKey, KeyId: '', InternalId: 'VNGqhB7kZ75afXrNakqPyb1WYggzQUo6Cgi8Kx2i7Zs'. , KeyId: 
'. Number of keys in TokenValidationParameters: '1'. 
Number of keys in Configuration: '0'. 
Exceptions caught:
 '[PII of type 'System.Text.StringBuilder' is hidden. For more details, see https://aka.ms/IdentityModel/PII.]'.
token: '[PII of type 'Microsoft.IdentityModel.JsonWebTokens.JsonWebToken' is hidden. For more details, see https://aka.ms/IdentityModel/PII.]'. See https://aka.ms/IDX10503 for details.
2026-09-24 23:10:04.676 +03:00 [INF] Bearer was not authenticated. Failure message: IDX10517: Signature validation failed. The token's kid is missing. Keys tried: 'Microsoft.IdentityModel.Tokens.SymmetricSecurityKey, KeyId: '', InternalId: 'VNGqhB7kZ75afXrNakqPyb1WYggzQUo6Cgi8Kx2i7Zs'. , KeyId: 
'. Number of keys in TokenValidationParameters: '1'. 
Number of keys in Configuration: '0'. 
Exceptions caught:
 '[PII of type 'System.Text.StringBuilder' is hidden. For more details, see https://aka.ms/IdentityModel/PII.]'.
token: '[PII of type 'Microsoft.IdentityModel.JsonWebTokens.JsonWebToken' is hidden. For more details, see https://aka.ms/IdentityModel/PII.]'. See https://aka.ms/IDX10503 for details.
2026-09-24 23:10:04.809 +03:00 [INF] Executing endpoint 'CMS.API.Controllers.NotificationsController.GetNotifications (CMS.API)'
2026-09-24 23:10:04.803 +03:00 [INF] Executing endpoint 'CMS.API.Controllers.NotificationsController.GetNotifications (CMS.API)'
2026-09-24 23:10:04.790 +03:00 [INF] Bearer was not authenticated. Failure message: IDX10517: Signature validation failed. The token's kid is missing. Keys tried: 'Microsoft.IdentityModel.Tokens.SymmetricSecurityKey, KeyId: '', InternalId: 'VNGqhB7kZ75afXrNakqPyb1WYggzQUo6Cgi8Kx2i7Zs'. , KeyId: 
'. Number of keys in TokenValidationParameters: '1'. 
Number of keys in Configuration: '0'. 
Exceptions caught:
 '[PII of type 'System.Text.StringBuilder' is hidden. For more details, see https://aka.ms/IdentityModel/PII.]'.
token: '[PII of type 'Microsoft.IdentityModel.JsonWebTokens.JsonWebToken' is hidden. For more details, see https://aka.ms/IdentityModel/PII.]'. See https://aka.ms/IDX10503 for details.
2026-09-24 23:10:04.818 +03:00 [INF] Route matched with {action = "GetNotifications", controller = "Notifications"}. Executing controller action with signature System.Threading.Tasks.Task`1[Microsoft.AspNetCore.Mvc.IActionResult] GetNotifications(System.Nullable`1[System.Int32], System.String) on controller CMS.API.Controllers.NotificationsController (CMS.API).
2026-09-24 23:10:04.829 +03:00 [INF] Route matched with {action = "GetNotifications", controller = "Notifications"}. Executing controller action with signature System.Threading.Tasks.Task`1[Microsoft.AspNetCore.Mvc.IActionResult] GetNotifications(System.Nullable`1[System.Int32], System.String) on controller CMS.API.Controllers.NotificationsController (CMS.API).
2026-09-24 23:10:04.835 +03:00 [INF] Executing endpoint 'CMS.API.Controllers.NotificationsController.GetNotifications (CMS.API)'
2026-09-24 23:10:04.844 +03:00 [INF] Executing OkObjectResult, writing value of type 'CMS.Shared.DTOs.ApiResponse`1[[System.Collections.Generic.List`1[[CMS.Shared.DTOs.NotificationItemDto, CMS.Shared, Version=1.0.0.0, Culture=neutral, PublicKeyToken=null]], System.Private.CoreLib, Version=8.0.0.0, Culture=neutral, PublicKeyToken=7cec85d7bea7798e]]'.
2026-09-24 23:10:04.858 +03:00 [INF] Executing OkObjectResult, writing value of type 'CMS.Shared.DTOs.ApiResponse`1[[System.Collections.Generic.List`1[[CMS.Shared.DTOs.NotificationItemDto, CMS.Shared, Version=1.0.0.0, Culture=neutral, PublicKeyToken=null]], System.Private.CoreLib, Version=8.0.0.0, Culture=neutral, PublicKeyToken=7cec85d7bea7798e]]'.
2026-09-24 23:10:04.904 +03:00 [INF] Executed action CMS.API.Controllers.NotificationsController.GetNotifications (CMS.API) in 49.5281ms
2026-09-24 23:10:04.872 +03:00 [INF] Executed action CMS.API.Controllers.NotificationsController.GetNotifications (CMS.API) in 30.2472ms
2026-09-24 23:10:04.935 +03:00 [INF] Executed endpoint 'CMS.API.Controllers.NotificationsController.GetNotifications (CMS.API)'
2026-09-24 23:10:04.929 +03:00 [INF] Executed endpoint 'CMS.API.Controllers.NotificationsController.GetNotifications (CMS.API)'
2026-09-24 23:10:04.862 +03:00 [INF] Route matched with {action = "GetNotifications", controller = "Notifications"}. Executing controller action with signature System.Threading.Tasks.Task`1[Microsoft.AspNetCore.Mvc.IActionResult] GetNotifications(System.Nullable`1[System.Int32], System.String) on controller CMS.API.Controllers.NotificationsController (CMS.API).
2026-09-24 23:10:05.011 +03:00 [INF] Request finished HTTP/1.1 GET http://127.0.0.1:5010/api/v1/notifications - 200 null application/json; charset=utf-8 3335.4424ms
2026-09-24 23:10:05.021 +03:00 [INF] Request finished HTTP/1.1 GET http://127.0.0.1:5010/api/v1/notifications - 200 null application/json; charset=utf-8 3388.0826ms
2026-09-24 23:10:05.056 +03:00 [INF] Executing OkObjectResult, writing value of type 'CMS.Shared.DTOs.ApiResponse`1[[System.Collections.Generic.List`1[[CMS.Shared.DTOs.NotificationItemDto, CMS.Shared, Version=1.0.0.0, Culture=neutral, PublicKeyToken=null]], System.Private.CoreLib, Version=8.0.0.0, Culture=neutral, PublicKeyToken=7cec85d7bea7798e]]'.
2026-09-24 23:10:07.791 +03:00 [INF] Executed action CMS.API.Controllers.NotificationsController.GetNotifications (CMS.API) in 2744.9077ms
2026-09-24 23:10:08.327 +03:00 [INF] Executed endpoint 'CMS.API.Controllers.NotificationsController.GetNotifications (CMS.API)'
2026-09-24 23:10:08.337 +03:00 [INF] Request finished HTTP/1.1 GET http://127.0.0.1:5010/api/v1/notifications - 200 null application/json; charset=utf-8 6266.9205ms
2026-09-24 23:11:01.546 +03:00 [INF] Request starting HTTP/1.1 GET http://127.0.0.1:5010/api/v1/notifications - application/json null
2026-09-24 23:11:01.665 +03:00 [INF] Request starting HTTP/1.1 GET http://127.0.0.1:5010/api/v1/notifications - application/json null
2026-09-24 23:11:01.668 +03:00 [INF] Request starting HTTP/1.1 GET http://127.0.0.1:5010/api/v1/notifications - application/json null
2026-09-24 23:11:02.402 +03:00 [INF] Failed to validate the token.
Microsoft.IdentityModel.Tokens.SecurityTokenSignatureKeyNotFoundException: IDX10517: Signature validation failed. The token's kid is missing. Keys tried: 'Microsoft.IdentityModel.Tokens.SymmetricSecurityKey, KeyId: '', InternalId: 'VNGqhB7kZ75afXrNakqPyb1WYggzQUo6Cgi8Kx2i7Zs'. , KeyId: 
'. Number of keys in TokenValidationParameters: '1'. 
Number of keys in Configuration: '0'. 
Exceptions caught:
 '[PII of type 'System.Text.StringBuilder' is hidden. For more details, see https://aka.ms/IdentityModel/PII.]'.
token: '[PII of type 'Microsoft.IdentityModel.JsonWebTokens.JsonWebToken' is hidden. For more details, see https://aka.ms/IdentityModel/PII.]'. See https://aka.ms/IDX10503 for details.
   at Microsoft.IdentityModel.JsonWebTokens.JsonWebTokenHandler.ValidateSignature(JsonWebToken jwtToken, TokenValidationParameters validationParameters, BaseConfiguration configuration)
   at Microsoft.IdentityModel.JsonWebTokens.JsonWebTokenHandler.ValidateSignatureAndIssuerSecurityKey(JsonWebToken jsonWebToken, TokenValidationParameters validationParameters, BaseConfiguration configuration)
   at Microsoft.IdentityModel.JsonWebTokens.JsonWebTokenHandler.ValidateJWSAsync(JsonWebToken jsonWebToken, TokenValidationParameters validationParameters, BaseConfiguration configuration)
2026-09-24 23:11:02.463 +03:00 [INF] Bearer was not authenticated. Failure message: IDX10517: Signature validation failed. The token's kid is missing. Keys tried: 'Microsoft.IdentityModel.Tokens.SymmetricSecurityKey, KeyId: '', InternalId: 'VNGqhB7kZ75afXrNakqPyb1WYggzQUo6Cgi8Kx2i7Zs'. , KeyId: 
'. Number of keys in TokenValidationParameters: '1'. 
Number of keys in Configuration: '0'. 
Exceptions caught:
 '[PII of type 'System.Text.StringBuilder' is hidden. For more details, see https://aka.ms/IdentityModel/PII.]'.
token: '[PII of type 'Microsoft.IdentityModel.JsonWebTokens.JsonWebToken' is hidden. For more details, see https://aka.ms/IdentityModel/PII.]'. See https://aka.ms/IDX10503 for details.
2026-09-24 23:11:02.452 +03:00 [INF] Failed to validate the token.
Microsoft.IdentityModel.Tokens.SecurityTokenSignatureKeyNotFoundException: IDX10517: Signature validation failed. The token's kid is missing. Keys tried: 'Microsoft.IdentityModel.Tokens.SymmetricSecurityKey, KeyId: '', InternalId: 'VNGqhB7kZ75afXrNakqPyb1WYggzQUo6Cgi8Kx2i7Zs'. , KeyId: 
'. Number of keys in TokenValidationParameters: '1'. 
Number of keys in Configuration: '0'. 
Exceptions caught:
 '[PII of type 'System.Text.StringBuilder' is hidden. For more details, see https://aka.ms/IdentityModel/PII.]'.
token: '[PII of type 'Microsoft.IdentityModel.JsonWebTokens.JsonWebToken' is hidden. For more details, see https://aka.ms/IdentityModel/PII.]'. See https://aka.ms/IDX10503 for details.
   at Microsoft.IdentityModel.JsonWebTokens.JsonWebTokenHandler.ValidateSignature(JsonWebToken jwtToken, TokenValidationParameters validationParameters, BaseConfiguration configuration)
   at Microsoft.IdentityModel.JsonWebTokens.JsonWebTokenHandler.ValidateSignatureAndIssuerSecurityKey(JsonWebToken jsonWebToken, TokenValidationParameters validationParameters, BaseConfiguration configuration)
   at Microsoft.IdentityModel.JsonWebTokens.JsonWebTokenHandler.ValidateJWSAsync(JsonWebToken jsonWebToken, TokenValidationParameters validationParameters, BaseConfiguration configuration)
2026-09-24 23:11:02.439 +03:00 [INF] Failed to validate the token.
Microsoft.IdentityModel.Tokens.SecurityTokenSignatureKeyNotFoundException: IDX10517: Signature validation failed. The token's kid is missing. Keys tried: 'Microsoft.IdentityModel.Tokens.SymmetricSecurityKey, KeyId: '', InternalId: 'VNGqhB7kZ75afXrNakqPyb1WYggzQUo6Cgi8Kx2i7Zs'. , KeyId: 
'. Number of keys in TokenValidationParameters: '1'. 
Number of keys in Configuration: '0'. 
Exceptions caught:
 '[PII of type 'System.Text.StringBuilder' is hidden. For more details, see https://aka.ms/IdentityModel/PII.]'.
token: '[PII of type 'Microsoft.IdentityModel.JsonWebTokens.JsonWebToken' is hidden. For more details, see https://aka.ms/IdentityModel/PII.]'. See https://aka.ms/IDX10503 for details.
   at Microsoft.IdentityModel.JsonWebTokens.JsonWebTokenHandler.ValidateSignature(JsonWebToken jwtToken, TokenValidationParameters validationParameters, BaseConfiguration configuration)
   at Microsoft.IdentityModel.JsonWebTokens.JsonWebTokenHandler.ValidateSignatureAndIssuerSecurityKey(JsonWebToken jsonWebToken, TokenValidationParameters validationParameters, BaseConfiguration configuration)
   at Microsoft.IdentityModel.JsonWebTokens.JsonWebTokenHandler.ValidateJWSAsync(JsonWebToken jsonWebToken, TokenValidationParameters validationParameters, BaseConfiguration configuration)
2026-09-24 23:11:02.511 +03:00 [INF] Executing endpoint 'CMS.API.Controllers.NotificationsController.GetNotifications (CMS.API)'
2026-09-24 23:11:02.669 +03:00 [INF] Bearer was not authenticated. Failure message: IDX10517: Signature validation failed. The token's kid is missing. Keys tried: 'Microsoft.IdentityModel.Tokens.SymmetricSecurityKey, KeyId: '', InternalId: 'VNGqhB7kZ75afXrNakqPyb1WYggzQUo6Cgi8Kx2i7Zs'. , KeyId: 
'. Number of keys in TokenValidationParameters: '1'. 
Number of keys in Configuration: '0'. 
Exceptions caught:
 '[PII of type 'System.Text.StringBuilder' is hidden. For more details, see https://aka.ms/IdentityModel/PII.]'.
token: '[PII of type 'Microsoft.IdentityModel.JsonWebTokens.JsonWebToken' is hidden. For more details, see https://aka.ms/IdentityModel/PII.]'. See https://aka.ms/IDX10503 for details.
2026-09-24 23:11:02.822 +03:00 [INF] Bearer was not authenticated. Failure message: IDX10517: Signature validation failed. The token's kid is missing. Keys tried: 'Microsoft.IdentityModel.Tokens.SymmetricSecurityKey, KeyId: '', InternalId: 'VNGqhB7kZ75afXrNakqPyb1WYggzQUo6Cgi8Kx2i7Zs'. , KeyId: 
'. Number of keys in TokenValidationParameters: '1'. 
Number of keys in Configuration: '0'. 
Exceptions caught:
 '[PII of type 'System.Text.StringBuilder' is hidden. For more details, see https://aka.ms/IdentityModel/PII.]'.
token: '[PII of type 'Microsoft.IdentityModel.JsonWebTokens.JsonWebToken' is hidden. For more details, see https://aka.ms/IdentityModel/PII.]'. See https://aka.ms/IDX10503 for details.
2026-09-24 23:11:02.844 +03:00 [INF] Route matched with {action = "GetNotifications", controller = "Notifications"}. Executing controller action with signature System.Threading.Tasks.Task`1[Microsoft.AspNetCore.Mvc.IActionResult] GetNotifications(System.Nullable`1[System.Int32], System.String) on controller CMS.API.Controllers.NotificationsController (CMS.API).
2026-09-24 23:11:02.865 +03:00 [INF] Executing endpoint 'CMS.API.Controllers.NotificationsController.GetNotifications (CMS.API)'
2026-09-24 23:11:02.889 +03:00 [INF] Executing endpoint 'CMS.API.Controllers.NotificationsController.GetNotifications (CMS.API)'
2026-09-24 23:11:02.921 +03:00 [INF] Executing OkObjectResult, writing value of type 'CMS.Shared.DTOs.ApiResponse`1[[System.Collections.Generic.List`1[[CMS.Shared.DTOs.NotificationItemDto, CMS.Shared, Version=1.0.0.0, Culture=neutral, PublicKeyToken=null]], System.Private.CoreLib, Version=8.0.0.0, Culture=neutral, PublicKeyToken=7cec85d7bea7798e]]'.
2026-09-24 23:11:02.925 +03:00 [INF] Route matched with {action = "GetNotifications", controller = "Notifications"}. Executing controller action with signature System.Threading.Tasks.Task`1[Microsoft.AspNetCore.Mvc.IActionResult] GetNotifications(System.Nullable`1[System.Int32], System.String) on controller CMS.API.Controllers.NotificationsController (CMS.API).
2026-09-24 23:11:02.931 +03:00 [INF] Route matched with {action = "GetNotifications", controller = "Notifications"}. Executing controller action with signature System.Threading.Tasks.Task`1[Microsoft.AspNetCore.Mvc.IActionResult] GetNotifications(System.Nullable`1[System.Int32], System.String) on controller CMS.API.Controllers.NotificationsController (CMS.API).
2026-09-24 23:11:02.936 +03:00 [INF] Executed action CMS.API.Controllers.NotificationsController.GetNotifications (CMS.API) in 18.7722ms
2026-09-24 23:11:02.950 +03:00 [INF] Executing OkObjectResult, writing value of type 'CMS.Shared.DTOs.ApiResponse`1[[System.Collections.Generic.List`1[[CMS.Shared.DTOs.NotificationItemDto, CMS.Shared, Version=1.0.0.0, Culture=neutral, PublicKeyToken=null]], System.Private.CoreLib, Version=8.0.0.0, Culture=neutral, PublicKeyToken=7cec85d7bea7798e]]'.
2026-09-24 23:11:02.971 +03:00 [INF] Executing OkObjectResult, writing value of type 'CMS.Shared.DTOs.ApiResponse`1[[System.Collections.Generic.List`1[[CMS.Shared.DTOs.NotificationItemDto, CMS.Shared, Version=1.0.0.0, Culture=neutral, PublicKeyToken=null]], System.Private.CoreLib, Version=8.0.0.0, Culture=neutral, PublicKeyToken=7cec85d7bea7798e]]'.
2026-09-24 23:11:02.979 +03:00 [INF] Executed endpoint 'CMS.API.Controllers.NotificationsController.GetNotifications (CMS.API)'
2026-09-24 23:11:02.984 +03:00 [INF] Executed action CMS.API.Controllers.NotificationsController.GetNotifications (CMS.API) in 36.4777ms
2026-09-24 23:11:03.000 +03:00 [INF] Executed action CMS.API.Controllers.NotificationsController.GetNotifications (CMS.API) in 34.3645ms
2026-09-24 23:11:03.022 +03:00 [INF] Request finished HTTP/1.1 GET http://127.0.0.1:5010/api/v1/notifications - 200 null application/json; charset=utf-8 1475.9538ms
2026-09-24 23:11:03.053 +03:00 [INF] Executed endpoint 'CMS.API.Controllers.NotificationsController.GetNotifications (CMS.API)'
2026-09-24 23:11:03.061 +03:00 [INF] Executed endpoint 'CMS.API.Controllers.NotificationsController.GetNotifications (CMS.API)'
2026-09-24 23:11:03.086 +03:00 [INF] Request finished HTTP/1.1 GET http://127.0.0.1:5010/api/v1/notifications - 200 null application/json; charset=utf-8 1417.8489ms
2026-09-24 23:11:03.095 +03:00 [INF] Request finished HTTP/1.1 GET http://127.0.0.1:5010/api/v1/notifications - 200 null application/json; charset=utf-8 1429.1256ms
2026-09-24 23:11:43.530 +03:00 [INF] Request starting HTTP/1.1 GET http://127.0.0.1:5010/api/v1/notifications - application/json null
2026-09-24 23:11:44.201 +03:00 [INF] Failed to validate the token.
Microsoft.IdentityModel.Tokens.SecurityTokenSignatureKeyNotFoundException: IDX10517: Signature validation failed. The token's kid is missing. Keys tried: 'Microsoft.IdentityModel.Tokens.SymmetricSecurityKey, KeyId: '', InternalId: 'VNGqhB7kZ75afXrNakqPyb1WYggzQUo6Cgi8Kx2i7Zs'. , KeyId: 
'. Number of keys in TokenValidationParameters: '1'. 
Number of keys in Configuration: '0'. 
Exceptions caught:
 '[PII of type 'System.Text.StringBuilder' is hidden. For more details, see https://aka.ms/IdentityModel/PII.]'.
token: '[PII of type 'Microsoft.IdentityModel.JsonWebTokens.JsonWebToken' is hidden. For more details, see https://aka.ms/IdentityModel/PII.]'. See https://aka.ms/IDX10503 for details.
   at Microsoft.IdentityModel.JsonWebTokens.JsonWebTokenHandler.ValidateSignature(JsonWebToken jwtToken, TokenValidationParameters validationParameters, BaseConfiguration configuration)
   at Microsoft.IdentityModel.JsonWebTokens.JsonWebTokenHandler.ValidateSignatureAndIssuerSecurityKey(JsonWebToken jsonWebToken, TokenValidationParameters validationParameters, BaseConfiguration configuration)
   at Microsoft.IdentityModel.JsonWebTokens.JsonWebTokenHandler.ValidateJWSAsync(JsonWebToken jsonWebToken, TokenValidationParameters validationParameters, BaseConfiguration configuration)
2026-09-24 23:11:44.214 +03:00 [INF] Bearer was not authenticated. Failure message: IDX10517: Signature validation failed. The token's kid is missing. Keys tried: 'Microsoft.IdentityModel.Tokens.SymmetricSecurityKey, KeyId: '', InternalId: 'VNGqhB7kZ75afXrNakqPyb1WYggzQUo6Cgi8Kx2i7Zs'. , KeyId: 
'. Number of keys in TokenValidationParameters: '1'. 
Number of keys in Configuration: '0'. 
Exceptions caught:
 '[PII of type 'System.Text.StringBuilder' is hidden. For more details, see https://aka.ms/IdentityModel/PII.]'.
token: '[PII of type 'Microsoft.IdentityModel.JsonWebTokens.JsonWebToken' is hidden. For more details, see https://aka.ms/IdentityModel/PII.]'. See https://aka.ms/IDX10503 for details.
2026-09-24 23:11:44.360 +03:00 [INF] Executing endpoint 'CMS.API.Controllers.NotificationsController.GetNotifications (CMS.API)'
2026-09-24 23:11:44.980 +03:00 [INF] Route matched with {action = "GetNotifications", controller = "Notifications"}. Executing controller action with signature System.Threading.Tasks.Task`1[Microsoft.AspNetCore.Mvc.IActionResult] GetNotifications(System.Nullable`1[System.Int32], System.String) on controller CMS.API.Controllers.NotificationsController (CMS.API).
2026-09-24 23:11:45.528 +03:00 [INF] Executing OkObjectResult, writing value of type 'CMS.Shared.DTOs.ApiResponse`1[[System.Collections.Generic.List`1[[CMS.Shared.DTOs.NotificationItemDto, CMS.Shared, Version=1.0.0.0, Culture=neutral, PublicKeyToken=null]], System.Private.CoreLib, Version=8.0.0.0, Culture=neutral, PublicKeyToken=7cec85d7bea7798e]]'.
2026-09-24 23:11:45.541 +03:00 [INF] Executed action CMS.API.Controllers.NotificationsController.GetNotifications (CMS.API) in 16.2851ms
2026-09-24 23:11:45.564 +03:00 [INF] Executed endpoint 'CMS.API.Controllers.NotificationsController.GetNotifications (CMS.API)'
2026-09-24 23:11:45.572 +03:00 [INF] Request finished HTTP/1.1 GET http://127.0.0.1:5010/api/v1/notifications - 200 null application/json; charset=utf-8 2041.8683ms
2026-09-24 23:11:50.678 +03:00 [INF] Application is shutting down...
2026-09-24 23:11:50.714 +03:00 [INF] [2026-09-24 23:11:50.714] LISTENER STOPPED: Port 2575
2026-09-24 23:11:50.714 +03:00 [INF] [2026-09-24 23:11:50.714] LISTENER STOPPED: Port 5100
2026-09-24 23:29:09.430 +03:00 [INF] User profile is available. Using 'C:\Users\ASUS\AppData\Local\ASP.NET\DataProtection-Keys' as key repository and Windows DPAPI to encrypt keys at rest.
2026-09-24 23:29:09.559 +03:00 [INF] [2026-09-24 23:29:09.544] LISTENER STARTED: Passively waiting for analyzer connections on 0.0.0.0:5100...
2026-09-24 23:29:09.567 +03:00 [INF] [2026-09-24 23:29:09.566] LISTENER STARTED: Passively waiting for analyzer connections on 0.0.0.0:2575...
2026-09-24 23:29:09.830 +03:00 [INF] Now listening on: http://0.0.0.0:5010
2026-09-24 23:29:09.831 +03:00 [INF] Now listening on: http://localhost:5010
2026-09-24 23:29:09.831 +03:00 [INF] Application started. Press Ctrl+C to shut down.
2026-09-24 23:29:09.831 +03:00 [INF] Hosting environment: Development
2026-09-24 23:29:09.831 +03:00 [INF] Content root path: C:\Users\ASUS\source\repos\CMS\src\CMS.API
2026-09-24 23:30:26.319 +03:00 [INF] Request starting HTTP/1.1 POST http://localhost:5010/api/v1/auth/login - application/json 56
2026-09-24 23:30:26.562 +03:00 [INF] Executing endpoint 'CMS.API.Controllers.AuthController.Login (CMS.API)'
2026-09-24 23:30:26.632 +03:00 [INF] Route matched with {action = "Login", controller = "Auth"}. Executing controller action with signature System.Threading.Tasks.Task`1[Microsoft.AspNetCore.Mvc.IActionResult] Login(CMS.Shared.DTOs.LoginRequest) on controller CMS.API.Controllers.AuthController (CMS.API).
2026-09-24 23:30:27.994 +03:00 [INF] Executing OkObjectResult, writing value of type 'CMS.Shared.DTOs.ApiResponse`1[[CMS.Shared.DTOs.LoginResponse, CMS.Shared, Version=1.0.0.0, Culture=neutral, PublicKeyToken=null]]'.
2026-09-24 23:30:28.066 +03:00 [INF] Executed action CMS.API.Controllers.AuthController.Login (CMS.API) in 1424.301ms
2026-09-24 23:30:28.072 +03:00 [INF] Executed endpoint 'CMS.API.Controllers.AuthController.Login (CMS.API)'
2026-09-24 23:30:28.089 +03:00 [INF] Request finished HTTP/1.1 POST http://localhost:5010/api/v1/auth/login - 200 null application/json; charset=utf-8 1772.3365ms
2026-09-24 23:30:37.769 +03:00 [INF] Request starting HTTP/1.1 POST http://localhost:5010/api/v1/auth/login - application/json 56
2026-09-24 23:30:37.784 +03:00 [INF] Executing endpoint 'CMS.API.Controllers.AuthController.Login (CMS.API)'
2026-09-24 23:30:37.785 +03:00 [INF] Route matched with {action = "Login", controller = "Auth"}. Executing controller action with signature System.Threading.Tasks.Task`1[Microsoft.AspNetCore.Mvc.IActionResult] Login(CMS.Shared.DTOs.LoginRequest) on controller CMS.API.Controllers.AuthController (CMS.API).
2026-09-24 23:30:37.824 +03:00 [INF] Executing OkObjectResult, writing value of type 'CMS.Shared.DTOs.ApiResponse`1[[CMS.Shared.DTOs.LoginResponse, CMS.Shared, Version=1.0.0.0, Culture=neutral, PublicKeyToken=null]]'.
2026-09-24 23:30:37.825 +03:00 [INF] Executed action CMS.API.Controllers.AuthController.Login (CMS.API) in 39.508ms
2026-09-24 23:30:37.826 +03:00 [INF] Executed endpoint 'CMS.API.Controllers.AuthController.Login (CMS.API)'
2026-09-24 23:30:37.826 +03:00 [INF] Request finished HTTP/1.1 POST http://localhost:5010/api/v1/auth/login - 200 null application/json; charset=utf-8 57.1666ms
2026-09-24 23:32:58.644 +03:00 [INF] User profile is available. Using 'C:\Users\ASUS\AppData\Local\ASP.NET\DataProtection-Keys' as key repository and Windows DPAPI to encrypt keys at rest.
2026-09-24 23:32:58.822 +03:00 [INF] [2026-09-24 23:32:58.802] LISTENER STARTED: Passively waiting for analyzer connections on 0.0.0.0:5100...
2026-09-24 23:32:58.832 +03:00 [INF] [2026-09-24 23:32:58.832] LISTENER STARTED: Passively waiting for analyzer connections on 0.0.0.0:2575...
2026-09-24 23:32:59.068 +03:00 [INF] Now listening on: http://0.0.0.0:5010
2026-09-24 23:32:59.068 +03:00 [INF] Now listening on: http://localhost:5010
2026-09-24 23:32:59.068 +03:00 [INF] Application started. Press Ctrl+C to shut down.
2026-09-24 23:32:59.068 +03:00 [INF] Hosting environment: Development
2026-09-24 23:32:59.068 +03:00 [INF] Content root path: C:\Users\ASUS\source\repos\CMS\src\CMS.API
2026-09-24 23:36:39.868 +03:00 [INF] User profile is available. Using 'C:\Users\ASUS\AppData\Local\ASP.NET\DataProtection-Keys' as key repository and Windows DPAPI to encrypt keys at rest.
2026-09-24 23:36:40.059 +03:00 [INF] [2026-09-24 23:36:40.050] LISTENER STARTED: Passively waiting for analyzer connections on 0.0.0.0:5100...
2026-09-24 23:36:40.069 +03:00 [INF] [2026-09-24 23:36:40.069] LISTENER STARTED: Passively waiting for analyzer connections on 0.0.0.0:2575...
2026-09-24 23:36:40.223 +03:00 [INF] Now listening on: http://0.0.0.0:5010
2026-09-24 23:36:40.223 +03:00 [INF] Now listening on: http://localhost:5010
2026-09-24 23:36:40.224 +03:00 [INF] Application started. Press Ctrl+C to shut down.
2026-09-24 23:36:40.224 +03:00 [INF] Hosting environment: Development
2026-09-24 23:36:40.224 +03:00 [INF] Content root path: C:\Users\ASUS\source\repos\CMS\src\CMS.API
2026-09-24 23:37:02.952 +03:00 [INF] Request starting HTTP/1.1 POST http://localhost:5010/api/v1/auth/login - application/json 56
2026-09-24 23:37:03.178 +03:00 [INF] Executing endpoint 'CMS.API.Controllers.AuthController.Login (CMS.API)'
2026-09-24 23:37:03.241 +03:00 [INF] Route matched with {action = "Login", controller = "Auth"}. Executing controller action with signature System.Threading.Tasks.Task`1[Microsoft.AspNetCore.Mvc.IActionResult] Login(CMS.Shared.DTOs.LoginRequest) on controller CMS.API.Controllers.AuthController (CMS.API).
2026-09-24 23:37:04.734 +03:00 [INF] Executing OkObjectResult, writing value of type 'CMS.Shared.DTOs.ApiResponse`1[[CMS.Shared.DTOs.LoginResponse, CMS.Shared, Version=1.0.0.0, Culture=neutral, PublicKeyToken=null]]'.
2026-09-24 23:37:04.825 +03:00 [INF] Executed action CMS.API.Controllers.AuthController.Login (CMS.API) in 1572.049ms
2026-09-24 23:37:04.834 +03:00 [INF] Executed endpoint 'CMS.API.Controllers.AuthController.Login (CMS.API)'
2026-09-24 23:37:04.845 +03:00 [INF] Request finished HTTP/1.1 POST http://localhost:5010/api/v1/auth/login - 200 null application/json; charset=utf-8 1897.4828ms
2026-09-24 23:37:05.189 +03:00 [INF] Request starting HTTP/1.1 GET http://localhost:5010/api/v1/notifications - null null
2026-09-24 23:37:05.296 +03:00 [INF] Failed to validate the token.
Microsoft.IdentityModel.Tokens.SecurityTokenSignatureKeyNotFoundException: IDX10517: Signature validation failed. The token's kid is missing. Keys tried: 'Microsoft.IdentityModel.Tokens.SymmetricSecurityKey, KeyId: 'cms-hmac-key-v1', InternalId: 'VNGqhB7kZ75afXrNakqPyb1WYggzQUo6Cgi8Kx2i7Zs'. , KeyId: cms-hmac-key-v1
'. Number of keys in TokenValidationParameters: '1'. 
Number of keys in Configuration: '0'. 
Exceptions caught:
 '[PII of type 'System.Text.StringBuilder' is hidden. For more details, see https://aka.ms/IdentityModel/PII.]'.
token: '[PII of type 'Microsoft.IdentityModel.JsonWebTokens.JsonWebToken' is hidden. For more details, see https://aka.ms/IdentityModel/PII.]'. See https://aka.ms/IDX10503 for details.
   at Microsoft.IdentityModel.JsonWebTokens.JsonWebTokenHandler.ValidateSignature(JsonWebToken jwtToken, TokenValidationParameters validationParameters, BaseConfiguration configuration)
   at Microsoft.IdentityModel.JsonWebTokens.JsonWebTokenHandler.ValidateSignatureAndIssuerSecurityKey(JsonWebToken jsonWebToken, TokenValidationParameters validationParameters, BaseConfiguration configuration)
   at Microsoft.IdentityModel.JsonWebTokens.JsonWebTokenHandler.ValidateJWSAsync(JsonWebToken jsonWebToken, TokenValidationParameters validationParameters, BaseConfiguration configuration)
2026-09-24 23:37:05.322 +03:00 [INF] Bearer was not authenticated. Failure message: IDX10517: Signature validation failed. The token's kid is missing. Keys tried: 'Microsoft.IdentityModel.Tokens.SymmetricSecurityKey, KeyId: 'cms-hmac-key-v1', InternalId: 'VNGqhB7kZ75afXrNakqPyb1WYggzQUo6Cgi8Kx2i7Zs'. , KeyId: cms-hmac-key-v1
'. Number of keys in TokenValidationParameters: '1'. 
Number of keys in Configuration: '0'. 
Exceptions caught:
 '[PII of type 'System.Text.StringBuilder' is hidden. For more details, see https://aka.ms/IdentityModel/PII.]'.
token: '[PII of type 'Microsoft.IdentityModel.JsonWebTokens.JsonWebToken' is hidden. For more details, see https://aka.ms/IdentityModel/PII.]'. See https://aka.ms/IDX10503 for details.
2026-09-24 23:37:05.323 +03:00 [INF] Executing endpoint 'CMS.API.Controllers.NotificationsController.GetNotifications (CMS.API)'
2026-09-24 23:37:05.340 +03:00 [INF] Route matched with {action = "GetNotifications", controller = "Notifications"}. Executing controller action with signature System.Threading.Tasks.Task`1[Microsoft.AspNetCore.Mvc.IActionResult] GetNotifications(System.Nullable`1[System.Int32], System.String) on controller CMS.API.Controllers.NotificationsController (CMS.API).
2026-09-24 23:37:05.419 +03:00 [INF] Executing OkObjectResult, writing value of type 'CMS.Shared.DTOs.ApiResponse`1[[System.Collections.Generic.List`1[[CMS.Shared.DTOs.NotificationItemDto, CMS.Shared, Version=1.0.0.0, Culture=neutral, PublicKeyToken=null]], System.Private.CoreLib, Version=8.0.0.0, Culture=neutral, PublicKeyToken=7cec85d7bea7798e]]'.
2026-09-24 23:37:05.459 +03:00 [INF] Executed action CMS.API.Controllers.NotificationsController.GetNotifications (CMS.API) in 117.9896ms
2026-09-24 23:37:05.459 +03:00 [INF] Executed endpoint 'CMS.API.Controllers.NotificationsController.GetNotifications (CMS.API)'
2026-09-24 23:37:05.460 +03:00 [INF] Request finished HTTP/1.1 GET http://localhost:5010/api/v1/notifications - 200 null application/json; charset=utf-8 270.397ms
2026-09-24 23:39:23.357 +03:00 [INF] User profile is available. Using 'C:\Users\ASUS\AppData\Local\ASP.NET\DataProtection-Keys' as key repository and Windows DPAPI to encrypt keys at rest.
2026-09-24 23:39:23.509 +03:00 [INF] [2026-09-24 23:39:23.493] LISTENER STARTED: Passively waiting for analyzer connections on 0.0.0.0:5100...
2026-09-24 23:39:23.526 +03:00 [INF] [2026-09-24 23:39:23.526] LISTENER STARTED: Passively waiting for analyzer connections on 0.0.0.0:2575...
2026-09-24 23:39:23.713 +03:00 [INF] Now listening on: http://0.0.0.0:5010
2026-09-24 23:39:23.713 +03:00 [INF] Now listening on: http://localhost:5010
2026-09-24 23:39:23.713 +03:00 [INF] Application started. Press Ctrl+C to shut down.
2026-09-24 23:39:23.715 +03:00 [INF] Hosting environment: Development
2026-09-24 23:39:23.716 +03:00 [INF] Content root path: C:\Users\ASUS\source\repos\CMS\src\CMS.API
2026-09-24 23:39:55.326 +03:00 [INF] Request starting HTTP/1.1 POST http://localhost:5010/api/v1/auth/login - application/json 56
2026-09-24 23:39:55.573 +03:00 [INF] Executing endpoint 'CMS.API.Controllers.AuthController.Login (CMS.API)'
2026-09-24 23:39:55.629 +03:00 [INF] Route matched with {action = "Login", controller = "Auth"}. Executing controller action with signature System.Threading.Tasks.Task`1[Microsoft.AspNetCore.Mvc.IActionResult] Login(CMS.Shared.DTOs.LoginRequest) on controller CMS.API.Controllers.AuthController (CMS.API).
2026-09-24 23:39:56.892 +03:00 [INF] Executing OkObjectResult, writing value of type 'CMS.Shared.DTOs.ApiResponse`1[[CMS.Shared.DTOs.LoginResponse, CMS.Shared, Version=1.0.0.0, Culture=neutral, PublicKeyToken=null]]'.
2026-09-24 23:39:56.967 +03:00 [INF] Executed action CMS.API.Controllers.AuthController.Login (CMS.API) in 1326.8397ms
2026-09-24 23:39:56.976 +03:00 [INF] Executed endpoint 'CMS.API.Controllers.AuthController.Login (CMS.API)'
2026-09-24 23:39:56.984 +03:00 [INF] Request finished HTTP/1.1 POST http://localhost:5010/api/v1/auth/login - 200 null application/json; charset=utf-8 1660.0147ms
2026-09-24 23:39:57.223 +03:00 [INF] Request starting HTTP/1.1 GET http://localhost:5010/api/v1/notifications - null null
2026-09-24 23:39:57.313 +03:00 [INF] Executing endpoint 'CMS.API.Controllers.NotificationsController.GetNotifications (CMS.API)'
2026-09-24 23:39:57.324 +03:00 [INF] Route matched with {action = "GetNotifications", controller = "Notifications"}. Executing controller action with signature System.Threading.Tasks.Task`1[Microsoft.AspNetCore.Mvc.IActionResult] GetNotifications(System.Nullable`1[System.Int32], System.String) on controller CMS.API.Controllers.NotificationsController (CMS.API).
2026-09-24 23:39:57.404 +03:00 [INF] Executing OkObjectResult, writing value of type 'CMS.Shared.DTOs.ApiResponse`1[[System.Collections.Generic.List`1[[CMS.Shared.DTOs.NotificationItemDto, CMS.Shared, Version=1.0.0.0, Culture=neutral, PublicKeyToken=null]], System.Private.CoreLib, Version=8.0.0.0, Culture=neutral, PublicKeyToken=7cec85d7bea7798e]]'.
2026-09-24 23:39:57.454 +03:00 [INF] Executed action CMS.API.Controllers.NotificationsController.GetNotifications (CMS.API) in 129.8998ms
2026-09-24 23:39:57.455 +03:00 [INF] Executed endpoint 'CMS.API.Controllers.NotificationsController.GetNotifications (CMS.API)'
2026-09-24 23:39:57.455 +03:00 [INF] Request finished HTTP/1.1 GET http://localhost:5010/api/v1/notifications - 200 null application/json; charset=utf-8 232.1256ms
2026-09-24 23:39:57.607 +03:00 [INF] Request starting HTTP/1.1 GET http://localhost:5010/api/v1/notifications - null null
2026-09-24 23:39:57.617 +03:00 [INF] Executing endpoint 'CMS.API.Controllers.NotificationsController.GetNotifications (CMS.API)'
2026-09-24 23:39:57.618 +03:00 [INF] Route matched with {action = "GetNotifications", controller = "Notifications"}. Executing controller action with signature System.Threading.Tasks.Task`1[Microsoft.AspNetCore.Mvc.IActionResult] GetNotifications(System.Nullable`1[System.Int32], System.String) on controller CMS.API.Controllers.NotificationsController (CMS.API).
2026-09-24 23:39:57.628 +03:00 [INF] Executing OkObjectResult, writing value of type 'CMS.Shared.DTOs.ApiResponse`1[[System.Collections.Generic.List`1[[CMS.Shared.DTOs.NotificationItemDto, CMS.Shared, Version=1.0.0.0, Culture=neutral, PublicKeyToken=null]], System.Private.CoreLib, Version=8.0.0.0, Culture=neutral, PublicKeyToken=7cec85d7bea7798e]]'.
2026-09-24 23:39:57.630 +03:00 [INF] Executed action CMS.API.Controllers.NotificationsController.GetNotifications (CMS.API) in 11.1661ms
2026-09-24 23:39:57.630 +03:00 [INF] Executed endpoint 'CMS.API.Controllers.NotificationsController.GetNotifications (CMS.API)'
2026-09-24 23:39:57.630 +03:00 [INF] Request finished HTTP/1.1 GET http://localhost:5010/api/v1/notifications - 200 null application/json; charset=utf-8 23.3261ms
