2026-09-05 14:46:59.493 +03:00 [INF] Request starting HTTP/1.1 GET http://localhost:5010/api/v1/dashboard/metrics - null null
2026-09-05 14:46:59.527 +03:00 [INF] Failed to validate the token.
Microsoft.IdentityModel.Tokens.SecurityTokenMalformedException: IDX14100: JWT is not well formed, there are no dots (.).
The token needs to be in JWS or JWE Compact Serialization Format. (JWS): 'EncodedHeader.EncodedPayload.EncodedSignature'. (JWE): 'EncodedProtectedHeader.EncodedEncryptedKey.EncodedInitializationVector.EncodedCiphertext.EncodedAuthenticationTag'.
   at Microsoft.IdentityModel.JsonWebTokens.JsonWebToken.ReadToken(ReadOnlyMemory`1 encodedTokenMemory)
   at Microsoft.IdentityModel.JsonWebTokens.JsonWebToken..ctor(String jwtEncodedString)
   at Microsoft.IdentityModel.JsonWebTokens.JsonWebTokenHandler.ReadToken(String token, TokenValidationParameters validationParameters)
2026-09-05 14:46:59.536 +03:00 [INF] Bearer was not authenticated. Failure message: IDX14100: JWT is not well formed, there are no dots (.).
The token needs to be in JWS or JWE Compact Serialization Format. (JWS): 'EncodedHeader.EncodedPayload.EncodedSignature'. (JWE): 'EncodedProtectedHeader.EncodedEncryptedKey.EncodedInitializationVector.EncodedCiphertext.EncodedAuthenticationTag'.
2026-09-05 14:46:59.541 +03:00 [INF] Executing endpoint 'CMS.API.Controllers.DashboardController.GetMetrics (CMS.API)'
2026-09-05 14:46:59.545 +03:00 [INF] Route matched with {action = "GetMetrics", controller = "Dashboard"}. Executing controller action with signature System.Threading.Tasks.Task`1[Microsoft.AspNetCore.Mvc.IActionResult] GetMetrics() on controller CMS.API.Controllers.DashboardController (CMS.API).
2026-09-05 14:46:59.728 +03:00 [INF] Executing OkObjectResult, writing value of type 'CMS.Shared.DTOs.ApiResponse`1[[CMS.Shared.DTOs.DashboardMetricsDto, CMS.Shared, Version=1.0.0.0, Culture=neutral, PublicKeyToken=null]]'.
2026-09-05 14:46:59.736 +03:00 [INF] Executed action CMS.API.Controllers.DashboardController.GetMetrics (CMS.API) in 184.2914ms
2026-09-05 14:46:59.743 +03:00 [INF] Executed endpoint 'CMS.API.Controllers.DashboardController.GetMetrics (CMS.API)'
2026-09-05 14:46:59.743 +03:00 [INF] Request starting HTTP/1.1 GET http://localhost:5010/api/v1/dashboard/metrics - null null
2026-09-05 14:46:59.746 +03:00 [INF] Request finished HTTP/1.1 GET http://localhost:5010/api/v1/dashboard/metrics - 200 null application/json; charset=utf-8 253.8349ms
2026-09-05 14:46:59.759 +03:00 [INF] Failed to validate the token.
Microsoft.IdentityModel.Tokens.SecurityTokenMalformedException: IDX14100: JWT is not well formed, there are no dots (.).
The token needs to be in JWS or JWE Compact Serialization Format. (JWS): 'EncodedHeader.EncodedPayload.EncodedSignature'. (JWE): 'EncodedProtectedHeader.EncodedEncryptedKey.EncodedInitializationVector.EncodedCiphertext.EncodedAuthenticationTag'.
   at Microsoft.IdentityModel.JsonWebTokens.JsonWebToken.ReadToken(ReadOnlyMemory`1 encodedTokenMemory)
   at Microsoft.IdentityModel.JsonWebTokens.JsonWebToken..ctor(String jwtEncodedString)
   at Microsoft.IdentityModel.JsonWebTokens.JsonWebTokenHandler.ReadToken(String token, TokenValidationParameters validationParameters)
2026-09-05 14:46:59.774 +03:00 [INF] Bearer was not authenticated. Failure message: IDX14100: JWT is not well formed, there are no dots (.).
The token needs to be in JWS or JWE Compact Serialization Format. (JWS): 'EncodedHeader.EncodedPayload.EncodedSignature'. (JWE): 'EncodedProtectedHeader.EncodedEncryptedKey.EncodedInitializationVector.EncodedCiphertext.EncodedAuthenticationTag'.
2026-09-05 14:46:59.778 +03:00 [INF] Executing endpoint 'CMS.API.Controllers.DashboardController.GetMetrics (CMS.API)'
2026-09-05 14:46:59.784 +03:00 [INF] Route matched with {action = "GetMetrics", controller = "Dashboard"}. Executing controller action with signature System.Threading.Tasks.Task`1[Microsoft.AspNetCore.Mvc.IActionResult] GetMetrics() on controller CMS.API.Controllers.DashboardController (CMS.API).
2026-09-05 14:46:59.804 +03:00 [INF] Executing OkObjectResult, writing value of type 'CMS.Shared.DTOs.ApiResponse`1[[CMS.Shared.DTOs.DashboardMetricsDto, CMS.Shared, Version=1.0.0.0, Culture=neutral, PublicKeyToken=null]]'.
2026-09-05 14:46:59.809 +03:00 [INF] Executed action CMS.API.Controllers.DashboardController.GetMetrics (CMS.API) in 18.6339ms
2026-09-05 14:46:59.817 +03:00 [INF] Executed endpoint 'CMS.API.Controllers.DashboardController.GetMetrics (CMS.API)'
2026-09-05 14:46:59.820 +03:00 [INF] Request finished HTTP/1.1 GET http://localhost:5010/api/v1/dashboard/metrics - 200 null application/json; charset=utf-8 76.558ms
2026-09-05 14:47:16.476 +03:00 [INF] Request starting HTTP/1.1 GET http://localhost:5010/api/v1/dashboard/metrics - null null
2026-09-05 14:47:16.488 +03:00 [INF] Failed to validate the token.
Microsoft.IdentityModel.Tokens.SecurityTokenMalformedException: IDX14100: JWT is not well formed, there are no dots (.).
The token needs to be in JWS or JWE Compact Serialization Format. (JWS): 'EncodedHeader.EncodedPayload.EncodedSignature'. (JWE): 'EncodedProtectedHeader.EncodedEncryptedKey.EncodedInitializationVector.EncodedCiphertext.EncodedAuthenticationTag'.
   at Microsoft.IdentityModel.JsonWebTokens.JsonWebToken.ReadToken(ReadOnlyMemory`1 encodedTokenMemory)
   at Microsoft.IdentityModel.JsonWebTokens.JsonWebToken..ctor(String jwtEncodedString)
   at Microsoft.IdentityModel.JsonWebTokens.JsonWebTokenHandler.ReadToken(String token, TokenValidationParameters validationParameters)
2026-09-05 14:47:16.495 +03:00 [INF] Bearer was not authenticated. Failure message: IDX14100: JWT is not well formed, there are no dots (.).
The token needs to be in JWS or JWE Compact Serialization Format. (JWS): 'EncodedHeader.EncodedPayload.EncodedSignature'. (JWE): 'EncodedProtectedHeader.EncodedEncryptedKey.EncodedInitializationVector.EncodedCiphertext.EncodedAuthenticationTag'.
2026-09-05 14:47:16.500 +03:00 [INF] Executing endpoint 'CMS.API.Controllers.DashboardController.GetMetrics (CMS.API)'
2026-09-05 14:47:16.503 +03:00 [INF] Route matched with {action = "GetMetrics", controller = "Dashboard"}. Executing controller action with signature System.Threading.Tasks.Task`1[Microsoft.AspNetCore.Mvc.IActionResult] GetMetrics() on controller CMS.API.Controllers.DashboardController (CMS.API).
2026-09-05 14:47:16.522 +03:00 [INF] Executing OkObjectResult, writing value of type 'CMS.Shared.DTOs.ApiResponse`1[[CMS.Shared.DTOs.DashboardMetricsDto, CMS.Shared, Version=1.0.0.0, Culture=neutral, PublicKeyToken=null]]'.
2026-09-05 14:47:16.526 +03:00 [INF] Executed action CMS.API.Controllers.DashboardController.GetMetrics (CMS.API) in 17.2497ms
2026-09-05 14:47:16.530 +03:00 [INF] Executed endpoint 'CMS.API.Controllers.DashboardController.GetMetrics (CMS.API)'
2026-09-05 14:47:16.532 +03:00 [INF] Request starting HTTP/1.1 GET http://localhost:5010/api/v1/dashboard/metrics - null null
2026-09-05 14:47:16.533 +03:00 [INF] Request finished HTTP/1.1 GET http://localhost:5010/api/v1/dashboard/metrics - 200 null application/json; charset=utf-8 57.485ms
2026-09-05 14:47:16.542 +03:00 [INF] Failed to validate the token.
Microsoft.IdentityModel.Tokens.SecurityTokenMalformedException: IDX14100: JWT is not well formed, there are no dots (.).
The token needs to be in JWS or JWE Compact Serialization Format. (JWS): 'EncodedHeader.EncodedPayload.EncodedSignature'. (JWE): 'EncodedProtectedHeader.EncodedEncryptedKey.EncodedInitializationVector.EncodedCiphertext.EncodedAuthenticationTag'.
   at Microsoft.IdentityModel.JsonWebTokens.JsonWebToken.ReadToken(ReadOnlyMemory`1 encodedTokenMemory)
   at Microsoft.IdentityModel.JsonWebTokens.JsonWebToken..ctor(String jwtEncodedString)
   at Microsoft.IdentityModel.JsonWebTokens.JsonWebTokenHandler.ReadToken(String token, TokenValidationParameters validationParameters)
2026-09-05 14:47:16.557 +03:00 [INF] Bearer was not authenticated. Failure message: IDX14100: JWT is not well formed, there are no dots (.).
The token needs to be in JWS or JWE Compact Serialization Format. (JWS): 'EncodedHeader.EncodedPayload.EncodedSignature'. (JWE): 'EncodedProtectedHeader.EncodedEncryptedKey.EncodedInitializationVector.EncodedCiphertext.EncodedAuthenticationTag'.
2026-09-05 14:47:16.561 +03:00 [INF] Executing endpoint 'CMS.API.Controllers.DashboardController.GetMetrics (CMS.API)'
2026-09-05 14:47:16.566 +03:00 [INF] Route matched with {action = "GetMetrics", controller = "Dashboard"}. Executing controller action with signature System.Threading.Tasks.Task`1[Microsoft.AspNetCore.Mvc.IActionResult] GetMetrics() on controller CMS.API.Controllers.DashboardController (CMS.API).
2026-09-05 14:47:16.578 +03:00 [INF] Executing OkObjectResult, writing value of type 'CMS.Shared.DTOs.ApiResponse`1[[CMS.Shared.DTOs.DashboardMetricsDto, CMS.Shared, Version=1.0.0.0, Culture=neutral, PublicKeyToken=null]]'.
2026-09-05 14:47:16.583 +03:00 [INF] Executed action CMS.API.Controllers.DashboardController.GetMetrics (CMS.API) in 13.3607ms
2026-09-05 14:47:16.588 +03:00 [INF] Executed endpoint 'CMS.API.Controllers.DashboardController.GetMetrics (CMS.API)'
2026-09-05 14:47:16.591 +03:00 [INF] Request finished HTTP/1.1 GET http://localhost:5010/api/v1/dashboard/metrics - 200 null application/json; charset=utf-8 58.542ms
2026-09-05 14:47:20.610 +03:00 [INF] Request starting HTTP/1.1 GET http://localhost:5010/api/v1/dashboard/metrics - null null
2026-09-05 14:47:20.611 +03:00 [INF] Request starting HTTP/1.1 GET http://localhost:5010/api/v1/dashboard/metrics - null null
2026-09-05 14:47:20.627 +03:00 [INF] Failed to validate the token.
Microsoft.IdentityModel.Tokens.SecurityTokenMalformedException: IDX14100: JWT is not well formed, there are no dots (.).
The token needs to be in JWS or JWE Compact Serialization Format. (JWS): 'EncodedHeader.EncodedPayload.EncodedSignature'. (JWE): 'EncodedProtectedHeader.EncodedEncryptedKey.EncodedInitializationVector.EncodedCiphertext.EncodedAuthenticationTag'.
   at Microsoft.IdentityModel.JsonWebTokens.JsonWebToken.ReadToken(ReadOnlyMemory`1 encodedTokenMemory)
   at Microsoft.IdentityModel.JsonWebTokens.JsonWebToken..ctor(String jwtEncodedString)
   at Microsoft.IdentityModel.JsonWebTokens.JsonWebTokenHandler.ReadToken(String token, TokenValidationParameters validationParameters)
2026-09-05 14:47:20.637 +03:00 [INF] Failed to validate the token.
Microsoft.IdentityModel.Tokens.SecurityTokenMalformedException: IDX14100: JWT is not well formed, there are no dots (.).
The token needs to be in JWS or JWE Compact Serialization Format. (JWS): 'EncodedHeader.EncodedPayload.EncodedSignature'. (JWE): 'EncodedProtectedHeader.EncodedEncryptedKey.EncodedInitializationVector.EncodedCiphertext.EncodedAuthenticationTag'.
   at Microsoft.IdentityModel.JsonWebTokens.JsonWebToken.ReadToken(ReadOnlyMemory`1 encodedTokenMemory)
   at Microsoft.IdentityModel.JsonWebTokens.JsonWebToken..ctor(String jwtEncodedString)
   at Microsoft.IdentityModel.JsonWebTokens.JsonWebTokenHandler.ReadToken(String token, TokenValidationParameters validationParameters)
2026-09-05 14:47:20.643 +03:00 [INF] Bearer was not authenticated. Failure message: IDX14100: JWT is not well formed, there are no dots (.).
The token needs to be in JWS or JWE Compact Serialization Format. (JWS): 'EncodedHeader.EncodedPayload.EncodedSignature'. (JWE): 'EncodedProtectedHeader.EncodedEncryptedKey.EncodedInitializationVector.EncodedCiphertext.EncodedAuthenticationTag'.
2026-09-05 14:47:20.648 +03:00 [INF] Bearer was not authenticated. Failure message: IDX14100: JWT is not well formed, there are no dots (.).
The token needs to be in JWS or JWE Compact Serialization Format. (JWS): 'EncodedHeader.EncodedPayload.EncodedSignature'. (JWE): 'EncodedProtectedHeader.EncodedEncryptedKey.EncodedInitializationVector.EncodedCiphertext.EncodedAuthenticationTag'.
2026-09-05 14:47:20.651 +03:00 [INF] Executing endpoint 'CMS.API.Controllers.DashboardController.GetMetrics (CMS.API)'
2026-09-05 14:47:20.654 +03:00 [INF] Executing endpoint 'CMS.API.Controllers.DashboardController.GetMetrics (CMS.API)'
2026-09-05 14:47:20.657 +03:00 [INF] Route matched with {action = "GetMetrics", controller = "Dashboard"}. Executing controller action with signature System.Threading.Tasks.Task`1[Microsoft.AspNetCore.Mvc.IActionResult] GetMetrics() on controller CMS.API.Controllers.DashboardController (CMS.API).
2026-09-05 14:47:20.659 +03:00 [INF] Route matched with {action = "GetMetrics", controller = "Dashboard"}. Executing controller action with signature System.Threading.Tasks.Task`1[Microsoft.AspNetCore.Mvc.IActionResult] GetMetrics() on controller CMS.API.Controllers.DashboardController (CMS.API).
2026-09-05 14:47:20.675 +03:00 [INF] Executing OkObjectResult, writing value of type 'CMS.Shared.DTOs.ApiResponse`1[[CMS.Shared.DTOs.DashboardMetricsDto, CMS.Shared, Version=1.0.0.0, Culture=neutral, PublicKeyToken=null]]'.
2026-09-05 14:47:20.685 +03:00 [INF] Executed action CMS.API.Controllers.DashboardController.GetMetrics (CMS.API) in 18.7445ms
2026-09-05 14:47:20.688 +03:00 [INF] Executing OkObjectResult, writing value of type 'CMS.Shared.DTOs.ApiResponse`1[[CMS.Shared.DTOs.DashboardMetricsDto, CMS.Shared, Version=1.0.0.0, Culture=neutral, PublicKeyToken=null]]'.
2026-09-05 14:47:20.692 +03:00 [INF] Executed endpoint 'CMS.API.Controllers.DashboardController.GetMetrics (CMS.API)'
2026-09-05 14:47:20.696 +03:00 [INF] Executed action CMS.API.Controllers.DashboardController.GetMetrics (CMS.API) in 21.3033ms
2026-09-05 14:47:20.715 +03:00 [INF] Request finished HTTP/1.1 GET http://localhost:5010/api/v1/dashboard/metrics - 200 null application/json; charset=utf-8 105.3017ms
2026-09-05 14:47:20.720 +03:00 [INF] Executed endpoint 'CMS.API.Controllers.DashboardController.GetMetrics (CMS.API)'
2026-09-05 14:47:20.745 +03:00 [INF] Request finished HTTP/1.1 GET http://localhost:5010/api/v1/dashboard/metrics - 200 null application/json; charset=utf-8 133.7872ms
2026-09-05 14:47:41.758 +03:00 [INF] Request starting HTTP/1.1 GET http://localhost:5010/api/v1/dashboard/metrics - null null
2026-09-05 14:47:41.817 +03:00 [INF] Failed to validate the token.
Microsoft.IdentityModel.Tokens.SecurityTokenMalformedException: IDX14100: JWT is not well formed, there are no dots (.).
The token needs to be in JWS or JWE Compact Serialization Format. (JWS): 'EncodedHeader.EncodedPayload.EncodedSignature'. (JWE): 'EncodedProtectedHeader.EncodedEncryptedKey.EncodedInitializationVector.EncodedCiphertext.EncodedAuthenticationTag'.
   at Microsoft.IdentityModel.JsonWebTokens.JsonWebToken.ReadToken(ReadOnlyMemory`1 encodedTokenMemory)
   at Microsoft.IdentityModel.JsonWebTokens.JsonWebToken..ctor(String jwtEncodedString)
   at Microsoft.IdentityModel.JsonWebTokens.JsonWebTokenHandler.ReadToken(String token, TokenValidationParameters validationParameters)
2026-09-05 14:47:41.824 +03:00 [INF] Bearer was not authenticated. Failure message: IDX14100: JWT is not well formed, there are no dots (.).
The token needs to be in JWS or JWE Compact Serialization Format. (JWS): 'EncodedHeader.EncodedPayload.EncodedSignature'. (JWE): 'EncodedProtectedHeader.EncodedEncryptedKey.EncodedInitializationVector.EncodedCiphertext.EncodedAuthenticationTag'.
2026-09-05 14:47:41.836 +03:00 [INF] Executing endpoint 'CMS.API.Controllers.DashboardController.GetMetrics (CMS.API)'
2026-09-05 14:47:41.842 +03:00 [INF] Route matched with {action = "GetMetrics", controller = "Dashboard"}. Executing controller action with signature System.Threading.Tasks.Task`1[Microsoft.AspNetCore.Mvc.IActionResult] GetMetrics() on controller CMS.API.Controllers.DashboardController (CMS.API).
2026-09-05 14:47:41.855 +03:00 [INF] Executing OkObjectResult, writing value of type 'CMS.Shared.DTOs.ApiResponse`1[[CMS.Shared.DTOs.DashboardMetricsDto, CMS.Shared, Version=1.0.0.0, Culture=neutral, PublicKeyToken=null]]'.
2026-09-05 14:47:41.858 +03:00 [INF] Executed action CMS.API.Controllers.DashboardController.GetMetrics (CMS.API) in 11.7874ms
2026-09-05 14:47:41.863 +03:00 [INF] Executed endpoint 'CMS.API.Controllers.DashboardController.GetMetrics (CMS.API)'
2026-09-05 14:47:41.866 +03:00 [INF] Request finished HTTP/1.1 GET http://localhost:5010/api/v1/dashboard/metrics - 200 null application/json; charset=utf-8 108.0653ms
2026-09-05 14:47:42.783 +03:00 [INF] Request starting HTTP/1.1 GET http://localhost:5010/api/v1/dashboard/metrics - null null
2026-09-05 14:47:42.791 +03:00 [INF] Failed to validate the token.
Microsoft.IdentityModel.Tokens.SecurityTokenMalformedException: IDX14100: JWT is not well formed, there are no dots (.).
The token needs to be in JWS or JWE Compact Serialization Format. (JWS): 'EncodedHeader.EncodedPayload.EncodedSignature'. (JWE): 'EncodedProtectedHeader.EncodedEncryptedKey.EncodedInitializationVector.EncodedCiphertext.EncodedAuthenticationTag'.
   at Microsoft.IdentityModel.JsonWebTokens.JsonWebToken.ReadToken(ReadOnlyMemory`1 encodedTokenMemory)
   at Microsoft.IdentityModel.JsonWebTokens.JsonWebToken..ctor(String jwtEncodedString)
   at Microsoft.IdentityModel.JsonWebTokens.JsonWebTokenHandler.ReadToken(String token, TokenValidationParameters validationParameters)
2026-09-05 14:47:42.796 +03:00 [INF] Bearer was not authenticated. Failure message: IDX14100: JWT is not well formed, there are no dots (.).
The token needs to be in JWS or JWE Compact Serialization Format. (JWS): 'EncodedHeader.EncodedPayload.EncodedSignature'. (JWE): 'EncodedProtectedHeader.EncodedEncryptedKey.EncodedInitializationVector.EncodedCiphertext.EncodedAuthenticationTag'.
2026-09-05 14:47:42.799 +03:00 [INF] Executing endpoint 'CMS.API.Controllers.DashboardController.GetMetrics (CMS.API)'
2026-09-05 14:47:42.801 +03:00 [INF] Route matched with {action = "GetMetrics", controller = "Dashboard"}. Executing controller action with signature System.Threading.Tasks.Task`1[Microsoft.AspNetCore.Mvc.IActionResult] GetMetrics() on controller CMS.API.Controllers.DashboardController (CMS.API).
2026-09-05 14:47:42.814 +03:00 [INF] Executing OkObjectResult, writing value of type 'CMS.Shared.DTOs.ApiResponse`1[[CMS.Shared.DTOs.DashboardMetricsDto, CMS.Shared, Version=1.0.0.0, Culture=neutral, PublicKeyToken=null]]'.
2026-09-05 14:47:42.817 +03:00 [INF] Executed action CMS.API.Controllers.DashboardController.GetMetrics (CMS.API) in 10.7057ms
2026-09-05 14:47:42.821 +03:00 [INF] Executed endpoint 'CMS.API.Controllers.DashboardController.GetMetrics (CMS.API)'
2026-09-05 14:47:42.824 +03:00 [INF] Request finished HTTP/1.1 GET http://localhost:5010/api/v1/dashboard/metrics - 200 null application/json; charset=utf-8 40.8147ms
2026-09-05 14:48:24.541 +03:00 [INF] Request starting HTTP/1.1 GET http://localhost:5010/api/v1/patients/search?q= - application/json null
2026-09-05 14:48:24.552 +03:00 [INF] Executing endpoint 'CMS.API.Controllers.PatientsController.Search (CMS.API)'
2026-09-05 14:48:24.556 +03:00 [INF] Route matched with {action = "Search", controller = "Patients"}. Executing controller action with signature System.Threading.Tasks.Task`1[Microsoft.AspNetCore.Mvc.IActionResult] Search(System.String, Int32) on controller CMS.API.Controllers.PatientsController (CMS.API).
2026-09-05 14:48:24.571 +03:00 [INF] Executing OkObjectResult, writing value of type 'CMS.Shared.DTOs.ApiResponse`1[[System.Collections.Generic.List`1[[CMS.Shared.DTOs.PatientDto, CMS.Shared, Version=1.0.0.0, Culture=neutral, PublicKeyToken=null]], System.Private.CoreLib, Version=8.0.0.0, Culture=neutral, PublicKeyToken=7cec85d7bea7798e]]'.
2026-09-05 14:48:24.578 +03:00 [INF] Executed action CMS.API.Controllers.PatientsController.Search (CMS.API) in 17.9035ms
2026-09-05 14:48:24.585 +03:00 [INF] Executed endpoint 'CMS.API.Controllers.PatientsController.Search (CMS.API)'
2026-09-05 14:48:24.590 +03:00 [INF] Request finished HTTP/1.1 GET http://localhost:5010/api/v1/patients/search?q= - 200 null application/json; charset=utf-8 49.2898ms
2026-09-05 14:48:42.432 +03:00 [INF] Request starting HTTP/1.1 GET http://localhost:5010/api/v1/patients/next-mrn - application/json null
2026-09-05 14:48:42.440 +03:00 [INF] Executing endpoint 'CMS.API.Controllers.PatientsController.GetNextMRN (CMS.API)'
2026-09-05 14:48:42.443 +03:00 [INF] Route matched with {action = "GetNextMRN", controller = "Patients"}. Executing controller action with signature System.Threading.Tasks.Task`1[Microsoft.AspNetCore.Mvc.IActionResult] GetNextMRN() on controller CMS.API.Controllers.PatientsController (CMS.API).
2026-09-05 14:48:42.474 +03:00 [INF] Executing OkObjectResult, writing value of type 'CMS.Shared.DTOs.ApiResponse`1[[System.Object, System.Private.CoreLib, Version=8.0.0.0, Culture=neutral, PublicKeyToken=7cec85d7bea7798e]]'.
2026-09-05 14:48:42.478 +03:00 [INF] Executed action CMS.API.Controllers.PatientsController.GetNextMRN (CMS.API) in 31.0238ms
2026-09-05 14:48:42.482 +03:00 [INF] Executed endpoint 'CMS.API.Controllers.PatientsController.GetNextMRN (CMS.API)'
2026-09-05 14:48:42.484 +03:00 [INF] Request finished HTTP/1.1 GET http://localhost:5010/api/v1/patients/next-mrn - 200 null application/json; charset=utf-8 51.9253ms
2026-09-05 15:03:09.713 +03:00 [INF] Request starting HTTP/1.1 GET http://localhost:5010/api/v1/patients/search?q= - application/json null
2026-09-05 15:03:09.719 +03:00 [INF] Executing endpoint 'CMS.API.Controllers.PatientsController.Search (CMS.API)'
2026-09-05 15:03:09.722 +03:00 [INF] Route matched with {action = "Search", controller = "Patients"}. Executing controller action with signature System.Threading.Tasks.Task`1[Microsoft.AspNetCore.Mvc.IActionResult] Search(System.String, Int32) on controller CMS.API.Controllers.PatientsController (CMS.API).
2026-09-05 15:03:09.764 +03:00 [INF] Executing OkObjectResult, writing value of type 'CMS.Shared.DTOs.ApiResponse`1[[System.Collections.Generic.List`1[[CMS.Shared.DTOs.PatientDto, CMS.Shared, Version=1.0.0.0, Culture=neutral, PublicKeyToken=null]], System.Private.CoreLib, Version=8.0.0.0, Culture=neutral, PublicKeyToken=7cec85d7bea7798e]]'.
2026-09-05 15:03:09.767 +03:00 [INF] Executed action CMS.API.Controllers.PatientsController.Search (CMS.API) in 41.3061ms
2026-09-05 15:03:09.771 +03:00 [INF] Executed endpoint 'CMS.API.Controllers.PatientsController.Search (CMS.API)'
2026-09-05 15:03:09.773 +03:00 [INF] Request finished HTTP/1.1 GET http://localhost:5010/api/v1/patients/search?q= - 200 null application/json; charset=utf-8 60.654ms
2026-09-05 15:04:51.075 +03:00 [INF] Request starting HTTP/1.1 GET http://localhost:5010/api/v1/dashboard/metrics - null null
2026-09-05 15:04:51.078 +03:00 [INF] Request starting HTTP/1.1 GET http://localhost:5010/api/v1/dashboard/metrics - null null
2026-09-05 15:04:51.085 +03:00 [INF] Failed to validate the token.
Microsoft.IdentityModel.Tokens.SecurityTokenMalformedException: IDX14100: JWT is not well formed, there are no dots (.).
The token needs to be in JWS or JWE Compact Serialization Format. (JWS): 'EncodedHeader.EncodedPayload.EncodedSignature'. (JWE): 'EncodedProtectedHeader.EncodedEncryptedKey.EncodedInitializationVector.EncodedCiphertext.EncodedAuthenticationTag'.
   at Microsoft.IdentityModel.JsonWebTokens.JsonWebToken.ReadToken(ReadOnlyMemory`1 encodedTokenMemory)
   at Microsoft.IdentityModel.JsonWebTokens.JsonWebToken..ctor(String jwtEncodedString)
   at Microsoft.IdentityModel.JsonWebTokens.JsonWebTokenHandler.ReadToken(String token, TokenValidationParameters validationParameters)
2026-09-05 15:04:51.092 +03:00 [INF] Failed to validate the token.
Microsoft.IdentityModel.Tokens.SecurityTokenMalformedException: IDX14100: JWT is not well formed, there are no dots (.).
The token needs to be in JWS or JWE Compact Serialization Format. (JWS): 'EncodedHeader.EncodedPayload.EncodedSignature'. (JWE): 'EncodedProtectedHeader.EncodedEncryptedKey.EncodedInitializationVector.EncodedCiphertext.EncodedAuthenticationTag'.
   at Microsoft.IdentityModel.JsonWebTokens.JsonWebToken.ReadToken(ReadOnlyMemory`1 encodedTokenMemory)
   at Microsoft.IdentityModel.JsonWebTokens.JsonWebToken..ctor(String jwtEncodedString)
   at Microsoft.IdentityModel.JsonWebTokens.JsonWebTokenHandler.ReadToken(String token, TokenValidationParameters validationParameters)
2026-09-05 15:04:51.097 +03:00 [INF] Bearer was not authenticated. Failure message: IDX14100: JWT is not well formed, there are no dots (.).
The token needs to be in JWS or JWE Compact Serialization Format. (JWS): 'EncodedHeader.EncodedPayload.EncodedSignature'. (JWE): 'EncodedProtectedHeader.EncodedEncryptedKey.EncodedInitializationVector.EncodedCiphertext.EncodedAuthenticationTag'.
2026-09-05 15:04:51.102 +03:00 [INF] Bearer was not authenticated. Failure message: IDX14100: JWT is not well formed, there are no dots (.).
The token needs to be in JWS or JWE Compact Serialization Format. (JWS): 'EncodedHeader.EncodedPayload.EncodedSignature'. (JWE): 'EncodedProtectedHeader.EncodedEncryptedKey.EncodedInitializationVector.EncodedCiphertext.EncodedAuthenticationTag'.
2026-09-05 15:04:51.104 +03:00 [INF] Executing endpoint 'CMS.API.Controllers.DashboardController.GetMetrics (CMS.API)'
2026-09-05 15:04:51.106 +03:00 [INF] Executing endpoint 'CMS.API.Controllers.DashboardController.GetMetrics (CMS.API)'
2026-09-05 15:04:51.108 +03:00 [INF] Route matched with {action = "GetMetrics", controller = "Dashboard"}. Executing controller action with signature System.Threading.Tasks.Task`1[Microsoft.AspNetCore.Mvc.IActionResult] GetMetrics() on controller CMS.API.Controllers.DashboardController (CMS.API).
2026-09-05 15:04:51.111 +03:00 [INF] Route matched with {action = "GetMetrics", controller = "Dashboard"}. Executing controller action with signature System.Threading.Tasks.Task`1[Microsoft.AspNetCore.Mvc.IActionResult] GetMetrics() on controller CMS.API.Controllers.DashboardController (CMS.API).
2026-09-05 15:04:51.203 +03:00 [INF] Executing OkObjectResult, writing value of type 'CMS.Shared.DTOs.ApiResponse`1[[CMS.Shared.DTOs.DashboardMetricsDto, CMS.Shared, Version=1.0.0.0, Culture=neutral, PublicKeyToken=null]]'.
2026-09-05 15:04:51.203 +03:00 [INF] Executing OkObjectResult, writing value of type 'CMS.Shared.DTOs.ApiResponse`1[[CMS.Shared.DTOs.DashboardMetricsDto, CMS.Shared, Version=1.0.0.0, Culture=neutral, PublicKeyToken=null]]'.
2026-09-05 15:04:51.207 +03:00 [INF] Executed action CMS.API.Controllers.DashboardController.GetMetrics (CMS.API) in 91.7682ms
2026-09-05 15:04:51.211 +03:00 [INF] Executed action CMS.API.Controllers.DashboardController.GetMetrics (CMS.API) in 91.3326ms
2026-09-05 15:04:51.217 +03:00 [INF] Executed endpoint 'CMS.API.Controllers.DashboardController.GetMetrics (CMS.API)'
2026-09-05 15:04:51.220 +03:00 [INF] Executed endpoint 'CMS.API.Controllers.DashboardController.GetMetrics (CMS.API)'
2026-09-05 15:04:51.223 +03:00 [INF] Request finished HTTP/1.1 GET http://localhost:5010/api/v1/dashboard/metrics - 200 null application/json; charset=utf-8 148.1694ms
2026-09-05 15:04:51.226 +03:00 [INF] Request finished HTTP/1.1 GET http://localhost:5010/api/v1/dashboard/metrics - 200 null application/json; charset=utf-8 147.9077ms
2026-09-05 15:04:53.627 +03:00 [INF] Request starting HTTP/1.1 GET http://localhost:5010/api/v1/patients/search?q= - application/json null
2026-09-05 15:04:53.635 +03:00 [INF] Executing endpoint 'CMS.API.Controllers.PatientsController.Search (CMS.API)'
2026-09-05 15:04:53.639 +03:00 [INF] Route matched with {action = "Search", controller = "Patients"}. Executing controller action with signature System.Threading.Tasks.Task`1[Microsoft.AspNetCore.Mvc.IActionResult] Search(System.String, Int32) on controller CMS.API.Controllers.PatientsController (CMS.API).
2026-09-05 15:04:53.646 +03:00 [INF] Executing OkObjectResult, writing value of type 'CMS.Shared.DTOs.ApiResponse`1[[System.Collections.Generic.List`1[[CMS.Shared.DTOs.PatientDto, CMS.Shared, Version=1.0.0.0, Culture=neutral, PublicKeyToken=null]], System.Private.CoreLib, Version=8.0.0.0, Culture=neutral, PublicKeyToken=7cec85d7bea7798e]]'.
2026-09-05 15:04:53.651 +03:00 [INF] Executed action CMS.API.Controllers.PatientsController.Search (CMS.API) in 6.8186ms
2026-09-05 15:04:53.655 +03:00 [INF] Executed endpoint 'CMS.API.Controllers.PatientsController.Search (CMS.API)'
2026-09-05 15:04:53.658 +03:00 [INF] Request finished HTTP/1.1 GET http://localhost:5010/api/v1/patients/search?q= - 200 null application/json; charset=utf-8 31.4801ms
2026-09-05 15:04:54.924 +03:00 [INF] Request starting HTTP/1.1 GET http://localhost:5010/api/v1/patients/next-mrn - application/json null
2026-09-05 15:04:54.931 +03:00 [INF] Executing endpoint 'CMS.API.Controllers.PatientsController.GetNextMRN (CMS.API)'
2026-09-05 15:04:54.934 +03:00 [INF] Route matched with {action = "GetNextMRN", controller = "Patients"}. Executing controller action with signature System.Threading.Tasks.Task`1[Microsoft.AspNetCore.Mvc.IActionResult] GetNextMRN() on controller CMS.API.Controllers.PatientsController (CMS.API).
2026-09-05 15:04:54.948 +03:00 [INF] Executing OkObjectResult, writing value of type 'CMS.Shared.DTOs.ApiResponse`1[[System.Object, System.Private.CoreLib, Version=8.0.0.0, Culture=neutral, PublicKeyToken=7cec85d7bea7798e]]'.
2026-09-05 15:04:54.952 +03:00 [INF] Executed action CMS.API.Controllers.PatientsController.GetNextMRN (CMS.API) in 13.2831ms
2026-09-05 15:04:54.956 +03:00 [INF] Executed endpoint 'CMS.API.Controllers.PatientsController.GetNextMRN (CMS.API)'
2026-09-05 15:04:54.958 +03:00 [INF] Request finished HTTP/1.1 GET http://localhost:5010/api/v1/patients/next-mrn - 200 null application/json; charset=utf-8 34.4043ms
2026-09-05 15:05:35.499 +03:00 [INF] Request starting HTTP/1.1 POST http://localhost:5010/api/v1/patients - application/json 296
2026-09-05 15:05:35.511 +03:00 [INF] CORS policy execution successful.
2026-09-05 15:05:35.516 +03:00 [INF] Executing endpoint 'CMS.API.Controllers.PatientsController.Create (CMS.API)'
2026-09-05 15:05:35.520 +03:00 [INF] Route matched with {action = "Create", controller = "Patients"}. Executing controller action with signature System.Threading.Tasks.Task`1[Microsoft.AspNetCore.Mvc.IActionResult] Create(CMS.Shared.DTOs.CreatePatientDto) on controller CMS.API.Controllers.PatientsController (CMS.API).
2026-09-05 15:05:35.567 +03:00 [INF] Executing OkObjectResult, writing value of type 'CMS.Shared.DTOs.ApiResponse`1[[System.Object, System.Private.CoreLib, Version=8.0.0.0, Culture=neutral, PublicKeyToken=7cec85d7bea7798e]]'.
2026-09-05 15:05:35.571 +03:00 [INF] Executed action CMS.API.Controllers.PatientsController.Create (CMS.API) in 45.3234ms
2026-09-05 15:05:35.574 +03:00 [INF] Executed endpoint 'CMS.API.Controllers.PatientsController.Create (CMS.API)'
2026-09-05 15:05:35.577 +03:00 [INF] Request finished HTTP/1.1 POST http://localhost:5010/api/v1/patients - 200 null application/json; charset=utf-8 77.4891ms
2026-09-05 15:05:35.585 +03:00 [INF] Request starting HTTP/1.1 GET http://localhost:5010/api/v1/patients/search?q= - application/json null
2026-09-05 15:05:35.592 +03:00 [INF] Executing endpoint 'CMS.API.Controllers.PatientsController.Search (CMS.API)'
2026-09-05 15:05:35.594 +03:00 [INF] Route matched with {action = "Search", controller = "Patients"}. Executing controller action with signature System.Threading.Tasks.Task`1[Microsoft.AspNetCore.Mvc.IActionResult] Search(System.String, Int32) on controller CMS.API.Controllers.PatientsController (CMS.API).
2026-09-05 15:05:35.601 +03:00 [INF] Executing OkObjectResult, writing value of type 'CMS.Shared.DTOs.ApiResponse`1[[System.Collections.Generic.List`1[[CMS.Shared.DTOs.PatientDto, CMS.Shared, Version=1.0.0.0, Culture=neutral, PublicKeyToken=null]], System.Private.CoreLib, Version=8.0.0.0, Culture=neutral, PublicKeyToken=7cec85d7bea7798e]]'.
2026-09-05 15:05:35.605 +03:00 [INF] Executed action CMS.API.Controllers.PatientsController.Search (CMS.API) in 6.4179ms
2026-09-05 15:05:35.609 +03:00 [INF] Executed endpoint 'CMS.API.Controllers.PatientsController.Search (CMS.API)'
2026-09-05 15:05:35.611 +03:00 [INF] Request finished HTTP/1.1 GET http://localhost:5010/api/v1/patients/search?q= - 200 null application/json; charset=utf-8 26.7ms
2026-09-05 15:31:42.645 +03:00 [INF] Request starting HTTP/1.1 GET http://localhost:5010/api/v1/triage/queue?date=2026-09-05 - application/json null
2026-09-05 15:31:42.645 +03:00 [INF] Request starting HTTP/1.1 GET http://localhost:5010/api/v1/patients/search - application/json null
2026-09-05 15:31:42.645 +03:00 [INF] Request starting HTTP/1.1 GET http://localhost:5010/api/v1/staff/doctors - application/json null
2026-09-05 15:31:42.653 +03:00 [INF] Executing endpoint 'CMS.API.Controllers.TriageController.GetQueue (CMS.API)'
2026-09-05 15:31:42.660 +03:00 [INF] Executing endpoint 'CMS.API.Controllers.PatientsController.Search (CMS.API)'
2026-09-05 15:31:42.665 +03:00 [INF] Executing endpoint 'CMS.API.Controllers.StaffController.GetDoctors (CMS.API)'
2026-09-05 15:31:42.671 +03:00 [INF] Route matched with {action = "Search", controller = "Patients"}. Executing controller action with signature System.Threading.Tasks.Task`1[Microsoft.AspNetCore.Mvc.IActionResult] Search(System.String, Int32) on controller CMS.API.Controllers.PatientsController (CMS.API).
2026-09-05 15:31:42.671 +03:00 [INF] Route matched with {action = "GetQueue", controller = "Triage"}. Executing controller action with signature System.Threading.Tasks.Task`1[Microsoft.AspNetCore.Mvc.IActionResult] GetQueue(System.String, System.Nullable`1[System.DateTime]) on controller CMS.API.Controllers.TriageController (CMS.API).
2026-09-05 15:31:42.674 +03:00 [INF] Route matched with {action = "GetDoctors", controller = "Staff"}. Executing controller action with signature System.Threading.Tasks.Task`1[Microsoft.AspNetCore.Mvc.IActionResult] GetDoctors() on controller CMS.API.Controllers.StaffController (CMS.API).
2026-09-05 15:31:42.717 +03:00 [INF] Executing OkObjectResult, writing value of type 'CMS.Shared.DTOs.ApiResponse`1[[System.Collections.Generic.List`1[[CMS.Shared.DTOs.PatientDto, CMS.Shared, Version=1.0.0.0, Culture=neutral, PublicKeyToken=null]], System.Private.CoreLib, Version=8.0.0.0, Culture=neutral, PublicKeyToken=7cec85d7bea7798e]]'.
2026-09-05 15:31:42.722 +03:00 [INF] Executed action CMS.API.Controllers.PatientsController.Search (CMS.API) in 44.0969ms
2026-09-05 15:31:42.726 +03:00 [INF] Executed endpoint 'CMS.API.Controllers.PatientsController.Search (CMS.API)'
2026-09-05 15:31:42.729 +03:00 [INF] Request finished HTTP/1.1 GET http://localhost:5010/api/v1/patients/search - 200 null application/json; charset=utf-8 84.5944ms
2026-09-05 15:31:42.736 +03:00 [INF] Executed action CMS.API.Controllers.StaffController.GetDoctors (CMS.API) in 46.1489ms
2026-09-05 15:31:42.742 +03:00 [INF] Executed endpoint 'CMS.API.Controllers.StaffController.GetDoctors (CMS.API)'
2026-09-05 15:31:42.746 +03:00 [ERR] Unhandled exception encountered: A parameterless default constructor or one matching signature (System.Int32 Id, System.Int32 StaffId, System.String StaffCode, System.String DoctorName, System.String LicenseNumber, System.Int16 SpecializationId, System.String SpecializationName, System.String SubSpecialization, System.Decimal ConsultationFee, System.Boolean IsAvailable) is required for CMS.Shared.DTOs.DoctorDto materialization
System.InvalidOperationException: A parameterless default constructor or one matching signature (System.Int32 Id, System.Int32 StaffId, System.String StaffCode, System.String DoctorName, System.String LicenseNumber, System.Int16 SpecializationId, System.String SpecializationName, System.String SubSpecialization, System.Decimal ConsultationFee, System.Boolean IsAvailable) is required for CMS.Shared.DTOs.DoctorDto materialization
   at Dapper.SqlMapper.GenerateDeserializerFromMap(Type type, DbDataReader reader, Int32 startBound, Int32 length, Boolean returnNullIfFirstMissing, ILGenerator il) in /_/Dapper/SqlMapper.cs:line 3473
   at Dapper.SqlMapper.GetTypeDeserializerImpl(Type type, DbDataReader reader, Int32 startBound, Int32 length, Boolean returnNullIfFirstMissing) in /_/Dapper/SqlMapper.cs:line 3304
   at Dapper.SqlMapper.TypeDeserializerCache.GetReader(DbDataReader reader, Int32 startBound, Int32 length, Boolean returnNullIfFirstMissing) in /_/Dapper/SqlMapper.TypeDeserializerCache.cs:line 151
   at Dapper.SqlMapper.TypeDeserializerCache.GetReader(Type type, DbDataReader reader, Int32 startBound, Int32 length, Boolean returnNullIfFirstMissing) in /_/Dapper/SqlMapper.TypeDeserializerCache.cs:line 50
   at Dapper.SqlMapper.GetTypeDeserializer(Type type, DbDataReader reader, Int32 startBound, Int32 length, Boolean returnNullIfFirstMissing) in /_/Dapper/SqlMapper.cs:line 3258
   at Dapper.SqlMapper.GetDeserializer(Type type, DbDataReader reader, Int32 startBound, Int32 length, Boolean returnNullIfFirstMissing) in /_/Dapper/SqlMapper.cs:line 1945
   at Dapper.SqlMapper.QueryAsync[T](IDbConnection cnn, Type effectiveType, CommandDefinition command) in /_/Dapper/SqlMapper.Async.cs:line 442
   at CMS.Application.StaffServices.StaffAndDoctorService.GetDoctorsAsync(Byte tenantId) in C:\Users\ASUS\source\repos\CMS\src\CMS.Application\StaffServices\StaffAndDoctorService.cs:line 35
   at CMS.API.Controllers.StaffController.GetDoctors() in C:\Users\ASUS\source\repos\CMS\src\CMS.API\Controllers\ClinicalControllers.cs:line 24
   at Microsoft.AspNetCore.Mvc.Infrastructure.ActionMethodExecutor.TaskOfIActionResultExecutor.Execute(ActionContext actionContext, IActionResultTypeMapper mapper, ObjectMethodExecutor executor, Object controller, Object[] arguments)
   at Microsoft.AspNetCore.Mvc.Infrastructure.ControllerActionInvoker.<InvokeActionMethodAsync>g__Awaited|12_0(ControllerActionInvoker invoker, ValueTask`1 actionResultValueTask)
   at Microsoft.AspNetCore.Mvc.Infrastructure.ControllerActionInvoker.<InvokeNextActionFilterAsync>g__Awaited|10_0(ControllerActionInvoker invoker, Task lastTask, State next, Scope scope, Object state, Boolean isCompleted)
   at Microsoft.AspNetCore.Mvc.Infrastructure.ControllerActionInvoker.Rethrow(ActionExecutedContextSealed context)
   at Microsoft.AspNetCore.Mvc.Infrastructure.ControllerActionInvoker.Next(State& next, Scope& scope, Object& state, Boolean& isCompleted)
   at Microsoft.AspNetCore.Mvc.Infrastructure.ControllerActionInvoker.<InvokeInnerFilterAsync>g__Awaited|13_0(ControllerActionInvoker invoker, Task lastTask, State next, Scope scope, Object state, Boolean isCompleted)
   at Microsoft.AspNetCore.Mvc.Infrastructure.ResourceInvoker.<InvokeFilterPipelineAsync>g__Awaited|20_0(ResourceInvoker invoker, Task lastTask, State next, Scope scope, Object state, Boolean isCompleted)
   at Microsoft.AspNetCore.Mvc.Infrastructure.ResourceInvoker.<InvokeAsync>g__Logged|17_1(ResourceInvoker invoker)
   at Microsoft.AspNetCore.Mvc.Infrastructure.ResourceInvoker.<InvokeAsync>g__Logged|17_1(ResourceInvoker invoker)
   at Microsoft.AspNetCore.Routing.EndpointMiddleware.<Invoke>g__AwaitRequestTask|7_0(Endpoint endpoint, Task requestTask, ILogger logger)
   at Microsoft.AspNetCore.Authorization.AuthorizationMiddleware.Invoke(HttpContext context)
   at Microsoft.AspNetCore.Authentication.AuthenticationMiddleware.Invoke(HttpContext context)
   at Swashbuckle.AspNetCore.SwaggerUI.SwaggerUIMiddleware.Invoke(HttpContext httpContext)
   at Swashbuckle.AspNetCore.Swagger.SwaggerMiddleware.Invoke(HttpContext httpContext, ISwaggerProvider swaggerProvider)
   at CMS.API.Middleware.TenantMiddleware.InvokeAsync(HttpContext context) in C:\Users\ASUS\source\repos\CMS\src\CMS.API\Middleware\Middlewares.cs:line 26
   at CMS.API.Middleware.ExceptionMiddleware.InvokeAsync(HttpContext context) in C:\Users\ASUS\source\repos\CMS\src\CMS.API\Middleware\Middlewares.cs:line 45
2026-09-05 15:31:42.747 +03:00 [INF] Executing OkObjectResult, writing value of type 'CMS.Shared.DTOs.ApiResponse`1[[System.Collections.Generic.List`1[[CMS.Shared.DTOs.TriageDto, CMS.Shared, Version=1.0.0.0, Culture=neutral, PublicKeyToken=null]], System.Private.CoreLib, Version=8.0.0.0, Culture=neutral, PublicKeyToken=7cec85d7bea7798e]]'.
2026-09-05 15:31:42.770 +03:00 [INF] Request finished HTTP/1.1 GET http://localhost:5010/api/v1/staff/doctors - 500 null application/json 124.9332ms
2026-09-05 15:31:42.772 +03:00 [INF] Executed action CMS.API.Controllers.TriageController.GetQueue (CMS.API) in 88.6806ms
2026-09-05 15:31:42.784 +03:00 [INF] Executed endpoint 'CMS.API.Controllers.TriageController.GetQueue (CMS.API)'
2026-09-05 15:31:42.786 +03:00 [INF] Request finished HTTP/1.1 GET http://localhost:5010/api/v1/triage/queue?date=2026-09-05 - 200 null application/json; charset=utf-8 141.8593ms
2026-09-05 15:31:42.904 +03:00 [INF] Request starting HTTP/1.1 GET http://localhost:5010/api/v1/patients/search - application/json null
2026-09-05 15:31:42.913 +03:00 [INF] Executing endpoint 'CMS.API.Controllers.PatientsController.Search (CMS.API)'
2026-09-05 15:31:42.917 +03:00 [INF] Route matched with {action = "Search", controller = "Patients"}. Executing controller action with signature System.Threading.Tasks.Task`1[Microsoft.AspNetCore.Mvc.IActionResult] Search(System.String, Int32) on controller CMS.API.Controllers.PatientsController (CMS.API).
2026-09-05 15:31:42.924 +03:00 [INF] Executing OkObjectResult, writing value of type 'CMS.Shared.DTOs.ApiResponse`1[[System.Collections.Generic.List`1[[CMS.Shared.DTOs.PatientDto, CMS.Shared, Version=1.0.0.0, Culture=neutral, PublicKeyToken=null]], System.Private.CoreLib, Version=8.0.0.0, Culture=neutral, PublicKeyToken=7cec85d7bea7798e]]'.
2026-09-05 15:31:42.929 +03:00 [INF] Executed action CMS.API.Controllers.PatientsController.Search (CMS.API) in 6.8078ms
2026-09-05 15:31:42.933 +03:00 [INF] Executed endpoint 'CMS.API.Controllers.PatientsController.Search (CMS.API)'
2026-09-05 15:31:42.935 +03:00 [INF] Request finished HTTP/1.1 GET http://localhost:5010/api/v1/patients/search - 200 null application/json; charset=utf-8 31.201ms
2026-09-05 15:31:43.043 +03:00 [INF] Request starting HTTP/1.1 GET http://localhost:5010/api/v1/staff/doctors - application/json null
2026-09-05 15:31:43.049 +03:00 [INF] Executing endpoint 'CMS.API.Controllers.StaffController.GetDoctors (CMS.API)'
2026-09-05 15:31:43.052 +03:00 [INF] Route matched with {action = "GetDoctors", controller = "Staff"}. Executing controller action with signature System.Threading.Tasks.Task`1[Microsoft.AspNetCore.Mvc.IActionResult] GetDoctors() on controller CMS.API.Controllers.StaffController (CMS.API).
2026-09-05 15:31:43.060 +03:00 [INF] Executed action CMS.API.Controllers.StaffController.GetDoctors (CMS.API) in 3.0236ms
2026-09-05 15:31:43.063 +03:00 [INF] Executed endpoint 'CMS.API.Controllers.StaffController.GetDoctors (CMS.API)'
2026-09-05 15:31:43.066 +03:00 [ERR] Unhandled exception encountered: A parameterless default constructor or one matching signature (System.Int32 Id, System.Int32 StaffId, System.String StaffCode, System.String DoctorName, System.String LicenseNumber, System.Int16 SpecializationId, System.String SpecializationName, System.String SubSpecialization, System.Decimal ConsultationFee, System.Boolean IsAvailable) is required for CMS.Shared.DTOs.DoctorDto materialization
System.InvalidOperationException: A parameterless default constructor or one matching signature (System.Int32 Id, System.Int32 StaffId, System.String StaffCode, System.String DoctorName, System.String LicenseNumber, System.Int16 SpecializationId, System.String SpecializationName, System.String SubSpecialization, System.Decimal ConsultationFee, System.Boolean IsAvailable) is required for CMS.Shared.DTOs.DoctorDto materialization
   at Dapper.SqlMapper.GenerateDeserializerFromMap(Type type, DbDataReader reader, Int32 startBound, Int32 length, Boolean returnNullIfFirstMissing, ILGenerator il) in /_/Dapper/SqlMapper.cs:line 3473
   at Dapper.SqlMapper.GetTypeDeserializerImpl(Type type, DbDataReader reader, Int32 startBound, Int32 length, Boolean returnNullIfFirstMissing) in /_/Dapper/SqlMapper.cs:line 3304
   at Dapper.SqlMapper.TypeDeserializerCache.GetReader(DbDataReader reader, Int32 startBound, Int32 length, Boolean returnNullIfFirstMissing) in /_/Dapper/SqlMapper.TypeDeserializerCache.cs:line 151
   at Dapper.SqlMapper.TypeDeserializerCache.GetReader(Type type, DbDataReader reader, Int32 startBound, Int32 length, Boolean returnNullIfFirstMissing) in /_/Dapper/SqlMapper.TypeDeserializerCache.cs:line 50
   at Dapper.SqlMapper.GetTypeDeserializer(Type type, DbDataReader reader, Int32 startBound, Int32 length, Boolean returnNullIfFirstMissing) in /_/Dapper/SqlMapper.cs:line 3258
   at Dapper.SqlMapper.GetDeserializer(Type type, DbDataReader reader, Int32 startBound, Int32 length, Boolean returnNullIfFirstMissing) in /_/Dapper/SqlMapper.cs:line 1945
   at Dapper.SqlMapper.QueryAsync[T](IDbConnection cnn, Type effectiveType, CommandDefinition command) in /_/Dapper/SqlMapper.Async.cs:line 442
   at CMS.Application.StaffServices.StaffAndDoctorService.GetDoctorsAsync(Byte tenantId) in C:\Users\ASUS\source\repos\CMS\src\CMS.Application\StaffServices\StaffAndDoctorService.cs:line 35
   at CMS.API.Controllers.StaffController.GetDoctors() in C:\Users\ASUS\source\repos\CMS\src\CMS.API\Controllers\ClinicalControllers.cs:line 24
   at Microsoft.AspNetCore.Mvc.Infrastructure.ActionMethodExecutor.TaskOfIActionResultExecutor.Execute(ActionContext actionContext, IActionResultTypeMapper mapper, ObjectMethodExecutor executor, Object controller, Object[] arguments)
   at Microsoft.AspNetCore.Mvc.Infrastructure.ControllerActionInvoker.<InvokeActionMethodAsync>g__Awaited|12_0(ControllerActionInvoker invoker, ValueTask`1 actionResultValueTask)
   at Microsoft.AspNetCore.Mvc.Infrastructure.ControllerActionInvoker.<InvokeNextActionFilterAsync>g__Awaited|10_0(ControllerActionInvoker invoker, Task lastTask, State next, Scope scope, Object state, Boolean isCompleted)
   at Microsoft.AspNetCore.Mvc.Infrastructure.ControllerActionInvoker.Rethrow(ActionExecutedContextSealed context)
   at Microsoft.AspNetCore.Mvc.Infrastructure.ControllerActionInvoker.Next(State& next, Scope& scope, Object& state, Boolean& isCompleted)
   at Microsoft.AspNetCore.Mvc.Infrastructure.ControllerActionInvoker.<InvokeInnerFilterAsync>g__Awaited|13_0(ControllerActionInvoker invoker, Task lastTask, State next, Scope scope, Object state, Boolean isCompleted)
   at Microsoft.AspNetCore.Mvc.Infrastructure.ResourceInvoker.<InvokeFilterPipelineAsync>g__Awaited|20_0(ResourceInvoker invoker, Task lastTask, State next, Scope scope, Object state, Boolean isCompleted)
   at Microsoft.AspNetCore.Mvc.Infrastructure.ResourceInvoker.<InvokeAsync>g__Logged|17_1(ResourceInvoker invoker)
   at Microsoft.AspNetCore.Mvc.Infrastructure.ResourceInvoker.<InvokeAsync>g__Logged|17_1(ResourceInvoker invoker)
   at Microsoft.AspNetCore.Routing.EndpointMiddleware.<Invoke>g__AwaitRequestTask|7_0(Endpoint endpoint, Task requestTask, ILogger logger)
   at Microsoft.AspNetCore.Authorization.AuthorizationMiddleware.Invoke(HttpContext context)
   at Microsoft.AspNetCore.Authentication.AuthenticationMiddleware.Invoke(HttpContext context)
   at Swashbuckle.AspNetCore.SwaggerUI.SwaggerUIMiddleware.Invoke(HttpContext httpContext)
   at Swashbuckle.AspNetCore.Swagger.SwaggerMiddleware.Invoke(HttpContext httpContext, ISwaggerProvider swaggerProvider)
   at CMS.API.Middleware.TenantMiddleware.InvokeAsync(HttpContext context) in C:\Users\ASUS\source\repos\CMS\src\CMS.API\Middleware\Middlewares.cs:line 26
   at CMS.API.Middleware.ExceptionMiddleware.InvokeAsync(HttpContext context) in C:\Users\ASUS\source\repos\CMS\src\CMS.API\Middleware\Middlewares.cs:line 45
2026-09-05 15:31:43.081 +03:00 [INF] Request finished HTTP/1.1 GET http://localhost:5010/api/v1/staff/doctors - 500 null application/json 38.582ms
2026-09-05 15:31:43.088 +03:00 [INF] Request starting HTTP/1.1 GET http://localhost:5010/api/v1/triage/queue?date=2026-09-05 - application/json null
2026-09-05 15:31:43.097 +03:00 [INF] Executing endpoint 'CMS.API.Controllers.TriageController.GetQueue (CMS.API)'
2026-09-05 15:31:43.099 +03:00 [INF] Route matched with {action = "GetQueue", controller = "Triage"}. Executing controller action with signature System.Threading.Tasks.Task`1[Microsoft.AspNetCore.Mvc.IActionResult] GetQueue(System.String, System.Nullable`1[System.DateTime]) on controller CMS.API.Controllers.TriageController (CMS.API).
2026-09-05 15:31:43.107 +03:00 [INF] Executing OkObjectResult, writing value of type 'CMS.Shared.DTOs.ApiResponse`1[[System.Collections.Generic.List`1[[CMS.Shared.DTOs.TriageDto, CMS.Shared, Version=1.0.0.0, Culture=neutral, PublicKeyToken=null]], System.Private.CoreLib, Version=8.0.0.0, Culture=neutral, PublicKeyToken=7cec85d7bea7798e]]'.
2026-09-05 15:31:43.111 +03:00 [INF] Executed action CMS.API.Controllers.TriageController.GetQueue (CMS.API) in 7.2075ms
2026-09-05 15:31:43.114 +03:00 [INF] Executed endpoint 'CMS.API.Controllers.TriageController.GetQueue (CMS.API)'
2026-09-05 15:31:43.117 +03:00 [INF] Request finished HTTP/1.1 GET http://localhost:5010/api/v1/triage/queue?date=2026-09-05 - 200 null application/json; charset=utf-8 29.216ms
2026-09-05 15:31:45.043 +03:00 [INF] Request starting HTTP/1.1 GET http://localhost:5010/api/v1/patients/search?q= - application/json null
2026-09-05 15:31:45.051 +03:00 [INF] Executing endpoint 'CMS.API.Controllers.PatientsController.Search (CMS.API)'
2026-09-05 15:31:45.054 +03:00 [INF] Route matched with {action = "Search", controller = "Patients"}. Executing controller action with signature System.Threading.Tasks.Task`1[Microsoft.AspNetCore.Mvc.IActionResult] Search(System.String, Int32) on controller CMS.API.Controllers.PatientsController (CMS.API).
2026-09-05 15:31:45.061 +03:00 [INF] Executing OkObjectResult, writing value of type 'CMS.Shared.DTOs.ApiResponse`1[[System.Collections.Generic.List`1[[CMS.Shared.DTOs.PatientDto, CMS.Shared, Version=1.0.0.0, Culture=neutral, PublicKeyToken=null]], System.Private.CoreLib, Version=8.0.0.0, Culture=neutral, PublicKeyToken=7cec85d7bea7798e]]'.
2026-09-05 15:31:45.065 +03:00 [INF] Executed action CMS.API.Controllers.PatientsController.Search (CMS.API) in 6.9685ms
2026-09-05 15:31:45.070 +03:00 [INF] Executed endpoint 'CMS.API.Controllers.PatientsController.Search (CMS.API)'
2026-09-05 15:31:45.073 +03:00 [INF] Request finished HTTP/1.1 GET http://localhost:5010/api/v1/patients/search?q= - 200 null application/json; charset=utf-8 30.8255ms
2026-09-05 15:31:51.759 +03:00 [INF] Request starting HTTP/1.1 GET http://localhost:5010/api/v1/triage/queue?date=2026-09-05 - application/json null
2026-09-05 15:31:51.759 +03:00 [INF] Request starting HTTP/1.1 GET http://localhost:5010/api/v1/staff/doctors - application/json null
2026-09-05 15:31:51.759 +03:00 [INF] Request starting HTTP/1.1 GET http://localhost:5010/api/v1/patients/search - application/json null
2026-09-05 15:31:51.766 +03:00 [INF] Executing endpoint 'CMS.API.Controllers.TriageController.GetQueue (CMS.API)'
2026-09-05 15:31:51.772 +03:00 [INF] Executing endpoint 'CMS.API.Controllers.StaffController.GetDoctors (CMS.API)'
2026-09-05 15:31:51.778 +03:00 [INF] Executing endpoint 'CMS.API.Controllers.PatientsController.Search (CMS.API)'
2026-09-05 15:31:51.780 +03:00 [INF] Route matched with {action = "GetQueue", controller = "Triage"}. Executing controller action with signature System.Threading.Tasks.Task`1[Microsoft.AspNetCore.Mvc.IActionResult] GetQueue(System.String, System.Nullable`1[System.DateTime]) on controller CMS.API.Controllers.TriageController (CMS.API).
2026-09-05 15:31:51.782 +03:00 [INF] Route matched with {action = "GetDoctors", controller = "Staff"}. Executing controller action with signature System.Threading.Tasks.Task`1[Microsoft.AspNetCore.Mvc.IActionResult] GetDoctors() on controller CMS.API.Controllers.StaffController (CMS.API).
2026-09-05 15:31:51.785 +03:00 [INF] Route matched with {action = "Search", controller = "Patients"}. Executing controller action with signature System.Threading.Tasks.Task`1[Microsoft.AspNetCore.Mvc.IActionResult] Search(System.String, Int32) on controller CMS.API.Controllers.PatientsController (CMS.API).
2026-09-05 15:31:51.791 +03:00 [INF] Executing OkObjectResult, writing value of type 'CMS.Shared.DTOs.ApiResponse`1[[System.Collections.Generic.List`1[[CMS.Shared.DTOs.TriageDto, CMS.Shared, Version=1.0.0.0, Culture=neutral, PublicKeyToken=null]], System.Private.CoreLib, Version=8.0.0.0, Culture=neutral, PublicKeyToken=7cec85d7bea7798e]]'.
2026-09-05 15:31:51.797 +03:00 [INF] Executed action CMS.API.Controllers.StaffController.GetDoctors (CMS.API) in 3.1756ms
2026-09-05 15:31:51.799 +03:00 [INF] Executing OkObjectResult, writing value of type 'CMS.Shared.DTOs.ApiResponse`1[[System.Collections.Generic.List`1[[CMS.Shared.DTOs.PatientDto, CMS.Shared, Version=1.0.0.0, Culture=neutral, PublicKeyToken=null]], System.Private.CoreLib, Version=8.0.0.0, Culture=neutral, PublicKeyToken=7cec85d7bea7798e]]'.
2026-09-05 15:31:51.801 +03:00 [INF] Executed action CMS.API.Controllers.TriageController.GetQueue (CMS.API) in 12.1148ms
2026-09-05 15:31:51.805 +03:00 [INF] Executed endpoint 'CMS.API.Controllers.StaffController.GetDoctors (CMS.API)'
2026-09-05 15:31:51.808 +03:00 [INF] Executed action CMS.API.Controllers.PatientsController.Search (CMS.API) in 10.4726ms
2026-09-05 15:31:51.812 +03:00 [INF] Executed endpoint 'CMS.API.Controllers.TriageController.GetQueue (CMS.API)'
2026-09-05 15:31:51.815 +03:00 [ERR] Unhandled exception encountered: A parameterless default constructor or one matching signature (System.Int32 Id, System.Int32 StaffId, System.String StaffCode, System.String DoctorName, System.String LicenseNumber, System.Int16 SpecializationId, System.String SpecializationName, System.String SubSpecialization, System.Decimal ConsultationFee, System.Boolean IsAvailable) is required for CMS.Shared.DTOs.DoctorDto materialization
System.InvalidOperationException: A parameterless default constructor or one matching signature (System.Int32 Id, System.Int32 StaffId, System.String StaffCode, System.String DoctorName, System.String LicenseNumber, System.Int16 SpecializationId, System.String SpecializationName, System.String SubSpecialization, System.Decimal ConsultationFee, System.Boolean IsAvailable) is required for CMS.Shared.DTOs.DoctorDto materialization
   at Dapper.SqlMapper.GenerateDeserializerFromMap(Type type, DbDataReader reader, Int32 startBound, Int32 length, Boolean returnNullIfFirstMissing, ILGenerator il) in /_/Dapper/SqlMapper.cs:line 3473
   at Dapper.SqlMapper.GetTypeDeserializerImpl(Type type, DbDataReader reader, Int32 startBound, Int32 length, Boolean returnNullIfFirstMissing) in /_/Dapper/SqlMapper.cs:line 3304
   at Dapper.SqlMapper.TypeDeserializerCache.GetReader(DbDataReader reader, Int32 startBound, Int32 length, Boolean returnNullIfFirstMissing) in /_/Dapper/SqlMapper.TypeDeserializerCache.cs:line 151
   at Dapper.SqlMapper.TypeDeserializerCache.GetReader(Type type, DbDataReader reader, Int32 startBound, Int32 length, Boolean returnNullIfFirstMissing) in /_/Dapper/SqlMapper.TypeDeserializerCache.cs:line 50
   at Dapper.SqlMapper.GetTypeDeserializer(Type type, DbDataReader reader, Int32 startBound, Int32 length, Boolean returnNullIfFirstMissing) in /_/Dapper/SqlMapper.cs:line 3258
   at Dapper.SqlMapper.GetDeserializer(Type type, DbDataReader reader, Int32 startBound, Int32 length, Boolean returnNullIfFirstMissing) in /_/Dapper/SqlMapper.cs:line 1945
   at Dapper.SqlMapper.QueryAsync[T](IDbConnection cnn, Type effectiveType, CommandDefinition command) in /_/Dapper/SqlMapper.Async.cs:line 442
   at CMS.Application.StaffServices.StaffAndDoctorService.GetDoctorsAsync(Byte tenantId) in C:\Users\ASUS\source\repos\CMS\src\CMS.Application\StaffServices\StaffAndDoctorService.cs:line 35
   at CMS.API.Controllers.StaffController.GetDoctors() in C:\Users\ASUS\source\repos\CMS\src\CMS.API\Controllers\ClinicalControllers.cs:line 24
   at Microsoft.AspNetCore.Mvc.Infrastructure.ActionMethodExecutor.TaskOfIActionResultExecutor.Execute(ActionContext actionContext, IActionResultTypeMapper mapper, ObjectMethodExecutor executor, Object controller, Object[] arguments)
   at Microsoft.AspNetCore.Mvc.Infrastructure.ControllerActionInvoker.<InvokeActionMethodAsync>g__Awaited|12_0(ControllerActionInvoker invoker, ValueTask`1 actionResultValueTask)
   at Microsoft.AspNetCore.Mvc.Infrastructure.ControllerActionInvoker.<InvokeNextActionFilterAsync>g__Awaited|10_0(ControllerActionInvoker invoker, Task lastTask, State next, Scope scope, Object state, Boolean isCompleted)
   at Microsoft.AspNetCore.Mvc.Infrastructure.ControllerActionInvoker.Rethrow(ActionExecutedContextSealed context)
   at Microsoft.AspNetCore.Mvc.Infrastructure.ControllerActionInvoker.Next(State& next, Scope& scope, Object& state, Boolean& isCompleted)
   at Microsoft.AspNetCore.Mvc.Infrastructure.ControllerActionInvoker.<InvokeInnerFilterAsync>g__Awaited|13_0(ControllerActionInvoker invoker, Task lastTask, State next, Scope scope, Object state, Boolean isCompleted)
   at Microsoft.AspNetCore.Mvc.Infrastructure.ResourceInvoker.<InvokeFilterPipelineAsync>g__Awaited|20_0(ResourceInvoker invoker, Task lastTask, State next, Scope scope, Object state, Boolean isCompleted)
   at Microsoft.AspNetCore.Mvc.Infrastructure.ResourceInvoker.<InvokeAsync>g__Logged|17_1(ResourceInvoker invoker)
   at Microsoft.AspNetCore.Mvc.Infrastructure.ResourceInvoker.<InvokeAsync>g__Logged|17_1(ResourceInvoker invoker)
   at Microsoft.AspNetCore.Routing.EndpointMiddleware.<Invoke>g__AwaitRequestTask|7_0(Endpoint endpoint, Task requestTask, ILogger logger)
   at Microsoft.AspNetCore.Authorization.AuthorizationMiddleware.Invoke(HttpContext context)
   at Microsoft.AspNetCore.Authentication.AuthenticationMiddleware.Invoke(HttpContext context)
   at Swashbuckle.AspNetCore.SwaggerUI.SwaggerUIMiddleware.Invoke(HttpContext httpContext)
   at Swashbuckle.AspNetCore.Swagger.SwaggerMiddleware.Invoke(HttpContext httpContext, ISwaggerProvider swaggerProvider)
   at CMS.API.Middleware.TenantMiddleware.InvokeAsync(HttpContext context) in C:\Users\ASUS\source\repos\CMS\src\CMS.API\Middleware\Middlewares.cs:line 26
   at CMS.API.Middleware.ExceptionMiddleware.InvokeAsync(HttpContext context) in C:\Users\ASUS\source\repos\CMS\src\CMS.API\Middleware\Middlewares.cs:line 45
2026-09-05 15:31:51.817 +03:00 [INF] Executed endpoint 'CMS.API.Controllers.PatientsController.Search (CMS.API)'
2026-09-05 15:31:51.819 +03:00 [INF] Request finished HTTP/1.1 GET http://localhost:5010/api/v1/triage/queue?date=2026-09-05 - 200 null application/json; charset=utf-8 60.5033ms
2026-09-05 15:31:51.833 +03:00 [INF] Request finished HTTP/1.1 GET http://localhost:5010/api/v1/staff/doctors - 500 null application/json 74.3165ms
2026-09-05 15:31:51.834 +03:00 [INF] Request finished HTTP/1.1 GET http://localhost:5010/api/v1/patients/search - 200 null application/json; charset=utf-8 75.1168ms
2026-09-05 15:31:52.017 +03:00 [INF] Request starting HTTP/1.1 GET http://localhost:5010/api/v1/triage/queue?date=2026-09-05 - application/json null
2026-09-05 15:31:52.025 +03:00 [INF] Executing endpoint 'CMS.API.Controllers.TriageController.GetQueue (CMS.API)'
2026-09-05 15:31:52.027 +03:00 [INF] Route matched with {action = "GetQueue", controller = "Triage"}. Executing controller action with signature System.Threading.Tasks.Task`1[Microsoft.AspNetCore.Mvc.IActionResult] GetQueue(System.String, System.Nullable`1[System.DateTime]) on controller CMS.API.Controllers.TriageController (CMS.API).
2026-09-05 15:31:52.033 +03:00 [INF] Executing OkObjectResult, writing value of type 'CMS.Shared.DTOs.ApiResponse`1[[System.Collections.Generic.List`1[[CMS.Shared.DTOs.TriageDto, CMS.Shared, Version=1.0.0.0, Culture=neutral, PublicKeyToken=null]], System.Private.CoreLib, Version=8.0.0.0, Culture=neutral, PublicKeyToken=7cec85d7bea7798e]]'.
2026-09-05 15:31:52.036 +03:00 [INF] Executed action CMS.API.Controllers.TriageController.GetQueue (CMS.API) in 5.0696ms
2026-09-05 15:31:52.039 +03:00 [INF] Executed endpoint 'CMS.API.Controllers.TriageController.GetQueue (CMS.API)'
2026-09-05 15:31:52.041 +03:00 [INF] Request finished HTTP/1.1 GET http://localhost:5010/api/v1/triage/queue?date=2026-09-05 - 200 null application/json; charset=utf-8 24.6665ms
2026-09-05 15:31:52.109 +03:00 [INF] Request starting HTTP/1.1 GET http://localhost:5010/api/v1/patients/search - application/json null
2026-09-05 15:31:52.115 +03:00 [INF] Executing endpoint 'CMS.API.Controllers.PatientsController.Search (CMS.API)'
2026-09-05 15:31:52.118 +03:00 [INF] Route matched with {action = "Search", controller = "Patients"}. Executing controller action with signature System.Threading.Tasks.Task`1[Microsoft.AspNetCore.Mvc.IActionResult] Search(System.String, Int32) on controller CMS.API.Controllers.PatientsController (CMS.API).
2026-09-05 15:31:52.123 +03:00 [INF] Executing OkObjectResult, writing value of type 'CMS.Shared.DTOs.ApiResponse`1[[System.Collections.Generic.List`1[[CMS.Shared.DTOs.PatientDto, CMS.Shared, Version=1.0.0.0, Culture=neutral, PublicKeyToken=null]], System.Private.CoreLib, Version=8.0.0.0, Culture=neutral, PublicKeyToken=7cec85d7bea7798e]]'.
2026-09-05 15:31:52.125 +03:00 [INF] Request starting HTTP/1.1 GET http://localhost:5010/api/v1/staff/doctors - application/json null
2026-09-05 15:31:52.126 +03:00 [INF] Executed action CMS.API.Controllers.PatientsController.Search (CMS.API) in 4.571ms
2026-09-05 15:31:52.132 +03:00 [INF] Executing endpoint 'CMS.API.Controllers.StaffController.GetDoctors (CMS.API)'
2026-09-05 15:31:52.134 +03:00 [INF] Executed endpoint 'CMS.API.Controllers.PatientsController.Search (CMS.API)'
2026-09-05 15:31:52.136 +03:00 [INF] Route matched with {action = "GetDoctors", controller = "Staff"}. Executing controller action with signature System.Threading.Tasks.Task`1[Microsoft.AspNetCore.Mvc.IActionResult] GetDoctors() on controller CMS.API.Controllers.StaffController (CMS.API).
2026-09-05 15:31:52.139 +03:00 [INF] Request finished HTTP/1.1 GET http://localhost:5010/api/v1/patients/search - 200 null application/json; charset=utf-8 29.2783ms
2026-09-05 15:31:52.145 +03:00 [INF] Executed action CMS.API.Controllers.StaffController.GetDoctors (CMS.API) in 2.146ms
2026-09-05 15:31:52.152 +03:00 [INF] Executed endpoint 'CMS.API.Controllers.StaffController.GetDoctors (CMS.API)'
2026-09-05 15:31:52.154 +03:00 [ERR] Unhandled exception encountered: A parameterless default constructor or one matching signature (System.Int32 Id, System.Int32 StaffId, System.String StaffCode, System.String DoctorName, System.String LicenseNumber, System.Int16 SpecializationId, System.String SpecializationName, System.String SubSpecialization, System.Decimal ConsultationFee, System.Boolean IsAvailable) is required for CMS.Shared.DTOs.DoctorDto materialization
System.InvalidOperationException: A parameterless default constructor or one matching signature (System.Int32 Id, System.Int32 StaffId, System.String StaffCode, System.String DoctorName, System.String LicenseNumber, System.Int16 SpecializationId, System.String SpecializationName, System.String SubSpecialization, System.Decimal ConsultationFee, System.Boolean IsAvailable) is required for CMS.Shared.DTOs.DoctorDto materialization
   at Dapper.SqlMapper.GenerateDeserializerFromMap(Type type, DbDataReader reader, Int32 startBound, Int32 length, Boolean returnNullIfFirstMissing, ILGenerator il) in /_/Dapper/SqlMapper.cs:line 3473
   at Dapper.SqlMapper.GetTypeDeserializerImpl(Type type, DbDataReader reader, Int32 startBound, Int32 length, Boolean returnNullIfFirstMissing) in /_/Dapper/SqlMapper.cs:line 3304
   at Dapper.SqlMapper.TypeDeserializerCache.GetReader(DbDataReader reader, Int32 startBound, Int32 length, Boolean returnNullIfFirstMissing) in /_/Dapper/SqlMapper.TypeDeserializerCache.cs:line 151
   at Dapper.SqlMapper.TypeDeserializerCache.GetReader(Type type, DbDataReader reader, Int32 startBound, Int32 length, Boolean returnNullIfFirstMissing) in /_/Dapper/SqlMapper.TypeDeserializerCache.cs:line 50
   at Dapper.SqlMapper.GetTypeDeserializer(Type type, DbDataReader reader, Int32 startBound, Int32 length, Boolean returnNullIfFirstMissing) in /_/Dapper/SqlMapper.cs:line 3258
   at Dapper.SqlMapper.GetDeserializer(Type type, DbDataReader reader, Int32 startBound, Int32 length, Boolean returnNullIfFirstMissing) in /_/Dapper/SqlMapper.cs:line 1945
   at Dapper.SqlMapper.QueryAsync[T](IDbConnection cnn, Type effectiveType, CommandDefinition command) in /_/Dapper/SqlMapper.Async.cs:line 442
   at CMS.Application.StaffServices.StaffAndDoctorService.GetDoctorsAsync(Byte tenantId) in C:\Users\ASUS\source\repos\CMS\src\CMS.Application\StaffServices\StaffAndDoctorService.cs:line 35
   at CMS.API.Controllers.StaffController.GetDoctors() in C:\Users\ASUS\source\repos\CMS\src\CMS.API\Controllers\ClinicalControllers.cs:line 24
   at Microsoft.AspNetCore.Mvc.Infrastructure.ActionMethodExecutor.TaskOfIActionResultExecutor.Execute(ActionContext actionContext, IActionResultTypeMapper mapper, ObjectMethodExecutor executor, Object controller, Object[] arguments)
   at Microsoft.AspNetCore.Mvc.Infrastructure.ControllerActionInvoker.<InvokeActionMethodAsync>g__Awaited|12_0(ControllerActionInvoker invoker, ValueTask`1 actionResultValueTask)
   at Microsoft.AspNetCore.Mvc.Infrastructure.ControllerActionInvoker.<InvokeNextActionFilterAsync>g__Awaited|10_0(ControllerActionInvoker invoker, Task lastTask, State next, Scope scope, Object state, Boolean isCompleted)
   at Microsoft.AspNetCore.Mvc.Infrastructure.ControllerActionInvoker.Rethrow(ActionExecutedContextSealed context)
   at Microsoft.AspNetCore.Mvc.Infrastructure.ControllerActionInvoker.Next(State& next, Scope& scope, Object& state, Boolean& isCompleted)
   at Microsoft.AspNetCore.Mvc.Infrastructure.ControllerActionInvoker.<InvokeInnerFilterAsync>g__Awaited|13_0(ControllerActionInvoker invoker, Task lastTask, State next, Scope scope, Object state, Boolean isCompleted)
   at Microsoft.AspNetCore.Mvc.Infrastructure.ResourceInvoker.<InvokeFilterPipelineAsync>g__Awaited|20_0(ResourceInvoker invoker, Task lastTask, State next, Scope scope, Object state, Boolean isCompleted)
   at Microsoft.AspNetCore.Mvc.Infrastructure.ResourceInvoker.<InvokeAsync>g__Logged|17_1(ResourceInvoker invoker)
   at Microsoft.AspNetCore.Mvc.Infrastructure.ResourceInvoker.<InvokeAsync>g__Logged|17_1(ResourceInvoker invoker)
   at Microsoft.AspNetCore.Routing.EndpointMiddleware.<Invoke>g__AwaitRequestTask|7_0(Endpoint endpoint, Task requestTask, ILogger logger)
   at Microsoft.AspNetCore.Authorization.AuthorizationMiddleware.Invoke(HttpContext context)
   at Microsoft.AspNetCore.Authentication.AuthenticationMiddleware.Invoke(HttpContext context)
   at Swashbuckle.AspNetCore.SwaggerUI.SwaggerUIMiddleware.Invoke(HttpContext httpContext)
   at Swashbuckle.AspNetCore.Swagger.SwaggerMiddleware.Invoke(HttpContext httpContext, ISwaggerProvider swaggerProvider)
   at CMS.API.Middleware.TenantMiddleware.InvokeAsync(HttpContext context) in C:\Users\ASUS\source\repos\CMS\src\CMS.API\Middleware\Middlewares.cs:line 26
   at CMS.API.Middleware.ExceptionMiddleware.InvokeAsync(HttpContext context) in C:\Users\ASUS\source\repos\CMS\src\CMS.API\Middleware\Middlewares.cs:line 45
2026-09-05 15:31:52.169 +03:00 [INF] Request finished HTTP/1.1 GET http://localhost:5010/api/v1/staff/doctors - 500 null application/json 44.1523ms
2026-09-05 15:31:58.088 +03:00 [INF] Request starting HTTP/1.1 POST http://localhost:5010/api/v1/triage - application/json 134
2026-09-05 15:31:58.097 +03:00 [INF] CORS policy execution successful.
2026-09-05 15:31:58.099 +03:00 [INF] Executing endpoint 'CMS.API.Controllers.TriageController.RecordTriage (CMS.API)'
2026-09-05 15:31:58.102 +03:00 [INF] Route matched with {action = "RecordTriage", controller = "Triage"}. Executing controller action with signature System.Threading.Tasks.Task`1[Microsoft.AspNetCore.Mvc.IActionResult] RecordTriage(CMS.Shared.DTOs.RecordTriageDto) on controller CMS.API.Controllers.TriageController (CMS.API).
2026-09-05 15:31:58.118 +03:00 [INF] Executing OkObjectResult, writing value of type 'CMS.Shared.DTOs.ApiResponse`1[[System.Object, System.Private.CoreLib, Version=8.0.0.0, Culture=neutral, PublicKeyToken=7cec85d7bea7798e]]'.
2026-09-05 15:31:58.122 +03:00 [INF] Executed action CMS.API.Controllers.TriageController.RecordTriage (CMS.API) in 14.683ms
2026-09-05 15:31:58.126 +03:00 [INF] Executed endpoint 'CMS.API.Controllers.TriageController.RecordTriage (CMS.API)'
2026-09-05 15:31:58.128 +03:00 [INF] Request finished HTTP/1.1 POST http://localhost:5010/api/v1/triage - 200 null application/json; charset=utf-8 40.6949ms
2026-09-05 15:31:58.443 +03:00 [INF] Request starting HTTP/1.1 GET http://localhost:5010/api/v1/triage/queue?date=2026-09-05 - application/json null
2026-09-05 15:31:58.443 +03:00 [INF] Request starting HTTP/1.1 GET http://localhost:5010/api/v1/staff/doctors - application/json null
2026-09-05 15:31:58.443 +03:00 [INF] Request starting HTTP/1.1 GET http://localhost:5010/api/v1/patients/search - application/json null
2026-09-05 15:31:58.450 +03:00 [INF] Executing endpoint 'CMS.API.Controllers.TriageController.GetQueue (CMS.API)'
2026-09-05 15:31:58.458 +03:00 [INF] Executing endpoint 'CMS.API.Controllers.StaffController.GetDoctors (CMS.API)'
2026-09-05 15:31:58.463 +03:00 [INF] Executing endpoint 'CMS.API.Controllers.PatientsController.Search (CMS.API)'
2026-09-05 15:31:58.465 +03:00 [INF] Route matched with {action = "GetQueue", controller = "Triage"}. Executing controller action with signature System.Threading.Tasks.Task`1[Microsoft.AspNetCore.Mvc.IActionResult] GetQueue(System.String, System.Nullable`1[System.DateTime]) on controller CMS.API.Controllers.TriageController (CMS.API).
2026-09-05 15:31:58.467 +03:00 [INF] Route matched with {action = "GetDoctors", controller = "Staff"}. Executing controller action with signature System.Threading.Tasks.Task`1[Microsoft.AspNetCore.Mvc.IActionResult] GetDoctors() on controller CMS.API.Controllers.StaffController (CMS.API).
2026-09-05 15:31:58.469 +03:00 [INF] Route matched with {action = "Search", controller = "Patients"}. Executing controller action with signature System.Threading.Tasks.Task`1[Microsoft.AspNetCore.Mvc.IActionResult] Search(System.String, Int32) on controller CMS.API.Controllers.PatientsController (CMS.API).
2026-09-05 15:31:58.475 +03:00 [INF] Executing OkObjectResult, writing value of type 'CMS.Shared.DTOs.ApiResponse`1[[System.Collections.Generic.List`1[[CMS.Shared.DTOs.TriageDto, CMS.Shared, Version=1.0.0.0, Culture=neutral, PublicKeyToken=null]], System.Private.CoreLib, Version=8.0.0.0, Culture=neutral, PublicKeyToken=7cec85d7bea7798e]]'.
2026-09-05 15:31:58.480 +03:00 [INF] Executed action CMS.API.Controllers.StaffController.GetDoctors (CMS.API) in 2.4814ms
2026-09-05 15:31:58.483 +03:00 [INF] Executing OkObjectResult, writing value of type 'CMS.Shared.DTOs.ApiResponse`1[[System.Collections.Generic.List`1[[CMS.Shared.DTOs.PatientDto, CMS.Shared, Version=1.0.0.0, Culture=neutral, PublicKeyToken=null]], System.Private.CoreLib, Version=8.0.0.0, Culture=neutral, PublicKeyToken=7cec85d7bea7798e]]'.
2026-09-05 15:31:58.486 +03:00 [INF] Executed action CMS.API.Controllers.TriageController.GetQueue (CMS.API) in 12.7605ms
2026-09-05 15:31:58.489 +03:00 [INF] Executed endpoint 'CMS.API.Controllers.StaffController.GetDoctors (CMS.API)'
2026-09-05 15:31:58.491 +03:00 [INF] Executed action CMS.API.Controllers.PatientsController.Search (CMS.API) in 9.7213ms
2026-09-05 15:31:58.494 +03:00 [INF] Executed endpoint 'CMS.API.Controllers.TriageController.GetQueue (CMS.API)'
2026-09-05 15:31:58.497 +03:00 [ERR] Unhandled exception encountered: A parameterless default constructor or one matching signature (System.Int32 Id, System.Int32 StaffId, System.String StaffCode, System.String DoctorName, System.String LicenseNumber, System.Int16 SpecializationId, System.String SpecializationName, System.String SubSpecialization, System.Decimal ConsultationFee, System.Boolean IsAvailable) is required for CMS.Shared.DTOs.DoctorDto materialization
System.InvalidOperationException: A parameterless default constructor or one matching signature (System.Int32 Id, System.Int32 StaffId, System.String StaffCode, System.String DoctorName, System.String LicenseNumber, System.Int16 SpecializationId, System.String SpecializationName, System.String SubSpecialization, System.Decimal ConsultationFee, System.Boolean IsAvailable) is required for CMS.Shared.DTOs.DoctorDto materialization
   at Dapper.SqlMapper.GenerateDeserializerFromMap(Type type, DbDataReader reader, Int32 startBound, Int32 length, Boolean returnNullIfFirstMissing, ILGenerator il) in /_/Dapper/SqlMapper.cs:line 3473
   at Dapper.SqlMapper.GetTypeDeserializerImpl(Type type, DbDataReader reader, Int32 startBound, Int32 length, Boolean returnNullIfFirstMissing) in /_/Dapper/SqlMapper.cs:line 3304
   at Dapper.SqlMapper.TypeDeserializerCache.GetReader(DbDataReader reader, Int32 startBound, Int32 length, Boolean returnNullIfFirstMissing) in /_/Dapper/SqlMapper.TypeDeserializerCache.cs:line 151
   at Dapper.SqlMapper.TypeDeserializerCache.GetReader(Type type, DbDataReader reader, Int32 startBound, Int32 length, Boolean returnNullIfFirstMissing) in /_/Dapper/SqlMapper.TypeDeserializerCache.cs:line 50
   at Dapper.SqlMapper.GetTypeDeserializer(Type type, DbDataReader reader, Int32 startBound, Int32 length, Boolean returnNullIfFirstMissing) in /_/Dapper/SqlMapper.cs:line 3258
   at Dapper.SqlMapper.GetDeserializer(Type type, DbDataReader reader, Int32 startBound, Int32 length, Boolean returnNullIfFirstMissing) in /_/Dapper/SqlMapper.cs:line 1945
   at Dapper.SqlMapper.QueryAsync[T](IDbConnection cnn, Type effectiveType, CommandDefinition command) in /_/Dapper/SqlMapper.Async.cs:line 442
   at CMS.Application.StaffServices.StaffAndDoctorService.GetDoctorsAsync(Byte tenantId) in C:\Users\ASUS\source\repos\CMS\src\CMS.Application\StaffServices\StaffAndDoctorService.cs:line 35
   at CMS.API.Controllers.StaffController.GetDoctors() in C:\Users\ASUS\source\repos\CMS\src\CMS.API\Controllers\ClinicalControllers.cs:line 24
   at Microsoft.AspNetCore.Mvc.Infrastructure.ActionMethodExecutor.TaskOfIActionResultExecutor.Execute(ActionContext actionContext, IActionResultTypeMapper mapper, ObjectMethodExecutor executor, Object controller, Object[] arguments)
   at Microsoft.AspNetCore.Mvc.Infrastructure.ControllerActionInvoker.<InvokeActionMethodAsync>g__Awaited|12_0(ControllerActionInvoker invoker, ValueTask`1 actionResultValueTask)
   at Microsoft.AspNetCore.Mvc.Infrastructure.ControllerActionInvoker.<InvokeNextActionFilterAsync>g__Awaited|10_0(ControllerActionInvoker invoker, Task lastTask, State next, Scope scope, Object state, Boolean isCompleted)
   at Microsoft.AspNetCore.Mvc.Infrastructure.ControllerActionInvoker.Rethrow(ActionExecutedContextSealed context)
   at Microsoft.AspNetCore.Mvc.Infrastructure.ControllerActionInvoker.Next(State& next, Scope& scope, Object& state, Boolean& isCompleted)
   at Microsoft.AspNetCore.Mvc.Infrastructure.ControllerActionInvoker.<InvokeInnerFilterAsync>g__Awaited|13_0(ControllerActionInvoker invoker, Task lastTask, State next, Scope scope, Object state, Boolean isCompleted)
   at Microsoft.AspNetCore.Mvc.Infrastructure.ResourceInvoker.<InvokeFilterPipelineAsync>g__Awaited|20_0(ResourceInvoker invoker, Task lastTask, State next, Scope scope, Object state, Boolean isCompleted)
   at Microsoft.AspNetCore.Mvc.Infrastructure.ResourceInvoker.<InvokeAsync>g__Logged|17_1(ResourceInvoker invoker)
   at Microsoft.AspNetCore.Mvc.Infrastructure.ResourceInvoker.<InvokeAsync>g__Logged|17_1(ResourceInvoker invoker)
   at Microsoft.AspNetCore.Routing.EndpointMiddleware.<Invoke>g__AwaitRequestTask|7_0(Endpoint endpoint, Task requestTask, ILogger logger)
   at Microsoft.AspNetCore.Authorization.AuthorizationMiddleware.Invoke(HttpContext context)
   at Microsoft.AspNetCore.Authentication.AuthenticationMiddleware.Invoke(HttpContext context)
   at Swashbuckle.AspNetCore.SwaggerUI.SwaggerUIMiddleware.Invoke(HttpContext httpContext)
   at Swashbuckle.AspNetCore.Swagger.SwaggerMiddleware.Invoke(HttpContext httpContext, ISwaggerProvider swaggerProvider)
   at CMS.API.Middleware.TenantMiddleware.InvokeAsync(HttpContext context) in C:\Users\ASUS\source\repos\CMS\src\CMS.API\Middleware\Middlewares.cs:line 26
   at CMS.API.Middleware.ExceptionMiddleware.InvokeAsync(HttpContext context) in C:\Users\ASUS\source\repos\CMS\src\CMS.API\Middleware\Middlewares.cs:line 45
2026-09-05 15:31:58.499 +03:00 [INF] Executed endpoint 'CMS.API.Controllers.PatientsController.Search (CMS.API)'
2026-09-05 15:31:58.501 +03:00 [INF] Request finished HTTP/1.1 GET http://localhost:5010/api/v1/triage/queue?date=2026-09-05 - 200 null application/json; charset=utf-8 58.5997ms
2026-09-05 15:31:58.516 +03:00 [INF] Request finished HTTP/1.1 GET http://localhost:5010/api/v1/staff/doctors - 500 null application/json 73.6171ms
2026-09-05 15:31:58.517 +03:00 [INF] Request finished HTTP/1.1 GET http://localhost:5010/api/v1/patients/search - 200 null application/json; charset=utf-8 74.1797ms
2026-09-05 15:33:47.922 +03:00 [INF] Request starting HTTP/1.1 POST http://localhost:5010/api/v1/triage - application/json 334
2026-09-05 15:33:47.933 +03:00 [INF] CORS policy execution successful.
2026-09-05 15:33:47.936 +03:00 [INF] Executing endpoint 'CMS.API.Controllers.TriageController.RecordTriage (CMS.API)'
2026-09-05 15:33:47.939 +03:00 [INF] Route matched with {action = "RecordTriage", controller = "Triage"}. Executing controller action with signature System.Threading.Tasks.Task`1[Microsoft.AspNetCore.Mvc.IActionResult] RecordTriage(CMS.Shared.DTOs.RecordTriageDto) on controller CMS.API.Controllers.TriageController (CMS.API).
2026-09-05 15:33:47.990 +03:00 [INF] Executing OkObjectResult, writing value of type 'CMS.Shared.DTOs.ApiResponse`1[[System.Object, System.Private.CoreLib, Version=8.0.0.0, Culture=neutral, PublicKeyToken=7cec85d7bea7798e]]'.
2026-09-05 15:33:47.995 +03:00 [INF] Executed action CMS.API.Controllers.TriageController.RecordTriage (CMS.API) in 49.3805ms
2026-09-05 15:33:48.000 +03:00 [INF] Executed endpoint 'CMS.API.Controllers.TriageController.RecordTriage (CMS.API)'
2026-09-05 15:33:48.002 +03:00 [INF] Request finished HTTP/1.1 POST http://localhost:5010/api/v1/triage - 200 null application/json; charset=utf-8 80.1473ms
2026-09-05 15:33:48.184 +03:00 [INF] Request starting HTTP/1.1 GET http://localhost:5010/api/v1/triage/queue?date=2026-09-05 - application/json null
2026-09-05 15:33:48.193 +03:00 [INF] Executing endpoint 'CMS.API.Controllers.TriageController.GetQueue (CMS.API)'
2026-09-05 15:33:48.198 +03:00 [INF] Route matched with {action = "GetQueue", controller = "Triage"}. Executing controller action with signature System.Threading.Tasks.Task`1[Microsoft.AspNetCore.Mvc.IActionResult] GetQueue(System.String, System.Nullable`1[System.DateTime]) on controller CMS.API.Controllers.TriageController (CMS.API).
2026-09-05 15:33:48.256 +03:00 [INF] Executing OkObjectResult, writing value of type 'CMS.Shared.DTOs.ApiResponse`1[[System.Collections.Generic.List`1[[CMS.Shared.DTOs.TriageDto, CMS.Shared, Version=1.0.0.0, Culture=neutral, PublicKeyToken=null]], System.Private.CoreLib, Version=8.0.0.0, Culture=neutral, PublicKeyToken=7cec85d7bea7798e]]'.
2026-09-05 15:33:48.261 +03:00 [INF] Executed action CMS.API.Controllers.TriageController.GetQueue (CMS.API) in 55.1283ms
2026-09-05 15:33:48.264 +03:00 [INF] Executed endpoint 'CMS.API.Controllers.TriageController.GetQueue (CMS.API)'
2026-09-05 15:33:48.267 +03:00 [INF] Request finished HTTP/1.1 GET http://localhost:5010/api/v1/triage/queue?date=2026-09-05 - 200 null application/json; charset=utf-8 82.832ms
2026-09-05 15:33:48.325 +03:00 [INF] Request starting HTTP/1.1 GET http://localhost:5010/api/v1/staff/doctors - application/json null
2026-09-05 15:33:48.326 +03:00 [INF] Request starting HTTP/1.1 GET http://localhost:5010/api/v1/patients/search - application/json null
2026-09-05 15:33:48.334 +03:00 [INF] Executing endpoint 'CMS.API.Controllers.StaffController.GetDoctors (CMS.API)'
2026-09-05 15:33:48.341 +03:00 [INF] Executing endpoint 'CMS.API.Controllers.PatientsController.Search (CMS.API)'
2026-09-05 15:33:48.343 +03:00 [INF] Route matched with {action = "GetDoctors", controller = "Staff"}. Executing controller action with signature System.Threading.Tasks.Task`1[Microsoft.AspNetCore.Mvc.IActionResult] GetDoctors() on controller CMS.API.Controllers.StaffController (CMS.API).
2026-09-05 15:33:48.346 +03:00 [INF] Route matched with {action = "Search", controller = "Patients"}. Executing controller action with signature System.Threading.Tasks.Task`1[Microsoft.AspNetCore.Mvc.IActionResult] Search(System.String, Int32) on controller CMS.API.Controllers.PatientsController (CMS.API).
2026-09-05 15:33:48.359 +03:00 [INF] Executing OkObjectResult, writing value of type 'CMS.Shared.DTOs.ApiResponse`1[[System.Collections.Generic.List`1[[CMS.Shared.DTOs.PatientDto, CMS.Shared, Version=1.0.0.0, Culture=neutral, PublicKeyToken=null]], System.Private.CoreLib, Version=8.0.0.0, Culture=neutral, PublicKeyToken=7cec85d7bea7798e]]'.
2026-09-05 15:33:48.363 +03:00 [INF] Executed action CMS.API.Controllers.PatientsController.Search (CMS.API) in 5.992ms
2026-09-05 15:33:48.367 +03:00 [INF] Executed endpoint 'CMS.API.Controllers.PatientsController.Search (CMS.API)'
2026-09-05 15:33:48.369 +03:00 [INF] Request finished HTTP/1.1 GET http://localhost:5010/api/v1/patients/search - 200 null application/json; charset=utf-8 43.7493ms
2026-09-05 15:33:48.371 +03:00 [INF] Executed action CMS.API.Controllers.StaffController.GetDoctors (CMS.API) in 19.0604ms
2026-09-05 15:33:48.380 +03:00 [INF] Executed endpoint 'CMS.API.Controllers.StaffController.GetDoctors (CMS.API)'
2026-09-05 15:33:48.383 +03:00 [ERR] Unhandled exception encountered: A parameterless default constructor or one matching signature (System.Int32 Id, System.Int32 StaffId, System.String StaffCode, System.String DoctorName, System.String LicenseNumber, System.Int16 SpecializationId, System.String SpecializationName, System.String SubSpecialization, System.Decimal ConsultationFee, System.Boolean IsAvailable) is required for CMS.Shared.DTOs.DoctorDto materialization
System.InvalidOperationException: A parameterless default constructor or one matching signature (System.Int32 Id, System.Int32 StaffId, System.String StaffCode, System.String DoctorName, System.String LicenseNumber, System.Int16 SpecializationId, System.String SpecializationName, System.String SubSpecialization, System.Decimal ConsultationFee, System.Boolean IsAvailable) is required for CMS.Shared.DTOs.DoctorDto materialization
   at Dapper.SqlMapper.GenerateDeserializerFromMap(Type type, DbDataReader reader, Int32 startBound, Int32 length, Boolean returnNullIfFirstMissing, ILGenerator il) in /_/Dapper/SqlMapper.cs:line 3473
   at Dapper.SqlMapper.GetTypeDeserializerImpl(Type type, DbDataReader reader, Int32 startBound, Int32 length, Boolean returnNullIfFirstMissing) in /_/Dapper/SqlMapper.cs:line 3304
   at Dapper.SqlMapper.TypeDeserializerCache.GetReader(DbDataReader reader, Int32 startBound, Int32 length, Boolean returnNullIfFirstMissing) in /_/Dapper/SqlMapper.TypeDeserializerCache.cs:line 151
   at Dapper.SqlMapper.TypeDeserializerCache.GetReader(Type type, DbDataReader reader, Int32 startBound, Int32 length, Boolean returnNullIfFirstMissing) in /_/Dapper/SqlMapper.TypeDeserializerCache.cs:line 50
   at Dapper.SqlMapper.GetTypeDeserializer(Type type, DbDataReader reader, Int32 startBound, Int32 length, Boolean returnNullIfFirstMissing) in /_/Dapper/SqlMapper.cs:line 3258
   at Dapper.SqlMapper.GetDeserializer(Type type, DbDataReader reader, Int32 startBound, Int32 length, Boolean returnNullIfFirstMissing) in /_/Dapper/SqlMapper.cs:line 1945
   at Dapper.SqlMapper.QueryAsync[T](IDbConnection cnn, Type effectiveType, CommandDefinition command) in /_/Dapper/SqlMapper.Async.cs:line 442
   at CMS.Application.StaffServices.StaffAndDoctorService.GetDoctorsAsync(Byte tenantId) in C:\Users\ASUS\source\repos\CMS\src\CMS.Application\StaffServices\StaffAndDoctorService.cs:line 35
   at CMS.API.Controllers.StaffController.GetDoctors() in C:\Users\ASUS\source\repos\CMS\src\CMS.API\Controllers\ClinicalControllers.cs:line 24
   at Microsoft.AspNetCore.Mvc.Infrastructure.ActionMethodExecutor.TaskOfIActionResultExecutor.Execute(ActionContext actionContext, IActionResultTypeMapper mapper, ObjectMethodExecutor executor, Object controller, Object[] arguments)
   at Microsoft.AspNetCore.Mvc.Infrastructure.ControllerActionInvoker.<InvokeActionMethodAsync>g__Awaited|12_0(ControllerActionInvoker invoker, ValueTask`1 actionResultValueTask)
   at Microsoft.AspNetCore.Mvc.Infrastructure.ControllerActionInvoker.<InvokeNextActionFilterAsync>g__Awaited|10_0(ControllerActionInvoker invoker, Task lastTask, State next, Scope scope, Object state, Boolean isCompleted)
   at Microsoft.AspNetCore.Mvc.Infrastructure.ControllerActionInvoker.Rethrow(ActionExecutedContextSealed context)
   at Microsoft.AspNetCore.Mvc.Infrastructure.ControllerActionInvoker.Next(State& next, Scope& scope, Object& state, Boolean& isCompleted)
   at Microsoft.AspNetCore.Mvc.Infrastructure.ControllerActionInvoker.<InvokeInnerFilterAsync>g__Awaited|13_0(ControllerActionInvoker invoker, Task lastTask, State next, Scope scope, Object state, Boolean isCompleted)
   at Microsoft.AspNetCore.Mvc.Infrastructure.ResourceInvoker.<InvokeFilterPipelineAsync>g__Awaited|20_0(ResourceInvoker invoker, Task lastTask, State next, Scope scope, Object state, Boolean isCompleted)
   at Microsoft.AspNetCore.Mvc.Infrastructure.ResourceInvoker.<InvokeAsync>g__Logged|17_1(ResourceInvoker invoker)
   at Microsoft.AspNetCore.Mvc.Infrastructure.ResourceInvoker.<InvokeAsync>g__Logged|17_1(ResourceInvoker invoker)
   at Microsoft.AspNetCore.Routing.EndpointMiddleware.<Invoke>g__AwaitRequestTask|7_0(Endpoint endpoint, Task requestTask, ILogger logger)
   at Microsoft.AspNetCore.Authorization.AuthorizationMiddleware.Invoke(HttpContext context)
   at Microsoft.AspNetCore.Authentication.AuthenticationMiddleware.Invoke(HttpContext context)
   at Swashbuckle.AspNetCore.SwaggerUI.SwaggerUIMiddleware.Invoke(HttpContext httpContext)
   at Swashbuckle.AspNetCore.Swagger.SwaggerMiddleware.Invoke(HttpContext httpContext, ISwaggerProvider swaggerProvider)
   at CMS.API.Middleware.TenantMiddleware.InvokeAsync(HttpContext context) in C:\Users\ASUS\source\repos\CMS\src\CMS.API\Middleware\Middlewares.cs:line 26
   at CMS.API.Middleware.ExceptionMiddleware.InvokeAsync(HttpContext context) in C:\Users\ASUS\source\repos\CMS\src\CMS.API\Middleware\Middlewares.cs:line 45
2026-09-05 15:33:48.399 +03:00 [INF] Request finished HTTP/1.1 GET http://localhost:5010/api/v1/staff/doctors - 500 null application/json 73.7141ms
2026-09-05 15:33:53.835 +03:00 [INF] Request starting HTTP/1.1 GET http://localhost:5010/api/v1/encounters/patient/19 - application/json null
2026-09-05 15:33:53.841 +03:00 [INF] Executing endpoint 'CMS.API.Controllers.EncountersController.GetPatientEncounters (CMS.API)'
2026-09-05 15:33:53.844 +03:00 [INF] Route matched with {action = "GetPatientEncounters", controller = "Encounters"}. Executing controller action with signature System.Threading.Tasks.Task`1[Microsoft.AspNetCore.Mvc.IActionResult] GetPatientEncounters(Int32) on controller CMS.API.Controllers.EncountersController (CMS.API).
2026-09-05 15:33:53.866 +03:00 [INF] Executing OkObjectResult, writing value of type 'CMS.Shared.DTOs.ApiResponse`1[[System.Collections.Generic.List`1[[CMS.Shared.DTOs.EncounterDto, CMS.Shared, Version=1.0.0.0, Culture=neutral, PublicKeyToken=null]], System.Private.CoreLib, Version=8.0.0.0, Culture=neutral, PublicKeyToken=7cec85d7bea7798e]]'.
2026-09-05 15:33:53.870 +03:00 [INF] Executed action CMS.API.Controllers.EncountersController.GetPatientEncounters (CMS.API) in 23.0308ms
2026-09-05 15:33:53.874 +03:00 [INF] Executed endpoint 'CMS.API.Controllers.EncountersController.GetPatientEncounters (CMS.API)'
2026-09-05 15:33:53.877 +03:00 [INF] Request finished HTTP/1.1 GET http://localhost:5010/api/v1/encounters/patient/19 - 200 null application/json; charset=utf-8 42.0259ms
2026-09-05 15:34:24.102 +03:00 [INF] Request starting HTTP/1.1 POST http://localhost:5010/api/v1/triage/assign-doctor - application/json 174
2026-09-05 15:34:24.108 +03:00 [INF] CORS policy execution successful.
2026-09-05 15:34:24.110 +03:00 [INF] Executing endpoint 'CMS.API.Controllers.TriageController.AssignDoctor (CMS.API)'
2026-09-05 15:34:24.113 +03:00 [INF] Route matched with {action = "AssignDoctor", controller = "Triage"}. Executing controller action with signature System.Threading.Tasks.Task`1[Microsoft.AspNetCore.Mvc.IActionResult] AssignDoctor(CMS.Shared.DTOs.AssignDoctorDto) on controller CMS.API.Controllers.TriageController (CMS.API).
2026-09-05 15:34:24.150 +03:00 [INF] Executing OkObjectResult, writing value of type 'CMS.Shared.DTOs.ApiResponse`1[[System.String, System.Private.CoreLib, Version=8.0.0.0, Culture=neutral, PublicKeyToken=7cec85d7bea7798e]]'.
2026-09-05 15:34:24.155 +03:00 [INF] Executed action CMS.API.Controllers.TriageController.AssignDoctor (CMS.API) in 37.4211ms
2026-09-05 15:34:24.159 +03:00 [INF] Executed endpoint 'CMS.API.Controllers.TriageController.AssignDoctor (CMS.API)'
2026-09-05 15:34:24.162 +03:00 [INF] Request finished HTTP/1.1 POST http://localhost:5010/api/v1/triage/assign-doctor - 200 null application/json; charset=utf-8 60.4543ms
2026-09-05 15:34:24.378 +03:00 [INF] Request starting HTTP/1.1 POST http://localhost:5010/api/v1/billing/invoices - application/json 203
2026-09-05 15:34:24.403 +03:00 [INF] CORS policy execution successful.
2026-09-05 15:34:24.406 +03:00 [INF] Executing endpoint 'CMS.API.Controllers.BillingController.CreateInvoice (CMS.API)'
2026-09-05 15:34:24.415 +03:00 [INF] Route matched with {action = "CreateInvoice", controller = "Billing"}. Executing controller action with signature System.Threading.Tasks.Task`1[Microsoft.AspNetCore.Mvc.IActionResult] CreateInvoice(CMS.Shared.DTOs.CreateInvoiceDto) on controller CMS.API.Controllers.BillingController (CMS.API).
2026-09-05 15:34:24.485 +03:00 [INF] Executing OkObjectResult, writing value of type 'CMS.Shared.DTOs.ApiResponse`1[[System.Object, System.Private.CoreLib, Version=8.0.0.0, Culture=neutral, PublicKeyToken=7cec85d7bea7798e]]'.
2026-09-05 15:34:24.492 +03:00 [INF] Executed action CMS.API.Controllers.BillingController.CreateInvoice (CMS.API) in 66.8849ms
2026-09-05 15:34:24.495 +03:00 [INF] Executed endpoint 'CMS.API.Controllers.BillingController.CreateInvoice (CMS.API)'
2026-09-05 15:34:24.498 +03:00 [INF] Request finished HTTP/1.1 POST http://localhost:5010/api/v1/billing/invoices - 200 null application/json; charset=utf-8 119.8222ms
2026-09-05 15:34:24.506 +03:00 [INF] Request starting HTTP/1.1 GET http://localhost:5010/api/v1/triage/queue?date=2026-09-05 - application/json null
2026-09-05 15:34:24.513 +03:00 [INF] Executing endpoint 'CMS.API.Controllers.TriageController.GetQueue (CMS.API)'
2026-09-05 15:34:24.516 +03:00 [INF] Route matched with {action = "GetQueue", controller = "Triage"}. Executing controller action with signature System.Threading.Tasks.Task`1[Microsoft.AspNetCore.Mvc.IActionResult] GetQueue(System.String, System.Nullable`1[System.DateTime]) on controller CMS.API.Controllers.TriageController (CMS.API).
2026-09-05 15:34:24.753 +03:00 [INF] Executing OkObjectResult, writing value of type 'CMS.Shared.DTOs.ApiResponse`1[[System.Collections.Generic.List`1[[CMS.Shared.DTOs.TriageDto, CMS.Shared, Version=1.0.0.0, Culture=neutral, PublicKeyToken=null]], System.Private.CoreLib, Version=8.0.0.0, Culture=neutral, PublicKeyToken=7cec85d7bea7798e]]'.
2026-09-05 15:34:24.757 +03:00 [INF] Executed action CMS.API.Controllers.TriageController.GetQueue (CMS.API) in 235.0576ms
2026-09-05 15:34:24.760 +03:00 [INF] Executed endpoint 'CMS.API.Controllers.TriageController.GetQueue (CMS.API)'
2026-09-05 15:34:24.763 +03:00 [INF] Request finished HTTP/1.1 GET http://localhost:5010/api/v1/triage/queue?date=2026-09-05 - 200 null application/json; charset=utf-8 257.3595ms
2026-09-05 15:34:24.821 +03:00 [INF] Request starting HTTP/1.1 GET http://localhost:5010/api/v1/staff/doctors - application/json null
2026-09-05 15:34:24.821 +03:00 [INF] Request starting HTTP/1.1 GET http://localhost:5010/api/v1/patients/search - application/json null
2026-09-05 15:34:24.827 +03:00 [INF] Executing endpoint 'CMS.API.Controllers.StaffController.GetDoctors (CMS.API)'
2026-09-05 15:34:24.833 +03:00 [INF] Executing endpoint 'CMS.API.Controllers.PatientsController.Search (CMS.API)'
2026-09-05 15:34:24.835 +03:00 [INF] Route matched with {action = "GetDoctors", controller = "Staff"}. Executing controller action with signature System.Threading.Tasks.Task`1[Microsoft.AspNetCore.Mvc.IActionResult] GetDoctors() on controller CMS.API.Controllers.StaffController (CMS.API).
2026-09-05 15:34:24.837 +03:00 [INF] Route matched with {action = "Search", controller = "Patients"}. Executing controller action with signature System.Threading.Tasks.Task`1[Microsoft.AspNetCore.Mvc.IActionResult] Search(System.String, Int32) on controller CMS.API.Controllers.PatientsController (CMS.API).
2026-09-05 15:34:24.848 +03:00 [INF] Executing OkObjectResult, writing value of type 'CMS.Shared.DTOs.ApiResponse`1[[System.Collections.Generic.List`1[[CMS.Shared.DTOs.PatientDto, CMS.Shared, Version=1.0.0.0, Culture=neutral, PublicKeyToken=null]], System.Private.CoreLib, Version=8.0.0.0, Culture=neutral, PublicKeyToken=7cec85d7bea7798e]]'.
2026-09-05 15:34:24.851 +03:00 [INF] Executed action CMS.API.Controllers.PatientsController.Search (CMS.API) in 5.6827ms
2026-09-05 15:34:24.855 +03:00 [INF] Executed endpoint 'CMS.API.Controllers.PatientsController.Search (CMS.API)'
2026-09-05 15:34:24.856 +03:00 [INF] Executed action CMS.API.Controllers.StaffController.GetDoctors (CMS.API) in 14.4578ms
2026-09-05 15:34:24.857 +03:00 [INF] Request finished HTTP/1.1 GET http://localhost:5010/api/v1/patients/search - 200 null application/json; charset=utf-8 36.0743ms
2026-09-05 15:34:24.861 +03:00 [INF] Executed endpoint 'CMS.API.Controllers.StaffController.GetDoctors (CMS.API)'
2026-09-05 15:34:24.872 +03:00 [ERR] Unhandled exception encountered: A parameterless default constructor or one matching signature (System.Int32 Id, System.Int32 StaffId, System.String StaffCode, System.String DoctorName, System.String LicenseNumber, System.Int16 SpecializationId, System.String SpecializationName, System.String SubSpecialization, System.Decimal ConsultationFee, System.Boolean IsAvailable) is required for CMS.Shared.DTOs.DoctorDto materialization
System.InvalidOperationException: A parameterless default constructor or one matching signature (System.Int32 Id, System.Int32 StaffId, System.String StaffCode, System.String DoctorName, System.String LicenseNumber, System.Int16 SpecializationId, System.String SpecializationName, System.String SubSpecialization, System.Decimal ConsultationFee, System.Boolean IsAvailable) is required for CMS.Shared.DTOs.DoctorDto materialization
   at Dapper.SqlMapper.GenerateDeserializerFromMap(Type type, DbDataReader reader, Int32 startBound, Int32 length, Boolean returnNullIfFirstMissing, ILGenerator il) in /_/Dapper/SqlMapper.cs:line 3473
   at Dapper.SqlMapper.GetTypeDeserializerImpl(Type type, DbDataReader reader, Int32 startBound, Int32 length, Boolean returnNullIfFirstMissing) in /_/Dapper/SqlMapper.cs:line 3304
   at Dapper.SqlMapper.TypeDeserializerCache.GetReader(DbDataReader reader, Int32 startBound, Int32 length, Boolean returnNullIfFirstMissing) in /_/Dapper/SqlMapper.TypeDeserializerCache.cs:line 151
   at Dapper.SqlMapper.TypeDeserializerCache.GetReader(Type type, DbDataReader reader, Int32 startBound, Int32 length, Boolean returnNullIfFirstMissing) in /_/Dapper/SqlMapper.TypeDeserializerCache.cs:line 50
   at Dapper.SqlMapper.GetTypeDeserializer(Type type, DbDataReader reader, Int32 startBound, Int32 length, Boolean returnNullIfFirstMissing) in /_/Dapper/SqlMapper.cs:line 3258
   at Dapper.SqlMapper.GetDeserializer(Type type, DbDataReader reader, Int32 startBound, Int32 length, Boolean returnNullIfFirstMissing) in /_/Dapper/SqlMapper.cs:line 1945
   at Dapper.SqlMapper.QueryAsync[T](IDbConnection cnn, Type effectiveType, CommandDefinition command) in /_/Dapper/SqlMapper.Async.cs:line 442
   at CMS.Application.StaffServices.StaffAndDoctorService.GetDoctorsAsync(Byte tenantId) in C:\Users\ASUS\source\repos\CMS\src\CMS.Application\StaffServices\StaffAndDoctorService.cs:line 35
   at CMS.API.Controllers.StaffController.GetDoctors() in C:\Users\ASUS\source\repos\CMS\src\CMS.API\Controllers\ClinicalControllers.cs:line 24
   at Microsoft.AspNetCore.Mvc.Infrastructure.ActionMethodExecutor.TaskOfIActionResultExecutor.Execute(ActionContext actionContext, IActionResultTypeMapper mapper, ObjectMethodExecutor executor, Object controller, Object[] arguments)
   at Microsoft.AspNetCore.Mvc.Infrastructure.ControllerActionInvoker.<InvokeActionMethodAsync>g__Awaited|12_0(ControllerActionInvoker invoker, ValueTask`1 actionResultValueTask)
   at Microsoft.AspNetCore.Mvc.Infrastructure.ControllerActionInvoker.<InvokeNextActionFilterAsync>g__Awaited|10_0(ControllerActionInvoker invoker, Task lastTask, State next, Scope scope, Object state, Boolean isCompleted)
   at Microsoft.AspNetCore.Mvc.Infrastructure.ControllerActionInvoker.Rethrow(ActionExecutedContextSealed context)
   at Microsoft.AspNetCore.Mvc.Infrastructure.ControllerActionInvoker.Next(State& next, Scope& scope, Object& state, Boolean& isCompleted)
   at Microsoft.AspNetCore.Mvc.Infrastructure.ControllerActionInvoker.<InvokeInnerFilterAsync>g__Awaited|13_0(ControllerActionInvoker invoker, Task lastTask, State next, Scope scope, Object state, Boolean isCompleted)
   at Microsoft.AspNetCore.Mvc.Infrastructure.ResourceInvoker.<InvokeFilterPipelineAsync>g__Awaited|20_0(ResourceInvoker invoker, Task lastTask, State next, Scope scope, Object state, Boolean isCompleted)
   at Microsoft.AspNetCore.Mvc.Infrastructure.ResourceInvoker.<InvokeAsync>g__Logged|17_1(ResourceInvoker invoker)
   at Microsoft.AspNetCore.Mvc.Infrastructure.ResourceInvoker.<InvokeAsync>g__Logged|17_1(ResourceInvoker invoker)
   at Microsoft.AspNetCore.Routing.EndpointMiddleware.<Invoke>g__AwaitRequestTask|7_0(Endpoint endpoint, Task requestTask, ILogger logger)
   at Microsoft.AspNetCore.Authorization.AuthorizationMiddleware.Invoke(HttpContext context)
   at Microsoft.AspNetCore.Authentication.AuthenticationMiddleware.Invoke(HttpContext context)
   at Swashbuckle.AspNetCore.SwaggerUI.SwaggerUIMiddleware.Invoke(HttpContext httpContext)
   at Swashbuckle.AspNetCore.Swagger.SwaggerMiddleware.Invoke(HttpContext httpContext, ISwaggerProvider swaggerProvider)
   at CMS.API.Middleware.TenantMiddleware.InvokeAsync(HttpContext context) in C:\Users\ASUS\source\repos\CMS\src\CMS.API\Middleware\Middlewares.cs:line 26
   at CMS.API.Middleware.ExceptionMiddleware.InvokeAsync(HttpContext context) in C:\Users\ASUS\source\repos\CMS\src\CMS.API\Middleware\Middlewares.cs:line 45
2026-09-05 15:34:24.892 +03:00 [INF] Request finished HTTP/1.1 GET http://localhost:5010/api/v1/staff/doctors - 500 null application/json 70.8469ms
2026-09-05 15:34:28.486 +03:00 [INF] Request starting HTTP/1.1 GET http://localhost:5010/api/v1/triage/doctor/1?date=2026-09-05 - application/json null
2026-09-05 15:34:28.494 +03:00 [INF] Executing endpoint 'CMS.API.Controllers.TriageController.GetDoctorQueue (CMS.API)'
2026-09-05 15:34:28.496 +03:00 [INF] Route matched with {action = "GetDoctorQueue", controller = "Triage"}. Executing controller action with signature System.Threading.Tasks.Task`1[Microsoft.AspNetCore.Mvc.IActionResult] GetDoctorQueue(Int32, System.Nullable`1[System.DateTime]) on controller CMS.API.Controllers.TriageController (CMS.API).
2026-09-05 15:34:28.525 +03:00 [INF] Executing OkObjectResult, writing value of type 'CMS.Shared.DTOs.ApiResponse`1[[System.Object, System.Private.CoreLib, Version=8.0.0.0, Culture=neutral, PublicKeyToken=7cec85d7bea7798e]]'.
2026-09-05 15:34:28.530 +03:00 [INF] Executed action CMS.API.Controllers.TriageController.GetDoctorQueue (CMS.API) in 28.9503ms
2026-09-05 15:34:28.534 +03:00 [INF] Executed endpoint 'CMS.API.Controllers.TriageController.GetDoctorQueue (CMS.API)'
2026-09-05 15:34:28.537 +03:00 [INF] Request finished HTTP/1.1 GET http://localhost:5010/api/v1/triage/doctor/1?date=2026-09-05 - 200 null application/json; charset=utf-8 50.4339ms
2026-09-05 15:34:28.753 +03:00 [INF] Request starting HTTP/1.1 GET http://localhost:5010/api/v1/triage/doctor/1?date=2026-09-05 - application/json null
2026-09-05 15:34:28.759 +03:00 [INF] Executing endpoint 'CMS.API.Controllers.TriageController.GetDoctorQueue (CMS.API)'
2026-09-05 15:34:28.762 +03:00 [INF] Route matched with {action = "GetDoctorQueue", controller = "Triage"}. Executing controller action with signature System.Threading.Tasks.Task`1[Microsoft.AspNetCore.Mvc.IActionResult] GetDoctorQueue(Int32, System.Nullable`1[System.DateTime]) on controller CMS.API.Controllers.TriageController (CMS.API).
2026-09-05 15:34:28.768 +03:00 [INF] Executing OkObjectResult, writing value of type 'CMS.Shared.DTOs.ApiResponse`1[[System.Object, System.Private.CoreLib, Version=8.0.0.0, Culture=neutral, PublicKeyToken=7cec85d7bea7798e]]'.
2026-09-05 15:34:28.771 +03:00 [INF] Executed action CMS.API.Controllers.TriageController.GetDoctorQueue (CMS.API) in 4.725ms
2026-09-05 15:34:28.774 +03:00 [INF] Executed endpoint 'CMS.API.Controllers.TriageController.GetDoctorQueue (CMS.API)'
2026-09-05 15:34:28.777 +03:00 [INF] Request finished HTTP/1.1 GET http://localhost:5010/api/v1/triage/doctor/1?date=2026-09-05 - 200 null application/json; charset=utf-8 23.6941ms
2026-09-05 15:34:34.573 +03:00 [INF] Request starting HTTP/1.1 GET http://localhost:5010/api/v1/dashboard/metrics - null null
2026-09-05 15:34:34.582 +03:00 [INF] Failed to validate the token.
Microsoft.IdentityModel.Tokens.SecurityTokenMalformedException: IDX14100: JWT is not well formed, there are no dots (.).
The token needs to be in JWS or JWE Compact Serialization Format. (JWS): 'EncodedHeader.EncodedPayload.EncodedSignature'. (JWE): 'EncodedProtectedHeader.EncodedEncryptedKey.EncodedInitializationVector.EncodedCiphertext.EncodedAuthenticationTag'.
   at Microsoft.IdentityModel.JsonWebTokens.JsonWebToken.ReadToken(ReadOnlyMemory`1 encodedTokenMemory)
   at Microsoft.IdentityModel.JsonWebTokens.JsonWebToken..ctor(String jwtEncodedString)
   at Microsoft.IdentityModel.JsonWebTokens.JsonWebTokenHandler.ReadToken(String token, TokenValidationParameters validationParameters)
2026-09-05 15:34:34.590 +03:00 [INF] Bearer was not authenticated. Failure message: IDX14100: JWT is not well formed, there are no dots (.).
The token needs to be in JWS or JWE Compact Serialization Format. (JWS): 'EncodedHeader.EncodedPayload.EncodedSignature'. (JWE): 'EncodedProtectedHeader.EncodedEncryptedKey.EncodedInitializationVector.EncodedCiphertext.EncodedAuthenticationTag'.
2026-09-05 15:34:34.594 +03:00 [INF] Executing endpoint 'CMS.API.Controllers.DashboardController.GetMetrics (CMS.API)'
2026-09-05 15:34:34.599 +03:00 [INF] Route matched with {action = "GetMetrics", controller = "Dashboard"}. Executing controller action with signature System.Threading.Tasks.Task`1[Microsoft.AspNetCore.Mvc.IActionResult] GetMetrics() on controller CMS.API.Controllers.DashboardController (CMS.API).
2026-09-05 15:34:34.674 +03:00 [INF] Executing OkObjectResult, writing value of type 'CMS.Shared.DTOs.ApiResponse`1[[CMS.Shared.DTOs.DashboardMetricsDto, CMS.Shared, Version=1.0.0.0, Culture=neutral, PublicKeyToken=null]]'.
2026-09-05 15:34:34.678 +03:00 [INF] Executed action CMS.API.Controllers.DashboardController.GetMetrics (CMS.API) in 71.6219ms
2026-09-05 15:34:34.682 +03:00 [INF] Executed endpoint 'CMS.API.Controllers.DashboardController.GetMetrics (CMS.API)'
2026-09-05 15:34:34.684 +03:00 [INF] Request starting HTTP/1.1 GET http://localhost:5010/api/v1/dashboard/metrics - null null
2026-09-05 15:34:34.685 +03:00 [INF] Request finished HTTP/1.1 GET http://localhost:5010/api/v1/dashboard/metrics - 200 null application/json; charset=utf-8 111.459ms
2026-09-05 15:34:34.692 +03:00 [INF] Failed to validate the token.
Microsoft.IdentityModel.Tokens.SecurityTokenMalformedException: IDX14100: JWT is not well formed, there are no dots (.).
The token needs to be in JWS or JWE Compact Serialization Format. (JWS): 'EncodedHeader.EncodedPayload.EncodedSignature'. (JWE): 'EncodedProtectedHeader.EncodedEncryptedKey.EncodedInitializationVector.EncodedCiphertext.EncodedAuthenticationTag'.
   at Microsoft.IdentityModel.JsonWebTokens.JsonWebToken.ReadToken(ReadOnlyMemory`1 encodedTokenMemory)
   at Microsoft.IdentityModel.JsonWebTokens.JsonWebToken..ctor(String jwtEncodedString)
   at Microsoft.IdentityModel.JsonWebTokens.JsonWebTokenHandler.ReadToken(String token, TokenValidationParameters validationParameters)
2026-09-05 15:34:34.704 +03:00 [INF] Bearer was not authenticated. Failure message: IDX14100: JWT is not well formed, there are no dots (.).
The token needs to be in JWS or JWE Compact Serialization Format. (JWS): 'EncodedHeader.EncodedPayload.EncodedSignature'. (JWE): 'EncodedProtectedHeader.EncodedEncryptedKey.EncodedInitializationVector.EncodedCiphertext.EncodedAuthenticationTag'.
2026-09-05 15:34:34.707 +03:00 [INF] Executing endpoint 'CMS.API.Controllers.DashboardController.GetMetrics (CMS.API)'
2026-09-05 15:34:34.710 +03:00 [INF] Route matched with {action = "GetMetrics", controller = "Dashboard"}. Executing controller action with signature System.Threading.Tasks.Task`1[Microsoft.AspNetCore.Mvc.IActionResult] GetMetrics() on controller CMS.API.Controllers.DashboardController (CMS.API).
2026-09-05 15:34:34.721 +03:00 [INF] Executing OkObjectResult, writing value of type 'CMS.Shared.DTOs.ApiResponse`1[[CMS.Shared.DTOs.DashboardMetricsDto, CMS.Shared, Version=1.0.0.0, Culture=neutral, PublicKeyToken=null]]'.
2026-09-05 15:34:34.724 +03:00 [INF] Executed action CMS.API.Controllers.DashboardController.GetMetrics (CMS.API) in 10.1315ms
2026-09-05 15:34:34.728 +03:00 [INF] Executed endpoint 'CMS.API.Controllers.DashboardController.GetMetrics (CMS.API)'
2026-09-05 15:34:34.732 +03:00 [INF] Request finished HTTP/1.1 GET http://localhost:5010/api/v1/dashboard/metrics - 200 null application/json; charset=utf-8 48.7325ms
2026-09-05 15:34:37.372 +03:00 [INF] Request starting HTTP/1.1 GET http://localhost:5010/api/v1/triage/doctor/1?date=2026-09-05 - application/json null
2026-09-05 15:34:37.379 +03:00 [INF] Executing endpoint 'CMS.API.Controllers.TriageController.GetDoctorQueue (CMS.API)'
2026-09-05 15:34:37.381 +03:00 [INF] Route matched with {action = "GetDoctorQueue", controller = "Triage"}. Executing controller action with signature System.Threading.Tasks.Task`1[Microsoft.AspNetCore.Mvc.IActionResult] GetDoctorQueue(Int32, System.Nullable`1[System.DateTime]) on controller CMS.API.Controllers.TriageController (CMS.API).
2026-09-05 15:34:37.387 +03:00 [INF] Executing OkObjectResult, writing value of type 'CMS.Shared.DTOs.ApiResponse`1[[System.Object, System.Private.CoreLib, Version=8.0.0.0, Culture=neutral, PublicKeyToken=7cec85d7bea7798e]]'.
2026-09-05 15:34:37.390 +03:00 [INF] Executed action CMS.API.Controllers.TriageController.GetDoctorQueue (CMS.API) in 4.9422ms
2026-09-05 15:34:37.394 +03:00 [INF] Executed endpoint 'CMS.API.Controllers.TriageController.GetDoctorQueue (CMS.API)'
2026-09-05 15:34:37.396 +03:00 [INF] Request starting HTTP/1.1 GET http://localhost:5010/api/v1/triage/doctor/1?date=2026-09-05 - application/json null
2026-09-05 15:34:37.397 +03:00 [INF] Request finished HTTP/1.1 GET http://localhost:5010/api/v1/triage/doctor/1?date=2026-09-05 - 200 null application/json; charset=utf-8 24.5815ms
2026-09-05 15:34:37.402 +03:00 [INF] Executing endpoint 'CMS.API.Controllers.TriageController.GetDoctorQueue (CMS.API)'
2026-09-05 15:34:37.412 +03:00 [INF] Route matched with {action = "GetDoctorQueue", controller = "Triage"}. Executing controller action with signature System.Threading.Tasks.Task`1[Microsoft.AspNetCore.Mvc.IActionResult] GetDoctorQueue(Int32, System.Nullable`1[System.DateTime]) on controller CMS.API.Controllers.TriageController (CMS.API).
2026-09-05 15:34:37.417 +03:00 [INF] Executing OkObjectResult, writing value of type 'CMS.Shared.DTOs.ApiResponse`1[[System.Object, System.Private.CoreLib, Version=8.0.0.0, Culture=neutral, PublicKeyToken=7cec85d7bea7798e]]'.
2026-09-05 15:34:37.420 +03:00 [INF] Executed action CMS.API.Controllers.TriageController.GetDoctorQueue (CMS.API) in 4.4158ms
2026-09-05 15:34:37.423 +03:00 [INF] Executed endpoint 'CMS.API.Controllers.TriageController.GetDoctorQueue (CMS.API)'
2026-09-05 15:34:37.426 +03:00 [INF] Request finished HTTP/1.1 GET http://localhost:5010/api/v1/triage/doctor/1?date=2026-09-05 - 200 null application/json; charset=utf-8 29.6165ms
2026-09-05 15:34:44.274 +03:00 [INF] Request starting HTTP/1.1 GET http://localhost:5010/api/v1/users - application/json null
2026-09-05 15:34:44.275 +03:00 [INF] Request starting HTTP/1.1 GET http://localhost:5010/api/v1/users/roles - application/json null
2026-09-05 15:34:44.284 +03:00 [INF] Executing endpoint 'CMS.API.Controllers.UsersController.GetUsers (CMS.API)'
2026-09-05 15:34:44.290 +03:00 [INF] Executing endpoint 'CMS.API.Controllers.UsersController.GetRoles (CMS.API)'
2026-09-05 15:34:44.306 +03:00 [INF] Route matched with {action = "GetRoles", controller = "Users"}. Executing controller action with signature System.Threading.Tasks.Task`1[Microsoft.AspNetCore.Mvc.IActionResult] GetRoles() on controller CMS.API.Controllers.UsersController (CMS.API).
2026-09-05 15:34:44.306 +03:00 [INF] Route matched with {action = "GetUsers", controller = "Users"}. Executing controller action with signature System.Threading.Tasks.Task`1[Microsoft.AspNetCore.Mvc.IActionResult] GetUsers() on controller CMS.API.Controllers.UsersController (CMS.API).
2026-09-05 15:34:44.463 +03:00 [INF] Executing OkObjectResult, writing value of type 'CMS.Shared.DTOs.ApiResponse`1[[System.Collections.Generic.List`1[[CMS.Shared.DTOs.RoleWithPermissionsDto, CMS.Shared, Version=1.0.0.0, Culture=neutral, PublicKeyToken=null]], System.Private.CoreLib, Version=8.0.0.0, Culture=neutral, PublicKeyToken=7cec85d7bea7798e]]'.
2026-09-05 15:34:44.472 +03:00 [INF] Executing OkObjectResult, writing value of type 'CMS.Shared.DTOs.ApiResponse`1[[System.Collections.Generic.List`1[[CMS.Shared.DTOs.UserDto, CMS.Shared, Version=1.0.0.0, Culture=neutral, PublicKeyToken=null]], System.Private.CoreLib, Version=8.0.0.0, Culture=neutral, PublicKeyToken=7cec85d7bea7798e]]'.
2026-09-05 15:34:44.484 +03:00 [INF] Executed action CMS.API.Controllers.UsersController.GetRoles (CMS.API) in 172.0876ms
2026-09-05 15:34:44.485 +03:00 [INF] Executed action CMS.API.Controllers.UsersController.GetUsers (CMS.API) in 168.8713ms
2026-09-05 15:34:44.488 +03:00 [INF] Executed endpoint 'CMS.API.Controllers.UsersController.GetRoles (CMS.API)'
2026-09-05 15:34:44.491 +03:00 [INF] Executed endpoint 'CMS.API.Controllers.UsersController.GetUsers (CMS.API)'
2026-09-05 15:34:44.493 +03:00 [INF] Request finished HTTP/1.1 GET http://localhost:5010/api/v1/users/roles - 200 null application/json; charset=utf-8 217.8581ms
2026-09-05 15:34:44.495 +03:00 [INF] Request finished HTTP/1.1 GET http://localhost:5010/api/v1/users - 200 null application/json; charset=utf-8 220.9472ms
2026-09-05 15:34:44.811 +03:00 [INF] Request starting HTTP/1.1 GET http://localhost:5010/api/v1/users/roles - application/json null
2026-09-05 15:34:44.811 +03:00 [INF] Request starting HTTP/1.1 GET http://localhost:5010/api/v1/users - application/json null
2026-09-05 15:34:44.819 +03:00 [INF] Executing endpoint 'CMS.API.Controllers.UsersController.GetRoles (CMS.API)'
2026-09-05 15:34:44.833 +03:00 [INF] Executing endpoint 'CMS.API.Controllers.UsersController.GetUsers (CMS.API)'
2026-09-05 15:34:44.837 +03:00 [INF] Route matched with {action = "GetRoles", controller = "Users"}. Executing controller action with signature System.Threading.Tasks.Task`1[Microsoft.AspNetCore.Mvc.IActionResult] GetRoles() on controller CMS.API.Controllers.UsersController (CMS.API).
2026-09-05 15:34:44.840 +03:00 [INF] Route matched with {action = "GetUsers", controller = "Users"}. Executing controller action with signature System.Threading.Tasks.Task`1[Microsoft.AspNetCore.Mvc.IActionResult] GetUsers() on controller CMS.API.Controllers.UsersController (CMS.API).
2026-09-05 15:34:44.850 +03:00 [INF] Executing OkObjectResult, writing value of type 'CMS.Shared.DTOs.ApiResponse`1[[System.Collections.Generic.List`1[[CMS.Shared.DTOs.RoleWithPermissionsDto, CMS.Shared, Version=1.0.0.0, Culture=neutral, PublicKeyToken=null]], System.Private.CoreLib, Version=8.0.0.0, Culture=neutral, PublicKeyToken=7cec85d7bea7798e]]'.
2026-09-05 15:34:44.853 +03:00 [INF] Executing OkObjectResult, writing value of type 'CMS.Shared.DTOs.ApiResponse`1[[System.Collections.Generic.List`1[[CMS.Shared.DTOs.UserDto, CMS.Shared, Version=1.0.0.0, Culture=neutral, PublicKeyToken=null]], System.Private.CoreLib, Version=8.0.0.0, Culture=neutral, PublicKeyToken=7cec85d7bea7798e]]'.
2026-09-05 15:34:44.855 +03:00 [INF] Executed action CMS.API.Controllers.UsersController.GetRoles (CMS.API) in 9.4709ms
2026-09-05 15:34:44.859 +03:00 [INF] Executed action CMS.API.Controllers.UsersController.GetUsers (CMS.API) in 7.937ms
2026-09-05 15:34:44.863 +03:00 [INF] Executed endpoint 'CMS.API.Controllers.UsersController.GetRoles (CMS.API)'
2026-09-05 15:34:44.865 +03:00 [INF] Executed endpoint 'CMS.API.Controllers.UsersController.GetUsers (CMS.API)'
2026-09-05 15:34:44.868 +03:00 [INF] Request finished HTTP/1.1 GET http://localhost:5010/api/v1/users/roles - 200 null application/json; charset=utf-8 57.4941ms
2026-09-05 15:34:44.871 +03:00 [INF] Request finished HTTP/1.1 GET http://localhost:5010/api/v1/users - 200 null application/json; charset=utf-8 60.1086ms
2026-09-05 15:35:31.457 +03:00 [INF] Request starting HTTP/1.1 POST http://localhost:5010/api/v1/auth/login - application/json 57
2026-09-05 15:35:31.465 +03:00 [INF] CORS policy execution successful.
2026-09-05 15:35:31.467 +03:00 [INF] Executing endpoint 'CMS.API.Controllers.AuthController.Login (CMS.API)'
2026-09-05 15:35:31.481 +03:00 [INF] Route matched with {action = "Login", controller = "Auth"}. Executing controller action with signature System.Threading.Tasks.Task`1[Microsoft.AspNetCore.Mvc.IActionResult] Login(CMS.Shared.DTOs.LoginRequest) on controller CMS.API.Controllers.AuthController (CMS.API).
2026-09-05 15:35:31.579 +03:00 [INF] Executing OkObjectResult, writing value of type 'CMS.Shared.DTOs.ApiResponse`1[[CMS.Shared.DTOs.LoginResponse, CMS.Shared, Version=1.0.0.0, Culture=neutral, PublicKeyToken=null]]'.
2026-09-05 15:35:31.590 +03:00 [INF] Executed action CMS.API.Controllers.AuthController.Login (CMS.API) in 105.0575ms
2026-09-05 15:35:31.595 +03:00 [INF] Executed endpoint 'CMS.API.Controllers.AuthController.Login (CMS.API)'
2026-09-05 15:35:31.598 +03:00 [INF] Request finished HTTP/1.1 POST http://localhost:5010/api/v1/auth/login - 200 null application/json; charset=utf-8 140.841ms
2026-09-05 15:35:31.717 +03:00 [INF] Request starting HTTP/1.1 GET http://localhost:5010/api/v1/users - application/json null
2026-09-05 15:35:31.727 +03:00 [INF] Executing endpoint 'CMS.API.Controllers.UsersController.GetUsers (CMS.API)'
2026-09-05 15:35:31.729 +03:00 [INF] Route matched with {action = "GetUsers", controller = "Users"}. Executing controller action with signature System.Threading.Tasks.Task`1[Microsoft.AspNetCore.Mvc.IActionResult] GetUsers() on controller CMS.API.Controllers.UsersController (CMS.API).
2026-09-05 15:35:31.744 +03:00 [INF] Executing OkObjectResult, writing value of type 'CMS.Shared.DTOs.ApiResponse`1[[System.Collections.Generic.List`1[[CMS.Shared.DTOs.UserDto, CMS.Shared, Version=1.0.0.0, Culture=neutral, PublicKeyToken=null]], System.Private.CoreLib, Version=8.0.0.0, Culture=neutral, PublicKeyToken=7cec85d7bea7798e]]'.
2026-09-05 15:35:31.749 +03:00 [INF] Executed action CMS.API.Controllers.UsersController.GetUsers (CMS.API) in 15.3013ms
2026-09-05 15:35:31.754 +03:00 [INF] Executed endpoint 'CMS.API.Controllers.UsersController.GetUsers (CMS.API)'
2026-09-05 15:35:31.758 +03:00 [INF] Request finished HTTP/1.1 GET http://localhost:5010/api/v1/users - 200 null application/json; charset=utf-8 40.9925ms
2026-09-05 15:35:32.009 +03:00 [INF] Request starting HTTP/1.1 GET http://localhost:5010/api/v1/users/roles - application/json null
2026-09-05 15:35:32.017 +03:00 [INF] Executing endpoint 'CMS.API.Controllers.UsersController.GetRoles (CMS.API)'
2026-09-05 15:35:32.021 +03:00 [INF] Route matched with {action = "GetRoles", controller = "Users"}. Executing controller action with signature System.Threading.Tasks.Task`1[Microsoft.AspNetCore.Mvc.IActionResult] GetRoles() on controller CMS.API.Controllers.UsersController (CMS.API).
2026-09-05 15:35:32.034 +03:00 [INF] Executing OkObjectResult, writing value of type 'CMS.Shared.DTOs.ApiResponse`1[[System.Collections.Generic.List`1[[CMS.Shared.DTOs.RoleWithPermissionsDto, CMS.Shared, Version=1.0.0.0, Culture=neutral, PublicKeyToken=null]], System.Private.CoreLib, Version=8.0.0.0, Culture=neutral, PublicKeyToken=7cec85d7bea7798e]]'.
2026-09-05 15:35:32.037 +03:00 [INF] Executed action CMS.API.Controllers.UsersController.GetRoles (CMS.API) in 10.401ms
2026-09-05 15:35:32.041 +03:00 [INF] Executed endpoint 'CMS.API.Controllers.UsersController.GetRoles (CMS.API)'
2026-09-05 15:35:32.043 +03:00 [INF] Request starting HTTP/1.1 GET http://localhost:5010/api/v1/users - application/json null
2026-09-05 15:35:32.045 +03:00 [INF] Request finished HTTP/1.1 GET http://localhost:5010/api/v1/users/roles - 200 null application/json; charset=utf-8 35.5054ms
2026-09-05 15:35:32.051 +03:00 [INF] Executing endpoint 'CMS.API.Controllers.UsersController.GetUsers (CMS.API)'
2026-09-05 15:35:32.059 +03:00 [INF] Request starting HTTP/1.1 GET http://localhost:5010/api/v1/users/roles - application/json null
2026-09-05 15:35:32.062 +03:00 [INF] Route matched with {action = "GetUsers", controller = "Users"}. Executing controller action with signature System.Threading.Tasks.Task`1[Microsoft.AspNetCore.Mvc.IActionResult] GetUsers() on controller CMS.API.Controllers.UsersController (CMS.API).
2026-09-05 15:35:32.069 +03:00 [INF] Executing endpoint 'CMS.API.Controllers.UsersController.GetRoles (CMS.API)'
2026-09-05 15:35:32.077 +03:00 [INF] Executing OkObjectResult, writing value of type 'CMS.Shared.DTOs.ApiResponse`1[[System.Collections.Generic.List`1[[CMS.Shared.DTOs.UserDto, CMS.Shared, Version=1.0.0.0, Culture=neutral, PublicKeyToken=null]], System.Private.CoreLib, Version=8.0.0.0, Culture=neutral, PublicKeyToken=7cec85d7bea7798e]]'.
2026-09-05 15:35:32.077 +03:00 [INF] Route matched with {action = "GetRoles", controller = "Users"}. Executing controller action with signature System.Threading.Tasks.Task`1[Microsoft.AspNetCore.Mvc.IActionResult] GetRoles() on controller CMS.API.Controllers.UsersController (CMS.API).
2026-09-05 15:35:32.081 +03:00 [INF] Executed action CMS.API.Controllers.UsersController.GetUsers (CMS.API) in 6.0898ms
2026-09-05 15:35:32.087 +03:00 [INF] Executing OkObjectResult, writing value of type 'CMS.Shared.DTOs.ApiResponse`1[[System.Collections.Generic.List`1[[CMS.Shared.DTOs.RoleWithPermissionsDto, CMS.Shared, Version=1.0.0.0, Culture=neutral, PublicKeyToken=null]], System.Private.CoreLib, Version=8.0.0.0, Culture=neutral, PublicKeyToken=7cec85d7bea7798e]]'.
2026-09-05 15:35:32.089 +03:00 [INF] Executed endpoint 'CMS.API.Controllers.UsersController.GetUsers (CMS.API)'
2026-09-05 15:35:32.093 +03:00 [INF] Executed action CMS.API.Controllers.UsersController.GetRoles (CMS.API) in 7.6924ms
2026-09-05 15:35:32.095 +03:00 [INF] Request finished HTTP/1.1 GET http://localhost:5010/api/v1/users - 200 null application/json; charset=utf-8 52.3033ms
2026-09-05 15:35:32.099 +03:00 [INF] Executed endpoint 'CMS.API.Controllers.UsersController.GetRoles (CMS.API)'
2026-09-05 15:35:32.108 +03:00 [INF] Request finished HTTP/1.1 GET http://localhost:5010/api/v1/users/roles - 200 null application/json; charset=utf-8 48.9164ms
2026-09-05 15:35:39.177 +03:00 [INF] Request starting HTTP/1.1 GET http://localhost:5010/api/v1/triage/doctor/1?date=2026-09-05 - application/json null
2026-09-05 15:35:39.185 +03:00 [INF] Executing endpoint 'CMS.API.Controllers.TriageController.GetDoctorQueue (CMS.API)'
2026-09-05 15:35:39.189 +03:00 [INF] Route matched with {action = "GetDoctorQueue", controller = "Triage"}. Executing controller action with signature System.Threading.Tasks.Task`1[Microsoft.AspNetCore.Mvc.IActionResult] GetDoctorQueue(Int32, System.Nullable`1[System.DateTime]) on controller CMS.API.Controllers.TriageController (CMS.API).
2026-09-05 15:35:39.221 +03:00 [INF] Executing OkObjectResult, writing value of type 'CMS.Shared.DTOs.ApiResponse`1[[System.Object, System.Private.CoreLib, Version=8.0.0.0, Culture=neutral, PublicKeyToken=7cec85d7bea7798e]]'.
2026-09-05 15:35:39.225 +03:00 [INF] Executed action CMS.API.Controllers.TriageController.GetDoctorQueue (CMS.API) in 31.9654ms
2026-09-05 15:35:39.229 +03:00 [INF] Executed endpoint 'CMS.API.Controllers.TriageController.GetDoctorQueue (CMS.API)'
2026-09-05 15:35:39.231 +03:00 [INF] Request finished HTTP/1.1 GET http://localhost:5010/api/v1/triage/doctor/1?date=2026-09-05 - 200 null application/json; charset=utf-8 53.6434ms
2026-09-05 15:35:39.542 +03:00 [INF] Request starting HTTP/1.1 GET http://localhost:5010/api/v1/triage/doctor/1?date=2026-09-05 - application/json null
2026-09-05 15:35:39.550 +03:00 [INF] Executing endpoint 'CMS.API.Controllers.TriageController.GetDoctorQueue (CMS.API)'
2026-09-05 15:35:39.556 +03:00 [INF] Route matched with {action = "GetDoctorQueue", controller = "Triage"}. Executing controller action with signature System.Threading.Tasks.Task`1[Microsoft.AspNetCore.Mvc.IActionResult] GetDoctorQueue(Int32, System.Nullable`1[System.DateTime]) on controller CMS.API.Controllers.TriageController (CMS.API).
2026-09-05 15:35:39.564 +03:00 [INF] Executing OkObjectResult, writing value of type 'CMS.Shared.DTOs.ApiResponse`1[[System.Object, System.Private.CoreLib, Version=8.0.0.0, Culture=neutral, PublicKeyToken=7cec85d7bea7798e]]'.
2026-09-05 15:35:39.570 +03:00 [INF] Executed action CMS.API.Controllers.TriageController.GetDoctorQueue (CMS.API) in 7.4838ms
2026-09-05 15:35:39.575 +03:00 [INF] Executed endpoint 'CMS.API.Controllers.TriageController.GetDoctorQueue (CMS.API)'
2026-09-05 15:35:39.579 +03:00 [INF] Request finished HTTP/1.1 GET http://localhost:5010/api/v1/triage/doctor/1?date=2026-09-05 - 200 null application/json; charset=utf-8 36.5135ms
2026-09-05 15:35:47.784 +03:00 [INF] Request starting HTTP/1.1 GET http://localhost:5010/api/v1/users - application/json null
2026-09-05 15:35:47.784 +03:00 [INF] Request starting HTTP/1.1 GET http://localhost:5010/api/v1/users/roles - application/json null
2026-09-05 15:35:47.792 +03:00 [INF] Executing endpoint 'CMS.API.Controllers.UsersController.GetUsers (CMS.API)'
2026-09-05 15:35:47.798 +03:00 [INF] Executing endpoint 'CMS.API.Controllers.UsersController.GetRoles (CMS.API)'
2026-09-05 15:35:47.801 +03:00 [INF] Route matched with {action = "GetUsers", controller = "Users"}. Executing controller action with signature System.Threading.Tasks.Task`1[Microsoft.AspNetCore.Mvc.IActionResult] GetUsers() on controller CMS.API.Controllers.UsersController (CMS.API).
2026-09-05 15:35:47.803 +03:00 [INF] Route matched with {action = "GetRoles", controller = "Users"}. Executing controller action with signature System.Threading.Tasks.Task`1[Microsoft.AspNetCore.Mvc.IActionResult] GetRoles() on controller CMS.API.Controllers.UsersController (CMS.API).
2026-09-05 15:35:47.812 +03:00 [INF] Executing OkObjectResult, writing value of type 'CMS.Shared.DTOs.ApiResponse`1[[System.Collections.Generic.List`1[[CMS.Shared.DTOs.UserDto, CMS.Shared, Version=1.0.0.0, Culture=neutral, PublicKeyToken=null]], System.Private.CoreLib, Version=8.0.0.0, Culture=neutral, PublicKeyToken=7cec85d7bea7798e]]'.
2026-09-05 15:35:47.815 +03:00 [INF] Executing OkObjectResult, writing value of type 'CMS.Shared.DTOs.ApiResponse`1[[System.Collections.Generic.List`1[[CMS.Shared.DTOs.RoleWithPermissionsDto, CMS.Shared, Version=1.0.0.0, Culture=neutral, PublicKeyToken=null]], System.Private.CoreLib, Version=8.0.0.0, Culture=neutral, PublicKeyToken=7cec85d7bea7798e]]'.
2026-09-05 15:35:47.817 +03:00 [INF] Executed action CMS.API.Controllers.UsersController.GetUsers (CMS.API) in 9.2668ms
2026-09-05 15:35:47.821 +03:00 [INF] Executed action CMS.API.Controllers.UsersController.GetRoles (CMS.API) in 7.7579ms
2026-09-05 15:35:47.824 +03:00 [INF] Executed endpoint 'CMS.API.Controllers.UsersController.GetUsers (CMS.API)'
2026-09-05 15:35:47.828 +03:00 [INF] Executed endpoint 'CMS.API.Controllers.UsersController.GetRoles (CMS.API)'
2026-09-05 15:35:47.831 +03:00 [INF] Request finished HTTP/1.1 GET http://localhost:5010/api/v1/users - 200 null application/json; charset=utf-8 47.0162ms
2026-09-05 15:35:47.834 +03:00 [INF] Request finished HTTP/1.1 GET http://localhost:5010/api/v1/users/roles - 200 null application/json; charset=utf-8 49.3473ms
2026-09-05 15:35:48.047 +03:00 [INF] Request starting HTTP/1.1 GET http://localhost:5010/api/v1/users - application/json null
2026-09-05 15:35:48.054 +03:00 [INF] Executing endpoint 'CMS.API.Controllers.UsersController.GetUsers (CMS.API)'
2026-09-05 15:35:48.057 +03:00 [INF] Route matched with {action = "GetUsers", controller = "Users"}. Executing controller action with signature System.Threading.Tasks.Task`1[Microsoft.AspNetCore.Mvc.IActionResult] GetUsers() on controller CMS.API.Controllers.UsersController (CMS.API).
2026-09-05 15:35:48.063 +03:00 [INF] Executing OkObjectResult, writing value of type 'CMS.Shared.DTOs.ApiResponse`1[[System.Collections.Generic.List`1[[CMS.Shared.DTOs.UserDto, CMS.Shared, Version=1.0.0.0, Culture=neutral, PublicKeyToken=null]], System.Private.CoreLib, Version=8.0.0.0, Culture=neutral, PublicKeyToken=7cec85d7bea7798e]]'.
2026-09-05 15:35:48.066 +03:00 [INF] Executed action CMS.API.Controllers.UsersController.GetUsers (CMS.API) in 4.7832ms
2026-09-05 15:35:48.069 +03:00 [INF] Executed endpoint 'CMS.API.Controllers.UsersController.GetUsers (CMS.API)'
2026-09-05 15:35:48.071 +03:00 [INF] Request finished HTTP/1.1 GET http://localhost:5010/api/v1/users - 200 null application/json; charset=utf-8 24.0304ms
2026-09-05 15:35:48.142 +03:00 [INF] Request starting HTTP/1.1 GET http://localhost:5010/api/v1/users/roles - application/json null
2026-09-05 15:35:48.150 +03:00 [INF] Executing endpoint 'CMS.API.Controllers.UsersController.GetRoles (CMS.API)'
2026-09-05 15:35:48.154 +03:00 [INF] Route matched with {action = "GetRoles", controller = "Users"}. Executing controller action with signature System.Threading.Tasks.Task`1[Microsoft.AspNetCore.Mvc.IActionResult] GetRoles() on controller CMS.API.Controllers.UsersController (CMS.API).
2026-09-05 15:35:48.161 +03:00 [INF] Executing OkObjectResult, writing value of type 'CMS.Shared.DTOs.ApiResponse`1[[System.Collections.Generic.List`1[[CMS.Shared.DTOs.RoleWithPermissionsDto, CMS.Shared, Version=1.0.0.0, Culture=neutral, PublicKeyToken=null]], System.Private.CoreLib, Version=8.0.0.0, Culture=neutral, PublicKeyToken=7cec85d7bea7798e]]'.
2026-09-05 15:35:48.166 +03:00 [INF] Executed action CMS.API.Controllers.UsersController.GetRoles (CMS.API) in 6.7385ms
2026-09-05 15:35:48.171 +03:00 [INF] Executed endpoint 'CMS.API.Controllers.UsersController.GetRoles (CMS.API)'
2026-09-05 15:35:48.174 +03:00 [INF] Request finished HTTP/1.1 GET http://localhost:5010/api/v1/users/roles - 200 null application/json; charset=utf-8 32.2253ms
2026-09-05 15:41:14.700 +03:00 [INF] Request starting HTTP/1.1 POST http://localhost:5010/api/v1/auth/login - application/json 59
2026-09-05 15:41:14.706 +03:00 [INF] CORS policy execution successful.
2026-09-05 15:41:14.708 +03:00 [INF] Executing endpoint 'CMS.API.Controllers.AuthController.Login (CMS.API)'
2026-09-05 15:41:14.710 +03:00 [INF] Route matched with {action = "Login", controller = "Auth"}. Executing controller action with signature System.Threading.Tasks.Task`1[Microsoft.AspNetCore.Mvc.IActionResult] Login(CMS.Shared.DTOs.LoginRequest) on controller CMS.API.Controllers.AuthController (CMS.API).
2026-09-05 15:41:14.772 +03:00 [INF] Executing UnauthorizedObjectResult, writing value of type 'CMS.Shared.DTOs.ApiResponse`1[[System.String, System.Private.CoreLib, Version=8.0.0.0, Culture=neutral, PublicKeyToken=7cec85d7bea7798e]]'.
2026-09-05 15:41:14.776 +03:00 [INF] Executed action CMS.API.Controllers.AuthController.Login (CMS.API) in 61.6568ms
2026-09-05 15:41:14.780 +03:00 [INF] Executed endpoint 'CMS.API.Controllers.AuthController.Login (CMS.API)'
2026-09-05 15:41:14.783 +03:00 [INF] Request finished HTTP/1.1 POST http://localhost:5010/api/v1/auth/login - 401 null application/json; charset=utf-8 83.116ms
2026-09-05 15:41:21.430 +03:00 [INF] Request starting HTTP/1.1 GET http://localhost:5010/api/v1/dashboard/metrics - null null
2026-09-05 15:41:21.430 +03:00 [INF] Request starting HTTP/1.1 GET http://localhost:5010/api/v1/dashboard/metrics - null null
2026-09-05 15:41:21.440 +03:00 [INF] Failed to validate the token.
Microsoft.IdentityModel.Tokens.SecurityTokenMalformedException: IDX14100: JWT is not well formed, there are no dots (.).
The token needs to be in JWS or JWE Compact Serialization Format. (JWS): 'EncodedHeader.EncodedPayload.EncodedSignature'. (JWE): 'EncodedProtectedHeader.EncodedEncryptedKey.EncodedInitializationVector.EncodedCiphertext.EncodedAuthenticationTag'.
   at Microsoft.IdentityModel.JsonWebTokens.JsonWebToken.ReadToken(ReadOnlyMemory`1 encodedTokenMemory)
   at Microsoft.IdentityModel.JsonWebTokens.JsonWebToken..ctor(String jwtEncodedString)
   at Microsoft.IdentityModel.JsonWebTokens.JsonWebTokenHandler.ReadToken(String token, TokenValidationParameters validationParameters)
2026-09-05 15:41:21.446 +03:00 [INF] Failed to validate the token.
Microsoft.IdentityModel.Tokens.SecurityTokenMalformedException: IDX14100: JWT is not well formed, there are no dots (.).
The token needs to be in JWS or JWE Compact Serialization Format. (JWS): 'EncodedHeader.EncodedPayload.EncodedSignature'. (JWE): 'EncodedProtectedHeader.EncodedEncryptedKey.EncodedInitializationVector.EncodedCiphertext.EncodedAuthenticationTag'.
   at Microsoft.IdentityModel.JsonWebTokens.JsonWebToken.ReadToken(ReadOnlyMemory`1 encodedTokenMemory)
   at Microsoft.IdentityModel.JsonWebTokens.JsonWebToken..ctor(String jwtEncodedString)
   at Microsoft.IdentityModel.JsonWebTokens.JsonWebTokenHandler.ReadToken(String token, TokenValidationParameters validationParameters)
2026-09-05 15:41:21.450 +03:00 [INF] Bearer was not authenticated. Failure message: IDX14100: JWT is not well formed, there are no dots (.).
The token needs to be in JWS or JWE Compact Serialization Format. (JWS): 'EncodedHeader.EncodedPayload.EncodedSignature'. (JWE): 'EncodedProtectedHeader.EncodedEncryptedKey.EncodedInitializationVector.EncodedCiphertext.EncodedAuthenticationTag'.
2026-09-05 15:41:21.454 +03:00 [INF] Bearer was not authenticated. Failure message: IDX14100: JWT is not well formed, there are no dots (.).
The token needs to be in JWS or JWE Compact Serialization Format. (JWS): 'EncodedHeader.EncodedPayload.EncodedSignature'. (JWE): 'EncodedProtectedHeader.EncodedEncryptedKey.EncodedInitializationVector.EncodedCiphertext.EncodedAuthenticationTag'.
2026-09-05 15:41:21.457 +03:00 [INF] Executing endpoint 'CMS.API.Controllers.DashboardController.GetMetrics (CMS.API)'
2026-09-05 15:41:21.459 +03:00 [INF] Executing endpoint 'CMS.API.Controllers.DashboardController.GetMetrics (CMS.API)'
2026-09-05 15:41:21.461 +03:00 [INF] Route matched with {action = "GetMetrics", controller = "Dashboard"}. Executing controller action with signature System.Threading.Tasks.Task`1[Microsoft.AspNetCore.Mvc.IActionResult] GetMetrics() on controller CMS.API.Controllers.DashboardController (CMS.API).
2026-09-05 15:41:21.464 +03:00 [INF] Route matched with {action = "GetMetrics", controller = "Dashboard"}. Executing controller action with signature System.Threading.Tasks.Task`1[Microsoft.AspNetCore.Mvc.IActionResult] GetMetrics() on controller CMS.API.Controllers.DashboardController (CMS.API).
2026-09-05 15:41:21.562 +03:00 [INF] Executing OkObjectResult, writing value of type 'CMS.Shared.DTOs.ApiResponse`1[[CMS.Shared.DTOs.DashboardMetricsDto, CMS.Shared, Version=1.0.0.0, Culture=neutral, PublicKeyToken=null]]'.
2026-09-05 15:41:21.564 +03:00 [INF] Executing OkObjectResult, writing value of type 'CMS.Shared.DTOs.ApiResponse`1[[CMS.Shared.DTOs.DashboardMetricsDto, CMS.Shared, Version=1.0.0.0, Culture=neutral, PublicKeyToken=null]]'.
2026-09-05 15:41:21.567 +03:00 [INF] Executed action CMS.API.Controllers.DashboardController.GetMetrics (CMS.API) in 93.3416ms
2026-09-05 15:41:21.570 +03:00 [INF] Executed action CMS.API.Controllers.DashboardController.GetMetrics (CMS.API) in 100.7788ms
2026-09-05 15:41:21.573 +03:00 [INF] Executed endpoint 'CMS.API.Controllers.DashboardController.GetMetrics (CMS.API)'
2026-09-05 15:41:21.575 +03:00 [INF] Executed endpoint 'CMS.API.Controllers.DashboardController.GetMetrics (CMS.API)'
2026-09-05 15:41:21.577 +03:00 [INF] Request finished HTTP/1.1 GET http://localhost:5010/api/v1/dashboard/metrics - 200 null application/json; charset=utf-8 146.9836ms
2026-09-05 15:41:21.581 +03:00 [INF] Request finished HTTP/1.1 GET http://localhost:5010/api/v1/dashboard/metrics - 200 null application/json; charset=utf-8 150.5385ms
2026-09-05 15:41:26.654 +03:00 [INF] Request starting HTTP/1.1 GET http://localhost:5010/api/v1/patients/search?q= - application/json null
2026-09-05 15:41:26.660 +03:00 [INF] Executing endpoint 'CMS.API.Controllers.PatientsController.Search (CMS.API)'
2026-09-05 15:41:26.663 +03:00 [INF] Route matched with {action = "Search", controller = "Patients"}. Executing controller action with signature System.Threading.Tasks.Task`1[Microsoft.AspNetCore.Mvc.IActionResult] Search(System.String, Int32) on controller CMS.API.Controllers.PatientsController (CMS.API).
2026-09-05 15:41:26.669 +03:00 [INF] Executing OkObjectResult, writing value of type 'CMS.Shared.DTOs.ApiResponse`1[[System.Collections.Generic.List`1[[CMS.Shared.DTOs.PatientDto, CMS.Shared, Version=1.0.0.0, Culture=neutral, PublicKeyToken=null]], System.Private.CoreLib, Version=8.0.0.0, Culture=neutral, PublicKeyToken=7cec85d7bea7798e]]'.
2026-09-05 15:41:26.672 +03:00 [INF] Executed action CMS.API.Controllers.PatientsController.Search (CMS.API) in 4.7941ms
2026-09-05 15:41:26.675 +03:00 [INF] Executed endpoint 'CMS.API.Controllers.PatientsController.Search (CMS.API)'
2026-09-05 15:41:26.678 +03:00 [INF] Request finished HTTP/1.1 GET http://localhost:5010/api/v1/patients/search?q= - 200 null application/json; charset=utf-8 23.8378ms
2026-09-05 15:41:28.412 +03:00 [INF] Request starting HTTP/1.1 GET http://localhost:5010/api/v1/triage/doctor/1?date=2026-09-05 - application/json null
2026-09-05 15:41:28.419 +03:00 [INF] Executing endpoint 'CMS.API.Controllers.TriageController.GetDoctorQueue (CMS.API)'
2026-09-05 15:41:28.421 +03:00 [INF] Route matched with {action = "GetDoctorQueue", controller = "Triage"}. Executing controller action with signature System.Threading.Tasks.Task`1[Microsoft.AspNetCore.Mvc.IActionResult] GetDoctorQueue(Int32, System.Nullable`1[System.DateTime]) on controller CMS.API.Controllers.TriageController (CMS.API).
2026-09-05 15:41:28.451 +03:00 [INF] Executing OkObjectResult, writing value of type 'CMS.Shared.DTOs.ApiResponse`1[[System.Object, System.Private.CoreLib, Version=8.0.0.0, Culture=neutral, PublicKeyToken=7cec85d7bea7798e]]'.
2026-09-05 15:41:28.455 +03:00 [INF] Executed action CMS.API.Controllers.TriageController.GetDoctorQueue (CMS.API) in 30.3289ms
2026-09-05 15:41:28.460 +03:00 [INF] Executed endpoint 'CMS.API.Controllers.TriageController.GetDoctorQueue (CMS.API)'
2026-09-05 15:41:28.463 +03:00 [INF] Request starting HTTP/1.1 GET http://localhost:5010/api/v1/triage/doctor/1?date=2026-09-05 - application/json null
2026-09-05 15:41:28.464 +03:00 [INF] Request finished HTTP/1.1 GET http://localhost:5010/api/v1/triage/doctor/1?date=2026-09-05 - 200 null application/json; charset=utf-8 51.7091ms
2026-09-05 15:41:28.472 +03:00 [INF] Executing endpoint 'CMS.API.Controllers.TriageController.GetDoctorQueue (CMS.API)'
2026-09-05 15:41:28.481 +03:00 [INF] Route matched with {action = "GetDoctorQueue", controller = "Triage"}. Executing controller action with signature System.Threading.Tasks.Task`1[Microsoft.AspNetCore.Mvc.IActionResult] GetDoctorQueue(Int32, System.Nullable`1[System.DateTime]) on controller CMS.API.Controllers.TriageController (CMS.API).
2026-09-05 15:41:28.488 +03:00 [INF] Executing OkObjectResult, writing value of type 'CMS.Shared.DTOs.ApiResponse`1[[System.Object, System.Private.CoreLib, Version=8.0.0.0, Culture=neutral, PublicKeyToken=7cec85d7bea7798e]]'.
2026-09-05 15:41:28.492 +03:00 [INF] Executed action CMS.API.Controllers.TriageController.GetDoctorQueue (CMS.API) in 5.7743ms
2026-09-05 15:41:28.496 +03:00 [INF] Executed endpoint 'CMS.API.Controllers.TriageController.GetDoctorQueue (CMS.API)'
2026-09-05 15:41:28.498 +03:00 [INF] Request finished HTTP/1.1 GET http://localhost:5010/api/v1/triage/doctor/1?date=2026-09-05 - 200 null application/json; charset=utf-8 35.4274ms
2026-09-05 15:41:31.074 +03:00 [INF] Request starting HTTP/1.1 GET http://localhost:5010/api/v1/appointments/doctor/1?date=2026-09-05 - application/json null
2026-09-05 15:41:31.080 +03:00 [INF] Executing endpoint 'CMS.API.Controllers.AppointmentsController.GetDoctorAppointments (CMS.API)'
2026-09-05 15:41:31.091 +03:00 [INF] Route matched with {action = "GetDoctorAppointments", controller = "Appointments"}. Executing controller action with signature System.Threading.Tasks.Task`1[Microsoft.AspNetCore.Mvc.IActionResult] GetDoctorAppointments(Int32, System.DateTime) on controller CMS.API.Controllers.AppointmentsController (CMS.API).
2026-09-05 15:41:31.139 +03:00 [INF] Executed action CMS.API.Controllers.AppointmentsController.GetDoctorAppointments (CMS.API) in 44.4315ms
2026-09-05 15:41:31.144 +03:00 [INF] Executed endpoint 'CMS.API.Controllers.AppointmentsController.GetDoctorAppointments (CMS.API)'
2026-09-05 15:41:31.147 +03:00 [ERR] Unhandled exception encountered: A parameterless default constructor or one matching signature (System.Int32 Id, System.Int32 PatientId, System.String PatientName, System.Int32 DoctorId, System.String DoctorName, System.DateTime SlotDateTime, System.Byte DurationMinutes, System.Byte StatusId, System.String StatusName, System.String ReasonForVisit) is required for CMS.Shared.DTOs.AppointmentDto materialization
System.InvalidOperationException: A parameterless default constructor or one matching signature (System.Int32 Id, System.Int32 PatientId, System.String PatientName, System.Int32 DoctorId, System.String DoctorName, System.DateTime SlotDateTime, System.Byte DurationMinutes, System.Byte StatusId, System.String StatusName, System.String ReasonForVisit) is required for CMS.Shared.DTOs.AppointmentDto materialization
   at Dapper.SqlMapper.GenerateDeserializerFromMap(Type type, DbDataReader reader, Int32 startBound, Int32 length, Boolean returnNullIfFirstMissing, ILGenerator il) in /_/Dapper/SqlMapper.cs:line 3473
   at Dapper.SqlMapper.GetTypeDeserializerImpl(Type type, DbDataReader reader, Int32 startBound, Int32 length, Boolean returnNullIfFirstMissing) in /_/Dapper/SqlMapper.cs:line 3304
   at Dapper.SqlMapper.TypeDeserializerCache.GetReader(DbDataReader reader, Int32 startBound, Int32 length, Boolean returnNullIfFirstMissing) in /_/Dapper/SqlMapper.TypeDeserializerCache.cs:line 151
   at Dapper.SqlMapper.TypeDeserializerCache.GetReader(Type type, DbDataReader reader, Int32 startBound, Int32 length, Boolean returnNullIfFirstMissing) in /_/Dapper/SqlMapper.TypeDeserializerCache.cs:line 50
   at Dapper.SqlMapper.GetTypeDeserializer(Type type, DbDataReader reader, Int32 startBound, Int32 length, Boolean returnNullIfFirstMissing) in /_/Dapper/SqlMapper.cs:line 3258
   at Dapper.SqlMapper.GetDeserializer(Type type, DbDataReader reader, Int32 startBound, Int32 length, Boolean returnNullIfFirstMissing) in /_/Dapper/SqlMapper.cs:line 1945
   at Dapper.SqlMapper.QueryAsync[T](IDbConnection cnn, Type effectiveType, CommandDefinition command) in /_/Dapper/SqlMapper.Async.cs:line 442
   at CMS.Application.Appointments.AppointmentService.GetDoctorAppointmentsAsync(Byte tenantId, Int32 doctorId, DateTime date) in C:\Users\ASUS\source\repos\CMS\src\CMS.Application\Appointments\AppointmentService.cs:line 55
   at CMS.API.Controllers.AppointmentsController.GetDoctorAppointments(Int32 doctorId, DateTime date) in C:\Users\ASUS\source\repos\CMS\src\CMS.API\Controllers\ClinicalControllers.cs:line 60
   at Microsoft.AspNetCore.Mvc.Infrastructure.ActionMethodExecutor.TaskOfIActionResultExecutor.Execute(ActionContext actionContext, IActionResultTypeMapper mapper, ObjectMethodExecutor executor, Object controller, Object[] arguments)
   at Microsoft.AspNetCore.Mvc.Infrastructure.ControllerActionInvoker.<InvokeActionMethodAsync>g__Awaited|12_0(ControllerActionInvoker invoker, ValueTask`1 actionResultValueTask)
   at Microsoft.AspNetCore.Mvc.Infrastructure.ControllerActionInvoker.<InvokeNextActionFilterAsync>g__Awaited|10_0(ControllerActionInvoker invoker, Task lastTask, State next, Scope scope, Object state, Boolean isCompleted)
   at Microsoft.AspNetCore.Mvc.Infrastructure.ControllerActionInvoker.Rethrow(ActionExecutedContextSealed context)
   at Microsoft.AspNetCore.Mvc.Infrastructure.ControllerActionInvoker.Next(State& next, Scope& scope, Object& state, Boolean& isCompleted)
   at Microsoft.AspNetCore.Mvc.Infrastructure.ControllerActionInvoker.<InvokeInnerFilterAsync>g__Awaited|13_0(ControllerActionInvoker invoker, Task lastTask, State next, Scope scope, Object state, Boolean isCompleted)
   at Microsoft.AspNetCore.Mvc.Infrastructure.ResourceInvoker.<InvokeFilterPipelineAsync>g__Awaited|20_0(ResourceInvoker invoker, Task lastTask, State next, Scope scope, Object state, Boolean isCompleted)
   at Microsoft.AspNetCore.Mvc.Infrastructure.ResourceInvoker.<InvokeAsync>g__Logged|17_1(ResourceInvoker invoker)
   at Microsoft.AspNetCore.Mvc.Infrastructure.ResourceInvoker.<InvokeAsync>g__Logged|17_1(ResourceInvoker invoker)
   at Microsoft.AspNetCore.Routing.EndpointMiddleware.<Invoke>g__AwaitRequestTask|7_0(Endpoint endpoint, Task requestTask, ILogger logger)
   at Microsoft.AspNetCore.Authorization.AuthorizationMiddleware.Invoke(HttpContext context)
   at Microsoft.AspNetCore.Authentication.AuthenticationMiddleware.Invoke(HttpContext context)
   at Swashbuckle.AspNetCore.SwaggerUI.SwaggerUIMiddleware.Invoke(HttpContext httpContext)
   at Swashbuckle.AspNetCore.Swagger.SwaggerMiddleware.Invoke(HttpContext httpContext, ISwaggerProvider swaggerProvider)
   at CMS.API.Middleware.TenantMiddleware.InvokeAsync(HttpContext context) in C:\Users\ASUS\source\repos\CMS\src\CMS.API\Middleware\Middlewares.cs:line 26
   at CMS.API.Middleware.ExceptionMiddleware.InvokeAsync(HttpContext context) in C:\Users\ASUS\source\repos\CMS\src\CMS.API\Middleware\Middlewares.cs:line 45
2026-09-05 15:41:31.164 +03:00 [INF] Request finished HTTP/1.1 GET http://localhost:5010/api/v1/appointments/doctor/1?date=2026-09-05 - 500 null application/json 90.4665ms
2026-09-05 15:41:31.382 +03:00 [INF] Request starting HTTP/1.1 GET http://localhost:5010/api/v1/staff/doctors - application/json null
2026-09-05 15:41:31.388 +03:00 [INF] Executing endpoint 'CMS.API.Controllers.StaffController.GetDoctors (CMS.API)'
2026-09-05 15:41:31.391 +03:00 [INF] Route matched with {action = "GetDoctors", controller = "Staff"}. Executing controller action with signature System.Threading.Tasks.Task`1[Microsoft.AspNetCore.Mvc.IActionResult] GetDoctors() on controller CMS.API.Controllers.StaffController (CMS.API).
2026-09-05 15:41:31.414 +03:00 [INF] Executed action CMS.API.Controllers.StaffController.GetDoctors (CMS.API) in 17.5842ms
2026-09-05 15:41:31.418 +03:00 [INF] Executed endpoint 'CMS.API.Controllers.StaffController.GetDoctors (CMS.API)'
2026-09-05 15:41:31.421 +03:00 [ERR] Unhandled exception encountered: A parameterless default constructor or one matching signature (System.Int32 Id, System.Int32 StaffId, System.String StaffCode, System.String DoctorName, System.String LicenseNumber, System.Int16 SpecializationId, System.String SpecializationName, System.String SubSpecialization, System.Decimal ConsultationFee, System.Boolean IsAvailable) is required for CMS.Shared.DTOs.DoctorDto materialization
System.InvalidOperationException: A parameterless default constructor or one matching signature (System.Int32 Id, System.Int32 StaffId, System.String StaffCode, System.String DoctorName, System.String LicenseNumber, System.Int16 SpecializationId, System.String SpecializationName, System.String SubSpecialization, System.Decimal ConsultationFee, System.Boolean IsAvailable) is required for CMS.Shared.DTOs.DoctorDto materialization
   at Dapper.SqlMapper.GenerateDeserializerFromMap(Type type, DbDataReader reader, Int32 startBound, Int32 length, Boolean returnNullIfFirstMissing, ILGenerator il) in /_/Dapper/SqlMapper.cs:line 3473
   at Dapper.SqlMapper.GetTypeDeserializerImpl(Type type, DbDataReader reader, Int32 startBound, Int32 length, Boolean returnNullIfFirstMissing) in /_/Dapper/SqlMapper.cs:line 3304
   at Dapper.SqlMapper.TypeDeserializerCache.GetReader(DbDataReader reader, Int32 startBound, Int32 length, Boolean returnNullIfFirstMissing) in /_/Dapper/SqlMapper.TypeDeserializerCache.cs:line 151
   at Dapper.SqlMapper.TypeDeserializerCache.GetReader(Type type, DbDataReader reader, Int32 startBound, Int32 length, Boolean returnNullIfFirstMissing) in /_/Dapper/SqlMapper.TypeDeserializerCache.cs:line 50
   at Dapper.SqlMapper.GetTypeDeserializer(Type type, DbDataReader reader, Int32 startBound, Int32 length, Boolean returnNullIfFirstMissing) in /_/Dapper/SqlMapper.cs:line 3258
   at Dapper.SqlMapper.GetDeserializer(Type type, DbDataReader reader, Int32 startBound, Int32 length, Boolean returnNullIfFirstMissing) in /_/Dapper/SqlMapper.cs:line 1945
   at Dapper.SqlMapper.QueryAsync[T](IDbConnection cnn, Type effectiveType, CommandDefinition command) in /_/Dapper/SqlMapper.Async.cs:line 442
   at CMS.Application.StaffServices.StaffAndDoctorService.GetDoctorsAsync(Byte tenantId) in C:\Users\ASUS\source\repos\CMS\src\CMS.Application\StaffServices\StaffAndDoctorService.cs:line 35
   at CMS.API.Controllers.StaffController.GetDoctors() in C:\Users\ASUS\source\repos\CMS\src\CMS.API\Controllers\ClinicalControllers.cs:line 24
   at Microsoft.AspNetCore.Mvc.Infrastructure.ActionMethodExecutor.TaskOfIActionResultExecutor.Execute(ActionContext actionContext, IActionResultTypeMapper mapper, ObjectMethodExecutor executor, Object controller, Object[] arguments)
   at Microsoft.AspNetCore.Mvc.Infrastructure.ControllerActionInvoker.<InvokeActionMethodAsync>g__Awaited|12_0(ControllerActionInvoker invoker, ValueTask`1 actionResultValueTask)
   at Microsoft.AspNetCore.Mvc.Infrastructure.ControllerActionInvoker.<InvokeNextActionFilterAsync>g__Awaited|10_0(ControllerActionInvoker invoker, Task lastTask, State next, Scope scope, Object state, Boolean isCompleted)
   at Microsoft.AspNetCore.Mvc.Infrastructure.ControllerActionInvoker.Rethrow(ActionExecutedContextSealed context)
   at Microsoft.AspNetCore.Mvc.Infrastructure.ControllerActionInvoker.Next(State& next, Scope& scope, Object& state, Boolean& isCompleted)
   at Microsoft.AspNetCore.Mvc.Infrastructure.ControllerActionInvoker.<InvokeInnerFilterAsync>g__Awaited|13_0(ControllerActionInvoker invoker, Task lastTask, State next, Scope scope, Object state, Boolean isCompleted)
   at Microsoft.AspNetCore.Mvc.Infrastructure.ResourceInvoker.<InvokeFilterPipelineAsync>g__Awaited|20_0(ResourceInvoker invoker, Task lastTask, State next, Scope scope, Object state, Boolean isCompleted)
   at Microsoft.AspNetCore.Mvc.Infrastructure.ResourceInvoker.<InvokeAsync>g__Logged|17_1(ResourceInvoker invoker)
   at Microsoft.AspNetCore.Mvc.Infrastructure.ResourceInvoker.<InvokeAsync>g__Logged|17_1(ResourceInvoker invoker)
   at Microsoft.AspNetCore.Routing.EndpointMiddleware.<Invoke>g__AwaitRequestTask|7_0(Endpoint endpoint, Task requestTask, ILogger logger)
   at Microsoft.AspNetCore.Authorization.AuthorizationMiddleware.Invoke(HttpContext context)
   at Microsoft.AspNetCore.Authentication.AuthenticationMiddleware.Invoke(HttpContext context)
   at Swashbuckle.AspNetCore.SwaggerUI.SwaggerUIMiddleware.Invoke(HttpContext httpContext)
   at Swashbuckle.AspNetCore.Swagger.SwaggerMiddleware.Invoke(HttpContext httpContext, ISwaggerProvider swaggerProvider)
   at CMS.API.Middleware.TenantMiddleware.InvokeAsync(HttpContext context) in C:\Users\ASUS\source\repos\CMS\src\CMS.API\Middleware\Middlewares.cs:line 26
   at CMS.API.Middleware.ExceptionMiddleware.InvokeAsync(HttpContext context) in C:\Users\ASUS\source\repos\CMS\src\CMS.API\Middleware\Middlewares.cs:line 45
2026-09-05 15:41:31.438 +03:00 [INF] Request finished HTTP/1.1 GET http://localhost:5010/api/v1/staff/doctors - 500 null application/json 56.0171ms
2026-09-05 15:41:31.473 +03:00 [INF] Request starting HTTP/1.1 GET http://localhost:5010/api/v1/appointments/doctor/1?date=2026-09-05 - application/json null
2026-09-05 15:41:31.481 +03:00 [INF] Executing endpoint 'CMS.API.Controllers.AppointmentsController.GetDoctorAppointments (CMS.API)'
2026-09-05 15:41:31.484 +03:00 [INF] Route matched with {action = "GetDoctorAppointments", controller = "Appointments"}. Executing controller action with signature System.Threading.Tasks.Task`1[Microsoft.AspNetCore.Mvc.IActionResult] GetDoctorAppointments(Int32, System.DateTime) on controller CMS.API.Controllers.AppointmentsController (CMS.API).
2026-09-05 15:41:31.492 +03:00 [INF] Executed action CMS.API.Controllers.AppointmentsController.GetDoctorAppointments (CMS.API) in 2.7145ms
2026-09-05 15:41:31.495 +03:00 [INF] Executed endpoint 'CMS.API.Controllers.AppointmentsController.GetDoctorAppointments (CMS.API)'
2026-09-05 15:41:31.499 +03:00 [ERR] Unhandled exception encountered: A parameterless default constructor or one matching signature (System.Int32 Id, System.Int32 PatientId, System.String PatientName, System.Int32 DoctorId, System.String DoctorName, System.DateTime SlotDateTime, System.Byte DurationMinutes, System.Byte StatusId, System.String StatusName, System.String ReasonForVisit) is required for CMS.Shared.DTOs.AppointmentDto materialization
System.InvalidOperationException: A parameterless default constructor or one matching signature (System.Int32 Id, System.Int32 PatientId, System.String PatientName, System.Int32 DoctorId, System.String DoctorName, System.DateTime SlotDateTime, System.Byte DurationMinutes, System.Byte StatusId, System.String StatusName, System.String ReasonForVisit) is required for CMS.Shared.DTOs.AppointmentDto materialization
   at Dapper.SqlMapper.GenerateDeserializerFromMap(Type type, DbDataReader reader, Int32 startBound, Int32 length, Boolean returnNullIfFirstMissing, ILGenerator il) in /_/Dapper/SqlMapper.cs:line 3473
   at Dapper.SqlMapper.GetTypeDeserializerImpl(Type type, DbDataReader reader, Int32 startBound, Int32 length, Boolean returnNullIfFirstMissing) in /_/Dapper/SqlMapper.cs:line 3304
   at Dapper.SqlMapper.TypeDeserializerCache.GetReader(DbDataReader reader, Int32 startBound, Int32 length, Boolean returnNullIfFirstMissing) in /_/Dapper/SqlMapper.TypeDeserializerCache.cs:line 151
   at Dapper.SqlMapper.TypeDeserializerCache.GetReader(Type type, DbDataReader reader, Int32 startBound, Int32 length, Boolean returnNullIfFirstMissing) in /_/Dapper/SqlMapper.TypeDeserializerCache.cs:line 50
   at Dapper.SqlMapper.GetTypeDeserializer(Type type, DbDataReader reader, Int32 startBound, Int32 length, Boolean returnNullIfFirstMissing) in /_/Dapper/SqlMapper.cs:line 3258
   at Dapper.SqlMapper.GetDeserializer(Type type, DbDataReader reader, Int32 startBound, Int32 length, Boolean returnNullIfFirstMissing) in /_/Dapper/SqlMapper.cs:line 1945
   at Dapper.SqlMapper.QueryAsync[T](IDbConnection cnn, Type effectiveType, CommandDefinition command) in /_/Dapper/SqlMapper.Async.cs:line 442
   at CMS.Application.Appointments.AppointmentService.GetDoctorAppointmentsAsync(Byte tenantId, Int32 doctorId, DateTime date) in C:\Users\ASUS\source\repos\CMS\src\CMS.Application\Appointments\AppointmentService.cs:line 55
   at CMS.API.Controllers.AppointmentsController.GetDoctorAppointments(Int32 doctorId, DateTime date) in C:\Users\ASUS\source\repos\CMS\src\CMS.API\Controllers\ClinicalControllers.cs:line 60
   at Microsoft.AspNetCore.Mvc.Infrastructure.ActionMethodExecutor.TaskOfIActionResultExecutor.Execute(ActionContext actionContext, IActionResultTypeMapper mapper, ObjectMethodExecutor executor, Object controller, Object[] arguments)
   at Microsoft.AspNetCore.Mvc.Infrastructure.ControllerActionInvoker.<InvokeActionMethodAsync>g__Awaited|12_0(ControllerActionInvoker invoker, ValueTask`1 actionResultValueTask)
   at Microsoft.AspNetCore.Mvc.Infrastructure.ControllerActionInvoker.<InvokeNextActionFilterAsync>g__Awaited|10_0(ControllerActionInvoker invoker, Task lastTask, State next, Scope scope, Object state, Boolean isCompleted)
   at Microsoft.AspNetCore.Mvc.Infrastructure.ControllerActionInvoker.Rethrow(ActionExecutedContextSealed context)
   at Microsoft.AspNetCore.Mvc.Infrastructure.ControllerActionInvoker.Next(State& next, Scope& scope, Object& state, Boolean& isCompleted)
   at Microsoft.AspNetCore.Mvc.Infrastructure.ControllerActionInvoker.<InvokeInnerFilterAsync>g__Awaited|13_0(ControllerActionInvoker invoker, Task lastTask, State next, Scope scope, Object state, Boolean isCompleted)
   at Microsoft.AspNetCore.Mvc.Infrastructure.ResourceInvoker.<InvokeFilterPipelineAsync>g__Awaited|20_0(ResourceInvoker invoker, Task lastTask, State next, Scope scope, Object state, Boolean isCompleted)
   at Microsoft.AspNetCore.Mvc.Infrastructure.ResourceInvoker.<InvokeAsync>g__Logged|17_1(ResourceInvoker invoker)
   at Microsoft.AspNetCore.Mvc.Infrastructure.ResourceInvoker.<InvokeAsync>g__Logged|17_1(ResourceInvoker invoker)
   at Microsoft.AspNetCore.Routing.EndpointMiddleware.<Invoke>g__AwaitRequestTask|7_0(Endpoint endpoint, Task requestTask, ILogger logger)
   at Microsoft.AspNetCore.Authorization.AuthorizationMiddleware.Invoke(HttpContext context)
   at Microsoft.AspNetCore.Authentication.AuthenticationMiddleware.Invoke(HttpContext context)
   at Swashbuckle.AspNetCore.SwaggerUI.SwaggerUIMiddleware.Invoke(HttpContext httpContext)
   at Swashbuckle.AspNetCore.Swagger.SwaggerMiddleware.Invoke(HttpContext httpContext, ISwaggerProvider swaggerProvider)
   at CMS.API.Middleware.TenantMiddleware.InvokeAsync(HttpContext context) in C:\Users\ASUS\source\repos\CMS\src\CMS.API\Middleware\Middlewares.cs:line 26
   at CMS.API.Middleware.ExceptionMiddleware.InvokeAsync(HttpContext context) in C:\Users\ASUS\source\repos\CMS\src\CMS.API\Middleware\Middlewares.cs:line 45
2026-09-05 15:41:31.515 +03:00 [INF] Request finished HTTP/1.1 GET http://localhost:5010/api/v1/appointments/doctor/1?date=2026-09-05 - 500 null application/json 42.1828ms
2026-09-05 15:41:31.753 +03:00 [INF] Request starting HTTP/1.1 GET http://localhost:5010/api/v1/staff/doctors - application/json null
2026-09-05 15:41:31.760 +03:00 [INF] Executing endpoint 'CMS.API.Controllers.StaffController.GetDoctors (CMS.API)'
2026-09-05 15:41:31.763 +03:00 [INF] Route matched with {action = "GetDoctors", controller = "Staff"}. Executing controller action with signature System.Threading.Tasks.Task`1[Microsoft.AspNetCore.Mvc.IActionResult] GetDoctors() on controller CMS.API.Controllers.StaffController (CMS.API).
2026-09-05 15:41:31.769 +03:00 [INF] Executed action CMS.API.Controllers.StaffController.GetDoctors (CMS.API) in 2.5075ms
2026-09-05 15:41:31.772 +03:00 [INF] Executed endpoint 'CMS.API.Controllers.StaffController.GetDoctors (CMS.API)'
2026-09-05 15:41:31.776 +03:00 [ERR] Unhandled exception encountered: A parameterless default constructor or one matching signature (System.Int32 Id, System.Int32 StaffId, System.String StaffCode, System.String DoctorName, System.String LicenseNumber, System.Int16 SpecializationId, System.String SpecializationName, System.String SubSpecialization, System.Decimal ConsultationFee, System.Boolean IsAvailable) is required for CMS.Shared.DTOs.DoctorDto materialization
System.InvalidOperationException: A parameterless default constructor or one matching signature (System.Int32 Id, System.Int32 StaffId, System.String StaffCode, System.String DoctorName, System.String LicenseNumber, System.Int16 SpecializationId, System.String SpecializationName, System.String SubSpecialization, System.Decimal ConsultationFee, System.Boolean IsAvailable) is required for CMS.Shared.DTOs.DoctorDto materialization
   at Dapper.SqlMapper.GenerateDeserializerFromMap(Type type, DbDataReader reader, Int32 startBound, Int32 length, Boolean returnNullIfFirstMissing, ILGenerator il) in /_/Dapper/SqlMapper.cs:line 3473
   at Dapper.SqlMapper.GetTypeDeserializerImpl(Type type, DbDataReader reader, Int32 startBound, Int32 length, Boolean returnNullIfFirstMissing) in /_/Dapper/SqlMapper.cs:line 3304
   at Dapper.SqlMapper.TypeDeserializerCache.GetReader(DbDataReader reader, Int32 startBound, Int32 length, Boolean returnNullIfFirstMissing) in /_/Dapper/SqlMapper.TypeDeserializerCache.cs:line 151
   at Dapper.SqlMapper.TypeDeserializerCache.GetReader(Type type, DbDataReader reader, Int32 startBound, Int32 length, Boolean returnNullIfFirstMissing) in /_/Dapper/SqlMapper.TypeDeserializerCache.cs:line 50
   at Dapper.SqlMapper.GetTypeDeserializer(Type type, DbDataReader reader, Int32 startBound, Int32 length, Boolean returnNullIfFirstMissing) in /_/Dapper/SqlMapper.cs:line 3258
   at Dapper.SqlMapper.GetDeserializer(Type type, DbDataReader reader, Int32 startBound, Int32 length, Boolean returnNullIfFirstMissing) in /_/Dapper/SqlMapper.cs:line 1945
   at Dapper.SqlMapper.QueryAsync[T](IDbConnection cnn, Type effectiveType, CommandDefinition command) in /_/Dapper/SqlMapper.Async.cs:line 442
   at CMS.Application.StaffServices.StaffAndDoctorService.GetDoctorsAsync(Byte tenantId) in C:\Users\ASUS\source\repos\CMS\src\CMS.Application\StaffServices\StaffAndDoctorService.cs:line 35
   at CMS.API.Controllers.StaffController.GetDoctors() in C:\Users\ASUS\source\repos\CMS\src\CMS.API\Controllers\ClinicalControllers.cs:line 24
   at Microsoft.AspNetCore.Mvc.Infrastructure.ActionMethodExecutor.TaskOfIActionResultExecutor.Execute(ActionContext actionContext, IActionResultTypeMapper mapper, ObjectMethodExecutor executor, Object controller, Object[] arguments)
   at Microsoft.AspNetCore.Mvc.Infrastructure.ControllerActionInvoker.<InvokeActionMethodAsync>g__Awaited|12_0(ControllerActionInvoker invoker, ValueTask`1 actionResultValueTask)
   at Microsoft.AspNetCore.Mvc.Infrastructure.ControllerActionInvoker.<InvokeNextActionFilterAsync>g__Awaited|10_0(ControllerActionInvoker invoker, Task lastTask, State next, Scope scope, Object state, Boolean isCompleted)
   at Microsoft.AspNetCore.Mvc.Infrastructure.ControllerActionInvoker.Rethrow(ActionExecutedContextSealed context)
   at Microsoft.AspNetCore.Mvc.Infrastructure.ControllerActionInvoker.Next(State& next, Scope& scope, Object& state, Boolean& isCompleted)
   at Microsoft.AspNetCore.Mvc.Infrastructure.ControllerActionInvoker.<InvokeInnerFilterAsync>g__Awaited|13_0(ControllerActionInvoker invoker, Task lastTask, State next, Scope scope, Object state, Boolean isCompleted)
   at Microsoft.AspNetCore.Mvc.Infrastructure.ResourceInvoker.<InvokeFilterPipelineAsync>g__Awaited|20_0(ResourceInvoker invoker, Task lastTask, State next, Scope scope, Object state, Boolean isCompleted)
   at Microsoft.AspNetCore.Mvc.Infrastructure.ResourceInvoker.<InvokeAsync>g__Logged|17_1(ResourceInvoker invoker)
   at Microsoft.AspNetCore.Mvc.Infrastructure.ResourceInvoker.<InvokeAsync>g__Logged|17_1(ResourceInvoker invoker)
   at Microsoft.AspNetCore.Routing.EndpointMiddleware.<Invoke>g__AwaitRequestTask|7_0(Endpoint endpoint, Task requestTask, ILogger logger)
   at Microsoft.AspNetCore.Authorization.AuthorizationMiddleware.Invoke(HttpContext context)
   at Microsoft.AspNetCore.Authentication.AuthenticationMiddleware.Invoke(HttpContext context)
   at Swashbuckle.AspNetCore.SwaggerUI.SwaggerUIMiddleware.Invoke(HttpContext httpContext)
   at Swashbuckle.AspNetCore.Swagger.SwaggerMiddleware.Invoke(HttpContext httpContext, ISwaggerProvider swaggerProvider)
   at CMS.API.Middleware.TenantMiddleware.InvokeAsync(HttpContext context) in C:\Users\ASUS\source\repos\CMS\src\CMS.API\Middleware\Middlewares.cs:line 26
   at CMS.API.Middleware.ExceptionMiddleware.InvokeAsync(HttpContext context) in C:\Users\ASUS\source\repos\CMS\src\CMS.API\Middleware\Middlewares.cs:line 45
2026-09-05 15:41:31.790 +03:00 [INF] Request finished HTTP/1.1 GET http://localhost:5010/api/v1/staff/doctors - 500 null application/json 37.4012ms
2026-09-05 15:41:41.393 +03:00 [INF] Request starting HTTP/1.1 GET http://localhost:5010/api/v1/queue/live - application/json null
2026-09-05 15:41:41.393 +03:00 [INF] Request starting HTTP/1.1 GET http://localhost:5010/api/v1/queue/counters - application/json null
2026-09-05 15:41:41.400 +03:00 [INF] Executing endpoint 'CMS.API.Controllers.QueueController.GetLiveQueue (CMS.API)'
2026-09-05 15:41:41.407 +03:00 [INF] Executing endpoint 'CMS.API.Controllers.QueueController.GetCounters (CMS.API)'
2026-09-05 15:41:41.415 +03:00 [INF] Route matched with {action = "GetLiveQueue", controller = "Queue"}. Executing controller action with signature System.Threading.Tasks.Task`1[Microsoft.AspNetCore.Mvc.IActionResult] GetLiveQueue() on controller CMS.API.Controllers.QueueController (CMS.API).
2026-09-05 15:41:41.417 +03:00 [INF] Route matched with {action = "GetCounters", controller = "Queue"}. Executing controller action with signature System.Threading.Tasks.Task`1[Microsoft.AspNetCore.Mvc.IActionResult] GetCounters() on controller CMS.API.Controllers.QueueController (CMS.API).
2026-09-05 15:41:41.442 +03:00 [INF] Executing OkObjectResult, writing value of type 'CMS.Shared.DTOs.ApiResponse`1[[System.Collections.Generic.List`1[[CMS.Shared.DTOs.ServiceCounterDto, CMS.Shared, Version=1.0.0.0, Culture=neutral, PublicKeyToken=null]], System.Private.CoreLib, Version=8.0.0.0, Culture=neutral, PublicKeyToken=7cec85d7bea7798e]]'.
2026-09-05 15:41:41.452 +03:00 [INF] Executed action CMS.API.Controllers.QueueController.GetCounters (CMS.API) in 26.5133ms
2026-09-05 15:41:41.453 +03:00 [INF] Executing OkObjectResult, writing value of type 'CMS.Shared.DTOs.ApiResponse`1[[System.Collections.Generic.List`1[[CMS.Shared.DTOs.PatientQueueDto, CMS.Shared, Version=1.0.0.0, Culture=neutral, PublicKeyToken=null]], System.Private.CoreLib, Version=8.0.0.0, Culture=neutral, PublicKeyToken=7cec85d7bea7798e]]'.
2026-09-05 15:41:41.457 +03:00 [INF] Executed endpoint 'CMS.API.Controllers.QueueController.GetCounters (CMS.API)'
2026-09-05 15:41:41.464 +03:00 [INF] Request finished HTTP/1.1 GET http://localhost:5010/api/v1/queue/counters - 200 null application/json; charset=utf-8 70.4276ms
2026-09-05 15:41:41.464 +03:00 [INF] Executed action CMS.API.Controllers.QueueController.GetLiveQueue (CMS.API) in 43.7165ms
2026-09-05 15:41:41.476 +03:00 [INF] Executed endpoint 'CMS.API.Controllers.QueueController.GetLiveQueue (CMS.API)'
2026-09-05 15:41:41.479 +03:00 [INF] Request finished HTTP/1.1 GET http://localhost:5010/api/v1/queue/live - 200 null application/json; charset=utf-8 85.3652ms
2026-09-05 15:41:41.639 +03:00 [INF] Request starting HTTP/1.1 GET http://localhost:5010/api/v1/queue/counters - application/json null
2026-09-05 15:41:41.645 +03:00 [INF] Executing endpoint 'CMS.API.Controllers.QueueController.GetCounters (CMS.API)'
2026-09-05 15:41:41.648 +03:00 [INF] Route matched with {action = "GetCounters", controller = "Queue"}. Executing controller action with signature System.Threading.Tasks.Task`1[Microsoft.AspNetCore.Mvc.IActionResult] GetCounters() on controller CMS.API.Controllers.QueueController (CMS.API).
2026-09-05 15:41:41.655 +03:00 [INF] Executing OkObjectResult, writing value of type 'CMS.Shared.DTOs.ApiResponse`1[[System.Collections.Generic.List`1[[CMS.Shared.DTOs.ServiceCounterDto, CMS.Shared, Version=1.0.0.0, Culture=neutral, PublicKeyToken=null]], System.Private.CoreLib, Version=8.0.0.0, Culture=neutral, PublicKeyToken=7cec85d7bea7798e]]'.
2026-09-05 15:41:41.659 +03:00 [INF] Executed action CMS.API.Controllers.QueueController.GetCounters (CMS.API) in 6.5932ms
2026-09-05 15:41:41.662 +03:00 [INF] Executed endpoint 'CMS.API.Controllers.QueueController.GetCounters (CMS.API)'
2026-09-05 15:41:41.665 +03:00 [INF] Request finished HTTP/1.1 GET http://localhost:5010/api/v1/queue/counters - 200 null application/json; charset=utf-8 25.6009ms
2026-09-05 15:41:41.764 +03:00 [INF] Request starting HTTP/1.1 GET http://localhost:5010/api/v1/queue/live - application/json null
2026-09-05 15:41:41.771 +03:00 [INF] Executing endpoint 'CMS.API.Controllers.QueueController.GetLiveQueue (CMS.API)'
2026-09-05 15:41:41.774 +03:00 [INF] Route matched with {action = "GetLiveQueue", controller = "Queue"}. Executing controller action with signature System.Threading.Tasks.Task`1[Microsoft.AspNetCore.Mvc.IActionResult] GetLiveQueue() on controller CMS.API.Controllers.QueueController (CMS.API).
2026-09-05 15:41:41.780 +03:00 [INF] Executing OkObjectResult, writing value of type 'CMS.Shared.DTOs.ApiResponse`1[[System.Collections.Generic.List`1[[CMS.Shared.DTOs.PatientQueueDto, CMS.Shared, Version=1.0.0.0, Culture=neutral, PublicKeyToken=null]], System.Private.CoreLib, Version=8.0.0.0, Culture=neutral, PublicKeyToken=7cec85d7bea7798e]]'.
2026-09-05 15:41:41.783 +03:00 [INF] Executed action CMS.API.Controllers.QueueController.GetLiveQueue (CMS.API) in 4.7255ms
2026-09-05 15:41:41.787 +03:00 [INF] Executed endpoint 'CMS.API.Controllers.QueueController.GetLiveQueue (CMS.API)'
2026-09-05 15:41:41.789 +03:00 [INF] Request finished HTTP/1.1 GET http://localhost:5010/api/v1/queue/live - 200 null application/json; charset=utf-8 25.5071ms
2026-09-05 15:41:42.230 +03:00 [INF] Request starting HTTP/1.1 GET http://localhost:5010/api/v1/staff/doctors - application/json null
2026-09-05 15:41:42.237 +03:00 [INF] Executing endpoint 'CMS.API.Controllers.StaffController.GetDoctors (CMS.API)'
2026-09-05 15:41:42.241 +03:00 [INF] Route matched with {action = "GetDoctors", controller = "Staff"}. Executing controller action with signature System.Threading.Tasks.Task`1[Microsoft.AspNetCore.Mvc.IActionResult] GetDoctors() on controller CMS.API.Controllers.StaffController (CMS.API).
2026-09-05 15:41:42.251 +03:00 [INF] Executed action CMS.API.Controllers.StaffController.GetDoctors (CMS.API) in 3.0811ms
2026-09-05 15:41:42.255 +03:00 [INF] Executed endpoint 'CMS.API.Controllers.StaffController.GetDoctors (CMS.API)'
2026-09-05 15:41:42.259 +03:00 [ERR] Unhandled exception encountered: A parameterless default constructor or one matching signature (System.Int32 Id, System.Int32 StaffId, System.String StaffCode, System.String DoctorName, System.String LicenseNumber, System.Int16 SpecializationId, System.String SpecializationName, System.String SubSpecialization, System.Decimal ConsultationFee, System.Boolean IsAvailable) is required for CMS.Shared.DTOs.DoctorDto materialization
System.InvalidOperationException: A parameterless default constructor or one matching signature (System.Int32 Id, System.Int32 StaffId, System.String StaffCode, System.String DoctorName, System.String LicenseNumber, System.Int16 SpecializationId, System.String SpecializationName, System.String SubSpecialization, System.Decimal ConsultationFee, System.Boolean IsAvailable) is required for CMS.Shared.DTOs.DoctorDto materialization
   at Dapper.SqlMapper.GenerateDeserializerFromMap(Type type, DbDataReader reader, Int32 startBound, Int32 length, Boolean returnNullIfFirstMissing, ILGenerator il) in /_/Dapper/SqlMapper.cs:line 3473
   at Dapper.SqlMapper.GetTypeDeserializerImpl(Type type, DbDataReader reader, Int32 startBound, Int32 length, Boolean returnNullIfFirstMissing) in /_/Dapper/SqlMapper.cs:line 3304
   at Dapper.SqlMapper.TypeDeserializerCache.GetReader(DbDataReader reader, Int32 startBound, Int32 length, Boolean returnNullIfFirstMissing) in /_/Dapper/SqlMapper.TypeDeserializerCache.cs:line 151
   at Dapper.SqlMapper.TypeDeserializerCache.GetReader(Type type, DbDataReader reader, Int32 startBound, Int32 length, Boolean returnNullIfFirstMissing) in /_/Dapper/SqlMapper.TypeDeserializerCache.cs:line 50
   at Dapper.SqlMapper.GetTypeDeserializer(Type type, DbDataReader reader, Int32 startBound, Int32 length, Boolean returnNullIfFirstMissing) in /_/Dapper/SqlMapper.cs:line 3258
   at Dapper.SqlMapper.GetDeserializer(Type type, DbDataReader reader, Int32 startBound, Int32 length, Boolean returnNullIfFirstMissing) in /_/Dapper/SqlMapper.cs:line 1945
   at Dapper.SqlMapper.QueryAsync[T](IDbConnection cnn, Type effectiveType, CommandDefinition command) in /_/Dapper/SqlMapper.Async.cs:line 442
   at CMS.Application.StaffServices.StaffAndDoctorService.GetDoctorsAsync(Byte tenantId) in C:\Users\ASUS\source\repos\CMS\src\CMS.Application\StaffServices\StaffAndDoctorService.cs:line 35
   at CMS.API.Controllers.StaffController.GetDoctors() in C:\Users\ASUS\source\repos\CMS\src\CMS.API\Controllers\ClinicalControllers.cs:line 24
   at Microsoft.AspNetCore.Mvc.Infrastructure.ActionMethodExecutor.TaskOfIActionResultExecutor.Execute(ActionContext actionContext, IActionResultTypeMapper mapper, ObjectMethodExecutor executor, Object controller, Object[] arguments)
   at Microsoft.AspNetCore.Mvc.Infrastructure.ControllerActionInvoker.<InvokeActionMethodAsync>g__Awaited|12_0(ControllerActionInvoker invoker, ValueTask`1 actionResultValueTask)
   at Microsoft.AspNetCore.Mvc.Infrastructure.ControllerActionInvoker.<InvokeNextActionFilterAsync>g__Awaited|10_0(ControllerActionInvoker invoker, Task lastTask, State next, Scope scope, Object state, Boolean isCompleted)
   at Microsoft.AspNetCore.Mvc.Infrastructure.ControllerActionInvoker.Rethrow(ActionExecutedContextSealed context)
   at Microsoft.AspNetCore.Mvc.Infrastructure.ControllerActionInvoker.Next(State& next, Scope& scope, Object& state, Boolean& isCompleted)
   at Microsoft.AspNetCore.Mvc.Infrastructure.ControllerActionInvoker.<InvokeInnerFilterAsync>g__Awaited|13_0(ControllerActionInvoker invoker, Task lastTask, State next, Scope scope, Object state, Boolean isCompleted)
   at Microsoft.AspNetCore.Mvc.Infrastructure.ResourceInvoker.<InvokeFilterPipelineAsync>g__Awaited|20_0(ResourceInvoker invoker, Task lastTask, State next, Scope scope, Object state, Boolean isCompleted)
   at Microsoft.AspNetCore.Mvc.Infrastructure.ResourceInvoker.<InvokeAsync>g__Logged|17_1(ResourceInvoker invoker)
   at Microsoft.AspNetCore.Mvc.Infrastructure.ResourceInvoker.<InvokeAsync>g__Logged|17_1(ResourceInvoker invoker)
   at Microsoft.AspNetCore.Routing.EndpointMiddleware.<Invoke>g__AwaitRequestTask|7_0(Endpoint endpoint, Task requestTask, ILogger logger)
   at Microsoft.AspNetCore.Authorization.AuthorizationMiddleware.Invoke(HttpContext context)
   at Microsoft.AspNetCore.Authentication.AuthenticationMiddleware.Invoke(HttpContext context)
   at Swashbuckle.AspNetCore.SwaggerUI.SwaggerUIMiddleware.Invoke(HttpContext httpContext)
   at Swashbuckle.AspNetCore.Swagger.SwaggerMiddleware.Invoke(HttpContext httpContext, ISwaggerProvider swaggerProvider)
   at CMS.API.Middleware.TenantMiddleware.InvokeAsync(HttpContext context) in C:\Users\ASUS\source\repos\CMS\src\CMS.API\Middleware\Middlewares.cs:line 26
   at CMS.API.Middleware.ExceptionMiddleware.InvokeAsync(HttpContext context) in C:\Users\ASUS\source\repos\CMS\src\CMS.API\Middleware\Middlewares.cs:line 45
2026-09-05 15:41:42.275 +03:00 [INF] Request finished HTTP/1.1 GET http://localhost:5010/api/v1/staff/doctors - 500 null application/json 44.917ms
2026-09-05 15:41:42.541 +03:00 [INF] Request starting HTTP/1.1 GET http://localhost:5010/api/v1/appointments/doctor/1?date=2026-09-05 - application/json null
2026-09-05 15:41:42.547 +03:00 [INF] Executing endpoint 'CMS.API.Controllers.AppointmentsController.GetDoctorAppointments (CMS.API)'
2026-09-05 15:41:42.551 +03:00 [INF] Route matched with {action = "GetDoctorAppointments", controller = "Appointments"}. Executing controller action with signature System.Threading.Tasks.Task`1[Microsoft.AspNetCore.Mvc.IActionResult] GetDoctorAppointments(Int32, System.DateTime) on controller CMS.API.Controllers.AppointmentsController (CMS.API).
2026-09-05 15:41:42.559 +03:00 [INF] Executed action CMS.API.Controllers.AppointmentsController.GetDoctorAppointments (CMS.API) in 4.2206ms
2026-09-05 15:41:42.563 +03:00 [INF] Executed endpoint 'CMS.API.Controllers.AppointmentsController.GetDoctorAppointments (CMS.API)'
2026-09-05 15:41:42.566 +03:00 [ERR] Unhandled exception encountered: A parameterless default constructor or one matching signature (System.Int32 Id, System.Int32 PatientId, System.String PatientName, System.Int32 DoctorId, System.String DoctorName, System.DateTime SlotDateTime, System.Byte DurationMinutes, System.Byte StatusId, System.String StatusName, System.String ReasonForVisit) is required for CMS.Shared.DTOs.AppointmentDto materialization
System.InvalidOperationException: A parameterless default constructor or one matching signature (System.Int32 Id, System.Int32 PatientId, System.String PatientName, System.Int32 DoctorId, System.String DoctorName, System.DateTime SlotDateTime, System.Byte DurationMinutes, System.Byte StatusId, System.String StatusName, System.String ReasonForVisit) is required for CMS.Shared.DTOs.AppointmentDto materialization
   at Dapper.SqlMapper.GenerateDeserializerFromMap(Type type, DbDataReader reader, Int32 startBound, Int32 length, Boolean returnNullIfFirstMissing, ILGenerator il) in /_/Dapper/SqlMapper.cs:line 3473
   at Dapper.SqlMapper.GetTypeDeserializerImpl(Type type, DbDataReader reader, Int32 startBound, Int32 length, Boolean returnNullIfFirstMissing) in /_/Dapper/SqlMapper.cs:line 3304
   at Dapper.SqlMapper.TypeDeserializerCache.GetReader(DbDataReader reader, Int32 startBound, Int32 length, Boolean returnNullIfFirstMissing) in /_/Dapper/SqlMapper.TypeDeserializerCache.cs:line 151
   at Dapper.SqlMapper.TypeDeserializerCache.GetReader(Type type, DbDataReader reader, Int32 startBound, Int32 length, Boolean returnNullIfFirstMissing) in /_/Dapper/SqlMapper.TypeDeserializerCache.cs:line 50
   at Dapper.SqlMapper.GetTypeDeserializer(Type type, DbDataReader reader, Int32 startBound, Int32 length, Boolean returnNullIfFirstMissing) in /_/Dapper/SqlMapper.cs:line 3258
   at Dapper.SqlMapper.GetDeserializer(Type type, DbDataReader reader, Int32 startBound, Int32 length, Boolean returnNullIfFirstMissing) in /_/Dapper/SqlMapper.cs:line 1945
   at Dapper.SqlMapper.QueryAsync[T](IDbConnection cnn, Type effectiveType, CommandDefinition command) in /_/Dapper/SqlMapper.Async.cs:line 442
   at CMS.Application.Appointments.AppointmentService.GetDoctorAppointmentsAsync(Byte tenantId, Int32 doctorId, DateTime date) in C:\Users\ASUS\source\repos\CMS\src\CMS.Application\Appointments\AppointmentService.cs:line 55
   at CMS.API.Controllers.AppointmentsController.GetDoctorAppointments(Int32 doctorId, DateTime date) in C:\Users\ASUS\source\repos\CMS\src\CMS.API\Controllers\ClinicalControllers.cs:line 60
   at Microsoft.AspNetCore.Mvc.Infrastructure.ActionMethodExecutor.TaskOfIActionResultExecutor.Execute(ActionContext actionContext, IActionResultTypeMapper mapper, ObjectMethodExecutor executor, Object controller, Object[] arguments)
   at Microsoft.AspNetCore.Mvc.Infrastructure.ControllerActionInvoker.<InvokeActionMethodAsync>g__Awaited|12_0(ControllerActionInvoker invoker, ValueTask`1 actionResultValueTask)
   at Microsoft.AspNetCore.Mvc.Infrastructure.ControllerActionInvoker.<InvokeNextActionFilterAsync>g__Awaited|10_0(ControllerActionInvoker invoker, Task lastTask, State next, Scope scope, Object state, Boolean isCompleted)
   at Microsoft.AspNetCore.Mvc.Infrastructure.ControllerActionInvoker.Rethrow(ActionExecutedContextSealed context)
   at Microsoft.AspNetCore.Mvc.Infrastructure.ControllerActionInvoker.Next(State& next, Scope& scope, Object& state, Boolean& isCompleted)
   at Microsoft.AspNetCore.Mvc.Infrastructure.ControllerActionInvoker.<InvokeInnerFilterAsync>g__Awaited|13_0(ControllerActionInvoker invoker, Task lastTask, State next, Scope scope, Object state, Boolean isCompleted)
   at Microsoft.AspNetCore.Mvc.Infrastructure.ResourceInvoker.<InvokeFilterPipelineAsync>g__Awaited|20_0(ResourceInvoker invoker, Task lastTask, State next, Scope scope, Object state, Boolean isCompleted)
   at Microsoft.AspNetCore.Mvc.Infrastructure.ResourceInvoker.<InvokeAsync>g__Logged|17_1(ResourceInvoker invoker)
   at Microsoft.AspNetCore.Mvc.Infrastructure.ResourceInvoker.<InvokeAsync>g__Logged|17_1(ResourceInvoker invoker)
   at Microsoft.AspNetCore.Routing.EndpointMiddleware.<Invoke>g__AwaitRequestTask|7_0(Endpoint endpoint, Task requestTask, ILogger logger)
   at Microsoft.AspNetCore.Authorization.AuthorizationMiddleware.Invoke(HttpContext context)
   at Microsoft.AspNetCore.Authentication.AuthenticationMiddleware.Invoke(HttpContext context)
   at Swashbuckle.AspNetCore.SwaggerUI.SwaggerUIMiddleware.Invoke(HttpContext httpContext)
   at Swashbuckle.AspNetCore.Swagger.SwaggerMiddleware.Invoke(HttpContext httpContext, ISwaggerProvider swaggerProvider)
   at CMS.API.Middleware.TenantMiddleware.InvokeAsync(HttpContext context) in C:\Users\ASUS\source\repos\CMS\src\CMS.API\Middleware\Middlewares.cs:line 26
   at CMS.API.Middleware.ExceptionMiddleware.InvokeAsync(HttpContext context) in C:\Users\ASUS\source\repos\CMS\src\CMS.API\Middleware\Middlewares.cs:line 45
2026-09-05 15:41:42.585 +03:00 [INF] Request finished HTTP/1.1 GET http://localhost:5010/api/v1/appointments/doctor/1?date=2026-09-05 - 500 null application/json 44.1742ms
2026-09-05 15:41:42.587 +03:00 [INF] Request starting HTTP/1.1 GET http://localhost:5010/api/v1/staff/doctors - application/json null
2026-09-05 15:41:42.598 +03:00 [INF] Executing endpoint 'CMS.API.Controllers.StaffController.GetDoctors (CMS.API)'
2026-09-05 15:41:42.600 +03:00 [INF] Route matched with {action = "GetDoctors", controller = "Staff"}. Executing controller action with signature System.Threading.Tasks.Task`1[Microsoft.AspNetCore.Mvc.IActionResult] GetDoctors() on controller CMS.API.Controllers.StaffController (CMS.API).
2026-09-05 15:41:42.606 +03:00 [INF] Executed action CMS.API.Controllers.StaffController.GetDoctors (CMS.API) in 2.4941ms
2026-09-05 15:41:42.610 +03:00 [INF] Executed endpoint 'CMS.API.Controllers.StaffController.GetDoctors (CMS.API)'
2026-09-05 15:41:42.613 +03:00 [ERR] Unhandled exception encountered: A parameterless default constructor or one matching signature (System.Int32 Id, System.Int32 StaffId, System.String StaffCode, System.String DoctorName, System.String LicenseNumber, System.Int16 SpecializationId, System.String SpecializationName, System.String SubSpecialization, System.Decimal ConsultationFee, System.Boolean IsAvailable) is required for CMS.Shared.DTOs.DoctorDto materialization
System.InvalidOperationException: A parameterless default constructor or one matching signature (System.Int32 Id, System.Int32 StaffId, System.String StaffCode, System.String DoctorName, System.String LicenseNumber, System.Int16 SpecializationId, System.String SpecializationName, System.String SubSpecialization, System.Decimal ConsultationFee, System.Boolean IsAvailable) is required for CMS.Shared.DTOs.DoctorDto materialization
   at Dapper.SqlMapper.GenerateDeserializerFromMap(Type type, DbDataReader reader, Int32 startBound, Int32 length, Boolean returnNullIfFirstMissing, ILGenerator il) in /_/Dapper/SqlMapper.cs:line 3473
   at Dapper.SqlMapper.GetTypeDeserializerImpl(Type type, DbDataReader reader, Int32 startBound, Int32 length, Boolean returnNullIfFirstMissing) in /_/Dapper/SqlMapper.cs:line 3304
   at Dapper.SqlMapper.TypeDeserializerCache.GetReader(DbDataReader reader, Int32 startBound, Int32 length, Boolean returnNullIfFirstMissing) in /_/Dapper/SqlMapper.TypeDeserializerCache.cs:line 151
   at Dapper.SqlMapper.TypeDeserializerCache.GetReader(Type type, DbDataReader reader, Int32 startBound, Int32 length, Boolean returnNullIfFirstMissing) in /_/Dapper/SqlMapper.TypeDeserializerCache.cs:line 50
   at Dapper.SqlMapper.GetTypeDeserializer(Type type, DbDataReader reader, Int32 startBound, Int32 length, Boolean returnNullIfFirstMissing) in /_/Dapper/SqlMapper.cs:line 3258
   at Dapper.SqlMapper.GetDeserializer(Type type, DbDataReader reader, Int32 startBound, Int32 length, Boolean returnNullIfFirstMissing) in /_/Dapper/SqlMapper.cs:line 1945
   at Dapper.SqlMapper.QueryAsync[T](IDbConnection cnn, Type effectiveType, CommandDefinition command) in /_/Dapper/SqlMapper.Async.cs:line 442
   at CMS.Application.StaffServices.StaffAndDoctorService.GetDoctorsAsync(Byte tenantId) in C:\Users\ASUS\source\repos\CMS\src\CMS.Application\StaffServices\StaffAndDoctorService.cs:line 35
   at CMS.API.Controllers.StaffController.GetDoctors() in C:\Users\ASUS\source\repos\CMS\src\CMS.API\Controllers\ClinicalControllers.cs:line 24
   at Microsoft.AspNetCore.Mvc.Infrastructure.ActionMethodExecutor.TaskOfIActionResultExecutor.Execute(ActionContext actionContext, IActionResultTypeMapper mapper, ObjectMethodExecutor executor, Object controller, Object[] arguments)
   at Microsoft.AspNetCore.Mvc.Infrastructure.ControllerActionInvoker.<InvokeActionMethodAsync>g__Awaited|12_0(ControllerActionInvoker invoker, ValueTask`1 actionResultValueTask)
   at Microsoft.AspNetCore.Mvc.Infrastructure.ControllerActionInvoker.<InvokeNextActionFilterAsync>g__Awaited|10_0(ControllerActionInvoker invoker, Task lastTask, State next, Scope scope, Object state, Boolean isCompleted)
   at Microsoft.AspNetCore.Mvc.Infrastructure.ControllerActionInvoker.Rethrow(ActionExecutedContextSealed context)
   at Microsoft.AspNetCore.Mvc.Infrastructure.ControllerActionInvoker.Next(State& next, Scope& scope, Object& state, Boolean& isCompleted)
   at Microsoft.AspNetCore.Mvc.Infrastructure.ControllerActionInvoker.<InvokeInnerFilterAsync>g__Awaited|13_0(ControllerActionInvoker invoker, Task lastTask, State next, Scope scope, Object state, Boolean isCompleted)
   at Microsoft.AspNetCore.Mvc.Infrastructure.ResourceInvoker.<InvokeFilterPipelineAsync>g__Awaited|20_0(ResourceInvoker invoker, Task lastTask, State next, Scope scope, Object state, Boolean isCompleted)
   at Microsoft.AspNetCore.Mvc.Infrastructure.ResourceInvoker.<InvokeAsync>g__Logged|17_1(ResourceInvoker invoker)
   at Microsoft.AspNetCore.Mvc.Infrastructure.ResourceInvoker.<InvokeAsync>g__Logged|17_1(ResourceInvoker invoker)
   at Microsoft.AspNetCore.Routing.EndpointMiddleware.<Invoke>g__AwaitRequestTask|7_0(Endpoint endpoint, Task requestTask, ILogger logger)
   at Microsoft.AspNetCore.Authorization.AuthorizationMiddleware.Invoke(HttpContext context)
   at Microsoft.AspNetCore.Authentication.AuthenticationMiddleware.Invoke(HttpContext context)
   at Swashbuckle.AspNetCore.SwaggerUI.SwaggerUIMiddleware.Invoke(HttpContext httpContext)
   at Swashbuckle.AspNetCore.Swagger.SwaggerMiddleware.Invoke(HttpContext httpContext, ISwaggerProvider swaggerProvider)
   at CMS.API.Middleware.TenantMiddleware.InvokeAsync(HttpContext context) in C:\Users\ASUS\source\repos\CMS\src\CMS.API\Middleware\Middlewares.cs:line 26
   at CMS.API.Middleware.ExceptionMiddleware.InvokeAsync(HttpContext context) in C:\Users\ASUS\source\repos\CMS\src\CMS.API\Middleware\Middlewares.cs:line 45
2026-09-05 15:41:42.630 +03:00 [INF] Request finished HTTP/1.1 GET http://localhost:5010/api/v1/staff/doctors - 500 null application/json 42.5118ms
2026-09-05 15:41:42.898 +03:00 [INF] Request starting HTTP/1.1 GET http://localhost:5010/api/v1/appointments/doctor/1?date=2026-09-05 - application/json null
2026-09-05 15:41:42.909 +03:00 [INF] Executing endpoint 'CMS.API.Controllers.AppointmentsController.GetDoctorAppointments (CMS.API)'
2026-09-05 15:41:42.913 +03:00 [INF] Route matched with {action = "GetDoctorAppointments", controller = "Appointments"}. Executing controller action with signature System.Threading.Tasks.Task`1[Microsoft.AspNetCore.Mvc.IActionResult] GetDoctorAppointments(Int32, System.DateTime) on controller CMS.API.Controllers.AppointmentsController (CMS.API).
2026-09-05 15:41:42.921 +03:00 [INF] Executed action CMS.API.Controllers.AppointmentsController.GetDoctorAppointments (CMS.API) in 2.7005ms
2026-09-05 15:41:42.928 +03:00 [INF] Executed endpoint 'CMS.API.Controllers.AppointmentsController.GetDoctorAppointments (CMS.API)'
2026-09-05 15:41:42.934 +03:00 [ERR] Unhandled exception encountered: A parameterless default constructor or one matching signature (System.Int32 Id, System.Int32 PatientId, System.String PatientName, System.Int32 DoctorId, System.String DoctorName, System.DateTime SlotDateTime, System.Byte DurationMinutes, System.Byte StatusId, System.String StatusName, System.String ReasonForVisit) is required for CMS.Shared.DTOs.AppointmentDto materialization
System.InvalidOperationException: A parameterless default constructor or one matching signature (System.Int32 Id, System.Int32 PatientId, System.String PatientName, System.Int32 DoctorId, System.String DoctorName, System.DateTime SlotDateTime, System.Byte DurationMinutes, System.Byte StatusId, System.String StatusName, System.String ReasonForVisit) is required for CMS.Shared.DTOs.AppointmentDto materialization
   at Dapper.SqlMapper.GenerateDeserializerFromMap(Type type, DbDataReader reader, Int32 startBound, Int32 length, Boolean returnNullIfFirstMissing, ILGenerator il) in /_/Dapper/SqlMapper.cs:line 3473
   at Dapper.SqlMapper.GetTypeDeserializerImpl(Type type, DbDataReader reader, Int32 startBound, Int32 length, Boolean returnNullIfFirstMissing) in /_/Dapper/SqlMapper.cs:line 3304
   at Dapper.SqlMapper.TypeDeserializerCache.GetReader(DbDataReader reader, Int32 startBound, Int32 length, Boolean returnNullIfFirstMissing) in /_/Dapper/SqlMapper.TypeDeserializerCache.cs:line 151
   at Dapper.SqlMapper.TypeDeserializerCache.GetReader(Type type, DbDataReader reader, Int32 startBound, Int32 length, Boolean returnNullIfFirstMissing) in /_/Dapper/SqlMapper.TypeDeserializerCache.cs:line 50
   at Dapper.SqlMapper.GetTypeDeserializer(Type type, DbDataReader reader, Int32 startBound, Int32 length, Boolean returnNullIfFirstMissing) in /_/Dapper/SqlMapper.cs:line 3258
   at Dapper.SqlMapper.GetDeserializer(Type type, DbDataReader reader, Int32 startBound, Int32 length, Boolean returnNullIfFirstMissing) in /_/Dapper/SqlMapper.cs:line 1945
   at Dapper.SqlMapper.QueryAsync[T](IDbConnection cnn, Type effectiveType, CommandDefinition command) in /_/Dapper/SqlMapper.Async.cs:line 442
   at CMS.Application.Appointments.AppointmentService.GetDoctorAppointmentsAsync(Byte tenantId, Int32 doctorId, DateTime date) in C:\Users\ASUS\source\repos\CMS\src\CMS.Application\Appointments\AppointmentService.cs:line 55
   at CMS.API.Controllers.AppointmentsController.GetDoctorAppointments(Int32 doctorId, DateTime date) in C:\Users\ASUS\source\repos\CMS\src\CMS.API\Controllers\ClinicalControllers.cs:line 60
   at Microsoft.AspNetCore.Mvc.Infrastructure.ActionMethodExecutor.TaskOfIActionResultExecutor.Execute(ActionContext actionContext, IActionResultTypeMapper mapper, ObjectMethodExecutor executor, Object controller, Object[] arguments)
   at Microsoft.AspNetCore.Mvc.Infrastructure.ControllerActionInvoker.<InvokeActionMethodAsync>g__Awaited|12_0(ControllerActionInvoker invoker, ValueTask`1 actionResultValueTask)
   at Microsoft.AspNetCore.Mvc.Infrastructure.ControllerActionInvoker.<InvokeNextActionFilterAsync>g__Awaited|10_0(ControllerActionInvoker invoker, Task lastTask, State next, Scope scope, Object state, Boolean isCompleted)
   at Microsoft.AspNetCore.Mvc.Infrastructure.ControllerActionInvoker.Rethrow(ActionExecutedContextSealed context)
   at Microsoft.AspNetCore.Mvc.Infrastructure.ControllerActionInvoker.Next(State& next, Scope& scope, Object& state, Boolean& isCompleted)
   at Microsoft.AspNetCore.Mvc.Infrastructure.ControllerActionInvoker.<InvokeInnerFilterAsync>g__Awaited|13_0(ControllerActionInvoker invoker, Task lastTask, State next, Scope scope, Object state, Boolean isCompleted)
   at Microsoft.AspNetCore.Mvc.Infrastructure.ResourceInvoker.<InvokeFilterPipelineAsync>g__Awaited|20_0(ResourceInvoker invoker, Task lastTask, State next, Scope scope, Object state, Boolean isCompleted)
   at Microsoft.AspNetCore.Mvc.Infrastructure.ResourceInvoker.<InvokeAsync>g__Logged|17_1(ResourceInvoker invoker)
   at Microsoft.AspNetCore.Mvc.Infrastructure.ResourceInvoker.<InvokeAsync>g__Logged|17_1(ResourceInvoker invoker)
   at Microsoft.AspNetCore.Routing.EndpointMiddleware.<Invoke>g__AwaitRequestTask|7_0(Endpoint endpoint, Task requestTask, ILogger logger)
   at Microsoft.AspNetCore.Authorization.AuthorizationMiddleware.Invoke(HttpContext context)
   at Microsoft.AspNetCore.Authentication.AuthenticationMiddleware.Invoke(HttpContext context)
   at Swashbuckle.AspNetCore.SwaggerUI.SwaggerUIMiddleware.Invoke(HttpContext httpContext)
   at Swashbuckle.AspNetCore.Swagger.SwaggerMiddleware.Invoke(HttpContext httpContext, ISwaggerProvider swaggerProvider)
   at CMS.API.Middleware.TenantMiddleware.InvokeAsync(HttpContext context) in C:\Users\ASUS\source\repos\CMS\src\CMS.API\Middleware\Middlewares.cs:line 26
   at CMS.API.Middleware.ExceptionMiddleware.InvokeAsync(HttpContext context) in C:\Users\ASUS\source\repos\CMS\src\CMS.API\Middleware\Middlewares.cs:line 45
2026-09-05 15:41:42.961 +03:00 [INF] Request finished HTTP/1.1 GET http://localhost:5010/api/v1/appointments/doctor/1?date=2026-09-05 - 500 null application/json 62.424ms
2026-09-05 15:41:43.943 +03:00 [INF] Request starting HTTP/1.1 GET http://localhost:5010/api/v1/laboratory/catalog - application/json null
2026-09-05 15:41:43.944 +03:00 [INF] Request starting HTTP/1.1 GET http://localhost:5010/api/v1/laboratory/worklist - application/json null
2026-09-05 15:41:43.944 +03:00 [INF] Request starting HTTP/1.1 GET http://localhost:5010/api/v1/laboratory/criticals - application/json null
2026-09-05 15:41:43.953 +03:00 [INF] Executing endpoint 'CMS.API.Controllers.LaboratoryController.GetCatalog (CMS.API)'
2026-09-05 15:41:43.963 +03:00 [INF] Executing endpoint 'CMS.API.Controllers.LaboratoryController.GetWorklist (CMS.API)'
2026-09-05 15:41:43.971 +03:00 [INF] Executing endpoint 'CMS.API.Controllers.LaboratoryController.GetCriticals (CMS.API)'
2026-09-05 15:41:43.982 +03:00 [INF] Route matched with {action = "GetCatalog", controller = "Laboratory"}. Executing controller action with signature System.Threading.Tasks.Task`1[Microsoft.AspNetCore.Mvc.IActionResult] GetCatalog() on controller CMS.API.Controllers.LaboratoryController (CMS.API).
2026-09-05 15:41:43.986 +03:00 [INF] Route matched with {action = "GetWorklist", controller = "Laboratory"}. Executing controller action with signature System.Threading.Tasks.Task`1[Microsoft.AspNetCore.Mvc.IActionResult] GetWorklist() on controller CMS.API.Controllers.LaboratoryController (CMS.API).
2026-09-05 15:41:43.989 +03:00 [INF] Route matched with {action = "GetCriticals", controller = "Laboratory"}. Executing controller action with signature System.Threading.Tasks.Task`1[Microsoft.AspNetCore.Mvc.IActionResult] GetCriticals() on controller CMS.API.Controllers.LaboratoryController (CMS.API).
2026-09-05 15:41:44.008 +03:00 [INF] Executing OkObjectResult, writing value of type 'CMS.Shared.DTOs.ApiResponse`1[[System.Collections.Generic.List`1[[CMS.Shared.DTOs.LabTestCatalogDto, CMS.Shared, Version=1.0.0.0, Culture=neutral, PublicKeyToken=null]], System.Private.CoreLib, Version=8.0.0.0, Culture=neutral, PublicKeyToken=7cec85d7bea7798e]]'.
2026-09-05 15:41:44.023 +03:00 [INF] Executed action CMS.API.Controllers.LaboratoryController.GetCatalog (CMS.API) in 32.8238ms
2026-09-05 15:41:44.028 +03:00 [INF] Executed endpoint 'CMS.API.Controllers.LaboratoryController.GetCatalog (CMS.API)'
2026-09-05 15:41:44.029 +03:00 [INF] Executing OkObjectResult, writing value of type 'CMS.Shared.DTOs.ApiResponse`1[[System.Object, System.Private.CoreLib, Version=8.0.0.0, Culture=neutral, PublicKeyToken=7cec85d7bea7798e]]'.
2026-09-05 15:41:44.031 +03:00 [INF] Request finished HTTP/1.1 GET http://localhost:5010/api/v1/laboratory/catalog - 200 null application/json; charset=utf-8 88.0798ms
2026-09-05 15:41:44.035 +03:00 [INF] Executed action CMS.API.Controllers.LaboratoryController.GetWorklist (CMS.API) in 38.5111ms
2026-09-05 15:41:44.046 +03:00 [INF] Executed endpoint 'CMS.API.Controllers.LaboratoryController.GetWorklist (CMS.API)'
2026-09-05 15:41:44.046 +03:00 [INF] Executing OkObjectResult, writing value of type 'CMS.Shared.DTOs.ApiResponse`1[[System.Object, System.Private.CoreLib, Version=8.0.0.0, Culture=neutral, PublicKeyToken=7cec85d7bea7798e]]'.
2026-09-05 15:41:44.049 +03:00 [INF] Request finished HTTP/1.1 GET http://localhost:5010/api/v1/laboratory/worklist - 200 null application/json; charset=utf-8 105.2548ms
2026-09-05 15:41:44.054 +03:00 [INF] Executed action CMS.API.Controllers.LaboratoryController.GetCriticals (CMS.API) in 49.8384ms
2026-09-05 15:41:44.064 +03:00 [INF] Executed endpoint 'CMS.API.Controllers.LaboratoryController.GetCriticals (CMS.API)'
2026-09-05 15:41:44.066 +03:00 [INF] Request finished HTTP/1.1 GET http://localhost:5010/api/v1/laboratory/criticals - 200 null application/json; charset=utf-8 121.9117ms
2026-09-05 15:41:44.209 +03:00 [INF] Request starting HTTP/1.1 GET http://localhost:5010/api/v1/laboratory/catalog - application/json null
2026-09-05 15:41:44.216 +03:00 [INF] Executing endpoint 'CMS.API.Controllers.LaboratoryController.GetCatalog (CMS.API)'
2026-09-05 15:41:44.219 +03:00 [INF] Route matched with {action = "GetCatalog", controller = "Laboratory"}. Executing controller action with signature System.Threading.Tasks.Task`1[Microsoft.AspNetCore.Mvc.IActionResult] GetCatalog() on controller CMS.API.Controllers.LaboratoryController (CMS.API).
2026-09-05 15:41:44.225 +03:00 [INF] Executing OkObjectResult, writing value of type 'CMS.Shared.DTOs.ApiResponse`1[[System.Collections.Generic.List`1[[CMS.Shared.DTOs.LabTestCatalogDto, CMS.Shared, Version=1.0.0.0, Culture=neutral, PublicKeyToken=null]], System.Private.CoreLib, Version=8.0.0.0, Culture=neutral, PublicKeyToken=7cec85d7bea7798e]]'.
2026-09-05 15:41:44.228 +03:00 [INF] Executed action CMS.API.Controllers.LaboratoryController.GetCatalog (CMS.API) in 5.0695ms
2026-09-05 15:41:44.231 +03:00 [INF] Executed endpoint 'CMS.API.Controllers.LaboratoryController.GetCatalog (CMS.API)'
2026-09-05 15:41:44.233 +03:00 [INF] Request finished HTTP/1.1 GET http://localhost:5010/api/v1/laboratory/catalog - 200 null application/json; charset=utf-8 24.6632ms
2026-09-05 15:41:44.347 +03:00 [INF] Request starting HTTP/1.1 GET http://localhost:5010/api/v1/laboratory/worklist - application/json null
2026-09-05 15:41:44.348 +03:00 [INF] Request starting HTTP/1.1 GET http://localhost:5010/api/v1/laboratory/criticals - application/json null
2026-09-05 15:41:44.353 +03:00 [INF] Executing endpoint 'CMS.API.Controllers.LaboratoryController.GetWorklist (CMS.API)'
2026-09-05 15:41:44.359 +03:00 [INF] Executing endpoint 'CMS.API.Controllers.LaboratoryController.GetCriticals (CMS.API)'
2026-09-05 15:41:44.361 +03:00 [INF] Route matched with {action = "GetWorklist", controller = "Laboratory"}. Executing controller action with signature System.Threading.Tasks.Task`1[Microsoft.AspNetCore.Mvc.IActionResult] GetWorklist() on controller CMS.API.Controllers.LaboratoryController (CMS.API).
2026-09-05 15:41:44.364 +03:00 [INF] Route matched with {action = "GetCriticals", controller = "Laboratory"}. Executing controller action with signature System.Threading.Tasks.Task`1[Microsoft.AspNetCore.Mvc.IActionResult] GetCriticals() on controller CMS.API.Controllers.LaboratoryController (CMS.API).
2026-09-05 15:41:44.368 +03:00 [INF] Executing OkObjectResult, writing value of type 'CMS.Shared.DTOs.ApiResponse`1[[System.Object, System.Private.CoreLib, Version=8.0.0.0, Culture=neutral, PublicKeyToken=7cec85d7bea7798e]]'.
2026-09-05 15:41:44.372 +03:00 [INF] Executing OkObjectResult, writing value of type 'CMS.Shared.DTOs.ApiResponse`1[[System.Object, System.Private.CoreLib, Version=8.0.0.0, Culture=neutral, PublicKeyToken=7cec85d7bea7798e]]'.
2026-09-05 15:41:44.374 +03:00 [INF] Executed action CMS.API.Controllers.LaboratoryController.GetWorklist (CMS.API) in 6.6517ms
2026-09-05 15:41:44.377 +03:00 [INF] Executed action CMS.API.Controllers.LaboratoryController.GetCriticals (CMS.API) in 6.3379ms
2026-09-05 15:41:44.380 +03:00 [INF] Executed endpoint 'CMS.API.Controllers.LaboratoryController.GetWorklist (CMS.API)'
2026-09-05 15:41:44.382 +03:00 [INF] Executed endpoint 'CMS.API.Controllers.LaboratoryController.GetCriticals (CMS.API)'
2026-09-05 15:41:44.384 +03:00 [INF] Request finished HTTP/1.1 GET http://localhost:5010/api/v1/laboratory/worklist - 200 null application/json; charset=utf-8 36.9626ms
2026-09-05 15:41:44.387 +03:00 [INF] Request finished HTTP/1.1 GET http://localhost:5010/api/v1/laboratory/criticals - 200 null application/json; charset=utf-8 38.8001ms
2026-09-05 15:42:37.523 +03:00 [INF] Request starting HTTP/1.1 GET http://localhost:5010/api/v1/integrations - application/json null
2026-09-05 15:42:37.530 +03:00 [INF] Executing endpoint 'CMS.API.Controllers.IntegrationsController.GetIntegrations (CMS.API)'
2026-09-05 15:42:37.540 +03:00 [INF] Route matched with {action = "GetIntegrations", controller = "Integrations"}. Executing controller action with signature System.Threading.Tasks.Task`1[Microsoft.AspNetCore.Mvc.IActionResult] GetIntegrations() on controller CMS.API.Controllers.IntegrationsController (CMS.API).
2026-09-05 15:42:37.586 +03:00 [INF] Executing OkObjectResult, writing value of type 'CMS.Shared.DTOs.ApiResponse`1[[System.Collections.Generic.List`1[[CMS.Shared.DTOs.IntegrationConfigDto, CMS.Shared, Version=1.0.0.0, Culture=neutral, PublicKeyToken=null]], System.Private.CoreLib, Version=8.0.0.0, Culture=neutral, PublicKeyToken=7cec85d7bea7798e]]'.
2026-09-05 15:42:37.600 +03:00 [INF] Executed action CMS.API.Controllers.IntegrationsController.GetIntegrations (CMS.API) in 53.5733ms
2026-09-05 15:42:37.604 +03:00 [INF] Executed endpoint 'CMS.API.Controllers.IntegrationsController.GetIntegrations (CMS.API)'
2026-09-05 15:42:37.608 +03:00 [INF] Request finished HTTP/1.1 GET http://localhost:5010/api/v1/integrations - 200 null application/json; charset=utf-8 85.1223ms
2026-09-05 15:42:37.918 +03:00 [INF] Request starting HTTP/1.1 GET http://localhost:5010/api/v1/integrations - application/json null
2026-09-05 15:42:37.926 +03:00 [INF] Executing endpoint 'CMS.API.Controllers.IntegrationsController.GetIntegrations (CMS.API)'
2026-09-05 15:42:37.928 +03:00 [INF] Route matched with {action = "GetIntegrations", controller = "Integrations"}. Executing controller action with signature System.Threading.Tasks.Task`1[Microsoft.AspNetCore.Mvc.IActionResult] GetIntegrations() on controller CMS.API.Controllers.IntegrationsController (CMS.API).
2026-09-05 15:42:37.935 +03:00 [INF] Executing OkObjectResult, writing value of type 'CMS.Shared.DTOs.ApiResponse`1[[System.Collections.Generic.List`1[[CMS.Shared.DTOs.IntegrationConfigDto, CMS.Shared, Version=1.0.0.0, Culture=neutral, PublicKeyToken=null]], System.Private.CoreLib, Version=8.0.0.0, Culture=neutral, PublicKeyToken=7cec85d7bea7798e]]'.
2026-09-05 15:42:37.938 +03:00 [INF] Executed action CMS.API.Controllers.IntegrationsController.GetIntegrations (CMS.API) in 5.7582ms
2026-09-05 15:42:37.941 +03:00 [INF] Executed endpoint 'CMS.API.Controllers.IntegrationsController.GetIntegrations (CMS.API)'
2026-09-05 15:42:37.944 +03:00 [INF] Request finished HTTP/1.1 GET http://localhost:5010/api/v1/integrations - 200 null application/json; charset=utf-8 25.2686ms
2026-09-05 15:42:52.616 +03:00 [INF] Request starting HTTP/1.1 GET http://localhost:5010/api/v1/laboratory/catalog - application/json null
2026-09-05 15:42:52.616 +03:00 [INF] Request starting HTTP/1.1 GET http://localhost:5010/api/v1/laboratory/worklist - application/json null
2026-09-05 15:42:52.616 +03:00 [INF] Request starting HTTP/1.1 GET http://localhost:5010/api/v1/laboratory/criticals - application/json null
2026-09-05 15:42:52.623 +03:00 [INF] Executing endpoint 'CMS.API.Controllers.LaboratoryController.GetCatalog (CMS.API)'
2026-09-05 15:42:52.630 +03:00 [INF] Executing endpoint 'CMS.API.Controllers.LaboratoryController.GetWorklist (CMS.API)'
2026-09-05 15:42:52.635 +03:00 [INF] Executing endpoint 'CMS.API.Controllers.LaboratoryController.GetCriticals (CMS.API)'
2026-09-05 15:42:52.637 +03:00 [INF] Route matched with {action = "GetCatalog", controller = "Laboratory"}. Executing controller action with signature System.Threading.Tasks.Task`1[Microsoft.AspNetCore.Mvc.IActionResult] GetCatalog() on controller CMS.API.Controllers.LaboratoryController (CMS.API).
2026-09-05 15:42:52.640 +03:00 [INF] Route matched with {action = "GetWorklist", controller = "Laboratory"}. Executing controller action with signature System.Threading.Tasks.Task`1[Microsoft.AspNetCore.Mvc.IActionResult] GetWorklist() on controller CMS.API.Controllers.LaboratoryController (CMS.API).
2026-09-05 15:42:52.642 +03:00 [INF] Route matched with {action = "GetCriticals", controller = "Laboratory"}. Executing controller action with signature System.Threading.Tasks.Task`1[Microsoft.AspNetCore.Mvc.IActionResult] GetCriticals() on controller CMS.API.Controllers.LaboratoryController (CMS.API).
2026-09-05 15:42:52.659 +03:00 [INF] Executing OkObjectResult, writing value of type 'CMS.Shared.DTOs.ApiResponse`1[[System.Collections.Generic.List`1[[CMS.Shared.DTOs.LabTestCatalogDto, CMS.Shared, Version=1.0.0.0, Culture=neutral, PublicKeyToken=null]], System.Private.CoreLib, Version=8.0.0.0, Culture=neutral, PublicKeyToken=7cec85d7bea7798e]]'.
2026-09-05 15:42:52.663 +03:00 [INF] Executed action CMS.API.Controllers.LaboratoryController.GetCatalog (CMS.API) in 16.6009ms
2026-09-05 15:42:52.667 +03:00 [INF] Executed endpoint 'CMS.API.Controllers.LaboratoryController.GetCatalog (CMS.API)'
2026-09-05 15:42:52.669 +03:00 [INF] Request finished HTTP/1.1 GET http://localhost:5010/api/v1/laboratory/catalog - 200 null application/json; charset=utf-8 53.1031ms
2026-09-05 15:42:52.684 +03:00 [INF] Executing OkObjectResult, writing value of type 'CMS.Shared.DTOs.ApiResponse`1[[System.Object, System.Private.CoreLib, Version=8.0.0.0, Culture=neutral, PublicKeyToken=7cec85d7bea7798e]]'.
2026-09-05 15:42:52.689 +03:00 [INF] Executed action CMS.API.Controllers.LaboratoryController.GetWorklist (CMS.API) in 38.179ms
2026-09-05 15:42:52.693 +03:00 [INF] Executed endpoint 'CMS.API.Controllers.LaboratoryController.GetWorklist (CMS.API)'
2026-09-05 15:42:52.694 +03:00 [INF] Executing OkObjectResult, writing value of type 'CMS.Shared.DTOs.ApiResponse`1[[System.Object, System.Private.CoreLib, Version=8.0.0.0, Culture=neutral, PublicKeyToken=7cec85d7bea7798e]]'.
2026-09-05 15:42:52.695 +03:00 [INF] Request finished HTTP/1.1 GET http://localhost:5010/api/v1/laboratory/worklist - 200 null application/json; charset=utf-8 79.0621ms
2026-09-05 15:42:52.699 +03:00 [INF] Executed action CMS.API.Controllers.LaboratoryController.GetCriticals (CMS.API) in 44.1928ms
2026-09-05 15:42:52.710 +03:00 [INF] Executed endpoint 'CMS.API.Controllers.LaboratoryController.GetCriticals (CMS.API)'
2026-09-05 15:42:52.713 +03:00 [INF] Request finished HTTP/1.1 GET http://localhost:5010/api/v1/laboratory/criticals - 200 null application/json; charset=utf-8 96.7131ms
2026-09-05 15:42:52.880 +03:00 [INF] Request starting HTTP/1.1 GET http://localhost:5010/api/v1/laboratory/catalog - application/json null
2026-09-05 15:42:52.887 +03:00 [INF] Executing endpoint 'CMS.API.Controllers.LaboratoryController.GetCatalog (CMS.API)'
2026-09-05 15:42:52.890 +03:00 [INF] Route matched with {action = "GetCatalog", controller = "Laboratory"}. Executing controller action with signature System.Threading.Tasks.Task`1[Microsoft.AspNetCore.Mvc.IActionResult] GetCatalog() on controller CMS.API.Controllers.LaboratoryController (CMS.API).
2026-09-05 15:42:52.897 +03:00 [INF] Executing OkObjectResult, writing value of type 'CMS.Shared.DTOs.ApiResponse`1[[System.Collections.Generic.List`1[[CMS.Shared.DTOs.LabTestCatalogDto, CMS.Shared, Version=1.0.0.0, Culture=neutral, PublicKeyToken=null]], System.Private.CoreLib, Version=8.0.0.0, Culture=neutral, PublicKeyToken=7cec85d7bea7798e]]'.
2026-09-05 15:42:52.901 +03:00 [INF] Executed action CMS.API.Controllers.LaboratoryController.GetCatalog (CMS.API) in 5.368ms
2026-09-05 15:42:52.905 +03:00 [INF] Executed endpoint 'CMS.API.Controllers.LaboratoryController.GetCatalog (CMS.API)'
2026-09-05 15:42:52.909 +03:00 [INF] Request finished HTTP/1.1 GET http://localhost:5010/api/v1/laboratory/catalog - 200 null application/json; charset=utf-8 28.8899ms
2026-09-05 15:42:52.971 +03:00 [INF] Request starting HTTP/1.1 GET http://localhost:5010/api/v1/laboratory/worklist - application/json null
2026-09-05 15:42:52.979 +03:00 [INF] Executing endpoint 'CMS.API.Controllers.LaboratoryController.GetWorklist (CMS.API)'
2026-09-05 15:42:52.982 +03:00 [INF] Route matched with {action = "GetWorklist", controller = "Laboratory"}. Executing controller action with signature System.Threading.Tasks.Task`1[Microsoft.AspNetCore.Mvc.IActionResult] GetWorklist() on controller CMS.API.Controllers.LaboratoryController (CMS.API).
2026-09-05 15:42:52.989 +03:00 [INF] Executing OkObjectResult, writing value of type 'CMS.Shared.DTOs.ApiResponse`1[[System.Object, System.Private.CoreLib, Version=8.0.0.0, Culture=neutral, PublicKeyToken=7cec85d7bea7798e]]'.
2026-09-05 15:42:52.993 +03:00 [INF] Executed action CMS.API.Controllers.LaboratoryController.GetWorklist (CMS.API) in 5.2657ms
2026-09-05 15:42:52.997 +03:00 [INF] Executed endpoint 'CMS.API.Controllers.LaboratoryController.GetWorklist (CMS.API)'
2026-09-05 15:42:52.999 +03:00 [INF] Request starting HTTP/1.1 GET http://localhost:5010/api/v1/laboratory/criticals - application/json null
2026-09-05 15:42:53.000 +03:00 [INF] Request finished HTTP/1.1 GET http://localhost:5010/api/v1/laboratory/worklist - 200 null application/json; charset=utf-8 29.4786ms
2026-09-05 15:42:53.007 +03:00 [INF] Executing endpoint 'CMS.API.Controllers.LaboratoryController.GetCriticals (CMS.API)'
2026-09-05 15:42:53.017 +03:00 [INF] Route matched with {action = "GetCriticals", controller = "Laboratory"}. Executing controller action with signature System.Threading.Tasks.Task`1[Microsoft.AspNetCore.Mvc.IActionResult] GetCriticals() on controller CMS.API.Controllers.LaboratoryController (CMS.API).
2026-09-05 15:42:53.023 +03:00 [INF] Executing OkObjectResult, writing value of type 'CMS.Shared.DTOs.ApiResponse`1[[System.Object, System.Private.CoreLib, Version=8.0.0.0, Culture=neutral, PublicKeyToken=7cec85d7bea7798e]]'.
2026-09-05 15:42:53.026 +03:00 [INF] Executed action CMS.API.Controllers.LaboratoryController.GetCriticals (CMS.API) in 4.4967ms
2026-09-05 15:42:53.030 +03:00 [INF] Executed endpoint 'CMS.API.Controllers.LaboratoryController.GetCriticals (CMS.API)'
2026-09-05 15:42:53.032 +03:00 [INF] Request finished HTTP/1.1 GET http://localhost:5010/api/v1/laboratory/criticals - 200 null application/json; charset=utf-8 33.0804ms
2026-09-05 15:43:05.337 +03:00 [INF] Request starting HTTP/1.1 GET http://localhost:5010/api/v1/integrations - application/json null
2026-09-05 15:43:05.344 +03:00 [INF] Executing endpoint 'CMS.API.Controllers.IntegrationsController.GetIntegrations (CMS.API)'
2026-09-05 15:43:05.347 +03:00 [INF] Route matched with {action = "GetIntegrations", controller = "Integrations"}. Executing controller action with signature System.Threading.Tasks.Task`1[Microsoft.AspNetCore.Mvc.IActionResult] GetIntegrations() on controller CMS.API.Controllers.IntegrationsController (CMS.API).
2026-09-05 15:43:05.385 +03:00 [INF] Executing OkObjectResult, writing value of type 'CMS.Shared.DTOs.ApiResponse`1[[System.Collections.Generic.List`1[[CMS.Shared.DTOs.IntegrationConfigDto, CMS.Shared, Version=1.0.0.0, Culture=neutral, PublicKeyToken=null]], System.Private.CoreLib, Version=8.0.0.0, Culture=neutral, PublicKeyToken=7cec85d7bea7798e]]'.
2026-09-05 15:43:05.391 +03:00 [INF] Executed action CMS.API.Controllers.IntegrationsController.GetIntegrations (CMS.API) in 36.9861ms
2026-09-05 15:43:05.395 +03:00 [INF] Executed endpoint 'CMS.API.Controllers.IntegrationsController.GetIntegrations (CMS.API)'
2026-09-05 15:43:05.398 +03:00 [INF] Request finished HTTP/1.1 GET http://localhost:5010/api/v1/integrations - 200 null application/json; charset=utf-8 61.7146ms
2026-09-05 15:43:05.711 +03:00 [INF] Request starting HTTP/1.1 GET http://localhost:5010/api/v1/integrations - application/json null
2026-09-05 15:43:05.718 +03:00 [INF] Executing endpoint 'CMS.API.Controllers.IntegrationsController.GetIntegrations (CMS.API)'
2026-09-05 15:43:05.721 +03:00 [INF] Route matched with {action = "GetIntegrations", controller = "Integrations"}. Executing controller action with signature System.Threading.Tasks.Task`1[Microsoft.AspNetCore.Mvc.IActionResult] GetIntegrations() on controller CMS.API.Controllers.IntegrationsController (CMS.API).
2026-09-05 15:43:05.729 +03:00 [INF] Executing OkObjectResult, writing value of type 'CMS.Shared.DTOs.ApiResponse`1[[System.Collections.Generic.List`1[[CMS.Shared.DTOs.IntegrationConfigDto, CMS.Shared, Version=1.0.0.0, Culture=neutral, PublicKeyToken=null]], System.Private.CoreLib, Version=8.0.0.0, Culture=neutral, PublicKeyToken=7cec85d7bea7798e]]'.
2026-09-05 15:43:05.733 +03:00 [INF] Executed action CMS.API.Controllers.IntegrationsController.GetIntegrations (CMS.API) in 5.9687ms
2026-09-05 15:43:05.737 +03:00 [INF] Executed endpoint 'CMS.API.Controllers.IntegrationsController.GetIntegrations (CMS.API)'
2026-09-05 15:43:05.740 +03:00 [INF] Request finished HTTP/1.1 GET http://localhost:5010/api/v1/integrations - 200 null application/json; charset=utf-8 28.9033ms
2026-09-05 15:45:54.670 +03:00 [INF] Application is shutting down...
2026-09-05 16:35:20.534 +03:00 [INF] User profile is available. Using 'C:\Users\ASUS\AppData\Local\ASP.NET\DataProtection-Keys' as key repository and Windows DPAPI to encrypt keys at rest.
2026-09-05 16:35:21.602 +03:00 [INF] Now listening on: http://localhost:5010
2026-09-05 16:35:21.770 +03:00 [INF] Application started. Press Ctrl+C to shut down.
2026-09-05 16:35:22.020 +03:00 [INF] Hosting environment: Development
2026-09-05 16:35:23.881 +03:00 [INF] Content root path: C:\Users\ASUS\source\repos\CMS\src\CMS.API
2026-09-05 16:37:28.817 +03:00 [INF] Request starting HTTP/1.1 GET http://localhost:5010/api/v1/dashboard/metrics - null null
2026-09-05 16:37:30.011 +03:00 [INF] Failed to validate the token.
Microsoft.IdentityModel.Tokens.SecurityTokenMalformedException: IDX14100: JWT is not well formed, there are no dots (.).
The token needs to be in JWS or JWE Compact Serialization Format. (JWS): 'EncodedHeader.EncodedPayload.EncodedSignature'. (JWE): 'EncodedProtectedHeader.EncodedEncryptedKey.EncodedInitializationVector.EncodedCiphertext.EncodedAuthenticationTag'.
   at Microsoft.IdentityModel.JsonWebTokens.JsonWebToken.ReadToken(ReadOnlyMemory`1 encodedTokenMemory)
   at Microsoft.IdentityModel.JsonWebTokens.JsonWebToken..ctor(String jwtEncodedString)
   at Microsoft.IdentityModel.JsonWebTokens.JsonWebTokenHandler.ReadToken(String token, TokenValidationParameters validationParameters)
2026-09-05 16:37:33.213 +03:00 [INF] Bearer was not authenticated. Failure message: IDX14100: JWT is not well formed, there are no dots (.).
The token needs to be in JWS or JWE Compact Serialization Format. (JWS): 'EncodedHeader.EncodedPayload.EncodedSignature'. (JWE): 'EncodedProtectedHeader.EncodedEncryptedKey.EncodedInitializationVector.EncodedCiphertext.EncodedAuthenticationTag'.
2026-09-05 16:37:33.815 +03:00 [INF] Executing endpoint 'CMS.API.Controllers.DashboardController.GetMetrics (CMS.API)'
2026-09-05 16:37:35.173 +03:00 [INF] Route matched with {action = "GetMetrics", controller = "Dashboard"}. Executing controller action with signature System.Threading.Tasks.Task`1[Microsoft.AspNetCore.Mvc.IActionResult] GetMetrics() on controller CMS.API.Controllers.DashboardController (CMS.API).
2026-09-05 16:37:43.741 +03:00 [INF] Executing OkObjectResult, writing value of type 'CMS.Shared.DTOs.ApiResponse`1[[CMS.Shared.DTOs.DashboardMetricsDto, CMS.Shared, Version=1.0.0.0, Culture=neutral, PublicKeyToken=null]]'.
2026-09-05 16:37:44.267 +03:00 [INF] Executed action CMS.API.Controllers.DashboardController.GetMetrics (CMS.API) in 7336.4214ms
2026-09-05 16:37:44.403 +03:00 [INF] Executed endpoint 'CMS.API.Controllers.DashboardController.GetMetrics (CMS.API)'
2026-09-05 16:37:44.422 +03:00 [INF] Request finished HTTP/1.1 GET http://localhost:5010/api/v1/dashboard/metrics - 200 null application/json; charset=utf-8 15608.0672ms
2026-09-05 16:37:44.647 +03:00 [INF] Request starting HTTP/1.1 GET http://localhost:5010/api/v1/dashboard/metrics - null null
2026-09-05 16:37:44.988 +03:00 [INF] Failed to validate the token.
Microsoft.IdentityModel.Tokens.SecurityTokenMalformedException: IDX14100: JWT is not well formed, there are no dots (.).
The token needs to be in JWS or JWE Compact Serialization Format. (JWS): 'EncodedHeader.EncodedPayload.EncodedSignature'. (JWE): 'EncodedProtectedHeader.EncodedEncryptedKey.EncodedInitializationVector.EncodedCiphertext.EncodedAuthenticationTag'.
   at Microsoft.IdentityModel.JsonWebTokens.JsonWebToken.ReadToken(ReadOnlyMemory`1 encodedTokenMemory)
   at Microsoft.IdentityModel.JsonWebTokens.JsonWebToken..ctor(String jwtEncodedString)
   at Microsoft.IdentityModel.JsonWebTokens.JsonWebTokenHandler.ReadToken(String token, TokenValidationParameters validationParameters)
2026-09-05 16:37:44.997 +03:00 [INF] Bearer was not authenticated. Failure message: IDX14100: JWT is not well formed, there are no dots (.).
The token needs to be in JWS or JWE Compact Serialization Format. (JWS): 'EncodedHeader.EncodedPayload.EncodedSignature'. (JWE): 'EncodedProtectedHeader.EncodedEncryptedKey.EncodedInitializationVector.EncodedCiphertext.EncodedAuthenticationTag'.
2026-09-05 16:37:45.012 +03:00 [INF] Executing endpoint 'CMS.API.Controllers.DashboardController.GetMetrics (CMS.API)'
2026-09-05 16:37:45.016 +03:00 [INF] Route matched with {action = "GetMetrics", controller = "Dashboard"}. Executing controller action with signature System.Threading.Tasks.Task`1[Microsoft.AspNetCore.Mvc.IActionResult] GetMetrics() on controller CMS.API.Controllers.DashboardController (CMS.API).
2026-09-05 16:37:45.059 +03:00 [INF] Executing OkObjectResult, writing value of type 'CMS.Shared.DTOs.ApiResponse`1[[CMS.Shared.DTOs.DashboardMetricsDto, CMS.Shared, Version=1.0.0.0, Culture=neutral, PublicKeyToken=null]]'.
2026-09-05 16:37:45.086 +03:00 [INF] Executed action CMS.API.Controllers.DashboardController.GetMetrics (CMS.API) in 62.9418ms
2026-09-05 16:37:45.290 +03:00 [INF] Executed endpoint 'CMS.API.Controllers.DashboardController.GetMetrics (CMS.API)'
2026-09-05 16:37:45.414 +03:00 [INF] Request finished HTTP/1.1 GET http://localhost:5010/api/v1/dashboard/metrics - 200 null application/json; charset=utf-8 767.7428ms
2026-09-05 16:56:06.213 +03:00 [INF] Request starting HTTP/1.1 GET http://localhost:5010/api/v1/patients/search?q= - application/json null
2026-09-05 16:56:06.242 +03:00 [INF] Executing endpoint 'CMS.API.Controllers.PatientsController.Search (CMS.API)'
2026-09-05 16:56:06.277 +03:00 [INF] Route matched with {action = "Search", controller = "Patients"}. Executing controller action with signature System.Threading.Tasks.Task`1[Microsoft.AspNetCore.Mvc.IActionResult] Search(System.String, Int32) on controller CMS.API.Controllers.PatientsController (CMS.API).
2026-09-05 16:56:06.948 +03:00 [INF] Request starting HTTP/1.1 GET http://localhost:5010/api/v1/dashboard/metrics - null null
2026-09-05 16:56:07.033 +03:00 [INF] Failed to validate the token.
Microsoft.IdentityModel.Tokens.SecurityTokenMalformedException: IDX14100: JWT is not well formed, there are no dots (.).
The token needs to be in JWS or JWE Compact Serialization Format. (JWS): 'EncodedHeader.EncodedPayload.EncodedSignature'. (JWE): 'EncodedProtectedHeader.EncodedEncryptedKey.EncodedInitializationVector.EncodedCiphertext.EncodedAuthenticationTag'.
   at Microsoft.IdentityModel.JsonWebTokens.JsonWebToken.ReadToken(ReadOnlyMemory`1 encodedTokenMemory)
   at Microsoft.IdentityModel.JsonWebTokens.JsonWebToken..ctor(String jwtEncodedString)
   at Microsoft.IdentityModel.JsonWebTokens.JsonWebTokenHandler.ReadToken(String token, TokenValidationParameters validationParameters)
2026-09-05 16:56:07.181 +03:00 [INF] Bearer was not authenticated. Failure message: IDX14100: JWT is not well formed, there are no dots (.).
The token needs to be in JWS or JWE Compact Serialization Format. (JWS): 'EncodedHeader.EncodedPayload.EncodedSignature'. (JWE): 'EncodedProtectedHeader.EncodedEncryptedKey.EncodedInitializationVector.EncodedCiphertext.EncodedAuthenticationTag'.
2026-09-05 16:56:07.191 +03:00 [INF] Executing OkObjectResult, writing value of type 'CMS.Shared.DTOs.ApiResponse`1[[System.Collections.Generic.List`1[[CMS.Shared.DTOs.PatientDto, CMS.Shared, Version=1.0.0.0, Culture=neutral, PublicKeyToken=null]], System.Private.CoreLib, Version=8.0.0.0, Culture=neutral, PublicKeyToken=7cec85d7bea7798e]]'.
2026-09-05 16:56:07.193 +03:00 [INF] Executing endpoint 'CMS.API.Controllers.DashboardController.GetMetrics (CMS.API)'
2026-09-05 16:56:07.200 +03:00 [INF] Route matched with {action = "GetMetrics", controller = "Dashboard"}. Executing controller action with signature System.Threading.Tasks.Task`1[Microsoft.AspNetCore.Mvc.IActionResult] GetMetrics() on controller CMS.API.Controllers.DashboardController (CMS.API).
2026-09-05 16:56:07.379 +03:00 [INF] Executed action CMS.API.Controllers.PatientsController.Search (CMS.API) in 1093.5004ms
2026-09-05 16:56:07.393 +03:00 [INF] Executed endpoint 'CMS.API.Controllers.PatientsController.Search (CMS.API)'
2026-09-05 16:56:07.400 +03:00 [INF] Request finished HTTP/1.1 GET http://localhost:5010/api/v1/patients/search?q= - 200 null application/json; charset=utf-8 1187.2616ms
2026-09-05 16:56:07.636 +03:00 [INF] Executing OkObjectResult, writing value of type 'CMS.Shared.DTOs.ApiResponse`1[[CMS.Shared.DTOs.DashboardMetricsDto, CMS.Shared, Version=1.0.0.0, Culture=neutral, PublicKeyToken=null]]'.
2026-09-05 16:56:07.670 +03:00 [INF] Executed action CMS.API.Controllers.DashboardController.GetMetrics (CMS.API) in 463.7453ms
2026-09-05 16:56:07.683 +03:00 [INF] Executed endpoint 'CMS.API.Controllers.DashboardController.GetMetrics (CMS.API)'
2026-09-05 16:56:07.685 +03:00 [INF] Request finished HTTP/1.1 GET http://localhost:5010/api/v1/dashboard/metrics - 200 null application/json; charset=utf-8 736.9557ms
2026-09-05 16:56:08.003 +03:00 [INF] Request starting HTTP/1.1 GET http://localhost:5010/api/v1/dashboard/metrics - null null
2026-09-05 16:56:08.703 +03:00 [INF] Failed to validate the token.
Microsoft.IdentityModel.Tokens.SecurityTokenMalformedException: IDX14100: JWT is not well formed, there are no dots (.).
The token needs to be in JWS or JWE Compact Serialization Format. (JWS): 'EncodedHeader.EncodedPayload.EncodedSignature'. (JWE): 'EncodedProtectedHeader.EncodedEncryptedKey.EncodedInitializationVector.EncodedCiphertext.EncodedAuthenticationTag'.
   at Microsoft.IdentityModel.JsonWebTokens.JsonWebToken.ReadToken(ReadOnlyMemory`1 encodedTokenMemory)
   at Microsoft.IdentityModel.JsonWebTokens.JsonWebToken..ctor(String jwtEncodedString)
   at Microsoft.IdentityModel.JsonWebTokens.JsonWebTokenHandler.ReadToken(String token, TokenValidationParameters validationParameters)
2026-09-05 16:56:08.706 +03:00 [INF] Bearer was not authenticated. Failure message: IDX14100: JWT is not well formed, there are no dots (.).
The token needs to be in JWS or JWE Compact Serialization Format. (JWS): 'EncodedHeader.EncodedPayload.EncodedSignature'. (JWE): 'EncodedProtectedHeader.EncodedEncryptedKey.EncodedInitializationVector.EncodedCiphertext.EncodedAuthenticationTag'.
2026-09-05 16:56:08.817 +03:00 [INF] Executing endpoint 'CMS.API.Controllers.DashboardController.GetMetrics (CMS.API)'
2026-09-05 16:56:09.086 +03:00 [INF] Route matched with {action = "GetMetrics", controller = "Dashboard"}. Executing controller action with signature System.Threading.Tasks.Task`1[Microsoft.AspNetCore.Mvc.IActionResult] GetMetrics() on controller CMS.API.Controllers.DashboardController (CMS.API).
2026-09-05 16:56:09.250 +03:00 [INF] Executing OkObjectResult, writing value of type 'CMS.Shared.DTOs.ApiResponse`1[[CMS.Shared.DTOs.DashboardMetricsDto, CMS.Shared, Version=1.0.0.0, Culture=neutral, PublicKeyToken=null]]'.
2026-09-05 16:56:09.257 +03:00 [INF] Executed action CMS.API.Controllers.DashboardController.GetMetrics (CMS.API) in 22.129ms
2026-09-05 16:56:09.263 +03:00 [INF] Executed endpoint 'CMS.API.Controllers.DashboardController.GetMetrics (CMS.API)'
2026-09-05 16:56:09.268 +03:00 [INF] Request finished HTTP/1.1 GET http://localhost:5010/api/v1/dashboard/metrics - 200 null application/json; charset=utf-8 1265.2706ms
2026-09-05 16:56:32.595 +03:00 [INF] Request starting HTTP/1.1 GET http://localhost:5010/api/v1/dashboard/metrics - null null
2026-09-05 16:56:32.988 +03:00 [INF] Failed to validate the token.
Microsoft.IdentityModel.Tokens.SecurityTokenMalformedException: IDX14100: JWT is not well formed, there are no dots (.).
The token needs to be in JWS or JWE Compact Serialization Format. (JWS): 'EncodedHeader.EncodedPayload.EncodedSignature'. (JWE): 'EncodedProtectedHeader.EncodedEncryptedKey.EncodedInitializationVector.EncodedCiphertext.EncodedAuthenticationTag'.
   at Microsoft.IdentityModel.JsonWebTokens.JsonWebToken.ReadToken(ReadOnlyMemory`1 encodedTokenMemory)
   at Microsoft.IdentityModel.JsonWebTokens.JsonWebToken..ctor(String jwtEncodedString)
   at Microsoft.IdentityModel.JsonWebTokens.JsonWebTokenHandler.ReadToken(String token, TokenValidationParameters validationParameters)
2026-09-05 16:56:33.057 +03:00 [INF] Bearer was not authenticated. Failure message: IDX14100: JWT is not well formed, there are no dots (.).
The token needs to be in JWS or JWE Compact Serialization Format. (JWS): 'EncodedHeader.EncodedPayload.EncodedSignature'. (JWE): 'EncodedProtectedHeader.EncodedEncryptedKey.EncodedInitializationVector.EncodedCiphertext.EncodedAuthenticationTag'.
2026-09-05 16:56:33.060 +03:00 [INF] Executing endpoint 'CMS.API.Controllers.DashboardController.GetMetrics (CMS.API)'
2026-09-05 16:56:33.064 +03:00 [INF] Route matched with {action = "GetMetrics", controller = "Dashboard"}. Executing controller action with signature System.Threading.Tasks.Task`1[Microsoft.AspNetCore.Mvc.IActionResult] GetMetrics() on controller CMS.API.Controllers.DashboardController (CMS.API).
2026-09-05 16:56:33.084 +03:00 [INF] Executing OkObjectResult, writing value of type 'CMS.Shared.DTOs.ApiResponse`1[[CMS.Shared.DTOs.DashboardMetricsDto, CMS.Shared, Version=1.0.0.0, Culture=neutral, PublicKeyToken=null]]'.
2026-09-05 16:56:33.087 +03:00 [INF] Executed action CMS.API.Controllers.DashboardController.GetMetrics (CMS.API) in 18.1887ms
2026-09-05 16:56:33.091 +03:00 [INF] Executed endpoint 'CMS.API.Controllers.DashboardController.GetMetrics (CMS.API)'
2026-09-05 16:56:33.094 +03:00 [INF] Request finished HTTP/1.1 GET http://localhost:5010/api/v1/dashboard/metrics - 200 null application/json; charset=utf-8 498.6792ms
2026-09-05 16:56:33.096 +03:00 [INF] Request starting HTTP/1.1 GET http://localhost:5010/api/v1/dashboard/metrics - null null
2026-09-05 16:56:33.116 +03:00 [INF] Failed to validate the token.
Microsoft.IdentityModel.Tokens.SecurityTokenMalformedException: IDX14100: JWT is not well formed, there are no dots (.).
The token needs to be in JWS or JWE Compact Serialization Format. (JWS): 'EncodedHeader.EncodedPayload.EncodedSignature'. (JWE): 'EncodedProtectedHeader.EncodedEncryptedKey.EncodedInitializationVector.EncodedCiphertext.EncodedAuthenticationTag'.
   at Microsoft.IdentityModel.JsonWebTokens.JsonWebToken.ReadToken(ReadOnlyMemory`1 encodedTokenMemory)
   at Microsoft.IdentityModel.JsonWebTokens.JsonWebToken..ctor(String jwtEncodedString)
   at Microsoft.IdentityModel.JsonWebTokens.JsonWebTokenHandler.ReadToken(String token, TokenValidationParameters validationParameters)
2026-09-05 16:56:33.119 +03:00 [INF] Bearer was not authenticated. Failure message: IDX14100: JWT is not well formed, there are no dots (.).
The token needs to be in JWS or JWE Compact Serialization Format. (JWS): 'EncodedHeader.EncodedPayload.EncodedSignature'. (JWE): 'EncodedProtectedHeader.EncodedEncryptedKey.EncodedInitializationVector.EncodedCiphertext.EncodedAuthenticationTag'.
2026-09-05 16:56:33.123 +03:00 [INF] Executing endpoint 'CMS.API.Controllers.DashboardController.GetMetrics (CMS.API)'
2026-09-05 16:56:33.125 +03:00 [INF] Route matched with {action = "GetMetrics", controller = "Dashboard"}. Executing controller action with signature System.Threading.Tasks.Task`1[Microsoft.AspNetCore.Mvc.IActionResult] GetMetrics() on controller CMS.API.Controllers.DashboardController (CMS.API).
2026-09-05 16:56:33.138 +03:00 [INF] Executing OkObjectResult, writing value of type 'CMS.Shared.DTOs.ApiResponse`1[[CMS.Shared.DTOs.DashboardMetricsDto, CMS.Shared, Version=1.0.0.0, Culture=neutral, PublicKeyToken=null]]'.
2026-09-05 16:56:33.141 +03:00 [INF] Executed action CMS.API.Controllers.DashboardController.GetMetrics (CMS.API) in 11.4682ms
2026-09-05 16:56:33.147 +03:00 [INF] Executed endpoint 'CMS.API.Controllers.DashboardController.GetMetrics (CMS.API)'
2026-09-05 16:56:33.149 +03:00 [INF] Request finished HTTP/1.1 GET http://localhost:5010/api/v1/dashboard/metrics - 200 null application/json; charset=utf-8 53.0877ms
2026-09-05 16:56:46.434 +03:00 [INF] Request starting HTTP/1.1 POST http://localhost:5010/api/v1/auth/login - application/json 57
2026-09-05 16:56:46.445 +03:00 [INF] CORS policy execution successful.
2026-09-05 16:56:46.449 +03:00 [INF] Executing endpoint 'CMS.API.Controllers.AuthController.Login (CMS.API)'
2026-09-05 16:56:46.458 +03:00 [INF] Route matched with {action = "Login", controller = "Auth"}. Executing controller action with signature System.Threading.Tasks.Task`1[Microsoft.AspNetCore.Mvc.IActionResult] Login(CMS.Shared.DTOs.LoginRequest) on controller CMS.API.Controllers.AuthController (CMS.API).
2026-09-05 16:56:46.713 +03:00 [INF] Executing OkObjectResult, writing value of type 'CMS.Shared.DTOs.ApiResponse`1[[CMS.Shared.DTOs.LoginResponse, CMS.Shared, Version=1.0.0.0, Culture=neutral, PublicKeyToken=null]]'.
2026-09-05 16:56:46.732 +03:00 [INF] Executed action CMS.API.Controllers.AuthController.Login (CMS.API) in 270.1564ms
2026-09-05 16:56:46.734 +03:00 [INF] Executed endpoint 'CMS.API.Controllers.AuthController.Login (CMS.API)'
2026-09-05 16:56:46.739 +03:00 [INF] Request finished HTTP/1.1 POST http://localhost:5010/api/v1/auth/login - 200 null application/json; charset=utf-8 304.5799ms
2026-09-05 16:56:46.814 +03:00 [INF] Request starting HTTP/1.1 GET http://localhost:5010/api/v1/dashboard/metrics - null null
2026-09-05 16:56:47.010 +03:00 [INF] Failed to validate the token.
Microsoft.IdentityModel.Tokens.SecurityTokenSignatureKeyNotFoundException: IDX10517: Signature validation failed. The token's kid is missing. Keys tried: 'Microsoft.IdentityModel.Tokens.SymmetricSecurityKey, KeyId: '', InternalId: 'VNGqhB7kZ75afXrNakqPyb1WYggzQUo6Cgi8Kx2i7Zs'. , KeyId: 
'. Number of keys in TokenValidationParameters: '1'. 
Number of keys in Configuration: '0'. 
Exceptions caught:
 '[PII of type 'System.Text.StringBuilder' is hidden. For more details, see https://aka.ms/IdentityModel/PII.]'.
token: '[PII of type 'Microsoft.IdentityModel.JsonWebTokens.JsonWebToken' is hidden. For more details, see https://aka.ms/IdentityModel/PII.]'. See https://aka.ms/IDX10503 for details.
   at Microsoft.IdentityModel.JsonWebTokens.JsonWebTokenHandler.ValidateSignature(JsonWebToken jwtToken, TokenValidationParameters validationParameters, BaseConfiguration configuration)
   at Microsoft.IdentityModel.JsonWebTokens.JsonWebTokenHandler.ValidateSignatureAndIssuerSecurityKey(JsonWebToken jsonWebToken, TokenValidationParameters validationParameters, BaseConfiguration configuration)
   at Microsoft.IdentityModel.JsonWebTokens.JsonWebTokenHandler.ValidateJWSAsync(JsonWebToken jsonWebToken, TokenValidationParameters validationParameters, BaseConfiguration configuration)
2026-09-05 16:56:47.058 +03:00 [INF] Bearer was not authenticated. Failure message: IDX10517: Signature validation failed. The token's kid is missing. Keys tried: 'Microsoft.IdentityModel.Tokens.SymmetricSecurityKey, KeyId: '', InternalId: 'VNGqhB7kZ75afXrNakqPyb1WYggzQUo6Cgi8Kx2i7Zs'. , KeyId: 
'. Number of keys in TokenValidationParameters: '1'. 
Number of keys in Configuration: '0'. 
Exceptions caught:
 '[PII of type 'System.Text.StringBuilder' is hidden. For more details, see https://aka.ms/IdentityModel/PII.]'.
token: '[PII of type 'Microsoft.IdentityModel.JsonWebTokens.JsonWebToken' is hidden. For more details, see https://aka.ms/IdentityModel/PII.]'. See https://aka.ms/IDX10503 for details.
2026-09-05 16:56:47.066 +03:00 [INF] Executing endpoint 'CMS.API.Controllers.DashboardController.GetMetrics (CMS.API)'
2026-09-05 16:56:47.071 +03:00 [INF] Route matched with {action = "GetMetrics", controller = "Dashboard"}. Executing controller action with signature System.Threading.Tasks.Task`1[Microsoft.AspNetCore.Mvc.IActionResult] GetMetrics() on controller CMS.API.Controllers.DashboardController (CMS.API).
2026-09-05 16:56:47.095 +03:00 [INF] Executing OkObjectResult, writing value of type 'CMS.Shared.DTOs.ApiResponse`1[[CMS.Shared.DTOs.DashboardMetricsDto, CMS.Shared, Version=1.0.0.0, Culture=neutral, PublicKeyToken=null]]'.
2026-09-05 16:56:47.101 +03:00 [INF] Executed action CMS.API.Controllers.DashboardController.GetMetrics (CMS.API) in 14.8175ms
2026-09-05 16:56:47.106 +03:00 [INF] Executed endpoint 'CMS.API.Controllers.DashboardController.GetMetrics (CMS.API)'
2026-09-05 16:56:47.108 +03:00 [INF] Request finished HTTP/1.1 GET http://localhost:5010/api/v1/dashboard/metrics - 200 null application/json; charset=utf-8 294.4414ms
2026-09-05 16:56:47.412 +03:00 [INF] Request starting HTTP/1.1 GET http://localhost:5010/api/v1/dashboard/metrics - null null
2026-09-05 16:56:47.418 +03:00 [INF] Failed to validate the token.
Microsoft.IdentityModel.Tokens.SecurityTokenSignatureKeyNotFoundException: IDX10517: Signature validation failed. The token's kid is missing. Keys tried: 'Microsoft.IdentityModel.Tokens.SymmetricSecurityKey, KeyId: '', InternalId: 'VNGqhB7kZ75afXrNakqPyb1WYggzQUo6Cgi8Kx2i7Zs'. , KeyId: 
'. Number of keys in TokenValidationParameters: '1'. 
Number of keys in Configuration: '0'. 
Exceptions caught:
 '[PII of type 'System.Text.StringBuilder' is hidden. For more details, see https://aka.ms/IdentityModel/PII.]'.
token: '[PII of type 'Microsoft.IdentityModel.JsonWebTokens.JsonWebToken' is hidden. For more details, see https://aka.ms/IdentityModel/PII.]'. See https://aka.ms/IDX10503 for details.
   at Microsoft.IdentityModel.JsonWebTokens.JsonWebTokenHandler.ValidateSignature(JsonWebToken jwtToken, TokenValidationParameters validationParameters, BaseConfiguration configuration)
   at Microsoft.IdentityModel.JsonWebTokens.JsonWebTokenHandler.ValidateSignatureAndIssuerSecurityKey(JsonWebToken jsonWebToken, TokenValidationParameters validationParameters, BaseConfiguration configuration)
   at Microsoft.IdentityModel.JsonWebTokens.JsonWebTokenHandler.ValidateJWSAsync(JsonWebToken jsonWebToken, TokenValidationParameters validationParameters, BaseConfiguration configuration)
2026-09-05 16:56:47.423 +03:00 [INF] Bearer was not authenticated. Failure message: IDX10517: Signature validation failed. The token's kid is missing. Keys tried: 'Microsoft.IdentityModel.Tokens.SymmetricSecurityKey, KeyId: '', InternalId: 'VNGqhB7kZ75afXrNakqPyb1WYggzQUo6Cgi8Kx2i7Zs'. , KeyId: 
'. Number of keys in TokenValidationParameters: '1'. 
Number of keys in Configuration: '0'. 
Exceptions caught:
 '[PII of type 'System.Text.StringBuilder' is hidden. For more details, see https://aka.ms/IdentityModel/PII.]'.
token: '[PII of type 'Microsoft.IdentityModel.JsonWebTokens.JsonWebToken' is hidden. For more details, see https://aka.ms/IdentityModel/PII.]'. See https://aka.ms/IDX10503 for details.
2026-09-05 16:56:47.425 +03:00 [INF] Executing endpoint 'CMS.API.Controllers.DashboardController.GetMetrics (CMS.API)'
2026-09-05 16:56:47.427 +03:00 [INF] Route matched with {action = "GetMetrics", controller = "Dashboard"}. Executing controller action with signature System.Threading.Tasks.Task`1[Microsoft.AspNetCore.Mvc.IActionResult] GetMetrics() on controller CMS.API.Controllers.DashboardController (CMS.API).
2026-09-05 16:56:47.439 +03:00 [INF] Executing OkObjectResult, writing value of type 'CMS.Shared.DTOs.ApiResponse`1[[CMS.Shared.DTOs.DashboardMetricsDto, CMS.Shared, Version=1.0.0.0, Culture=neutral, PublicKeyToken=null]]'.
2026-09-05 16:56:47.441 +03:00 [INF] Executed action CMS.API.Controllers.DashboardController.GetMetrics (CMS.API) in 11.3143ms
2026-09-05 16:56:47.444 +03:00 [INF] Executed endpoint 'CMS.API.Controllers.DashboardController.GetMetrics (CMS.API)'
2026-09-05 16:56:47.447 +03:00 [INF] Request finished HTTP/1.1 GET http://localhost:5010/api/v1/dashboard/metrics - 200 null application/json; charset=utf-8 33.9978ms
2026-09-05 16:56:53.938 +03:00 [INF] Request starting HTTP/1.1 GET http://localhost:5010/api/v1/triage/doctor/2?date=2026-09-05 - application/json null
2026-09-05 16:56:53.940 +03:00 [INF] Request starting HTTP/1.1 GET http://localhost:5010/api/v1/staff/doctors - application/json null
2026-09-05 16:56:53.973 +03:00 [INF] Failed to validate the token.
Microsoft.IdentityModel.Tokens.SecurityTokenSignatureKeyNotFoundException: IDX10517: Signature validation failed. The token's kid is missing. Keys tried: 'Microsoft.IdentityModel.Tokens.SymmetricSecurityKey, KeyId: '', InternalId: 'VNGqhB7kZ75afXrNakqPyb1WYggzQUo6Cgi8Kx2i7Zs'. , KeyId: 
'. Number of keys in TokenValidationParameters: '1'. 
Number of keys in Configuration: '0'. 
Exceptions caught:
 '[PII of type 'System.Text.StringBuilder' is hidden. For more details, see https://aka.ms/IdentityModel/PII.]'.
token: '[PII of type 'Microsoft.IdentityModel.JsonWebTokens.JsonWebToken' is hidden. For more details, see https://aka.ms/IdentityModel/PII.]'. See https://aka.ms/IDX10503 for details.
   at Microsoft.IdentityModel.JsonWebTokens.JsonWebTokenHandler.ValidateSignature(JsonWebToken jwtToken, TokenValidationParameters validationParameters, BaseConfiguration configuration)
   at Microsoft.IdentityModel.JsonWebTokens.JsonWebTokenHandler.ValidateSignatureAndIssuerSecurityKey(JsonWebToken jsonWebToken, TokenValidationParameters validationParameters, BaseConfiguration configuration)
   at Microsoft.IdentityModel.JsonWebTokens.JsonWebTokenHandler.ValidateJWSAsync(JsonWebToken jsonWebToken, TokenValidationParameters validationParameters, BaseConfiguration configuration)
2026-09-05 16:56:53.974 +03:00 [INF] Failed to validate the token.
Microsoft.IdentityModel.Tokens.SecurityTokenSignatureKeyNotFoundException: IDX10517: Signature validation failed. The token's kid is missing. Keys tried: 'Microsoft.IdentityModel.Tokens.SymmetricSecurityKey, KeyId: '', InternalId: 'VNGqhB7kZ75afXrNakqPyb1WYggzQUo6Cgi8Kx2i7Zs'. , KeyId: 
'. Number of keys in TokenValidationParameters: '1'. 
Number of keys in Configuration: '0'. 
Exceptions caught:
 '[PII of type 'System.Text.StringBuilder' is hidden. For more details, see https://aka.ms/IdentityModel/PII.]'.
token: '[PII of type 'Microsoft.IdentityModel.JsonWebTokens.JsonWebToken' is hidden. For more details, see https://aka.ms/IdentityModel/PII.]'. See https://aka.ms/IDX10503 for details.
   at Microsoft.IdentityModel.JsonWebTokens.JsonWebTokenHandler.ValidateSignature(JsonWebToken jwtToken, TokenValidationParameters validationParameters, BaseConfiguration configuration)
   at Microsoft.IdentityModel.JsonWebTokens.JsonWebTokenHandler.ValidateSignatureAndIssuerSecurityKey(JsonWebToken jsonWebToken, TokenValidationParameters validationParameters, BaseConfiguration configuration)
   at Microsoft.IdentityModel.JsonWebTokens.JsonWebTokenHandler.ValidateJWSAsync(JsonWebToken jsonWebToken, TokenValidationParameters validationParameters, BaseConfiguration configuration)
2026-09-05 16:56:53.979 +03:00 [INF] Bearer was not authenticated. Failure message: IDX10517: Signature validation failed. The token's kid is missing. Keys tried: 'Microsoft.IdentityModel.Tokens.SymmetricSecurityKey, KeyId: '', InternalId: 'VNGqhB7kZ75afXrNakqPyb1WYggzQUo6Cgi8Kx2i7Zs'. , KeyId: 
'. Number of keys in TokenValidationParameters: '1'. 
Number of keys in Configuration: '0'. 
Exceptions caught:
 '[PII of type 'System.Text.StringBuilder' is hidden. For more details, see https://aka.ms/IdentityModel/PII.]'.
token: '[PII of type 'Microsoft.IdentityModel.JsonWebTokens.JsonWebToken' is hidden. For more details, see https://aka.ms/IdentityModel/PII.]'. See https://aka.ms/IDX10503 for details.
2026-09-05 16:56:53.983 +03:00 [INF] Bearer was not authenticated. Failure message: IDX10517: Signature validation failed. The token's kid is missing. Keys tried: 'Microsoft.IdentityModel.Tokens.SymmetricSecurityKey, KeyId: '', InternalId: 'VNGqhB7kZ75afXrNakqPyb1WYggzQUo6Cgi8Kx2i7Zs'. , KeyId: 
'. Number of keys in TokenValidationParameters: '1'. 
Number of keys in Configuration: '0'. 
Exceptions caught:
 '[PII of type 'System.Text.StringBuilder' is hidden. For more details, see https://aka.ms/IdentityModel/PII.]'.
token: '[PII of type 'Microsoft.IdentityModel.JsonWebTokens.JsonWebToken' is hidden. For more details, see https://aka.ms/IdentityModel/PII.]'. See https://aka.ms/IDX10503 for details.
2026-09-05 16:56:53.986 +03:00 [INF] Executing endpoint 'CMS.API.Controllers.TriageController.GetDoctorQueue (CMS.API)'
2026-09-05 16:56:53.988 +03:00 [INF] Executing endpoint 'CMS.API.Controllers.StaffController.GetDoctors (CMS.API)'
2026-09-05 16:56:53.999 +03:00 [INF] Route matched with {action = "GetDoctors", controller = "Staff"}. Executing controller action with signature System.Threading.Tasks.Task`1[Microsoft.AspNetCore.Mvc.IActionResult] GetDoctors() on controller CMS.API.Controllers.StaffController (CMS.API).
2026-09-05 16:56:54.000 +03:00 [INF] Route matched with {action = "GetDoctorQueue", controller = "Triage"}. Executing controller action with signature System.Threading.Tasks.Task`1[Microsoft.AspNetCore.Mvc.IActionResult] GetDoctorQueue(Int32, System.Nullable`1[System.DateTime]) on controller CMS.API.Controllers.TriageController (CMS.API).
2026-09-05 16:56:54.089 +03:00 [INF] Executing OkObjectResult, writing value of type 'CMS.Shared.DTOs.ApiResponse`1[[System.Object, System.Private.CoreLib, Version=8.0.0.0, Culture=neutral, PublicKeyToken=7cec85d7bea7798e]]'.
2026-09-05 16:56:54.091 +03:00 [INF] Executing OkObjectResult, writing value of type 'CMS.Shared.DTOs.ApiResponse`1[[System.Collections.Generic.List`1[[CMS.Shared.DTOs.DoctorDto, CMS.Shared, Version=1.0.0.0, Culture=neutral, PublicKeyToken=null]], System.Private.CoreLib, Version=8.0.0.0, Culture=neutral, PublicKeyToken=7cec85d7bea7798e]]'.
2026-09-05 16:56:54.100 +03:00 [INF] Executed action CMS.API.Controllers.StaffController.GetDoctors (CMS.API) in 97.612ms
2026-09-05 16:56:54.103 +03:00 [INF] Executed endpoint 'CMS.API.Controllers.StaffController.GetDoctors (CMS.API)'
2026-09-05 16:56:54.106 +03:00 [INF] Request finished HTTP/1.1 GET http://localhost:5010/api/v1/staff/doctors - 200 null application/json; charset=utf-8 165.8174ms
2026-09-05 16:56:54.148 +03:00 [INF] Executed action CMS.API.Controllers.TriageController.GetDoctorQueue (CMS.API) in 141.2202ms
2026-09-05 16:56:54.152 +03:00 [INF] Executed endpoint 'CMS.API.Controllers.TriageController.GetDoctorQueue (CMS.API)'
2026-09-05 16:56:54.154 +03:00 [INF] Request finished HTTP/1.1 GET http://localhost:5010/api/v1/triage/doctor/2?date=2026-09-05 - 200 null application/json; charset=utf-8 216.5675ms
2026-09-05 16:56:54.201 +03:00 [INF] Request starting HTTP/1.1 GET http://localhost:5010/api/v1/staff/doctors - application/json null
2026-09-05 16:56:54.216 +03:00 [INF] Failed to validate the token.
Microsoft.IdentityModel.Tokens.SecurityTokenSignatureKeyNotFoundException: IDX10517: Signature validation failed. The token's kid is missing. Keys tried: 'Microsoft.IdentityModel.Tokens.SymmetricSecurityKey, KeyId: '', InternalId: 'VNGqhB7kZ75afXrNakqPyb1WYggzQUo6Cgi8Kx2i7Zs'. , KeyId: 
'. Number of keys in TokenValidationParameters: '1'. 
Number of keys in Configuration: '0'. 
Exceptions caught:
 '[PII of type 'System.Text.StringBuilder' is hidden. For more details, see https://aka.ms/IdentityModel/PII.]'.
token: '[PII of type 'Microsoft.IdentityModel.JsonWebTokens.JsonWebToken' is hidden. For more details, see https://aka.ms/IdentityModel/PII.]'. See https://aka.ms/IDX10503 for details.
   at Microsoft.IdentityModel.JsonWebTokens.JsonWebTokenHandler.ValidateSignature(JsonWebToken jwtToken, TokenValidationParameters validationParameters, BaseConfiguration configuration)
   at Microsoft.IdentityModel.JsonWebTokens.JsonWebTokenHandler.ValidateSignatureAndIssuerSecurityKey(JsonWebToken jsonWebToken, TokenValidationParameters validationParameters, BaseConfiguration configuration)
   at Microsoft.IdentityModel.JsonWebTokens.JsonWebTokenHandler.ValidateJWSAsync(JsonWebToken jsonWebToken, TokenValidationParameters validationParameters, BaseConfiguration configuration)
2026-09-05 16:56:54.222 +03:00 [INF] Bearer was not authenticated. Failure message: IDX10517: Signature validation failed. The token's kid is missing. Keys tried: 'Microsoft.IdentityModel.Tokens.SymmetricSecurityKey, KeyId: '', InternalId: 'VNGqhB7kZ75afXrNakqPyb1WYggzQUo6Cgi8Kx2i7Zs'. , KeyId: 
'. Number of keys in TokenValidationParameters: '1'. 
Number of keys in Configuration: '0'. 
Exceptions caught:
 '[PII of type 'System.Text.StringBuilder' is hidden. For more details, see https://aka.ms/IdentityModel/PII.]'.
token: '[PII of type 'Microsoft.IdentityModel.JsonWebTokens.JsonWebToken' is hidden. For more details, see https://aka.ms/IdentityModel/PII.]'. See https://aka.ms/IDX10503 for details.
2026-09-05 16:56:54.242 +03:00 [INF] Executing endpoint 'CMS.API.Controllers.StaffController.GetDoctors (CMS.API)'
2026-09-05 16:56:54.386 +03:00 [INF] Route matched with {action = "GetDoctors", controller = "Staff"}. Executing controller action with signature System.Threading.Tasks.Task`1[Microsoft.AspNetCore.Mvc.IActionResult] GetDoctors() on controller CMS.API.Controllers.StaffController (CMS.API).
2026-09-05 16:56:54.419 +03:00 [INF] Request starting HTTP/1.1 GET http://localhost:5010/api/v1/triage/doctor/2?date=2026-09-05 - application/json null
2026-09-05 16:56:54.483 +03:00 [INF] Executing OkObjectResult, writing value of type 'CMS.Shared.DTOs.ApiResponse`1[[System.Collections.Generic.List`1[[CMS.Shared.DTOs.DoctorDto, CMS.Shared, Version=1.0.0.0, Culture=neutral, PublicKeyToken=null]], System.Private.CoreLib, Version=8.0.0.0, Culture=neutral, PublicKeyToken=7cec85d7bea7798e]]'.
2026-09-05 16:56:54.558 +03:00 [INF] Request starting HTTP/1.1 GET http://localhost:5010/api/v1/medicalcertificates/patient/13 - application/json null
2026-09-05 16:56:54.558 +03:00 [INF] Request starting HTTP/1.1 GET http://localhost:5010/api/v1/encounters/patient/13 - application/json null
2026-09-05 16:56:54.719 +03:00 [INF] Request starting HTTP/1.1 GET http://localhost:5010/api/v1/triage/patient/13/latest - application/json null
2026-09-05 16:56:54.783 +03:00 [INF] Failed to validate the token.
Microsoft.IdentityModel.Tokens.SecurityTokenSignatureKeyNotFoundException: IDX10517: Signature validation failed. The token's kid is missing. Keys tried: 'Microsoft.IdentityModel.Tokens.SymmetricSecurityKey, KeyId: '', InternalId: 'VNGqhB7kZ75afXrNakqPyb1WYggzQUo6Cgi8Kx2i7Zs'. , KeyId: 
'. Number of keys in TokenValidationParameters: '1'. 
Number of keys in Configuration: '0'. 
Exceptions caught:
 '[PII of type 'System.Text.StringBuilder' is hidden. For more details, see https://aka.ms/IdentityModel/PII.]'.
token: '[PII of type 'Microsoft.IdentityModel.JsonWebTokens.JsonWebToken' is hidden. For more details, see https://aka.ms/IdentityModel/PII.]'. See https://aka.ms/IDX10503 for details.
   at Microsoft.IdentityModel.JsonWebTokens.JsonWebTokenHandler.ValidateSignature(JsonWebToken jwtToken, TokenValidationParameters validationParameters, BaseConfiguration configuration)
   at Microsoft.IdentityModel.JsonWebTokens.JsonWebTokenHandler.ValidateSignatureAndIssuerSecurityKey(JsonWebToken jsonWebToken, TokenValidationParameters validationParameters, BaseConfiguration configuration)
   at Microsoft.IdentityModel.JsonWebTokens.JsonWebTokenHandler.ValidateJWSAsync(JsonWebToken jsonWebToken, TokenValidationParameters validationParameters, BaseConfiguration configuration)
2026-09-05 16:56:54.732 +03:00 [INF] Executed action CMS.API.Controllers.StaffController.GetDoctors (CMS.API) in 310.7029ms
2026-09-05 16:56:54.986 +03:00 [INF] Executed endpoint 'CMS.API.Controllers.StaffController.GetDoctors (CMS.API)'
2026-09-05 16:56:54.768 +03:00 [INF] Failed to validate the token.
Microsoft.IdentityModel.Tokens.SecurityTokenSignatureKeyNotFoundException: IDX10517: Signature validation failed. The token's kid is missing. Keys tried: 'Microsoft.IdentityModel.Tokens.SymmetricSecurityKey, KeyId: '', InternalId: 'VNGqhB7kZ75afXrNakqPyb1WYggzQUo6Cgi8Kx2i7Zs'. , KeyId: 
'. Number of keys in TokenValidationParameters: '1'. 
Number of keys in Configuration: '0'. 
Exceptions caught:
 '[PII of type 'System.Text.StringBuilder' is hidden. For more details, see https://aka.ms/IdentityModel/PII.]'.
token: '[PII of type 'Microsoft.IdentityModel.JsonWebTokens.JsonWebToken' is hidden. For more details, see https://aka.ms/IdentityModel/PII.]'. See https://aka.ms/IDX10503 for details.
   at Microsoft.IdentityModel.JsonWebTokens.JsonWebTokenHandler.ValidateSignature(JsonWebToken jwtToken, TokenValidationParameters validationParameters, BaseConfiguration configuration)
   at Microsoft.IdentityModel.JsonWebTokens.JsonWebTokenHandler.ValidateSignatureAndIssuerSecurityKey(JsonWebToken jsonWebToken, TokenValidationParameters validationParameters, BaseConfiguration configuration)
   at Microsoft.IdentityModel.JsonWebTokens.JsonWebTokenHandler.ValidateJWSAsync(JsonWebToken jsonWebToken, TokenValidationParameters validationParameters, BaseConfiguration configuration)
2026-09-05 16:56:54.722 +03:00 [INF] Failed to validate the token.
Microsoft.IdentityModel.Tokens.SecurityTokenSignatureKeyNotFoundException: IDX10517: Signature validation failed. The token's kid is missing. Keys tried: 'Microsoft.IdentityModel.Tokens.SymmetricSecurityKey, KeyId: '', InternalId: 'VNGqhB7kZ75afXrNakqPyb1WYggzQUo6Cgi8Kx2i7Zs'. , KeyId: 
'. Number of keys in TokenValidationParameters: '1'. 
Number of keys in Configuration: '0'. 
Exceptions caught:
 '[PII of type 'System.Text.StringBuilder' is hidden. For more details, see https://aka.ms/IdentityModel/PII.]'.
token: '[PII of type 'Microsoft.IdentityModel.JsonWebTokens.JsonWebToken' is hidden. For more details, see https://aka.ms/IdentityModel/PII.]'. See https://aka.ms/IDX10503 for details.
   at Microsoft.IdentityModel.JsonWebTokens.JsonWebTokenHandler.ValidateSignature(JsonWebToken jwtToken, TokenValidationParameters validationParameters, BaseConfiguration configuration)
   at Microsoft.IdentityModel.JsonWebTokens.JsonWebTokenHandler.ValidateSignatureAndIssuerSecurityKey(JsonWebToken jsonWebToken, TokenValidationParameters validationParameters, BaseConfiguration configuration)
   at Microsoft.IdentityModel.JsonWebTokens.JsonWebTokenHandler.ValidateJWSAsync(JsonWebToken jsonWebToken, TokenValidationParameters validationParameters, BaseConfiguration configuration)
2026-09-05 16:56:55.024 +03:00 [INF] Bearer was not authenticated. Failure message: IDX10517: Signature validation failed. The token's kid is missing. Keys tried: 'Microsoft.IdentityModel.Tokens.SymmetricSecurityKey, KeyId: '', InternalId: 'VNGqhB7kZ75afXrNakqPyb1WYggzQUo6Cgi8Kx2i7Zs'. , KeyId: 
'. Number of keys in TokenValidationParameters: '1'. 
Number of keys in Configuration: '0'. 
Exceptions caught:
 '[PII of type 'System.Text.StringBuilder' is hidden. For more details, see https://aka.ms/IdentityModel/PII.]'.
token: '[PII of type 'Microsoft.IdentityModel.JsonWebTokens.JsonWebToken' is hidden. For more details, see https://aka.ms/IdentityModel/PII.]'. See https://aka.ms/IDX10503 for details.
2026-09-05 16:56:54.754 +03:00 [INF] Failed to validate the token.
Microsoft.IdentityModel.Tokens.SecurityTokenSignatureKeyNotFoundException: IDX10517: Signature validation failed. The token's kid is missing. Keys tried: 'Microsoft.IdentityModel.Tokens.SymmetricSecurityKey, KeyId: '', InternalId: 'VNGqhB7kZ75afXrNakqPyb1WYggzQUo6Cgi8Kx2i7Zs'. , KeyId: 
'. Number of keys in TokenValidationParameters: '1'. 
Number of keys in Configuration: '0'. 
Exceptions caught:
 '[PII of type 'System.Text.StringBuilder' is hidden. For more details, see https://aka.ms/IdentityModel/PII.]'.
token: '[PII of type 'Microsoft.IdentityModel.JsonWebTokens.JsonWebToken' is hidden. For more details, see https://aka.ms/IdentityModel/PII.]'. See https://aka.ms/IDX10503 for details.
   at Microsoft.IdentityModel.JsonWebTokens.JsonWebTokenHandler.ValidateSignature(JsonWebToken jwtToken, TokenValidationParameters validationParameters, BaseConfiguration configuration)
   at Microsoft.IdentityModel.JsonWebTokens.JsonWebTokenHandler.ValidateSignatureAndIssuerSecurityKey(JsonWebToken jsonWebToken, TokenValidationParameters validationParameters, BaseConfiguration configuration)
   at Microsoft.IdentityModel.JsonWebTokens.JsonWebTokenHandler.ValidateJWSAsync(JsonWebToken jsonWebToken, TokenValidationParameters validationParameters, BaseConfiguration configuration)
2026-09-05 16:56:55.123 +03:00 [INF] Bearer was not authenticated. Failure message: IDX10517: Signature validation failed. The token's kid is missing. Keys tried: 'Microsoft.IdentityModel.Tokens.SymmetricSecurityKey, KeyId: '', InternalId: 'VNGqhB7kZ75afXrNakqPyb1WYggzQUo6Cgi8Kx2i7Zs'. , KeyId: 
'. Number of keys in TokenValidationParameters: '1'. 
Number of keys in Configuration: '0'. 
Exceptions caught:
 '[PII of type 'System.Text.StringBuilder' is hidden. For more details, see https://aka.ms/IdentityModel/PII.]'.
token: '[PII of type 'Microsoft.IdentityModel.JsonWebTokens.JsonWebToken' is hidden. For more details, see https://aka.ms/IdentityModel/PII.]'. See https://aka.ms/IDX10503 for details.
2026-09-05 16:56:55.002 +03:00 [INF] Bearer was not authenticated. Failure message: IDX10517: Signature validation failed. The token's kid is missing. Keys tried: 'Microsoft.IdentityModel.Tokens.SymmetricSecurityKey, KeyId: '', InternalId: 'VNGqhB7kZ75afXrNakqPyb1WYggzQUo6Cgi8Kx2i7Zs'. , KeyId: 
'. Number of keys in TokenValidationParameters: '1'. 
Number of keys in Configuration: '0'. 
Exceptions caught:
 '[PII of type 'System.Text.StringBuilder' is hidden. For more details, see https://aka.ms/IdentityModel/PII.]'.
token: '[PII of type 'Microsoft.IdentityModel.JsonWebTokens.JsonWebToken' is hidden. For more details, see https://aka.ms/IdentityModel/PII.]'. See https://aka.ms/IDX10503 for details.
2026-09-05 16:56:54.984 +03:00 [INF] Bearer was not authenticated. Failure message: IDX10517: Signature validation failed. The token's kid is missing. Keys tried: 'Microsoft.IdentityModel.Tokens.SymmetricSecurityKey, KeyId: '', InternalId: 'VNGqhB7kZ75afXrNakqPyb1WYggzQUo6Cgi8Kx2i7Zs'. , KeyId: 
'. Number of keys in TokenValidationParameters: '1'. 
Number of keys in Configuration: '0'. 
Exceptions caught:
 '[PII of type 'System.Text.StringBuilder' is hidden. For more details, see https://aka.ms/IdentityModel/PII.]'.
token: '[PII of type 'Microsoft.IdentityModel.JsonWebTokens.JsonWebToken' is hidden. For more details, see https://aka.ms/IdentityModel/PII.]'. See https://aka.ms/IDX10503 for details.
2026-09-05 16:56:55.120 +03:00 [INF] Executing endpoint 'CMS.API.Controllers.TriageController.GetDoctorQueue (CMS.API)'
2026-09-05 16:56:54.990 +03:00 [INF] Request finished HTTP/1.1 GET http://localhost:5010/api/v1/staff/doctors - 200 null application/json; charset=utf-8 789.1879ms
2026-09-05 16:56:55.126 +03:00 [INF] Executing endpoint 'CMS.API.Controllers.MedicalCertificatesController.GetPatientCertificates (CMS.API)'
2026-09-05 16:56:55.131 +03:00 [INF] Executing endpoint 'CMS.API.Controllers.EncountersController.GetPatientEncounters (CMS.API)'
2026-09-05 16:56:55.134 +03:00 [INF] Executing endpoint 'CMS.API.Controllers.TriageController.GetLatestPatientVitals (CMS.API)'
2026-09-05 16:56:55.135 +03:00 [INF] Route matched with {action = "GetDoctorQueue", controller = "Triage"}. Executing controller action with signature System.Threading.Tasks.Task`1[Microsoft.AspNetCore.Mvc.IActionResult] GetDoctorQueue(Int32, System.Nullable`1[System.DateTime]) on controller CMS.API.Controllers.TriageController (CMS.API).
2026-09-05 16:56:55.155 +03:00 [INF] Route matched with {action = "GetPatientCertificates", controller = "MedicalCertificates"}. Executing controller action with signature System.Threading.Tasks.Task`1[Microsoft.AspNetCore.Mvc.IActionResult] GetPatientCertificates(Int32) on controller CMS.API.Controllers.MedicalCertificatesController (CMS.API).
2026-09-05 16:56:55.157 +03:00 [INF] Route matched with {action = "GetPatientEncounters", controller = "Encounters"}. Executing controller action with signature System.Threading.Tasks.Task`1[Microsoft.AspNetCore.Mvc.IActionResult] GetPatientEncounters(Int32) on controller CMS.API.Controllers.EncountersController (CMS.API).
2026-09-05 16:56:55.162 +03:00 [INF] Route matched with {action = "GetLatestPatientVitals", controller = "Triage"}. Executing controller action with signature System.Threading.Tasks.Task`1[Microsoft.AspNetCore.Mvc.IActionResult] GetLatestPatientVitals(Int32) on controller CMS.API.Controllers.TriageController (CMS.API).
2026-09-05 16:56:55.166 +03:00 [INF] Executing OkObjectResult, writing value of type 'CMS.Shared.DTOs.ApiResponse`1[[System.Object, System.Private.CoreLib, Version=8.0.0.0, Culture=neutral, PublicKeyToken=7cec85d7bea7798e]]'.
2026-09-05 16:56:55.212 +03:00 [INF] Executed action CMS.API.Controllers.TriageController.GetDoctorQueue (CMS.API) in 53.2475ms
2026-09-05 16:56:55.191 +03:00 [INF] Executing OkObjectResult, writing value of type 'CMS.Shared.DTOs.ApiResponse`1[[System.Collections.Generic.List`1[[CMS.Shared.DTOs.MedicalCertificateDto, CMS.Shared, Version=1.0.0.0, Culture=neutral, PublicKeyToken=null]], System.Private.CoreLib, Version=8.0.0.0, Culture=neutral, PublicKeyToken=7cec85d7bea7798e]]'.
2026-09-05 16:56:55.239 +03:00 [INF] Executing OkObjectResult, writing value of type 'CMS.Shared.DTOs.ApiResponse`1[[System.Collections.Generic.List`1[[CMS.Shared.DTOs.EncounterDto, CMS.Shared, Version=1.0.0.0, Culture=neutral, PublicKeyToken=null]], System.Private.CoreLib, Version=8.0.0.0, Culture=neutral, PublicKeyToken=7cec85d7bea7798e]]'.
2026-09-05 16:56:55.249 +03:00 [INF] Executing OkObjectResult, writing value of type 'CMS.Shared.DTOs.ApiResponse`1[[CMS.Shared.DTOs.TriageDto, CMS.Shared, Version=1.0.0.0, Culture=neutral, PublicKeyToken=null]]'.
2026-09-05 16:56:55.255 +03:00 [INF] Executed endpoint 'CMS.API.Controllers.TriageController.GetDoctorQueue (CMS.API)'
2026-09-05 16:56:55.264 +03:00 [INF] Executed action CMS.API.Controllers.MedicalCertificatesController.GetPatientCertificates (CMS.API) in 97.304ms
2026-09-05 16:56:55.274 +03:00 [INF] Executed action CMS.API.Controllers.EncountersController.GetPatientEncounters (CMS.API) in 103.7682ms
2026-09-05 16:56:55.282 +03:00 [INF] Request finished HTTP/1.1 GET http://localhost:5010/api/v1/triage/doctor/2?date=2026-09-05 - 200 null application/json; charset=utf-8 862.6594ms
2026-09-05 16:56:55.300 +03:00 [INF] Executed endpoint 'CMS.API.Controllers.MedicalCertificatesController.GetPatientCertificates (CMS.API)'
2026-09-05 16:56:55.301 +03:00 [INF] Request starting HTTP/1.1 GET http://localhost:5010/api/v1/encounters/patient/13 - application/json null
2026-09-05 16:56:55.302 +03:00 [INF] Executed endpoint 'CMS.API.Controllers.EncountersController.GetPatientEncounters (CMS.API)'
2026-09-05 16:56:55.308 +03:00 [INF] Request finished HTTP/1.1 GET http://localhost:5010/api/v1/medicalcertificates/patient/13 - 200 null application/json; charset=utf-8 749.5547ms
2026-09-05 16:56:55.315 +03:00 [INF] Failed to validate the token.
Microsoft.IdentityModel.Tokens.SecurityTokenSignatureKeyNotFoundException: IDX10517: Signature validation failed. The token's kid is missing. Keys tried: 'Microsoft.IdentityModel.Tokens.SymmetricSecurityKey, KeyId: '', InternalId: 'VNGqhB7kZ75afXrNakqPyb1WYggzQUo6Cgi8Kx2i7Zs'. , KeyId: 
'. Number of keys in TokenValidationParameters: '1'. 
Number of keys in Configuration: '0'. 
Exceptions caught:
 '[PII of type 'System.Text.StringBuilder' is hidden. For more details, see https://aka.ms/IdentityModel/PII.]'.
token: '[PII of type 'Microsoft.IdentityModel.JsonWebTokens.JsonWebToken' is hidden. For more details, see https://aka.ms/IdentityModel/PII.]'. See https://aka.ms/IDX10503 for details.
   at Microsoft.IdentityModel.JsonWebTokens.JsonWebTokenHandler.ValidateSignature(JsonWebToken jwtToken, TokenValidationParameters validationParameters, BaseConfiguration configuration)
   at Microsoft.IdentityModel.JsonWebTokens.JsonWebTokenHandler.ValidateSignatureAndIssuerSecurityKey(JsonWebToken jsonWebToken, TokenValidationParameters validationParameters, BaseConfiguration configuration)
   at Microsoft.IdentityModel.JsonWebTokens.JsonWebTokenHandler.ValidateJWSAsync(JsonWebToken jsonWebToken, TokenValidationParameters validationParameters, BaseConfiguration configuration)
2026-09-05 16:56:55.316 +03:00 [INF] Request finished HTTP/1.1 GET http://localhost:5010/api/v1/encounters/patient/13 - 200 null application/json; charset=utf-8 757.8863ms
2026-09-05 16:56:55.328 +03:00 [INF] Bearer was not authenticated. Failure message: IDX10517: Signature validation failed. The token's kid is missing. Keys tried: 'Microsoft.IdentityModel.Tokens.SymmetricSecurityKey, KeyId: '', InternalId: 'VNGqhB7kZ75afXrNakqPyb1WYggzQUo6Cgi8Kx2i7Zs'. , KeyId: 
'. Number of keys in TokenValidationParameters: '1'. 
Number of keys in Configuration: '0'. 
Exceptions caught:
 '[PII of type 'System.Text.StringBuilder' is hidden. For more details, see https://aka.ms/IdentityModel/PII.]'.
token: '[PII of type 'Microsoft.IdentityModel.JsonWebTokens.JsonWebToken' is hidden. For more details, see https://aka.ms/IdentityModel/PII.]'. See https://aka.ms/IDX10503 for details.
2026-09-05 16:56:55.331 +03:00 [INF] Executed action CMS.API.Controllers.TriageController.GetLatestPatientVitals (CMS.API) in 148.1655ms
2026-09-05 16:56:55.337 +03:00 [INF] Executing endpoint 'CMS.API.Controllers.EncountersController.GetPatientEncounters (CMS.API)'
2026-09-05 16:56:55.340 +03:00 [INF] Executed endpoint 'CMS.API.Controllers.TriageController.GetLatestPatientVitals (CMS.API)'
2026-09-05 16:56:55.342 +03:00 [INF] Route matched with {action = "GetPatientEncounters", controller = "Encounters"}. Executing controller action with signature System.Threading.Tasks.Task`1[Microsoft.AspNetCore.Mvc.IActionResult] GetPatientEncounters(Int32) on controller CMS.API.Controllers.EncountersController (CMS.API).
2026-09-05 16:56:55.344 +03:00 [INF] Request finished HTTP/1.1 GET http://localhost:5010/api/v1/triage/patient/13/latest - 200 null application/json; charset=utf-8 625.8113ms
2026-09-05 16:56:55.353 +03:00 [INF] Executing OkObjectResult, writing value of type 'CMS.Shared.DTOs.ApiResponse`1[[System.Collections.Generic.List`1[[CMS.Shared.DTOs.EncounterDto, CMS.Shared, Version=1.0.0.0, Culture=neutral, PublicKeyToken=null]], System.Private.CoreLib, Version=8.0.0.0, Culture=neutral, PublicKeyToken=7cec85d7bea7798e]]'.
2026-09-05 16:56:55.360 +03:00 [INF] Executed action CMS.API.Controllers.EncountersController.GetPatientEncounters (CMS.API) in 9.9202ms
2026-09-05 16:56:55.367 +03:00 [INF] Executed endpoint 'CMS.API.Controllers.EncountersController.GetPatientEncounters (CMS.API)'
2026-09-05 16:56:55.369 +03:00 [INF] Request finished HTTP/1.1 GET http://localhost:5010/api/v1/encounters/patient/13 - 200 null application/json; charset=utf-8 67.8472ms
2026-09-05 16:56:55.618 +03:00 [INF] Request starting HTTP/1.1 GET http://localhost:5010/api/v1/medicalcertificates/patient/13 - application/json null
2026-09-05 16:56:55.657 +03:00 [INF] Failed to validate the token.
Microsoft.IdentityModel.Tokens.SecurityTokenSignatureKeyNotFoundException: IDX10517: Signature validation failed. The token's kid is missing. Keys tried: 'Microsoft.IdentityModel.Tokens.SymmetricSecurityKey, KeyId: '', InternalId: 'VNGqhB7kZ75afXrNakqPyb1WYggzQUo6Cgi8Kx2i7Zs'. , KeyId: 
'. Number of keys in TokenValidationParameters: '1'. 
Number of keys in Configuration: '0'. 
Exceptions caught:
 '[PII of type 'System.Text.StringBuilder' is hidden. For more details, see https://aka.ms/IdentityModel/PII.]'.
token: '[PII of type 'Microsoft.IdentityModel.JsonWebTokens.JsonWebToken' is hidden. For more details, see https://aka.ms/IdentityModel/PII.]'. See https://aka.ms/IDX10503 for details.
   at Microsoft.IdentityModel.JsonWebTokens.JsonWebTokenHandler.ValidateSignature(JsonWebToken jwtToken, TokenValidationParameters validationParameters, BaseConfiguration configuration)
   at Microsoft.IdentityModel.JsonWebTokens.JsonWebTokenHandler.ValidateSignatureAndIssuerSecurityKey(JsonWebToken jsonWebToken, TokenValidationParameters validationParameters, BaseConfiguration configuration)
   at Microsoft.IdentityModel.JsonWebTokens.JsonWebTokenHandler.ValidateJWSAsync(JsonWebToken jsonWebToken, TokenValidationParameters validationParameters, BaseConfiguration configuration)
2026-09-05 16:56:55.668 +03:00 [INF] Bearer was not authenticated. Failure message: IDX10517: Signature validation failed. The token's kid is missing. Keys tried: 'Microsoft.IdentityModel.Tokens.SymmetricSecurityKey, KeyId: '', InternalId: 'VNGqhB7kZ75afXrNakqPyb1WYggzQUo6Cgi8Kx2i7Zs'. , KeyId: 
'. Number of keys in TokenValidationParameters: '1'. 
Number of keys in Configuration: '0'. 
Exceptions caught:
 '[PII of type 'System.Text.StringBuilder' is hidden. For more details, see https://aka.ms/IdentityModel/PII.]'.
token: '[PII of type 'Microsoft.IdentityModel.JsonWebTokens.JsonWebToken' is hidden. For more details, see https://aka.ms/IdentityModel/PII.]'. See https://aka.ms/IDX10503 for details.
2026-09-05 16:56:55.659 +03:00 [INF] Request starting HTTP/1.1 GET http://localhost:5010/api/v1/triage/patient/13/latest - application/json null
2026-09-05 16:56:55.742 +03:00 [INF] Executing endpoint 'CMS.API.Controllers.MedicalCertificatesController.GetPatientCertificates (CMS.API)'
2026-09-05 16:56:55.752 +03:00 [INF] Route matched with {action = "GetPatientCertificates", controller = "MedicalCertificates"}. Executing controller action with signature System.Threading.Tasks.Task`1[Microsoft.AspNetCore.Mvc.IActionResult] GetPatientCertificates(Int32) on controller CMS.API.Controllers.MedicalCertificatesController (CMS.API).
2026-09-05 16:56:55.750 +03:00 [INF] Failed to validate the token.
Microsoft.IdentityModel.Tokens.SecurityTokenSignatureKeyNotFoundException: IDX10517: Signature validation failed. The token's kid is missing. Keys tried: 'Microsoft.IdentityModel.Tokens.SymmetricSecurityKey, KeyId: '', InternalId: 'VNGqhB7kZ75afXrNakqPyb1WYggzQUo6Cgi8Kx2i7Zs'. , KeyId: 
'. Number of keys in TokenValidationParameters: '1'. 
Number of keys in Configuration: '0'. 
Exceptions caught:
 '[PII of type 'System.Text.StringBuilder' is hidden. For more details, see https://aka.ms/IdentityModel/PII.]'.
token: '[PII of type 'Microsoft.IdentityModel.JsonWebTokens.JsonWebToken' is hidden. For more details, see https://aka.ms/IdentityModel/PII.]'. See https://aka.ms/IDX10503 for details.
   at Microsoft.IdentityModel.JsonWebTokens.JsonWebTokenHandler.ValidateSignature(JsonWebToken jwtToken, TokenValidationParameters validationParameters, BaseConfiguration configuration)
   at Microsoft.IdentityModel.JsonWebTokens.JsonWebTokenHandler.ValidateSignatureAndIssuerSecurityKey(JsonWebToken jsonWebToken, TokenValidationParameters validationParameters, BaseConfiguration configuration)
   at Microsoft.IdentityModel.JsonWebTokens.JsonWebTokenHandler.ValidateJWSAsync(JsonWebToken jsonWebToken, TokenValidationParameters validationParameters, BaseConfiguration configuration)
2026-09-05 16:56:55.761 +03:00 [INF] Bearer was not authenticated. Failure message: IDX10517: Signature validation failed. The token's kid is missing. Keys tried: 'Microsoft.IdentityModel.Tokens.SymmetricSecurityKey, KeyId: '', InternalId: 'VNGqhB7kZ75afXrNakqPyb1WYggzQUo6Cgi8Kx2i7Zs'. , KeyId: 
'. Number of keys in TokenValidationParameters: '1'. 
Number of keys in Configuration: '0'. 
Exceptions caught:
 '[PII of type 'System.Text.StringBuilder' is hidden. For more details, see https://aka.ms/IdentityModel/PII.]'.
token: '[PII of type 'Microsoft.IdentityModel.JsonWebTokens.JsonWebToken' is hidden. For more details, see https://aka.ms/IdentityModel/PII.]'. See https://aka.ms/IDX10503 for details.
2026-09-05 16:56:55.761 +03:00 [INF] Executing OkObjectResult, writing value of type 'CMS.Shared.DTOs.ApiResponse`1[[System.Collections.Generic.List`1[[CMS.Shared.DTOs.MedicalCertificateDto, CMS.Shared, Version=1.0.0.0, Culture=neutral, PublicKeyToken=null]], System.Private.CoreLib, Version=8.0.0.0, Culture=neutral, PublicKeyToken=7cec85d7bea7798e]]'.
2026-09-05 16:56:55.763 +03:00 [INF] Executing endpoint 'CMS.API.Controllers.TriageController.GetLatestPatientVitals (CMS.API)'
2026-09-05 16:56:55.765 +03:00 [INF] Executed action CMS.API.Controllers.MedicalCertificatesController.GetPatientCertificates (CMS.API) in 7.8188ms
2026-09-05 16:56:55.767 +03:00 [INF] Route matched with {action = "GetLatestPatientVitals", controller = "Triage"}. Executing controller action with signature System.Threading.Tasks.Task`1[Microsoft.AspNetCore.Mvc.IActionResult] GetLatestPatientVitals(Int32) on controller CMS.API.Controllers.TriageController (CMS.API).
2026-09-05 16:56:55.772 +03:00 [INF] Executed endpoint 'CMS.API.Controllers.MedicalCertificatesController.GetPatientCertificates (CMS.API)'
2026-09-05 16:56:55.776 +03:00 [INF] Request finished HTTP/1.1 GET http://localhost:5010/api/v1/medicalcertificates/patient/13 - 200 null application/json; charset=utf-8 157.67ms
2026-09-05 16:56:55.776 +03:00 [INF] Executing OkObjectResult, writing value of type 'CMS.Shared.DTOs.ApiResponse`1[[CMS.Shared.DTOs.TriageDto, CMS.Shared, Version=1.0.0.0, Culture=neutral, PublicKeyToken=null]]'.
2026-09-05 16:56:55.788 +03:00 [INF] Executed action CMS.API.Controllers.TriageController.GetLatestPatientVitals (CMS.API) in 13.3837ms
2026-09-05 16:56:55.932 +03:00 [INF] Executed endpoint 'CMS.API.Controllers.TriageController.GetLatestPatientVitals (CMS.API)'
2026-09-05 16:56:55.943 +03:00 [INF] Request finished HTTP/1.1 GET http://localhost:5010/api/v1/triage/patient/13/latest - 200 null application/json; charset=utf-8 283.4259ms
2026-09-05 16:57:01.121 +03:00 [INF] Request starting HTTP/1.1 GET http://localhost:5010/api/v1/triage/doctor/1?date=2026-09-05 - application/json null
2026-09-05 16:57:01.253 +03:00 [INF] Failed to validate the token.
Microsoft.IdentityModel.Tokens.SecurityTokenSignatureKeyNotFoundException: IDX10517: Signature validation failed. The token's kid is missing. Keys tried: 'Microsoft.IdentityModel.Tokens.SymmetricSecurityKey, KeyId: '', InternalId: 'VNGqhB7kZ75afXrNakqPyb1WYggzQUo6Cgi8Kx2i7Zs'. , KeyId: 
'. Number of keys in TokenValidationParameters: '1'. 
Number of keys in Configuration: '0'. 
Exceptions caught:
 '[PII of type 'System.Text.StringBuilder' is hidden. For more details, see https://aka.ms/IdentityModel/PII.]'.
token: '[PII of type 'Microsoft.IdentityModel.JsonWebTokens.JsonWebToken' is hidden. For more details, see https://aka.ms/IdentityModel/PII.]'. See https://aka.ms/IDX10503 for details.
   at Microsoft.IdentityModel.JsonWebTokens.JsonWebTokenHandler.ValidateSignature(JsonWebToken jwtToken, TokenValidationParameters validationParameters, BaseConfiguration configuration)
   at Microsoft.IdentityModel.JsonWebTokens.JsonWebTokenHandler.ValidateSignatureAndIssuerSecurityKey(JsonWebToken jsonWebToken, TokenValidationParameters validationParameters, BaseConfiguration configuration)
   at Microsoft.IdentityModel.JsonWebTokens.JsonWebTokenHandler.ValidateJWSAsync(JsonWebToken jsonWebToken, TokenValidationParameters validationParameters, BaseConfiguration configuration)
2026-09-05 16:57:01.259 +03:00 [INF] Bearer was not authenticated. Failure message: IDX10517: Signature validation failed. The token's kid is missing. Keys tried: 'Microsoft.IdentityModel.Tokens.SymmetricSecurityKey, KeyId: '', InternalId: 'VNGqhB7kZ75afXrNakqPyb1WYggzQUo6Cgi8Kx2i7Zs'. , KeyId: 
'. Number of keys in TokenValidationParameters: '1'. 
Number of keys in Configuration: '0'. 
Exceptions caught:
 '[PII of type 'System.Text.StringBuilder' is hidden. For more details, see https://aka.ms/IdentityModel/PII.]'.
token: '[PII of type 'Microsoft.IdentityModel.JsonWebTokens.JsonWebToken' is hidden. For more details, see https://aka.ms/IdentityModel/PII.]'. See https://aka.ms/IDX10503 for details.
2026-09-05 16:57:01.260 +03:00 [INF] Executing endpoint 'CMS.API.Controllers.TriageController.GetDoctorQueue (CMS.API)'
2026-09-05 16:57:01.263 +03:00 [INF] Route matched with {action = "GetDoctorQueue", controller = "Triage"}. Executing controller action with signature System.Threading.Tasks.Task`1[Microsoft.AspNetCore.Mvc.IActionResult] GetDoctorQueue(Int32, System.Nullable`1[System.DateTime]) on controller CMS.API.Controllers.TriageController (CMS.API).
2026-09-05 16:57:01.270 +03:00 [INF] Executing OkObjectResult, writing value of type 'CMS.Shared.DTOs.ApiResponse`1[[System.Object, System.Private.CoreLib, Version=8.0.0.0, Culture=neutral, PublicKeyToken=7cec85d7bea7798e]]'.
2026-09-05 16:57:01.274 +03:00 [INF] Executed action CMS.API.Controllers.TriageController.GetDoctorQueue (CMS.API) in 6.1572ms
2026-09-05 16:57:01.278 +03:00 [INF] Executed endpoint 'CMS.API.Controllers.TriageController.GetDoctorQueue (CMS.API)'
2026-09-05 16:57:01.281 +03:00 [INF] Request finished HTTP/1.1 GET http://localhost:5010/api/v1/triage/doctor/1?date=2026-09-05 - 200 null application/json; charset=utf-8 161.8622ms
2026-09-05 16:57:01.333 +03:00 [INF] Request starting HTTP/1.1 GET http://localhost:5010/api/v1/encounters/patient/1 - application/json null
2026-09-05 16:57:01.346 +03:00 [INF] Failed to validate the token.
Microsoft.IdentityModel.Tokens.SecurityTokenSignatureKeyNotFoundException: IDX10517: Signature validation failed. The token's kid is missing. Keys tried: 'Microsoft.IdentityModel.Tokens.SymmetricSecurityKey, KeyId: '', InternalId: 'VNGqhB7kZ75afXrNakqPyb1WYggzQUo6Cgi8Kx2i7Zs'. , KeyId: 
'. Number of keys in TokenValidationParameters: '1'. 
Number of keys in Configuration: '0'. 
Exceptions caught:
 '[PII of type 'System.Text.StringBuilder' is hidden. For more details, see https://aka.ms/IdentityModel/PII.]'.
token: '[PII of type 'Microsoft.IdentityModel.JsonWebTokens.JsonWebToken' is hidden. For more details, see https://aka.ms/IdentityModel/PII.]'. See https://aka.ms/IDX10503 for details.
   at Microsoft.IdentityModel.JsonWebTokens.JsonWebTokenHandler.ValidateSignature(JsonWebToken jwtToken, TokenValidationParameters validationParameters, BaseConfiguration configuration)
   at Microsoft.IdentityModel.JsonWebTokens.JsonWebTokenHandler.ValidateSignatureAndIssuerSecurityKey(JsonWebToken jsonWebToken, TokenValidationParameters validationParameters, BaseConfiguration configuration)
   at Microsoft.IdentityModel.JsonWebTokens.JsonWebTokenHandler.ValidateJWSAsync(JsonWebToken jsonWebToken, TokenValidationParameters validationParameters, BaseConfiguration configuration)
2026-09-05 16:57:01.352 +03:00 [INF] Bearer was not authenticated. Failure message: IDX10517: Signature validation failed. The token's kid is missing. Keys tried: 'Microsoft.IdentityModel.Tokens.SymmetricSecurityKey, KeyId: '', InternalId: 'VNGqhB7kZ75afXrNakqPyb1WYggzQUo6Cgi8Kx2i7Zs'. , KeyId: 
'. Number of keys in TokenValidationParameters: '1'. 
Number of keys in Configuration: '0'. 
Exceptions caught:
 '[PII of type 'System.Text.StringBuilder' is hidden. For more details, see https://aka.ms/IdentityModel/PII.]'.
token: '[PII of type 'Microsoft.IdentityModel.JsonWebTokens.JsonWebToken' is hidden. For more details, see https://aka.ms/IdentityModel/PII.]'. See https://aka.ms/IDX10503 for details.
2026-09-05 16:57:01.354 +03:00 [INF] Executing endpoint 'CMS.API.Controllers.EncountersController.GetPatientEncounters (CMS.API)'
2026-09-05 16:57:01.356 +03:00 [INF] Route matched with {action = "GetPatientEncounters", controller = "Encounters"}. Executing controller action with signature System.Threading.Tasks.Task`1[Microsoft.AspNetCore.Mvc.IActionResult] GetPatientEncounters(Int32) on controller CMS.API.Controllers.EncountersController (CMS.API).
2026-09-05 16:57:01.364 +03:00 [INF] Executing OkObjectResult, writing value of type 'CMS.Shared.DTOs.ApiResponse`1[[System.Collections.Generic.List`1[[CMS.Shared.DTOs.EncounterDto, CMS.Shared, Version=1.0.0.0, Culture=neutral, PublicKeyToken=null]], System.Private.CoreLib, Version=8.0.0.0, Culture=neutral, PublicKeyToken=7cec85d7bea7798e]]'.
2026-09-05 16:57:01.366 +03:00 [INF] Executed action CMS.API.Controllers.EncountersController.GetPatientEncounters (CMS.API) in 5.8691ms
2026-09-05 16:57:01.369 +03:00 [INF] Executed endpoint 'CMS.API.Controllers.EncountersController.GetPatientEncounters (CMS.API)'
2026-09-05 16:57:01.371 +03:00 [INF] Request finished HTTP/1.1 GET http://localhost:5010/api/v1/encounters/patient/1 - 200 null application/json; charset=utf-8 37.4486ms
2026-09-05 16:57:01.647 +03:00 [INF] Request starting HTTP/1.1 GET http://localhost:5010/api/v1/medicalcertificates/patient/1 - application/json null
2026-09-05 16:57:01.647 +03:00 [INF] Request starting HTTP/1.1 GET http://localhost:5010/api/v1/triage/patient/1/latest - application/json null
2026-09-05 16:57:01.654 +03:00 [INF] Failed to validate the token.
Microsoft.IdentityModel.Tokens.SecurityTokenSignatureKeyNotFoundException: IDX10517: Signature validation failed. The token's kid is missing. Keys tried: 'Microsoft.IdentityModel.Tokens.SymmetricSecurityKey, KeyId: '', InternalId: 'VNGqhB7kZ75afXrNakqPyb1WYggzQUo6Cgi8Kx2i7Zs'. , KeyId: 
'. Number of keys in TokenValidationParameters: '1'. 
Number of keys in Configuration: '0'. 
Exceptions caught:
 '[PII of type 'System.Text.StringBuilder' is hidden. For more details, see https://aka.ms/IdentityModel/PII.]'.
token: '[PII of type 'Microsoft.IdentityModel.JsonWebTokens.JsonWebToken' is hidden. For more details, see https://aka.ms/IdentityModel/PII.]'. See https://aka.ms/IDX10503 for details.
   at Microsoft.IdentityModel.JsonWebTokens.JsonWebTokenHandler.ValidateSignature(JsonWebToken jwtToken, TokenValidationParameters validationParameters, BaseConfiguration configuration)
   at Microsoft.IdentityModel.JsonWebTokens.JsonWebTokenHandler.ValidateSignatureAndIssuerSecurityKey(JsonWebToken jsonWebToken, TokenValidationParameters validationParameters, BaseConfiguration configuration)
   at Microsoft.IdentityModel.JsonWebTokens.JsonWebTokenHandler.ValidateJWSAsync(JsonWebToken jsonWebToken, TokenValidationParameters validationParameters, BaseConfiguration configuration)
2026-09-05 16:57:01.659 +03:00 [INF] Failed to validate the token.
Microsoft.IdentityModel.Tokens.SecurityTokenSignatureKeyNotFoundException: IDX10517: Signature validation failed. The token's kid is missing. Keys tried: 'Microsoft.IdentityModel.Tokens.SymmetricSecurityKey, KeyId: '', InternalId: 'VNGqhB7kZ75afXrNakqPyb1WYggzQUo6Cgi8Kx2i7Zs'. , KeyId: 
'. Number of keys in TokenValidationParameters: '1'. 
Number of keys in Configuration: '0'. 
Exceptions caught:
 '[PII of type 'System.Text.StringBuilder' is hidden. For more details, see https://aka.ms/IdentityModel/PII.]'.
token: '[PII of type 'Microsoft.IdentityModel.JsonWebTokens.JsonWebToken' is hidden. For more details, see https://aka.ms/IdentityModel/PII.]'. See https://aka.ms/IDX10503 for details.
   at Microsoft.IdentityModel.JsonWebTokens.JsonWebTokenHandler.ValidateSignature(JsonWebToken jwtToken, TokenValidationParameters validationParameters, BaseConfiguration configuration)
   at Microsoft.IdentityModel.JsonWebTokens.JsonWebTokenHandler.ValidateSignatureAndIssuerSecurityKey(JsonWebToken jsonWebToken, TokenValidationParameters validationParameters, BaseConfiguration configuration)
   at Microsoft.IdentityModel.JsonWebTokens.JsonWebTokenHandler.ValidateJWSAsync(JsonWebToken jsonWebToken, TokenValidationParameters validationParameters, BaseConfiguration configuration)
2026-09-05 16:57:01.665 +03:00 [INF] Bearer was not authenticated. Failure message: IDX10517: Signature validation failed. The token's kid is missing. Keys tried: 'Microsoft.IdentityModel.Tokens.SymmetricSecurityKey, KeyId: '', InternalId: 'VNGqhB7kZ75afXrNakqPyb1WYggzQUo6Cgi8Kx2i7Zs'. , KeyId: 
'. Number of keys in TokenValidationParameters: '1'. 
Number of keys in Configuration: '0'. 
Exceptions caught:
 '[PII of type 'System.Text.StringBuilder' is hidden. For more details, see https://aka.ms/IdentityModel/PII.]'.
token: '[PII of type 'Microsoft.IdentityModel.JsonWebTokens.JsonWebToken' is hidden. For more details, see https://aka.ms/IdentityModel/PII.]'. See https://aka.ms/IDX10503 for details.
2026-09-05 16:57:01.669 +03:00 [INF] Bearer was not authenticated. Failure message: IDX10517: Signature validation failed. The token's kid is missing. Keys tried: 'Microsoft.IdentityModel.Tokens.SymmetricSecurityKey, KeyId: '', InternalId: 'VNGqhB7kZ75afXrNakqPyb1WYggzQUo6Cgi8Kx2i7Zs'. , KeyId: 
'. Number of keys in TokenValidationParameters: '1'. 
Number of keys in Configuration: '0'. 
Exceptions caught:
 '[PII of type 'System.Text.StringBuilder' is hidden. For more details, see https://aka.ms/IdentityModel/PII.]'.
token: '[PII of type 'Microsoft.IdentityModel.JsonWebTokens.JsonWebToken' is hidden. For more details, see https://aka.ms/IdentityModel/PII.]'. See https://aka.ms/IDX10503 for details.
2026-09-05 16:57:01.672 +03:00 [INF] Executing endpoint 'CMS.API.Controllers.MedicalCertificatesController.GetPatientCertificates (CMS.API)'
2026-09-05 16:57:01.674 +03:00 [INF] Executing endpoint 'CMS.API.Controllers.TriageController.GetLatestPatientVitals (CMS.API)'
2026-09-05 16:57:01.678 +03:00 [INF] Route matched with {action = "GetLatestPatientVitals", controller = "Triage"}. Executing controller action with signature System.Threading.Tasks.Task`1[Microsoft.AspNetCore.Mvc.IActionResult] GetLatestPatientVitals(Int32) on controller CMS.API.Controllers.TriageController (CMS.API).
2026-09-05 16:57:01.675 +03:00 [INF] Route matched with {action = "GetPatientCertificates", controller = "MedicalCertificates"}. Executing controller action with signature System.Threading.Tasks.Task`1[Microsoft.AspNetCore.Mvc.IActionResult] GetPatientCertificates(Int32) on controller CMS.API.Controllers.MedicalCertificatesController (CMS.API).
2026-09-05 16:57:01.685 +03:00 [INF] Executing OkObjectResult, writing value of type 'CMS.Shared.DTOs.ApiResponse`1[[CMS.Shared.DTOs.TriageDto, CMS.Shared, Version=1.0.0.0, Culture=neutral, PublicKeyToken=null]]'.
2026-09-05 16:57:01.690 +03:00 [INF] Executing OkObjectResult, writing value of type 'CMS.Shared.DTOs.ApiResponse`1[[System.Collections.Generic.List`1[[CMS.Shared.DTOs.MedicalCertificateDto, CMS.Shared, Version=1.0.0.0, Culture=neutral, PublicKeyToken=null]], System.Private.CoreLib, Version=8.0.0.0, Culture=neutral, PublicKeyToken=7cec85d7bea7798e]]'.
2026-09-05 16:57:01.690 +03:00 [INF] Executed action CMS.API.Controllers.TriageController.GetLatestPatientVitals (CMS.API) in 7.7223ms
2026-09-05 16:57:01.695 +03:00 [INF] Executed action CMS.API.Controllers.MedicalCertificatesController.GetPatientCertificates (CMS.API) in 9.1814ms
2026-09-05 16:57:01.699 +03:00 [INF] Executed endpoint 'CMS.API.Controllers.TriageController.GetLatestPatientVitals (CMS.API)'
2026-09-05 16:57:01.702 +03:00 [INF] Executed endpoint 'CMS.API.Controllers.MedicalCertificatesController.GetPatientCertificates (CMS.API)'
2026-09-05 16:57:01.705 +03:00 [INF] Request finished HTTP/1.1 GET http://localhost:5010/api/v1/triage/patient/1/latest - 200 null application/json; charset=utf-8 58.0126ms
2026-09-05 16:57:01.709 +03:00 [INF] Request finished HTTP/1.1 GET http://localhost:5010/api/v1/medicalcertificates/patient/1 - 200 null application/json; charset=utf-8 61.6484ms
2026-09-05 16:57:03.738 +03:00 [INF] Request starting HTTP/1.1 GET http://localhost:5010/api/v1/triage/doctor/2?date=2026-09-05 - application/json null
2026-09-05 16:57:04.707 +03:00 [INF] Failed to validate the token.
Microsoft.IdentityModel.Tokens.SecurityTokenSignatureKeyNotFoundException: IDX10517: Signature validation failed. The token's kid is missing. Keys tried: 'Microsoft.IdentityModel.Tokens.SymmetricSecurityKey, KeyId: '', InternalId: 'VNGqhB7kZ75afXrNakqPyb1WYggzQUo6Cgi8Kx2i7Zs'. , KeyId: 
'. Number of keys in TokenValidationParameters: '1'. 
Number of keys in Configuration: '0'. 
Exceptions caught:
 '[PII of type 'System.Text.StringBuilder' is hidden. For more details, see https://aka.ms/IdentityModel/PII.]'.
token: '[PII of type 'Microsoft.IdentityModel.JsonWebTokens.JsonWebToken' is hidden. For more details, see https://aka.ms/IdentityModel/PII.]'. See https://aka.ms/IDX10503 for details.
   at Microsoft.IdentityModel.JsonWebTokens.JsonWebTokenHandler.ValidateSignature(JsonWebToken jwtToken, TokenValidationParameters validationParameters, BaseConfiguration configuration)
   at Microsoft.IdentityModel.JsonWebTokens.JsonWebTokenHandler.ValidateSignatureAndIssuerSecurityKey(JsonWebToken jsonWebToken, TokenValidationParameters validationParameters, BaseConfiguration configuration)
   at Microsoft.IdentityModel.JsonWebTokens.JsonWebTokenHandler.ValidateJWSAsync(JsonWebToken jsonWebToken, TokenValidationParameters validationParameters, BaseConfiguration configuration)
2026-09-05 16:57:04.737 +03:00 [INF] Bearer was not authenticated. Failure message: IDX10517: Signature validation failed. The token's kid is missing. Keys tried: 'Microsoft.IdentityModel.Tokens.SymmetricSecurityKey, KeyId: '', InternalId: 'VNGqhB7kZ75afXrNakqPyb1WYggzQUo6Cgi8Kx2i7Zs'. , KeyId: 
'. Number of keys in TokenValidationParameters: '1'. 
Number of keys in Configuration: '0'. 
Exceptions caught:
 '[PII of type 'System.Text.StringBuilder' is hidden. For more details, see https://aka.ms/IdentityModel/PII.]'.
token: '[PII of type 'Microsoft.IdentityModel.JsonWebTokens.JsonWebToken' is hidden. For more details, see https://aka.ms/IdentityModel/PII.]'. See https://aka.ms/IDX10503 for details.
2026-09-05 16:57:04.741 +03:00 [INF] Executing endpoint 'CMS.API.Controllers.TriageController.GetDoctorQueue (CMS.API)'
2026-09-05 16:57:04.749 +03:00 [INF] Route matched with {action = "GetDoctorQueue", controller = "Triage"}. Executing controller action with signature System.Threading.Tasks.Task`1[Microsoft.AspNetCore.Mvc.IActionResult] GetDoctorQueue(Int32, System.Nullable`1[System.DateTime]) on controller CMS.API.Controllers.TriageController (CMS.API).
2026-09-05 16:57:04.774 +03:00 [INF] Executing OkObjectResult, writing value of type 'CMS.Shared.DTOs.ApiResponse`1[[System.Object, System.Private.CoreLib, Version=8.0.0.0, Culture=neutral, PublicKeyToken=7cec85d7bea7798e]]'.
2026-09-05 16:57:04.867 +03:00 [INF] Executed action CMS.API.Controllers.TriageController.GetDoctorQueue (CMS.API) in 112.5062ms
2026-09-05 16:57:04.883 +03:00 [INF] Executed endpoint 'CMS.API.Controllers.TriageController.GetDoctorQueue (CMS.API)'
2026-09-05 16:57:04.887 +03:00 [INF] Request finished HTTP/1.1 GET http://localhost:5010/api/v1/triage/doctor/2?date=2026-09-05 - 200 null application/json; charset=utf-8 1148.5562ms
2026-09-05 16:57:04.923 +03:00 [INF] Request starting HTTP/1.1 GET http://localhost:5010/api/v1/encounters/patient/13 - application/json null
2026-09-05 16:57:05.022 +03:00 [INF] Failed to validate the token.
Microsoft.IdentityModel.Tokens.SecurityTokenSignatureKeyNotFoundException: IDX10517: Signature validation failed. The token's kid is missing. Keys tried: 'Microsoft.IdentityModel.Tokens.SymmetricSecurityKey, KeyId: '', InternalId: 'VNGqhB7kZ75afXrNakqPyb1WYggzQUo6Cgi8Kx2i7Zs'. , KeyId: 
'. Number of keys in TokenValidationParameters: '1'. 
Number of keys in Configuration: '0'. 
Exceptions caught:
 '[PII of type 'System.Text.StringBuilder' is hidden. For more details, see https://aka.ms/IdentityModel/PII.]'.
token: '[PII of type 'Microsoft.IdentityModel.JsonWebTokens.JsonWebToken' is hidden. For more details, see https://aka.ms/IdentityModel/PII.]'. See https://aka.ms/IDX10503 for details.
   at Microsoft.IdentityModel.JsonWebTokens.JsonWebTokenHandler.ValidateSignature(JsonWebToken jwtToken, TokenValidationParameters validationParameters, BaseConfiguration configuration)
   at Microsoft.IdentityModel.JsonWebTokens.JsonWebTokenHandler.ValidateSignatureAndIssuerSecurityKey(JsonWebToken jsonWebToken, TokenValidationParameters validationParameters, BaseConfiguration configuration)
   at Microsoft.IdentityModel.JsonWebTokens.JsonWebTokenHandler.ValidateJWSAsync(JsonWebToken jsonWebToken, TokenValidationParameters validationParameters, BaseConfiguration configuration)
2026-09-05 16:57:05.171 +03:00 [INF] Bearer was not authenticated. Failure message: IDX10517: Signature validation failed. The token's kid is missing. Keys tried: 'Microsoft.IdentityModel.Tokens.SymmetricSecurityKey, KeyId: '', InternalId: 'VNGqhB7kZ75afXrNakqPyb1WYggzQUo6Cgi8Kx2i7Zs'. , KeyId: 
'. Number of keys in TokenValidationParameters: '1'. 
Number of keys in Configuration: '0'. 
Exceptions caught:
 '[PII of type 'System.Text.StringBuilder' is hidden. For more details, see https://aka.ms/IdentityModel/PII.]'.
token: '[PII of type 'Microsoft.IdentityModel.JsonWebTokens.JsonWebToken' is hidden. For more details, see https://aka.ms/IdentityModel/PII.]'. See https://aka.ms/IDX10503 for details.
2026-09-05 16:57:05.266 +03:00 [INF] Executing endpoint 'CMS.API.Controllers.EncountersController.GetPatientEncounters (CMS.API)'
2026-09-05 16:57:05.269 +03:00 [INF] Request starting HTTP/1.1 GET http://localhost:5010/api/v1/medicalcertificates/patient/13 - application/json null
2026-09-05 16:57:05.269 +03:00 [INF] Request starting HTTP/1.1 GET http://localhost:5010/api/v1/triage/patient/13/latest - application/json null
2026-09-05 16:57:05.327 +03:00 [INF] Route matched with {action = "GetPatientEncounters", controller = "Encounters"}. Executing controller action with signature System.Threading.Tasks.Task`1[Microsoft.AspNetCore.Mvc.IActionResult] GetPatientEncounters(Int32) on controller CMS.API.Controllers.EncountersController (CMS.API).
2026-09-05 16:57:05.812 +03:00 [INF] Failed to validate the token.
Microsoft.IdentityModel.Tokens.SecurityTokenSignatureKeyNotFoundException: IDX10517: Signature validation failed. The token's kid is missing. Keys tried: 'Microsoft.IdentityModel.Tokens.SymmetricSecurityKey, KeyId: '', InternalId: 'VNGqhB7kZ75afXrNakqPyb1WYggzQUo6Cgi8Kx2i7Zs'. , KeyId: 
'. Number of keys in TokenValidationParameters: '1'. 
Number of keys in Configuration: '0'. 
Exceptions caught:
 '[PII of type 'System.Text.StringBuilder' is hidden. For more details, see https://aka.ms/IdentityModel/PII.]'.
token: '[PII of type 'Microsoft.IdentityModel.JsonWebTokens.JsonWebToken' is hidden. For more details, see https://aka.ms/IdentityModel/PII.]'. See https://aka.ms/IDX10503 for details.
   at Microsoft.IdentityModel.JsonWebTokens.JsonWebTokenHandler.ValidateSignature(JsonWebToken jwtToken, TokenValidationParameters validationParameters, BaseConfiguration configuration)
   at Microsoft.IdentityModel.JsonWebTokens.JsonWebTokenHandler.ValidateSignatureAndIssuerSecurityKey(JsonWebToken jsonWebToken, TokenValidationParameters validationParameters, BaseConfiguration configuration)
   at Microsoft.IdentityModel.JsonWebTokens.JsonWebTokenHandler.ValidateJWSAsync(JsonWebToken jsonWebToken, TokenValidationParameters validationParameters, BaseConfiguration configuration)
2026-09-05 16:57:05.822 +03:00 [INF] Failed to validate the token.
Microsoft.IdentityModel.Tokens.SecurityTokenSignatureKeyNotFoundException: IDX10517: Signature validation failed. The token's kid is missing. Keys tried: 'Microsoft.IdentityModel.Tokens.SymmetricSecurityKey, KeyId: '', InternalId: 'VNGqhB7kZ75afXrNakqPyb1WYggzQUo6Cgi8Kx2i7Zs'. , KeyId: 
'. Number of keys in TokenValidationParameters: '1'. 
Number of keys in Configuration: '0'. 
Exceptions caught:
 '[PII of type 'System.Text.StringBuilder' is hidden. For more details, see https://aka.ms/IdentityModel/PII.]'.
token: '[PII of type 'Microsoft.IdentityModel.JsonWebTokens.JsonWebToken' is hidden. For more details, see https://aka.ms/IdentityModel/PII.]'. See https://aka.ms/IDX10503 for details.
   at Microsoft.IdentityModel.JsonWebTokens.JsonWebTokenHandler.ValidateSignature(JsonWebToken jwtToken, TokenValidationParameters validationParameters, BaseConfiguration configuration)
   at Microsoft.IdentityModel.JsonWebTokens.JsonWebTokenHandler.ValidateSignatureAndIssuerSecurityKey(JsonWebToken jsonWebToken, TokenValidationParameters validationParameters, BaseConfiguration configuration)
   at Microsoft.IdentityModel.JsonWebTokens.JsonWebTokenHandler.ValidateJWSAsync(JsonWebToken jsonWebToken, TokenValidationParameters validationParameters, BaseConfiguration configuration)
2026-09-05 16:57:05.836 +03:00 [INF] Executing OkObjectResult, writing value of type 'CMS.Shared.DTOs.ApiResponse`1[[System.Collections.Generic.List`1[[CMS.Shared.DTOs.EncounterDto, CMS.Shared, Version=1.0.0.0, Culture=neutral, PublicKeyToken=null]], System.Private.CoreLib, Version=8.0.0.0, Culture=neutral, PublicKeyToken=7cec85d7bea7798e]]'.
2026-09-05 16:57:06.053 +03:00 [INF] Bearer was not authenticated. Failure message: IDX10517: Signature validation failed. The token's kid is missing. Keys tried: 'Microsoft.IdentityModel.Tokens.SymmetricSecurityKey, KeyId: '', InternalId: 'VNGqhB7kZ75afXrNakqPyb1WYggzQUo6Cgi8Kx2i7Zs'. , KeyId: 
'. Number of keys in TokenValidationParameters: '1'. 
Number of keys in Configuration: '0'. 
Exceptions caught:
 '[PII of type 'System.Text.StringBuilder' is hidden. For more details, see https://aka.ms/IdentityModel/PII.]'.
token: '[PII of type 'Microsoft.IdentityModel.JsonWebTokens.JsonWebToken' is hidden. For more details, see https://aka.ms/IdentityModel/PII.]'. See https://aka.ms/IDX10503 for details.
2026-09-05 16:57:06.092 +03:00 [INF] Executing endpoint 'CMS.API.Controllers.MedicalCertificatesController.GetPatientCertificates (CMS.API)'
2026-09-05 16:57:06.083 +03:00 [INF] Executed action CMS.API.Controllers.EncountersController.GetPatientEncounters (CMS.API) in 249.9326ms
2026-09-05 16:57:06.075 +03:00 [INF] Bearer was not authenticated. Failure message: IDX10517: Signature validation failed. The token's kid is missing. Keys tried: 'Microsoft.IdentityModel.Tokens.SymmetricSecurityKey, KeyId: '', InternalId: 'VNGqhB7kZ75afXrNakqPyb1WYggzQUo6Cgi8Kx2i7Zs'. , KeyId: 
'. Number of keys in TokenValidationParameters: '1'. 
Number of keys in Configuration: '0'. 
Exceptions caught:
 '[PII of type 'System.Text.StringBuilder' is hidden. For more details, see https://aka.ms/IdentityModel/PII.]'.
token: '[PII of type 'Microsoft.IdentityModel.JsonWebTokens.JsonWebToken' is hidden. For more details, see https://aka.ms/IdentityModel/PII.]'. See https://aka.ms/IDX10503 for details.
2026-09-05 16:57:06.106 +03:00 [INF] Route matched with {action = "GetPatientCertificates", controller = "MedicalCertificates"}. Executing controller action with signature System.Threading.Tasks.Task`1[Microsoft.AspNetCore.Mvc.IActionResult] GetPatientCertificates(Int32) on controller CMS.API.Controllers.MedicalCertificatesController (CMS.API).
2026-09-05 16:57:06.209 +03:00 [INF] Executed endpoint 'CMS.API.Controllers.EncountersController.GetPatientEncounters (CMS.API)'
2026-09-05 16:57:06.216 +03:00 [INF] Executing endpoint 'CMS.API.Controllers.TriageController.GetLatestPatientVitals (CMS.API)'
2026-09-05 16:57:06.242 +03:00 [INF] Executing OkObjectResult, writing value of type 'CMS.Shared.DTOs.ApiResponse`1[[System.Collections.Generic.List`1[[CMS.Shared.DTOs.MedicalCertificateDto, CMS.Shared, Version=1.0.0.0, Culture=neutral, PublicKeyToken=null]], System.Private.CoreLib, Version=8.0.0.0, Culture=neutral, PublicKeyToken=7cec85d7bea7798e]]'.
2026-09-05 16:57:06.275 +03:00 [INF] Request finished HTTP/1.1 GET http://localhost:5010/api/v1/encounters/patient/13 - 200 null application/json; charset=utf-8 1351.2382ms
2026-09-05 16:57:06.285 +03:00 [INF] Route matched with {action = "GetLatestPatientVitals", controller = "Triage"}. Executing controller action with signature System.Threading.Tasks.Task`1[Microsoft.AspNetCore.Mvc.IActionResult] GetLatestPatientVitals(Int32) on controller CMS.API.Controllers.TriageController (CMS.API).
2026-09-05 16:57:06.291 +03:00 [INF] Executed action CMS.API.Controllers.MedicalCertificatesController.GetPatientCertificates (CMS.API) in 64.957ms
2026-09-05 16:57:06.492 +03:00 [INF] Executing OkObjectResult, writing value of type 'CMS.Shared.DTOs.ApiResponse`1[[CMS.Shared.DTOs.TriageDto, CMS.Shared, Version=1.0.0.0, Culture=neutral, PublicKeyToken=null]]'.
2026-09-05 16:57:06.613 +03:00 [INF] Executed action CMS.API.Controllers.TriageController.GetLatestPatientVitals (CMS.API) in 125.3583ms
2026-09-05 16:57:06.606 +03:00 [INF] Executed endpoint 'CMS.API.Controllers.MedicalCertificatesController.GetPatientCertificates (CMS.API)'
2026-09-05 16:57:06.746 +03:00 [INF] Executed endpoint 'CMS.API.Controllers.TriageController.GetLatestPatientVitals (CMS.API)'
2026-09-05 16:57:06.754 +03:00 [INF] Request finished HTTP/1.1 GET http://localhost:5010/api/v1/medicalcertificates/patient/13 - 200 null application/json; charset=utf-8 1485.3303ms
2026-09-05 16:57:06.882 +03:00 [INF] Request finished HTTP/1.1 GET http://localhost:5010/api/v1/triage/patient/13/latest - 200 null application/json; charset=utf-8 1612.7126ms
2026-09-05 16:57:08.896 +03:00 [INF] Request starting HTTP/1.1 GET http://localhost:5010/api/v1/triage/doctor/1?date=2026-09-05 - application/json null
2026-09-05 16:57:08.942 +03:00 [INF] Failed to validate the token.
Microsoft.IdentityModel.Tokens.SecurityTokenSignatureKeyNotFoundException: IDX10517: Signature validation failed. The token's kid is missing. Keys tried: 'Microsoft.IdentityModel.Tokens.SymmetricSecurityKey, KeyId: '', InternalId: 'VNGqhB7kZ75afXrNakqPyb1WYggzQUo6Cgi8Kx2i7Zs'. , KeyId: 
'. Number of keys in TokenValidationParameters: '1'. 
Number of keys in Configuration: '0'. 
Exceptions caught:
 '[PII of type 'System.Text.StringBuilder' is hidden. For more details, see https://aka.ms/IdentityModel/PII.]'.
token: '[PII of type 'Microsoft.IdentityModel.JsonWebTokens.JsonWebToken' is hidden. For more details, see https://aka.ms/IdentityModel/PII.]'. See https://aka.ms/IDX10503 for details.
   at Microsoft.IdentityModel.JsonWebTokens.JsonWebTokenHandler.ValidateSignature(JsonWebToken jwtToken, TokenValidationParameters validationParameters, BaseConfiguration configuration)
   at Microsoft.IdentityModel.JsonWebTokens.JsonWebTokenHandler.ValidateSignatureAndIssuerSecurityKey(JsonWebToken jsonWebToken, TokenValidationParameters validationParameters, BaseConfiguration configuration)
   at Microsoft.IdentityModel.JsonWebTokens.JsonWebTokenHandler.ValidateJWSAsync(JsonWebToken jsonWebToken, TokenValidationParameters validationParameters, BaseConfiguration configuration)
2026-09-05 16:57:08.950 +03:00 [INF] Bearer was not authenticated. Failure message: IDX10517: Signature validation failed. The token's kid is missing. Keys tried: 'Microsoft.IdentityModel.Tokens.SymmetricSecurityKey, KeyId: '', InternalId: 'VNGqhB7kZ75afXrNakqPyb1WYggzQUo6Cgi8Kx2i7Zs'. , KeyId: 
'. Number of keys in TokenValidationParameters: '1'. 
Number of keys in Configuration: '0'. 
Exceptions caught:
 '[PII of type 'System.Text.StringBuilder' is hidden. For more details, see https://aka.ms/IdentityModel/PII.]'.
token: '[PII of type 'Microsoft.IdentityModel.JsonWebTokens.JsonWebToken' is hidden. For more details, see https://aka.ms/IdentityModel/PII.]'. See https://aka.ms/IDX10503 for details.
2026-09-05 16:57:08.954 +03:00 [INF] Executing endpoint 'CMS.API.Controllers.TriageController.GetDoctorQueue (CMS.API)'
2026-09-05 16:57:08.956 +03:00 [INF] Route matched with {action = "GetDoctorQueue", controller = "Triage"}. Executing controller action with signature System.Threading.Tasks.Task`1[Microsoft.AspNetCore.Mvc.IActionResult] GetDoctorQueue(Int32, System.Nullable`1[System.DateTime]) on controller CMS.API.Controllers.TriageController (CMS.API).
2026-09-05 16:57:09.036 +03:00 [INF] Executing OkObjectResult, writing value of type 'CMS.Shared.DTOs.ApiResponse`1[[System.Object, System.Private.CoreLib, Version=8.0.0.0, Culture=neutral, PublicKeyToken=7cec85d7bea7798e]]'.
2026-09-05 16:57:09.214 +03:00 [INF] Executed action CMS.API.Controllers.TriageController.GetDoctorQueue (CMS.API) in 213.0514ms
2026-09-05 16:57:09.378 +03:00 [INF] Executed endpoint 'CMS.API.Controllers.TriageController.GetDoctorQueue (CMS.API)'
2026-09-05 16:57:09.387 +03:00 [INF] Request finished HTTP/1.1 GET http://localhost:5010/api/v1/triage/doctor/1?date=2026-09-05 - 200 null application/json; charset=utf-8 490.3517ms
2026-09-05 16:57:09.445 +03:00 [INF] Request starting HTTP/1.1 GET http://localhost:5010/api/v1/encounters/patient/1 - application/json null
2026-09-05 16:57:09.484 +03:00 [INF] Failed to validate the token.
Microsoft.IdentityModel.Tokens.SecurityTokenSignatureKeyNotFoundException: IDX10517: Signature validation failed. The token's kid is missing. Keys tried: 'Microsoft.IdentityModel.Tokens.SymmetricSecurityKey, KeyId: '', InternalId: 'VNGqhB7kZ75afXrNakqPyb1WYggzQUo6Cgi8Kx2i7Zs'. , KeyId: 
'. Number of keys in TokenValidationParameters: '1'. 
Number of keys in Configuration: '0'. 
Exceptions caught:
 '[PII of type 'System.Text.StringBuilder' is hidden. For more details, see https://aka.ms/IdentityModel/PII.]'.
token: '[PII of type 'Microsoft.IdentityModel.JsonWebTokens.JsonWebToken' is hidden. For more details, see https://aka.ms/IdentityModel/PII.]'. See https://aka.ms/IDX10503 for details.
   at Microsoft.IdentityModel.JsonWebTokens.JsonWebTokenHandler.ValidateSignature(JsonWebToken jwtToken, TokenValidationParameters validationParameters, BaseConfiguration configuration)
   at Microsoft.IdentityModel.JsonWebTokens.JsonWebTokenHandler.ValidateSignatureAndIssuerSecurityKey(JsonWebToken jsonWebToken, TokenValidationParameters validationParameters, BaseConfiguration configuration)
   at Microsoft.IdentityModel.JsonWebTokens.JsonWebTokenHandler.ValidateJWSAsync(JsonWebToken jsonWebToken, TokenValidationParameters validationParameters, BaseConfiguration configuration)
2026-09-05 16:57:09.753 +03:00 [INF] Request starting HTTP/1.1 GET http://localhost:5010/api/v1/medicalcertificates/patient/1 - application/json null
2026-09-05 16:57:09.761 +03:00 [INF] Request starting HTTP/1.1 GET http://localhost:5010/api/v1/triage/patient/1/latest - application/json null
2026-09-05 16:57:09.816 +03:00 [INF] Bearer was not authenticated. Failure message: IDX10517: Signature validation failed. The token's kid is missing. Keys tried: 'Microsoft.IdentityModel.Tokens.SymmetricSecurityKey, KeyId: '', InternalId: 'VNGqhB7kZ75afXrNakqPyb1WYggzQUo6Cgi8Kx2i7Zs'. , KeyId: 
'. Number of keys in TokenValidationParameters: '1'. 
Number of keys in Configuration: '0'. 
Exceptions caught:
 '[PII of type 'System.Text.StringBuilder' is hidden. For more details, see https://aka.ms/IdentityModel/PII.]'.
token: '[PII of type 'Microsoft.IdentityModel.JsonWebTokens.JsonWebToken' is hidden. For more details, see https://aka.ms/IdentityModel/PII.]'. See https://aka.ms/IDX10503 for details.
2026-09-05 16:57:09.863 +03:00 [INF] Executing endpoint 'CMS.API.Controllers.EncountersController.GetPatientEncounters (CMS.API)'
2026-09-05 16:57:09.865 +03:00 [INF] Route matched with {action = "GetPatientEncounters", controller = "Encounters"}. Executing controller action with signature System.Threading.Tasks.Task`1[Microsoft.AspNetCore.Mvc.IActionResult] GetPatientEncounters(Int32) on controller CMS.API.Controllers.EncountersController (CMS.API).
2026-09-05 16:57:09.840 +03:00 [INF] Failed to validate the token.
Microsoft.IdentityModel.Tokens.SecurityTokenSignatureKeyNotFoundException: IDX10517: Signature validation failed. The token's kid is missing. Keys tried: 'Microsoft.IdentityModel.Tokens.SymmetricSecurityKey, KeyId: '', InternalId: 'VNGqhB7kZ75afXrNakqPyb1WYggzQUo6Cgi8Kx2i7Zs'. , KeyId: 
'. Number of keys in TokenValidationParameters: '1'. 
Number of keys in Configuration: '0'. 
Exceptions caught:
 '[PII of type 'System.Text.StringBuilder' is hidden. For more details, see https://aka.ms/IdentityModel/PII.]'.
token: '[PII of type 'Microsoft.IdentityModel.JsonWebTokens.JsonWebToken' is hidden. For more details, see https://aka.ms/IdentityModel/PII.]'. See https://aka.ms/IDX10503 for details.
   at Microsoft.IdentityModel.JsonWebTokens.JsonWebTokenHandler.ValidateSignature(JsonWebToken jwtToken, TokenValidationParameters validationParameters, BaseConfiguration configuration)
   at Microsoft.IdentityModel.JsonWebTokens.JsonWebTokenHandler.ValidateSignatureAndIssuerSecurityKey(JsonWebToken jsonWebToken, TokenValidationParameters validationParameters, BaseConfiguration configuration)
   at Microsoft.IdentityModel.JsonWebTokens.JsonWebTokenHandler.ValidateJWSAsync(JsonWebToken jsonWebToken, TokenValidationParameters validationParameters, BaseConfiguration configuration)
2026-09-05 16:57:09.853 +03:00 [INF] Failed to validate the token.
Microsoft.IdentityModel.Tokens.SecurityTokenSignatureKeyNotFoundException: IDX10517: Signature validation failed. The token's kid is missing. Keys tried: 'Microsoft.IdentityModel.Tokens.SymmetricSecurityKey, KeyId: '', InternalId: 'VNGqhB7kZ75afXrNakqPyb1WYggzQUo6Cgi8Kx2i7Zs'. , KeyId: 
'. Number of keys in TokenValidationParameters: '1'. 
Number of keys in Configuration: '0'. 
Exceptions caught:
 '[PII of type 'System.Text.StringBuilder' is hidden. For more details, see https://aka.ms/IdentityModel/PII.]'.
token: '[PII of type 'Microsoft.IdentityModel.JsonWebTokens.JsonWebToken' is hidden. For more details, see https://aka.ms/IdentityModel/PII.]'. See https://aka.ms/IDX10503 for details.
   at Microsoft.IdentityModel.JsonWebTokens.JsonWebTokenHandler.ValidateSignature(JsonWebToken jwtToken, TokenValidationParameters validationParameters, BaseConfiguration configuration)
   at Microsoft.IdentityModel.JsonWebTokens.JsonWebTokenHandler.ValidateSignatureAndIssuerSecurityKey(JsonWebToken jsonWebToken, TokenValidationParameters validationParameters, BaseConfiguration configuration)
   at Microsoft.IdentityModel.JsonWebTokens.JsonWebTokenHandler.ValidateJWSAsync(JsonWebToken jsonWebToken, TokenValidationParameters validationParameters, BaseConfiguration configuration)
2026-09-05 16:57:10.010 +03:00 [INF] Executing OkObjectResult, writing value of type 'CMS.Shared.DTOs.ApiResponse`1[[System.Collections.Generic.List`1[[CMS.Shared.DTOs.EncounterDto, CMS.Shared, Version=1.0.0.0, Culture=neutral, PublicKeyToken=null]], System.Private.CoreLib, Version=8.0.0.0, Culture=neutral, PublicKeyToken=7cec85d7bea7798e]]'.
2026-09-05 16:57:10.017 +03:00 [INF] Bearer was not authenticated. Failure message: IDX10517: Signature validation failed. The token's kid is missing. Keys tried: 'Microsoft.IdentityModel.Tokens.SymmetricSecurityKey, KeyId: '', InternalId: 'VNGqhB7kZ75afXrNakqPyb1WYggzQUo6Cgi8Kx2i7Zs'. , KeyId: 
'. Number of keys in TokenValidationParameters: '1'. 
Number of keys in Configuration: '0'. 
Exceptions caught:
 '[PII of type 'System.Text.StringBuilder' is hidden. For more details, see https://aka.ms/IdentityModel/PII.]'.
token: '[PII of type 'Microsoft.IdentityModel.JsonWebTokens.JsonWebToken' is hidden. For more details, see https://aka.ms/IdentityModel/PII.]'. See https://aka.ms/IDX10503 for details.
2026-09-05 16:57:10.024 +03:00 [INF] Bearer was not authenticated. Failure message: IDX10517: Signature validation failed. The token's kid is missing. Keys tried: 'Microsoft.IdentityModel.Tokens.SymmetricSecurityKey, KeyId: '', InternalId: 'VNGqhB7kZ75afXrNakqPyb1WYggzQUo6Cgi8Kx2i7Zs'. , KeyId: 
'. Number of keys in TokenValidationParameters: '1'. 
Number of keys in Configuration: '0'. 
Exceptions caught:
 '[PII of type 'System.Text.StringBuilder' is hidden. For more details, see https://aka.ms/IdentityModel/PII.]'.
token: '[PII of type 'Microsoft.IdentityModel.JsonWebTokens.JsonWebToken' is hidden. For more details, see https://aka.ms/IdentityModel/PII.]'. See https://aka.ms/IDX10503 for details.
2026-09-05 16:57:10.030 +03:00 [INF] Executed action CMS.API.Controllers.EncountersController.GetPatientEncounters (CMS.API) in 22.9772ms
2026-09-05 16:57:10.039 +03:00 [INF] Executing endpoint 'CMS.API.Controllers.MedicalCertificatesController.GetPatientCertificates (CMS.API)'
2026-09-05 16:57:10.272 +03:00 [INF] Executing endpoint 'CMS.API.Controllers.TriageController.GetLatestPatientVitals (CMS.API)'
2026-09-05 16:57:10.283 +03:00 [INF] Executed endpoint 'CMS.API.Controllers.EncountersController.GetPatientEncounters (CMS.API)'
2026-09-05 16:57:10.298 +03:00 [INF] Route matched with {action = "GetPatientCertificates", controller = "MedicalCertificates"}. Executing controller action with signature System.Threading.Tasks.Task`1[Microsoft.AspNetCore.Mvc.IActionResult] GetPatientCertificates(Int32) on controller CMS.API.Controllers.MedicalCertificatesController (CMS.API).
2026-09-05 16:57:10.304 +03:00 [INF] Route matched with {action = "GetLatestPatientVitals", controller = "Triage"}. Executing controller action with signature System.Threading.Tasks.Task`1[Microsoft.AspNetCore.Mvc.IActionResult] GetLatestPatientVitals(Int32) on controller CMS.API.Controllers.TriageController (CMS.API).
2026-09-05 16:57:10.309 +03:00 [INF] Request finished HTTP/1.1 GET http://localhost:5010/api/v1/encounters/patient/1 - 200 null application/json; charset=utf-8 863.9032ms
2026-09-05 16:57:10.382 +03:00 [INF] Executing OkObjectResult, writing value of type 'CMS.Shared.DTOs.ApiResponse`1[[System.Collections.Generic.List`1[[CMS.Shared.DTOs.MedicalCertificateDto, CMS.Shared, Version=1.0.0.0, Culture=neutral, PublicKeyToken=null]], System.Private.CoreLib, Version=8.0.0.0, Culture=neutral, PublicKeyToken=7cec85d7bea7798e]]'.
2026-09-05 16:57:10.396 +03:00 [INF] Executing OkObjectResult, writing value of type 'CMS.Shared.DTOs.ApiResponse`1[[CMS.Shared.DTOs.TriageDto, CMS.Shared, Version=1.0.0.0, Culture=neutral, PublicKeyToken=null]]'.
2026-09-05 16:57:10.507 +03:00 [INF] Executed action CMS.API.Controllers.MedicalCertificatesController.GetPatientCertificates (CMS.API) in 167.3368ms
2026-09-05 16:57:10.649 +03:00 [INF] Executed endpoint 'CMS.API.Controllers.MedicalCertificatesController.GetPatientCertificates (CMS.API)'
2026-09-05 16:57:10.637 +03:00 [INF] Executed action CMS.API.Controllers.TriageController.GetLatestPatientVitals (CMS.API) in 282.6515ms
2026-09-05 16:57:10.653 +03:00 [INF] Request finished HTTP/1.1 GET http://localhost:5010/api/v1/medicalcertificates/patient/1 - 200 null application/json; charset=utf-8 899.3963ms
2026-09-05 16:57:10.766 +03:00 [INF] Executed endpoint 'CMS.API.Controllers.TriageController.GetLatestPatientVitals (CMS.API)'
2026-09-05 16:57:10.836 +03:00 [INF] Request finished HTTP/1.1 GET http://localhost:5010/api/v1/triage/patient/1/latest - 200 null application/json; charset=utf-8 1074.7604ms
2026-09-05 16:58:39.143 +03:00 [INF] Request starting HTTP/1.1 GET http://localhost:5010/api/v1/users - application/json null
2026-09-05 16:58:39.143 +03:00 [INF] Request starting HTTP/1.1 GET http://localhost:5010/api/v1/users/roles - application/json null
2026-09-05 16:58:39.148 +03:00 [INF] Executing endpoint 'CMS.API.Controllers.UsersController.GetUsers (CMS.API)'
2026-09-05 16:58:39.151 +03:00 [INF] Executing endpoint 'CMS.API.Controllers.UsersController.GetRoles (CMS.API)'
2026-09-05 16:58:39.160 +03:00 [INF] Route matched with {action = "GetRoles", controller = "Users"}. Executing controller action with signature System.Threading.Tasks.Task`1[Microsoft.AspNetCore.Mvc.IActionResult] GetRoles() on controller CMS.API.Controllers.UsersController (CMS.API).
2026-09-05 16:58:39.160 +03:00 [INF] Route matched with {action = "GetUsers", controller = "Users"}. Executing controller action with signature System.Threading.Tasks.Task`1[Microsoft.AspNetCore.Mvc.IActionResult] GetUsers() on controller CMS.API.Controllers.UsersController (CMS.API).
2026-09-05 16:58:39.220 +03:00 [INF] Executing OkObjectResult, writing value of type 'CMS.Shared.DTOs.ApiResponse`1[[System.Collections.Generic.List`1[[CMS.Shared.DTOs.RoleWithPermissionsDto, CMS.Shared, Version=1.0.0.0, Culture=neutral, PublicKeyToken=null]], System.Private.CoreLib, Version=8.0.0.0, Culture=neutral, PublicKeyToken=7cec85d7bea7798e]]'.
2026-09-05 16:58:39.225 +03:00 [INF] Executing OkObjectResult, writing value of type 'CMS.Shared.DTOs.ApiResponse`1[[System.Collections.Generic.List`1[[CMS.Shared.DTOs.UserDto, CMS.Shared, Version=1.0.0.0, Culture=neutral, PublicKeyToken=null]], System.Private.CoreLib, Version=8.0.0.0, Culture=neutral, PublicKeyToken=7cec85d7bea7798e]]'.
2026-09-05 16:58:39.233 +03:00 [INF] Executed action CMS.API.Controllers.UsersController.GetUsers (CMS.API) in 66.4882ms
2026-09-05 16:58:39.236 +03:00 [INF] Executed action CMS.API.Controllers.UsersController.GetRoles (CMS.API) in 73.0094ms
2026-09-05 16:58:39.237 +03:00 [INF] Executed endpoint 'CMS.API.Controllers.UsersController.GetUsers (CMS.API)'
2026-09-05 16:58:39.239 +03:00 [INF] Executed endpoint 'CMS.API.Controllers.UsersController.GetRoles (CMS.API)'
2026-09-05 16:58:39.241 +03:00 [INF] Request finished HTTP/1.1 GET http://localhost:5010/api/v1/users - 200 null application/json; charset=utf-8 98.1002ms
2026-09-05 16:58:39.245 +03:00 [INF] Request finished HTTP/1.1 GET http://localhost:5010/api/v1/users/roles - 200 null application/json; charset=utf-8 102.3993ms
2026-09-05 16:58:39.407 +03:00 [INF] Request starting HTTP/1.1 GET http://localhost:5010/api/v1/users - application/json null
2026-09-05 16:58:39.411 +03:00 [INF] Executing endpoint 'CMS.API.Controllers.UsersController.GetUsers (CMS.API)'
2026-09-05 16:58:39.413 +03:00 [INF] Route matched with {action = "GetUsers", controller = "Users"}. Executing controller action with signature System.Threading.Tasks.Task`1[Microsoft.AspNetCore.Mvc.IActionResult] GetUsers() on controller CMS.API.Controllers.UsersController (CMS.API).
2026-09-05 16:58:39.420 +03:00 [INF] Executing OkObjectResult, writing value of type 'CMS.Shared.DTOs.ApiResponse`1[[System.Collections.Generic.List`1[[CMS.Shared.DTOs.UserDto, CMS.Shared, Version=1.0.0.0, Culture=neutral, PublicKeyToken=null]], System.Private.CoreLib, Version=8.0.0.0, Culture=neutral, PublicKeyToken=7cec85d7bea7798e]]'.
2026-09-05 16:58:39.422 +03:00 [INF] Executed action CMS.API.Controllers.UsersController.GetUsers (CMS.API) in 5.8076ms
2026-09-05 16:58:39.430 +03:00 [INF] Executed endpoint 'CMS.API.Controllers.UsersController.GetUsers (CMS.API)'
2026-09-05 16:58:39.434 +03:00 [INF] Request finished HTTP/1.1 GET http://localhost:5010/api/v1/users - 200 null application/json; charset=utf-8 27.2512ms
2026-09-05 16:58:39.555 +03:00 [INF] Request starting HTTP/1.1 GET http://localhost:5010/api/v1/users/roles - application/json null
2026-09-05 16:58:39.693 +03:00 [INF] Executing endpoint 'CMS.API.Controllers.UsersController.GetRoles (CMS.API)'
2026-09-05 16:58:39.696 +03:00 [INF] Route matched with {action = "GetRoles", controller = "Users"}. Executing controller action with signature System.Threading.Tasks.Task`1[Microsoft.AspNetCore.Mvc.IActionResult] GetRoles() on controller CMS.API.Controllers.UsersController (CMS.API).
2026-09-05 16:58:39.701 +03:00 [INF] Executing OkObjectResult, writing value of type 'CMS.Shared.DTOs.ApiResponse`1[[System.Collections.Generic.List`1[[CMS.Shared.DTOs.RoleWithPermissionsDto, CMS.Shared, Version=1.0.0.0, Culture=neutral, PublicKeyToken=null]], System.Private.CoreLib, Version=8.0.0.0, Culture=neutral, PublicKeyToken=7cec85d7bea7798e]]'.
2026-09-05 16:58:39.703 +03:00 [INF] Executed action CMS.API.Controllers.UsersController.GetRoles (CMS.API) in 3.315ms
2026-09-05 16:58:39.711 +03:00 [INF] Executed endpoint 'CMS.API.Controllers.UsersController.GetRoles (CMS.API)'
2026-09-05 16:58:39.714 +03:00 [INF] Request finished HTTP/1.1 GET http://localhost:5010/api/v1/users/roles - 200 null application/json; charset=utf-8 158.8272ms
2026-09-05 16:59:12.335 +03:00 [INF] Request starting HTTP/1.1 GET http://localhost:5010/api/v1/dashboard/metrics - null null
2026-09-05 16:59:12.355 +03:00 [INF] Failed to validate the token.
Microsoft.IdentityModel.Tokens.SecurityTokenSignatureKeyNotFoundException: IDX10517: Signature validation failed. The token's kid is missing. Keys tried: 'Microsoft.IdentityModel.Tokens.SymmetricSecurityKey, KeyId: '', InternalId: 'VNGqhB7kZ75afXrNakqPyb1WYggzQUo6Cgi8Kx2i7Zs'. , KeyId: 
'. Number of keys in TokenValidationParameters: '1'. 
Number of keys in Configuration: '0'. 
Exceptions caught:
 '[PII of type 'System.Text.StringBuilder' is hidden. For more details, see https://aka.ms/IdentityModel/PII.]'.
token: '[PII of type 'Microsoft.IdentityModel.JsonWebTokens.JsonWebToken' is hidden. For more details, see https://aka.ms/IdentityModel/PII.]'. See https://aka.ms/IDX10503 for details.
   at Microsoft.IdentityModel.JsonWebTokens.JsonWebTokenHandler.ValidateSignature(JsonWebToken jwtToken, TokenValidationParameters validationParameters, BaseConfiguration configuration)
   at Microsoft.IdentityModel.JsonWebTokens.JsonWebTokenHandler.ValidateSignatureAndIssuerSecurityKey(JsonWebToken jsonWebToken, TokenValidationParameters validationParameters, BaseConfiguration configuration)
   at Microsoft.IdentityModel.JsonWebTokens.JsonWebTokenHandler.ValidateJWSAsync(JsonWebToken jsonWebToken, TokenValidationParameters validationParameters, BaseConfiguration configuration)
2026-09-05 16:59:12.366 +03:00 [INF] Bearer was not authenticated. Failure message: IDX10517: Signature validation failed. The token's kid is missing. Keys tried: 'Microsoft.IdentityModel.Tokens.SymmetricSecurityKey, KeyId: '', InternalId: 'VNGqhB7kZ75afXrNakqPyb1WYggzQUo6Cgi8Kx2i7Zs'. , KeyId: 
'. Number of keys in TokenValidationParameters: '1'. 
Number of keys in Configuration: '0'. 
Exceptions caught:
 '[PII of type 'System.Text.StringBuilder' is hidden. For more details, see https://aka.ms/IdentityModel/PII.]'.
token: '[PII of type 'Microsoft.IdentityModel.JsonWebTokens.JsonWebToken' is hidden. For more details, see https://aka.ms/IdentityModel/PII.]'. See https://aka.ms/IDX10503 for details.
2026-09-05 16:59:12.368 +03:00 [INF] Executing endpoint 'CMS.API.Controllers.DashboardController.GetMetrics (CMS.API)'
2026-09-05 16:59:12.371 +03:00 [INF] Route matched with {action = "GetMetrics", controller = "Dashboard"}. Executing controller action with signature System.Threading.Tasks.Task`1[Microsoft.AspNetCore.Mvc.IActionResult] GetMetrics() on controller CMS.API.Controllers.DashboardController (CMS.API).
2026-09-05 16:59:12.487 +03:00 [INF] Executing OkObjectResult, writing value of type 'CMS.Shared.DTOs.ApiResponse`1[[CMS.Shared.DTOs.DashboardMetricsDto, CMS.Shared, Version=1.0.0.0, Culture=neutral, PublicKeyToken=null]]'.
2026-09-05 16:59:12.651 +03:00 [INF] Executed action CMS.API.Controllers.DashboardController.GetMetrics (CMS.API) in 272.7633ms
2026-09-05 16:59:12.661 +03:00 [INF] Executed endpoint 'CMS.API.Controllers.DashboardController.GetMetrics (CMS.API)'
2026-09-05 16:59:12.659 +03:00 [INF] Request starting HTTP/1.1 GET http://localhost:5010/api/v1/dashboard/metrics - null null
2026-09-05 16:59:12.665 +03:00 [INF] Request finished HTTP/1.1 GET http://localhost:5010/api/v1/dashboard/metrics - 200 null application/json; charset=utf-8 330.1774ms
2026-09-05 16:59:12.808 +03:00 [INF] Failed to validate the token.
Microsoft.IdentityModel.Tokens.SecurityTokenSignatureKeyNotFoundException: IDX10517: Signature validation failed. The token's kid is missing. Keys tried: 'Microsoft.IdentityModel.Tokens.SymmetricSecurityKey, KeyId: '', InternalId: 'VNGqhB7kZ75afXrNakqPyb1WYggzQUo6Cgi8Kx2i7Zs'. , KeyId: 
'. Number of keys in TokenValidationParameters: '1'. 
Number of keys in Configuration: '0'. 
Exceptions caught:
 '[PII of type 'System.Text.StringBuilder' is hidden. For more details, see https://aka.ms/IdentityModel/PII.]'.
token: '[PII of type 'Microsoft.IdentityModel.JsonWebTokens.JsonWebToken' is hidden. For more details, see https://aka.ms/IdentityModel/PII.]'. See https://aka.ms/IDX10503 for details.
   at Microsoft.IdentityModel.JsonWebTokens.JsonWebTokenHandler.ValidateSignature(JsonWebToken jwtToken, TokenValidationParameters validationParameters, BaseConfiguration configuration)
   at Microsoft.IdentityModel.JsonWebTokens.JsonWebTokenHandler.ValidateSignatureAndIssuerSecurityKey(JsonWebToken jsonWebToken, TokenValidationParameters validationParameters, BaseConfiguration configuration)
   at Microsoft.IdentityModel.JsonWebTokens.JsonWebTokenHandler.ValidateJWSAsync(JsonWebToken jsonWebToken, TokenValidationParameters validationParameters, BaseConfiguration configuration)
2026-09-05 16:59:12.836 +03:00 [INF] Bearer was not authenticated. Failure message: IDX10517: Signature validation failed. The token's kid is missing. Keys tried: 'Microsoft.IdentityModel.Tokens.SymmetricSecurityKey, KeyId: '', InternalId: 'VNGqhB7kZ75afXrNakqPyb1WYggzQUo6Cgi8Kx2i7Zs'. , KeyId: 
'. Number of keys in TokenValidationParameters: '1'. 
Number of keys in Configuration: '0'. 
Exceptions caught:
 '[PII of type 'System.Text.StringBuilder' is hidden. For more details, see https://aka.ms/IdentityModel/PII.]'.
token: '[PII of type 'Microsoft.IdentityModel.JsonWebTokens.JsonWebToken' is hidden. For more details, see https://aka.ms/IdentityModel/PII.]'. See https://aka.ms/IDX10503 for details.
2026-09-05 16:59:12.838 +03:00 [INF] Executing endpoint 'CMS.API.Controllers.DashboardController.GetMetrics (CMS.API)'
2026-09-05 16:59:12.840 +03:00 [INF] Route matched with {action = "GetMetrics", controller = "Dashboard"}. Executing controller action with signature System.Threading.Tasks.Task`1[Microsoft.AspNetCore.Mvc.IActionResult] GetMetrics() on controller CMS.API.Controllers.DashboardController (CMS.API).
2026-09-05 16:59:12.848 +03:00 [INF] Executing OkObjectResult, writing value of type 'CMS.Shared.DTOs.ApiResponse`1[[CMS.Shared.DTOs.DashboardMetricsDto, CMS.Shared, Version=1.0.0.0, Culture=neutral, PublicKeyToken=null]]'.
2026-09-05 16:59:12.852 +03:00 [INF] Executed action CMS.API.Controllers.DashboardController.GetMetrics (CMS.API) in 9.6555ms
2026-09-05 16:59:12.854 +03:00 [INF] Executed endpoint 'CMS.API.Controllers.DashboardController.GetMetrics (CMS.API)'
2026-09-05 16:59:12.856 +03:00 [INF] Request finished HTTP/1.1 GET http://localhost:5010/api/v1/dashboard/metrics - 200 null application/json; charset=utf-8 197.4112ms
2026-09-05 16:59:27.162 +03:00 [INF] Request starting HTTP/1.1 POST http://localhost:5010/api/v1/auth/login - application/json 57
2026-09-05 16:59:27.166 +03:00 [INF] CORS policy execution successful.
2026-09-05 16:59:27.168 +03:00 [INF] Executing endpoint 'CMS.API.Controllers.AuthController.Login (CMS.API)'
2026-09-05 16:59:27.170 +03:00 [INF] Route matched with {action = "Login", controller = "Auth"}. Executing controller action with signature System.Threading.Tasks.Task`1[Microsoft.AspNetCore.Mvc.IActionResult] Login(CMS.Shared.DTOs.LoginRequest) on controller CMS.API.Controllers.AuthController (CMS.API).
2026-09-05 16:59:27.198 +03:00 [INF] Executing OkObjectResult, writing value of type 'CMS.Shared.DTOs.ApiResponse`1[[CMS.Shared.DTOs.LoginResponse, CMS.Shared, Version=1.0.0.0, Culture=neutral, PublicKeyToken=null]]'.
2026-09-05 16:59:27.201 +03:00 [INF] Executed action CMS.API.Controllers.AuthController.Login (CMS.API) in 26.3405ms
2026-09-05 16:59:27.209 +03:00 [INF] Executed endpoint 'CMS.API.Controllers.AuthController.Login (CMS.API)'
2026-09-05 16:59:27.211 +03:00 [INF] Request finished HTTP/1.1 POST http://localhost:5010/api/v1/auth/login - 200 null application/json; charset=utf-8 49.2147ms
2026-09-05 16:59:27.429 +03:00 [INF] Request starting HTTP/1.1 GET http://localhost:5010/api/v1/dashboard/metrics - null null
2026-09-05 16:59:27.467 +03:00 [INF] Failed to validate the token.
Microsoft.IdentityModel.Tokens.SecurityTokenSignatureKeyNotFoundException: IDX10517: Signature validation failed. The token's kid is missing. Keys tried: 'Microsoft.IdentityModel.Tokens.SymmetricSecurityKey, KeyId: '', InternalId: 'VNGqhB7kZ75afXrNakqPyb1WYggzQUo6Cgi8Kx2i7Zs'. , KeyId: 
'. Number of keys in TokenValidationParameters: '1'. 
Number of keys in Configuration: '0'. 
Exceptions caught:
 '[PII of type 'System.Text.StringBuilder' is hidden. For more details, see https://aka.ms/IdentityModel/PII.]'.
token: '[PII of type 'Microsoft.IdentityModel.JsonWebTokens.JsonWebToken' is hidden. For more details, see https://aka.ms/IdentityModel/PII.]'. See https://aka.ms/IDX10503 for details.
   at Microsoft.IdentityModel.JsonWebTokens.JsonWebTokenHandler.ValidateSignature(JsonWebToken jwtToken, TokenValidationParameters validationParameters, BaseConfiguration configuration)
   at Microsoft.IdentityModel.JsonWebTokens.JsonWebTokenHandler.ValidateSignatureAndIssuerSecurityKey(JsonWebToken jsonWebToken, TokenValidationParameters validationParameters, BaseConfiguration configuration)
   at Microsoft.IdentityModel.JsonWebTokens.JsonWebTokenHandler.ValidateJWSAsync(JsonWebToken jsonWebToken, TokenValidationParameters validationParameters, BaseConfiguration configuration)
2026-09-05 16:59:27.545 +03:00 [INF] Bearer was not authenticated. Failure message: IDX10517: Signature validation failed. The token's kid is missing. Keys tried: 'Microsoft.IdentityModel.Tokens.SymmetricSecurityKey, KeyId: '', InternalId: 'VNGqhB7kZ75afXrNakqPyb1WYggzQUo6Cgi8Kx2i7Zs'. , KeyId: 
'. Number of keys in TokenValidationParameters: '1'. 
Number of keys in Configuration: '0'. 
Exceptions caught:
 '[PII of type 'System.Text.StringBuilder' is hidden. For more details, see https://aka.ms/IdentityModel/PII.]'.
token: '[PII of type 'Microsoft.IdentityModel.JsonWebTokens.JsonWebToken' is hidden. For more details, see https://aka.ms/IdentityModel/PII.]'. See https://aka.ms/IDX10503 for details.
2026-09-05 16:59:27.552 +03:00 [INF] Executing endpoint 'CMS.API.Controllers.DashboardController.GetMetrics (CMS.API)'
2026-09-05 16:59:27.559 +03:00 [INF] Route matched with {action = "GetMetrics", controller = "Dashboard"}. Executing controller action with signature System.Threading.Tasks.Task`1[Microsoft.AspNetCore.Mvc.IActionResult] GetMetrics() on controller CMS.API.Controllers.DashboardController (CMS.API).
2026-09-05 16:59:27.586 +03:00 [INF] Executing OkObjectResult, writing value of type 'CMS.Shared.DTOs.ApiResponse`1[[CMS.Shared.DTOs.DashboardMetricsDto, CMS.Shared, Version=1.0.0.0, Culture=neutral, PublicKeyToken=null]]'.
2026-09-05 16:59:27.593 +03:00 [INF] Executed action CMS.API.Controllers.DashboardController.GetMetrics (CMS.API) in 21.1336ms
2026-09-05 16:59:27.599 +03:00 [INF] Executed endpoint 'CMS.API.Controllers.DashboardController.GetMetrics (CMS.API)'
2026-09-05 16:59:27.602 +03:00 [INF] Request starting HTTP/1.1 GET http://localhost:5010/api/v1/dashboard/metrics - null null
2026-09-05 16:59:27.604 +03:00 [INF] Request finished HTTP/1.1 GET http://localhost:5010/api/v1/dashboard/metrics - 200 null application/json; charset=utf-8 174.7355ms
2026-09-05 16:59:27.619 +03:00 [INF] Failed to validate the token.
Microsoft.IdentityModel.Tokens.SecurityTokenSignatureKeyNotFoundException: IDX10517: Signature validation failed. The token's kid is missing. Keys tried: 'Microsoft.IdentityModel.Tokens.SymmetricSecurityKey, KeyId: '', InternalId: 'VNGqhB7kZ75afXrNakqPyb1WYggzQUo6Cgi8Kx2i7Zs'. , KeyId: 
'. Number of keys in TokenValidationParameters: '1'. 
Number of keys in Configuration: '0'. 
Exceptions caught:
 '[PII of type 'System.Text.StringBuilder' is hidden. For more details, see https://aka.ms/IdentityModel/PII.]'.
token: '[PII of type 'Microsoft.IdentityModel.JsonWebTokens.JsonWebToken' is hidden. For more details, see https://aka.ms/IdentityModel/PII.]'. See https://aka.ms/IDX10503 for details.
   at Microsoft.IdentityModel.JsonWebTokens.JsonWebTokenHandler.ValidateSignature(JsonWebToken jwtToken, TokenValidationParameters validationParameters, BaseConfiguration configuration)
   at Microsoft.IdentityModel.JsonWebTokens.JsonWebTokenHandler.ValidateSignatureAndIssuerSecurityKey(JsonWebToken jsonWebToken, TokenValidationParameters validationParameters, BaseConfiguration configuration)
   at Microsoft.IdentityModel.JsonWebTokens.JsonWebTokenHandler.ValidateJWSAsync(JsonWebToken jsonWebToken, TokenValidationParameters validationParameters, BaseConfiguration configuration)
2026-09-05 16:59:27.639 +03:00 [INF] Bearer was not authenticated. Failure message: IDX10517: Signature validation failed. The token's kid is missing. Keys tried: 'Microsoft.IdentityModel.Tokens.SymmetricSecurityKey, KeyId: '', InternalId: 'VNGqhB7kZ75afXrNakqPyb1WYggzQUo6Cgi8Kx2i7Zs'. , KeyId: 
'. Number of keys in TokenValidationParameters: '1'. 
Number of keys in Configuration: '0'. 
Exceptions caught:
 '[PII of type 'System.Text.StringBuilder' is hidden. For more details, see https://aka.ms/IdentityModel/PII.]'.
token: '[PII of type 'Microsoft.IdentityModel.JsonWebTokens.JsonWebToken' is hidden. For more details, see https://aka.ms/IdentityModel/PII.]'. See https://aka.ms/IDX10503 for details.
2026-09-05 16:59:27.644 +03:00 [INF] Executing endpoint 'CMS.API.Controllers.DashboardController.GetMetrics (CMS.API)'
2026-09-05 16:59:27.649 +03:00 [INF] Route matched with {action = "GetMetrics", controller = "Dashboard"}. Executing controller action with signature System.Threading.Tasks.Task`1[Microsoft.AspNetCore.Mvc.IActionResult] GetMetrics() on controller CMS.API.Controllers.DashboardController (CMS.API).
2026-09-05 16:59:27.667 +03:00 [INF] Executing OkObjectResult, writing value of type 'CMS.Shared.DTOs.ApiResponse`1[[CMS.Shared.DTOs.DashboardMetricsDto, CMS.Shared, Version=1.0.0.0, Culture=neutral, PublicKeyToken=null]]'.
2026-09-05 16:59:27.672 +03:00 [INF] Executed action CMS.API.Controllers.DashboardController.GetMetrics (CMS.API) in 15.1922ms
2026-09-05 16:59:27.678 +03:00 [INF] Executed endpoint 'CMS.API.Controllers.DashboardController.GetMetrics (CMS.API)'
2026-09-05 16:59:27.681 +03:00 [INF] Request finished HTTP/1.1 GET http://localhost:5010/api/v1/dashboard/metrics - 200 null application/json; charset=utf-8 79.3413ms
2026-09-05 16:59:52.614 +03:00 [INF] Request starting HTTP/1.1 GET http://localhost:5010/api/v1/dashboard/metrics - null null
2026-09-05 16:59:52.622 +03:00 [INF] Request starting HTTP/1.1 GET http://localhost:5010/api/v1/dashboard/metrics - null null
2026-09-05 16:59:52.911 +03:00 [INF] Failed to validate the token.
Microsoft.IdentityModel.Tokens.SecurityTokenMalformedException: IDX14100: JWT is not well formed, there are no dots (.).
The token needs to be in JWS or JWE Compact Serialization Format. (JWS): 'EncodedHeader.EncodedPayload.EncodedSignature'. (JWE): 'EncodedProtectedHeader.EncodedEncryptedKey.EncodedInitializationVector.EncodedCiphertext.EncodedAuthenticationTag'.
   at Microsoft.IdentityModel.JsonWebTokens.JsonWebToken.ReadToken(ReadOnlyMemory`1 encodedTokenMemory)
   at Microsoft.IdentityModel.JsonWebTokens.JsonWebToken..ctor(String jwtEncodedString)
   at Microsoft.IdentityModel.JsonWebTokens.JsonWebTokenHandler.ReadToken(String token, TokenValidationParameters validationParameters)
2026-09-05 16:59:52.918 +03:00 [INF] Failed to validate the token.
Microsoft.IdentityModel.Tokens.SecurityTokenMalformedException: IDX14100: JWT is not well formed, there are no dots (.).
The token needs to be in JWS or JWE Compact Serialization Format. (JWS): 'EncodedHeader.EncodedPayload.EncodedSignature'. (JWE): 'EncodedProtectedHeader.EncodedEncryptedKey.EncodedInitializationVector.EncodedCiphertext.EncodedAuthenticationTag'.
   at Microsoft.IdentityModel.JsonWebTokens.JsonWebToken.ReadToken(ReadOnlyMemory`1 encodedTokenMemory)
   at Microsoft.IdentityModel.JsonWebTokens.JsonWebToken..ctor(String jwtEncodedString)
   at Microsoft.IdentityModel.JsonWebTokens.JsonWebTokenHandler.ReadToken(String token, TokenValidationParameters validationParameters)
2026-09-05 16:59:52.922 +03:00 [INF] Bearer was not authenticated. Failure message: IDX14100: JWT is not well formed, there are no dots (.).
The token needs to be in JWS or JWE Compact Serialization Format. (JWS): 'EncodedHeader.EncodedPayload.EncodedSignature'. (JWE): 'EncodedProtectedHeader.EncodedEncryptedKey.EncodedInitializationVector.EncodedCiphertext.EncodedAuthenticationTag'.
2026-09-05 16:59:52.931 +03:00 [INF] Bearer was not authenticated. Failure message: IDX14100: JWT is not well formed, there are no dots (.).
The token needs to be in JWS or JWE Compact Serialization Format. (JWS): 'EncodedHeader.EncodedPayload.EncodedSignature'. (JWE): 'EncodedProtectedHeader.EncodedEncryptedKey.EncodedInitializationVector.EncodedCiphertext.EncodedAuthenticationTag'.
2026-09-05 16:59:52.933 +03:00 [INF] Executing endpoint 'CMS.API.Controllers.DashboardController.GetMetrics (CMS.API)'
2026-09-05 16:59:52.935 +03:00 [INF] Executing endpoint 'CMS.API.Controllers.DashboardController.GetMetrics (CMS.API)'
2026-09-05 16:59:52.940 +03:00 [INF] Route matched with {action = "GetMetrics", controller = "Dashboard"}. Executing controller action with signature System.Threading.Tasks.Task`1[Microsoft.AspNetCore.Mvc.IActionResult] GetMetrics() on controller CMS.API.Controllers.DashboardController (CMS.API).
2026-09-05 16:59:52.937 +03:00 [INF] Route matched with {action = "GetMetrics", controller = "Dashboard"}. Executing controller action with signature System.Threading.Tasks.Task`1[Microsoft.AspNetCore.Mvc.IActionResult] GetMetrics() on controller CMS.API.Controllers.DashboardController (CMS.API).
2026-09-05 16:59:52.958 +03:00 [INF] Executing OkObjectResult, writing value of type 'CMS.Shared.DTOs.ApiResponse`1[[CMS.Shared.DTOs.DashboardMetricsDto, CMS.Shared, Version=1.0.0.0, Culture=neutral, PublicKeyToken=null]]'.
2026-09-05 16:59:52.965 +03:00 [INF] Executed action CMS.API.Controllers.DashboardController.GetMetrics (CMS.API) in 17.4405ms
2026-09-05 16:59:52.967 +03:00 [INF] Executed endpoint 'CMS.API.Controllers.DashboardController.GetMetrics (CMS.API)'
2026-09-05 16:59:52.980 +03:00 [INF] Executing OkObjectResult, writing value of type 'CMS.Shared.DTOs.ApiResponse`1[[CMS.Shared.DTOs.DashboardMetricsDto, CMS.Shared, Version=1.0.0.0, Culture=neutral, PublicKeyToken=null]]'.
2026-09-05 16:59:53.002 +03:00 [INF] Executed action CMS.API.Controllers.DashboardController.GetMetrics (CMS.API) in 40.6465ms
2026-09-05 16:59:53.017 +03:00 [INF] Executed endpoint 'CMS.API.Controllers.DashboardController.GetMetrics (CMS.API)'
2026-09-05 16:59:52.998 +03:00 [INF] Request finished HTTP/1.1 GET http://localhost:5010/api/v1/dashboard/metrics - 200 null application/json; charset=utf-8 375.3915ms
2026-09-05 16:59:53.028 +03:00 [INF] Request finished HTTP/1.1 GET http://localhost:5010/api/v1/dashboard/metrics - 200 null application/json; charset=utf-8 414.3015ms
2026-09-05 16:59:54.694 +03:00 [INF] Request starting HTTP/1.1 GET http://localhost:5010/api/v1/users - application/json null
2026-09-05 16:59:54.702 +03:00 [INF] Request starting HTTP/1.1 GET http://localhost:5010/api/v1/users/roles - application/json null
2026-09-05 16:59:54.852 +03:00 [INF] Executing endpoint 'CMS.API.Controllers.UsersController.GetUsers (CMS.API)'
2026-09-05 16:59:54.860 +03:00 [INF] Executing endpoint 'CMS.API.Controllers.UsersController.GetRoles (CMS.API)'
2026-09-05 16:59:54.862 +03:00 [INF] Route matched with {action = "GetUsers", controller = "Users"}. Executing controller action with signature System.Threading.Tasks.Task`1[Microsoft.AspNetCore.Mvc.IActionResult] GetUsers() on controller CMS.API.Controllers.UsersController (CMS.API).
2026-09-05 16:59:54.867 +03:00 [INF] Route matched with {action = "GetRoles", controller = "Users"}. Executing controller action with signature System.Threading.Tasks.Task`1[Microsoft.AspNetCore.Mvc.IActionResult] GetRoles() on controller CMS.API.Controllers.UsersController (CMS.API).
2026-09-05 16:59:54.886 +03:00 [INF] Executing OkObjectResult, writing value of type 'CMS.Shared.DTOs.ApiResponse`1[[System.Collections.Generic.List`1[[CMS.Shared.DTOs.UserDto, CMS.Shared, Version=1.0.0.0, Culture=neutral, PublicKeyToken=null]], System.Private.CoreLib, Version=8.0.0.0, Culture=neutral, PublicKeyToken=7cec85d7bea7798e]]'.
2026-09-05 16:59:54.887 +03:00 [INF] Executing OkObjectResult, writing value of type 'CMS.Shared.DTOs.ApiResponse`1[[System.Collections.Generic.List`1[[CMS.Shared.DTOs.RoleWithPermissionsDto, CMS.Shared, Version=1.0.0.0, Culture=neutral, PublicKeyToken=null]], System.Private.CoreLib, Version=8.0.0.0, Culture=neutral, PublicKeyToken=7cec85d7bea7798e]]'.
2026-09-05 16:59:54.994 +03:00 [INF] Executed action CMS.API.Controllers.UsersController.GetRoles (CMS.API) in 116.1703ms
2026-09-05 16:59:55.002 +03:00 [INF] Executed endpoint 'CMS.API.Controllers.UsersController.GetRoles (CMS.API)'
2026-09-05 16:59:54.966 +03:00 [INF] Executed action CMS.API.Controllers.UsersController.GetUsers (CMS.API) in 94.8819ms
2026-09-05 16:59:55.054 +03:00 [INF] Executed endpoint 'CMS.API.Controllers.UsersController.GetUsers (CMS.API)'
2026-09-05 16:59:55.018 +03:00 [INF] Request finished HTTP/1.1 GET http://localhost:5010/api/v1/users/roles - 200 null application/json; charset=utf-8 315.902ms
2026-09-05 16:59:55.019 +03:00 [INF] Request starting HTTP/1.1 GET http://localhost:5010/api/v1/users/roles - application/json null
2026-09-05 16:59:55.277 +03:00 [INF] Executing endpoint 'CMS.API.Controllers.UsersController.GetRoles (CMS.API)'
2026-09-05 16:59:55.162 +03:00 [INF] Request finished HTTP/1.1 GET http://localhost:5010/api/v1/users - 200 null application/json; charset=utf-8 467.2233ms
2026-09-05 16:59:54.998 +03:00 [INF] Request starting HTTP/1.1 GET http://localhost:5010/api/v1/users - application/json null
2026-09-05 16:59:55.296 +03:00 [INF] Executing endpoint 'CMS.API.Controllers.UsersController.GetUsers (CMS.API)'
2026-09-05 16:59:55.281 +03:00 [INF] Route matched with {action = "GetRoles", controller = "Users"}. Executing controller action with signature System.Threading.Tasks.Task`1[Microsoft.AspNetCore.Mvc.IActionResult] GetRoles() on controller CMS.API.Controllers.UsersController (CMS.API).
2026-09-05 16:59:55.301 +03:00 [INF] Route matched with {action = "GetUsers", controller = "Users"}. Executing controller action with signature System.Threading.Tasks.Task`1[Microsoft.AspNetCore.Mvc.IActionResult] GetUsers() on controller CMS.API.Controllers.UsersController (CMS.API).
2026-09-05 16:59:55.312 +03:00 [INF] Executing OkObjectResult, writing value of type 'CMS.Shared.DTOs.ApiResponse`1[[System.Collections.Generic.List`1[[CMS.Shared.DTOs.RoleWithPermissionsDto, CMS.Shared, Version=1.0.0.0, Culture=neutral, PublicKeyToken=null]], System.Private.CoreLib, Version=8.0.0.0, Culture=neutral, PublicKeyToken=7cec85d7bea7798e]]'.
2026-09-05 16:59:55.318 +03:00 [INF] Executed action CMS.API.Controllers.UsersController.GetRoles (CMS.API) in 7.9115ms
2026-09-05 16:59:55.329 +03:00 [INF] Executing OkObjectResult, writing value of type 'CMS.Shared.DTOs.ApiResponse`1[[System.Collections.Generic.List`1[[CMS.Shared.DTOs.UserDto, CMS.Shared, Version=1.0.0.0, Culture=neutral, PublicKeyToken=null]], System.Private.CoreLib, Version=8.0.0.0, Culture=neutral, PublicKeyToken=7cec85d7bea7798e]]'.
2026-09-05 16:59:55.374 +03:00 [INF] Executed action CMS.API.Controllers.UsersController.GetUsers (CMS.API) in 59.1197ms
2026-09-05 16:59:55.370 +03:00 [INF] Executed endpoint 'CMS.API.Controllers.UsersController.GetRoles (CMS.API)'
2026-09-05 16:59:55.380 +03:00 [INF] Executed endpoint 'CMS.API.Controllers.UsersController.GetUsers (CMS.API)'
2026-09-05 16:59:55.387 +03:00 [INF] Request finished HTTP/1.1 GET http://localhost:5010/api/v1/users - 200 null application/json; charset=utf-8 389.1712ms
2026-09-05 16:59:55.385 +03:00 [INF] Request finished HTTP/1.1 GET http://localhost:5010/api/v1/users/roles - 200 null application/json; charset=utf-8 366.0671ms
2026-09-05 17:01:53.184 +03:00 [INF] Request starting HTTP/1.1 GET http://localhost:5010/api/v1/apimanagement/keys - application/json null
2026-09-05 17:01:53.189 +03:00 [INF] Executing endpoint 'CMS.API.Controllers.ApiManagementController.GetKeys (CMS.API)'
2026-09-05 17:01:53.200 +03:00 [INF] Route matched with {action = "GetKeys", controller = "ApiManagement"}. Executing controller action with signature System.Threading.Tasks.Task`1[Microsoft.AspNetCore.Mvc.IActionResult] GetKeys() on controller CMS.API.Controllers.ApiManagementController (CMS.API).
2026-09-05 17:01:53.243 +03:00 [INF] Executing OkObjectResult, writing value of type 'CMS.Shared.DTOs.ApiResponse`1[[System.Collections.Generic.List`1[[CMS.Shared.DTOs.ApiKeyDto, CMS.Shared, Version=1.0.0.0, Culture=neutral, PublicKeyToken=null]], System.Private.CoreLib, Version=8.0.0.0, Culture=neutral, PublicKeyToken=7cec85d7bea7798e]]'.
2026-09-05 17:01:53.248 +03:00 [INF] Executed action CMS.API.Controllers.ApiManagementController.GetKeys (CMS.API) in 43.6773ms
2026-09-05 17:01:53.251 +03:00 [INF] Executed endpoint 'CMS.API.Controllers.ApiManagementController.GetKeys (CMS.API)'
2026-09-05 17:01:53.253 +03:00 [INF] Request finished HTTP/1.1 GET http://localhost:5010/api/v1/apimanagement/keys - 200 null application/json; charset=utf-8 68.4133ms
2026-09-05 17:01:53.447 +03:00 [INF] Request starting HTTP/1.1 GET http://localhost:5010/api/v1/apimanagement/keys - application/json null
2026-09-05 17:01:53.451 +03:00 [INF] Executing endpoint 'CMS.API.Controllers.ApiManagementController.GetKeys (CMS.API)'
2026-09-05 17:01:53.453 +03:00 [INF] Route matched with {action = "GetKeys", controller = "ApiManagement"}. Executing controller action with signature System.Threading.Tasks.Task`1[Microsoft.AspNetCore.Mvc.IActionResult] GetKeys() on controller CMS.API.Controllers.ApiManagementController (CMS.API).
2026-09-05 17:01:53.459 +03:00 [INF] Executing OkObjectResult, writing value of type 'CMS.Shared.DTOs.ApiResponse`1[[System.Collections.Generic.List`1[[CMS.Shared.DTOs.ApiKeyDto, CMS.Shared, Version=1.0.0.0, Culture=neutral, PublicKeyToken=null]], System.Private.CoreLib, Version=8.0.0.0, Culture=neutral, PublicKeyToken=7cec85d7bea7798e]]'.
2026-09-05 17:01:53.462 +03:00 [INF] Executed action CMS.API.Controllers.ApiManagementController.GetKeys (CMS.API) in 4.7554ms
2026-09-05 17:01:53.465 +03:00 [INF] Executed endpoint 'CMS.API.Controllers.ApiManagementController.GetKeys (CMS.API)'
2026-09-05 17:01:53.467 +03:00 [INF] Request finished HTTP/1.1 GET http://localhost:5010/api/v1/apimanagement/keys - 200 null application/json; charset=utf-8 20.5204ms
2026-09-05 17:03:09.493 +03:00 [INF] Request starting HTTP/1.1 GET http://localhost:5010/api/v1/laboratory/catalog - application/json null
2026-09-05 17:03:09.493 +03:00 [INF] Request starting HTTP/1.1 GET http://localhost:5010/api/v1/laboratory/worklist?date=2026-09-05 - application/json null
2026-09-05 17:03:09.494 +03:00 [INF] Request starting HTTP/1.1 GET http://localhost:5010/api/v1/laboratory/criticals - application/json null
2026-09-05 17:03:09.500 +03:00 [INF] Executing endpoint 'CMS.API.Controllers.LaboratoryController.GetCatalog (CMS.API)'
2026-09-05 17:03:09.526 +03:00 [INF] Executing endpoint 'CMS.API.Controllers.LaboratoryController.GetWorklist (CMS.API)'
2026-09-05 17:03:09.653 +03:00 [INF] Executing endpoint 'CMS.API.Controllers.LaboratoryController.GetCriticals (CMS.API)'
2026-09-05 17:03:09.665 +03:00 [INF] Route matched with {action = "GetCatalog", controller = "Laboratory"}. Executing controller action with signature System.Threading.Tasks.Task`1[Microsoft.AspNetCore.Mvc.IActionResult] GetCatalog() on controller CMS.API.Controllers.LaboratoryController (CMS.API).
2026-09-05 17:03:09.672 +03:00 [INF] Route matched with {action = "GetWorklist", controller = "Laboratory"}. Executing controller action with signature System.Threading.Tasks.Task`1[Microsoft.AspNetCore.Mvc.IActionResult] GetWorklist(System.Nullable`1[System.DateTime], System.Nullable`1[System.Byte]) on controller CMS.API.Controllers.LaboratoryController (CMS.API).
2026-09-05 17:03:09.691 +03:00 [INF] Route matched with {action = "GetCriticals", controller = "Laboratory"}. Executing controller action with signature System.Threading.Tasks.Task`1[Microsoft.AspNetCore.Mvc.IActionResult] GetCriticals() on controller CMS.API.Controllers.LaboratoryController (CMS.API).
2026-09-05 17:03:09.775 +03:00 [INF] Executing OkObjectResult, writing value of type 'CMS.Shared.DTOs.ApiResponse`1[[System.Collections.Generic.List`1[[CMS.Shared.DTOs.LabTestCatalogDto, CMS.Shared, Version=1.0.0.0, Culture=neutral, PublicKeyToken=null]], System.Private.CoreLib, Version=8.0.0.0, Culture=neutral, PublicKeyToken=7cec85d7bea7798e]]'.
2026-09-05 17:03:09.790 +03:00 [INF] Executed action CMS.API.Controllers.LaboratoryController.GetCatalog (CMS.API) in 93.3106ms
2026-09-05 17:03:09.799 +03:00 [INF] Request starting HTTP/1.1 GET http://localhost:5010/api/v1/laboratory/catalog - application/json null
2026-09-05 17:03:09.866 +03:00 [INF] Executing endpoint 'CMS.API.Controllers.LaboratoryController.GetCatalog (CMS.API)'
2026-09-05 17:03:09.843 +03:00 [INF] Executing OkObjectResult, writing value of type 'CMS.Shared.DTOs.ApiResponse`1[[System.Object, System.Private.CoreLib, Version=8.0.0.0, Culture=neutral, PublicKeyToken=7cec85d7bea7798e]]'.
2026-09-05 17:03:09.878 +03:00 [INF] Executed action CMS.API.Controllers.LaboratoryController.GetCriticals (CMS.API) in 105.8314ms
2026-09-05 17:03:09.811 +03:00 [INF] Executing OkObjectResult, writing value of type 'CMS.Shared.DTOs.ApiResponse`1[[System.Object, System.Private.CoreLib, Version=8.0.0.0, Culture=neutral, PublicKeyToken=7cec85d7bea7798e]]'.
2026-09-05 17:03:09.873 +03:00 [INF] Route matched with {action = "GetCatalog", controller = "Laboratory"}. Executing controller action with signature System.Threading.Tasks.Task`1[Microsoft.AspNetCore.Mvc.IActionResult] GetCatalog() on controller CMS.API.Controllers.LaboratoryController (CMS.API).
2026-09-05 17:03:09.860 +03:00 [INF] Executed endpoint 'CMS.API.Controllers.LaboratoryController.GetCatalog (CMS.API)'
2026-09-05 17:03:09.912 +03:00 [INF] Request finished HTTP/1.1 GET http://localhost:5010/api/v1/laboratory/catalog - 200 null application/json; charset=utf-8 418.3111ms
2026-09-05 17:03:09.894 +03:00 [INF] Executed endpoint 'CMS.API.Controllers.LaboratoryController.GetCriticals (CMS.API)'
2026-09-05 17:03:09.894 +03:00 [INF] Executed action CMS.API.Controllers.LaboratoryController.GetWorklist (CMS.API) in 181.9082ms
2026-09-05 17:03:09.923 +03:00 [INF] Executing OkObjectResult, writing value of type 'CMS.Shared.DTOs.ApiResponse`1[[System.Collections.Generic.List`1[[CMS.Shared.DTOs.LabTestCatalogDto, CMS.Shared, Version=1.0.0.0, Culture=neutral, PublicKeyToken=null]], System.Private.CoreLib, Version=8.0.0.0, Culture=neutral, PublicKeyToken=7cec85d7bea7798e]]'.
2026-09-05 17:03:10.040 +03:00 [INF] Executed action CMS.API.Controllers.LaboratoryController.GetCatalog (CMS.API) in 130.6581ms
2026-09-05 17:03:10.045 +03:00 [INF] Executed endpoint 'CMS.API.Controllers.LaboratoryController.GetCatalog (CMS.API)'
2026-09-05 17:03:10.031 +03:00 [INF] Request finished HTTP/1.1 GET http://localhost:5010/api/v1/laboratory/criticals - 200 null application/json; charset=utf-8 536.4928ms
2026-09-05 17:03:10.037 +03:00 [INF] Executed endpoint 'CMS.API.Controllers.LaboratoryController.GetWorklist (CMS.API)'
2026-09-05 17:03:10.142 +03:00 [INF] Request finished HTTP/1.1 GET http://localhost:5010/api/v1/laboratory/catalog - 200 null application/json; charset=utf-8 343.283ms
2026-09-05 17:03:10.157 +03:00 [INF] Request finished HTTP/1.1 GET http://localhost:5010/api/v1/laboratory/worklist?date=2026-09-05 - 200 null application/json; charset=utf-8 663.4333ms
2026-09-05 17:03:10.200 +03:00 [INF] Request starting HTTP/1.1 GET http://localhost:5010/api/v1/laboratory/criticals - application/json null
2026-09-05 17:03:10.263 +03:00 [INF] Executing endpoint 'CMS.API.Controllers.LaboratoryController.GetCriticals (CMS.API)'
2026-09-05 17:03:10.229 +03:00 [INF] Request starting HTTP/1.1 GET http://localhost:5010/api/v1/laboratory/worklist?date=2026-09-05 - application/json null
2026-09-05 17:03:10.321 +03:00 [INF] Route matched with {action = "GetCriticals", controller = "Laboratory"}. Executing controller action with signature System.Threading.Tasks.Task`1[Microsoft.AspNetCore.Mvc.IActionResult] GetCriticals() on controller CMS.API.Controllers.LaboratoryController (CMS.API).
2026-09-05 17:03:10.327 +03:00 [INF] Executing endpoint 'CMS.API.Controllers.LaboratoryController.GetWorklist (CMS.API)'
2026-09-05 17:03:10.333 +03:00 [INF] Executing OkObjectResult, writing value of type 'CMS.Shared.DTOs.ApiResponse`1[[System.Object, System.Private.CoreLib, Version=8.0.0.0, Culture=neutral, PublicKeyToken=7cec85d7bea7798e]]'.
2026-09-05 17:03:10.412 +03:00 [INF] Route matched with {action = "GetWorklist", controller = "Laboratory"}. Executing controller action with signature System.Threading.Tasks.Task`1[Microsoft.AspNetCore.Mvc.IActionResult] GetWorklist(System.Nullable`1[System.DateTime], System.Nullable`1[System.Byte]) on controller CMS.API.Controllers.LaboratoryController (CMS.API).
2026-09-05 17:03:10.428 +03:00 [INF] Executed action CMS.API.Controllers.LaboratoryController.GetCriticals (CMS.API) in 96.2065ms
2026-09-05 17:03:10.447 +03:00 [INF] Executing OkObjectResult, writing value of type 'CMS.Shared.DTOs.ApiResponse`1[[System.Object, System.Private.CoreLib, Version=8.0.0.0, Culture=neutral, PublicKeyToken=7cec85d7bea7798e]]'.
2026-09-05 17:03:10.449 +03:00 [INF] Executed endpoint 'CMS.API.Controllers.LaboratoryController.GetCriticals (CMS.API)'
2026-09-05 17:03:10.464 +03:00 [INF] Request finished HTTP/1.1 GET http://localhost:5010/api/v1/laboratory/criticals - 200 null application/json; charset=utf-8 263.7925ms
2026-09-05 17:03:10.456 +03:00 [INF] Executed action CMS.API.Controllers.LaboratoryController.GetWorklist (CMS.API) in 10.8875ms
2026-09-05 17:03:10.731 +03:00 [INF] Executed endpoint 'CMS.API.Controllers.LaboratoryController.GetWorklist (CMS.API)'
2026-09-05 17:03:10.733 +03:00 [INF] Request finished HTTP/1.1 GET http://localhost:5010/api/v1/laboratory/worklist?date=2026-09-05 - 200 null application/json; charset=utf-8 504.1358ms
2026-09-05 17:03:16.045 +03:00 [INF] Request starting HTTP/1.1 GET http://localhost:5010/api/v1/laboratory/worklist?date=2026-09-04 - application/json null
2026-09-05 17:03:16.045 +03:00 [INF] Request starting HTTP/1.1 GET http://localhost:5010/api/v1/laboratory/catalog - application/json null
2026-09-05 17:03:16.056 +03:00 [INF] Executing endpoint 'CMS.API.Controllers.LaboratoryController.GetWorklist (CMS.API)'
2026-09-05 17:03:16.060 +03:00 [INF] Executing endpoint 'CMS.API.Controllers.LaboratoryController.GetCatalog (CMS.API)'
2026-09-05 17:03:16.062 +03:00 [INF] Route matched with {action = "GetWorklist", controller = "Laboratory"}. Executing controller action with signature System.Threading.Tasks.Task`1[Microsoft.AspNetCore.Mvc.IActionResult] GetWorklist(System.Nullable`1[System.DateTime], System.Nullable`1[System.Byte]) on controller CMS.API.Controllers.LaboratoryController (CMS.API).
2026-09-05 17:03:16.064 +03:00 [INF] Route matched with {action = "GetCatalog", controller = "Laboratory"}. Executing controller action with signature System.Threading.Tasks.Task`1[Microsoft.AspNetCore.Mvc.IActionResult] GetCatalog() on controller CMS.API.Controllers.LaboratoryController (CMS.API).
2026-09-05 17:03:16.073 +03:00 [INF] Request starting HTTP/1.1 GET http://localhost:5010/api/v1/laboratory/criticals - application/json null
2026-09-05 17:03:16.076 +03:00 [INF] Executing OkObjectResult, writing value of type 'CMS.Shared.DTOs.ApiResponse`1[[System.Object, System.Private.CoreLib, Version=8.0.0.0, Culture=neutral, PublicKeyToken=7cec85d7bea7798e]]'.
2026-09-05 17:03:16.080 +03:00 [INF] Executing OkObjectResult, writing value of type 'CMS.Shared.DTOs.ApiResponse`1[[System.Collections.Generic.List`1[[CMS.Shared.DTOs.LabTestCatalogDto, CMS.Shared, Version=1.0.0.0, Culture=neutral, PublicKeyToken=null]], System.Private.CoreLib, Version=8.0.0.0, Culture=neutral, PublicKeyToken=7cec85d7bea7798e]]'.
2026-09-05 17:03:16.093 +03:00 [INF] Executed action CMS.API.Controllers.LaboratoryController.GetCatalog (CMS.API) in 14.4875ms
2026-09-05 17:03:16.089 +03:00 [INF] Executed action CMS.API.Controllers.LaboratoryController.GetWorklist (CMS.API) in 15.1039ms
2026-09-05 17:03:16.085 +03:00 [INF] Executing endpoint 'CMS.API.Controllers.LaboratoryController.GetCriticals (CMS.API)'
2026-09-05 17:03:16.100 +03:00 [INF] Executed endpoint 'CMS.API.Controllers.LaboratoryController.GetCatalog (CMS.API)'
2026-09-05 17:03:16.110 +03:00 [INF] Executed endpoint 'CMS.API.Controllers.LaboratoryController.GetWorklist (CMS.API)'
2026-09-05 17:03:16.113 +03:00 [INF] Route matched with {action = "GetCriticals", controller = "Laboratory"}. Executing controller action with signature System.Threading.Tasks.Task`1[Microsoft.AspNetCore.Mvc.IActionResult] GetCriticals() on controller CMS.API.Controllers.LaboratoryController (CMS.API).
2026-09-05 17:03:16.123 +03:00 [INF] Request finished HTTP/1.1 GET http://localhost:5010/api/v1/laboratory/catalog - 200 null application/json; charset=utf-8 77.7356ms
2026-09-05 17:03:16.154 +03:00 [INF] Request finished HTTP/1.1 GET http://localhost:5010/api/v1/laboratory/worklist?date=2026-09-04 - 200 null application/json; charset=utf-8 109.5625ms
2026-09-05 17:03:16.179 +03:00 [INF] Executing OkObjectResult, writing value of type 'CMS.Shared.DTOs.ApiResponse`1[[System.Object, System.Private.CoreLib, Version=8.0.0.0, Culture=neutral, PublicKeyToken=7cec85d7bea7798e]]'.
2026-09-05 17:03:16.196 +03:00 [INF] Executed action CMS.API.Controllers.LaboratoryController.GetCriticals (CMS.API) in 30.1754ms
2026-09-05 17:03:16.204 +03:00 [INF] Executed endpoint 'CMS.API.Controllers.LaboratoryController.GetCriticals (CMS.API)'
2026-09-05 17:03:16.209 +03:00 [INF] Request finished HTTP/1.1 GET http://localhost:5010/api/v1/laboratory/criticals - 200 null application/json; charset=utf-8 135.5752ms
2026-09-05 17:03:16.515 +03:00 [INF] Request starting HTTP/1.1 GET http://localhost:5010/api/v1/laboratory/catalog - application/json null
2026-09-05 17:03:16.653 +03:00 [INF] Executing endpoint 'CMS.API.Controllers.LaboratoryController.GetCatalog (CMS.API)'
2026-09-05 17:03:16.656 +03:00 [INF] Route matched with {action = "GetCatalog", controller = "Laboratory"}. Executing controller action with signature System.Threading.Tasks.Task`1[Microsoft.AspNetCore.Mvc.IActionResult] GetCatalog() on controller CMS.API.Controllers.LaboratoryController (CMS.API).
2026-09-05 17:03:16.660 +03:00 [INF] Executing OkObjectResult, writing value of type 'CMS.Shared.DTOs.ApiResponse`1[[System.Collections.Generic.List`1[[CMS.Shared.DTOs.LabTestCatalogDto, CMS.Shared, Version=1.0.0.0, Culture=neutral, PublicKeyToken=null]], System.Private.CoreLib, Version=8.0.0.0, Culture=neutral, PublicKeyToken=7cec85d7bea7798e]]'.
2026-09-05 17:03:16.662 +03:00 [INF] Executed action CMS.API.Controllers.LaboratoryController.GetCatalog (CMS.API) in 3.5209ms
2026-09-05 17:03:16.671 +03:00 [INF] Executed endpoint 'CMS.API.Controllers.LaboratoryController.GetCatalog (CMS.API)'
2026-09-05 17:03:16.673 +03:00 [INF] Request finished HTTP/1.1 GET http://localhost:5010/api/v1/laboratory/catalog - 200 null application/json; charset=utf-8 157.3817ms
2026-09-05 17:03:16.808 +03:00 [INF] Request starting HTTP/1.1 GET http://localhost:5010/api/v1/laboratory/worklist - application/json null
2026-09-05 17:03:16.809 +03:00 [INF] Request starting HTTP/1.1 GET http://localhost:5010/api/v1/laboratory/criticals - application/json null
2026-09-05 17:03:16.813 +03:00 [INF] Executing endpoint 'CMS.API.Controllers.LaboratoryController.GetWorklist (CMS.API)'
2026-09-05 17:03:16.816 +03:00 [INF] Executing endpoint 'CMS.API.Controllers.LaboratoryController.GetCriticals (CMS.API)'
2026-09-05 17:03:16.820 +03:00 [INF] Route matched with {action = "GetWorklist", controller = "Laboratory"}. Executing controller action with signature System.Threading.Tasks.Task`1[Microsoft.AspNetCore.Mvc.IActionResult] GetWorklist(System.Nullable`1[System.DateTime], System.Nullable`1[System.Byte]) on controller CMS.API.Controllers.LaboratoryController (CMS.API).
2026-09-05 17:03:16.822 +03:00 [INF] Route matched with {action = "GetCriticals", controller = "Laboratory"}. Executing controller action with signature System.Threading.Tasks.Task`1[Microsoft.AspNetCore.Mvc.IActionResult] GetCriticals() on controller CMS.API.Controllers.LaboratoryController (CMS.API).
2026-09-05 17:03:16.828 +03:00 [INF] Executing OkObjectResult, writing value of type 'CMS.Shared.DTOs.ApiResponse`1[[System.Object, System.Private.CoreLib, Version=8.0.0.0, Culture=neutral, PublicKeyToken=7cec85d7bea7798e]]'.
2026-09-05 17:03:16.830 +03:00 [INF] Executed action CMS.API.Controllers.LaboratoryController.GetCriticals (CMS.API) in 4.1052ms
2026-09-05 17:03:16.835 +03:00 [INF] Executed endpoint 'CMS.API.Controllers.LaboratoryController.GetCriticals (CMS.API)'
2026-09-05 17:03:16.838 +03:00 [INF] Request finished HTTP/1.1 GET http://localhost:5010/api/v1/laboratory/criticals - 200 null application/json; charset=utf-8 29.0127ms
2026-09-05 17:03:16.851 +03:00 [INF] Executing OkObjectResult, writing value of type 'CMS.Shared.DTOs.ApiResponse`1[[System.Object, System.Private.CoreLib, Version=8.0.0.0, Culture=neutral, PublicKeyToken=7cec85d7bea7798e]]'.
2026-09-05 17:03:16.853 +03:00 [INF] Executed action CMS.API.Controllers.LaboratoryController.GetWorklist (CMS.API) in 29.9304ms
2026-09-05 17:03:16.855 +03:00 [INF] Executed endpoint 'CMS.API.Controllers.LaboratoryController.GetWorklist (CMS.API)'
2026-09-05 17:03:16.857 +03:00 [INF] Request finished HTTP/1.1 GET http://localhost:5010/api/v1/laboratory/worklist - 200 null application/json; charset=utf-8 49.0534ms
2026-09-05 17:03:19.241 +03:00 [INF] Request starting HTTP/1.1 GET http://localhost:5010/api/v1/laboratory/worklist?date=2026-09-04 - application/json null
2026-09-05 17:03:19.241 +03:00 [INF] Request starting HTTP/1.1 GET http://localhost:5010/api/v1/laboratory/catalog - application/json null
2026-09-05 17:03:19.242 +03:00 [INF] Request starting HTTP/1.1 GET http://localhost:5010/api/v1/laboratory/criticals - application/json null
2026-09-05 17:03:19.248 +03:00 [INF] Executing endpoint 'CMS.API.Controllers.LaboratoryController.GetWorklist (CMS.API)'
2026-09-05 17:03:19.256 +03:00 [INF] Executing endpoint 'CMS.API.Controllers.LaboratoryController.GetCatalog (CMS.API)'
2026-09-05 17:03:19.260 +03:00 [INF] Executing endpoint 'CMS.API.Controllers.LaboratoryController.GetCriticals (CMS.API)'
2026-09-05 17:03:19.262 +03:00 [INF] Route matched with {action = "GetWorklist", controller = "Laboratory"}. Executing controller action with signature System.Threading.Tasks.Task`1[Microsoft.AspNetCore.Mvc.IActionResult] GetWorklist(System.Nullable`1[System.DateTime], System.Nullable`1[System.Byte]) on controller CMS.API.Controllers.LaboratoryController (CMS.API).
2026-09-05 17:03:19.264 +03:00 [INF] Route matched with {action = "GetCatalog", controller = "Laboratory"}. Executing controller action with signature System.Threading.Tasks.Task`1[Microsoft.AspNetCore.Mvc.IActionResult] GetCatalog() on controller CMS.API.Controllers.LaboratoryController (CMS.API).
2026-09-05 17:03:19.266 +03:00 [INF] Route matched with {action = "GetCriticals", controller = "Laboratory"}. Executing controller action with signature System.Threading.Tasks.Task`1[Microsoft.AspNetCore.Mvc.IActionResult] GetCriticals() on controller CMS.API.Controllers.LaboratoryController (CMS.API).
2026-09-05 17:03:19.272 +03:00 [INF] Executing OkObjectResult, writing value of type 'CMS.Shared.DTOs.ApiResponse`1[[System.Object, System.Private.CoreLib, Version=8.0.0.0, Culture=neutral, PublicKeyToken=7cec85d7bea7798e]]'.
2026-09-05 17:03:19.274 +03:00 [INF] Executing OkObjectResult, writing value of type 'CMS.Shared.DTOs.ApiResponse`1[[System.Collections.Generic.List`1[[CMS.Shared.DTOs.LabTestCatalogDto, CMS.Shared, Version=1.0.0.0, Culture=neutral, PublicKeyToken=null]], System.Private.CoreLib, Version=8.0.0.0, Culture=neutral, PublicKeyToken=7cec85d7bea7798e]]'.
2026-09-05 17:03:19.277 +03:00 [INF] Executing OkObjectResult, writing value of type 'CMS.Shared.DTOs.ApiResponse`1[[System.Object, System.Private.CoreLib, Version=8.0.0.0, Culture=neutral, PublicKeyToken=7cec85d7bea7798e]]'.
2026-09-05 17:03:19.279 +03:00 [INF] Executed action CMS.API.Controllers.LaboratoryController.GetWorklist (CMS.API) in 9.7536ms
2026-09-05 17:03:19.281 +03:00 [INF] Executed action CMS.API.Controllers.LaboratoryController.GetCatalog (CMS.API) in 7.9972ms
2026-09-05 17:03:19.286 +03:00 [INF] Executed action CMS.API.Controllers.LaboratoryController.GetCriticals (CMS.API) in 9.951ms
2026-09-05 17:03:19.288 +03:00 [INF] Executed endpoint 'CMS.API.Controllers.LaboratoryController.GetWorklist (CMS.API)'
2026-09-05 17:03:19.291 +03:00 [INF] Executed endpoint 'CMS.API.Controllers.LaboratoryController.GetCatalog (CMS.API)'
2026-09-05 17:03:19.294 +03:00 [INF] Executed endpoint 'CMS.API.Controllers.LaboratoryController.GetCriticals (CMS.API)'
2026-09-05 17:03:19.296 +03:00 [INF] Request finished HTTP/1.1 GET http://localhost:5010/api/v1/laboratory/worklist?date=2026-09-04 - 200 null application/json; charset=utf-8 54.4728ms
2026-09-05 17:03:19.299 +03:00 [INF] Request finished HTTP/1.1 GET http://localhost:5010/api/v1/laboratory/catalog - 200 null application/json; charset=utf-8 58.1027ms
2026-09-05 17:03:19.304 +03:00 [INF] Request finished HTTP/1.1 GET http://localhost:5010/api/v1/laboratory/criticals - 200 null application/json; charset=utf-8 62.5064ms
2026-09-05 17:03:19.676 +03:00 [INF] Request starting HTTP/1.1 GET http://localhost:5010/api/v1/laboratory/catalog - application/json null
2026-09-05 17:03:19.688 +03:00 [INF] Executing endpoint 'CMS.API.Controllers.LaboratoryController.GetCatalog (CMS.API)'
2026-09-05 17:03:19.691 +03:00 [INF] Route matched with {action = "GetCatalog", controller = "Laboratory"}. Executing controller action with signature System.Threading.Tasks.Task`1[Microsoft.AspNetCore.Mvc.IActionResult] GetCatalog() on controller CMS.API.Controllers.LaboratoryController (CMS.API).
2026-09-05 17:03:19.696 +03:00 [INF] Executing OkObjectResult, writing value of type 'CMS.Shared.DTOs.ApiResponse`1[[System.Collections.Generic.List`1[[CMS.Shared.DTOs.LabTestCatalogDto, CMS.Shared, Version=1.0.0.0, Culture=neutral, PublicKeyToken=null]], System.Private.CoreLib, Version=8.0.0.0, Culture=neutral, PublicKeyToken=7cec85d7bea7798e]]'.
2026-09-05 17:03:19.699 +03:00 [INF] Executed action CMS.API.Controllers.LaboratoryController.GetCatalog (CMS.API) in 4.64ms
2026-09-05 17:03:19.708 +03:00 [INF] Executed endpoint 'CMS.API.Controllers.LaboratoryController.GetCatalog (CMS.API)'
2026-09-05 17:03:19.710 +03:00 [INF] Request finished HTTP/1.1 GET http://localhost:5010/api/v1/laboratory/catalog - 200 null application/json; charset=utf-8 34.3825ms
2026-09-05 17:03:19.877 +03:00 [INF] Request starting HTTP/1.1 GET http://localhost:5010/api/v1/laboratory/worklist?date=2026-09-05 - application/json null
2026-09-05 17:03:19.879 +03:00 [INF] Request starting HTTP/1.1 GET http://localhost:5010/api/v1/laboratory/criticals - application/json null
2026-09-05 17:03:19.889 +03:00 [INF] Executing endpoint 'CMS.API.Controllers.LaboratoryController.GetWorklist (CMS.API)'
2026-09-05 17:03:19.894 +03:00 [INF] Executing endpoint 'CMS.API.Controllers.LaboratoryController.GetCriticals (CMS.API)'
2026-09-05 17:03:19.898 +03:00 [INF] Route matched with {action = "GetCriticals", controller = "Laboratory"}. Executing controller action with signature System.Threading.Tasks.Task`1[Microsoft.AspNetCore.Mvc.IActionResult] GetCriticals() on controller CMS.API.Controllers.LaboratoryController (CMS.API).
2026-09-05 17:03:19.896 +03:00 [INF] Route matched with {action = "GetWorklist", controller = "Laboratory"}. Executing controller action with signature System.Threading.Tasks.Task`1[Microsoft.AspNetCore.Mvc.IActionResult] GetWorklist(System.Nullable`1[System.DateTime], System.Nullable`1[System.Byte]) on controller CMS.API.Controllers.LaboratoryController (CMS.API).
2026-09-05 17:03:19.906 +03:00 [INF] Executing OkObjectResult, writing value of type 'CMS.Shared.DTOs.ApiResponse`1[[System.Object, System.Private.CoreLib, Version=8.0.0.0, Culture=neutral, PublicKeyToken=7cec85d7bea7798e]]'.
2026-09-05 17:03:19.911 +03:00 [INF] Executed action CMS.API.Controllers.LaboratoryController.GetCriticals (CMS.API) in 6.3994ms
2026-09-05 17:03:19.915 +03:00 [INF] Executed endpoint 'CMS.API.Controllers.LaboratoryController.GetCriticals (CMS.API)'
2026-09-05 17:03:19.918 +03:00 [INF] Executing OkObjectResult, writing value of type 'CMS.Shared.DTOs.ApiResponse`1[[System.Object, System.Private.CoreLib, Version=8.0.0.0, Culture=neutral, PublicKeyToken=7cec85d7bea7798e]]'.
2026-09-05 17:03:20.010 +03:00 [INF] Executed action CMS.API.Controllers.LaboratoryController.GetWorklist (CMS.API) in 101.8491ms
2026-09-05 17:03:20.015 +03:00 [INF] Executed endpoint 'CMS.API.Controllers.LaboratoryController.GetWorklist (CMS.API)'
2026-09-05 17:03:20.005 +03:00 [INF] Request finished HTTP/1.1 GET http://localhost:5010/api/v1/laboratory/criticals - 200 null application/json; charset=utf-8 125.8833ms
2026-09-05 17:03:20.019 +03:00 [INF] Request finished HTTP/1.1 GET http://localhost:5010/api/v1/laboratory/worklist?date=2026-09-05 - 200 null application/json; charset=utf-8 142.0645ms
2026-09-05 17:03:21.202 +03:00 [INF] Request starting HTTP/1.1 GET http://localhost:5010/api/v1/laboratory/catalog - application/json null
2026-09-05 17:03:21.223 +03:00 [INF] Request starting HTTP/1.1 GET http://localhost:5010/api/v1/laboratory/worklist?date=2026-09-04 - application/json null
2026-09-05 17:03:21.223 +03:00 [INF] Request starting HTTP/1.1 GET http://localhost:5010/api/v1/laboratory/criticals - application/json null
2026-09-05 17:03:21.227 +03:00 [INF] Executing endpoint 'CMS.API.Controllers.LaboratoryController.GetCatalog (CMS.API)'
2026-09-05 17:03:21.231 +03:00 [INF] Executing endpoint 'CMS.API.Controllers.LaboratoryController.GetWorklist (CMS.API)'
2026-09-05 17:03:21.238 +03:00 [INF] Executing endpoint 'CMS.API.Controllers.LaboratoryController.GetCriticals (CMS.API)'
2026-09-05 17:03:21.240 +03:00 [INF] Route matched with {action = "GetCatalog", controller = "Laboratory"}. Executing controller action with signature System.Threading.Tasks.Task`1[Microsoft.AspNetCore.Mvc.IActionResult] GetCatalog() on controller CMS.API.Controllers.LaboratoryController (CMS.API).
2026-09-05 17:03:21.242 +03:00 [INF] Route matched with {action = "GetWorklist", controller = "Laboratory"}. Executing controller action with signature System.Threading.Tasks.Task`1[Microsoft.AspNetCore.Mvc.IActionResult] GetWorklist(System.Nullable`1[System.DateTime], System.Nullable`1[System.Byte]) on controller CMS.API.Controllers.LaboratoryController (CMS.API).
2026-09-05 17:03:21.243 +03:00 [INF] Route matched with {action = "GetCriticals", controller = "Laboratory"}. Executing controller action with signature System.Threading.Tasks.Task`1[Microsoft.AspNetCore.Mvc.IActionResult] GetCriticals() on controller CMS.API.Controllers.LaboratoryController (CMS.API).
2026-09-05 17:03:21.248 +03:00 [INF] Executing OkObjectResult, writing value of type 'CMS.Shared.DTOs.ApiResponse`1[[System.Collections.Generic.List`1[[CMS.Shared.DTOs.LabTestCatalogDto, CMS.Shared, Version=1.0.0.0, Culture=neutral, PublicKeyToken=null]], System.Private.CoreLib, Version=8.0.0.0, Culture=neutral, PublicKeyToken=7cec85d7bea7798e]]'.
2026-09-05 17:03:21.253 +03:00 [INF] Executing OkObjectResult, writing value of type 'CMS.Shared.DTOs.ApiResponse`1[[System.Object, System.Private.CoreLib, Version=8.0.0.0, Culture=neutral, PublicKeyToken=7cec85d7bea7798e]]'.
2026-09-05 17:03:21.256 +03:00 [INF] Executing OkObjectResult, writing value of type 'CMS.Shared.DTOs.ApiResponse`1[[System.Object, System.Private.CoreLib, Version=8.0.0.0, Culture=neutral, PublicKeyToken=7cec85d7bea7798e]]'.
2026-09-05 17:03:21.258 +03:00 [INF] Executed action CMS.API.Controllers.LaboratoryController.GetCatalog (CMS.API) in 11.7134ms
2026-09-05 17:03:21.260 +03:00 [INF] Executed action CMS.API.Controllers.LaboratoryController.GetWorklist (CMS.API) in 10.7093ms
2026-09-05 17:03:21.263 +03:00 [INF] Executed action CMS.API.Controllers.LaboratoryController.GetCriticals (CMS.API) in 8.2894ms
2026-09-05 17:03:21.266 +03:00 [INF] Executed endpoint 'CMS.API.Controllers.LaboratoryController.GetCatalog (CMS.API)'
2026-09-05 17:03:21.268 +03:00 [INF] Executed endpoint 'CMS.API.Controllers.LaboratoryController.GetWorklist (CMS.API)'
2026-09-05 17:03:21.271 +03:00 [INF] Executed endpoint 'CMS.API.Controllers.LaboratoryController.GetCriticals (CMS.API)'
2026-09-05 17:03:21.273 +03:00 [INF] Request finished HTTP/1.1 GET http://localhost:5010/api/v1/laboratory/catalog - 200 null application/json; charset=utf-8 70.7255ms
2026-09-05 17:03:21.276 +03:00 [INF] Request finished HTTP/1.1 GET http://localhost:5010/api/v1/laboratory/worklist?date=2026-09-04 - 200 null application/json; charset=utf-8 52.2586ms
2026-09-05 17:03:21.278 +03:00 [INF] Request finished HTTP/1.1 GET http://localhost:5010/api/v1/laboratory/criticals - 200 null application/json; charset=utf-8 54.4486ms
2026-09-05 17:03:24.193 +03:00 [INF] Request starting HTTP/1.1 GET http://localhost:5010/api/v1/laboratory/catalog - application/json null
2026-09-05 17:03:24.511 +03:00 [INF] Request starting HTTP/1.1 GET http://localhost:5010/api/v1/laboratory/worklist - application/json null
2026-09-05 17:03:24.513 +03:00 [INF] Executing endpoint 'CMS.API.Controllers.LaboratoryController.GetCatalog (CMS.API)'
2026-09-05 17:03:24.672 +03:00 [INF] Route matched with {action = "GetCatalog", controller = "Laboratory"}. Executing controller action with signature System.Threading.Tasks.Task`1[Microsoft.AspNetCore.Mvc.IActionResult] GetCatalog() on controller CMS.API.Controllers.LaboratoryController (CMS.API).
2026-09-05 17:03:24.661 +03:00 [INF] Executing endpoint 'CMS.API.Controllers.LaboratoryController.GetWorklist (CMS.API)'
2026-09-05 17:03:24.700 +03:00 [INF] Route matched with {action = "GetWorklist", controller = "Laboratory"}. Executing controller action with signature System.Threading.Tasks.Task`1[Microsoft.AspNetCore.Mvc.IActionResult] GetWorklist(System.Nullable`1[System.DateTime], System.Nullable`1[System.Byte]) on controller CMS.API.Controllers.LaboratoryController (CMS.API).
2026-09-05 17:03:24.513 +03:00 [INF] Request starting HTTP/1.1 GET http://localhost:5010/api/v1/laboratory/criticals - application/json null
2026-09-05 17:03:24.744 +03:00 [INF] Executing endpoint 'CMS.API.Controllers.LaboratoryController.GetCriticals (CMS.API)'
2026-09-05 17:03:24.776 +03:00 [INF] Route matched with {action = "GetCriticals", controller = "Laboratory"}. Executing controller action with signature System.Threading.Tasks.Task`1[Microsoft.AspNetCore.Mvc.IActionResult] GetCriticals() on controller CMS.API.Controllers.LaboratoryController (CMS.API).
2026-09-05 17:03:24.764 +03:00 [INF] Request starting HTTP/1.1 GET http://localhost:5010/api/v1/laboratory/worklist?date=2026-09-05 - application/json null
2026-09-05 17:03:24.808 +03:00 [INF] Executing endpoint 'CMS.API.Controllers.LaboratoryController.GetWorklist (CMS.API)'
2026-09-05 17:03:24.823 +03:00 [INF] Route matched with {action = "GetWorklist", controller = "Laboratory"}. Executing controller action with signature System.Threading.Tasks.Task`1[Microsoft.AspNetCore.Mvc.IActionResult] GetWorklist(System.Nullable`1[System.DateTime], System.Nullable`1[System.Byte]) on controller CMS.API.Controllers.LaboratoryController (CMS.API).
2026-09-05 17:03:24.824 +03:00 [INF] Executing OkObjectResult, writing value of type 'CMS.Shared.DTOs.ApiResponse`1[[System.Collections.Generic.List`1[[CMS.Shared.DTOs.LabTestCatalogDto, CMS.Shared, Version=1.0.0.0, Culture=neutral, PublicKeyToken=null]], System.Private.CoreLib, Version=8.0.0.0, Culture=neutral, PublicKeyToken=7cec85d7bea7798e]]'.
2026-09-05 17:03:24.876 +03:00 [INF] Executing OkObjectResult, writing value of type 'CMS.Shared.DTOs.ApiResponse`1[[System.Object, System.Private.CoreLib, Version=8.0.0.0, Culture=neutral, PublicKeyToken=7cec85d7bea7798e]]'.
2026-09-05 17:03:24.978 +03:00 [INF] Executing OkObjectResult, writing value of type 'CMS.Shared.DTOs.ApiResponse`1[[System.Object, System.Private.CoreLib, Version=8.0.0.0, Culture=neutral, PublicKeyToken=7cec85d7bea7798e]]'.
2026-09-05 17:03:25.054 +03:00 [INF] Executed action CMS.API.Controllers.LaboratoryController.GetCatalog (CMS.API) in 356.2237ms
2026-09-05 17:03:25.069 +03:00 [INF] Executed action CMS.API.Controllers.LaboratoryController.GetWorklist (CMS.API) in 348.0545ms
2026-09-05 17:03:25.079 +03:00 [INF] Executed action CMS.API.Controllers.LaboratoryController.GetCriticals (CMS.API) in 290.4765ms
2026-09-05 17:03:25.089 +03:00 [INF] Executed endpoint 'CMS.API.Controllers.LaboratoryController.GetCatalog (CMS.API)'
2026-09-05 17:03:25.097 +03:00 [INF] Executed endpoint 'CMS.API.Controllers.LaboratoryController.GetWorklist (CMS.API)'
2026-09-05 17:03:25.114 +03:00 [INF] Executed endpoint 'CMS.API.Controllers.LaboratoryController.GetCriticals (CMS.API)'
2026-09-05 17:03:25.156 +03:00 [INF] Request finished HTTP/1.1 GET http://localhost:5010/api/v1/laboratory/catalog - 200 null application/json; charset=utf-8 963.2488ms
2026-09-05 17:03:25.176 +03:00 [INF] Executing OkObjectResult, writing value of type 'CMS.Shared.DTOs.ApiResponse`1[[System.Object, System.Private.CoreLib, Version=8.0.0.0, Culture=neutral, PublicKeyToken=7cec85d7bea7798e]]'.
2026-09-05 17:03:25.178 +03:00 [INF] Request finished HTTP/1.1 GET http://localhost:5010/api/v1/laboratory/worklist - 200 null application/json; charset=utf-8 667.5835ms
2026-09-05 17:03:25.187 +03:00 [INF] Request finished HTTP/1.1 GET http://localhost:5010/api/v1/laboratory/criticals - 200 null application/json; charset=utf-8 674.442ms
2026-09-05 17:03:25.214 +03:00 [INF] Executed action CMS.API.Controllers.LaboratoryController.GetWorklist (CMS.API) in 229.7941ms
2026-09-05 17:03:25.260 +03:00 [INF] Executed endpoint 'CMS.API.Controllers.LaboratoryController.GetWorklist (CMS.API)'
2026-09-05 17:03:25.266 +03:00 [INF] Request finished HTTP/1.1 GET http://localhost:5010/api/v1/laboratory/worklist?date=2026-09-05 - 200 null application/json; charset=utf-8 501.6083ms
2026-09-05 17:03:25.374 +03:00 [INF] Request starting HTTP/1.1 GET http://localhost:5010/api/v1/laboratory/catalog - application/json null
2026-09-05 17:03:25.403 +03:00 [INF] Request starting HTTP/1.1 GET http://localhost:5010/api/v1/laboratory/criticals - application/json null
2026-09-05 17:03:25.463 +03:00 [INF] Executing endpoint 'CMS.API.Controllers.LaboratoryController.GetCatalog (CMS.API)'
2026-09-05 17:03:25.495 +03:00 [INF] Executing endpoint 'CMS.API.Controllers.LaboratoryController.GetCriticals (CMS.API)'
2026-09-05 17:03:25.501 +03:00 [INF] Route matched with {action = "GetCatalog", controller = "Laboratory"}. Executing controller action with signature System.Threading.Tasks.Task`1[Microsoft.AspNetCore.Mvc.IActionResult] GetCatalog() on controller CMS.API.Controllers.LaboratoryController (CMS.API).
2026-09-05 17:03:25.508 +03:00 [INF] Route matched with {action = "GetCriticals", controller = "Laboratory"}. Executing controller action with signature System.Threading.Tasks.Task`1[Microsoft.AspNetCore.Mvc.IActionResult] GetCriticals() on controller CMS.API.Controllers.LaboratoryController (CMS.API).
2026-09-05 17:03:27.548 +03:00 [INF] Request starting HTTP/1.1 GET http://localhost:5010/api/v1/laboratory/worklist - application/json null
2026-09-05 17:03:27.562 +03:00 [INF] Executing endpoint 'CMS.API.Controllers.LaboratoryController.GetWorklist (CMS.API)'
2026-09-05 17:03:27.570 +03:00 [INF] Route matched with {action = "GetWorklist", controller = "Laboratory"}. Executing controller action with signature System.Threading.Tasks.Task`1[Microsoft.AspNetCore.Mvc.IActionResult] GetWorklist(System.Nullable`1[System.DateTime], System.Nullable`1[System.Byte]) on controller CMS.API.Controllers.LaboratoryController (CMS.API).
2026-09-05 17:03:27.768 +03:00 [INF] Request starting HTTP/1.1 GET http://localhost:5010/api/v1/laboratory/worklist?date=2026-09-04 - application/json null
2026-09-05 17:03:27.816 +03:00 [INF] Executing endpoint 'CMS.API.Controllers.LaboratoryController.GetWorklist (CMS.API)'
2026-09-05 17:03:27.829 +03:00 [INF] Route matched with {action = "GetWorklist", controller = "Laboratory"}. Executing controller action with signature System.Threading.Tasks.Task`1[Microsoft.AspNetCore.Mvc.IActionResult] GetWorklist(System.Nullable`1[System.DateTime], System.Nullable`1[System.Byte]) on controller CMS.API.Controllers.LaboratoryController (CMS.API).
2026-09-05 17:03:28.470 +03:00 [INF] Executing OkObjectResult, writing value of type 'CMS.Shared.DTOs.ApiResponse`1[[System.Collections.Generic.List`1[[CMS.Shared.DTOs.LabTestCatalogDto, CMS.Shared, Version=1.0.0.0, Culture=neutral, PublicKeyToken=null]], System.Private.CoreLib, Version=8.0.0.0, Culture=neutral, PublicKeyToken=7cec85d7bea7798e]]'.
2026-09-05 17:03:28.495 +03:00 [INF] Executing OkObjectResult, writing value of type 'CMS.Shared.DTOs.ApiResponse`1[[System.Object, System.Private.CoreLib, Version=8.0.0.0, Culture=neutral, PublicKeyToken=7cec85d7bea7798e]]'.
2026-09-05 17:03:28.528 +03:00 [INF] Executed action CMS.API.Controllers.LaboratoryController.GetWorklist (CMS.API) in 936.1387ms
2026-09-05 17:03:28.498 +03:00 [INF] Executed action CMS.API.Controllers.LaboratoryController.GetCatalog (CMS.API) in 2971.3689ms
2026-09-05 17:03:28.496 +03:00 [INF] Executing OkObjectResult, writing value of type 'CMS.Shared.DTOs.ApiResponse`1[[System.Object, System.Private.CoreLib, Version=8.0.0.0, Culture=neutral, PublicKeyToken=7cec85d7bea7798e]]'.
2026-09-05 17:03:28.689 +03:00 [INF] Executing OkObjectResult, writing value of type 'CMS.Shared.DTOs.ApiResponse`1[[System.Object, System.Private.CoreLib, Version=8.0.0.0, Culture=neutral, PublicKeyToken=7cec85d7bea7798e]]'.
2026-09-05 17:03:28.695 +03:00 [INF] Executed endpoint 'CMS.API.Controllers.LaboratoryController.GetWorklist (CMS.API)'
2026-09-05 17:03:28.714 +03:00 [INF] Executed endpoint 'CMS.API.Controllers.LaboratoryController.GetCatalog (CMS.API)'
2026-09-05 17:03:28.754 +03:00 [INF] Executed action CMS.API.Controllers.LaboratoryController.GetCriticals (CMS.API) in 3209.9685ms
2026-09-05 17:03:28.772 +03:00 [INF] Executed action CMS.API.Controllers.LaboratoryController.GetWorklist (CMS.API) in 919.9203ms
2026-09-05 17:03:28.780 +03:00 [INF] Request finished HTTP/1.1 GET http://localhost:5010/api/v1/laboratory/worklist - 200 null application/json; charset=utf-8 1231.2369ms
2026-09-05 17:03:28.788 +03:00 [INF] Request finished HTTP/1.1 GET http://localhost:5010/api/v1/laboratory/catalog - 200 null application/json; charset=utf-8 3413.9535ms
2026-09-05 17:03:28.797 +03:00 [INF] Executed endpoint 'CMS.API.Controllers.LaboratoryController.GetCriticals (CMS.API)'
2026-09-05 17:03:28.806 +03:00 [INF] Executed endpoint 'CMS.API.Controllers.LaboratoryController.GetWorklist (CMS.API)'
2026-09-05 17:03:28.834 +03:00 [INF] Request starting HTTP/1.1 GET http://localhost:5010/api/v1/laboratory/catalog - application/json null
2026-09-05 17:03:28.841 +03:00 [INF] Request finished HTTP/1.1 GET http://localhost:5010/api/v1/laboratory/criticals - 200 null application/json; charset=utf-8 3437.7432ms
2026-09-05 17:03:28.848 +03:00 [INF] Request finished HTTP/1.1 GET http://localhost:5010/api/v1/laboratory/worklist?date=2026-09-04 - 200 null application/json; charset=utf-8 1079.1543ms
2026-09-05 17:03:28.858 +03:00 [INF] Executing endpoint 'CMS.API.Controllers.LaboratoryController.GetCatalog (CMS.API)'
2026-09-05 17:03:28.879 +03:00 [INF] Route matched with {action = "GetCatalog", controller = "Laboratory"}. Executing controller action with signature System.Threading.Tasks.Task`1[Microsoft.AspNetCore.Mvc.IActionResult] GetCatalog() on controller CMS.API.Controllers.LaboratoryController (CMS.API).
2026-09-05 17:03:28.889 +03:00 [INF] Executing OkObjectResult, writing value of type 'CMS.Shared.DTOs.ApiResponse`1[[System.Collections.Generic.List`1[[CMS.Shared.DTOs.LabTestCatalogDto, CMS.Shared, Version=1.0.0.0, Culture=neutral, PublicKeyToken=null]], System.Private.CoreLib, Version=8.0.0.0, Culture=neutral, PublicKeyToken=7cec85d7bea7798e]]'.
2026-09-05 17:03:28.895 +03:00 [INF] Executed action CMS.API.Controllers.LaboratoryController.GetCatalog (CMS.API) in 8.5686ms
2026-09-05 17:03:28.900 +03:00 [INF] Executed endpoint 'CMS.API.Controllers.LaboratoryController.GetCatalog (CMS.API)'
2026-09-05 17:03:28.904 +03:00 [INF] Request finished HTTP/1.1 GET http://localhost:5010/api/v1/laboratory/catalog - 200 null application/json; charset=utf-8 70.3628ms
2026-09-05 17:03:29.088 +03:00 [INF] Request starting HTTP/1.1 GET http://localhost:5010/api/v1/laboratory/criticals - application/json null
2026-09-05 17:03:29.120 +03:00 [INF] Executing endpoint 'CMS.API.Controllers.LaboratoryController.GetCriticals (CMS.API)'
2026-09-05 17:03:29.122 +03:00 [INF] Route matched with {action = "GetCriticals", controller = "Laboratory"}. Executing controller action with signature System.Threading.Tasks.Task`1[Microsoft.AspNetCore.Mvc.IActionResult] GetCriticals() on controller CMS.API.Controllers.LaboratoryController (CMS.API).
2026-09-05 17:03:29.127 +03:00 [INF] Executing OkObjectResult, writing value of type 'CMS.Shared.DTOs.ApiResponse`1[[System.Object, System.Private.CoreLib, Version=8.0.0.0, Culture=neutral, PublicKeyToken=7cec85d7bea7798e]]'.
2026-09-05 17:03:29.130 +03:00 [INF] Executed action CMS.API.Controllers.LaboratoryController.GetCriticals (CMS.API) in 3.7347ms
2026-09-05 17:03:29.133 +03:00 [INF] Executed endpoint 'CMS.API.Controllers.LaboratoryController.GetCriticals (CMS.API)'
2026-09-05 17:03:29.137 +03:00 [INF] Request finished HTTP/1.1 GET http://localhost:5010/api/v1/laboratory/criticals - 200 null application/json; charset=utf-8 49.5395ms
2026-09-05 17:03:29.206 +03:00 [INF] Request starting HTTP/1.1 GET http://localhost:5010/api/v1/laboratory/catalog - application/json null
2026-09-05 17:03:29.210 +03:00 [INF] Executing endpoint 'CMS.API.Controllers.LaboratoryController.GetCatalog (CMS.API)'
2026-09-05 17:03:29.212 +03:00 [INF] Route matched with {action = "GetCatalog", controller = "Laboratory"}. Executing controller action with signature System.Threading.Tasks.Task`1[Microsoft.AspNetCore.Mvc.IActionResult] GetCatalog() on controller CMS.API.Controllers.LaboratoryController (CMS.API).
2026-09-05 17:03:29.216 +03:00 [INF] Executing OkObjectResult, writing value of type 'CMS.Shared.DTOs.ApiResponse`1[[System.Collections.Generic.List`1[[CMS.Shared.DTOs.LabTestCatalogDto, CMS.Shared, Version=1.0.0.0, Culture=neutral, PublicKeyToken=null]], System.Private.CoreLib, Version=8.0.0.0, Culture=neutral, PublicKeyToken=7cec85d7bea7798e]]'.
2026-09-05 17:03:29.221 +03:00 [INF] Executed action CMS.API.Controllers.LaboratoryController.GetCatalog (CMS.API) in 5.7517ms
2026-09-05 17:03:29.224 +03:00 [INF] Executed endpoint 'CMS.API.Controllers.LaboratoryController.GetCatalog (CMS.API)'
2026-09-05 17:03:29.226 +03:00 [INF] Request finished HTTP/1.1 GET http://localhost:5010/api/v1/laboratory/catalog - 200 null application/json; charset=utf-8 20.4992ms
2026-09-05 17:03:29.442 +03:00 [INF] Request starting HTTP/1.1 GET http://localhost:5010/api/v1/laboratory/criticals - application/json null
2026-09-05 17:03:29.447 +03:00 [INF] Executing endpoint 'CMS.API.Controllers.LaboratoryController.GetCriticals (CMS.API)'
2026-09-05 17:03:29.449 +03:00 [INF] Route matched with {action = "GetCriticals", controller = "Laboratory"}. Executing controller action with signature System.Threading.Tasks.Task`1[Microsoft.AspNetCore.Mvc.IActionResult] GetCriticals() on controller CMS.API.Controllers.LaboratoryController (CMS.API).
2026-09-05 17:03:29.456 +03:00 [INF] Executing OkObjectResult, writing value of type 'CMS.Shared.DTOs.ApiResponse`1[[System.Object, System.Private.CoreLib, Version=8.0.0.0, Culture=neutral, PublicKeyToken=7cec85d7bea7798e]]'.
2026-09-05 17:03:29.459 +03:00 [INF] Executed action CMS.API.Controllers.LaboratoryController.GetCriticals (CMS.API) in 3.6284ms
2026-09-05 17:03:29.463 +03:00 [INF] Executed endpoint 'CMS.API.Controllers.LaboratoryController.GetCriticals (CMS.API)'
2026-09-05 17:03:29.465 +03:00 [INF] Request finished HTTP/1.1 GET http://localhost:5010/api/v1/laboratory/criticals - 200 null application/json; charset=utf-8 22.9412ms
2026-09-05 17:03:30.355 +03:00 [INF] Request starting HTTP/1.1 GET http://localhost:5010/api/v1/laboratory/catalog - application/json null
2026-09-05 17:03:30.355 +03:00 [INF] Request starting HTTP/1.1 GET http://localhost:5010/api/v1/laboratory/worklist - application/json null
2026-09-05 17:03:30.356 +03:00 [INF] Request starting HTTP/1.1 GET http://localhost:5010/api/v1/laboratory/criticals - application/json null
2026-09-05 17:03:30.475 +03:00 [INF] Executing endpoint 'CMS.API.Controllers.LaboratoryController.GetCriticals (CMS.API)'
2026-09-05 17:03:30.460 +03:00 [INF] Executing endpoint 'CMS.API.Controllers.LaboratoryController.GetWorklist (CMS.API)'
2026-09-05 17:03:30.449 +03:00 [INF] Executing endpoint 'CMS.API.Controllers.LaboratoryController.GetCatalog (CMS.API)'
2026-09-05 17:03:30.562 +03:00 [INF] Request starting HTTP/1.1 GET http://localhost:5010/api/v1/laboratory/worklist?date=2026-09-03 - application/json null
2026-09-05 17:03:30.572 +03:00 [INF] Route matched with {action = "GetCriticals", controller = "Laboratory"}. Executing controller action with signature System.Threading.Tasks.Task`1[Microsoft.AspNetCore.Mvc.IActionResult] GetCriticals() on controller CMS.API.Controllers.LaboratoryController (CMS.API).
2026-09-05 17:03:30.574 +03:00 [INF] Route matched with {action = "GetWorklist", controller = "Laboratory"}. Executing controller action with signature System.Threading.Tasks.Task`1[Microsoft.AspNetCore.Mvc.IActionResult] GetWorklist(System.Nullable`1[System.DateTime], System.Nullable`1[System.Byte]) on controller CMS.API.Controllers.LaboratoryController (CMS.API).
2026-09-05 17:03:30.575 +03:00 [INF] Route matched with {action = "GetCatalog", controller = "Laboratory"}. Executing controller action with signature System.Threading.Tasks.Task`1[Microsoft.AspNetCore.Mvc.IActionResult] GetCatalog() on controller CMS.API.Controllers.LaboratoryController (CMS.API).
2026-09-05 17:03:30.581 +03:00 [INF] Executing endpoint 'CMS.API.Controllers.LaboratoryController.GetWorklist (CMS.API)'
2026-09-05 17:03:30.657 +03:00 [INF] Executing OkObjectResult, writing value of type 'CMS.Shared.DTOs.ApiResponse`1[[System.Object, System.Private.CoreLib, Version=8.0.0.0, Culture=neutral, PublicKeyToken=7cec85d7bea7798e]]'.
2026-09-05 17:03:30.689 +03:00 [INF] Executing OkObjectResult, writing value of type 'CMS.Shared.DTOs.ApiResponse`1[[System.Object, System.Private.CoreLib, Version=8.0.0.0, Culture=neutral, PublicKeyToken=7cec85d7bea7798e]]'.
2026-09-05 17:03:30.694 +03:00 [INF] Executing OkObjectResult, writing value of type 'CMS.Shared.DTOs.ApiResponse`1[[System.Collections.Generic.List`1[[CMS.Shared.DTOs.LabTestCatalogDto, CMS.Shared, Version=1.0.0.0, Culture=neutral, PublicKeyToken=null]], System.Private.CoreLib, Version=8.0.0.0, Culture=neutral, PublicKeyToken=7cec85d7bea7798e]]'.
2026-09-05 17:03:30.695 +03:00 [INF] Route matched with {action = "GetWorklist", controller = "Laboratory"}. Executing controller action with signature System.Threading.Tasks.Task`1[Microsoft.AspNetCore.Mvc.IActionResult] GetWorklist(System.Nullable`1[System.DateTime], System.Nullable`1[System.Byte]) on controller CMS.API.Controllers.LaboratoryController (CMS.API).
2026-09-05 17:03:30.698 +03:00 [INF] Executed action CMS.API.Controllers.LaboratoryController.GetCriticals (CMS.API) in 111.001ms
2026-09-05 17:03:30.708 +03:00 [INF] Executed action CMS.API.Controllers.LaboratoryController.GetWorklist (CMS.API) in 20.8543ms
2026-09-05 17:03:30.708 +03:00 [INF] Request starting HTTP/1.1 GET http://localhost:5010/api/v1/laboratory/criticals - application/json null
2026-09-05 17:03:30.712 +03:00 [INF] Executed action CMS.API.Controllers.LaboratoryController.GetCatalog (CMS.API) in 19.3204ms
2026-09-05 17:03:30.717 +03:00 [INF] Executing OkObjectResult, writing value of type 'CMS.Shared.DTOs.ApiResponse`1[[System.Object, System.Private.CoreLib, Version=8.0.0.0, Culture=neutral, PublicKeyToken=7cec85d7bea7798e]]'.
2026-09-05 17:03:30.719 +03:00 [INF] Executed endpoint 'CMS.API.Controllers.LaboratoryController.GetCriticals (CMS.API)'
2026-09-05 17:03:30.742 +03:00 [INF] Executed endpoint 'CMS.API.Controllers.LaboratoryController.GetWorklist (CMS.API)'
2026-09-05 17:03:30.756 +03:00 [INF] Executing endpoint 'CMS.API.Controllers.LaboratoryController.GetCriticals (CMS.API)'
2026-09-05 17:03:30.762 +03:00 [INF] Executed endpoint 'CMS.API.Controllers.LaboratoryController.GetCatalog (CMS.API)'
2026-09-05 17:03:30.768 +03:00 [INF] Executed action CMS.API.Controllers.LaboratoryController.GetWorklist (CMS.API) in 52.4102ms
2026-09-05 17:03:30.773 +03:00 [INF] Request finished HTTP/1.1 GET http://localhost:5010/api/v1/laboratory/criticals - 200 null application/json; charset=utf-8 417.3803ms
2026-09-05 17:03:30.779 +03:00 [INF] Request finished HTTP/1.1 GET http://localhost:5010/api/v1/laboratory/worklist - 200 null application/json; charset=utf-8 423.753ms
2026-09-05 17:03:30.785 +03:00 [INF] Route matched with {action = "GetCriticals", controller = "Laboratory"}. Executing controller action with signature System.Threading.Tasks.Task`1[Microsoft.AspNetCore.Mvc.IActionResult] GetCriticals() on controller CMS.API.Controllers.LaboratoryController (CMS.API).
2026-09-05 17:03:30.791 +03:00 [INF] Request finished HTTP/1.1 GET http://localhost:5010/api/v1/laboratory/catalog - 200 null application/json; charset=utf-8 435.7107ms
2026-09-05 17:03:30.797 +03:00 [INF] Executed endpoint 'CMS.API.Controllers.LaboratoryController.GetWorklist (CMS.API)'
2026-09-05 17:03:30.836 +03:00 [INF] Executing OkObjectResult, writing value of type 'CMS.Shared.DTOs.ApiResponse`1[[System.Object, System.Private.CoreLib, Version=8.0.0.0, Culture=neutral, PublicKeyToken=7cec85d7bea7798e]]'.
2026-09-05 17:03:30.850 +03:00 [INF] Request finished HTTP/1.1 GET http://localhost:5010/api/v1/laboratory/worklist?date=2026-09-03 - 200 null application/json; charset=utf-8 287.7864ms
2026-09-05 17:03:30.855 +03:00 [INF] Executed action CMS.API.Controllers.LaboratoryController.GetCriticals (CMS.API) in 20.4555ms
2026-09-05 17:03:30.873 +03:00 [INF] Executed endpoint 'CMS.API.Controllers.LaboratoryController.GetCriticals (CMS.API)'
2026-09-05 17:03:30.878 +03:00 [INF] Request finished HTTP/1.1 GET http://localhost:5010/api/v1/laboratory/criticals - 200 null application/json; charset=utf-8 169.9871ms
2026-09-05 17:03:31.035 +03:00 [INF] Request starting HTTP/1.1 GET http://localhost:5010/api/v1/laboratory/catalog - application/json null
2026-09-05 17:03:31.041 +03:00 [INF] Executing endpoint 'CMS.API.Controllers.LaboratoryController.GetCatalog (CMS.API)'
2026-09-05 17:03:31.043 +03:00 [INF] Route matched with {action = "GetCatalog", controller = "Laboratory"}. Executing controller action with signature System.Threading.Tasks.Task`1[Microsoft.AspNetCore.Mvc.IActionResult] GetCatalog() on controller CMS.API.Controllers.LaboratoryController (CMS.API).
2026-09-05 17:03:31.050 +03:00 [INF] Executing OkObjectResult, writing value of type 'CMS.Shared.DTOs.ApiResponse`1[[System.Collections.Generic.List`1[[CMS.Shared.DTOs.LabTestCatalogDto, CMS.Shared, Version=1.0.0.0, Culture=neutral, PublicKeyToken=null]], System.Private.CoreLib, Version=8.0.0.0, Culture=neutral, PublicKeyToken=7cec85d7bea7798e]]'.
2026-09-05 17:03:31.054 +03:00 [INF] Executed action CMS.API.Controllers.LaboratoryController.GetCatalog (CMS.API) in 6.2868ms
2026-09-05 17:03:31.058 +03:00 [INF] Executed endpoint 'CMS.API.Controllers.LaboratoryController.GetCatalog (CMS.API)'
2026-09-05 17:03:31.060 +03:00 [INF] Request finished HTTP/1.1 GET http://localhost:5010/api/v1/laboratory/catalog - 200 null application/json; charset=utf-8 25.4969ms
2026-09-05 17:12:40.993 +03:00 [INF] Application is shutting down...
2026-09-05 17:14:58.387 +03:00 [INF] User profile is available. Using 'C:\Users\ASUS\AppData\Local\ASP.NET\DataProtection-Keys' as key repository and Windows DPAPI to encrypt keys at rest.
2026-09-05 17:14:58.758 +03:00 [INF] Now listening on: http://localhost:5010
2026-09-05 17:14:58.764 +03:00 [INF] Application started. Press Ctrl+C to shut down.
2026-09-05 17:14:58.767 +03:00 [INF] Hosting environment: Development
2026-09-05 17:14:58.770 +03:00 [INF] Content root path: C:\Users\ASUS\source\repos\CMS\src\CMS.API
2026-09-05 17:18:06.276 +03:00 [INF] Request starting HTTP/1.1 POST http://localhost:5010/api/v1/auth/login - application/json 83
2026-09-05 17:18:06.613 +03:00 [INF] Executing endpoint 'CMS.API.Controllers.AuthController.Login (CMS.API)'
2026-09-05 17:18:06.787 +03:00 [INF] Route matched with {action = "Login", controller = "Auth"}. Executing controller action with signature System.Threading.Tasks.Task`1[Microsoft.AspNetCore.Mvc.IActionResult] Login(CMS.Shared.DTOs.LoginRequest) on controller CMS.API.Controllers.AuthController (CMS.API).
2026-09-05 17:18:08.721 +03:00 [INF] Executing OkObjectResult, writing value of type 'CMS.Shared.DTOs.ApiResponse`1[[CMS.Shared.DTOs.LoginResponse, CMS.Shared, Version=1.0.0.0, Culture=neutral, PublicKeyToken=null]]'.
2026-09-05 17:18:09.034 +03:00 [INF] Executed action CMS.API.Controllers.AuthController.Login (CMS.API) in 2212.3596ms
2026-09-05 17:18:09.063 +03:00 [INF] Executed endpoint 'CMS.API.Controllers.AuthController.Login (CMS.API)'
2026-09-05 17:18:09.078 +03:00 [INF] Request finished HTTP/1.1 POST http://localhost:5010/api/v1/auth/login - 200 null application/json; charset=utf-8 2808.1554ms
2026-09-05 17:22:52.682 +03:00 [INF] Application is shutting down...
2026-09-05 17:23:37.852 +03:00 [INF] User profile is available. Using 'C:\Users\ASUS\AppData\Local\ASP.NET\DataProtection-Keys' as key repository and Windows DPAPI to encrypt keys at rest.
2026-09-05 17:23:38.060 +03:00 [INF] Now listening on: http://localhost:5010
2026-09-05 17:23:38.071 +03:00 [INF] Application started. Press Ctrl+C to shut down.
2026-09-05 17:23:38.073 +03:00 [INF] Hosting environment: Development
2026-09-05 17:23:38.075 +03:00 [INF] Content root path: C:\Users\ASUS\source\repos\CMS\src\CMS.API
2026-09-05 17:24:07.436 +03:00 [INF] Request starting HTTP/1.1 GET http://localhost:5010/api/v1/settings - null null
2026-09-05 17:24:07.436 +03:00 [INF] Request starting HTTP/1.1 GET http://localhost:5010/api/v1/settings - null null
2026-09-05 17:24:07.436 +03:00 [INF] Request starting HTTP/1.1 GET http://localhost:5010/api/v1/dashboard/metrics - null null
2026-09-05 17:24:07.436 +03:00 [INF] Request starting HTTP/1.1 GET http://localhost:5010/api/v1/dashboard/metrics - null null
2026-09-05 17:24:08.033 +03:00 [INF] Executing endpoint 'CMS.API.Controllers.SettingsController.GetSettings (CMS.API)'
2026-09-05 17:24:08.033 +03:00 [INF] Executing endpoint 'CMS.API.Controllers.SettingsController.GetSettings (CMS.API)'
2026-09-05 17:24:08.095 +03:00 [INF] Failed to validate the token.
Microsoft.IdentityModel.Tokens.SecurityTokenMalformedException: IDX14100: JWT is not well formed, there are no dots (.).
The token needs to be in JWS or JWE Compact Serialization Format. (JWS): 'EncodedHeader.EncodedPayload.EncodedSignature'. (JWE): 'EncodedProtectedHeader.EncodedEncryptedKey.EncodedInitializationVector.EncodedCiphertext.EncodedAuthenticationTag'.
   at Microsoft.IdentityModel.JsonWebTokens.JsonWebToken.ReadToken(ReadOnlyMemory`1 encodedTokenMemory)
   at Microsoft.IdentityModel.JsonWebTokens.JsonWebToken..ctor(String jwtEncodedString)
   at Microsoft.IdentityModel.JsonWebTokens.JsonWebTokenHandler.ReadToken(String token, TokenValidationParameters validationParameters)
2026-09-05 17:24:08.095 +03:00 [INF] Failed to validate the token.
Microsoft.IdentityModel.Tokens.SecurityTokenMalformedException: IDX14100: JWT is not well formed, there are no dots (.).
The token needs to be in JWS or JWE Compact Serialization Format. (JWS): 'EncodedHeader.EncodedPayload.EncodedSignature'. (JWE): 'EncodedProtectedHeader.EncodedEncryptedKey.EncodedInitializationVector.EncodedCiphertext.EncodedAuthenticationTag'.
   at Microsoft.IdentityModel.JsonWebTokens.JsonWebToken.ReadToken(ReadOnlyMemory`1 encodedTokenMemory)
   at Microsoft.IdentityModel.JsonWebTokens.JsonWebToken..ctor(String jwtEncodedString)
   at Microsoft.IdentityModel.JsonWebTokens.JsonWebTokenHandler.ReadToken(String token, TokenValidationParameters validationParameters)
2026-09-05 17:24:08.129 +03:00 [INF] Route matched with {action = "GetSettings", controller = "Settings"}. Executing controller action with signature System.Threading.Tasks.Task`1[Microsoft.AspNetCore.Mvc.IActionResult] GetSettings() on controller CMS.API.Controllers.SettingsController (CMS.API).
2026-09-05 17:24:08.129 +03:00 [INF] Route matched with {action = "GetSettings", controller = "Settings"}. Executing controller action with signature System.Threading.Tasks.Task`1[Microsoft.AspNetCore.Mvc.IActionResult] GetSettings() on controller CMS.API.Controllers.SettingsController (CMS.API).
2026-09-05 17:24:08.131 +03:00 [INF] Bearer was not authenticated. Failure message: IDX14100: JWT is not well formed, there are no dots (.).
The token needs to be in JWS or JWE Compact Serialization Format. (JWS): 'EncodedHeader.EncodedPayload.EncodedSignature'. (JWE): 'EncodedProtectedHeader.EncodedEncryptedKey.EncodedInitializationVector.EncodedCiphertext.EncodedAuthenticationTag'.
2026-09-05 17:24:08.131 +03:00 [INF] Bearer was not authenticated. Failure message: IDX14100: JWT is not well formed, there are no dots (.).
The token needs to be in JWS or JWE Compact Serialization Format. (JWS): 'EncodedHeader.EncodedPayload.EncodedSignature'. (JWE): 'EncodedProtectedHeader.EncodedEncryptedKey.EncodedInitializationVector.EncodedCiphertext.EncodedAuthenticationTag'.
2026-09-05 17:24:08.140 +03:00 [INF] Executing endpoint 'CMS.API.Controllers.DashboardController.GetMetrics (CMS.API)'
2026-09-05 17:24:08.142 +03:00 [INF] Executing endpoint 'CMS.API.Controllers.DashboardController.GetMetrics (CMS.API)'
2026-09-05 17:24:08.289 +03:00 [INF] Route matched with {action = "GetMetrics", controller = "Dashboard"}. Executing controller action with signature System.Threading.Tasks.Task`1[Microsoft.AspNetCore.Mvc.IActionResult] GetMetrics() on controller CMS.API.Controllers.DashboardController (CMS.API).
2026-09-05 17:24:08.293 +03:00 [INF] Route matched with {action = "GetMetrics", controller = "Dashboard"}. Executing controller action with signature System.Threading.Tasks.Task`1[Microsoft.AspNetCore.Mvc.IActionResult] GetMetrics() on controller CMS.API.Controllers.DashboardController (CMS.API).
2026-09-05 17:24:09.065 +03:00 [INF] Executing OkObjectResult, writing value of type 'CMS.Shared.DTOs.ApiResponse`1[[System.Collections.Generic.List`1[[CMS.Shared.DTOs.ClinicSettingDto, CMS.Shared, Version=1.0.0.0, Culture=neutral, PublicKeyToken=null]], System.Private.CoreLib, Version=8.0.0.0, Culture=neutral, PublicKeyToken=7cec85d7bea7798e]]'.
2026-09-05 17:24:09.065 +03:00 [INF] Executing OkObjectResult, writing value of type 'CMS.Shared.DTOs.ApiResponse`1[[System.Collections.Generic.List`1[[CMS.Shared.DTOs.ClinicSettingDto, CMS.Shared, Version=1.0.0.0, Culture=neutral, PublicKeyToken=null]], System.Private.CoreLib, Version=8.0.0.0, Culture=neutral, PublicKeyToken=7cec85d7bea7798e]]'.
2026-09-05 17:24:09.244 +03:00 [INF] Executing OkObjectResult, writing value of type 'CMS.Shared.DTOs.ApiResponse`1[[CMS.Shared.DTOs.DashboardMetricsDto, CMS.Shared, Version=1.0.0.0, Culture=neutral, PublicKeyToken=null]]'.
2026-09-05 17:24:09.244 +03:00 [INF] Executing OkObjectResult, writing value of type 'CMS.Shared.DTOs.ApiResponse`1[[CMS.Shared.DTOs.DashboardMetricsDto, CMS.Shared, Version=1.0.0.0, Culture=neutral, PublicKeyToken=null]]'.
2026-09-05 17:24:09.271 +03:00 [INF] Executed action CMS.API.Controllers.SettingsController.GetSettings (CMS.API) in 1129.8111ms
2026-09-05 17:24:09.271 +03:00 [INF] Executed action CMS.API.Controllers.SettingsController.GetSettings (CMS.API) in 1127.1645ms
2026-09-05 17:24:09.282 +03:00 [INF] Executed endpoint 'CMS.API.Controllers.SettingsController.GetSettings (CMS.API)'
2026-09-05 17:24:09.282 +03:00 [INF] Executed endpoint 'CMS.API.Controllers.SettingsController.GetSettings (CMS.API)'
2026-09-05 17:24:09.293 +03:00 [INF] Request finished HTTP/1.1 GET http://localhost:5010/api/v1/settings - 200 null application/json; charset=utf-8 1860.1125ms
2026-09-05 17:24:09.293 +03:00 [INF] Request finished HTTP/1.1 GET http://localhost:5010/api/v1/settings - 200 null application/json; charset=utf-8 1860.2898ms
2026-09-05 17:24:09.326 +03:00 [INF] Executed action CMS.API.Controllers.DashboardController.GetMetrics (CMS.API) in 906.1861ms
2026-09-05 17:24:09.326 +03:00 [INF] Executed action CMS.API.Controllers.DashboardController.GetMetrics (CMS.API) in 910.4711ms
2026-09-05 17:24:09.331 +03:00 [INF] Executed endpoint 'CMS.API.Controllers.DashboardController.GetMetrics (CMS.API)'
2026-09-05 17:24:09.333 +03:00 [INF] Executed endpoint 'CMS.API.Controllers.DashboardController.GetMetrics (CMS.API)'
2026-09-05 17:24:09.335 +03:00 [INF] Request finished HTTP/1.1 GET http://localhost:5010/api/v1/dashboard/metrics - 200 null application/json; charset=utf-8 1904.7404ms
2026-09-05 17:24:09.339 +03:00 [INF] Request finished HTTP/1.1 GET http://localhost:5010/api/v1/dashboard/metrics - 200 null application/json; charset=utf-8 1908.8795ms
2026-09-05 17:24:16.279 +03:00 [INF] Request starting HTTP/1.1 GET http://localhost:5010/api/v1/dashboard/metrics - null null
2026-09-05 17:24:16.281 +03:00 [INF] Request starting HTTP/1.1 GET http://localhost:5010/api/v1/settings - null null
2026-09-05 17:24:16.401 +03:00 [INF] Failed to validate the token.
Microsoft.IdentityModel.Tokens.SecurityTokenSignatureKeyNotFoundException: IDX10517: Signature validation failed. The token's kid is missing. Keys tried: 'Microsoft.IdentityModel.Tokens.SymmetricSecurityKey, KeyId: '', InternalId: 'VNGqhB7kZ75afXrNakqPyb1WYggzQUo6Cgi8Kx2i7Zs'. , KeyId: 
'. Number of keys in TokenValidationParameters: '1'. 
Number of keys in Configuration: '0'. 
Exceptions caught:
 '[PII of type 'System.Text.StringBuilder' is hidden. For more details, see https://aka.ms/IdentityModel/PII.]'.
token: '[PII of type 'Microsoft.IdentityModel.JsonWebTokens.JsonWebToken' is hidden. For more details, see https://aka.ms/IdentityModel/PII.]'. See https://aka.ms/IDX10503 for details.
   at Microsoft.IdentityModel.JsonWebTokens.JsonWebTokenHandler.ValidateSignature(JsonWebToken jwtToken, TokenValidationParameters validationParameters, BaseConfiguration configuration)
   at Microsoft.IdentityModel.JsonWebTokens.JsonWebTokenHandler.ValidateSignatureAndIssuerSecurityKey(JsonWebToken jsonWebToken, TokenValidationParameters validationParameters, BaseConfiguration configuration)
   at Microsoft.IdentityModel.JsonWebTokens.JsonWebTokenHandler.ValidateJWSAsync(JsonWebToken jsonWebToken, TokenValidationParameters validationParameters, BaseConfiguration configuration)
2026-09-05 17:24:16.434 +03:00 [INF] Executing endpoint 'CMS.API.Controllers.SettingsController.GetSettings (CMS.API)'
2026-09-05 17:24:16.487 +03:00 [INF] Bearer was not authenticated. Failure message: IDX10517: Signature validation failed. The token's kid is missing. Keys tried: 'Microsoft.IdentityModel.Tokens.SymmetricSecurityKey, KeyId: '', InternalId: 'VNGqhB7kZ75afXrNakqPyb1WYggzQUo6Cgi8Kx2i7Zs'. , KeyId: 
'. Number of keys in TokenValidationParameters: '1'. 
Number of keys in Configuration: '0'. 
Exceptions caught:
 '[PII of type 'System.Text.StringBuilder' is hidden. For more details, see https://aka.ms/IdentityModel/PII.]'.
token: '[PII of type 'Microsoft.IdentityModel.JsonWebTokens.JsonWebToken' is hidden. For more details, see https://aka.ms/IdentityModel/PII.]'. See https://aka.ms/IDX10503 for details.
2026-09-05 17:24:16.491 +03:00 [INF] Route matched with {action = "GetSettings", controller = "Settings"}. Executing controller action with signature System.Threading.Tasks.Task`1[Microsoft.AspNetCore.Mvc.IActionResult] GetSettings() on controller CMS.API.Controllers.SettingsController (CMS.API).
2026-09-05 17:24:16.494 +03:00 [INF] Executing endpoint 'CMS.API.Controllers.DashboardController.GetMetrics (CMS.API)'
2026-09-05 17:24:16.509 +03:00 [INF] Executing OkObjectResult, writing value of type 'CMS.Shared.DTOs.ApiResponse`1[[System.Collections.Generic.List`1[[CMS.Shared.DTOs.ClinicSettingDto, CMS.Shared, Version=1.0.0.0, Culture=neutral, PublicKeyToken=null]], System.Private.CoreLib, Version=8.0.0.0, Culture=neutral, PublicKeyToken=7cec85d7bea7798e]]'.
2026-09-05 17:24:16.513 +03:00 [INF] Route matched with {action = "GetMetrics", controller = "Dashboard"}. Executing controller action with signature System.Threading.Tasks.Task`1[Microsoft.AspNetCore.Mvc.IActionResult] GetMetrics() on controller CMS.API.Controllers.DashboardController (CMS.API).
2026-09-05 17:24:16.625 +03:00 [INF] Executed action CMS.API.Controllers.SettingsController.GetSettings (CMS.API) in 127.4231ms
2026-09-05 17:24:16.734 +03:00 [INF] Request starting HTTP/1.1 GET http://localhost:5010/api/v1/settings - null null
2026-09-05 17:24:17.012 +03:00 [INF] Executed endpoint 'CMS.API.Controllers.SettingsController.GetSettings (CMS.API)'
2026-09-05 17:24:17.169 +03:00 [INF] Executing endpoint 'CMS.API.Controllers.SettingsController.GetSettings (CMS.API)'
2026-09-05 17:24:17.175 +03:00 [INF] Request finished HTTP/1.1 GET http://localhost:5010/api/v1/settings - 200 null application/json; charset=utf-8 894.8562ms
2026-09-05 17:24:17.197 +03:00 [INF] Route matched with {action = "GetSettings", controller = "Settings"}. Executing controller action with signature System.Threading.Tasks.Task`1[Microsoft.AspNetCore.Mvc.IActionResult] GetSettings() on controller CMS.API.Controllers.SettingsController (CMS.API).
2026-09-05 17:24:17.227 +03:00 [INF] Executing OkObjectResult, writing value of type 'CMS.Shared.DTOs.ApiResponse`1[[System.Collections.Generic.List`1[[CMS.Shared.DTOs.ClinicSettingDto, CMS.Shared, Version=1.0.0.0, Culture=neutral, PublicKeyToken=null]], System.Private.CoreLib, Version=8.0.0.0, Culture=neutral, PublicKeyToken=7cec85d7bea7798e]]'.
2026-09-05 17:24:17.233 +03:00 [INF] Executed action CMS.API.Controllers.SettingsController.GetSettings (CMS.API) in 18.0692ms
2026-09-05 17:24:17.280 +03:00 [INF] Executing OkObjectResult, writing value of type 'CMS.Shared.DTOs.ApiResponse`1[[CMS.Shared.DTOs.DashboardMetricsDto, CMS.Shared, Version=1.0.0.0, Culture=neutral, PublicKeyToken=null]]'.
2026-09-05 17:24:17.325 +03:00 [INF] Executed endpoint 'CMS.API.Controllers.SettingsController.GetSettings (CMS.API)'
2026-09-05 17:24:17.327 +03:00 [INF] Executed action CMS.API.Controllers.DashboardController.GetMetrics (CMS.API) in 347.9647ms
2026-09-05 17:24:17.330 +03:00 [INF] Request finished HTTP/1.1 GET http://localhost:5010/api/v1/settings - 200 null application/json; charset=utf-8 596.2446ms
2026-09-05 17:24:17.334 +03:00 [INF] Request starting HTTP/1.1 GET http://localhost:5010/api/v1/dashboard/metrics - null null
2026-09-05 17:24:17.335 +03:00 [INF] Executed endpoint 'CMS.API.Controllers.DashboardController.GetMetrics (CMS.API)'
2026-09-05 17:24:17.344 +03:00 [INF] Request finished HTTP/1.1 GET http://localhost:5010/api/v1/dashboard/metrics - 200 null application/json; charset=utf-8 1065.5001ms
2026-09-05 17:24:17.346 +03:00 [INF] Failed to validate the token.
Microsoft.IdentityModel.Tokens.SecurityTokenSignatureKeyNotFoundException: IDX10517: Signature validation failed. The token's kid is missing. Keys tried: 'Microsoft.IdentityModel.Tokens.SymmetricSecurityKey, KeyId: '', InternalId: 'VNGqhB7kZ75afXrNakqPyb1WYggzQUo6Cgi8Kx2i7Zs'. , KeyId: 
'. Number of keys in TokenValidationParameters: '1'. 
Number of keys in Configuration: '0'. 
Exceptions caught:
 '[PII of type 'System.Text.StringBuilder' is hidden. For more details, see https://aka.ms/IdentityModel/PII.]'.
token: '[PII of type 'Microsoft.IdentityModel.JsonWebTokens.JsonWebToken' is hidden. For more details, see https://aka.ms/IdentityModel/PII.]'. See https://aka.ms/IDX10503 for details.
   at Microsoft.IdentityModel.JsonWebTokens.JsonWebTokenHandler.ValidateSignature(JsonWebToken jwtToken, TokenValidationParameters validationParameters, BaseConfiguration configuration)
   at Microsoft.IdentityModel.JsonWebTokens.JsonWebTokenHandler.ValidateSignatureAndIssuerSecurityKey(JsonWebToken jsonWebToken, TokenValidationParameters validationParameters, BaseConfiguration configuration)
   at Microsoft.IdentityModel.JsonWebTokens.JsonWebTokenHandler.ValidateJWSAsync(JsonWebToken jsonWebToken, TokenValidationParameters validationParameters, BaseConfiguration configuration)
2026-09-05 17:24:17.369 +03:00 [INF] Bearer was not authenticated. Failure message: IDX10517: Signature validation failed. The token's kid is missing. Keys tried: 'Microsoft.IdentityModel.Tokens.SymmetricSecurityKey, KeyId: '', InternalId: 'VNGqhB7kZ75afXrNakqPyb1WYggzQUo6Cgi8Kx2i7Zs'. , KeyId: 
'. Number of keys in TokenValidationParameters: '1'. 
Number of keys in Configuration: '0'. 
Exceptions caught:
 '[PII of type 'System.Text.StringBuilder' is hidden. For more details, see https://aka.ms/IdentityModel/PII.]'.
token: '[PII of type 'Microsoft.IdentityModel.JsonWebTokens.JsonWebToken' is hidden. For more details, see https://aka.ms/IdentityModel/PII.]'. See https://aka.ms/IDX10503 for details.
2026-09-05 17:24:17.372 +03:00 [INF] Executing endpoint 'CMS.API.Controllers.DashboardController.GetMetrics (CMS.API)'
2026-09-05 17:24:17.374 +03:00 [INF] Route matched with {action = "GetMetrics", controller = "Dashboard"}. Executing controller action with signature System.Threading.Tasks.Task`1[Microsoft.AspNetCore.Mvc.IActionResult] GetMetrics() on controller CMS.API.Controllers.DashboardController (CMS.API).
2026-09-05 17:24:17.428 +03:00 [INF] Executing OkObjectResult, writing value of type 'CMS.Shared.DTOs.ApiResponse`1[[CMS.Shared.DTOs.DashboardMetricsDto, CMS.Shared, Version=1.0.0.0, Culture=neutral, PublicKeyToken=null]]'.
2026-09-05 17:24:17.435 +03:00 [INF] Executed action CMS.API.Controllers.DashboardController.GetMetrics (CMS.API) in 56.366ms
2026-09-05 17:24:17.440 +03:00 [INF] Executed endpoint 'CMS.API.Controllers.DashboardController.GetMetrics (CMS.API)'
2026-09-05 17:24:17.442 +03:00 [INF] Request finished HTTP/1.1 GET http://localhost:5010/api/v1/dashboard/metrics - 200 null application/json; charset=utf-8 108.203ms
2026-09-05 17:24:22.030 +03:00 [INF] Request starting HTTP/1.1 GET http://localhost:5010/api/v1/staff/doctors - application/json null
2026-09-05 17:24:22.031 +03:00 [INF] Request starting HTTP/1.1 GET http://localhost:5010/api/v1/triage/doctor/2?date=2026-09-05 - application/json null
2026-09-05 17:24:22.470 +03:00 [INF] Failed to validate the token.
Microsoft.IdentityModel.Tokens.SecurityTokenSignatureKeyNotFoundException: IDX10517: Signature validation failed. The token's kid is missing. Keys tried: 'Microsoft.IdentityModel.Tokens.SymmetricSecurityKey, KeyId: '', InternalId: 'VNGqhB7kZ75afXrNakqPyb1WYggzQUo6Cgi8Kx2i7Zs'. , KeyId: 
'. Number of keys in TokenValidationParameters: '1'. 
Number of keys in Configuration: '0'. 
Exceptions caught:
 '[PII of type 'System.Text.StringBuilder' is hidden. For more details, see https://aka.ms/IdentityModel/PII.]'.
token: '[PII of type 'Microsoft.IdentityModel.JsonWebTokens.JsonWebToken' is hidden. For more details, see https://aka.ms/IdentityModel/PII.]'. See https://aka.ms/IDX10503 for details.
   at Microsoft.IdentityModel.JsonWebTokens.JsonWebTokenHandler.ValidateSignature(JsonWebToken jwtToken, TokenValidationParameters validationParameters, BaseConfiguration configuration)
   at Microsoft.IdentityModel.JsonWebTokens.JsonWebTokenHandler.ValidateSignatureAndIssuerSecurityKey(JsonWebToken jsonWebToken, TokenValidationParameters validationParameters, BaseConfiguration configuration)
   at Microsoft.IdentityModel.JsonWebTokens.JsonWebTokenHandler.ValidateJWSAsync(JsonWebToken jsonWebToken, TokenValidationParameters validationParameters, BaseConfiguration configuration)
2026-09-05 17:24:22.479 +03:00 [INF] Failed to validate the token.
Microsoft.IdentityModel.Tokens.SecurityTokenSignatureKeyNotFoundException: IDX10517: Signature validation failed. The token's kid is missing. Keys tried: 'Microsoft.IdentityModel.Tokens.SymmetricSecurityKey, KeyId: '', InternalId: 'VNGqhB7kZ75afXrNakqPyb1WYggzQUo6Cgi8Kx2i7Zs'. , KeyId: 
'. Number of keys in TokenValidationParameters: '1'. 
Number of keys in Configuration: '0'. 
Exceptions caught:
 '[PII of type 'System.Text.StringBuilder' is hidden. For more details, see https://aka.ms/IdentityModel/PII.]'.
token: '[PII of type 'Microsoft.IdentityModel.JsonWebTokens.JsonWebToken' is hidden. For more details, see https://aka.ms/IdentityModel/PII.]'. See https://aka.ms/IDX10503 for details.
   at Microsoft.IdentityModel.JsonWebTokens.JsonWebTokenHandler.ValidateSignature(JsonWebToken jwtToken, TokenValidationParameters validationParameters, BaseConfiguration configuration)
   at Microsoft.IdentityModel.JsonWebTokens.JsonWebTokenHandler.ValidateSignatureAndIssuerSecurityKey(JsonWebToken jsonWebToken, TokenValidationParameters validationParameters, BaseConfiguration configuration)
   at Microsoft.IdentityModel.JsonWebTokens.JsonWebTokenHandler.ValidateJWSAsync(JsonWebToken jsonWebToken, TokenValidationParameters validationParameters, BaseConfiguration configuration)
2026-09-05 17:24:22.487 +03:00 [INF] Bearer was not authenticated. Failure message: IDX10517: Signature validation failed. The token's kid is missing. Keys tried: 'Microsoft.IdentityModel.Tokens.SymmetricSecurityKey, KeyId: '', InternalId: 'VNGqhB7kZ75afXrNakqPyb1WYggzQUo6Cgi8Kx2i7Zs'. , KeyId: 
'. Number of keys in TokenValidationParameters: '1'. 
Number of keys in Configuration: '0'. 
Exceptions caught:
 '[PII of type 'System.Text.StringBuilder' is hidden. For more details, see https://aka.ms/IdentityModel/PII.]'.
token: '[PII of type 'Microsoft.IdentityModel.JsonWebTokens.JsonWebToken' is hidden. For more details, see https://aka.ms/IdentityModel/PII.]'. See https://aka.ms/IDX10503 for details.
2026-09-05 17:24:22.483 +03:00 [INF] Bearer was not authenticated. Failure message: IDX10517: Signature validation failed. The token's kid is missing. Keys tried: 'Microsoft.IdentityModel.Tokens.SymmetricSecurityKey, KeyId: '', InternalId: 'VNGqhB7kZ75afXrNakqPyb1WYggzQUo6Cgi8Kx2i7Zs'. , KeyId: 
'. Number of keys in TokenValidationParameters: '1'. 
Number of keys in Configuration: '0'. 
Exceptions caught:
 '[PII of type 'System.Text.StringBuilder' is hidden. For more details, see https://aka.ms/IdentityModel/PII.]'.
token: '[PII of type 'Microsoft.IdentityModel.JsonWebTokens.JsonWebToken' is hidden. For more details, see https://aka.ms/IdentityModel/PII.]'. See https://aka.ms/IDX10503 for details.
2026-09-05 17:24:22.492 +03:00 [INF] Executing endpoint 'CMS.API.Controllers.TriageController.GetDoctorQueue (CMS.API)'
2026-09-05 17:24:22.494 +03:00 [INF] Executing endpoint 'CMS.API.Controllers.StaffController.GetDoctors (CMS.API)'
2026-09-05 17:24:22.504 +03:00 [INF] Route matched with {action = "GetDoctors", controller = "Staff"}. Executing controller action with signature System.Threading.Tasks.Task`1[Microsoft.AspNetCore.Mvc.IActionResult] GetDoctors() on controller CMS.API.Controllers.StaffController (CMS.API).
2026-09-05 17:24:22.516 +03:00 [INF] Route matched with {action = "GetDoctorQueue", controller = "Triage"}. Executing controller action with signature System.Threading.Tasks.Task`1[Microsoft.AspNetCore.Mvc.IActionResult] GetDoctorQueue(Int32, System.Nullable`1[System.DateTime]) on controller CMS.API.Controllers.TriageController (CMS.API).
2026-09-05 17:24:23.363 +03:00 [INF] Executing OkObjectResult, writing value of type 'CMS.Shared.DTOs.ApiResponse`1[[System.Object, System.Private.CoreLib, Version=8.0.0.0, Culture=neutral, PublicKeyToken=7cec85d7bea7798e]]'.
2026-09-05 17:24:23.466 +03:00 [INF] Executing OkObjectResult, writing value of type 'CMS.Shared.DTOs.ApiResponse`1[[System.Collections.Generic.List`1[[CMS.Shared.DTOs.DoctorDto, CMS.Shared, Version=1.0.0.0, Culture=neutral, PublicKeyToken=null]], System.Private.CoreLib, Version=8.0.0.0, Culture=neutral, PublicKeyToken=7cec85d7bea7798e]]'.
2026-09-05 17:24:23.497 +03:00 [INF] Executed action CMS.API.Controllers.StaffController.GetDoctors (CMS.API) in 989.7238ms
2026-09-05 17:24:23.631 +03:00 [INF] Executed endpoint 'CMS.API.Controllers.StaffController.GetDoctors (CMS.API)'
2026-09-05 17:24:23.637 +03:00 [INF] Request finished HTTP/1.1 GET http://localhost:5010/api/v1/staff/doctors - 200 null application/json; charset=utf-8 1606.711ms
2026-09-05 17:24:23.630 +03:00 [INF] Executed action CMS.API.Controllers.TriageController.GetDoctorQueue (CMS.API) in 1111.061ms
2026-09-05 17:24:23.934 +03:00 [INF] Executed endpoint 'CMS.API.Controllers.TriageController.GetDoctorQueue (CMS.API)'
2026-09-05 17:24:23.841 +03:00 [INF] Request starting HTTP/1.1 GET http://localhost:5010/api/v1/staff/doctors - application/json null
2026-09-05 17:24:23.935 +03:00 [INF] Request finished HTTP/1.1 GET http://localhost:5010/api/v1/triage/doctor/2?date=2026-09-05 - 200 null application/json; charset=utf-8 1903.663ms
2026-09-05 17:24:23.946 +03:00 [INF] Request starting HTTP/1.1 GET http://localhost:5010/api/v1/triage/doctor/2?date=2026-09-05 - application/json null
2026-09-05 17:24:23.949 +03:00 [INF] Failed to validate the token.
Microsoft.IdentityModel.Tokens.SecurityTokenSignatureKeyNotFoundException: IDX10517: Signature validation failed. The token's kid is missing. Keys tried: 'Microsoft.IdentityModel.Tokens.SymmetricSecurityKey, KeyId: '', InternalId: 'VNGqhB7kZ75afXrNakqPyb1WYggzQUo6Cgi8Kx2i7Zs'. , KeyId: 
'. Number of keys in TokenValidationParameters: '1'. 
Number of keys in Configuration: '0'. 
Exceptions caught:
 '[PII of type 'System.Text.StringBuilder' is hidden. For more details, see https://aka.ms/IdentityModel/PII.]'.
token: '[PII of type 'Microsoft.IdentityModel.JsonWebTokens.JsonWebToken' is hidden. For more details, see https://aka.ms/IdentityModel/PII.]'. See https://aka.ms/IDX10503 for details.
   at Microsoft.IdentityModel.JsonWebTokens.JsonWebTokenHandler.ValidateSignature(JsonWebToken jwtToken, TokenValidationParameters validationParameters, BaseConfiguration configuration)
   at Microsoft.IdentityModel.JsonWebTokens.JsonWebTokenHandler.ValidateSignatureAndIssuerSecurityKey(JsonWebToken jsonWebToken, TokenValidationParameters validationParameters, BaseConfiguration configuration)
   at Microsoft.IdentityModel.JsonWebTokens.JsonWebTokenHandler.ValidateJWSAsync(JsonWebToken jsonWebToken, TokenValidationParameters validationParameters, BaseConfiguration configuration)
2026-09-05 17:24:23.966 +03:00 [INF] Failed to validate the token.
Microsoft.IdentityModel.Tokens.SecurityTokenSignatureKeyNotFoundException: IDX10517: Signature validation failed. The token's kid is missing. Keys tried: 'Microsoft.IdentityModel.Tokens.SymmetricSecurityKey, KeyId: '', InternalId: 'VNGqhB7kZ75afXrNakqPyb1WYggzQUo6Cgi8Kx2i7Zs'. , KeyId: 
'. Number of keys in TokenValidationParameters: '1'. 
Number of keys in Configuration: '0'. 
Exceptions caught:
 '[PII of type 'System.Text.StringBuilder' is hidden. For more details, see https://aka.ms/IdentityModel/PII.]'.
token: '[PII of type 'Microsoft.IdentityModel.JsonWebTokens.JsonWebToken' is hidden. For more details, see https://aka.ms/IdentityModel/PII.]'. See https://aka.ms/IDX10503 for details.
   at Microsoft.IdentityModel.JsonWebTokens.JsonWebTokenHandler.ValidateSignature(JsonWebToken jwtToken, TokenValidationParameters validationParameters, BaseConfiguration configuration)
   at Microsoft.IdentityModel.JsonWebTokens.JsonWebTokenHandler.ValidateSignatureAndIssuerSecurityKey(JsonWebToken jsonWebToken, TokenValidationParameters validationParameters, BaseConfiguration configuration)
   at Microsoft.IdentityModel.JsonWebTokens.JsonWebTokenHandler.ValidateJWSAsync(JsonWebToken jsonWebToken, TokenValidationParameters validationParameters, BaseConfiguration configuration)
2026-09-05 17:24:23.968 +03:00 [INF] Bearer was not authenticated. Failure message: IDX10517: Signature validation failed. The token's kid is missing. Keys tried: 'Microsoft.IdentityModel.Tokens.SymmetricSecurityKey, KeyId: '', InternalId: 'VNGqhB7kZ75afXrNakqPyb1WYggzQUo6Cgi8Kx2i7Zs'. , KeyId: 
'. Number of keys in TokenValidationParameters: '1'. 
Number of keys in Configuration: '0'. 
Exceptions caught:
 '[PII of type 'System.Text.StringBuilder' is hidden. For more details, see https://aka.ms/IdentityModel/PII.]'.
token: '[PII of type 'Microsoft.IdentityModel.JsonWebTokens.JsonWebToken' is hidden. For more details, see https://aka.ms/IdentityModel/PII.]'. See https://aka.ms/IDX10503 for details.
2026-09-05 17:24:23.981 +03:00 [INF] Bearer was not authenticated. Failure message: IDX10517: Signature validation failed. The token's kid is missing. Keys tried: 'Microsoft.IdentityModel.Tokens.SymmetricSecurityKey, KeyId: '', InternalId: 'VNGqhB7kZ75afXrNakqPyb1WYggzQUo6Cgi8Kx2i7Zs'. , KeyId: 
'. Number of keys in TokenValidationParameters: '1'. 
Number of keys in Configuration: '0'. 
Exceptions caught:
 '[PII of type 'System.Text.StringBuilder' is hidden. For more details, see https://aka.ms/IdentityModel/PII.]'.
token: '[PII of type 'Microsoft.IdentityModel.JsonWebTokens.JsonWebToken' is hidden. For more details, see https://aka.ms/IdentityModel/PII.]'. See https://aka.ms/IDX10503 for details.
2026-09-05 17:24:23.983 +03:00 [INF] Executing endpoint 'CMS.API.Controllers.StaffController.GetDoctors (CMS.API)'
2026-09-05 17:24:23.985 +03:00 [INF] Executing endpoint 'CMS.API.Controllers.TriageController.GetDoctorQueue (CMS.API)'
2026-09-05 17:24:23.987 +03:00 [INF] Route matched with {action = "GetDoctors", controller = "Staff"}. Executing controller action with signature System.Threading.Tasks.Task`1[Microsoft.AspNetCore.Mvc.IActionResult] GetDoctors() on controller CMS.API.Controllers.StaffController (CMS.API).
2026-09-05 17:24:23.991 +03:00 [INF] Route matched with {action = "GetDoctorQueue", controller = "Triage"}. Executing controller action with signature System.Threading.Tasks.Task`1[Microsoft.AspNetCore.Mvc.IActionResult] GetDoctorQueue(Int32, System.Nullable`1[System.DateTime]) on controller CMS.API.Controllers.TriageController (CMS.API).
2026-09-05 17:24:24.000 +03:00 [INF] Executing OkObjectResult, writing value of type 'CMS.Shared.DTOs.ApiResponse`1[[System.Object, System.Private.CoreLib, Version=8.0.0.0, Culture=neutral, PublicKeyToken=7cec85d7bea7798e]]'.
2026-09-05 17:24:24.004 +03:00 [INF] Executed action CMS.API.Controllers.TriageController.GetDoctorQueue (CMS.API) in 6.5833ms
2026-09-05 17:24:24.009 +03:00 [INF] Executing OkObjectResult, writing value of type 'CMS.Shared.DTOs.ApiResponse`1[[System.Collections.Generic.List`1[[CMS.Shared.DTOs.DoctorDto, CMS.Shared, Version=1.0.0.0, Culture=neutral, PublicKeyToken=null]], System.Private.CoreLib, Version=8.0.0.0, Culture=neutral, PublicKeyToken=7cec85d7bea7798e]]'.
2026-09-05 17:24:24.011 +03:00 [INF] Executed endpoint 'CMS.API.Controllers.TriageController.GetDoctorQueue (CMS.API)'
2026-09-05 17:24:24.014 +03:00 [INF] Executed action CMS.API.Controllers.StaffController.GetDoctors (CMS.API) in 19.2334ms
2026-09-05 17:24:24.021 +03:00 [INF] Executed endpoint 'CMS.API.Controllers.StaffController.GetDoctors (CMS.API)'
2026-09-05 17:24:24.015 +03:00 [INF] Request finished HTTP/1.1 GET http://localhost:5010/api/v1/triage/doctor/2?date=2026-09-05 - 200 null application/json; charset=utf-8 69.106ms
2026-09-05 17:24:24.028 +03:00 [INF] Request finished HTTP/1.1 GET http://localhost:5010/api/v1/staff/doctors - 200 null application/json; charset=utf-8 187.1743ms
2026-09-05 17:24:24.291 +03:00 [INF] Request starting HTTP/1.1 GET http://localhost:5010/api/v1/encounters/patient/13 - application/json null
2026-09-05 17:24:24.291 +03:00 [INF] Request starting HTTP/1.1 GET http://localhost:5010/api/v1/medicalcertificates/patient/13 - application/json null
2026-09-05 17:24:24.292 +03:00 [INF] Request starting HTTP/1.1 GET http://localhost:5010/api/v1/triage/patient/13/latest - application/json null
2026-09-05 17:24:24.297 +03:00 [INF] Failed to validate the token.
Microsoft.IdentityModel.Tokens.SecurityTokenSignatureKeyNotFoundException: IDX10517: Signature validation failed. The token's kid is missing. Keys tried: 'Microsoft.IdentityModel.Tokens.SymmetricSecurityKey, KeyId: '', InternalId: 'VNGqhB7kZ75afXrNakqPyb1WYggzQUo6Cgi8Kx2i7Zs'. , KeyId: 
'. Number of keys in TokenValidationParameters: '1'. 
Number of keys in Configuration: '0'. 
Exceptions caught:
 '[PII of type 'System.Text.StringBuilder' is hidden. For more details, see https://aka.ms/IdentityModel/PII.]'.
token: '[PII of type 'Microsoft.IdentityModel.JsonWebTokens.JsonWebToken' is hidden. For more details, see https://aka.ms/IdentityModel/PII.]'. See https://aka.ms/IDX10503 for details.
   at Microsoft.IdentityModel.JsonWebTokens.JsonWebTokenHandler.ValidateSignature(JsonWebToken jwtToken, TokenValidationParameters validationParameters, BaseConfiguration configuration)
   at Microsoft.IdentityModel.JsonWebTokens.JsonWebTokenHandler.ValidateSignatureAndIssuerSecurityKey(JsonWebToken jsonWebToken, TokenValidationParameters validationParameters, BaseConfiguration configuration)
   at Microsoft.IdentityModel.JsonWebTokens.JsonWebTokenHandler.ValidateJWSAsync(JsonWebToken jsonWebToken, TokenValidationParameters validationParameters, BaseConfiguration configuration)
2026-09-05 17:24:24.304 +03:00 [INF] Failed to validate the token.
Microsoft.IdentityModel.Tokens.SecurityTokenSignatureKeyNotFoundException: IDX10517: Signature validation failed. The token's kid is missing. Keys tried: 'Microsoft.IdentityModel.Tokens.SymmetricSecurityKey, KeyId: '', InternalId: 'VNGqhB7kZ75afXrNakqPyb1WYggzQUo6Cgi8Kx2i7Zs'. , KeyId: 
'. Number of keys in TokenValidationParameters: '1'. 
Number of keys in Configuration: '0'. 
Exceptions caught:
 '[PII of type 'System.Text.StringBuilder' is hidden. For more details, see https://aka.ms/IdentityModel/PII.]'.
token: '[PII of type 'Microsoft.IdentityModel.JsonWebTokens.JsonWebToken' is hidden. For more details, see https://aka.ms/IdentityModel/PII.]'. See https://aka.ms/IDX10503 for details.
   at Microsoft.IdentityModel.JsonWebTokens.JsonWebTokenHandler.ValidateSignature(JsonWebToken jwtToken, TokenValidationParameters validationParameters, BaseConfiguration configuration)
   at Microsoft.IdentityModel.JsonWebTokens.JsonWebTokenHandler.ValidateSignatureAndIssuerSecurityKey(JsonWebToken jsonWebToken, TokenValidationParameters validationParameters, BaseConfiguration configuration)
   at Microsoft.IdentityModel.JsonWebTokens.JsonWebTokenHandler.ValidateJWSAsync(JsonWebToken jsonWebToken, TokenValidationParameters validationParameters, BaseConfiguration configuration)
2026-09-05 17:24:24.308 +03:00 [INF] Failed to validate the token.
Microsoft.IdentityModel.Tokens.SecurityTokenSignatureKeyNotFoundException: IDX10517: Signature validation failed. The token's kid is missing. Keys tried: 'Microsoft.IdentityModel.Tokens.SymmetricSecurityKey, KeyId: '', InternalId: 'VNGqhB7kZ75afXrNakqPyb1WYggzQUo6Cgi8Kx2i7Zs'. , KeyId: 
'. Number of keys in TokenValidationParameters: '1'. 
Number of keys in Configuration: '0'. 
Exceptions caught:
 '[PII of type 'System.Text.StringBuilder' is hidden. For more details, see https://aka.ms/IdentityModel/PII.]'.
token: '[PII of type 'Microsoft.IdentityModel.JsonWebTokens.JsonWebToken' is hidden. For more details, see https://aka.ms/IdentityModel/PII.]'. See https://aka.ms/IDX10503 for details.
   at Microsoft.IdentityModel.JsonWebTokens.JsonWebTokenHandler.ValidateSignature(JsonWebToken jwtToken, TokenValidationParameters validationParameters, BaseConfiguration configuration)
   at Microsoft.IdentityModel.JsonWebTokens.JsonWebTokenHandler.ValidateSignatureAndIssuerSecurityKey(JsonWebToken jsonWebToken, TokenValidationParameters validationParameters, BaseConfiguration configuration)
   at Microsoft.IdentityModel.JsonWebTokens.JsonWebTokenHandler.ValidateJWSAsync(JsonWebToken jsonWebToken, TokenValidationParameters validationParameters, BaseConfiguration configuration)
2026-09-05 17:24:24.312 +03:00 [INF] Bearer was not authenticated. Failure message: IDX10517: Signature validation failed. The token's kid is missing. Keys tried: 'Microsoft.IdentityModel.Tokens.SymmetricSecurityKey, KeyId: '', InternalId: 'VNGqhB7kZ75afXrNakqPyb1WYggzQUo6Cgi8Kx2i7Zs'. , KeyId: 
'. Number of keys in TokenValidationParameters: '1'. 
Number of keys in Configuration: '0'. 
Exceptions caught:
 '[PII of type 'System.Text.StringBuilder' is hidden. For more details, see https://aka.ms/IdentityModel/PII.]'.
token: '[PII of type 'Microsoft.IdentityModel.JsonWebTokens.JsonWebToken' is hidden. For more details, see https://aka.ms/IdentityModel/PII.]'. See https://aka.ms/IDX10503 for details.
2026-09-05 17:24:24.318 +03:00 [INF] Bearer was not authenticated. Failure message: IDX10517: Signature validation failed. The token's kid is missing. Keys tried: 'Microsoft.IdentityModel.Tokens.SymmetricSecurityKey, KeyId: '', InternalId: 'VNGqhB7kZ75afXrNakqPyb1WYggzQUo6Cgi8Kx2i7Zs'. , KeyId: 
'. Number of keys in TokenValidationParameters: '1'. 
Number of keys in Configuration: '0'. 
Exceptions caught:
 '[PII of type 'System.Text.StringBuilder' is hidden. For more details, see https://aka.ms/IdentityModel/PII.]'.
token: '[PII of type 'Microsoft.IdentityModel.JsonWebTokens.JsonWebToken' is hidden. For more details, see https://aka.ms/IdentityModel/PII.]'. See https://aka.ms/IDX10503 for details.
2026-09-05 17:24:24.324 +03:00 [INF] Bearer was not authenticated. Failure message: IDX10517: Signature validation failed. The token's kid is missing. Keys tried: 'Microsoft.IdentityModel.Tokens.SymmetricSecurityKey, KeyId: '', InternalId: 'VNGqhB7kZ75afXrNakqPyb1WYggzQUo6Cgi8Kx2i7Zs'. , KeyId: 
'. Number of keys in TokenValidationParameters: '1'. 
Number of keys in Configuration: '0'. 
Exceptions caught:
 '[PII of type 'System.Text.StringBuilder' is hidden. For more details, see https://aka.ms/IdentityModel/PII.]'.
token: '[PII of type 'Microsoft.IdentityModel.JsonWebTokens.JsonWebToken' is hidden. For more details, see https://aka.ms/IdentityModel/PII.]'. See https://aka.ms/IDX10503 for details.
2026-09-05 17:24:24.326 +03:00 [INF] Executing endpoint 'CMS.API.Controllers.EncountersController.GetPatientEncounters (CMS.API)'
2026-09-05 17:24:24.328 +03:00 [INF] Executing endpoint 'CMS.API.Controllers.MedicalCertificatesController.GetPatientCertificates (CMS.API)'
2026-09-05 17:24:24.330 +03:00 [INF] Executing endpoint 'CMS.API.Controllers.TriageController.GetLatestPatientVitals (CMS.API)'
2026-09-05 17:24:24.346 +03:00 [INF] Route matched with {action = "GetPatientEncounters", controller = "Encounters"}. Executing controller action with signature System.Threading.Tasks.Task`1[Microsoft.AspNetCore.Mvc.IActionResult] GetPatientEncounters(Int32) on controller CMS.API.Controllers.EncountersController (CMS.API).
2026-09-05 17:24:24.348 +03:00 [INF] Route matched with {action = "GetPatientCertificates", controller = "MedicalCertificates"}. Executing controller action with signature System.Threading.Tasks.Task`1[Microsoft.AspNetCore.Mvc.IActionResult] GetPatientCertificates(Int32) on controller CMS.API.Controllers.MedicalCertificatesController (CMS.API).
2026-09-05 17:24:24.353 +03:00 [INF] Route matched with {action = "GetLatestPatientVitals", controller = "Triage"}. Executing controller action with signature System.Threading.Tasks.Task`1[Microsoft.AspNetCore.Mvc.IActionResult] GetLatestPatientVitals(Int32) on controller CMS.API.Controllers.TriageController (CMS.API).
2026-09-05 17:24:24.372 +03:00 [INF] Executing OkObjectResult, writing value of type 'CMS.Shared.DTOs.ApiResponse`1[[System.Collections.Generic.List`1[[CMS.Shared.DTOs.MedicalCertificateDto, CMS.Shared, Version=1.0.0.0, Culture=neutral, PublicKeyToken=null]], System.Private.CoreLib, Version=8.0.0.0, Culture=neutral, PublicKeyToken=7cec85d7bea7798e]]'.
2026-09-05 17:24:24.413 +03:00 [INF] Executing OkObjectResult, writing value of type 'CMS.Shared.DTOs.ApiResponse`1[[System.Collections.Generic.List`1[[CMS.Shared.DTOs.EncounterDto, CMS.Shared, Version=1.0.0.0, Culture=neutral, PublicKeyToken=null]], System.Private.CoreLib, Version=8.0.0.0, Culture=neutral, PublicKeyToken=7cec85d7bea7798e]]'.
2026-09-05 17:24:24.522 +03:00 [INF] Executed action CMS.API.Controllers.MedicalCertificatesController.GetPatientCertificates (CMS.API) in 160.0046ms
2026-09-05 17:24:24.551 +03:00 [INF] Executed action CMS.API.Controllers.EncountersController.GetPatientEncounters (CMS.API) in 196.8688ms
2026-09-05 17:24:24.590 +03:00 [INF] Executed endpoint 'CMS.API.Controllers.EncountersController.GetPatientEncounters (CMS.API)'
2026-09-05 17:24:24.592 +03:00 [INF] Request finished HTTP/1.1 GET http://localhost:5010/api/v1/encounters/patient/13 - 200 null application/json; charset=utf-8 301.3333ms
2026-09-05 17:24:24.587 +03:00 [INF] Executed endpoint 'CMS.API.Controllers.MedicalCertificatesController.GetPatientCertificates (CMS.API)'
2026-09-05 17:24:24.579 +03:00 [INF] Executing OkObjectResult, writing value of type 'CMS.Shared.DTOs.ApiResponse`1[[CMS.Shared.DTOs.TriageDto, CMS.Shared, Version=1.0.0.0, Culture=neutral, PublicKeyToken=null]]'.
2026-09-05 17:24:24.658 +03:00 [INF] Request finished HTTP/1.1 GET http://localhost:5010/api/v1/medicalcertificates/patient/13 - 200 null application/json; charset=utf-8 367.0025ms
2026-09-05 17:24:24.840 +03:00 [INF] Request starting HTTP/1.1 GET http://localhost:5010/api/v1/medicalcertificates/patient/13 - application/json null
2026-09-05 17:24:24.846 +03:00 [INF] Failed to validate the token.
Microsoft.IdentityModel.Tokens.SecurityTokenSignatureKeyNotFoundException: IDX10517: Signature validation failed. The token's kid is missing. Keys tried: 'Microsoft.IdentityModel.Tokens.SymmetricSecurityKey, KeyId: '', InternalId: 'VNGqhB7kZ75afXrNakqPyb1WYggzQUo6Cgi8Kx2i7Zs'. , KeyId: 
'. Number of keys in TokenValidationParameters: '1'. 
Number of keys in Configuration: '0'. 
Exceptions caught:
 '[PII of type 'System.Text.StringBuilder' is hidden. For more details, see https://aka.ms/IdentityModel/PII.]'.
token: '[PII of type 'Microsoft.IdentityModel.JsonWebTokens.JsonWebToken' is hidden. For more details, see https://aka.ms/IdentityModel/PII.]'. See https://aka.ms/IDX10503 for details.
   at Microsoft.IdentityModel.JsonWebTokens.JsonWebTokenHandler.ValidateSignature(JsonWebToken jwtToken, TokenValidationParameters validationParameters, BaseConfiguration configuration)
   at Microsoft.IdentityModel.JsonWebTokens.JsonWebTokenHandler.ValidateSignatureAndIssuerSecurityKey(JsonWebToken jsonWebToken, TokenValidationParameters validationParameters, BaseConfiguration configuration)
   at Microsoft.IdentityModel.JsonWebTokens.JsonWebTokenHandler.ValidateJWSAsync(JsonWebToken jsonWebToken, TokenValidationParameters validationParameters, BaseConfiguration configuration)
2026-09-05 17:24:24.852 +03:00 [INF] Bearer was not authenticated. Failure message: IDX10517: Signature validation failed. The token's kid is missing. Keys tried: 'Microsoft.IdentityModel.Tokens.SymmetricSecurityKey, KeyId: '', InternalId: 'VNGqhB7kZ75afXrNakqPyb1WYggzQUo6Cgi8Kx2i7Zs'. , KeyId: 
'. Number of keys in TokenValidationParameters: '1'. 
Number of keys in Configuration: '0'. 
Exceptions caught:
 '[PII of type 'System.Text.StringBuilder' is hidden. For more details, see https://aka.ms/IdentityModel/PII.]'.
token: '[PII of type 'Microsoft.IdentityModel.JsonWebTokens.JsonWebToken' is hidden. For more details, see https://aka.ms/IdentityModel/PII.]'. See https://aka.ms/IDX10503 for details.
2026-09-05 17:24:24.874 +03:00 [INF] Request starting HTTP/1.1 GET http://localhost:5010/api/v1/encounters/patient/13 - application/json null
2026-09-05 17:24:24.875 +03:00 [INF] Executed action CMS.API.Controllers.TriageController.GetLatestPatientVitals (CMS.API) in 376.8991ms
2026-09-05 17:24:24.879 +03:00 [INF] Executing endpoint 'CMS.API.Controllers.MedicalCertificatesController.GetPatientCertificates (CMS.API)'
2026-09-05 17:24:24.892 +03:00 [INF] Route matched with {action = "GetPatientCertificates", controller = "MedicalCertificates"}. Executing controller action with signature System.Threading.Tasks.Task`1[Microsoft.AspNetCore.Mvc.IActionResult] GetPatientCertificates(Int32) on controller CMS.API.Controllers.MedicalCertificatesController (CMS.API).
2026-09-05 17:24:24.892 +03:00 [INF] Executed endpoint 'CMS.API.Controllers.TriageController.GetLatestPatientVitals (CMS.API)'
2026-09-05 17:24:24.903 +03:00 [INF] Request finished HTTP/1.1 GET http://localhost:5010/api/v1/triage/patient/13/latest - 200 null application/json; charset=utf-8 611.6337ms
2026-09-05 17:24:24.887 +03:00 [INF] Failed to validate the token.
Microsoft.IdentityModel.Tokens.SecurityTokenSignatureKeyNotFoundException: IDX10517: Signature validation failed. The token's kid is missing. Keys tried: 'Microsoft.IdentityModel.Tokens.SymmetricSecurityKey, KeyId: '', InternalId: 'VNGqhB7kZ75afXrNakqPyb1WYggzQUo6Cgi8Kx2i7Zs'. , KeyId: 
'. Number of keys in TokenValidationParameters: '1'. 
Number of keys in Configuration: '0'. 
Exceptions caught:
 '[PII of type 'System.Text.StringBuilder' is hidden. For more details, see https://aka.ms/IdentityModel/PII.]'.
token: '[PII of type 'Microsoft.IdentityModel.JsonWebTokens.JsonWebToken' is hidden. For more details, see https://aka.ms/IdentityModel/PII.]'. See https://aka.ms/IDX10503 for details.
   at Microsoft.IdentityModel.JsonWebTokens.JsonWebTokenHandler.ValidateSignature(JsonWebToken jwtToken, TokenValidationParameters validationParameters, BaseConfiguration configuration)
   at Microsoft.IdentityModel.JsonWebTokens.JsonWebTokenHandler.ValidateSignatureAndIssuerSecurityKey(JsonWebToken jsonWebToken, TokenValidationParameters validationParameters, BaseConfiguration configuration)
   at Microsoft.IdentityModel.JsonWebTokens.JsonWebTokenHandler.ValidateJWSAsync(JsonWebToken jsonWebToken, TokenValidationParameters validationParameters, BaseConfiguration configuration)
2026-09-05 17:24:24.967 +03:00 [INF] Bearer was not authenticated. Failure message: IDX10517: Signature validation failed. The token's kid is missing. Keys tried: 'Microsoft.IdentityModel.Tokens.SymmetricSecurityKey, KeyId: '', InternalId: 'VNGqhB7kZ75afXrNakqPyb1WYggzQUo6Cgi8Kx2i7Zs'. , KeyId: 
'. Number of keys in TokenValidationParameters: '1'. 
Number of keys in Configuration: '0'. 
Exceptions caught:
 '[PII of type 'System.Text.StringBuilder' is hidden. For more details, see https://aka.ms/IdentityModel/PII.]'.
token: '[PII of type 'Microsoft.IdentityModel.JsonWebTokens.JsonWebToken' is hidden. For more details, see https://aka.ms/IdentityModel/PII.]'. See https://aka.ms/IDX10503 for details.
2026-09-05 17:24:24.916 +03:00 [INF] Executing OkObjectResult, writing value of type 'CMS.Shared.DTOs.ApiResponse`1[[System.Collections.Generic.List`1[[CMS.Shared.DTOs.MedicalCertificateDto, CMS.Shared, Version=1.0.0.0, Culture=neutral, PublicKeyToken=null]], System.Private.CoreLib, Version=8.0.0.0, Culture=neutral, PublicKeyToken=7cec85d7bea7798e]]'.
2026-09-05 17:24:25.079 +03:00 [INF] Executed action CMS.API.Controllers.MedicalCertificatesController.GetPatientCertificates (CMS.API) in 182.59ms
2026-09-05 17:24:25.077 +03:00 [INF] Executing endpoint 'CMS.API.Controllers.EncountersController.GetPatientEncounters (CMS.API)'
2026-09-05 17:24:25.088 +03:00 [INF] Route matched with {action = "GetPatientEncounters", controller = "Encounters"}. Executing controller action with signature System.Threading.Tasks.Task`1[Microsoft.AspNetCore.Mvc.IActionResult] GetPatientEncounters(Int32) on controller CMS.API.Controllers.EncountersController (CMS.API).
2026-09-05 17:24:25.086 +03:00 [INF] Executed endpoint 'CMS.API.Controllers.MedicalCertificatesController.GetPatientCertificates (CMS.API)'
2026-09-05 17:24:25.094 +03:00 [INF] Request finished HTTP/1.1 GET http://localhost:5010/api/v1/medicalcertificates/patient/13 - 200 null application/json; charset=utf-8 254.5793ms
2026-09-05 17:24:25.095 +03:00 [INF] Executing OkObjectResult, writing value of type 'CMS.Shared.DTOs.ApiResponse`1[[System.Collections.Generic.List`1[[CMS.Shared.DTOs.EncounterDto, CMS.Shared, Version=1.0.0.0, Culture=neutral, PublicKeyToken=null]], System.Private.CoreLib, Version=8.0.0.0, Culture=neutral, PublicKeyToken=7cec85d7bea7798e]]'.
2026-09-05 17:24:25.102 +03:00 [INF] Executed action CMS.API.Controllers.EncountersController.GetPatientEncounters (CMS.API) in 10.0193ms
2026-09-05 17:24:25.110 +03:00 [INF] Executed endpoint 'CMS.API.Controllers.EncountersController.GetPatientEncounters (CMS.API)'
2026-09-05 17:24:25.112 +03:00 [INF] Request finished HTTP/1.1 GET http://localhost:5010/api/v1/encounters/patient/13 - 200 null application/json; charset=utf-8 238.5288ms
2026-09-05 17:24:25.195 +03:00 [INF] Request starting HTTP/1.1 GET http://localhost:5010/api/v1/triage/patient/13/latest - application/json null
2026-09-05 17:24:25.399 +03:00 [INF] Failed to validate the token.
Microsoft.IdentityModel.Tokens.SecurityTokenSignatureKeyNotFoundException: IDX10517: Signature validation failed. The token's kid is missing. Keys tried: 'Microsoft.IdentityModel.Tokens.SymmetricSecurityKey, KeyId: '', InternalId: 'VNGqhB7kZ75afXrNakqPyb1WYggzQUo6Cgi8Kx2i7Zs'. , KeyId: 
'. Number of keys in TokenValidationParameters: '1'. 
Number of keys in Configuration: '0'. 
Exceptions caught:
 '[PII of type 'System.Text.StringBuilder' is hidden. For more details, see https://aka.ms/IdentityModel/PII.]'.
token: '[PII of type 'Microsoft.IdentityModel.JsonWebTokens.JsonWebToken' is hidden. For more details, see https://aka.ms/IdentityModel/PII.]'. See https://aka.ms/IDX10503 for details.
   at Microsoft.IdentityModel.JsonWebTokens.JsonWebTokenHandler.ValidateSignature(JsonWebToken jwtToken, TokenValidationParameters validationParameters, BaseConfiguration configuration)
   at Microsoft.IdentityModel.JsonWebTokens.JsonWebTokenHandler.ValidateSignatureAndIssuerSecurityKey(JsonWebToken jsonWebToken, TokenValidationParameters validationParameters, BaseConfiguration configuration)
   at Microsoft.IdentityModel.JsonWebTokens.JsonWebTokenHandler.ValidateJWSAsync(JsonWebToken jsonWebToken, TokenValidationParameters validationParameters, BaseConfiguration configuration)
2026-09-05 17:24:25.403 +03:00 [INF] Bearer was not authenticated. Failure message: IDX10517: Signature validation failed. The token's kid is missing. Keys tried: 'Microsoft.IdentityModel.Tokens.SymmetricSecurityKey, KeyId: '', InternalId: 'VNGqhB7kZ75afXrNakqPyb1WYggzQUo6Cgi8Kx2i7Zs'. , KeyId: 
'. Number of keys in TokenValidationParameters: '1'. 
Number of keys in Configuration: '0'. 
Exceptions caught:
 '[PII of type 'System.Text.StringBuilder' is hidden. For more details, see https://aka.ms/IdentityModel/PII.]'.
token: '[PII of type 'Microsoft.IdentityModel.JsonWebTokens.JsonWebToken' is hidden. For more details, see https://aka.ms/IdentityModel/PII.]'. See https://aka.ms/IDX10503 for details.
2026-09-05 17:24:25.407 +03:00 [INF] Executing endpoint 'CMS.API.Controllers.TriageController.GetLatestPatientVitals (CMS.API)'
2026-09-05 17:24:25.409 +03:00 [INF] Route matched with {action = "GetLatestPatientVitals", controller = "Triage"}. Executing controller action with signature System.Threading.Tasks.Task`1[Microsoft.AspNetCore.Mvc.IActionResult] GetLatestPatientVitals(Int32) on controller CMS.API.Controllers.TriageController (CMS.API).
2026-09-05 17:24:25.416 +03:00 [INF] Executing OkObjectResult, writing value of type 'CMS.Shared.DTOs.ApiResponse`1[[CMS.Shared.DTOs.TriageDto, CMS.Shared, Version=1.0.0.0, Culture=neutral, PublicKeyToken=null]]'.
2026-09-05 17:24:25.424 +03:00 [INF] Executed action CMS.API.Controllers.TriageController.GetLatestPatientVitals (CMS.API) in 11.3951ms
2026-09-05 17:24:25.434 +03:00 [INF] Executed endpoint 'CMS.API.Controllers.TriageController.GetLatestPatientVitals (CMS.API)'
2026-09-05 17:24:25.441 +03:00 [INF] Request finished HTTP/1.1 GET http://localhost:5010/api/v1/triage/patient/13/latest - 200 null application/json; charset=utf-8 245.8217ms
2026-09-05 17:25:28.294 +03:00 [INF] Request starting HTTP/1.1 GET http://localhost:5010/api/v1/users - application/json null
2026-09-05 17:25:28.295 +03:00 [INF] Request starting HTTP/1.1 GET http://localhost:5010/api/v1/settings - null null
2026-09-05 17:25:28.295 +03:00 [INF] Request starting HTTP/1.1 GET http://localhost:5010/api/v1/users/roles - application/json null
2026-09-05 17:25:28.303 +03:00 [INF] Executing endpoint 'CMS.API.Controllers.UsersController.GetUsers (CMS.API)'
2026-09-05 17:25:28.308 +03:00 [INF] Executing endpoint 'CMS.API.Controllers.SettingsController.GetSettings (CMS.API)'
2026-09-05 17:25:28.312 +03:00 [INF] Executing endpoint 'CMS.API.Controllers.UsersController.GetRoles (CMS.API)'
2026-09-05 17:25:28.318 +03:00 [INF] Route matched with {action = "GetSettings", controller = "Settings"}. Executing controller action with signature System.Threading.Tasks.Task`1[Microsoft.AspNetCore.Mvc.IActionResult] GetSettings() on controller CMS.API.Controllers.SettingsController (CMS.API).
2026-09-05 17:25:28.330 +03:00 [INF] Route matched with {action = "GetUsers", controller = "Users"}. Executing controller action with signature System.Threading.Tasks.Task`1[Microsoft.AspNetCore.Mvc.IActionResult] GetUsers() on controller CMS.API.Controllers.UsersController (CMS.API).
2026-09-05 17:25:28.333 +03:00 [INF] Route matched with {action = "GetRoles", controller = "Users"}. Executing controller action with signature System.Threading.Tasks.Task`1[Microsoft.AspNetCore.Mvc.IActionResult] GetRoles() on controller CMS.API.Controllers.UsersController (CMS.API).
2026-09-05 17:25:28.469 +03:00 [INF] Executing OkObjectResult, writing value of type 'CMS.Shared.DTOs.ApiResponse`1[[System.Collections.Generic.List`1[[CMS.Shared.DTOs.ClinicSettingDto, CMS.Shared, Version=1.0.0.0, Culture=neutral, PublicKeyToken=null]], System.Private.CoreLib, Version=8.0.0.0, Culture=neutral, PublicKeyToken=7cec85d7bea7798e]]'.
2026-09-05 17:25:28.496 +03:00 [INF] Executed action CMS.API.Controllers.SettingsController.GetSettings (CMS.API) in 153.9179ms
2026-09-05 17:25:28.512 +03:00 [INF] Executed endpoint 'CMS.API.Controllers.SettingsController.GetSettings (CMS.API)'
2026-09-05 17:25:28.554 +03:00 [INF] Request starting HTTP/1.1 GET http://localhost:5010/api/v1/settings - null null
2026-09-05 17:25:28.797 +03:00 [INF] Executing endpoint 'CMS.API.Controllers.SettingsController.GetSettings (CMS.API)'
2026-09-05 17:25:28.780 +03:00 [INF] Request finished HTTP/1.1 GET http://localhost:5010/api/v1/settings - 200 null application/json; charset=utf-8 485.4457ms
2026-09-05 17:25:28.908 +03:00 [INF] Executing OkObjectResult, writing value of type 'CMS.Shared.DTOs.ApiResponse`1[[System.Collections.Generic.List`1[[CMS.Shared.DTOs.RoleWithPermissionsDto, CMS.Shared, Version=1.0.0.0, Culture=neutral, PublicKeyToken=null]], System.Private.CoreLib, Version=8.0.0.0, Culture=neutral, PublicKeyToken=7cec85d7bea7798e]]'.
2026-09-05 17:25:28.924 +03:00 [INF] Executing OkObjectResult, writing value of type 'CMS.Shared.DTOs.ApiResponse`1[[System.Collections.Generic.List`1[[CMS.Shared.DTOs.UserDto, CMS.Shared, Version=1.0.0.0, Culture=neutral, PublicKeyToken=null]], System.Private.CoreLib, Version=8.0.0.0, Culture=neutral, PublicKeyToken=7cec85d7bea7798e]]'.
2026-09-05 17:25:28.929 +03:00 [INF] Route matched with {action = "GetSettings", controller = "Settings"}. Executing controller action with signature System.Threading.Tasks.Task`1[Microsoft.AspNetCore.Mvc.IActionResult] GetSettings() on controller CMS.API.Controllers.SettingsController (CMS.API).
2026-09-05 17:25:28.962 +03:00 [INF] Executed action CMS.API.Controllers.UsersController.GetRoles (CMS.API) in 476.7531ms
2026-09-05 17:25:28.990 +03:00 [INF] Executed endpoint 'CMS.API.Controllers.UsersController.GetRoles (CMS.API)'
2026-09-05 17:25:28.973 +03:00 [INF] Request starting HTTP/1.1 GET http://localhost:5010/api/v1/users/roles - application/json null
2026-09-05 17:25:29.035 +03:00 [INF] Executing endpoint 'CMS.API.Controllers.UsersController.GetRoles (CMS.API)'
2026-09-05 17:25:28.999 +03:00 [INF] Executing OkObjectResult, writing value of type 'CMS.Shared.DTOs.ApiResponse`1[[System.Collections.Generic.List`1[[CMS.Shared.DTOs.ClinicSettingDto, CMS.Shared, Version=1.0.0.0, Culture=neutral, PublicKeyToken=null]], System.Private.CoreLib, Version=8.0.0.0, Culture=neutral, PublicKeyToken=7cec85d7bea7798e]]'.
2026-09-05 17:25:29.042 +03:00 [INF] Executed action CMS.API.Controllers.SettingsController.GetSettings (CMS.API) in 63.6821ms
2026-09-05 17:25:29.046 +03:00 [INF] Executed endpoint 'CMS.API.Controllers.SettingsController.GetSettings (CMS.API)'
2026-09-05 17:25:29.039 +03:00 [INF] Route matched with {action = "GetRoles", controller = "Users"}. Executing controller action with signature System.Threading.Tasks.Task`1[Microsoft.AspNetCore.Mvc.IActionResult] GetRoles() on controller CMS.API.Controllers.UsersController (CMS.API).
2026-09-05 17:25:29.027 +03:00 [INF] Request finished HTTP/1.1 GET http://localhost:5010/api/v1/users/roles - 200 null application/json; charset=utf-8 731.3752ms
2026-09-05 17:25:28.969 +03:00 [INF] Executed action CMS.API.Controllers.UsersController.GetUsers (CMS.API) in 487.5033ms
2026-09-05 17:25:29.165 +03:00 [INF] Executed endpoint 'CMS.API.Controllers.UsersController.GetUsers (CMS.API)'
2026-09-05 17:25:29.167 +03:00 [INF] Request finished HTTP/1.1 GET http://localhost:5010/api/v1/users - 200 null application/json; charset=utf-8 873.3066ms
2026-09-05 17:25:29.050 +03:00 [INF] Request finished HTTP/1.1 GET http://localhost:5010/api/v1/settings - 200 null application/json; charset=utf-8 495.6362ms
2026-09-05 17:25:29.063 +03:00 [INF] Executing OkObjectResult, writing value of type 'CMS.Shared.DTOs.ApiResponse`1[[System.Collections.Generic.List`1[[CMS.Shared.DTOs.RoleWithPermissionsDto, CMS.Shared, Version=1.0.0.0, Culture=neutral, PublicKeyToken=null]], System.Private.CoreLib, Version=8.0.0.0, Culture=neutral, PublicKeyToken=7cec85d7bea7798e]]'.
2026-09-05 17:25:29.303 +03:00 [INF] Request starting HTTP/1.1 GET http://localhost:5010/api/v1/users - application/json null
2026-09-05 17:25:29.579 +03:00 [INF] Executed action CMS.API.Controllers.UsersController.GetRoles (CMS.API) in 522.0098ms
2026-09-05 17:25:29.586 +03:00 [INF] Executing endpoint 'CMS.API.Controllers.UsersController.GetUsers (CMS.API)'
2026-09-05 17:25:29.591 +03:00 [INF] Executed endpoint 'CMS.API.Controllers.UsersController.GetRoles (CMS.API)'
2026-09-05 17:25:29.593 +03:00 [INF] Route matched with {action = "GetUsers", controller = "Users"}. Executing controller action with signature System.Threading.Tasks.Task`1[Microsoft.AspNetCore.Mvc.IActionResult] GetUsers() on controller CMS.API.Controllers.UsersController (CMS.API).
2026-09-05 17:25:29.595 +03:00 [INF] Request finished HTTP/1.1 GET http://localhost:5010/api/v1/users/roles - 200 null application/json; charset=utf-8 622.1695ms
2026-09-05 17:25:29.869 +03:00 [INF] Executing OkObjectResult, writing value of type 'CMS.Shared.DTOs.ApiResponse`1[[System.Collections.Generic.List`1[[CMS.Shared.DTOs.UserDto, CMS.Shared, Version=1.0.0.0, Culture=neutral, PublicKeyToken=null]], System.Private.CoreLib, Version=8.0.0.0, Culture=neutral, PublicKeyToken=7cec85d7bea7798e]]'.
2026-09-05 17:25:29.895 +03:00 [INF] Executed action CMS.API.Controllers.UsersController.GetUsers (CMS.API) in 29.8223ms
2026-09-05 17:25:30.289 +03:00 [INF] Executed endpoint 'CMS.API.Controllers.UsersController.GetUsers (CMS.API)'
2026-09-05 17:25:30.776 +03:00 [INF] Request finished HTTP/1.1 GET http://localhost:5010/api/v1/users - 200 null application/json; charset=utf-8 1473.3861ms
2026-09-05 17:25:35.789 +03:00 [INF] Request starting HTTP/1.1 POST http://localhost:5010/api/v1/settings - application/json 987
2026-09-05 17:25:35.825 +03:00 [INF] CORS policy execution successful.
2026-09-05 17:25:35.833 +03:00 [INF] Executing endpoint 'CMS.API.Controllers.SettingsController.UpdateSetting (CMS.API)'
2026-09-05 17:25:35.867 +03:00 [INF] Route matched with {action = "UpdateSetting", controller = "Settings"}. Executing controller action with signature System.Threading.Tasks.Task`1[Microsoft.AspNetCore.Mvc.IActionResult] UpdateSetting(CMS.Shared.DTOs.UpdateSettingDto) on controller CMS.API.Controllers.SettingsController (CMS.API).
2026-09-05 17:25:36.024 +03:00 [INF] Executing OkObjectResult, writing value of type 'CMS.Shared.DTOs.ApiResponse`1[[System.String, System.Private.CoreLib, Version=8.0.0.0, Culture=neutral, PublicKeyToken=7cec85d7bea7798e]]'.
2026-09-05 17:25:36.031 +03:00 [INF] Executed action CMS.API.Controllers.SettingsController.UpdateSetting (CMS.API) in 132.9054ms
2026-09-05 17:25:36.036 +03:00 [INF] Executed endpoint 'CMS.API.Controllers.SettingsController.UpdateSetting (CMS.API)'
2026-09-05 17:25:36.040 +03:00 [INF] Request finished HTTP/1.1 POST http://localhost:5010/api/v1/settings - 200 null application/json; charset=utf-8 250.7762ms
2026-09-05 17:25:43.892 +03:00 [INF] Request starting HTTP/1.1 GET http://localhost:5010/api/v1/dashboard/metrics - null null
2026-09-05 17:25:43.898 +03:00 [INF] Request starting HTTP/1.1 GET http://localhost:5010/api/v1/settings - null null
2026-09-05 17:25:44.101 +03:00 [INF] Failed to validate the token.
Microsoft.IdentityModel.Tokens.SecurityTokenSignatureKeyNotFoundException: IDX10517: Signature validation failed. The token's kid is missing. Keys tried: 'Microsoft.IdentityModel.Tokens.SymmetricSecurityKey, KeyId: '', InternalId: 'VNGqhB7kZ75afXrNakqPyb1WYggzQUo6Cgi8Kx2i7Zs'. , KeyId: 
'. Number of keys in TokenValidationParameters: '1'. 
Number of keys in Configuration: '0'. 
Exceptions caught:
 '[PII of type 'System.Text.StringBuilder' is hidden. For more details, see https://aka.ms/IdentityModel/PII.]'.
token: '[PII of type 'Microsoft.IdentityModel.JsonWebTokens.JsonWebToken' is hidden. For more details, see https://aka.ms/IdentityModel/PII.]'. See https://aka.ms/IDX10503 for details.
   at Microsoft.IdentityModel.JsonWebTokens.JsonWebTokenHandler.ValidateSignature(JsonWebToken jwtToken, TokenValidationParameters validationParameters, BaseConfiguration configuration)
   at Microsoft.IdentityModel.JsonWebTokens.JsonWebTokenHandler.ValidateSignatureAndIssuerSecurityKey(JsonWebToken jsonWebToken, TokenValidationParameters validationParameters, BaseConfiguration configuration)
   at Microsoft.IdentityModel.JsonWebTokens.JsonWebTokenHandler.ValidateJWSAsync(JsonWebToken jsonWebToken, TokenValidationParameters validationParameters, BaseConfiguration configuration)
2026-09-05 17:25:44.109 +03:00 [INF] Executing endpoint 'CMS.API.Controllers.SettingsController.GetSettings (CMS.API)'
2026-09-05 17:25:44.206 +03:00 [INF] Bearer was not authenticated. Failure message: IDX10517: Signature validation failed. The token's kid is missing. Keys tried: 'Microsoft.IdentityModel.Tokens.SymmetricSecurityKey, KeyId: '', InternalId: 'VNGqhB7kZ75afXrNakqPyb1WYggzQUo6Cgi8Kx2i7Zs'. , KeyId: 
'. Number of keys in TokenValidationParameters: '1'. 
Number of keys in Configuration: '0'. 
Exceptions caught:
 '[PII of type 'System.Text.StringBuilder' is hidden. For more details, see https://aka.ms/IdentityModel/PII.]'.
token: '[PII of type 'Microsoft.IdentityModel.JsonWebTokens.JsonWebToken' is hidden. For more details, see https://aka.ms/IdentityModel/PII.]'. See https://aka.ms/IDX10503 for details.
2026-09-05 17:25:44.211 +03:00 [INF] Route matched with {action = "GetSettings", controller = "Settings"}. Executing controller action with signature System.Threading.Tasks.Task`1[Microsoft.AspNetCore.Mvc.IActionResult] GetSettings() on controller CMS.API.Controllers.SettingsController (CMS.API).
2026-09-05 17:25:44.214 +03:00 [INF] Executing endpoint 'CMS.API.Controllers.DashboardController.GetMetrics (CMS.API)'
2026-09-05 17:25:44.220 +03:00 [INF] Route matched with {action = "GetMetrics", controller = "Dashboard"}. Executing controller action with signature System.Threading.Tasks.Task`1[Microsoft.AspNetCore.Mvc.IActionResult] GetMetrics() on controller CMS.API.Controllers.DashboardController (CMS.API).
2026-09-05 17:25:44.221 +03:00 [INF] Executing OkObjectResult, writing value of type 'CMS.Shared.DTOs.ApiResponse`1[[System.Collections.Generic.List`1[[CMS.Shared.DTOs.ClinicSettingDto, CMS.Shared, Version=1.0.0.0, Culture=neutral, PublicKeyToken=null]], System.Private.CoreLib, Version=8.0.0.0, Culture=neutral, PublicKeyToken=7cec85d7bea7798e]]'.
2026-09-05 17:25:44.230 +03:00 [INF] Executed action CMS.API.Controllers.SettingsController.GetSettings (CMS.API) in 12.3092ms
2026-09-05 17:25:44.239 +03:00 [INF] Executed endpoint 'CMS.API.Controllers.SettingsController.GetSettings (CMS.API)'
2026-09-05 17:25:44.243 +03:00 [INF] Request starting HTTP/1.1 GET http://localhost:5010/api/v1/settings - null null
2026-09-05 17:25:44.371 +03:00 [INF] Request finished HTTP/1.1 GET http://localhost:5010/api/v1/settings - 200 null application/json; charset=utf-8 472.462ms
2026-09-05 17:25:44.397 +03:00 [INF] Executing endpoint 'CMS.API.Controllers.SettingsController.GetSettings (CMS.API)'
2026-09-05 17:25:44.409 +03:00 [INF] Route matched with {action = "GetSettings", controller = "Settings"}. Executing controller action with signature System.Threading.Tasks.Task`1[Microsoft.AspNetCore.Mvc.IActionResult] GetSettings() on controller CMS.API.Controllers.SettingsController (CMS.API).
2026-09-05 17:25:44.415 +03:00 [INF] Executing OkObjectResult, writing value of type 'CMS.Shared.DTOs.ApiResponse`1[[System.Collections.Generic.List`1[[CMS.Shared.DTOs.ClinicSettingDto, CMS.Shared, Version=1.0.0.0, Culture=neutral, PublicKeyToken=null]], System.Private.CoreLib, Version=8.0.0.0, Culture=neutral, PublicKeyToken=7cec85d7bea7798e]]'.
2026-09-05 17:25:44.418 +03:00 [INF] Executed action CMS.API.Controllers.SettingsController.GetSettings (CMS.API) in 5.2514ms
2026-09-05 17:25:44.423 +03:00 [INF] Executed endpoint 'CMS.API.Controllers.SettingsController.GetSettings (CMS.API)'
2026-09-05 17:25:44.425 +03:00 [INF] Request finished HTTP/1.1 GET http://localhost:5010/api/v1/settings - 200 null application/json; charset=utf-8 182.5751ms
2026-09-05 17:25:44.444 +03:00 [INF] Executing OkObjectResult, writing value of type 'CMS.Shared.DTOs.ApiResponse`1[[CMS.Shared.DTOs.DashboardMetricsDto, CMS.Shared, Version=1.0.0.0, Culture=neutral, PublicKeyToken=null]]'.
2026-09-05 17:25:44.447 +03:00 [INF] Executed action CMS.API.Controllers.DashboardController.GetMetrics (CMS.API) in 220.7606ms
2026-09-05 17:25:44.450 +03:00 [INF] Executed endpoint 'CMS.API.Controllers.DashboardController.GetMetrics (CMS.API)'
2026-09-05 17:25:44.452 +03:00 [INF] Request finished HTTP/1.1 GET http://localhost:5010/api/v1/dashboard/metrics - 200 null application/json; charset=utf-8 560.3757ms
2026-09-05 17:25:44.456 +03:00 [INF] Request starting HTTP/1.1 GET http://localhost:5010/api/v1/dashboard/metrics - null null
2026-09-05 17:25:44.471 +03:00 [INF] Failed to validate the token.
Microsoft.IdentityModel.Tokens.SecurityTokenSignatureKeyNotFoundException: IDX10517: Signature validation failed. The token's kid is missing. Keys tried: 'Microsoft.IdentityModel.Tokens.SymmetricSecurityKey, KeyId: '', InternalId: 'VNGqhB7kZ75afXrNakqPyb1WYggzQUo6Cgi8Kx2i7Zs'. , KeyId: 
'. Number of keys in TokenValidationParameters: '1'. 
Number of keys in Configuration: '0'. 
Exceptions caught:
 '[PII of type 'System.Text.StringBuilder' is hidden. For more details, see https://aka.ms/IdentityModel/PII.]'.
token: '[PII of type 'Microsoft.IdentityModel.JsonWebTokens.JsonWebToken' is hidden. For more details, see https://aka.ms/IdentityModel/PII.]'. See https://aka.ms/IDX10503 for details.
   at Microsoft.IdentityModel.JsonWebTokens.JsonWebTokenHandler.ValidateSignature(JsonWebToken jwtToken, TokenValidationParameters validationParameters, BaseConfiguration configuration)
   at Microsoft.IdentityModel.JsonWebTokens.JsonWebTokenHandler.ValidateSignatureAndIssuerSecurityKey(JsonWebToken jsonWebToken, TokenValidationParameters validationParameters, BaseConfiguration configuration)
   at Microsoft.IdentityModel.JsonWebTokens.JsonWebTokenHandler.ValidateJWSAsync(JsonWebToken jsonWebToken, TokenValidationParameters validationParameters, BaseConfiguration configuration)
2026-09-05 17:25:44.479 +03:00 [INF] Bearer was not authenticated. Failure message: IDX10517: Signature validation failed. The token's kid is missing. Keys tried: 'Microsoft.IdentityModel.Tokens.SymmetricSecurityKey, KeyId: '', InternalId: 'VNGqhB7kZ75afXrNakqPyb1WYggzQUo6Cgi8Kx2i7Zs'. , KeyId: 
'. Number of keys in TokenValidationParameters: '1'. 
Number of keys in Configuration: '0'. 
Exceptions caught:
 '[PII of type 'System.Text.StringBuilder' is hidden. For more details, see https://aka.ms/IdentityModel/PII.]'.
token: '[PII of type 'Microsoft.IdentityModel.JsonWebTokens.JsonWebToken' is hidden. For more details, see https://aka.ms/IdentityModel/PII.]'. See https://aka.ms/IDX10503 for details.
2026-09-05 17:25:44.481 +03:00 [INF] Executing endpoint 'CMS.API.Controllers.DashboardController.GetMetrics (CMS.API)'
2026-09-05 17:25:44.483 +03:00 [INF] Route matched with {action = "GetMetrics", controller = "Dashboard"}. Executing controller action with signature System.Threading.Tasks.Task`1[Microsoft.AspNetCore.Mvc.IActionResult] GetMetrics() on controller CMS.API.Controllers.DashboardController (CMS.API).
2026-09-05 17:25:44.496 +03:00 [INF] Executing OkObjectResult, writing value of type 'CMS.Shared.DTOs.ApiResponse`1[[CMS.Shared.DTOs.DashboardMetricsDto, CMS.Shared, Version=1.0.0.0, Culture=neutral, PublicKeyToken=null]]'.
2026-09-05 17:25:44.499 +03:00 [INF] Executed action CMS.API.Controllers.DashboardController.GetMetrics (CMS.API) in 11.4634ms
2026-09-05 17:25:44.502 +03:00 [INF] Executed endpoint 'CMS.API.Controllers.DashboardController.GetMetrics (CMS.API)'
2026-09-05 17:25:44.505 +03:00 [INF] Request finished HTTP/1.1 GET http://localhost:5010/api/v1/dashboard/metrics - 200 null application/json; charset=utf-8 48.6875ms
2026-09-05 17:25:46.721 +03:00 [INF] Request starting HTTP/1.1 GET http://localhost:5010/api/v1/staff/doctors - application/json null
2026-09-05 17:25:46.731 +03:00 [INF] Request starting HTTP/1.1 GET http://localhost:5010/api/v1/triage/doctor/2?date=2026-09-05 - application/json null
2026-09-05 17:25:46.733 +03:00 [INF] Failed to validate the token.
Microsoft.IdentityModel.Tokens.SecurityTokenSignatureKeyNotFoundException: IDX10517: Signature validation failed. The token's kid is missing. Keys tried: 'Microsoft.IdentityModel.Tokens.SymmetricSecurityKey, KeyId: '', InternalId: 'VNGqhB7kZ75afXrNakqPyb1WYggzQUo6Cgi8Kx2i7Zs'. , KeyId: 
'. Number of keys in TokenValidationParameters: '1'. 
Number of keys in Configuration: '0'. 
Exceptions caught:
 '[PII of type 'System.Text.StringBuilder' is hidden. For more details, see https://aka.ms/IdentityModel/PII.]'.
token: '[PII of type 'Microsoft.IdentityModel.JsonWebTokens.JsonWebToken' is hidden. For more details, see https://aka.ms/IdentityModel/PII.]'. See https://aka.ms/IDX10503 for details.
   at Microsoft.IdentityModel.JsonWebTokens.JsonWebTokenHandler.ValidateSignature(JsonWebToken jwtToken, TokenValidationParameters validationParameters, BaseConfiguration configuration)
   at Microsoft.IdentityModel.JsonWebTokens.JsonWebTokenHandler.ValidateSignatureAndIssuerSecurityKey(JsonWebToken jsonWebToken, TokenValidationParameters validationParameters, BaseConfiguration configuration)
   at Microsoft.IdentityModel.JsonWebTokens.JsonWebTokenHandler.ValidateJWSAsync(JsonWebToken jsonWebToken, TokenValidationParameters validationParameters, BaseConfiguration configuration)
2026-09-05 17:25:46.738 +03:00 [INF] Failed to validate the token.
Microsoft.IdentityModel.Tokens.SecurityTokenSignatureKeyNotFoundException: IDX10517: Signature validation failed. The token's kid is missing. Keys tried: 'Microsoft.IdentityModel.Tokens.SymmetricSecurityKey, KeyId: '', InternalId: 'VNGqhB7kZ75afXrNakqPyb1WYggzQUo6Cgi8Kx2i7Zs'. , KeyId: 
'. Number of keys in TokenValidationParameters: '1'. 
Number of keys in Configuration: '0'. 
Exceptions caught:
 '[PII of type 'System.Text.StringBuilder' is hidden. For more details, see https://aka.ms/IdentityModel/PII.]'.
token: '[PII of type 'Microsoft.IdentityModel.JsonWebTokens.JsonWebToken' is hidden. For more details, see https://aka.ms/IdentityModel/PII.]'. See https://aka.ms/IDX10503 for details.
   at Microsoft.IdentityModel.JsonWebTokens.JsonWebTokenHandler.ValidateSignature(JsonWebToken jwtToken, TokenValidationParameters validationParameters, BaseConfiguration configuration)
   at Microsoft.IdentityModel.JsonWebTokens.JsonWebTokenHandler.ValidateSignatureAndIssuerSecurityKey(JsonWebToken jsonWebToken, TokenValidationParameters validationParameters, BaseConfiguration configuration)
   at Microsoft.IdentityModel.JsonWebTokens.JsonWebTokenHandler.ValidateJWSAsync(JsonWebToken jsonWebToken, TokenValidationParameters validationParameters, BaseConfiguration configuration)
2026-09-05 17:25:46.744 +03:00 [INF] Bearer was not authenticated. Failure message: IDX10517: Signature validation failed. The token's kid is missing. Keys tried: 'Microsoft.IdentityModel.Tokens.SymmetricSecurityKey, KeyId: '', InternalId: 'VNGqhB7kZ75afXrNakqPyb1WYggzQUo6Cgi8Kx2i7Zs'. , KeyId: 
'. Number of keys in TokenValidationParameters: '1'. 
Number of keys in Configuration: '0'. 
Exceptions caught:
 '[PII of type 'System.Text.StringBuilder' is hidden. For more details, see https://aka.ms/IdentityModel/PII.]'.
token: '[PII of type 'Microsoft.IdentityModel.JsonWebTokens.JsonWebToken' is hidden. For more details, see https://aka.ms/IdentityModel/PII.]'. See https://aka.ms/IDX10503 for details.
2026-09-05 17:25:46.747 +03:00 [INF] Bearer was not authenticated. Failure message: IDX10517: Signature validation failed. The token's kid is missing. Keys tried: 'Microsoft.IdentityModel.Tokens.SymmetricSecurityKey, KeyId: '', InternalId: 'VNGqhB7kZ75afXrNakqPyb1WYggzQUo6Cgi8Kx2i7Zs'. , KeyId: 
'. Number of keys in TokenValidationParameters: '1'. 
Number of keys in Configuration: '0'. 
Exceptions caught:
 '[PII of type 'System.Text.StringBuilder' is hidden. For more details, see https://aka.ms/IdentityModel/PII.]'.
token: '[PII of type 'Microsoft.IdentityModel.JsonWebTokens.JsonWebToken' is hidden. For more details, see https://aka.ms/IdentityModel/PII.]'. See https://aka.ms/IDX10503 for details.
2026-09-05 17:25:46.749 +03:00 [INF] Executing endpoint 'CMS.API.Controllers.StaffController.GetDoctors (CMS.API)'
2026-09-05 17:25:46.750 +03:00 [INF] Executing endpoint 'CMS.API.Controllers.TriageController.GetDoctorQueue (CMS.API)'
2026-09-05 17:25:46.760 +03:00 [INF] Route matched with {action = "GetDoctorQueue", controller = "Triage"}. Executing controller action with signature System.Threading.Tasks.Task`1[Microsoft.AspNetCore.Mvc.IActionResult] GetDoctorQueue(Int32, System.Nullable`1[System.DateTime]) on controller CMS.API.Controllers.TriageController (CMS.API).
2026-09-05 17:25:46.752 +03:00 [INF] Route matched with {action = "GetDoctors", controller = "Staff"}. Executing controller action with signature System.Threading.Tasks.Task`1[Microsoft.AspNetCore.Mvc.IActionResult] GetDoctors() on controller CMS.API.Controllers.StaffController (CMS.API).
2026-09-05 17:25:46.776 +03:00 [INF] Executing OkObjectResult, writing value of type 'CMS.Shared.DTOs.ApiResponse`1[[System.Collections.Generic.List`1[[CMS.Shared.DTOs.DoctorDto, CMS.Shared, Version=1.0.0.0, Culture=neutral, PublicKeyToken=null]], System.Private.CoreLib, Version=8.0.0.0, Culture=neutral, PublicKeyToken=7cec85d7bea7798e]]'.
2026-09-05 17:25:46.785 +03:00 [INF] Executed action CMS.API.Controllers.StaffController.GetDoctors (CMS.API) in 17.5523ms
2026-09-05 17:25:46.795 +03:00 [INF] Executed endpoint 'CMS.API.Controllers.StaffController.GetDoctors (CMS.API)'
2026-09-05 17:25:46.797 +03:00 [INF] Request finished HTTP/1.1 GET http://localhost:5010/api/v1/staff/doctors - 200 null application/json; charset=utf-8 76.0255ms
2026-09-05 17:25:46.814 +03:00 [INF] Executing OkObjectResult, writing value of type 'CMS.Shared.DTOs.ApiResponse`1[[System.Object, System.Private.CoreLib, Version=8.0.0.0, Culture=neutral, PublicKeyToken=7cec85d7bea7798e]]'.
2026-09-05 17:25:46.817 +03:00 [INF] Executed action CMS.API.Controllers.TriageController.GetDoctorQueue (CMS.API) in 52.9797ms
2026-09-05 17:25:46.829 +03:00 [INF] Executed endpoint 'CMS.API.Controllers.TriageController.GetDoctorQueue (CMS.API)'
2026-09-05 17:25:46.831 +03:00 [INF] Request finished HTTP/1.1 GET http://localhost:5010/api/v1/triage/doctor/2?date=2026-09-05 - 200 null application/json; charset=utf-8 100.458ms
2026-09-05 17:25:47.106 +03:00 [INF] Request starting HTTP/1.1 GET http://localhost:5010/api/v1/staff/doctors - application/json null
2026-09-05 17:25:47.112 +03:00 [INF] Failed to validate the token.
Microsoft.IdentityModel.Tokens.SecurityTokenSignatureKeyNotFoundException: IDX10517: Signature validation failed. The token's kid is missing. Keys tried: 'Microsoft.IdentityModel.Tokens.SymmetricSecurityKey, KeyId: '', InternalId: 'VNGqhB7kZ75afXrNakqPyb1WYggzQUo6Cgi8Kx2i7Zs'. , KeyId: 
'. Number of keys in TokenValidationParameters: '1'. 
Number of keys in Configuration: '0'. 
Exceptions caught:
 '[PII of type 'System.Text.StringBuilder' is hidden. For more details, see https://aka.ms/IdentityModel/PII.]'.
token: '[PII of type 'Microsoft.IdentityModel.JsonWebTokens.JsonWebToken' is hidden. For more details, see https://aka.ms/IdentityModel/PII.]'. See https://aka.ms/IDX10503 for details.
   at Microsoft.IdentityModel.JsonWebTokens.JsonWebTokenHandler.ValidateSignature(JsonWebToken jwtToken, TokenValidationParameters validationParameters, BaseConfiguration configuration)
   at Microsoft.IdentityModel.JsonWebTokens.JsonWebTokenHandler.ValidateSignatureAndIssuerSecurityKey(JsonWebToken jsonWebToken, TokenValidationParameters validationParameters, BaseConfiguration configuration)
   at Microsoft.IdentityModel.JsonWebTokens.JsonWebTokenHandler.ValidateJWSAsync(JsonWebToken jsonWebToken, TokenValidationParameters validationParameters, BaseConfiguration configuration)
2026-09-05 17:25:47.118 +03:00 [INF] Bearer was not authenticated. Failure message: IDX10517: Signature validation failed. The token's kid is missing. Keys tried: 'Microsoft.IdentityModel.Tokens.SymmetricSecurityKey, KeyId: '', InternalId: 'VNGqhB7kZ75afXrNakqPyb1WYggzQUo6Cgi8Kx2i7Zs'. , KeyId: 
'. Number of keys in TokenValidationParameters: '1'. 
Number of keys in Configuration: '0'. 
Exceptions caught:
 '[PII of type 'System.Text.StringBuilder' is hidden. For more details, see https://aka.ms/IdentityModel/PII.]'.
token: '[PII of type 'Microsoft.IdentityModel.JsonWebTokens.JsonWebToken' is hidden. For more details, see https://aka.ms/IdentityModel/PII.]'. See https://aka.ms/IDX10503 for details.
2026-09-05 17:25:47.122 +03:00 [INF] Executing endpoint 'CMS.API.Controllers.StaffController.GetDoctors (CMS.API)'
2026-09-05 17:25:47.123 +03:00 [INF] Route matched with {action = "GetDoctors", controller = "Staff"}. Executing controller action with signature System.Threading.Tasks.Task`1[Microsoft.AspNetCore.Mvc.IActionResult] GetDoctors() on controller CMS.API.Controllers.StaffController (CMS.API).
2026-09-05 17:25:47.126 +03:00 [INF] Executing OkObjectResult, writing value of type 'CMS.Shared.DTOs.ApiResponse`1[[System.Collections.Generic.List`1[[CMS.Shared.DTOs.DoctorDto, CMS.Shared, Version=1.0.0.0, Culture=neutral, PublicKeyToken=null]], System.Private.CoreLib, Version=8.0.0.0, Culture=neutral, PublicKeyToken=7cec85d7bea7798e]]'.
2026-09-05 17:25:47.129 +03:00 [INF] Executed action CMS.API.Controllers.StaffController.GetDoctors (CMS.API) in 3.7133ms
2026-09-05 17:25:47.135 +03:00 [INF] Request starting HTTP/1.1 GET http://localhost:5010/api/v1/triage/doctor/2?date=2026-09-05 - application/json null
2026-09-05 17:25:47.138 +03:00 [INF] Executed endpoint 'CMS.API.Controllers.StaffController.GetDoctors (CMS.API)'
2026-09-05 17:25:47.142 +03:00 [INF] Failed to validate the token.
Microsoft.IdentityModel.Tokens.SecurityTokenSignatureKeyNotFoundException: IDX10517: Signature validation failed. The token's kid is missing. Keys tried: 'Microsoft.IdentityModel.Tokens.SymmetricSecurityKey, KeyId: '', InternalId: 'VNGqhB7kZ75afXrNakqPyb1WYggzQUo6Cgi8Kx2i7Zs'. , KeyId: 
'. Number of keys in TokenValidationParameters: '1'. 
Number of keys in Configuration: '0'. 
Exceptions caught:
 '[PII of type 'System.Text.StringBuilder' is hidden. For more details, see https://aka.ms/IdentityModel/PII.]'.
token: '[PII of type 'Microsoft.IdentityModel.JsonWebTokens.JsonWebToken' is hidden. For more details, see https://aka.ms/IdentityModel/PII.]'. See https://aka.ms/IDX10503 for details.
   at Microsoft.IdentityModel.JsonWebTokens.JsonWebTokenHandler.ValidateSignature(JsonWebToken jwtToken, TokenValidationParameters validationParameters, BaseConfiguration configuration)
   at Microsoft.IdentityModel.JsonWebTokens.JsonWebTokenHandler.ValidateSignatureAndIssuerSecurityKey(JsonWebToken jsonWebToken, TokenValidationParameters validationParameters, BaseConfiguration configuration)
   at Microsoft.IdentityModel.JsonWebTokens.JsonWebTokenHandler.ValidateJWSAsync(JsonWebToken jsonWebToken, TokenValidationParameters validationParameters, BaseConfiguration configuration)
2026-09-05 17:25:47.143 +03:00 [INF] Request finished HTTP/1.1 GET http://localhost:5010/api/v1/staff/doctors - 200 null application/json; charset=utf-8 36.1805ms
2026-09-05 17:25:47.158 +03:00 [INF] Bearer was not authenticated. Failure message: IDX10517: Signature validation failed. The token's kid is missing. Keys tried: 'Microsoft.IdentityModel.Tokens.SymmetricSecurityKey, KeyId: '', InternalId: 'VNGqhB7kZ75afXrNakqPyb1WYggzQUo6Cgi8Kx2i7Zs'. , KeyId: 
'. Number of keys in TokenValidationParameters: '1'. 
Number of keys in Configuration: '0'. 
Exceptions caught:
 '[PII of type 'System.Text.StringBuilder' is hidden. For more details, see https://aka.ms/IdentityModel/PII.]'.
token: '[PII of type 'Microsoft.IdentityModel.JsonWebTokens.JsonWebToken' is hidden. For more details, see https://aka.ms/IdentityModel/PII.]'. See https://aka.ms/IDX10503 for details.
2026-09-05 17:25:47.174 +03:00 [INF] Request starting HTTP/1.1 GET http://localhost:5010/api/v1/medicalcertificates/patient/13 - application/json null
2026-09-05 17:25:47.174 +03:00 [INF] Request starting HTTP/1.1 GET http://localhost:5010/api/v1/encounters/patient/13 - application/json null
2026-09-05 17:25:47.174 +03:00 [INF] Request starting HTTP/1.1 GET http://localhost:5010/api/v1/triage/patient/13/latest - application/json null
2026-09-05 17:25:47.181 +03:00 [INF] Executing endpoint 'CMS.API.Controllers.TriageController.GetDoctorQueue (CMS.API)'
2026-09-05 17:25:47.186 +03:00 [INF] Failed to validate the token.
Microsoft.IdentityModel.Tokens.SecurityTokenSignatureKeyNotFoundException: IDX10517: Signature validation failed. The token's kid is missing. Keys tried: 'Microsoft.IdentityModel.Tokens.SymmetricSecurityKey, KeyId: '', InternalId: 'VNGqhB7kZ75afXrNakqPyb1WYggzQUo6Cgi8Kx2i7Zs'. , KeyId: 
'. Number of keys in TokenValidationParameters: '1'. 
Number of keys in Configuration: '0'. 
Exceptions caught:
 '[PII of type 'System.Text.StringBuilder' is hidden. For more details, see https://aka.ms/IdentityModel/PII.]'.
token: '[PII of type 'Microsoft.IdentityModel.JsonWebTokens.JsonWebToken' is hidden. For more details, see https://aka.ms/IdentityModel/PII.]'. See https://aka.ms/IDX10503 for details.
   at Microsoft.IdentityModel.JsonWebTokens.JsonWebTokenHandler.ValidateSignature(JsonWebToken jwtToken, TokenValidationParameters validationParameters, BaseConfiguration configuration)
   at Microsoft.IdentityModel.JsonWebTokens.JsonWebTokenHandler.ValidateSignatureAndIssuerSecurityKey(JsonWebToken jsonWebToken, TokenValidationParameters validationParameters, BaseConfiguration configuration)
   at Microsoft.IdentityModel.JsonWebTokens.JsonWebTokenHandler.ValidateJWSAsync(JsonWebToken jsonWebToken, TokenValidationParameters validationParameters, BaseConfiguration configuration)
2026-09-05 17:25:47.191 +03:00 [INF] Failed to validate the token.
Microsoft.IdentityModel.Tokens.SecurityTokenSignatureKeyNotFoundException: IDX10517: Signature validation failed. The token's kid is missing. Keys tried: 'Microsoft.IdentityModel.Tokens.SymmetricSecurityKey, KeyId: '', InternalId: 'VNGqhB7kZ75afXrNakqPyb1WYggzQUo6Cgi8Kx2i7Zs'. , KeyId: 
'. Number of keys in TokenValidationParameters: '1'. 
Number of keys in Configuration: '0'. 
Exceptions caught:
 '[PII of type 'System.Text.StringBuilder' is hidden. For more details, see https://aka.ms/IdentityModel/PII.]'.
token: '[PII of type 'Microsoft.IdentityModel.JsonWebTokens.JsonWebToken' is hidden. For more details, see https://aka.ms/IdentityModel/PII.]'. See https://aka.ms/IDX10503 for details.
   at Microsoft.IdentityModel.JsonWebTokens.JsonWebTokenHandler.ValidateSignature(JsonWebToken jwtToken, TokenValidationParameters validationParameters, BaseConfiguration configuration)
   at Microsoft.IdentityModel.JsonWebTokens.JsonWebTokenHandler.ValidateSignatureAndIssuerSecurityKey(JsonWebToken jsonWebToken, TokenValidationParameters validationParameters, BaseConfiguration configuration)
   at Microsoft.IdentityModel.JsonWebTokens.JsonWebTokenHandler.ValidateJWSAsync(JsonWebToken jsonWebToken, TokenValidationParameters validationParameters, BaseConfiguration configuration)
2026-09-05 17:25:47.196 +03:00 [INF] Failed to validate the token.
Microsoft.IdentityModel.Tokens.SecurityTokenSignatureKeyNotFoundException: IDX10517: Signature validation failed. The token's kid is missing. Keys tried: 'Microsoft.IdentityModel.Tokens.SymmetricSecurityKey, KeyId: '', InternalId: 'VNGqhB7kZ75afXrNakqPyb1WYggzQUo6Cgi8Kx2i7Zs'. , KeyId: 
'. Number of keys in TokenValidationParameters: '1'. 
Number of keys in Configuration: '0'. 
Exceptions caught:
 '[PII of type 'System.Text.StringBuilder' is hidden. For more details, see https://aka.ms/IdentityModel/PII.]'.
token: '[PII of type 'Microsoft.IdentityModel.JsonWebTokens.JsonWebToken' is hidden. For more details, see https://aka.ms/IdentityModel/PII.]'. See https://aka.ms/IDX10503 for details.
   at Microsoft.IdentityModel.JsonWebTokens.JsonWebTokenHandler.ValidateSignature(JsonWebToken jwtToken, TokenValidationParameters validationParameters, BaseConfiguration configuration)
   at Microsoft.IdentityModel.JsonWebTokens.JsonWebTokenHandler.ValidateSignatureAndIssuerSecurityKey(JsonWebToken jsonWebToken, TokenValidationParameters validationParameters, BaseConfiguration configuration)
   at Microsoft.IdentityModel.JsonWebTokens.JsonWebTokenHandler.ValidateJWSAsync(JsonWebToken jsonWebToken, TokenValidationParameters validationParameters, BaseConfiguration configuration)
2026-09-05 17:25:47.197 +03:00 [INF] Route matched with {action = "GetDoctorQueue", controller = "Triage"}. Executing controller action with signature System.Threading.Tasks.Task`1[Microsoft.AspNetCore.Mvc.IActionResult] GetDoctorQueue(Int32, System.Nullable`1[System.DateTime]) on controller CMS.API.Controllers.TriageController (CMS.API).
2026-09-05 17:25:47.201 +03:00 [INF] Bearer was not authenticated. Failure message: IDX10517: Signature validation failed. The token's kid is missing. Keys tried: 'Microsoft.IdentityModel.Tokens.SymmetricSecurityKey, KeyId: '', InternalId: 'VNGqhB7kZ75afXrNakqPyb1WYggzQUo6Cgi8Kx2i7Zs'. , KeyId: 
'. Number of keys in TokenValidationParameters: '1'. 
Number of keys in Configuration: '0'. 
Exceptions caught:
 '[PII of type 'System.Text.StringBuilder' is hidden. For more details, see https://aka.ms/IdentityModel/PII.]'.
token: '[PII of type 'Microsoft.IdentityModel.JsonWebTokens.JsonWebToken' is hidden. For more details, see https://aka.ms/IdentityModel/PII.]'. See https://aka.ms/IDX10503 for details.
2026-09-05 17:25:47.205 +03:00 [INF] Bearer was not authenticated. Failure message: IDX10517: Signature validation failed. The token's kid is missing. Keys tried: 'Microsoft.IdentityModel.Tokens.SymmetricSecurityKey, KeyId: '', InternalId: 'VNGqhB7kZ75afXrNakqPyb1WYggzQUo6Cgi8Kx2i7Zs'. , KeyId: 
'. Number of keys in TokenValidationParameters: '1'. 
Number of keys in Configuration: '0'. 
Exceptions caught:
 '[PII of type 'System.Text.StringBuilder' is hidden. For more details, see https://aka.ms/IdentityModel/PII.]'.
token: '[PII of type 'Microsoft.IdentityModel.JsonWebTokens.JsonWebToken' is hidden. For more details, see https://aka.ms/IdentityModel/PII.]'. See https://aka.ms/IDX10503 for details.
2026-09-05 17:25:47.210 +03:00 [INF] Bearer was not authenticated. Failure message: IDX10517: Signature validation failed. The token's kid is missing. Keys tried: 'Microsoft.IdentityModel.Tokens.SymmetricSecurityKey, KeyId: '', InternalId: 'VNGqhB7kZ75afXrNakqPyb1WYggzQUo6Cgi8Kx2i7Zs'. , KeyId: 
'. Number of keys in TokenValidationParameters: '1'. 
Number of keys in Configuration: '0'. 
Exceptions caught:
 '[PII of type 'System.Text.StringBuilder' is hidden. For more details, see https://aka.ms/IdentityModel/PII.]'.
token: '[PII of type 'Microsoft.IdentityModel.JsonWebTokens.JsonWebToken' is hidden. For more details, see https://aka.ms/IdentityModel/PII.]'. See https://aka.ms/IDX10503 for details.
2026-09-05 17:25:47.214 +03:00 [INF] Executing OkObjectResult, writing value of type 'CMS.Shared.DTOs.ApiResponse`1[[System.Object, System.Private.CoreLib, Version=8.0.0.0, Culture=neutral, PublicKeyToken=7cec85d7bea7798e]]'.
2026-09-05 17:25:47.214 +03:00 [INF] Executing endpoint 'CMS.API.Controllers.MedicalCertificatesController.GetPatientCertificates (CMS.API)'
2026-09-05 17:25:47.215 +03:00 [INF] Executing endpoint 'CMS.API.Controllers.EncountersController.GetPatientEncounters (CMS.API)'
2026-09-05 17:25:47.217 +03:00 [INF] Executing endpoint 'CMS.API.Controllers.TriageController.GetLatestPatientVitals (CMS.API)'
2026-09-05 17:25:47.219 +03:00 [INF] Executed action CMS.API.Controllers.TriageController.GetDoctorQueue (CMS.API) in 6.8385ms
2026-09-05 17:25:47.225 +03:00 [INF] Route matched with {action = "GetPatientCertificates", controller = "MedicalCertificates"}. Executing controller action with signature System.Threading.Tasks.Task`1[Microsoft.AspNetCore.Mvc.IActionResult] GetPatientCertificates(Int32) on controller CMS.API.Controllers.MedicalCertificatesController (CMS.API).
2026-09-05 17:25:47.228 +03:00 [INF] Route matched with {action = "GetPatientEncounters", controller = "Encounters"}. Executing controller action with signature System.Threading.Tasks.Task`1[Microsoft.AspNetCore.Mvc.IActionResult] GetPatientEncounters(Int32) on controller CMS.API.Controllers.EncountersController (CMS.API).
2026-09-05 17:25:47.229 +03:00 [INF] Route matched with {action = "GetLatestPatientVitals", controller = "Triage"}. Executing controller action with signature System.Threading.Tasks.Task`1[Microsoft.AspNetCore.Mvc.IActionResult] GetLatestPatientVitals(Int32) on controller CMS.API.Controllers.TriageController (CMS.API).
2026-09-05 17:25:47.231 +03:00 [INF] Executed endpoint 'CMS.API.Controllers.TriageController.GetDoctorQueue (CMS.API)'
2026-09-05 17:25:47.264 +03:00 [INF] Request finished HTTP/1.1 GET http://localhost:5010/api/v1/triage/doctor/2?date=2026-09-05 - 200 null application/json; charset=utf-8 129.3536ms
2026-09-05 17:25:47.255 +03:00 [INF] Executing OkObjectResult, writing value of type 'CMS.Shared.DTOs.ApiResponse`1[[System.Collections.Generic.List`1[[CMS.Shared.DTOs.EncounterDto, CMS.Shared, Version=1.0.0.0, Culture=neutral, PublicKeyToken=null]], System.Private.CoreLib, Version=8.0.0.0, Culture=neutral, PublicKeyToken=7cec85d7bea7798e]]'.
2026-09-05 17:25:47.241 +03:00 [INF] Executing OkObjectResult, writing value of type 'CMS.Shared.DTOs.ApiResponse`1[[System.Collections.Generic.List`1[[CMS.Shared.DTOs.MedicalCertificateDto, CMS.Shared, Version=1.0.0.0, Culture=neutral, PublicKeyToken=null]], System.Private.CoreLib, Version=8.0.0.0, Culture=neutral, PublicKeyToken=7cec85d7bea7798e]]'.
2026-09-05 17:25:47.304 +03:00 [INF] Executed action CMS.API.Controllers.MedicalCertificatesController.GetPatientCertificates (CMS.API) in 70.785ms
2026-09-05 17:25:47.316 +03:00 [INF] Executed endpoint 'CMS.API.Controllers.MedicalCertificatesController.GetPatientCertificates (CMS.API)'
2026-09-05 17:25:47.314 +03:00 [INF] Executing OkObjectResult, writing value of type 'CMS.Shared.DTOs.ApiResponse`1[[CMS.Shared.DTOs.TriageDto, CMS.Shared, Version=1.0.0.0, Culture=neutral, PublicKeyToken=null]]'.
2026-09-05 17:25:47.292 +03:00 [INF] Executed action CMS.API.Controllers.EncountersController.GetPatientEncounters (CMS.API) in 53.7397ms
2026-09-05 17:25:47.387 +03:00 [INF] Request finished HTTP/1.1 GET http://localhost:5010/api/v1/medicalcertificates/patient/13 - 200 null application/json; charset=utf-8 212.7273ms
2026-09-05 17:25:47.392 +03:00 [INF] Executed action CMS.API.Controllers.TriageController.GetLatestPatientVitals (CMS.API) in 131.4136ms
2026-09-05 17:25:47.398 +03:00 [INF] Executed endpoint 'CMS.API.Controllers.EncountersController.GetPatientEncounters (CMS.API)'
2026-09-05 17:25:47.409 +03:00 [INF] Executed endpoint 'CMS.API.Controllers.TriageController.GetLatestPatientVitals (CMS.API)'
2026-09-05 17:25:47.410 +03:00 [INF] Request finished HTTP/1.1 GET http://localhost:5010/api/v1/encounters/patient/13 - 200 null application/json; charset=utf-8 236.1579ms
2026-09-05 17:25:47.414 +03:00 [INF] Request finished HTTP/1.1 GET http://localhost:5010/api/v1/triage/patient/13/latest - 200 null application/json; charset=utf-8 239.6944ms
2026-09-05 17:25:47.611 +03:00 [INF] Request starting HTTP/1.1 GET http://localhost:5010/api/v1/encounters/patient/13 - application/json null
2026-09-05 17:25:47.617 +03:00 [INF] Failed to validate the token.
Microsoft.IdentityModel.Tokens.SecurityTokenSignatureKeyNotFoundException: IDX10517: Signature validation failed. The token's kid is missing. Keys tried: 'Microsoft.IdentityModel.Tokens.SymmetricSecurityKey, KeyId: '', InternalId: 'VNGqhB7kZ75afXrNakqPyb1WYggzQUo6Cgi8Kx2i7Zs'. , KeyId: 
'. Number of keys in TokenValidationParameters: '1'. 
Number of keys in Configuration: '0'. 
Exceptions caught:
 '[PII of type 'System.Text.StringBuilder' is hidden. For more details, see https://aka.ms/IdentityModel/PII.]'.
token: '[PII of type 'Microsoft.IdentityModel.JsonWebTokens.JsonWebToken' is hidden. For more details, see https://aka.ms/IdentityModel/PII.]'. See https://aka.ms/IDX10503 for details.
   at Microsoft.IdentityModel.JsonWebTokens.JsonWebTokenHandler.ValidateSignature(JsonWebToken jwtToken, TokenValidationParameters validationParameters, BaseConfiguration configuration)
   at Microsoft.IdentityModel.JsonWebTokens.JsonWebTokenHandler.ValidateSignatureAndIssuerSecurityKey(JsonWebToken jsonWebToken, TokenValidationParameters validationParameters, BaseConfiguration configuration)
   at Microsoft.IdentityModel.JsonWebTokens.JsonWebTokenHandler.ValidateJWSAsync(JsonWebToken jsonWebToken, TokenValidationParameters validationParameters, BaseConfiguration configuration)
2026-09-05 17:25:47.743 +03:00 [INF] Request starting HTTP/1.1 GET http://localhost:5010/api/v1/medicalcertificates/patient/13 - application/json null
2026-09-05 17:25:47.745 +03:00 [INF] Request starting HTTP/1.1 GET http://localhost:5010/api/v1/triage/patient/13/latest - application/json null
2026-09-05 17:25:47.751 +03:00 [INF] Bearer was not authenticated. Failure message: IDX10517: Signature validation failed. The token's kid is missing. Keys tried: 'Microsoft.IdentityModel.Tokens.SymmetricSecurityKey, KeyId: '', InternalId: 'VNGqhB7kZ75afXrNakqPyb1WYggzQUo6Cgi8Kx2i7Zs'. , KeyId: 
'. Number of keys in TokenValidationParameters: '1'. 
Number of keys in Configuration: '0'. 
Exceptions caught:
 '[PII of type 'System.Text.StringBuilder' is hidden. For more details, see https://aka.ms/IdentityModel/PII.]'.
token: '[PII of type 'Microsoft.IdentityModel.JsonWebTokens.JsonWebToken' is hidden. For more details, see https://aka.ms/IdentityModel/PII.]'. See https://aka.ms/IDX10503 for details.
2026-09-05 17:25:47.756 +03:00 [INF] Failed to validate the token.
Microsoft.IdentityModel.Tokens.SecurityTokenSignatureKeyNotFoundException: IDX10517: Signature validation failed. The token's kid is missing. Keys tried: 'Microsoft.IdentityModel.Tokens.SymmetricSecurityKey, KeyId: '', InternalId: 'VNGqhB7kZ75afXrNakqPyb1WYggzQUo6Cgi8Kx2i7Zs'. , KeyId: 
'. Number of keys in TokenValidationParameters: '1'. 
Number of keys in Configuration: '0'. 
Exceptions caught:
 '[PII of type 'System.Text.StringBuilder' is hidden. For more details, see https://aka.ms/IdentityModel/PII.]'.
token: '[PII of type 'Microsoft.IdentityModel.JsonWebTokens.JsonWebToken' is hidden. For more details, see https://aka.ms/IdentityModel/PII.]'. See https://aka.ms/IDX10503 for details.
   at Microsoft.IdentityModel.JsonWebTokens.JsonWebTokenHandler.ValidateSignature(JsonWebToken jwtToken, TokenValidationParameters validationParameters, BaseConfiguration configuration)
   at Microsoft.IdentityModel.JsonWebTokens.JsonWebTokenHandler.ValidateSignatureAndIssuerSecurityKey(JsonWebToken jsonWebToken, TokenValidationParameters validationParameters, BaseConfiguration configuration)
   at Microsoft.IdentityModel.JsonWebTokens.JsonWebTokenHandler.ValidateJWSAsync(JsonWebToken jsonWebToken, TokenValidationParameters validationParameters, BaseConfiguration configuration)
2026-09-05 17:25:47.761 +03:00 [INF] Failed to validate the token.
Microsoft.IdentityModel.Tokens.SecurityTokenSignatureKeyNotFoundException: IDX10517: Signature validation failed. The token's kid is missing. Keys tried: 'Microsoft.IdentityModel.Tokens.SymmetricSecurityKey, KeyId: '', InternalId: 'VNGqhB7kZ75afXrNakqPyb1WYggzQUo6Cgi8Kx2i7Zs'. , KeyId: 
'. Number of keys in TokenValidationParameters: '1'. 
Number of keys in Configuration: '0'. 
Exceptions caught:
 '[PII of type 'System.Text.StringBuilder' is hidden. For more details, see https://aka.ms/IdentityModel/PII.]'.
token: '[PII of type 'Microsoft.IdentityModel.JsonWebTokens.JsonWebToken' is hidden. For more details, see https://aka.ms/IdentityModel/PII.]'. See https://aka.ms/IDX10503 for details.
   at Microsoft.IdentityModel.JsonWebTokens.JsonWebTokenHandler.ValidateSignature(JsonWebToken jwtToken, TokenValidationParameters validationParameters, BaseConfiguration configuration)
   at Microsoft.IdentityModel.JsonWebTokens.JsonWebTokenHandler.ValidateSignatureAndIssuerSecurityKey(JsonWebToken jsonWebToken, TokenValidationParameters validationParameters, BaseConfiguration configuration)
   at Microsoft.IdentityModel.JsonWebTokens.JsonWebTokenHandler.ValidateJWSAsync(JsonWebToken jsonWebToken, TokenValidationParameters validationParameters, BaseConfiguration configuration)
2026-09-05 17:25:47.762 +03:00 [INF] Executing endpoint 'CMS.API.Controllers.EncountersController.GetPatientEncounters (CMS.API)'
2026-09-05 17:25:47.765 +03:00 [INF] Bearer was not authenticated. Failure message: IDX10517: Signature validation failed. The token's kid is missing. Keys tried: 'Microsoft.IdentityModel.Tokens.SymmetricSecurityKey, KeyId: '', InternalId: 'VNGqhB7kZ75afXrNakqPyb1WYggzQUo6Cgi8Kx2i7Zs'. , KeyId: 
'. Number of keys in TokenValidationParameters: '1'. 
Number of keys in Configuration: '0'. 
Exceptions caught:
 '[PII of type 'System.Text.StringBuilder' is hidden. For more details, see https://aka.ms/IdentityModel/PII.]'.
token: '[PII of type 'Microsoft.IdentityModel.JsonWebTokens.JsonWebToken' is hidden. For more details, see https://aka.ms/IdentityModel/PII.]'. See https://aka.ms/IDX10503 for details.
2026-09-05 17:25:47.768 +03:00 [INF] Bearer was not authenticated. Failure message: IDX10517: Signature validation failed. The token's kid is missing. Keys tried: 'Microsoft.IdentityModel.Tokens.SymmetricSecurityKey, KeyId: '', InternalId: 'VNGqhB7kZ75afXrNakqPyb1WYggzQUo6Cgi8Kx2i7Zs'. , KeyId: 
'. Number of keys in TokenValidationParameters: '1'. 
Number of keys in Configuration: '0'. 
Exceptions caught:
 '[PII of type 'System.Text.StringBuilder' is hidden. For more details, see https://aka.ms/IdentityModel/PII.]'.
token: '[PII of type 'Microsoft.IdentityModel.JsonWebTokens.JsonWebToken' is hidden. For more details, see https://aka.ms/IdentityModel/PII.]'. See https://aka.ms/IDX10503 for details.
2026-09-05 17:25:47.769 +03:00 [INF] Route matched with {action = "GetPatientEncounters", controller = "Encounters"}. Executing controller action with signature System.Threading.Tasks.Task`1[Microsoft.AspNetCore.Mvc.IActionResult] GetPatientEncounters(Int32) on controller CMS.API.Controllers.EncountersController (CMS.API).
2026-09-05 17:25:47.775 +03:00 [INF] Executing endpoint 'CMS.API.Controllers.MedicalCertificatesController.GetPatientCertificates (CMS.API)'
2026-09-05 17:25:47.776 +03:00 [INF] Executing endpoint 'CMS.API.Controllers.TriageController.GetLatestPatientVitals (CMS.API)'
2026-09-05 17:25:47.780 +03:00 [INF] Route matched with {action = "GetPatientCertificates", controller = "MedicalCertificates"}. Executing controller action with signature System.Threading.Tasks.Task`1[Microsoft.AspNetCore.Mvc.IActionResult] GetPatientCertificates(Int32) on controller CMS.API.Controllers.MedicalCertificatesController (CMS.API).
2026-09-05 17:25:47.781 +03:00 [INF] Executing OkObjectResult, writing value of type 'CMS.Shared.DTOs.ApiResponse`1[[System.Collections.Generic.List`1[[CMS.Shared.DTOs.EncounterDto, CMS.Shared, Version=1.0.0.0, Culture=neutral, PublicKeyToken=null]], System.Private.CoreLib, Version=8.0.0.0, Culture=neutral, PublicKeyToken=7cec85d7bea7798e]]'.
2026-09-05 17:25:47.782 +03:00 [INF] Route matched with {action = "GetLatestPatientVitals", controller = "Triage"}. Executing controller action with signature System.Threading.Tasks.Task`1[Microsoft.AspNetCore.Mvc.IActionResult] GetLatestPatientVitals(Int32) on controller CMS.API.Controllers.TriageController (CMS.API).
2026-09-05 17:25:47.787 +03:00 [INF] Executing OkObjectResult, writing value of type 'CMS.Shared.DTOs.ApiResponse`1[[System.Collections.Generic.List`1[[CMS.Shared.DTOs.MedicalCertificateDto, CMS.Shared, Version=1.0.0.0, Culture=neutral, PublicKeyToken=null]], System.Private.CoreLib, Version=8.0.0.0, Culture=neutral, PublicKeyToken=7cec85d7bea7798e]]'.
2026-09-05 17:25:47.790 +03:00 [INF] Executed action CMS.API.Controllers.EncountersController.GetPatientEncounters (CMS.API) in 11.0597ms
2026-09-05 17:25:47.796 +03:00 [INF] Executing OkObjectResult, writing value of type 'CMS.Shared.DTOs.ApiResponse`1[[CMS.Shared.DTOs.TriageDto, CMS.Shared, Version=1.0.0.0, Culture=neutral, PublicKeyToken=null]]'.
2026-09-05 17:25:47.796 +03:00 [INF] Executed action CMS.API.Controllers.MedicalCertificatesController.GetPatientCertificates (CMS.API) in 11.1692ms
2026-09-05 17:25:47.797 +03:00 [INF] Executed endpoint 'CMS.API.Controllers.EncountersController.GetPatientEncounters (CMS.API)'
2026-09-05 17:25:47.801 +03:00 [INF] Executed action CMS.API.Controllers.TriageController.GetLatestPatientVitals (CMS.API) in 6.5337ms
2026-09-05 17:25:47.805 +03:00 [INF] Executed endpoint 'CMS.API.Controllers.MedicalCertificatesController.GetPatientCertificates (CMS.API)'
2026-09-05 17:25:47.807 +03:00 [INF] Request finished HTTP/1.1 GET http://localhost:5010/api/v1/encounters/patient/13 - 200 null application/json; charset=utf-8 196.646ms
2026-09-05 17:25:47.811 +03:00 [INF] Executed endpoint 'CMS.API.Controllers.TriageController.GetLatestPatientVitals (CMS.API)'
2026-09-05 17:25:47.813 +03:00 [INF] Request finished HTTP/1.1 GET http://localhost:5010/api/v1/medicalcertificates/patient/13 - 200 null application/json; charset=utf-8 70.3396ms
2026-09-05 17:25:47.821 +03:00 [INF] Request finished HTTP/1.1 GET http://localhost:5010/api/v1/triage/patient/13/latest - 200 null application/json; charset=utf-8 76.0308ms
2026-09-05 17:25:59.985 +03:00 [INF] Request starting HTTP/1.1 POST http://localhost:5010/api/v1/settings - application/json 1004
2026-09-05 17:25:59.994 +03:00 [INF] CORS policy execution successful.
2026-09-05 17:25:59.996 +03:00 [INF] Executing endpoint 'CMS.API.Controllers.SettingsController.UpdateSetting (CMS.API)'
2026-09-05 17:25:59.998 +03:00 [INF] Route matched with {action = "UpdateSetting", controller = "Settings"}. Executing controller action with signature System.Threading.Tasks.Task`1[Microsoft.AspNetCore.Mvc.IActionResult] UpdateSetting(CMS.Shared.DTOs.UpdateSettingDto) on controller CMS.API.Controllers.SettingsController (CMS.API).
2026-09-05 17:26:00.017 +03:00 [INF] Executing OkObjectResult, writing value of type 'CMS.Shared.DTOs.ApiResponse`1[[System.String, System.Private.CoreLib, Version=8.0.0.0, Culture=neutral, PublicKeyToken=7cec85d7bea7798e]]'.
2026-09-05 17:26:00.024 +03:00 [INF] Executed action CMS.API.Controllers.SettingsController.UpdateSetting (CMS.API) in 21.1854ms
2026-09-05 17:26:00.030 +03:00 [INF] Executed endpoint 'CMS.API.Controllers.SettingsController.UpdateSetting (CMS.API)'
2026-09-05 17:26:00.032 +03:00 [INF] Request finished HTTP/1.1 POST http://localhost:5010/api/v1/settings - 200 null application/json; charset=utf-8 47.4406ms
2026-09-05 17:26:05.513 +03:00 [INF] Request starting HTTP/1.1 GET http://localhost:5010/api/v1/dashboard/metrics - null null
2026-09-05 17:26:05.513 +03:00 [INF] Request starting HTTP/1.1 GET http://localhost:5010/api/v1/settings - null null
2026-09-05 17:26:05.521 +03:00 [INF] Failed to validate the token.
Microsoft.IdentityModel.Tokens.SecurityTokenSignatureKeyNotFoundException: IDX10517: Signature validation failed. The token's kid is missing. Keys tried: 'Microsoft.IdentityModel.Tokens.SymmetricSecurityKey, KeyId: '', InternalId: 'VNGqhB7kZ75afXrNakqPyb1WYggzQUo6Cgi8Kx2i7Zs'. , KeyId: 
'. Number of keys in TokenValidationParameters: '1'. 
Number of keys in Configuration: '0'. 
Exceptions caught:
 '[PII of type 'System.Text.StringBuilder' is hidden. For more details, see https://aka.ms/IdentityModel/PII.]'.
token: '[PII of type 'Microsoft.IdentityModel.JsonWebTokens.JsonWebToken' is hidden. For more details, see https://aka.ms/IdentityModel/PII.]'. See https://aka.ms/IDX10503 for details.
   at Microsoft.IdentityModel.JsonWebTokens.JsonWebTokenHandler.ValidateSignature(JsonWebToken jwtToken, TokenValidationParameters validationParameters, BaseConfiguration configuration)
   at Microsoft.IdentityModel.JsonWebTokens.JsonWebTokenHandler.ValidateSignatureAndIssuerSecurityKey(JsonWebToken jsonWebToken, TokenValidationParameters validationParameters, BaseConfiguration configuration)
   at Microsoft.IdentityModel.JsonWebTokens.JsonWebTokenHandler.ValidateJWSAsync(JsonWebToken jsonWebToken, TokenValidationParameters validationParameters, BaseConfiguration configuration)
2026-09-05 17:26:05.527 +03:00 [INF] Executing endpoint 'CMS.API.Controllers.SettingsController.GetSettings (CMS.API)'
2026-09-05 17:26:05.534 +03:00 [INF] Bearer was not authenticated. Failure message: IDX10517: Signature validation failed. The token's kid is missing. Keys tried: 'Microsoft.IdentityModel.Tokens.SymmetricSecurityKey, KeyId: '', InternalId: 'VNGqhB7kZ75afXrNakqPyb1WYggzQUo6Cgi8Kx2i7Zs'. , KeyId: 
'. Number of keys in TokenValidationParameters: '1'. 
Number of keys in Configuration: '0'. 
Exceptions caught:
 '[PII of type 'System.Text.StringBuilder' is hidden. For more details, see https://aka.ms/IdentityModel/PII.]'.
token: '[PII of type 'Microsoft.IdentityModel.JsonWebTokens.JsonWebToken' is hidden. For more details, see https://aka.ms/IdentityModel/PII.]'. See https://aka.ms/IDX10503 for details.
2026-09-05 17:26:05.536 +03:00 [INF] Route matched with {action = "GetSettings", controller = "Settings"}. Executing controller action with signature System.Threading.Tasks.Task`1[Microsoft.AspNetCore.Mvc.IActionResult] GetSettings() on controller CMS.API.Controllers.SettingsController (CMS.API).
2026-09-05 17:26:05.539 +03:00 [INF] Executing endpoint 'CMS.API.Controllers.DashboardController.GetMetrics (CMS.API)'
2026-09-05 17:26:05.545 +03:00 [INF] Executing OkObjectResult, writing value of type 'CMS.Shared.DTOs.ApiResponse`1[[System.Collections.Generic.List`1[[CMS.Shared.DTOs.ClinicSettingDto, CMS.Shared, Version=1.0.0.0, Culture=neutral, PublicKeyToken=null]], System.Private.CoreLib, Version=8.0.0.0, Culture=neutral, PublicKeyToken=7cec85d7bea7798e]]'.
2026-09-05 17:26:05.547 +03:00 [INF] Route matched with {action = "GetMetrics", controller = "Dashboard"}. Executing controller action with signature System.Threading.Tasks.Task`1[Microsoft.AspNetCore.Mvc.IActionResult] GetMetrics() on controller CMS.API.Controllers.DashboardController (CMS.API).
2026-09-05 17:26:05.550 +03:00 [INF] Executed action CMS.API.Controllers.SettingsController.GetSettings (CMS.API) in 7.1245ms
2026-09-05 17:26:05.557 +03:00 [INF] Request starting HTTP/1.1 GET http://localhost:5010/api/v1/settings - null null
2026-09-05 17:26:05.565 +03:00 [INF] Executed endpoint 'CMS.API.Controllers.SettingsController.GetSettings (CMS.API)'
2026-09-05 17:26:05.568 +03:00 [INF] Executing OkObjectResult, writing value of type 'CMS.Shared.DTOs.ApiResponse`1[[CMS.Shared.DTOs.DashboardMetricsDto, CMS.Shared, Version=1.0.0.0, Culture=neutral, PublicKeyToken=null]]'.
2026-09-05 17:26:05.572 +03:00 [INF] Executing endpoint 'CMS.API.Controllers.SettingsController.GetSettings (CMS.API)'
2026-09-05 17:26:05.574 +03:00 [INF] Request finished HTTP/1.1 GET http://localhost:5010/api/v1/settings - 200 null application/json; charset=utf-8 61.0873ms
2026-09-05 17:26:05.579 +03:00 [INF] Executed action CMS.API.Controllers.DashboardController.GetMetrics (CMS.API) in 21.1674ms
2026-09-05 17:26:05.582 +03:00 [INF] Route matched with {action = "GetSettings", controller = "Settings"}. Executing controller action with signature System.Threading.Tasks.Task`1[Microsoft.AspNetCore.Mvc.IActionResult] GetSettings() on controller CMS.API.Controllers.SettingsController (CMS.API).
2026-09-05 17:26:05.586 +03:00 [INF] Request starting HTTP/1.1 GET http://localhost:5010/api/v1/dashboard/metrics - null null
2026-09-05 17:26:05.612 +03:00 [INF] Executed endpoint 'CMS.API.Controllers.DashboardController.GetMetrics (CMS.API)'
2026-09-05 17:26:05.620 +03:00 [INF] Executing OkObjectResult, writing value of type 'CMS.Shared.DTOs.ApiResponse`1[[System.Collections.Generic.List`1[[CMS.Shared.DTOs.ClinicSettingDto, CMS.Shared, Version=1.0.0.0, Culture=neutral, PublicKeyToken=null]], System.Private.CoreLib, Version=8.0.0.0, Culture=neutral, PublicKeyToken=7cec85d7bea7798e]]'.
2026-09-05 17:26:05.627 +03:00 [INF] Failed to validate the token.
Microsoft.IdentityModel.Tokens.SecurityTokenSignatureKeyNotFoundException: IDX10517: Signature validation failed. The token's kid is missing. Keys tried: 'Microsoft.IdentityModel.Tokens.SymmetricSecurityKey, KeyId: '', InternalId: 'VNGqhB7kZ75afXrNakqPyb1WYggzQUo6Cgi8Kx2i7Zs'. , KeyId: 
'. Number of keys in TokenValidationParameters: '1'. 
Number of keys in Configuration: '0'. 
Exceptions caught:
 '[PII of type 'System.Text.StringBuilder' is hidden. For more details, see https://aka.ms/IdentityModel/PII.]'.
token: '[PII of type 'Microsoft.IdentityModel.JsonWebTokens.JsonWebToken' is hidden. For more details, see https://aka.ms/IdentityModel/PII.]'. See https://aka.ms/IDX10503 for details.
   at Microsoft.IdentityModel.JsonWebTokens.JsonWebTokenHandler.ValidateSignature(JsonWebToken jwtToken, TokenValidationParameters validationParameters, BaseConfiguration configuration)
   at Microsoft.IdentityModel.JsonWebTokens.JsonWebTokenHandler.ValidateSignatureAndIssuerSecurityKey(JsonWebToken jsonWebToken, TokenValidationParameters validationParameters, BaseConfiguration configuration)
   at Microsoft.IdentityModel.JsonWebTokens.JsonWebTokenHandler.ValidateJWSAsync(JsonWebToken jsonWebToken, TokenValidationParameters validationParameters, BaseConfiguration configuration)
2026-09-05 17:26:05.662 +03:00 [INF] Request finished HTTP/1.1 GET http://localhost:5010/api/v1/dashboard/metrics - 200 null application/json; charset=utf-8 149.0388ms
2026-09-05 17:26:05.677 +03:00 [INF] Executed action CMS.API.Controllers.SettingsController.GetSettings (CMS.API) in 60.6697ms
2026-09-05 17:26:05.761 +03:00 [INF] Bearer was not authenticated. Failure message: IDX10517: Signature validation failed. The token's kid is missing. Keys tried: 'Microsoft.IdentityModel.Tokens.SymmetricSecurityKey, KeyId: '', InternalId: 'VNGqhB7kZ75afXrNakqPyb1WYggzQUo6Cgi8Kx2i7Zs'. , KeyId: 
'. Number of keys in TokenValidationParameters: '1'. 
Number of keys in Configuration: '0'. 
Exceptions caught:
 '[PII of type 'System.Text.StringBuilder' is hidden. For more details, see https://aka.ms/IdentityModel/PII.]'.
token: '[PII of type 'Microsoft.IdentityModel.JsonWebTokens.JsonWebToken' is hidden. For more details, see https://aka.ms/IdentityModel/PII.]'. See https://aka.ms/IDX10503 for details.
2026-09-05 17:26:05.826 +03:00 [INF] Executed endpoint 'CMS.API.Controllers.SettingsController.GetSettings (CMS.API)'
2026-09-05 17:26:05.835 +03:00 [INF] Executing endpoint 'CMS.API.Controllers.DashboardController.GetMetrics (CMS.API)'
2026-09-05 17:26:05.840 +03:00 [INF] Request finished HTTP/1.1 GET http://localhost:5010/api/v1/settings - 200 null application/json; charset=utf-8 283.3058ms
2026-09-05 17:26:05.847 +03:00 [INF] Route matched with {action = "GetMetrics", controller = "Dashboard"}. Executing controller action with signature System.Threading.Tasks.Task`1[Microsoft.AspNetCore.Mvc.IActionResult] GetMetrics() on controller CMS.API.Controllers.DashboardController (CMS.API).
2026-09-05 17:26:05.917 +03:00 [INF] Executing OkObjectResult, writing value of type 'CMS.Shared.DTOs.ApiResponse`1[[CMS.Shared.DTOs.DashboardMetricsDto, CMS.Shared, Version=1.0.0.0, Culture=neutral, PublicKeyToken=null]]'.
2026-09-05 17:26:05.921 +03:00 [INF] Executed action CMS.API.Controllers.DashboardController.GetMetrics (CMS.API) in 21.085ms
2026-09-05 17:26:05.927 +03:00 [INF] Executed endpoint 'CMS.API.Controllers.DashboardController.GetMetrics (CMS.API)'
2026-09-05 17:26:05.932 +03:00 [INF] Request finished HTTP/1.1 GET http://localhost:5010/api/v1/dashboard/metrics - 200 null application/json; charset=utf-8 345.4295ms
2026-09-05 17:26:19.686 +03:00 [INF] Request starting HTTP/1.1 GET http://localhost:5010/api/v1/staff/doctors - application/json null
2026-09-05 17:26:19.687 +03:00 [INF] Request starting HTTP/1.1 GET http://localhost:5010/api/v1/triage/doctor/2?date=2026-09-05 - application/json null
2026-09-05 17:26:19.693 +03:00 [INF] Executing endpoint 'CMS.API.Controllers.StaffController.GetDoctors (CMS.API)'
2026-09-05 17:26:19.697 +03:00 [INF] Executing endpoint 'CMS.API.Controllers.TriageController.GetDoctorQueue (CMS.API)'
2026-09-05 17:26:19.699 +03:00 [INF] Route matched with {action = "GetDoctors", controller = "Staff"}. Executing controller action with signature System.Threading.Tasks.Task`1[Microsoft.AspNetCore.Mvc.IActionResult] GetDoctors() on controller CMS.API.Controllers.StaffController (CMS.API).
2026-09-05 17:26:19.700 +03:00 [INF] Route matched with {action = "GetDoctorQueue", controller = "Triage"}. Executing controller action with signature System.Threading.Tasks.Task`1[Microsoft.AspNetCore.Mvc.IActionResult] GetDoctorQueue(Int32, System.Nullable`1[System.DateTime]) on controller CMS.API.Controllers.TriageController (CMS.API).
2026-09-05 17:26:19.706 +03:00 [INF] Executing OkObjectResult, writing value of type 'CMS.Shared.DTOs.ApiResponse`1[[System.Collections.Generic.List`1[[CMS.Shared.DTOs.DoctorDto, CMS.Shared, Version=1.0.0.0, Culture=neutral, PublicKeyToken=null]], System.Private.CoreLib, Version=8.0.0.0, Culture=neutral, PublicKeyToken=7cec85d7bea7798e]]'.
2026-09-05 17:26:19.712 +03:00 [INF] Executing OkObjectResult, writing value of type 'CMS.Shared.DTOs.ApiResponse`1[[System.Object, System.Private.CoreLib, Version=8.0.0.0, Culture=neutral, PublicKeyToken=7cec85d7bea7798e]]'.
2026-09-05 17:26:19.713 +03:00 [INF] Executed action CMS.API.Controllers.StaffController.GetDoctors (CMS.API) in 8.9945ms
2026-09-05 17:26:19.724 +03:00 [INF] Executed action CMS.API.Controllers.TriageController.GetDoctorQueue (CMS.API) in 15.8543ms
2026-09-05 17:26:19.728 +03:00 [INF] Executed endpoint 'CMS.API.Controllers.StaffController.GetDoctors (CMS.API)'
2026-09-05 17:26:19.730 +03:00 [INF] Executed endpoint 'CMS.API.Controllers.TriageController.GetDoctorQueue (CMS.API)'
2026-09-05 17:26:19.738 +03:00 [INF] Request finished HTTP/1.1 GET http://localhost:5010/api/v1/triage/doctor/2?date=2026-09-05 - 200 null application/json; charset=utf-8 51.4892ms
2026-09-05 17:26:19.732 +03:00 [INF] Request finished HTTP/1.1 GET http://localhost:5010/api/v1/staff/doctors - 200 null application/json; charset=utf-8 45.3461ms
2026-09-05 17:26:19.947 +03:00 [INF] Request starting HTTP/1.1 GET http://localhost:5010/api/v1/staff/doctors - application/json null
2026-09-05 17:26:19.954 +03:00 [INF] Executing endpoint 'CMS.API.Controllers.StaffController.GetDoctors (CMS.API)'
2026-09-05 17:26:19.957 +03:00 [INF] Route matched with {action = "GetDoctors", controller = "Staff"}. Executing controller action with signature System.Threading.Tasks.Task`1[Microsoft.AspNetCore.Mvc.IActionResult] GetDoctors() on controller CMS.API.Controllers.StaffController (CMS.API).
2026-09-05 17:26:19.961 +03:00 [INF] Executing OkObjectResult, writing value of type 'CMS.Shared.DTOs.ApiResponse`1[[System.Collections.Generic.List`1[[CMS.Shared.DTOs.DoctorDto, CMS.Shared, Version=1.0.0.0, Culture=neutral, PublicKeyToken=null]], System.Private.CoreLib, Version=8.0.0.0, Culture=neutral, PublicKeyToken=7cec85d7bea7798e]]'.
2026-09-05 17:26:19.964 +03:00 [INF] Executed action CMS.API.Controllers.StaffController.GetDoctors (CMS.API) in 3.9157ms
2026-09-05 17:26:19.973 +03:00 [INF] Executed endpoint 'CMS.API.Controllers.StaffController.GetDoctors (CMS.API)'
2026-09-05 17:26:19.977 +03:00 [INF] Request finished HTTP/1.1 GET http://localhost:5010/api/v1/staff/doctors - 200 null application/json; charset=utf-8 29.4025ms
2026-09-05 17:26:20.043 +03:00 [INF] Request starting HTTP/1.1 GET http://localhost:5010/api/v1/triage/doctor/2?date=2026-09-05 - application/json null
2026-09-05 17:26:20.043 +03:00 [INF] Request starting HTTP/1.1 GET http://localhost:5010/api/v1/encounters/patient/13 - application/json null
2026-09-05 17:26:20.048 +03:00 [INF] Executing endpoint 'CMS.API.Controllers.TriageController.GetDoctorQueue (CMS.API)'
2026-09-05 17:26:20.053 +03:00 [INF] Executing endpoint 'CMS.API.Controllers.EncountersController.GetPatientEncounters (CMS.API)'
2026-09-05 17:26:20.054 +03:00 [INF] Route matched with {action = "GetDoctorQueue", controller = "Triage"}. Executing controller action with signature System.Threading.Tasks.Task`1[Microsoft.AspNetCore.Mvc.IActionResult] GetDoctorQueue(Int32, System.Nullable`1[System.DateTime]) on controller CMS.API.Controllers.TriageController (CMS.API).
2026-09-05 17:26:20.056 +03:00 [INF] Route matched with {action = "GetPatientEncounters", controller = "Encounters"}. Executing controller action with signature System.Threading.Tasks.Task`1[Microsoft.AspNetCore.Mvc.IActionResult] GetPatientEncounters(Int32) on controller CMS.API.Controllers.EncountersController (CMS.API).
2026-09-05 17:26:20.060 +03:00 [INF] Executing OkObjectResult, writing value of type 'CMS.Shared.DTOs.ApiResponse`1[[System.Object, System.Private.CoreLib, Version=8.0.0.0, Culture=neutral, PublicKeyToken=7cec85d7bea7798e]]'.
2026-09-05 17:26:20.061 +03:00 [INF] Executing OkObjectResult, writing value of type 'CMS.Shared.DTOs.ApiResponse`1[[System.Collections.Generic.List`1[[CMS.Shared.DTOs.EncounterDto, CMS.Shared, Version=1.0.0.0, Culture=neutral, PublicKeyToken=null]], System.Private.CoreLib, Version=8.0.0.0, Culture=neutral, PublicKeyToken=7cec85d7bea7798e]]'.
2026-09-05 17:26:20.064 +03:00 [INF] Executed action CMS.API.Controllers.EncountersController.GetPatientEncounters (CMS.API) in 4.2678ms
2026-09-05 17:26:20.062 +03:00 [INF] Executed action CMS.API.Controllers.TriageController.GetDoctorQueue (CMS.API) in 4.2508ms
2026-09-05 17:26:20.070 +03:00 [INF] Executed endpoint 'CMS.API.Controllers.EncountersController.GetPatientEncounters (CMS.API)'
2026-09-05 17:26:20.072 +03:00 [INF] Executed endpoint 'CMS.API.Controllers.TriageController.GetDoctorQueue (CMS.API)'
2026-09-05 17:26:20.080 +03:00 [INF] Request finished HTTP/1.1 GET http://localhost:5010/api/v1/triage/doctor/2?date=2026-09-05 - 200 null application/json; charset=utf-8 36.2712ms
2026-09-05 17:26:20.074 +03:00 [INF] Request finished HTTP/1.1 GET http://localhost:5010/api/v1/encounters/patient/13 - 200 null application/json; charset=utf-8 30.2325ms
2026-09-05 17:26:20.087 +03:00 [INF] Request starting HTTP/1.1 GET http://localhost:5010/api/v1/medicalcertificates/patient/13 - application/json null
2026-09-05 17:26:20.090 +03:00 [INF] Request starting HTTP/1.1 GET http://localhost:5010/api/v1/triage/patient/13/latest - application/json null
2026-09-05 17:26:20.095 +03:00 [INF] Request starting HTTP/1.1 GET http://localhost:5010/api/v1/encounters/patient/13 - application/json null
2026-09-05 17:26:20.106 +03:00 [INF] Executing endpoint 'CMS.API.Controllers.MedicalCertificatesController.GetPatientCertificates (CMS.API)'
2026-09-05 17:26:20.109 +03:00 [INF] Executing endpoint 'CMS.API.Controllers.TriageController.GetLatestPatientVitals (CMS.API)'
2026-09-05 17:26:20.113 +03:00 [INF] Executing endpoint 'CMS.API.Controllers.EncountersController.GetPatientEncounters (CMS.API)'
2026-09-05 17:26:20.115 +03:00 [INF] Route matched with {action = "GetPatientCertificates", controller = "MedicalCertificates"}. Executing controller action with signature System.Threading.Tasks.Task`1[Microsoft.AspNetCore.Mvc.IActionResult] GetPatientCertificates(Int32) on controller CMS.API.Controllers.MedicalCertificatesController (CMS.API).
2026-09-05 17:26:20.117 +03:00 [INF] Route matched with {action = "GetLatestPatientVitals", controller = "Triage"}. Executing controller action with signature System.Threading.Tasks.Task`1[Microsoft.AspNetCore.Mvc.IActionResult] GetLatestPatientVitals(Int32) on controller CMS.API.Controllers.TriageController (CMS.API).
2026-09-05 17:26:20.119 +03:00 [INF] Route matched with {action = "GetPatientEncounters", controller = "Encounters"}. Executing controller action with signature System.Threading.Tasks.Task`1[Microsoft.AspNetCore.Mvc.IActionResult] GetPatientEncounters(Int32) on controller CMS.API.Controllers.EncountersController (CMS.API).
2026-09-05 17:26:20.123 +03:00 [INF] Executing OkObjectResult, writing value of type 'CMS.Shared.DTOs.ApiResponse`1[[System.Collections.Generic.List`1[[CMS.Shared.DTOs.MedicalCertificateDto, CMS.Shared, Version=1.0.0.0, Culture=neutral, PublicKeyToken=null]], System.Private.CoreLib, Version=8.0.0.0, Culture=neutral, PublicKeyToken=7cec85d7bea7798e]]'.
2026-09-05 17:26:20.126 +03:00 [INF] Executing OkObjectResult, writing value of type 'CMS.Shared.DTOs.ApiResponse`1[[CMS.Shared.DTOs.TriageDto, CMS.Shared, Version=1.0.0.0, Culture=neutral, PublicKeyToken=null]]'.
2026-09-05 17:26:20.127 +03:00 [INF] Executing OkObjectResult, writing value of type 'CMS.Shared.DTOs.ApiResponse`1[[System.Collections.Generic.List`1[[CMS.Shared.DTOs.EncounterDto, CMS.Shared, Version=1.0.0.0, Culture=neutral, PublicKeyToken=null]], System.Private.CoreLib, Version=8.0.0.0, Culture=neutral, PublicKeyToken=7cec85d7bea7798e]]'.
2026-09-05 17:26:20.137 +03:00 [INF] Executed action CMS.API.Controllers.EncountersController.GetPatientEncounters (CMS.API) in 10.4201ms
2026-09-05 17:26:20.132 +03:00 [INF] Executed action CMS.API.Controllers.TriageController.GetLatestPatientVitals (CMS.API) in 8.6471ms
2026-09-05 17:26:20.128 +03:00 [INF] Executed action CMS.API.Controllers.MedicalCertificatesController.GetPatientCertificates (CMS.API) in 6.5803ms
2026-09-05 17:26:20.140 +03:00 [INF] Executed endpoint 'CMS.API.Controllers.EncountersController.GetPatientEncounters (CMS.API)'
2026-09-05 17:26:20.142 +03:00 [INF] Executed endpoint 'CMS.API.Controllers.TriageController.GetLatestPatientVitals (CMS.API)'
2026-09-05 17:26:20.143 +03:00 [INF] Executed endpoint 'CMS.API.Controllers.MedicalCertificatesController.GetPatientCertificates (CMS.API)'
2026-09-05 17:26:20.145 +03:00 [INF] Request finished HTTP/1.1 GET http://localhost:5010/api/v1/encounters/patient/13 - 200 null application/json; charset=utf-8 50.0781ms
2026-09-05 17:26:20.156 +03:00 [INF] Request finished HTTP/1.1 GET http://localhost:5010/api/v1/triage/patient/13/latest - 200 null application/json; charset=utf-8 65.828ms
2026-09-05 17:26:20.159 +03:00 [INF] Request finished HTTP/1.1 GET http://localhost:5010/api/v1/medicalcertificates/patient/13 - 200 null application/json; charset=utf-8 72.2859ms
2026-09-05 17:26:20.449 +03:00 [INF] Request starting HTTP/1.1 GET http://localhost:5010/api/v1/medicalcertificates/patient/13 - application/json null
2026-09-05 17:26:20.449 +03:00 [INF] Request starting HTTP/1.1 GET http://localhost:5010/api/v1/triage/patient/13/latest - application/json null
2026-09-05 17:26:20.454 +03:00 [INF] Executing endpoint 'CMS.API.Controllers.MedicalCertificatesController.GetPatientCertificates (CMS.API)'
2026-09-05 17:26:20.460 +03:00 [INF] Executing endpoint 'CMS.API.Controllers.TriageController.GetLatestPatientVitals (CMS.API)'
2026-09-05 17:26:20.462 +03:00 [INF] Route matched with {action = "GetPatientCertificates", controller = "MedicalCertificates"}. Executing controller action with signature System.Threading.Tasks.Task`1[Microsoft.AspNetCore.Mvc.IActionResult] GetPatientCertificates(Int32) on controller CMS.API.Controllers.MedicalCertificatesController (CMS.API).
2026-09-05 17:26:20.464 +03:00 [INF] Route matched with {action = "GetLatestPatientVitals", controller = "Triage"}. Executing controller action with signature System.Threading.Tasks.Task`1[Microsoft.AspNetCore.Mvc.IActionResult] GetLatestPatientVitals(Int32) on controller CMS.API.Controllers.TriageController (CMS.API).
2026-09-05 17:26:20.470 +03:00 [INF] Executing OkObjectResult, writing value of type 'CMS.Shared.DTOs.ApiResponse`1[[System.Collections.Generic.List`1[[CMS.Shared.DTOs.MedicalCertificateDto, CMS.Shared, Version=1.0.0.0, Culture=neutral, PublicKeyToken=null]], System.Private.CoreLib, Version=8.0.0.0, Culture=neutral, PublicKeyToken=7cec85d7bea7798e]]'.
2026-09-05 17:26:20.475 +03:00 [INF] Executed action CMS.API.Controllers.MedicalCertificatesController.GetPatientCertificates (CMS.API) in 7.5308ms
2026-09-05 17:26:20.475 +03:00 [INF] Executing OkObjectResult, writing value of type 'CMS.Shared.DTOs.ApiResponse`1[[CMS.Shared.DTOs.TriageDto, CMS.Shared, Version=1.0.0.0, Culture=neutral, PublicKeyToken=null]]'.
2026-09-05 17:26:20.483 +03:00 [INF] Executed action CMS.API.Controllers.TriageController.GetLatestPatientVitals (CMS.API) in 10.2509ms
2026-09-05 17:26:20.481 +03:00 [INF] Executed endpoint 'CMS.API.Controllers.MedicalCertificatesController.GetPatientCertificates (CMS.API)'
2026-09-05 17:26:20.496 +03:00 [INF] Request finished HTTP/1.1 GET http://localhost:5010/api/v1/medicalcertificates/patient/13 - 200 null application/json; charset=utf-8 47.2177ms
2026-09-05 17:26:20.494 +03:00 [INF] Executed endpoint 'CMS.API.Controllers.TriageController.GetLatestPatientVitals (CMS.API)'
2026-09-05 17:26:20.602 +03:00 [INF] Request finished HTTP/1.1 GET http://localhost:5010/api/v1/triage/patient/13/latest - 200 null application/json; charset=utf-8 152.5332ms
2026-09-05 17:26:27.821 +03:00 [INF] Request starting HTTP/1.1 GET http://localhost:5010/api/v1/laboratory/catalog - application/json null
2026-09-05 17:26:27.822 +03:00 [INF] Request starting HTTP/1.1 GET http://localhost:5010/api/v1/laboratory/worklist?date=2026-09-05 - application/json null
2026-09-05 17:26:27.822 +03:00 [INF] Request starting HTTP/1.1 GET http://localhost:5010/api/v1/laboratory/criticals - application/json null
2026-09-05 17:26:27.826 +03:00 [INF] Executing endpoint 'CMS.API.Controllers.LaboratoryController.GetCatalog (CMS.API)'
2026-09-05 17:26:27.833 +03:00 [INF] Executing endpoint 'CMS.API.Controllers.LaboratoryController.GetWorklist (CMS.API)'
2026-09-05 17:26:27.835 +03:00 [INF] Executing endpoint 'CMS.API.Controllers.LaboratoryController.GetCriticals (CMS.API)'
2026-09-05 17:26:27.842 +03:00 [INF] Route matched with {action = "GetCatalog", controller = "Laboratory"}. Executing controller action with signature System.Threading.Tasks.Task`1[Microsoft.AspNetCore.Mvc.IActionResult] GetCatalog() on controller CMS.API.Controllers.LaboratoryController (CMS.API).
2026-09-05 17:26:27.846 +03:00 [INF] Route matched with {action = "GetCriticals", controller = "Laboratory"}. Executing controller action with signature System.Threading.Tasks.Task`1[Microsoft.AspNetCore.Mvc.IActionResult] GetCriticals() on controller CMS.API.Controllers.LaboratoryController (CMS.API).
2026-09-05 17:26:27.846 +03:00 [INF] Route matched with {action = "GetWorklist", controller = "Laboratory"}. Executing controller action with signature System.Threading.Tasks.Task`1[Microsoft.AspNetCore.Mvc.IActionResult] GetWorklist(System.Nullable`1[System.DateTime], System.Nullable`1[System.Byte]) on controller CMS.API.Controllers.LaboratoryController (CMS.API).
2026-09-05 17:26:27.860 +03:00 [INF] Executing OkObjectResult, writing value of type 'CMS.Shared.DTOs.ApiResponse`1[[System.Collections.Generic.List`1[[CMS.Shared.DTOs.LabTestCatalogDto, CMS.Shared, Version=1.0.0.0, Culture=neutral, PublicKeyToken=null]], System.Private.CoreLib, Version=8.0.0.0, Culture=neutral, PublicKeyToken=7cec85d7bea7798e]]'.
2026-09-05 17:26:27.872 +03:00 [INF] Executed action CMS.API.Controllers.LaboratoryController.GetCatalog (CMS.API) in 26.5084ms
2026-09-05 17:26:27.877 +03:00 [INF] Executed endpoint 'CMS.API.Controllers.LaboratoryController.GetCatalog (CMS.API)'
2026-09-05 17:26:27.879 +03:00 [INF] Request finished HTTP/1.1 GET http://localhost:5010/api/v1/laboratory/catalog - 200 null application/json; charset=utf-8 57.7793ms
2026-09-05 17:26:27.882 +03:00 [INF] Executing OkObjectResult, writing value of type 'CMS.Shared.DTOs.ApiResponse`1[[System.Object, System.Private.CoreLib, Version=8.0.0.0, Culture=neutral, PublicKeyToken=7cec85d7bea7798e]]'.
2026-09-05 17:26:27.883 +03:00 [INF] Executing OkObjectResult, writing value of type 'CMS.Shared.DTOs.ApiResponse`1[[System.Object, System.Private.CoreLib, Version=8.0.0.0, Culture=neutral, PublicKeyToken=7cec85d7bea7798e]]'.
2026-09-05 17:26:27.890 +03:00 [INF] Executed action CMS.API.Controllers.LaboratoryController.GetCriticals (CMS.API) in 40.391ms
2026-09-05 17:26:27.892 +03:00 [INF] Executed action CMS.API.Controllers.LaboratoryController.GetWorklist (CMS.API) in 40.661ms
2026-09-05 17:26:27.895 +03:00 [INF] Executed endpoint 'CMS.API.Controllers.LaboratoryController.GetCriticals (CMS.API)'
2026-09-05 17:26:27.898 +03:00 [INF] Executed endpoint 'CMS.API.Controllers.LaboratoryController.GetWorklist (CMS.API)'
2026-09-05 17:26:27.899 +03:00 [INF] Request finished HTTP/1.1 GET http://localhost:5010/api/v1/laboratory/criticals - 200 null application/json; charset=utf-8 77.4522ms
2026-09-05 17:26:27.902 +03:00 [INF] Request finished HTTP/1.1 GET http://localhost:5010/api/v1/laboratory/worklist?date=2026-09-05 - 200 null application/json; charset=utf-8 80.0285ms
2026-09-05 17:26:28.080 +03:00 [INF] Request starting HTTP/1.1 GET http://localhost:5010/api/v1/laboratory/catalog - application/json null
2026-09-05 17:26:28.085 +03:00 [INF] Executing endpoint 'CMS.API.Controllers.LaboratoryController.GetCatalog (CMS.API)'
2026-09-05 17:26:28.089 +03:00 [INF] Route matched with {action = "GetCatalog", controller = "Laboratory"}. Executing controller action with signature System.Threading.Tasks.Task`1[Microsoft.AspNetCore.Mvc.IActionResult] GetCatalog() on controller CMS.API.Controllers.LaboratoryController (CMS.API).
2026-09-05 17:26:28.096 +03:00 [INF] Executing OkObjectResult, writing value of type 'CMS.Shared.DTOs.ApiResponse`1[[System.Collections.Generic.List`1[[CMS.Shared.DTOs.LabTestCatalogDto, CMS.Shared, Version=1.0.0.0, Culture=neutral, PublicKeyToken=null]], System.Private.CoreLib, Version=8.0.0.0, Culture=neutral, PublicKeyToken=7cec85d7bea7798e]]'.
2026-09-05 17:26:28.098 +03:00 [INF] Executed action CMS.API.Controllers.LaboratoryController.GetCatalog (CMS.API) in 3.8948ms
2026-09-05 17:26:28.104 +03:00 [INF] Executed endpoint 'CMS.API.Controllers.LaboratoryController.GetCatalog (CMS.API)'
2026-09-05 17:26:28.105 +03:00 [INF] Request finished HTTP/1.1 GET http://localhost:5010/api/v1/laboratory/catalog - 200 null application/json; charset=utf-8 24.882ms
2026-09-05 17:26:28.190 +03:00 [INF] Request starting HTTP/1.1 GET http://localhost:5010/api/v1/laboratory/criticals - application/json null
2026-09-05 17:26:28.212 +03:00 [INF] Request starting HTTP/1.1 GET http://localhost:5010/api/v1/laboratory/worklist?date=2026-09-05 - application/json null
2026-09-05 17:26:28.229 +03:00 [INF] Executing endpoint 'CMS.API.Controllers.LaboratoryController.GetCriticals (CMS.API)'
2026-09-05 17:26:28.239 +03:00 [INF] Executing endpoint 'CMS.API.Controllers.LaboratoryController.GetWorklist (CMS.API)'
2026-09-05 17:26:28.240 +03:00 [INF] Route matched with {action = "GetCriticals", controller = "Laboratory"}. Executing controller action with signature System.Threading.Tasks.Task`1[Microsoft.AspNetCore.Mvc.IActionResult] GetCriticals() on controller CMS.API.Controllers.LaboratoryController (CMS.API).
2026-09-05 17:26:28.242 +03:00 [INF] Route matched with {action = "GetWorklist", controller = "Laboratory"}. Executing controller action with signature System.Threading.Tasks.Task`1[Microsoft.AspNetCore.Mvc.IActionResult] GetWorklist(System.Nullable`1[System.DateTime], System.Nullable`1[System.Byte]) on controller CMS.API.Controllers.LaboratoryController (CMS.API).
2026-09-05 17:26:28.248 +03:00 [INF] Executing OkObjectResult, writing value of type 'CMS.Shared.DTOs.ApiResponse`1[[System.Object, System.Private.CoreLib, Version=8.0.0.0, Culture=neutral, PublicKeyToken=7cec85d7bea7798e]]'.
2026-09-05 17:26:28.259 +03:00 [INF] Executing OkObjectResult, writing value of type 'CMS.Shared.DTOs.ApiResponse`1[[System.Object, System.Private.CoreLib, Version=8.0.0.0, Culture=neutral, PublicKeyToken=7cec85d7bea7798e]]'.
2026-09-05 17:26:28.260 +03:00 [INF] Executed action CMS.API.Controllers.LaboratoryController.GetCriticals (CMS.API) in 14.0308ms
2026-09-05 17:26:28.266 +03:00 [INF] Executed action CMS.API.Controllers.LaboratoryController.GetWorklist (CMS.API) in 9.0594ms
2026-09-05 17:26:28.411 +03:00 [INF] Executed endpoint 'CMS.API.Controllers.LaboratoryController.GetWorklist (CMS.API)'
2026-09-05 17:26:28.405 +03:00 [INF] Executed endpoint 'CMS.API.Controllers.LaboratoryController.GetCriticals (CMS.API)'
2026-09-05 17:26:28.426 +03:00 [INF] Request finished HTTP/1.1 GET http://localhost:5010/api/v1/laboratory/criticals - 200 null application/json; charset=utf-8 235.8625ms
2026-09-05 17:26:28.413 +03:00 [INF] Request finished HTTP/1.1 GET http://localhost:5010/api/v1/laboratory/worklist?date=2026-09-05 - 200 null application/json; charset=utf-8 200.9841ms
2026-09-05 17:27:27.315 +03:00 [INF] Request starting HTTP/1.1 GET http://localhost:5010/api/v1/laboratory/worklist?date=2026-09-01 - application/json null
2026-09-05 17:27:27.347 +03:00 [INF] Executing endpoint 'CMS.API.Controllers.LaboratoryController.GetWorklist (CMS.API)'
2026-09-05 17:27:27.349 +03:00 [INF] Route matched with {action = "GetWorklist", controller = "Laboratory"}. Executing controller action with signature System.Threading.Tasks.Task`1[Microsoft.AspNetCore.Mvc.IActionResult] GetWorklist(System.Nullable`1[System.DateTime], System.Nullable`1[System.Byte]) on controller CMS.API.Controllers.LaboratoryController (CMS.API).
2026-09-05 17:27:27.414 +03:00 [INF] Executing OkObjectResult, writing value of type 'CMS.Shared.DTOs.ApiResponse`1[[System.Object, System.Private.CoreLib, Version=8.0.0.0, Culture=neutral, PublicKeyToken=7cec85d7bea7798e]]'.
2026-09-05 17:27:27.417 +03:00 [INF] Executed action CMS.API.Controllers.LaboratoryController.GetWorklist (CMS.API) in 58.0946ms
2026-09-05 17:27:27.421 +03:00 [INF] Executed endpoint 'CMS.API.Controllers.LaboratoryController.GetWorklist (CMS.API)'
2026-09-05 17:27:27.424 +03:00 [INF] Request finished HTTP/1.1 GET http://localhost:5010/api/v1/laboratory/worklist?date=2026-09-01 - 200 null application/json; charset=utf-8 109.1324ms
2026-09-05 17:27:27.622 +03:00 [INF] Request starting HTTP/1.1 GET http://localhost:5010/api/v1/laboratory/criticals - application/json null
2026-09-05 17:27:27.622 +03:00 [INF] Request starting HTTP/1.1 GET http://localhost:5010/api/v1/laboratory/catalog - application/json null
2026-09-05 17:27:27.643 +03:00 [INF] Executing endpoint 'CMS.API.Controllers.LaboratoryController.GetCatalog (CMS.API)'
2026-09-05 17:27:27.639 +03:00 [INF] Executing endpoint 'CMS.API.Controllers.LaboratoryController.GetCriticals (CMS.API)'
2026-09-05 17:27:27.648 +03:00 [INF] Route matched with {action = "GetCriticals", controller = "Laboratory"}. Executing controller action with signature System.Threading.Tasks.Task`1[Microsoft.AspNetCore.Mvc.IActionResult] GetCriticals() on controller CMS.API.Controllers.LaboratoryController (CMS.API).
2026-09-05 17:27:27.646 +03:00 [INF] Route matched with {action = "GetCatalog", controller = "Laboratory"}. Executing controller action with signature System.Threading.Tasks.Task`1[Microsoft.AspNetCore.Mvc.IActionResult] GetCatalog() on controller CMS.API.Controllers.LaboratoryController (CMS.API).
2026-09-05 17:27:27.683 +03:00 [INF] Executing OkObjectResult, writing value of type 'CMS.Shared.DTOs.ApiResponse`1[[System.Collections.Generic.List`1[[CMS.Shared.DTOs.LabTestCatalogDto, CMS.Shared, Version=1.0.0.0, Culture=neutral, PublicKeyToken=null]], System.Private.CoreLib, Version=8.0.0.0, Culture=neutral, PublicKeyToken=7cec85d7bea7798e]]'.
2026-09-05 17:27:27.689 +03:00 [INF] Executed action CMS.API.Controllers.LaboratoryController.GetCatalog (CMS.API) in 14.9863ms
2026-09-05 17:27:27.696 +03:00 [INF] Executed endpoint 'CMS.API.Controllers.LaboratoryController.GetCatalog (CMS.API)'
2026-09-05 17:27:27.698 +03:00 [INF] Request finished HTTP/1.1 GET http://localhost:5010/api/v1/laboratory/catalog - 200 null application/json; charset=utf-8 75.8163ms
2026-09-05 17:27:27.758 +03:00 [INF] Executing OkObjectResult, writing value of type 'CMS.Shared.DTOs.ApiResponse`1[[System.Object, System.Private.CoreLib, Version=8.0.0.0, Culture=neutral, PublicKeyToken=7cec85d7bea7798e]]'.
2026-09-05 17:27:27.769 +03:00 [INF] Executed action CMS.API.Controllers.LaboratoryController.GetCriticals (CMS.API) in 98.4936ms
2026-09-05 17:27:27.773 +03:00 [INF] Executed endpoint 'CMS.API.Controllers.LaboratoryController.GetCriticals (CMS.API)'
2026-09-05 17:27:27.776 +03:00 [INF] Request finished HTTP/1.1 GET http://localhost:5010/api/v1/laboratory/criticals - 200 null application/json; charset=utf-8 153.6241ms
2026-09-05 17:27:30.906 +03:00 [INF] Request starting HTTP/1.1 GET http://localhost:5010/api/v1/laboratory/worklist?date=2026-09-02 - application/json null
2026-09-05 17:27:30.906 +03:00 [INF] Request starting HTTP/1.1 GET http://localhost:5010/api/v1/laboratory/criticals - application/json null
2026-09-05 17:27:30.908 +03:00 [INF] Request starting HTTP/1.1 GET http://localhost:5010/api/v1/laboratory/catalog - application/json null
2026-09-05 17:27:30.929 +03:00 [INF] Executing endpoint 'CMS.API.Controllers.LaboratoryController.GetCatalog (CMS.API)'
2026-09-05 17:27:30.923 +03:00 [INF] Executing endpoint 'CMS.API.Controllers.LaboratoryController.GetCriticals (CMS.API)'
2026-09-05 17:27:30.916 +03:00 [INF] Executing endpoint 'CMS.API.Controllers.LaboratoryController.GetWorklist (CMS.API)'
2026-09-05 17:27:30.932 +03:00 [INF] Route matched with {action = "GetCatalog", controller = "Laboratory"}. Executing controller action with signature System.Threading.Tasks.Task`1[Microsoft.AspNetCore.Mvc.IActionResult] GetCatalog() on controller CMS.API.Controllers.LaboratoryController (CMS.API).
2026-09-05 17:27:30.937 +03:00 [INF] Route matched with {action = "GetCriticals", controller = "Laboratory"}. Executing controller action with signature System.Threading.Tasks.Task`1[Microsoft.AspNetCore.Mvc.IActionResult] GetCriticals() on controller CMS.API.Controllers.LaboratoryController (CMS.API).
2026-09-05 17:27:30.940 +03:00 [INF] Route matched with {action = "GetWorklist", controller = "Laboratory"}. Executing controller action with signature System.Threading.Tasks.Task`1[Microsoft.AspNetCore.Mvc.IActionResult] GetWorklist(System.Nullable`1[System.DateTime], System.Nullable`1[System.Byte]) on controller CMS.API.Controllers.LaboratoryController (CMS.API).
2026-09-05 17:27:30.946 +03:00 [INF] Executing OkObjectResult, writing value of type 'CMS.Shared.DTOs.ApiResponse`1[[System.Collections.Generic.List`1[[CMS.Shared.DTOs.LabTestCatalogDto, CMS.Shared, Version=1.0.0.0, Culture=neutral, PublicKeyToken=null]], System.Private.CoreLib, Version=8.0.0.0, Culture=neutral, PublicKeyToken=7cec85d7bea7798e]]'.
2026-09-05 17:27:30.955 +03:00 [INF] Executed action CMS.API.Controllers.LaboratoryController.GetCatalog (CMS.API) in 11.347ms
2026-09-05 17:27:30.954 +03:00 [INF] Executing OkObjectResult, writing value of type 'CMS.Shared.DTOs.ApiResponse`1[[System.Object, System.Private.CoreLib, Version=8.0.0.0, Culture=neutral, PublicKeyToken=7cec85d7bea7798e]]'.
2026-09-05 17:27:30.949 +03:00 [INF] Executing OkObjectResult, writing value of type 'CMS.Shared.DTOs.ApiResponse`1[[System.Object, System.Private.CoreLib, Version=8.0.0.0, Culture=neutral, PublicKeyToken=7cec85d7bea7798e]]'.
2026-09-05 17:27:30.960 +03:00 [INF] Executed endpoint 'CMS.API.Controllers.LaboratoryController.GetCatalog (CMS.API)'
2026-09-05 17:27:30.962 +03:00 [INF] Executed action CMS.API.Controllers.LaboratoryController.GetWorklist (CMS.API) in 9.3817ms
2026-09-05 17:27:30.965 +03:00 [INF] Executed action CMS.API.Controllers.LaboratoryController.GetCriticals (CMS.API) in 17.5748ms
2026-09-05 17:27:30.969 +03:00 [INF] Request finished HTTP/1.1 GET http://localhost:5010/api/v1/laboratory/catalog - 200 null application/json; charset=utf-8 60.3714ms
2026-09-05 17:27:30.973 +03:00 [INF] Executed endpoint 'CMS.API.Controllers.LaboratoryController.GetWorklist (CMS.API)'
2026-09-05 17:27:31.077 +03:00 [INF] Request finished HTTP/1.1 GET http://localhost:5010/api/v1/laboratory/worklist?date=2026-09-02 - 200 null application/json; charset=utf-8 170.5263ms
2026-09-05 17:27:31.065 +03:00 [INF] Executed endpoint 'CMS.API.Controllers.LaboratoryController.GetCriticals (CMS.API)'
2026-09-05 17:27:31.092 +03:00 [INF] Request finished HTTP/1.1 GET http://localhost:5010/api/v1/laboratory/criticals - 200 null application/json; charset=utf-8 185.7938ms
2026-09-05 17:27:33.308 +03:00 [INF] Request starting HTTP/1.1 GET http://localhost:5010/api/v1/laboratory/catalog - application/json null
2026-09-05 17:27:33.316 +03:00 [INF] Executing endpoint 'CMS.API.Controllers.LaboratoryController.GetCatalog (CMS.API)'
2026-09-05 17:27:33.319 +03:00 [INF] Route matched with {action = "GetCatalog", controller = "Laboratory"}. Executing controller action with signature System.Threading.Tasks.Task`1[Microsoft.AspNetCore.Mvc.IActionResult] GetCatalog() on controller CMS.API.Controllers.LaboratoryController (CMS.API).
2026-09-05 17:27:33.326 +03:00 [INF] Executing OkObjectResult, writing value of type 'CMS.Shared.DTOs.ApiResponse`1[[System.Collections.Generic.List`1[[CMS.Shared.DTOs.LabTestCatalogDto, CMS.Shared, Version=1.0.0.0, Culture=neutral, PublicKeyToken=null]], System.Private.CoreLib, Version=8.0.0.0, Culture=neutral, PublicKeyToken=7cec85d7bea7798e]]'.
2026-09-05 17:27:33.329 +03:00 [INF] Executed action CMS.API.Controllers.LaboratoryController.GetCatalog (CMS.API) in 4.2008ms
2026-09-05 17:27:33.331 +03:00 [INF] Executed endpoint 'CMS.API.Controllers.LaboratoryController.GetCatalog (CMS.API)'
2026-09-05 17:27:33.333 +03:00 [INF] Request finished HTTP/1.1 GET http://localhost:5010/api/v1/laboratory/catalog - 200 null application/json; charset=utf-8 24.4759ms
2026-09-05 17:27:33.631 +03:00 [INF] Request starting HTTP/1.1 GET http://localhost:5010/api/v1/laboratory/worklist?date=2026-09-03 - application/json null
2026-09-05 17:27:33.631 +03:00 [INF] Request starting HTTP/1.1 GET http://localhost:5010/api/v1/laboratory/criticals - application/json null
2026-09-05 17:27:33.654 +03:00 [INF] Executing endpoint 'CMS.API.Controllers.LaboratoryController.GetWorklist (CMS.API)'
2026-09-05 17:27:33.664 +03:00 [INF] Route matched with {action = "GetWorklist", controller = "Laboratory"}. Executing controller action with signature System.Threading.Tasks.Task`1[Microsoft.AspNetCore.Mvc.IActionResult] GetWorklist(System.Nullable`1[System.DateTime], System.Nullable`1[System.Byte]) on controller CMS.API.Controllers.LaboratoryController (CMS.API).
2026-09-05 17:27:33.661 +03:00 [INF] Executing endpoint 'CMS.API.Controllers.LaboratoryController.GetCriticals (CMS.API)'
2026-09-05 17:27:33.771 +03:00 [INF] Executing OkObjectResult, writing value of type 'CMS.Shared.DTOs.ApiResponse`1[[System.Object, System.Private.CoreLib, Version=8.0.0.0, Culture=neutral, PublicKeyToken=7cec85d7bea7798e]]'.
2026-09-05 17:27:33.777 +03:00 [INF] Route matched with {action = "GetCriticals", controller = "Laboratory"}. Executing controller action with signature System.Threading.Tasks.Task`1[Microsoft.AspNetCore.Mvc.IActionResult] GetCriticals() on controller CMS.API.Controllers.LaboratoryController (CMS.API).
2026-09-05 17:27:33.780 +03:00 [INF] Executed action CMS.API.Controllers.LaboratoryController.GetWorklist (CMS.API) in 108.9048ms
2026-09-05 17:27:33.794 +03:00 [INF] Executing OkObjectResult, writing value of type 'CMS.Shared.DTOs.ApiResponse`1[[System.Object, System.Private.CoreLib, Version=8.0.0.0, Culture=neutral, PublicKeyToken=7cec85d7bea7798e]]'.
2026-09-05 17:27:33.905 +03:00 [INF] Executed endpoint 'CMS.API.Controllers.LaboratoryController.GetWorklist (CMS.API)'
2026-09-05 17:27:33.907 +03:00 [INF] Executed action CMS.API.Controllers.LaboratoryController.GetCriticals (CMS.API) in 117.2938ms
2026-09-05 17:27:33.909 +03:00 [INF] Request finished HTTP/1.1 GET http://localhost:5010/api/v1/laboratory/worklist?date=2026-09-03 - 200 null application/json; charset=utf-8 278.6585ms
2026-09-05 17:27:33.916 +03:00 [INF] Executed endpoint 'CMS.API.Controllers.LaboratoryController.GetCriticals (CMS.API)'
2026-09-05 17:27:33.923 +03:00 [INF] Request finished HTTP/1.1 GET http://localhost:5010/api/v1/laboratory/criticals - 200 null application/json; charset=utf-8 292.2636ms
2026-09-05 17:27:36.444 +03:00 [INF] Request starting HTTP/1.1 GET http://localhost:5010/api/v1/laboratory/worklist?date=2026-08-30 - application/json null
2026-09-05 17:27:36.444 +03:00 [INF] Request starting HTTP/1.1 GET http://localhost:5010/api/v1/laboratory/catalog - application/json null
2026-09-05 17:27:36.445 +03:00 [INF] Request starting HTTP/1.1 GET http://localhost:5010/api/v1/laboratory/criticals - application/json null
2026-09-05 17:27:36.558 +03:00 [INF] Executing endpoint 'CMS.API.Controllers.LaboratoryController.GetWorklist (CMS.API)'
2026-09-05 17:27:36.588 +03:00 [INF] Executing endpoint 'CMS.API.Controllers.LaboratoryController.GetCatalog (CMS.API)'
2026-09-05 17:27:36.606 +03:00 [INF] Route matched with {action = "GetCatalog", controller = "Laboratory"}. Executing controller action with signature System.Threading.Tasks.Task`1[Microsoft.AspNetCore.Mvc.IActionResult] GetCatalog() on controller CMS.API.Controllers.LaboratoryController (CMS.API).
2026-09-05 17:27:36.599 +03:00 [INF] Route matched with {action = "GetWorklist", controller = "Laboratory"}. Executing controller action with signature System.Threading.Tasks.Task`1[Microsoft.AspNetCore.Mvc.IActionResult] GetWorklist(System.Nullable`1[System.DateTime], System.Nullable`1[System.Byte]) on controller CMS.API.Controllers.LaboratoryController (CMS.API).
2026-09-05 17:27:36.594 +03:00 [INF] Executing endpoint 'CMS.API.Controllers.LaboratoryController.GetCriticals (CMS.API)'
2026-09-05 17:27:36.890 +03:00 [INF] Route matched with {action = "GetCriticals", controller = "Laboratory"}. Executing controller action with signature System.Threading.Tasks.Task`1[Microsoft.AspNetCore.Mvc.IActionResult] GetCriticals() on controller CMS.API.Controllers.LaboratoryController (CMS.API).
2026-09-05 17:27:37.154 +03:00 [INF] Executing OkObjectResult, writing value of type 'CMS.Shared.DTOs.ApiResponse`1[[System.Collections.Generic.List`1[[CMS.Shared.DTOs.LabTestCatalogDto, CMS.Shared, Version=1.0.0.0, Culture=neutral, PublicKeyToken=null]], System.Private.CoreLib, Version=8.0.0.0, Culture=neutral, PublicKeyToken=7cec85d7bea7798e]]'.
2026-09-05 17:27:37.172 +03:00 [INF] Executed action CMS.API.Controllers.LaboratoryController.GetCatalog (CMS.API) in 305.4893ms
2026-09-05 17:27:37.204 +03:00 [INF] Executing OkObjectResult, writing value of type 'CMS.Shared.DTOs.ApiResponse`1[[System.Object, System.Private.CoreLib, Version=8.0.0.0, Culture=neutral, PublicKeyToken=7cec85d7bea7798e]]'.
2026-09-05 17:27:37.304 +03:00 [INF] Executed action CMS.API.Controllers.LaboratoryController.GetWorklist (CMS.API) in 427.9228ms
2026-09-05 17:27:37.290 +03:00 [INF] Executed endpoint 'CMS.API.Controllers.LaboratoryController.GetCatalog (CMS.API)'
2026-09-05 17:27:37.276 +03:00 [INF] Executing OkObjectResult, writing value of type 'CMS.Shared.DTOs.ApiResponse`1[[System.Object, System.Private.CoreLib, Version=8.0.0.0, Culture=neutral, PublicKeyToken=7cec85d7bea7798e]]'.
2026-09-05 17:27:37.310 +03:00 [INF] Executed endpoint 'CMS.API.Controllers.LaboratoryController.GetWorklist (CMS.API)'
2026-09-05 17:27:37.313 +03:00 [INF] Request finished HTTP/1.1 GET http://localhost:5010/api/v1/laboratory/catalog - 200 null application/json; charset=utf-8 868.6677ms
2026-09-05 17:27:37.326 +03:00 [INF] Executed action CMS.API.Controllers.LaboratoryController.GetCriticals (CMS.API) in 202.3888ms
2026-09-05 17:27:37.450 +03:00 [INF] Executed endpoint 'CMS.API.Controllers.LaboratoryController.GetCriticals (CMS.API)'
2026-09-05 17:27:37.452 +03:00 [INF] Request finished HTTP/1.1 GET http://localhost:5010/api/v1/laboratory/criticals - 200 null application/json; charset=utf-8 1006.9432ms
2026-09-05 17:27:37.330 +03:00 [INF] Request finished HTTP/1.1 GET http://localhost:5010/api/v1/laboratory/worklist?date=2026-08-30 - 200 null application/json; charset=utf-8 885.8399ms
2026-09-05 17:27:38.275 +03:00 [INF] Request starting HTTP/1.1 GET http://localhost:5010/api/v1/laboratory/worklist?date=2026-08-31 - application/json null
2026-09-05 17:27:38.279 +03:00 [INF] Executing endpoint 'CMS.API.Controllers.LaboratoryController.GetWorklist (CMS.API)'
2026-09-05 17:27:38.282 +03:00 [INF] Route matched with {action = "GetWorklist", controller = "Laboratory"}. Executing controller action with signature System.Threading.Tasks.Task`1[Microsoft.AspNetCore.Mvc.IActionResult] GetWorklist(System.Nullable`1[System.DateTime], System.Nullable`1[System.Byte]) on controller CMS.API.Controllers.LaboratoryController (CMS.API).
2026-09-05 17:27:38.333 +03:00 [INF] Executing OkObjectResult, writing value of type 'CMS.Shared.DTOs.ApiResponse`1[[System.Object, System.Private.CoreLib, Version=8.0.0.0, Culture=neutral, PublicKeyToken=7cec85d7bea7798e]]'.
2026-09-05 17:27:38.336 +03:00 [INF] Executed action CMS.API.Controllers.LaboratoryController.GetWorklist (CMS.API) in 50.6016ms
2026-09-05 17:27:38.341 +03:00 [INF] Executed endpoint 'CMS.API.Controllers.LaboratoryController.GetWorklist (CMS.API)'
2026-09-05 17:27:38.344 +03:00 [INF] Request finished HTTP/1.1 GET http://localhost:5010/api/v1/laboratory/worklist?date=2026-08-31 - 200 null application/json; charset=utf-8 69.169ms
2026-09-05 17:27:38.590 +03:00 [INF] Request starting HTTP/1.1 GET http://localhost:5010/api/v1/laboratory/criticals - application/json null
2026-09-05 17:27:38.590 +03:00 [INF] Request starting HTTP/1.1 GET http://localhost:5010/api/v1/laboratory/catalog - application/json null
2026-09-05 17:27:38.802 +03:00 [INF] Executing endpoint 'CMS.API.Controllers.LaboratoryController.GetCatalog (CMS.API)'
2026-09-05 17:27:38.756 +03:00 [INF] Executing endpoint 'CMS.API.Controllers.LaboratoryController.GetCriticals (CMS.API)'
2026-09-05 17:27:38.877 +03:00 [INF] Route matched with {action = "GetCatalog", controller = "Laboratory"}. Executing controller action with signature System.Threading.Tasks.Task`1[Microsoft.AspNetCore.Mvc.IActionResult] GetCatalog() on controller CMS.API.Controllers.LaboratoryController (CMS.API).
2026-09-05 17:27:38.880 +03:00 [INF] Route matched with {action = "GetCriticals", controller = "Laboratory"}. Executing controller action with signature System.Threading.Tasks.Task`1[Microsoft.AspNetCore.Mvc.IActionResult] GetCriticals() on controller CMS.API.Controllers.LaboratoryController (CMS.API).
2026-09-05 17:27:39.188 +03:00 [INF] Executing OkObjectResult, writing value of type 'CMS.Shared.DTOs.ApiResponse`1[[System.Collections.Generic.List`1[[CMS.Shared.DTOs.LabTestCatalogDto, CMS.Shared, Version=1.0.0.0, Culture=neutral, PublicKeyToken=null]], System.Private.CoreLib, Version=8.0.0.0, Culture=neutral, PublicKeyToken=7cec85d7bea7798e]]'.
2026-09-05 17:27:39.338 +03:00 [INF] Executing OkObjectResult, writing value of type 'CMS.Shared.DTOs.ApiResponse`1[[System.Object, System.Private.CoreLib, Version=8.0.0.0, Culture=neutral, PublicKeyToken=7cec85d7bea7798e]]'.
2026-09-05 17:27:39.505 +03:00 [INF] Executed action CMS.API.Controllers.LaboratoryController.GetCriticals (CMS.API) in 448.1871ms
2026-09-05 17:27:39.472 +03:00 [INF] Executed action CMS.API.Controllers.LaboratoryController.GetCatalog (CMS.API) in 433.3457ms
2026-09-05 17:27:39.850 +03:00 [INF] Executed endpoint 'CMS.API.Controllers.LaboratoryController.GetCriticals (CMS.API)'
2026-09-05 17:27:39.859 +03:00 [INF] Executed endpoint 'CMS.API.Controllers.LaboratoryController.GetCatalog (CMS.API)'
2026-09-05 17:27:39.861 +03:00 [INF] Request finished HTTP/1.1 GET http://localhost:5010/api/v1/laboratory/criticals - 200 null application/json; charset=utf-8 1271.0621ms
2026-09-05 17:27:39.871 +03:00 [INF] Request finished HTTP/1.1 GET http://localhost:5010/api/v1/laboratory/catalog - 200 null application/json; charset=utf-8 1281.5268ms
2026-09-05 17:28:38.087 +03:00 [INF] Request starting HTTP/1.1 GET http://localhost:5010/api/v1/dashboard/metrics - null null
2026-09-05 17:28:38.095 +03:00 [INF] Request starting HTTP/1.1 GET http://localhost:5010/api/v1/settings - null null
2026-09-05 17:28:38.129 +03:00 [INF] Executing endpoint 'CMS.API.Controllers.SettingsController.GetSettings (CMS.API)'
2026-09-05 17:28:38.106 +03:00 [INF] Request starting HTTP/1.1 GET http://localhost:5010/api/v1/settings - null null
2026-09-05 17:28:38.258 +03:00 [INF] Executing endpoint 'CMS.API.Controllers.SettingsController.GetSettings (CMS.API)'
2026-09-05 17:28:38.101 +03:00 [INF] Request starting HTTP/1.1 GET http://localhost:5010/api/v1/dashboard/metrics - null null
2026-09-05 17:28:38.445 +03:00 [INF] Failed to validate the token.
Microsoft.IdentityModel.Tokens.SecurityTokenMalformedException: IDX14100: JWT is not well formed, there are no dots (.).
The token needs to be in JWS or JWE Compact Serialization Format. (JWS): 'EncodedHeader.EncodedPayload.EncodedSignature'. (JWE): 'EncodedProtectedHeader.EncodedEncryptedKey.EncodedInitializationVector.EncodedCiphertext.EncodedAuthenticationTag'.
   at Microsoft.IdentityModel.JsonWebTokens.JsonWebToken.ReadToken(ReadOnlyMemory`1 encodedTokenMemory)
   at Microsoft.IdentityModel.JsonWebTokens.JsonWebToken..ctor(String jwtEncodedString)
   at Microsoft.IdentityModel.JsonWebTokens.JsonWebTokenHandler.ReadToken(String token, TokenValidationParameters validationParameters)
2026-09-05 17:28:38.112 +03:00 [INF] Failed to validate the token.
Microsoft.IdentityModel.Tokens.SecurityTokenMalformedException: IDX14100: JWT is not well formed, there are no dots (.).
The token needs to be in JWS or JWE Compact Serialization Format. (JWS): 'EncodedHeader.EncodedPayload.EncodedSignature'. (JWE): 'EncodedProtectedHeader.EncodedEncryptedKey.EncodedInitializationVector.EncodedCiphertext.EncodedAuthenticationTag'.
   at Microsoft.IdentityModel.JsonWebTokens.JsonWebToken.ReadToken(ReadOnlyMemory`1 encodedTokenMemory)
   at Microsoft.IdentityModel.JsonWebTokens.JsonWebToken..ctor(String jwtEncodedString)
   at Microsoft.IdentityModel.JsonWebTokens.JsonWebTokenHandler.ReadToken(String token, TokenValidationParameters validationParameters)
2026-09-05 17:28:38.458 +03:00 [INF] Bearer was not authenticated. Failure message: IDX14100: JWT is not well formed, there are no dots (.).
The token needs to be in JWS or JWE Compact Serialization Format. (JWS): 'EncodedHeader.EncodedPayload.EncodedSignature'. (JWE): 'EncodedProtectedHeader.EncodedEncryptedKey.EncodedInitializationVector.EncodedCiphertext.EncodedAuthenticationTag'.
2026-09-05 17:28:38.461 +03:00 [INF] Executing endpoint 'CMS.API.Controllers.DashboardController.GetMetrics (CMS.API)'
2026-09-05 17:28:38.455 +03:00 [INF] Bearer was not authenticated. Failure message: IDX14100: JWT is not well formed, there are no dots (.).
The token needs to be in JWS or JWE Compact Serialization Format. (JWS): 'EncodedHeader.EncodedPayload.EncodedSignature'. (JWE): 'EncodedProtectedHeader.EncodedEncryptedKey.EncodedInitializationVector.EncodedCiphertext.EncodedAuthenticationTag'.
2026-09-05 17:28:38.438 +03:00 [INF] Route matched with {action = "GetSettings", controller = "Settings"}. Executing controller action with signature System.Threading.Tasks.Task`1[Microsoft.AspNetCore.Mvc.IActionResult] GetSettings() on controller CMS.API.Controllers.SettingsController (CMS.API).
2026-09-05 17:28:38.242 +03:00 [INF] Route matched with {action = "GetSettings", controller = "Settings"}. Executing controller action with signature System.Threading.Tasks.Task`1[Microsoft.AspNetCore.Mvc.IActionResult] GetSettings() on controller CMS.API.Controllers.SettingsController (CMS.API).
2026-09-05 17:28:38.463 +03:00 [INF] Route matched with {action = "GetMetrics", controller = "Dashboard"}. Executing controller action with signature System.Threading.Tasks.Task`1[Microsoft.AspNetCore.Mvc.IActionResult] GetMetrics() on controller CMS.API.Controllers.DashboardController (CMS.API).
2026-09-05 17:28:38.469 +03:00 [INF] Executing endpoint 'CMS.API.Controllers.DashboardController.GetMetrics (CMS.API)'
2026-09-05 17:28:38.481 +03:00 [INF] Executing OkObjectResult, writing value of type 'CMS.Shared.DTOs.ApiResponse`1[[System.Collections.Generic.List`1[[CMS.Shared.DTOs.ClinicSettingDto, CMS.Shared, Version=1.0.0.0, Culture=neutral, PublicKeyToken=null]], System.Private.CoreLib, Version=8.0.0.0, Culture=neutral, PublicKeyToken=7cec85d7bea7798e]]'.
2026-09-05 17:28:38.481 +03:00 [INF] Executing OkObjectResult, writing value of type 'CMS.Shared.DTOs.ApiResponse`1[[System.Collections.Generic.List`1[[CMS.Shared.DTOs.ClinicSettingDto, CMS.Shared, Version=1.0.0.0, Culture=neutral, PublicKeyToken=null]], System.Private.CoreLib, Version=8.0.0.0, Culture=neutral, PublicKeyToken=7cec85d7bea7798e]]'.
2026-09-05 17:28:38.482 +03:00 [INF] Route matched with {action = "GetMetrics", controller = "Dashboard"}. Executing controller action with signature System.Threading.Tasks.Task`1[Microsoft.AspNetCore.Mvc.IActionResult] GetMetrics() on controller CMS.API.Controllers.DashboardController (CMS.API).
2026-09-05 17:28:38.488 +03:00 [INF] Executed action CMS.API.Controllers.SettingsController.GetSettings (CMS.API) in 11.6301ms
2026-09-05 17:28:38.490 +03:00 [INF] Executed action CMS.API.Controllers.SettingsController.GetSettings (CMS.API) in 16.8788ms
2026-09-05 17:28:38.498 +03:00 [INF] Executed endpoint 'CMS.API.Controllers.SettingsController.GetSettings (CMS.API)'
2026-09-05 17:28:38.612 +03:00 [INF] Request finished HTTP/1.1 GET http://localhost:5010/api/v1/settings - 200 null application/json; charset=utf-8 516.7742ms
2026-09-05 17:28:38.607 +03:00 [INF] Executing OkObjectResult, writing value of type 'CMS.Shared.DTOs.ApiResponse`1[[CMS.Shared.DTOs.DashboardMetricsDto, CMS.Shared, Version=1.0.0.0, Culture=neutral, PublicKeyToken=null]]'.
2026-09-05 17:28:38.610 +03:00 [INF] Executed endpoint 'CMS.API.Controllers.SettingsController.GetSettings (CMS.API)'
2026-09-05 17:28:38.605 +03:00 [INF] Executing OkObjectResult, writing value of type 'CMS.Shared.DTOs.ApiResponse`1[[CMS.Shared.DTOs.DashboardMetricsDto, CMS.Shared, Version=1.0.0.0, Culture=neutral, PublicKeyToken=null]]'.
2026-09-05 17:28:38.662 +03:00 [INF] Executed action CMS.API.Controllers.DashboardController.GetMetrics (CMS.API) in 183.7243ms
2026-09-05 17:28:38.669 +03:00 [INF] Request finished HTTP/1.1 GET http://localhost:5010/api/v1/settings - 200 null application/json; charset=utf-8 562.2383ms
2026-09-05 17:28:38.680 +03:00 [INF] Executed action CMS.API.Controllers.DashboardController.GetMetrics (CMS.API) in 185.0213ms
2026-09-05 17:28:38.783 +03:00 [INF] Executed endpoint 'CMS.API.Controllers.DashboardController.GetMetrics (CMS.API)'
2026-09-05 17:28:38.789 +03:00 [INF] Executed endpoint 'CMS.API.Controllers.DashboardController.GetMetrics (CMS.API)'
2026-09-05 17:28:38.796 +03:00 [INF] Request finished HTTP/1.1 GET http://localhost:5010/api/v1/dashboard/metrics - 200 null application/json; charset=utf-8 694.8067ms
2026-09-05 17:28:38.790 +03:00 [INF] Request finished HTTP/1.1 GET http://localhost:5010/api/v1/dashboard/metrics - 200 null application/json; charset=utf-8 703.2292ms
2026-09-05 17:28:40.445 +03:00 [INF] Request starting HTTP/1.1 GET http://localhost:5010/api/v1/laboratory/catalog - application/json null
2026-09-05 17:28:40.453 +03:00 [INF] Request starting HTTP/1.1 GET http://localhost:5010/api/v1/laboratory/worklist?date=2026-09-05 - application/json null
2026-09-05 17:28:40.612 +03:00 [INF] Executing endpoint 'CMS.API.Controllers.LaboratoryController.GetCatalog (CMS.API)'
2026-09-05 17:28:40.620 +03:00 [INF] Executing endpoint 'CMS.API.Controllers.LaboratoryController.GetWorklist (CMS.API)'
2026-09-05 17:28:40.739 +03:00 [INF] Request starting HTTP/1.1 GET http://localhost:5010/api/v1/laboratory/criticals - application/json null
2026-09-05 17:28:40.793 +03:00 [INF] Executing endpoint 'CMS.API.Controllers.LaboratoryController.GetCriticals (CMS.API)'
2026-09-05 17:28:40.770 +03:00 [INF] Route matched with {action = "GetWorklist", controller = "Laboratory"}. Executing controller action with signature System.Threading.Tasks.Task`1[Microsoft.AspNetCore.Mvc.IActionResult] GetWorklist(System.Nullable`1[System.DateTime], System.Nullable`1[System.Byte]) on controller CMS.API.Controllers.LaboratoryController (CMS.API).
2026-09-05 17:28:40.763 +03:00 [INF] Route matched with {action = "GetCatalog", controller = "Laboratory"}. Executing controller action with signature System.Threading.Tasks.Task`1[Microsoft.AspNetCore.Mvc.IActionResult] GetCatalog() on controller CMS.API.Controllers.LaboratoryController (CMS.API).
2026-09-05 17:28:41.007 +03:00 [INF] Route matched with {action = "GetCriticals", controller = "Laboratory"}. Executing controller action with signature System.Threading.Tasks.Task`1[Microsoft.AspNetCore.Mvc.IActionResult] GetCriticals() on controller CMS.API.Controllers.LaboratoryController (CMS.API).
2026-09-05 17:28:41.110 +03:00 [INF] Executing OkObjectResult, writing value of type 'CMS.Shared.DTOs.ApiResponse`1[[System.Collections.Generic.List`1[[CMS.Shared.DTOs.LabTestCatalogDto, CMS.Shared, Version=1.0.0.0, Culture=neutral, PublicKeyToken=null]], System.Private.CoreLib, Version=8.0.0.0, Culture=neutral, PublicKeyToken=7cec85d7bea7798e]]'.
2026-09-05 17:28:41.186 +03:00 [INF] Executing OkObjectResult, writing value of type 'CMS.Shared.DTOs.ApiResponse`1[[System.Object, System.Private.CoreLib, Version=8.0.0.0, Culture=neutral, PublicKeyToken=7cec85d7bea7798e]]'.
2026-09-05 17:28:41.213 +03:00 [INF] Executed action CMS.API.Controllers.LaboratoryController.GetWorklist (CMS.API) in 191.2502ms
2026-09-05 17:28:41.205 +03:00 [INF] Executed action CMS.API.Controllers.LaboratoryController.GetCatalog (CMS.API) in 163.8641ms
2026-09-05 17:28:41.243 +03:00 [INF] Executed endpoint 'CMS.API.Controllers.LaboratoryController.GetCatalog (CMS.API)'
2026-09-05 17:28:41.240 +03:00 [INF] Executed endpoint 'CMS.API.Controllers.LaboratoryController.GetWorklist (CMS.API)'
2026-09-05 17:28:41.270 +03:00 [INF] Request finished HTTP/1.1 GET http://localhost:5010/api/v1/laboratory/worklist?date=2026-09-05 - 200 null application/json; charset=utf-8 817.4369ms
2026-09-05 17:28:41.268 +03:00 [INF] Request finished HTTP/1.1 GET http://localhost:5010/api/v1/laboratory/catalog - 200 null application/json; charset=utf-8 822.9136ms
2026-09-05 17:28:41.239 +03:00 [INF] Executing OkObjectResult, writing value of type 'CMS.Shared.DTOs.ApiResponse`1[[System.Object, System.Private.CoreLib, Version=8.0.0.0, Culture=neutral, PublicKeyToken=7cec85d7bea7798e]]'.
2026-09-05 17:28:41.344 +03:00 [INF] Executed action CMS.API.Controllers.LaboratoryController.GetCriticals (CMS.API) in 284.7588ms
2026-09-05 17:28:41.352 +03:00 [INF] Executed endpoint 'CMS.API.Controllers.LaboratoryController.GetCriticals (CMS.API)'
2026-09-05 17:28:41.356 +03:00 [INF] Request finished HTTP/1.1 GET http://localhost:5010/api/v1/laboratory/criticals - 200 null application/json; charset=utf-8 616.9513ms
2026-09-05 17:28:41.533 +03:00 [INF] Request starting HTTP/1.1 GET http://localhost:5010/api/v1/laboratory/catalog - application/json null
2026-09-05 17:28:41.533 +03:00 [INF] Request starting HTTP/1.1 GET http://localhost:5010/api/v1/laboratory/worklist?date=2026-09-05 - application/json null
2026-09-05 17:28:41.546 +03:00 [INF] Executing endpoint 'CMS.API.Controllers.LaboratoryController.GetCatalog (CMS.API)'
2026-09-05 17:28:41.554 +03:00 [INF] Executing endpoint 'CMS.API.Controllers.LaboratoryController.GetWorklist (CMS.API)'
2026-09-05 17:28:41.555 +03:00 [INF] Route matched with {action = "GetCatalog", controller = "Laboratory"}. Executing controller action with signature System.Threading.Tasks.Task`1[Microsoft.AspNetCore.Mvc.IActionResult] GetCatalog() on controller CMS.API.Controllers.LaboratoryController (CMS.API).
2026-09-05 17:28:41.560 +03:00 [INF] Route matched with {action = "GetWorklist", controller = "Laboratory"}. Executing controller action with signature System.Threading.Tasks.Task`1[Microsoft.AspNetCore.Mvc.IActionResult] GetWorklist(System.Nullable`1[System.DateTime], System.Nullable`1[System.Byte]) on controller CMS.API.Controllers.LaboratoryController (CMS.API).
2026-09-05 17:28:41.591 +03:00 [INF] Executing OkObjectResult, writing value of type 'CMS.Shared.DTOs.ApiResponse`1[[System.Collections.Generic.List`1[[CMS.Shared.DTOs.LabTestCatalogDto, CMS.Shared, Version=1.0.0.0, Culture=neutral, PublicKeyToken=null]], System.Private.CoreLib, Version=8.0.0.0, Culture=neutral, PublicKeyToken=7cec85d7bea7798e]]'.
2026-09-05 17:28:41.596 +03:00 [INF] Executed action CMS.API.Controllers.LaboratoryController.GetCatalog (CMS.API) in 32.9356ms
2026-09-05 17:28:41.605 +03:00 [INF] Executed endpoint 'CMS.API.Controllers.LaboratoryController.GetCatalog (CMS.API)'
2026-09-05 17:28:41.607 +03:00 [INF] Request finished HTTP/1.1 GET http://localhost:5010/api/v1/laboratory/catalog - 200 null application/json; charset=utf-8 74.403ms
2026-09-05 17:28:41.628 +03:00 [INF] Executing OkObjectResult, writing value of type 'CMS.Shared.DTOs.ApiResponse`1[[System.Object, System.Private.CoreLib, Version=8.0.0.0, Culture=neutral, PublicKeyToken=7cec85d7bea7798e]]'.
2026-09-05 17:28:41.642 +03:00 [INF] Executed action CMS.API.Controllers.LaboratoryController.GetWorklist (CMS.API) in 71.7255ms
2026-09-05 17:28:41.646 +03:00 [INF] Executed endpoint 'CMS.API.Controllers.LaboratoryController.GetWorklist (CMS.API)'
2026-09-05 17:28:41.756 +03:00 [INF] Request starting HTTP/1.1 GET http://localhost:5010/api/v1/laboratory/criticals - application/json null
2026-09-05 17:28:41.764 +03:00 [INF] Request finished HTTP/1.1 GET http://localhost:5010/api/v1/laboratory/worklist?date=2026-09-05 - 200 null application/json; charset=utf-8 230.6504ms
2026-09-05 17:28:41.779 +03:00 [INF] Executing endpoint 'CMS.API.Controllers.LaboratoryController.GetCriticals (CMS.API)'
2026-09-05 17:28:41.787 +03:00 [INF] Route matched with {action = "GetCriticals", controller = "Laboratory"}. Executing controller action with signature System.Threading.Tasks.Task`1[Microsoft.AspNetCore.Mvc.IActionResult] GetCriticals() on controller CMS.API.Controllers.LaboratoryController (CMS.API).
2026-09-05 17:28:41.850 +03:00 [INF] Executing OkObjectResult, writing value of type 'CMS.Shared.DTOs.ApiResponse`1[[System.Object, System.Private.CoreLib, Version=8.0.0.0, Culture=neutral, PublicKeyToken=7cec85d7bea7798e]]'.
2026-09-05 17:28:41.862 +03:00 [INF] Executed action CMS.API.Controllers.LaboratoryController.GetCriticals (CMS.API) in 71.3521ms
2026-09-05 17:28:41.874 +03:00 [INF] Executed endpoint 'CMS.API.Controllers.LaboratoryController.GetCriticals (CMS.API)'
2026-09-05 17:28:41.877 +03:00 [INF] Request finished HTTP/1.1 GET http://localhost:5010/api/v1/laboratory/criticals - 200 null application/json; charset=utf-8 121.1787ms
2026-09-05 17:29:21.916 +03:00 [INF] Request starting HTTP/1.1 GET http://localhost:5010/api/v1/pharmacy/formulary - application/json null
2026-09-05 17:29:21.918 +03:00 [INF] Request starting HTTP/1.1 GET http://localhost:5010/api/v1/pharmacy/prescriptions - application/json null
2026-09-05 17:29:21.930 +03:00 [INF] Executing endpoint 'CMS.API.Controllers.PharmacyController.GetFormulary (CMS.API)'
2026-09-05 17:29:21.941 +03:00 [INF] Executing endpoint 'CMS.API.Controllers.PharmacyController.GetPrescriptions (CMS.API)'
2026-09-05 17:29:21.949 +03:00 [INF] Route matched with {action = "GetFormulary", controller = "Pharmacy"}. Executing controller action with signature System.Threading.Tasks.Task`1[Microsoft.AspNetCore.Mvc.IActionResult] GetFormulary() on controller CMS.API.Controllers.PharmacyController (CMS.API).
2026-09-05 17:29:21.951 +03:00 [INF] Route matched with {action = "GetPrescriptions", controller = "Pharmacy"}. Executing controller action with signature System.Threading.Tasks.Task`1[Microsoft.AspNetCore.Mvc.IActionResult] GetPrescriptions() on controller CMS.API.Controllers.PharmacyController (CMS.API).
2026-09-05 17:29:22.013 +03:00 [INF] Executed action CMS.API.Controllers.PharmacyController.GetPrescriptions (CMS.API) in 53.823ms
2026-09-05 17:29:22.027 +03:00 [INF] Executing OkObjectResult, writing value of type 'CMS.Shared.DTOs.ApiResponse`1[[System.Collections.Generic.List`1[[CMS.Shared.DTOs.DrugFormularyDto, CMS.Shared, Version=1.0.0.0, Culture=neutral, PublicKeyToken=null]], System.Private.CoreLib, Version=8.0.0.0, Culture=neutral, PublicKeyToken=7cec85d7bea7798e]]'.
2026-09-05 17:29:22.033 +03:00 [INF] Executed endpoint 'CMS.API.Controllers.PharmacyController.GetPrescriptions (CMS.API)'
2026-09-05 17:29:22.044 +03:00 [INF] Executed action CMS.API.Controllers.PharmacyController.GetFormulary (CMS.API) in 89.7494ms
2026-09-05 17:29:22.054 +03:00 [INF] Executed endpoint 'CMS.API.Controllers.PharmacyController.GetFormulary (CMS.API)'
2026-09-05 17:29:22.052 +03:00 [ERR] Unhandled exception encountered: Invalid column name 'DoctorId'.
Invalid column name 'DoctorId'.
Invalid column name 'StatusId'.
Microsoft.Data.SqlClient.SqlException (0x80131904): Invalid column name 'DoctorId'.
Invalid column name 'DoctorId'.
Invalid column name 'StatusId'.
   at System.Threading.Tasks.ContinuationResultTaskFromResultTask`2.InnerInvoke()
   at System.Threading.ExecutionContext.RunInternal(ExecutionContext executionContext, ContextCallback callback, Object state)
--- End of stack trace from previous location ---
   at System.Threading.ExecutionContext.RunInternal(ExecutionContext executionContext, ContextCallback callback, Object state)
   at System.Threading.Tasks.Task.ExecuteWithThreadLocal(Task& currentTaskSlot, Thread threadPoolThread)
--- End of stack trace from previous location ---
   at Dapper.SqlMapper.QueryAsync[T](IDbConnection cnn, Type effectiveType, CommandDefinition command) in /_/Dapper/SqlMapper.Async.cs:line 434
   at CMS.Application.Pharmacy.PharmacyService.GetPrescriptionsAsync(Byte tenantId) in C:\Users\ASUS\source\repos\CMS\src\CMS.Application\Pharmacy\PharmacyService.cs:line 112
   at CMS.API.Controllers.PharmacyController.GetPrescriptions() in C:\Users\ASUS\source\repos\CMS\src\CMS.API\Controllers\PharmacyBillingControllers.cs:line 33
   at Microsoft.AspNetCore.Mvc.Infrastructure.ActionMethodExecutor.TaskOfIActionResultExecutor.Execute(ActionContext actionContext, IActionResultTypeMapper mapper, ObjectMethodExecutor executor, Object controller, Object[] arguments)
   at Microsoft.AspNetCore.Mvc.Infrastructure.ControllerActionInvoker.<InvokeActionMethodAsync>g__Awaited|12_0(ControllerActionInvoker invoker, ValueTask`1 actionResultValueTask)
   at Microsoft.AspNetCore.Mvc.Infrastructure.ControllerActionInvoker.<InvokeNextActionFilterAsync>g__Awaited|10_0(ControllerActionInvoker invoker, Task lastTask, State next, Scope scope, Object state, Boolean isCompleted)
   at Microsoft.AspNetCore.Mvc.Infrastructure.ControllerActionInvoker.Rethrow(ActionExecutedContextSealed context)
   at Microsoft.AspNetCore.Mvc.Infrastructure.ControllerActionInvoker.Next(State& next, Scope& scope, Object& state, Boolean& isCompleted)
   at Microsoft.AspNetCore.Mvc.Infrastructure.ControllerActionInvoker.<InvokeInnerFilterAsync>g__Awaited|13_0(ControllerActionInvoker invoker, Task lastTask, State next, Scope scope, Object state, Boolean isCompleted)
   at Microsoft.AspNetCore.Mvc.Infrastructure.ResourceInvoker.<InvokeFilterPipelineAsync>g__Awaited|20_0(ResourceInvoker invoker, Task lastTask, State next, Scope scope, Object state, Boolean isCompleted)
   at Microsoft.AspNetCore.Mvc.Infrastructure.ResourceInvoker.<InvokeAsync>g__Logged|17_1(ResourceInvoker invoker)
   at Microsoft.AspNetCore.Mvc.Infrastructure.ResourceInvoker.<InvokeAsync>g__Logged|17_1(ResourceInvoker invoker)
   at Microsoft.AspNetCore.Routing.EndpointMiddleware.<Invoke>g__AwaitRequestTask|7_0(Endpoint endpoint, Task requestTask, ILogger logger)
   at Microsoft.AspNetCore.Authorization.AuthorizationMiddleware.Invoke(HttpContext context)
   at Microsoft.AspNetCore.Authentication.AuthenticationMiddleware.Invoke(HttpContext context)
   at Swashbuckle.AspNetCore.SwaggerUI.SwaggerUIMiddleware.Invoke(HttpContext httpContext)
   at Swashbuckle.AspNetCore.Swagger.SwaggerMiddleware.Invoke(HttpContext httpContext, ISwaggerProvider swaggerProvider)
   at CMS.API.Middleware.TenantMiddleware.InvokeAsync(HttpContext context) in C:\Users\ASUS\source\repos\CMS\src\CMS.API\Middleware\Middlewares.cs:line 26
   at CMS.API.Middleware.ExceptionMiddleware.InvokeAsync(HttpContext context) in C:\Users\ASUS\source\repos\CMS\src\CMS.API\Middleware\Middlewares.cs:line 45
ClientConnectionId:29152750-42ff-49d3-a57f-dd0a2079faaf
Error Number:207,State:1,Class:16
2026-09-05 17:29:22.056 +03:00 [INF] Request finished HTTP/1.1 GET http://localhost:5010/api/v1/pharmacy/formulary - 200 null application/json; charset=utf-8 140.6365ms
2026-09-05 17:29:22.107 +03:00 [INF] Request finished HTTP/1.1 GET http://localhost:5010/api/v1/pharmacy/prescriptions - 500 null application/json 188.9033ms
2026-09-05 17:29:22.157 +03:00 [INF] Request starting HTTP/1.1 GET http://localhost:5010/api/v1/pharmacy/formulary - application/json null
2026-09-05 17:29:22.162 +03:00 [INF] Executing endpoint 'CMS.API.Controllers.PharmacyController.GetFormulary (CMS.API)'
2026-09-05 17:29:22.164 +03:00 [INF] Route matched with {action = "GetFormulary", controller = "Pharmacy"}. Executing controller action with signature System.Threading.Tasks.Task`1[Microsoft.AspNetCore.Mvc.IActionResult] GetFormulary() on controller CMS.API.Controllers.PharmacyController (CMS.API).
2026-09-05 17:29:22.178 +03:00 [INF] Executing OkObjectResult, writing value of type 'CMS.Shared.DTOs.ApiResponse`1[[System.Collections.Generic.List`1[[CMS.Shared.DTOs.DrugFormularyDto, CMS.Shared, Version=1.0.0.0, Culture=neutral, PublicKeyToken=null]], System.Private.CoreLib, Version=8.0.0.0, Culture=neutral, PublicKeyToken=7cec85d7bea7798e]]'.
2026-09-05 17:29:22.181 +03:00 [INF] Executed action CMS.API.Controllers.PharmacyController.GetFormulary (CMS.API) in 12.4943ms
2026-09-05 17:29:22.185 +03:00 [INF] Executed endpoint 'CMS.API.Controllers.PharmacyController.GetFormulary (CMS.API)'
2026-09-05 17:29:22.188 +03:00 [INF] Request finished HTTP/1.1 GET http://localhost:5010/api/v1/pharmacy/formulary - 200 null application/json; charset=utf-8 30.2285ms
2026-09-05 17:29:22.383 +03:00 [INF] Request starting HTTP/1.1 GET http://localhost:5010/api/v1/pharmacy/prescriptions - application/json null
2026-09-05 17:29:22.409 +03:00 [INF] Executing endpoint 'CMS.API.Controllers.PharmacyController.GetPrescriptions (CMS.API)'
2026-09-05 17:29:22.431 +03:00 [INF] Route matched with {action = "GetPrescriptions", controller = "Pharmacy"}. Executing controller action with signature System.Threading.Tasks.Task`1[Microsoft.AspNetCore.Mvc.IActionResult] GetPrescriptions() on controller CMS.API.Controllers.PharmacyController (CMS.API).
2026-09-05 17:29:22.481 +03:00 [INF] Executed action CMS.API.Controllers.PharmacyController.GetPrescriptions (CMS.API) in 23.0252ms
2026-09-05 17:29:22.500 +03:00 [INF] Executed endpoint 'CMS.API.Controllers.PharmacyController.GetPrescriptions (CMS.API)'
2026-09-05 17:29:22.531 +03:00 [ERR] Unhandled exception encountered: Invalid column name 'DoctorId'.
Invalid column name 'DoctorId'.
Invalid column name 'StatusId'.
Microsoft.Data.SqlClient.SqlException (0x80131904): Invalid column name 'DoctorId'.
Invalid column name 'DoctorId'.
Invalid column name 'StatusId'.
   at System.Threading.Tasks.ContinuationResultTaskFromResultTask`2.InnerInvoke()
   at System.Threading.ExecutionContext.RunInternal(ExecutionContext executionContext, ContextCallback callback, Object state)
--- End of stack trace from previous location ---
   at System.Threading.ExecutionContext.RunInternal(ExecutionContext executionContext, ContextCallback callback, Object state)
   at System.Threading.Tasks.Task.ExecuteWithThreadLocal(Task& currentTaskSlot, Thread threadPoolThread)
--- End of stack trace from previous location ---
   at Dapper.SqlMapper.QueryAsync[T](IDbConnection cnn, Type effectiveType, CommandDefinition command) in /_/Dapper/SqlMapper.Async.cs:line 434
   at CMS.Application.Pharmacy.PharmacyService.GetPrescriptionsAsync(Byte tenantId) in C:\Users\ASUS\source\repos\CMS\src\CMS.Application\Pharmacy\PharmacyService.cs:line 112
   at CMS.API.Controllers.PharmacyController.GetPrescriptions() in C:\Users\ASUS\source\repos\CMS\src\CMS.API\Controllers\PharmacyBillingControllers.cs:line 33
   at Microsoft.AspNetCore.Mvc.Infrastructure.ActionMethodExecutor.TaskOfIActionResultExecutor.Execute(ActionContext actionContext, IActionResultTypeMapper mapper, ObjectMethodExecutor executor, Object controller, Object[] arguments)
   at Microsoft.AspNetCore.Mvc.Infrastructure.ControllerActionInvoker.<InvokeActionMethodAsync>g__Awaited|12_0(ControllerActionInvoker invoker, ValueTask`1 actionResultValueTask)
   at Microsoft.AspNetCore.Mvc.Infrastructure.ControllerActionInvoker.<InvokeNextActionFilterAsync>g__Awaited|10_0(ControllerActionInvoker invoker, Task lastTask, State next, Scope scope, Object state, Boolean isCompleted)
   at Microsoft.AspNetCore.Mvc.Infrastructure.ControllerActionInvoker.Rethrow(ActionExecutedContextSealed context)
   at Microsoft.AspNetCore.Mvc.Infrastructure.ControllerActionInvoker.Next(State& next, Scope& scope, Object& state, Boolean& isCompleted)
   at Microsoft.AspNetCore.Mvc.Infrastructure.ControllerActionInvoker.<InvokeInnerFilterAsync>g__Awaited|13_0(ControllerActionInvoker invoker, Task lastTask, State next, Scope scope, Object state, Boolean isCompleted)
   at Microsoft.AspNetCore.Mvc.Infrastructure.ResourceInvoker.<InvokeFilterPipelineAsync>g__Awaited|20_0(ResourceInvoker invoker, Task lastTask, State next, Scope scope, Object state, Boolean isCompleted)
   at Microsoft.AspNetCore.Mvc.Infrastructure.ResourceInvoker.<InvokeAsync>g__Logged|17_1(ResourceInvoker invoker)
   at Microsoft.AspNetCore.Mvc.Infrastructure.ResourceInvoker.<InvokeAsync>g__Logged|17_1(ResourceInvoker invoker)
   at Microsoft.AspNetCore.Routing.EndpointMiddleware.<Invoke>g__AwaitRequestTask|7_0(Endpoint endpoint, Task requestTask, ILogger logger)
   at Microsoft.AspNetCore.Authorization.AuthorizationMiddleware.Invoke(HttpContext context)
   at Microsoft.AspNetCore.Authentication.AuthenticationMiddleware.Invoke(HttpContext context)
   at Swashbuckle.AspNetCore.SwaggerUI.SwaggerUIMiddleware.Invoke(HttpContext httpContext)
   at Swashbuckle.AspNetCore.Swagger.SwaggerMiddleware.Invoke(HttpContext httpContext, ISwaggerProvider swaggerProvider)
   at CMS.API.Middleware.TenantMiddleware.InvokeAsync(HttpContext context) in C:\Users\ASUS\source\repos\CMS\src\CMS.API\Middleware\Middlewares.cs:line 26
   at CMS.API.Middleware.ExceptionMiddleware.InvokeAsync(HttpContext context) in C:\Users\ASUS\source\repos\CMS\src\CMS.API\Middleware\Middlewares.cs:line 45
ClientConnectionId:21397fad-e5a8-49f5-8a8b-060da007a7d0
Error Number:207,State:1,Class:16
2026-09-05 17:29:22.595 +03:00 [INF] Request finished HTTP/1.1 GET http://localhost:5010/api/v1/pharmacy/prescriptions - 500 null application/json 212.2348ms
2026-09-05 17:29:27.856 +03:00 [INF] Request starting HTTP/1.1 GET http://localhost:5010/api/v1/laboratory/catalog - application/json null
2026-09-05 17:29:27.999 +03:00 [INF] Executing endpoint 'CMS.API.Controllers.LaboratoryController.GetCatalog (CMS.API)'
2026-09-05 17:29:28.036 +03:00 [INF] Request starting HTTP/1.1 GET http://localhost:5010/api/v1/laboratory/worklist?date=2026-09-05 - application/json null
2026-09-05 17:29:28.270 +03:00 [INF] Executing endpoint 'CMS.API.Controllers.LaboratoryController.GetWorklist (CMS.API)'
2026-09-05 17:29:28.266 +03:00 [INF] Route matched with {action = "GetCatalog", controller = "Laboratory"}. Executing controller action with signature System.Threading.Tasks.Task`1[Microsoft.AspNetCore.Mvc.IActionResult] GetCatalog() on controller CMS.API.Controllers.LaboratoryController (CMS.API).
2026-09-05 17:29:28.047 +03:00 [INF] Request starting HTTP/1.1 GET http://localhost:5010/api/v1/laboratory/criticals - application/json null
2026-09-05 17:29:28.271 +03:00 [INF] Route matched with {action = "GetWorklist", controller = "Laboratory"}. Executing controller action with signature System.Threading.Tasks.Task`1[Microsoft.AspNetCore.Mvc.IActionResult] GetWorklist(System.Nullable`1[System.DateTime], System.Nullable`1[System.Byte]) on controller CMS.API.Controllers.LaboratoryController (CMS.API).
2026-09-05 17:29:28.284 +03:00 [INF] Executing endpoint 'CMS.API.Controllers.LaboratoryController.GetCriticals (CMS.API)'
2026-09-05 17:29:28.294 +03:00 [INF] Executing OkObjectResult, writing value of type 'CMS.Shared.DTOs.ApiResponse`1[[System.Collections.Generic.List`1[[CMS.Shared.DTOs.LabTestCatalogDto, CMS.Shared, Version=1.0.0.0, Culture=neutral, PublicKeyToken=null]], System.Private.CoreLib, Version=8.0.0.0, Culture=neutral, PublicKeyToken=7cec85d7bea7798e]]'.
2026-09-05 17:29:28.323 +03:00 [INF] Executed action CMS.API.Controllers.LaboratoryController.GetCatalog (CMS.API) in 47.1039ms
2026-09-05 17:29:28.313 +03:00 [INF] Route matched with {action = "GetCriticals", controller = "Laboratory"}. Executing controller action with signature System.Threading.Tasks.Task`1[Microsoft.AspNetCore.Mvc.IActionResult] GetCriticals() on controller CMS.API.Controllers.LaboratoryController (CMS.API).
2026-09-05 17:29:28.534 +03:00 [INF] Executing OkObjectResult, writing value of type 'CMS.Shared.DTOs.ApiResponse`1[[System.Object, System.Private.CoreLib, Version=8.0.0.0, Culture=neutral, PublicKeyToken=7cec85d7bea7798e]]'.
2026-09-05 17:29:28.557 +03:00 [INF] Executed endpoint 'CMS.API.Controllers.LaboratoryController.GetCatalog (CMS.API)'
2026-09-05 17:29:28.563 +03:00 [INF] Executed action CMS.API.Controllers.LaboratoryController.GetWorklist (CMS.API) in 267.7123ms
2026-09-05 17:29:28.569 +03:00 [INF] Request finished HTTP/1.1 GET http://localhost:5010/api/v1/laboratory/catalog - 200 null application/json; charset=utf-8 712.4953ms
2026-09-05 17:29:28.602 +03:00 [INF] Executed endpoint 'CMS.API.Controllers.LaboratoryController.GetWorklist (CMS.API)'
2026-09-05 17:29:28.661 +03:00 [INF] Request starting HTTP/1.1 GET http://localhost:5010/api/v1/laboratory/catalog - application/json null
2026-09-05 17:29:28.797 +03:00 [INF] Request finished HTTP/1.1 GET http://localhost:5010/api/v1/laboratory/worklist?date=2026-09-05 - 200 null application/json; charset=utf-8 761.719ms
2026-09-05 17:29:28.807 +03:00 [INF] Executing endpoint 'CMS.API.Controllers.LaboratoryController.GetCatalog (CMS.API)'
2026-09-05 17:29:28.808 +03:00 [INF] Executing OkObjectResult, writing value of type 'CMS.Shared.DTOs.ApiResponse`1[[System.Object, System.Private.CoreLib, Version=8.0.0.0, Culture=neutral, PublicKeyToken=7cec85d7bea7798e]]'.
2026-09-05 17:29:28.813 +03:00 [INF] Route matched with {action = "GetCatalog", controller = "Laboratory"}. Executing controller action with signature System.Threading.Tasks.Task`1[Microsoft.AspNetCore.Mvc.IActionResult] GetCatalog() on controller CMS.API.Controllers.LaboratoryController (CMS.API).
2026-09-05 17:29:28.817 +03:00 [INF] Executed action CMS.API.Controllers.LaboratoryController.GetCriticals (CMS.API) in 257.1121ms
2026-09-05 17:29:28.823 +03:00 [INF] Executing OkObjectResult, writing value of type 'CMS.Shared.DTOs.ApiResponse`1[[System.Collections.Generic.List`1[[CMS.Shared.DTOs.LabTestCatalogDto, CMS.Shared, Version=1.0.0.0, Culture=neutral, PublicKeyToken=null]], System.Private.CoreLib, Version=8.0.0.0, Culture=neutral, PublicKeyToken=7cec85d7bea7798e]]'.
2026-09-05 17:29:28.824 +03:00 [INF] Executed endpoint 'CMS.API.Controllers.LaboratoryController.GetCriticals (CMS.API)'
2026-09-05 17:29:28.827 +03:00 [INF] Executed action CMS.API.Controllers.LaboratoryController.GetCatalog (CMS.API) in 5.4091ms
2026-09-05 17:29:28.828 +03:00 [INF] Request finished HTTP/1.1 GET http://localhost:5010/api/v1/laboratory/criticals - 200 null application/json; charset=utf-8 781.31ms
2026-09-05 17:29:28.837 +03:00 [INF] Executed endpoint 'CMS.API.Controllers.LaboratoryController.GetCatalog (CMS.API)'
2026-09-05 17:29:28.845 +03:00 [INF] Request finished HTTP/1.1 GET http://localhost:5010/api/v1/laboratory/catalog - 200 null application/json; charset=utf-8 192.9028ms
2026-09-05 17:29:28.888 +03:00 [INF] Request starting HTTP/1.1 GET http://localhost:5010/api/v1/laboratory/worklist?date=2026-09-05 - application/json null
2026-09-05 17:29:28.893 +03:00 [INF] Executing endpoint 'CMS.API.Controllers.LaboratoryController.GetWorklist (CMS.API)'
2026-09-05 17:29:28.895 +03:00 [INF] Route matched with {action = "GetWorklist", controller = "Laboratory"}. Executing controller action with signature System.Threading.Tasks.Task`1[Microsoft.AspNetCore.Mvc.IActionResult] GetWorklist(System.Nullable`1[System.DateTime], System.Nullable`1[System.Byte]) on controller CMS.API.Controllers.LaboratoryController (CMS.API).
2026-09-05 17:29:28.901 +03:00 [INF] Executing OkObjectResult, writing value of type 'CMS.Shared.DTOs.ApiResponse`1[[System.Object, System.Private.CoreLib, Version=8.0.0.0, Culture=neutral, PublicKeyToken=7cec85d7bea7798e]]'.
2026-09-05 17:29:28.904 +03:00 [INF] Executed action CMS.API.Controllers.LaboratoryController.GetWorklist (CMS.API) in 4.4993ms
2026-09-05 17:29:28.907 +03:00 [INF] Executed endpoint 'CMS.API.Controllers.LaboratoryController.GetWorklist (CMS.API)'
2026-09-05 17:29:28.909 +03:00 [INF] Request finished HTTP/1.1 GET http://localhost:5010/api/v1/laboratory/worklist?date=2026-09-05 - 200 null application/json; charset=utf-8 20.5605ms
2026-09-05 17:29:29.140 +03:00 [INF] Request starting HTTP/1.1 GET http://localhost:5010/api/v1/laboratory/criticals - application/json null
2026-09-05 17:29:29.145 +03:00 [INF] Executing endpoint 'CMS.API.Controllers.LaboratoryController.GetCriticals (CMS.API)'
2026-09-05 17:29:29.147 +03:00 [INF] Route matched with {action = "GetCriticals", controller = "Laboratory"}. Executing controller action with signature System.Threading.Tasks.Task`1[Microsoft.AspNetCore.Mvc.IActionResult] GetCriticals() on controller CMS.API.Controllers.LaboratoryController (CMS.API).
2026-09-05 17:29:29.158 +03:00 [INF] Executing OkObjectResult, writing value of type 'CMS.Shared.DTOs.ApiResponse`1[[System.Object, System.Private.CoreLib, Version=8.0.0.0, Culture=neutral, PublicKeyToken=7cec85d7bea7798e]]'.
2026-09-05 17:29:29.160 +03:00 [INF] Executed action CMS.API.Controllers.LaboratoryController.GetCriticals (CMS.API) in 3.3902ms
2026-09-05 17:29:29.163 +03:00 [INF] Executed endpoint 'CMS.API.Controllers.LaboratoryController.GetCriticals (CMS.API)'
2026-09-05 17:29:29.170 +03:00 [INF] Request finished HTTP/1.1 GET http://localhost:5010/api/v1/laboratory/criticals - 200 null application/json; charset=utf-8 29.9077ms
2026-09-05 17:29:35.490 +03:00 [INF] Request starting HTTP/1.1 GET http://localhost:5010/api/v1/billing/invoices - application/json null
2026-09-05 17:29:35.491 +03:00 [INF] Request starting HTTP/1.1 GET http://localhost:5010/api/v1/patients/search - application/json null
2026-09-05 17:29:35.496 +03:00 [INF] Executing endpoint 'CMS.API.Controllers.BillingController.GetInvoices (CMS.API)'
2026-09-05 17:29:35.502 +03:00 [INF] Executing endpoint 'CMS.API.Controllers.PatientsController.Search (CMS.API)'
2026-09-05 17:29:35.512 +03:00 [INF] Route matched with {action = "GetInvoices", controller = "Billing"}. Executing controller action with signature System.Threading.Tasks.Task`1[Microsoft.AspNetCore.Mvc.IActionResult] GetInvoices() on controller CMS.API.Controllers.BillingController (CMS.API).
2026-09-05 17:29:35.516 +03:00 [INF] Route matched with {action = "Search", controller = "Patients"}. Executing controller action with signature System.Threading.Tasks.Task`1[Microsoft.AspNetCore.Mvc.IActionResult] Search(System.String, Int32) on controller CMS.API.Controllers.PatientsController (CMS.API).
2026-09-05 17:29:35.547 +03:00 [INF] Executing OkObjectResult, writing value of type 'CMS.Shared.DTOs.ApiResponse`1[[System.Collections.Generic.List`1[[CMS.Shared.DTOs.PatientDto, CMS.Shared, Version=1.0.0.0, Culture=neutral, PublicKeyToken=null]], System.Private.CoreLib, Version=8.0.0.0, Culture=neutral, PublicKeyToken=7cec85d7bea7798e]]'.
2026-09-05 17:29:35.569 +03:00 [INF] Executed action CMS.API.Controllers.BillingController.GetInvoices (CMS.API) in 50.2635ms
2026-09-05 17:29:35.586 +03:00 [INF] Executed action CMS.API.Controllers.PatientsController.Search (CMS.API) in 63.0112ms
2026-09-05 17:29:35.588 +03:00 [INF] Executed endpoint 'CMS.API.Controllers.BillingController.GetInvoices (CMS.API)'
2026-09-05 17:29:35.594 +03:00 [ERR] Unhandled exception encountered: A parameterless default constructor or one matching signature (System.Int32 Id, System.Byte TenantId, System.String InvoiceNo, System.Int32 PatientId, System.String PatientName, System.Int32 EncounterId, System.DateTime IssueDate, System.DateTime DueDate, System.Decimal SubTotal, System.Decimal TaxAmount, System.Decimal DiscountAmount, System.Decimal TotalAmount, System.Decimal PaidAmount, System.Byte StatusId, System.String StatusName) is required for CMS.Shared.DTOs.InvoiceDto materialization
System.InvalidOperationException: A parameterless default constructor or one matching signature (System.Int32 Id, System.Byte TenantId, System.String InvoiceNo, System.Int32 PatientId, System.String PatientName, System.Int32 EncounterId, System.DateTime IssueDate, System.DateTime DueDate, System.Decimal SubTotal, System.Decimal TaxAmount, System.Decimal DiscountAmount, System.Decimal TotalAmount, System.Decimal PaidAmount, System.Byte StatusId, System.String StatusName) is required for CMS.Shared.DTOs.InvoiceDto materialization
   at Dapper.SqlMapper.GenerateDeserializerFromMap(Type type, DbDataReader reader, Int32 startBound, Int32 length, Boolean returnNullIfFirstMissing, ILGenerator il) in /_/Dapper/SqlMapper.cs:line 3473
   at Dapper.SqlMapper.GetTypeDeserializerImpl(Type type, DbDataReader reader, Int32 startBound, Int32 length, Boolean returnNullIfFirstMissing) in /_/Dapper/SqlMapper.cs:line 3304
   at Dapper.SqlMapper.TypeDeserializerCache.GetReader(DbDataReader reader, Int32 startBound, Int32 length, Boolean returnNullIfFirstMissing) in /_/Dapper/SqlMapper.TypeDeserializerCache.cs:line 151
   at Dapper.SqlMapper.TypeDeserializerCache.GetReader(Type type, DbDataReader reader, Int32 startBound, Int32 length, Boolean returnNullIfFirstMissing) in /_/Dapper/SqlMapper.TypeDeserializerCache.cs:line 50
   at Dapper.SqlMapper.GetTypeDeserializer(Type type, DbDataReader reader, Int32 startBound, Int32 length, Boolean returnNullIfFirstMissing) in /_/Dapper/SqlMapper.cs:line 3258
   at Dapper.SqlMapper.GetDeserializer(Type type, DbDataReader reader, Int32 startBound, Int32 length, Boolean returnNullIfFirstMissing) in /_/Dapper/SqlMapper.cs:line 1945
   at Dapper.SqlMapper.QueryAsync[T](IDbConnection cnn, Type effectiveType, CommandDefinition command) in /_/Dapper/SqlMapper.Async.cs:line 442
   at CMS.Application.Billing.BillingService.GetInvoicesAsync(Byte tenantId) in C:\Users\ASUS\source\repos\CMS\src\CMS.Application\Billing\BillingService.cs:line 105
   at CMS.API.Controllers.BillingController.GetInvoices() in C:\Users\ASUS\source\repos\CMS\src\CMS.API\Controllers\PharmacyBillingControllers.cs:line 77
   at Microsoft.AspNetCore.Mvc.Infrastructure.ActionMethodExecutor.TaskOfIActionResultExecutor.Execute(ActionContext actionContext, IActionResultTypeMapper mapper, ObjectMethodExecutor executor, Object controller, Object[] arguments)
   at Microsoft.AspNetCore.Mvc.Infrastructure.ControllerActionInvoker.<InvokeActionMethodAsync>g__Awaited|12_0(ControllerActionInvoker invoker, ValueTask`1 actionResultValueTask)
   at Microsoft.AspNetCore.Mvc.Infrastructure.ControllerActionInvoker.<InvokeNextActionFilterAsync>g__Awaited|10_0(ControllerActionInvoker invoker, Task lastTask, State next, Scope scope, Object state, Boolean isCompleted)
   at Microsoft.AspNetCore.Mvc.Infrastructure.ControllerActionInvoker.Rethrow(ActionExecutedContextSealed context)
   at Microsoft.AspNetCore.Mvc.Infrastructure.ControllerActionInvoker.Next(State& next, Scope& scope, Object& state, Boolean& isCompleted)
   at Microsoft.AspNetCore.Mvc.Infrastructure.ControllerActionInvoker.<InvokeInnerFilterAsync>g__Awaited|13_0(ControllerActionInvoker invoker, Task lastTask, State next, Scope scope, Object state, Boolean isCompleted)
   at Microsoft.AspNetCore.Mvc.Infrastructure.ResourceInvoker.<InvokeFilterPipelineAsync>g__Awaited|20_0(ResourceInvoker invoker, Task lastTask, State next, Scope scope, Object state, Boolean isCompleted)
   at Microsoft.AspNetCore.Mvc.Infrastructure.ResourceInvoker.<InvokeAsync>g__Logged|17_1(ResourceInvoker invoker)
   at Microsoft.AspNetCore.Mvc.Infrastructure.ResourceInvoker.<InvokeAsync>g__Logged|17_1(ResourceInvoker invoker)
   at Microsoft.AspNetCore.Routing.EndpointMiddleware.<Invoke>g__AwaitRequestTask|7_0(Endpoint endpoint, Task requestTask, ILogger logger)
   at Microsoft.AspNetCore.Authorization.AuthorizationMiddleware.Invoke(HttpContext context)
   at Microsoft.AspNetCore.Authentication.AuthenticationMiddleware.Invoke(HttpContext context)
   at Swashbuckle.AspNetCore.SwaggerUI.SwaggerUIMiddleware.Invoke(HttpContext httpContext)
   at Swashbuckle.AspNetCore.Swagger.SwaggerMiddleware.Invoke(HttpContext httpContext, ISwaggerProvider swaggerProvider)
   at CMS.API.Middleware.TenantMiddleware.InvokeAsync(HttpContext context) in C:\Users\ASUS\source\repos\CMS\src\CMS.API\Middleware\Middlewares.cs:line 26
   at CMS.API.Middleware.ExceptionMiddleware.InvokeAsync(HttpContext context) in C:\Users\ASUS\source\repos\CMS\src\CMS.API\Middleware\Middlewares.cs:line 45
2026-09-05 17:29:35.591 +03:00 [INF] Executed endpoint 'CMS.API.Controllers.PatientsController.Search (CMS.API)'
2026-09-05 17:29:35.618 +03:00 [INF] Request finished HTTP/1.1 GET http://localhost:5010/api/v1/patients/search - 200 null application/json; charset=utf-8 126.7024ms
2026-09-05 17:29:35.609 +03:00 [INF] Request finished HTTP/1.1 GET http://localhost:5010/api/v1/billing/invoices - 500 null application/json 119.3204ms
2026-09-05 17:29:35.778 +03:00 [INF] Request starting HTTP/1.1 GET http://localhost:5010/api/v1/patients/search - application/json null
2026-09-05 17:29:35.797 +03:00 [INF] Executing endpoint 'CMS.API.Controllers.PatientsController.Search (CMS.API)'
2026-09-05 17:29:35.804 +03:00 [INF] Route matched with {action = "Search", controller = "Patients"}. Executing controller action with signature System.Threading.Tasks.Task`1[Microsoft.AspNetCore.Mvc.IActionResult] Search(System.String, Int32) on controller CMS.API.Controllers.PatientsController (CMS.API).
2026-09-05 17:29:35.811 +03:00 [INF] Executing OkObjectResult, writing value of type 'CMS.Shared.DTOs.ApiResponse`1[[System.Collections.Generic.List`1[[CMS.Shared.DTOs.PatientDto, CMS.Shared, Version=1.0.0.0, Culture=neutral, PublicKeyToken=null]], System.Private.CoreLib, Version=8.0.0.0, Culture=neutral, PublicKeyToken=7cec85d7bea7798e]]'.
2026-09-05 17:29:35.814 +03:00 [INF] Executed action CMS.API.Controllers.PatientsController.Search (CMS.API) in 6.3487ms
2026-09-05 17:29:35.824 +03:00 [INF] Executed endpoint 'CMS.API.Controllers.PatientsController.Search (CMS.API)'
2026-09-05 17:29:35.827 +03:00 [INF] Request finished HTTP/1.1 GET http://localhost:5010/api/v1/patients/search - 200 null application/json; charset=utf-8 49.0132ms
2026-09-05 17:29:35.907 +03:00 [INF] Request starting HTTP/1.1 GET http://localhost:5010/api/v1/billing/invoices - application/json null
2026-09-05 17:29:36.041 +03:00 [INF] Executing endpoint 'CMS.API.Controllers.BillingController.GetInvoices (CMS.API)'
2026-09-05 17:29:36.045 +03:00 [INF] Route matched with {action = "GetInvoices", controller = "Billing"}. Executing controller action with signature System.Threading.Tasks.Task`1[Microsoft.AspNetCore.Mvc.IActionResult] GetInvoices() on controller CMS.API.Controllers.BillingController (CMS.API).
2026-09-05 17:29:36.053 +03:00 [INF] Executed action CMS.API.Controllers.BillingController.GetInvoices (CMS.API) in 3.2742ms
2026-09-05 17:29:36.057 +03:00 [INF] Executed endpoint 'CMS.API.Controllers.BillingController.GetInvoices (CMS.API)'
2026-09-05 17:29:36.059 +03:00 [ERR] Unhandled exception encountered: A parameterless default constructor or one matching signature (System.Int32 Id, System.Byte TenantId, System.String InvoiceNo, System.Int32 PatientId, System.String PatientName, System.Int32 EncounterId, System.DateTime IssueDate, System.DateTime DueDate, System.Decimal SubTotal, System.Decimal TaxAmount, System.Decimal DiscountAmount, System.Decimal TotalAmount, System.Decimal PaidAmount, System.Byte StatusId, System.String StatusName) is required for CMS.Shared.DTOs.InvoiceDto materialization
System.InvalidOperationException: A parameterless default constructor or one matching signature (System.Int32 Id, System.Byte TenantId, System.String InvoiceNo, System.Int32 PatientId, System.String PatientName, System.Int32 EncounterId, System.DateTime IssueDate, System.DateTime DueDate, System.Decimal SubTotal, System.Decimal TaxAmount, System.Decimal DiscountAmount, System.Decimal TotalAmount, System.Decimal PaidAmount, System.Byte StatusId, System.String StatusName) is required for CMS.Shared.DTOs.InvoiceDto materialization
   at Dapper.SqlMapper.GenerateDeserializerFromMap(Type type, DbDataReader reader, Int32 startBound, Int32 length, Boolean returnNullIfFirstMissing, ILGenerator il) in /_/Dapper/SqlMapper.cs:line 3473
   at Dapper.SqlMapper.GetTypeDeserializerImpl(Type type, DbDataReader reader, Int32 startBound, Int32 length, Boolean returnNullIfFirstMissing) in /_/Dapper/SqlMapper.cs:line 3304
   at Dapper.SqlMapper.TypeDeserializerCache.GetReader(DbDataReader reader, Int32 startBound, Int32 length, Boolean returnNullIfFirstMissing) in /_/Dapper/SqlMapper.TypeDeserializerCache.cs:line 151
   at Dapper.SqlMapper.TypeDeserializerCache.GetReader(Type type, DbDataReader reader, Int32 startBound, Int32 length, Boolean returnNullIfFirstMissing) in /_/Dapper/SqlMapper.TypeDeserializerCache.cs:line 50
   at Dapper.SqlMapper.GetTypeDeserializer(Type type, DbDataReader reader, Int32 startBound, Int32 length, Boolean returnNullIfFirstMissing) in /_/Dapper/SqlMapper.cs:line 3258
   at Dapper.SqlMapper.GetDeserializer(Type type, DbDataReader reader, Int32 startBound, Int32 length, Boolean returnNullIfFirstMissing) in /_/Dapper/SqlMapper.cs:line 1945
   at Dapper.SqlMapper.QueryAsync[T](IDbConnection cnn, Type effectiveType, CommandDefinition command) in /_/Dapper/SqlMapper.Async.cs:line 442
   at CMS.Application.Billing.BillingService.GetInvoicesAsync(Byte tenantId) in C:\Users\ASUS\source\repos\CMS\src\CMS.Application\Billing\BillingService.cs:line 105
   at CMS.API.Controllers.BillingController.GetInvoices() in C:\Users\ASUS\source\repos\CMS\src\CMS.API\Controllers\PharmacyBillingControllers.cs:line 77
   at Microsoft.AspNetCore.Mvc.Infrastructure.ActionMethodExecutor.TaskOfIActionResultExecutor.Execute(ActionContext actionContext, IActionResultTypeMapper mapper, ObjectMethodExecutor executor, Object controller, Object[] arguments)
   at Microsoft.AspNetCore.Mvc.Infrastructure.ControllerActionInvoker.<InvokeActionMethodAsync>g__Awaited|12_0(ControllerActionInvoker invoker, ValueTask`1 actionResultValueTask)
   at Microsoft.AspNetCore.Mvc.Infrastructure.ControllerActionInvoker.<InvokeNextActionFilterAsync>g__Awaited|10_0(ControllerActionInvoker invoker, Task lastTask, State next, Scope scope, Object state, Boolean isCompleted)
   at Microsoft.AspNetCore.Mvc.Infrastructure.ControllerActionInvoker.Rethrow(ActionExecutedContextSealed context)
   at Microsoft.AspNetCore.Mvc.Infrastructure.ControllerActionInvoker.Next(State& next, Scope& scope, Object& state, Boolean& isCompleted)
   at Microsoft.AspNetCore.Mvc.Infrastructure.ControllerActionInvoker.<InvokeInnerFilterAsync>g__Awaited|13_0(ControllerActionInvoker invoker, Task lastTask, State next, Scope scope, Object state, Boolean isCompleted)
   at Microsoft.AspNetCore.Mvc.Infrastructure.ResourceInvoker.<InvokeFilterPipelineAsync>g__Awaited|20_0(ResourceInvoker invoker, Task lastTask, State next, Scope scope, Object state, Boolean isCompleted)
   at Microsoft.AspNetCore.Mvc.Infrastructure.ResourceInvoker.<InvokeAsync>g__Logged|17_1(ResourceInvoker invoker)
   at Microsoft.AspNetCore.Mvc.Infrastructure.ResourceInvoker.<InvokeAsync>g__Logged|17_1(ResourceInvoker invoker)
   at Microsoft.AspNetCore.Routing.EndpointMiddleware.<Invoke>g__AwaitRequestTask|7_0(Endpoint endpoint, Task requestTask, ILogger logger)
   at Microsoft.AspNetCore.Authorization.AuthorizationMiddleware.Invoke(HttpContext context)
   at Microsoft.AspNetCore.Authentication.AuthenticationMiddleware.Invoke(HttpContext context)
   at Swashbuckle.AspNetCore.SwaggerUI.SwaggerUIMiddleware.Invoke(HttpContext httpContext)
   at Swashbuckle.AspNetCore.Swagger.SwaggerMiddleware.Invoke(HttpContext httpContext, ISwaggerProvider swaggerProvider)
   at CMS.API.Middleware.TenantMiddleware.InvokeAsync(HttpContext context) in C:\Users\ASUS\source\repos\CMS\src\CMS.API\Middleware\Middlewares.cs:line 26
   at CMS.API.Middleware.ExceptionMiddleware.InvokeAsync(HttpContext context) in C:\Users\ASUS\source\repos\CMS\src\CMS.API\Middleware\Middlewares.cs:line 45
2026-09-05 17:29:36.076 +03:00 [INF] Request finished HTTP/1.1 GET http://localhost:5010/api/v1/billing/invoices - 500 null application/json 169.1766ms
2026-09-05 17:29:38.990 +03:00 [INF] Request starting HTTP/1.1 GET http://localhost:5010/api/v1/staff/doctors - application/json null
2026-09-05 17:29:39.286 +03:00 [INF] Request starting HTTP/1.1 GET http://localhost:5010/api/v1/patients/search - application/json null
2026-09-05 17:29:39.318 +03:00 [INF] Request starting HTTP/1.1 GET http://localhost:5010/api/v1/triage/queue?date=2026-09-05 - application/json null
2026-09-05 17:29:39.437 +03:00 [INF] Executing endpoint 'CMS.API.Controllers.StaffController.GetDoctors (CMS.API)'
2026-09-05 17:29:39.442 +03:00 [INF] Executing endpoint 'CMS.API.Controllers.PatientsController.Search (CMS.API)'
2026-09-05 17:29:39.447 +03:00 [INF] Executing endpoint 'CMS.API.Controllers.TriageController.GetQueue (CMS.API)'
2026-09-05 17:29:39.454 +03:00 [INF] Route matched with {action = "GetDoctors", controller = "Staff"}. Executing controller action with signature System.Threading.Tasks.Task`1[Microsoft.AspNetCore.Mvc.IActionResult] GetDoctors() on controller CMS.API.Controllers.StaffController (CMS.API).
2026-09-05 17:29:39.456 +03:00 [INF] Route matched with {action = "Search", controller = "Patients"}. Executing controller action with signature System.Threading.Tasks.Task`1[Microsoft.AspNetCore.Mvc.IActionResult] Search(System.String, Int32) on controller CMS.API.Controllers.PatientsController (CMS.API).
2026-09-05 17:29:39.560 +03:00 [INF] Route matched with {action = "GetQueue", controller = "Triage"}. Executing controller action with signature System.Threading.Tasks.Task`1[Microsoft.AspNetCore.Mvc.IActionResult] GetQueue(System.String, System.Nullable`1[System.DateTime]) on controller CMS.API.Controllers.TriageController (CMS.API).
2026-09-05 17:29:39.584 +03:00 [INF] Executing OkObjectResult, writing value of type 'CMS.Shared.DTOs.ApiResponse`1[[System.Collections.Generic.List`1[[CMS.Shared.DTOs.DoctorDto, CMS.Shared, Version=1.0.0.0, Culture=neutral, PublicKeyToken=null]], System.Private.CoreLib, Version=8.0.0.0, Culture=neutral, PublicKeyToken=7cec85d7bea7798e]]'.
2026-09-05 17:29:39.983 +03:00 [INF] Executing OkObjectResult, writing value of type 'CMS.Shared.DTOs.ApiResponse`1[[System.Collections.Generic.List`1[[CMS.Shared.DTOs.PatientDto, CMS.Shared, Version=1.0.0.0, Culture=neutral, PublicKeyToken=null]], System.Private.CoreLib, Version=8.0.0.0, Culture=neutral, PublicKeyToken=7cec85d7bea7798e]]'.
2026-09-05 17:29:40.009 +03:00 [INF] Executed action CMS.API.Controllers.PatientsController.Search (CMS.API) in 29.04ms
2026-09-05 17:29:39.993 +03:00 [INF] Executed action CMS.API.Controllers.StaffController.GetDoctors (CMS.API) in 412.0026ms
2026-09-05 17:29:40.104 +03:00 [INF] Executed endpoint 'CMS.API.Controllers.StaffController.GetDoctors (CMS.API)'
2026-09-05 17:29:40.102 +03:00 [INF] Executed endpoint 'CMS.API.Controllers.PatientsController.Search (CMS.API)'
2026-09-05 17:29:40.105 +03:00 [INF] Request finished HTTP/1.1 GET http://localhost:5010/api/v1/staff/doctors - 200 null application/json; charset=utf-8 1114.8775ms
2026-09-05 17:29:40.108 +03:00 [INF] Executing OkObjectResult, writing value of type 'CMS.Shared.DTOs.ApiResponse`1[[System.Collections.Generic.List`1[[CMS.Shared.DTOs.TriageDto, CMS.Shared, Version=1.0.0.0, Culture=neutral, PublicKeyToken=null]], System.Private.CoreLib, Version=8.0.0.0, Culture=neutral, PublicKeyToken=7cec85d7bea7798e]]'.
2026-09-05 17:29:40.112 +03:00 [INF] Request finished HTTP/1.1 GET http://localhost:5010/api/v1/patients/search - 200 null application/json; charset=utf-8 826.1659ms
2026-09-05 17:29:40.134 +03:00 [INF] Executed action CMS.API.Controllers.TriageController.GetQueue (CMS.API) in 147.1445ms
2026-09-05 17:29:40.194 +03:00 [INF] Executed endpoint 'CMS.API.Controllers.TriageController.GetQueue (CMS.API)'
2026-09-05 17:29:40.196 +03:00 [INF] Request finished HTTP/1.1 GET http://localhost:5010/api/v1/triage/queue?date=2026-09-05 - 200 null application/json; charset=utf-8 878.2203ms
2026-09-05 17:29:40.319 +03:00 [INF] Request starting HTTP/1.1 GET http://localhost:5010/api/v1/staff/doctors - application/json null
2026-09-05 17:29:40.319 +03:00 [INF] Request starting HTTP/1.1 GET http://localhost:5010/api/v1/patients/search - application/json null
2026-09-05 17:29:40.325 +03:00 [INF] Executing endpoint 'CMS.API.Controllers.StaffController.GetDoctors (CMS.API)'
2026-09-05 17:29:40.335 +03:00 [INF] Executing endpoint 'CMS.API.Controllers.PatientsController.Search (CMS.API)'
2026-09-05 17:29:40.337 +03:00 [INF] Route matched with {action = "GetDoctors", controller = "Staff"}. Executing controller action with signature System.Threading.Tasks.Task`1[Microsoft.AspNetCore.Mvc.IActionResult] GetDoctors() on controller CMS.API.Controllers.StaffController (CMS.API).
2026-09-05 17:29:40.339 +03:00 [INF] Route matched with {action = "Search", controller = "Patients"}. Executing controller action with signature System.Threading.Tasks.Task`1[Microsoft.AspNetCore.Mvc.IActionResult] Search(System.String, Int32) on controller CMS.API.Controllers.PatientsController (CMS.API).
2026-09-05 17:29:40.342 +03:00 [INF] Executing OkObjectResult, writing value of type 'CMS.Shared.DTOs.ApiResponse`1[[System.Collections.Generic.List`1[[CMS.Shared.DTOs.DoctorDto, CMS.Shared, Version=1.0.0.0, Culture=neutral, PublicKeyToken=null]], System.Private.CoreLib, Version=8.0.0.0, Culture=neutral, PublicKeyToken=7cec85d7bea7798e]]'.
2026-09-05 17:29:40.351 +03:00 [INF] Executed action CMS.API.Controllers.StaffController.GetDoctors (CMS.API) in 10.0111ms
2026-09-05 17:29:40.350 +03:00 [INF] Executing OkObjectResult, writing value of type 'CMS.Shared.DTOs.ApiResponse`1[[System.Collections.Generic.List`1[[CMS.Shared.DTOs.PatientDto, CMS.Shared, Version=1.0.0.0, Culture=neutral, PublicKeyToken=null]], System.Private.CoreLib, Version=8.0.0.0, Culture=neutral, PublicKeyToken=7cec85d7bea7798e]]'.
2026-09-05 17:29:40.363 +03:00 [INF] Executed action CMS.API.Controllers.PatientsController.Search (CMS.API) in 17.0943ms
2026-09-05 17:29:40.356 +03:00 [INF] Executed endpoint 'CMS.API.Controllers.StaffController.GetDoctors (CMS.API)'
2026-09-05 17:29:40.387 +03:00 [INF] Request finished HTTP/1.1 GET http://localhost:5010/api/v1/staff/doctors - 200 null application/json; charset=utf-8 67.9751ms
2026-09-05 17:29:40.384 +03:00 [INF] Executed endpoint 'CMS.API.Controllers.PatientsController.Search (CMS.API)'
2026-09-05 17:29:40.402 +03:00 [INF] Request finished HTTP/1.1 GET http://localhost:5010/api/v1/patients/search - 200 null application/json; charset=utf-8 83.7823ms
2026-09-05 17:29:40.456 +03:00 [INF] Request starting HTTP/1.1 GET http://localhost:5010/api/v1/triage/queue?date=2026-09-05 - application/json null
2026-09-05 17:29:40.463 +03:00 [INF] Executing endpoint 'CMS.API.Controllers.TriageController.GetQueue (CMS.API)'
2026-09-05 17:29:40.467 +03:00 [INF] Route matched with {action = "GetQueue", controller = "Triage"}. Executing controller action with signature System.Threading.Tasks.Task`1[Microsoft.AspNetCore.Mvc.IActionResult] GetQueue(System.String, System.Nullable`1[System.DateTime]) on controller CMS.API.Controllers.TriageController (CMS.API).
2026-09-05 17:29:40.477 +03:00 [INF] Executing OkObjectResult, writing value of type 'CMS.Shared.DTOs.ApiResponse`1[[System.Collections.Generic.List`1[[CMS.Shared.DTOs.TriageDto, CMS.Shared, Version=1.0.0.0, Culture=neutral, PublicKeyToken=null]], System.Private.CoreLib, Version=8.0.0.0, Culture=neutral, PublicKeyToken=7cec85d7bea7798e]]'.
2026-09-05 17:29:40.480 +03:00 [INF] Executed action CMS.API.Controllers.TriageController.GetQueue (CMS.API) in 6.4796ms
2026-09-05 17:29:40.489 +03:00 [INF] Executed endpoint 'CMS.API.Controllers.TriageController.GetQueue (CMS.API)'
2026-09-05 17:29:40.491 +03:00 [INF] Request finished HTTP/1.1 GET http://localhost:5010/api/v1/triage/queue?date=2026-09-05 - 200 null application/json; charset=utf-8 35.0346ms
2026-09-05 17:29:42.047 +03:00 [INF] Request starting HTTP/1.1 GET http://localhost:5010/api/v1/laboratory/catalog - application/json null
2026-09-05 17:29:42.054 +03:00 [INF] Executing endpoint 'CMS.API.Controllers.LaboratoryController.GetCatalog (CMS.API)'
2026-09-05 17:29:42.057 +03:00 [INF] Route matched with {action = "GetCatalog", controller = "Laboratory"}. Executing controller action with signature System.Threading.Tasks.Task`1[Microsoft.AspNetCore.Mvc.IActionResult] GetCatalog() on controller CMS.API.Controllers.LaboratoryController (CMS.API).
2026-09-05 17:29:42.061 +03:00 [INF] Executing OkObjectResult, writing value of type 'CMS.Shared.DTOs.ApiResponse`1[[System.Collections.Generic.List`1[[CMS.Shared.DTOs.LabTestCatalogDto, CMS.Shared, Version=1.0.0.0, Culture=neutral, PublicKeyToken=null]], System.Private.CoreLib, Version=8.0.0.0, Culture=neutral, PublicKeyToken=7cec85d7bea7798e]]'.
2026-09-05 17:29:42.067 +03:00 [INF] Executed action CMS.API.Controllers.LaboratoryController.GetCatalog (CMS.API) in 7.084ms
2026-09-05 17:29:42.070 +03:00 [INF] Executed endpoint 'CMS.API.Controllers.LaboratoryController.GetCatalog (CMS.API)'
2026-09-05 17:29:42.073 +03:00 [INF] Request finished HTTP/1.1 GET http://localhost:5010/api/v1/laboratory/catalog - 200 null application/json; charset=utf-8 26.6835ms
2026-09-05 17:29:42.296 +03:00 [INF] Request starting HTTP/1.1 GET http://localhost:5010/api/v1/laboratory/catalog - application/json null
2026-09-05 17:29:42.300 +03:00 [INF] Executing endpoint 'CMS.API.Controllers.LaboratoryController.GetCatalog (CMS.API)'
2026-09-05 17:29:42.302 +03:00 [INF] Route matched with {action = "GetCatalog", controller = "Laboratory"}. Executing controller action with signature System.Threading.Tasks.Task`1[Microsoft.AspNetCore.Mvc.IActionResult] GetCatalog() on controller CMS.API.Controllers.LaboratoryController (CMS.API).
2026-09-05 17:29:42.320 +03:00 [INF] Executing OkObjectResult, writing value of type 'CMS.Shared.DTOs.ApiResponse`1[[System.Collections.Generic.List`1[[CMS.Shared.DTOs.LabTestCatalogDto, CMS.Shared, Version=1.0.0.0, Culture=neutral, PublicKeyToken=null]], System.Private.CoreLib, Version=8.0.0.0, Culture=neutral, PublicKeyToken=7cec85d7bea7798e]]'.
2026-09-05 17:29:42.324 +03:00 [INF] Executed action CMS.API.Controllers.LaboratoryController.GetCatalog (CMS.API) in 17.9652ms
2026-09-05 17:29:42.330 +03:00 [INF] Executed endpoint 'CMS.API.Controllers.LaboratoryController.GetCatalog (CMS.API)'
2026-09-05 17:29:42.335 +03:00 [INF] Request finished HTTP/1.1 GET http://localhost:5010/api/v1/laboratory/catalog - 200 null application/json; charset=utf-8 39.6291ms
2026-09-05 17:30:37.292 +03:00 [INF] Request starting HTTP/1.1 GET http://localhost:5010/api/v1/users - application/json null
2026-09-05 17:30:37.309 +03:00 [INF] Executing endpoint 'CMS.API.Controllers.UsersController.GetUsers (CMS.API)'
2026-09-05 17:30:37.311 +03:00 [INF] Route matched with {action = "GetUsers", controller = "Users"}. Executing controller action with signature System.Threading.Tasks.Task`1[Microsoft.AspNetCore.Mvc.IActionResult] GetUsers() on controller CMS.API.Controllers.UsersController (CMS.API).
2026-09-05 17:30:37.374 +03:00 [INF] Executing OkObjectResult, writing value of type 'CMS.Shared.DTOs.ApiResponse`1[[System.Collections.Generic.List`1[[CMS.Shared.DTOs.UserDto, CMS.Shared, Version=1.0.0.0, Culture=neutral, PublicKeyToken=null]], System.Private.CoreLib, Version=8.0.0.0, Culture=neutral, PublicKeyToken=7cec85d7bea7798e]]'.
2026-09-05 17:30:37.376 +03:00 [INF] Executed action CMS.API.Controllers.UsersController.GetUsers (CMS.API) in 55.1425ms
2026-09-05 17:30:37.378 +03:00 [INF] Executed endpoint 'CMS.API.Controllers.UsersController.GetUsers (CMS.API)'
2026-09-05 17:30:37.386 +03:00 [INF] Request finished HTTP/1.1 GET http://localhost:5010/api/v1/users - 200 null application/json; charset=utf-8 94.6437ms
2026-09-05 17:30:37.604 +03:00 [INF] Request starting HTTP/1.1 GET http://localhost:5010/api/v1/settings - null null
2026-09-05 17:30:37.605 +03:00 [INF] Request starting HTTP/1.1 GET http://localhost:5010/api/v1/users/roles - application/json null
2026-09-05 17:30:37.614 +03:00 [INF] Executing endpoint 'CMS.API.Controllers.UsersController.GetRoles (CMS.API)'
2026-09-05 17:30:37.609 +03:00 [INF] Executing endpoint 'CMS.API.Controllers.SettingsController.GetSettings (CMS.API)'
2026-09-05 17:30:37.615 +03:00 [INF] Route matched with {action = "GetRoles", controller = "Users"}. Executing controller action with signature System.Threading.Tasks.Task`1[Microsoft.AspNetCore.Mvc.IActionResult] GetRoles() on controller CMS.API.Controllers.UsersController (CMS.API).
2026-09-05 17:30:37.617 +03:00 [INF] Route matched with {action = "GetSettings", controller = "Settings"}. Executing controller action with signature System.Threading.Tasks.Task`1[Microsoft.AspNetCore.Mvc.IActionResult] GetSettings() on controller CMS.API.Controllers.SettingsController (CMS.API).
2026-09-05 17:30:37.626 +03:00 [INF] Executing OkObjectResult, writing value of type 'CMS.Shared.DTOs.ApiResponse`1[[System.Collections.Generic.List`1[[CMS.Shared.DTOs.RoleWithPermissionsDto, CMS.Shared, Version=1.0.0.0, Culture=neutral, PublicKeyToken=null]], System.Private.CoreLib, Version=8.0.0.0, Culture=neutral, PublicKeyToken=7cec85d7bea7798e]]'.
2026-09-05 17:30:37.627 +03:00 [INF] Executed action CMS.API.Controllers.UsersController.GetRoles (CMS.API) in 7.8365ms
2026-09-05 17:30:37.640 +03:00 [INF] Executed endpoint 'CMS.API.Controllers.UsersController.GetRoles (CMS.API)'
2026-09-05 17:30:37.638 +03:00 [INF] Executing OkObjectResult, writing value of type 'CMS.Shared.DTOs.ApiResponse`1[[System.Collections.Generic.List`1[[CMS.Shared.DTOs.ClinicSettingDto, CMS.Shared, Version=1.0.0.0, Culture=neutral, PublicKeyToken=null]], System.Private.CoreLib, Version=8.0.0.0, Culture=neutral, PublicKeyToken=7cec85d7bea7798e]]'.
2026-09-05 17:30:37.642 +03:00 [INF] Request finished HTTP/1.1 GET http://localhost:5010/api/v1/users/roles - 200 null application/json; charset=utf-8 37.0142ms
2026-09-05 17:30:37.653 +03:00 [INF] Executed action CMS.API.Controllers.SettingsController.GetSettings (CMS.API) in 31.0193ms
2026-09-05 17:30:37.677 +03:00 [INF] Executed endpoint 'CMS.API.Controllers.SettingsController.GetSettings (CMS.API)'
2026-09-05 17:30:37.680 +03:00 [INF] Request finished HTTP/1.1 GET http://localhost:5010/api/v1/settings - 200 null application/json; charset=utf-8 75.2325ms
2026-09-05 17:30:37.695 +03:00 [INF] Request starting HTTP/1.1 GET http://localhost:5010/api/v1/users - application/json null
2026-09-05 17:30:37.701 +03:00 [INF] Executing endpoint 'CMS.API.Controllers.UsersController.GetUsers (CMS.API)'
2026-09-05 17:30:37.702 +03:00 [INF] Route matched with {action = "GetUsers", controller = "Users"}. Executing controller action with signature System.Threading.Tasks.Task`1[Microsoft.AspNetCore.Mvc.IActionResult] GetUsers() on controller CMS.API.Controllers.UsersController (CMS.API).
2026-09-05 17:30:37.707 +03:00 [INF] Executing OkObjectResult, writing value of type 'CMS.Shared.DTOs.ApiResponse`1[[System.Collections.Generic.List`1[[CMS.Shared.DTOs.UserDto, CMS.Shared, Version=1.0.0.0, Culture=neutral, PublicKeyToken=null]], System.Private.CoreLib, Version=8.0.0.0, Culture=neutral, PublicKeyToken=7cec85d7bea7798e]]'.
2026-09-05 17:30:37.709 +03:00 [INF] Executed action CMS.API.Controllers.UsersController.GetUsers (CMS.API) in 4.0225ms
2026-09-05 17:30:37.716 +03:00 [INF] Executed endpoint 'CMS.API.Controllers.UsersController.GetUsers (CMS.API)'
2026-09-05 17:30:37.718 +03:00 [INF] Request finished HTTP/1.1 GET http://localhost:5010/api/v1/users - 200 null application/json; charset=utf-8 23.0485ms
2026-09-05 17:30:37.945 +03:00 [INF] Request starting HTTP/1.1 GET http://localhost:5010/api/v1/users/roles - application/json null
2026-09-05 17:30:37.949 +03:00 [INF] Executing endpoint 'CMS.API.Controllers.UsersController.GetRoles (CMS.API)'
2026-09-05 17:30:37.951 +03:00 [INF] Route matched with {action = "GetRoles", controller = "Users"}. Executing controller action with signature System.Threading.Tasks.Task`1[Microsoft.AspNetCore.Mvc.IActionResult] GetRoles() on controller CMS.API.Controllers.UsersController (CMS.API).
2026-09-05 17:30:37.954 +03:00 [INF] Executing OkObjectResult, writing value of type 'CMS.Shared.DTOs.ApiResponse`1[[System.Collections.Generic.List`1[[CMS.Shared.DTOs.RoleWithPermissionsDto, CMS.Shared, Version=1.0.0.0, Culture=neutral, PublicKeyToken=null]], System.Private.CoreLib, Version=8.0.0.0, Culture=neutral, PublicKeyToken=7cec85d7bea7798e]]'.
2026-09-05 17:30:37.961 +03:00 [INF] Executed action CMS.API.Controllers.UsersController.GetRoles (CMS.API) in 8.006ms
2026-09-05 17:30:37.969 +03:00 [INF] Request starting HTTP/1.1 GET http://localhost:5010/api/v1/settings - null null
2026-09-05 17:30:37.971 +03:00 [INF] Executed endpoint 'CMS.API.Controllers.UsersController.GetRoles (CMS.API)'
2026-09-05 17:30:37.975 +03:00 [INF] Executing endpoint 'CMS.API.Controllers.SettingsController.GetSettings (CMS.API)'
2026-09-05 17:30:37.976 +03:00 [INF] Request finished HTTP/1.1 GET http://localhost:5010/api/v1/users/roles - 200 null application/json; charset=utf-8 31.0065ms
2026-09-05 17:30:37.985 +03:00 [INF] Route matched with {action = "GetSettings", controller = "Settings"}. Executing controller action with signature System.Threading.Tasks.Task`1[Microsoft.AspNetCore.Mvc.IActionResult] GetSettings() on controller CMS.API.Controllers.SettingsController (CMS.API).
2026-09-05 17:30:37.993 +03:00 [INF] Executing OkObjectResult, writing value of type 'CMS.Shared.DTOs.ApiResponse`1[[System.Collections.Generic.List`1[[CMS.Shared.DTOs.ClinicSettingDto, CMS.Shared, Version=1.0.0.0, Culture=neutral, PublicKeyToken=null]], System.Private.CoreLib, Version=8.0.0.0, Culture=neutral, PublicKeyToken=7cec85d7bea7798e]]'.
2026-09-05 17:30:37.995 +03:00 [INF] Executed action CMS.API.Controllers.SettingsController.GetSettings (CMS.API) in 3.2116ms
2026-09-05 17:30:38.003 +03:00 [INF] Executed endpoint 'CMS.API.Controllers.SettingsController.GetSettings (CMS.API)'
2026-09-05 17:30:38.004 +03:00 [INF] Request finished HTTP/1.1 GET http://localhost:5010/api/v1/settings - 200 null application/json; charset=utf-8 35.1641ms
2026-09-05 17:30:42.144 +03:00 [INF] Request starting HTTP/1.1 GET http://localhost:5010/api/v1/modules - application/json null
2026-09-05 17:30:42.155 +03:00 [INF] Executing endpoint 'CMS.API.Controllers.ModulesController.GetModules (CMS.API)'
2026-09-05 17:30:42.167 +03:00 [INF] Route matched with {action = "GetModules", controller = "Modules"}. Executing controller action with signature System.Threading.Tasks.Task`1[Microsoft.AspNetCore.Mvc.IActionResult] GetModules() on controller CMS.API.Controllers.ModulesController (CMS.API).
2026-09-05 17:30:42.211 +03:00 [INF] Executing OkObjectResult, writing value of type 'CMS.Shared.DTOs.ApiResponse`1[[System.Collections.Generic.List`1[[CMS.Shared.DTOs.AppModuleDto, CMS.Shared, Version=1.0.0.0, Culture=neutral, PublicKeyToken=null]], System.Private.CoreLib, Version=8.0.0.0, Culture=neutral, PublicKeyToken=7cec85d7bea7798e]]'.
2026-09-05 17:30:42.220 +03:00 [INF] Executed action CMS.API.Controllers.ModulesController.GetModules (CMS.API) in 49.7273ms
2026-09-05 17:30:42.224 +03:00 [INF] Executed endpoint 'CMS.API.Controllers.ModulesController.GetModules (CMS.API)'
2026-09-05 17:30:42.225 +03:00 [INF] Request finished HTTP/1.1 GET http://localhost:5010/api/v1/modules - 200 null application/json; charset=utf-8 81.1384ms
2026-09-05 17:30:42.403 +03:00 [INF] Request starting HTTP/1.1 GET http://localhost:5010/api/v1/modules - application/json null
2026-09-05 17:30:42.408 +03:00 [INF] Executing endpoint 'CMS.API.Controllers.ModulesController.GetModules (CMS.API)'
2026-09-05 17:30:42.409 +03:00 [INF] Route matched with {action = "GetModules", controller = "Modules"}. Executing controller action with signature System.Threading.Tasks.Task`1[Microsoft.AspNetCore.Mvc.IActionResult] GetModules() on controller CMS.API.Controllers.ModulesController (CMS.API).
2026-09-05 17:30:42.422 +03:00 [INF] Executing OkObjectResult, writing value of type 'CMS.Shared.DTOs.ApiResponse`1[[System.Collections.Generic.List`1[[CMS.Shared.DTOs.AppModuleDto, CMS.Shared, Version=1.0.0.0, Culture=neutral, PublicKeyToken=null]], System.Private.CoreLib, Version=8.0.0.0, Culture=neutral, PublicKeyToken=7cec85d7bea7798e]]'.
2026-09-05 17:30:42.424 +03:00 [INF] Executed action CMS.API.Controllers.ModulesController.GetModules (CMS.API) in 12.9885ms
2026-09-05 17:30:42.436 +03:00 [INF] Executed endpoint 'CMS.API.Controllers.ModulesController.GetModules (CMS.API)'
2026-09-05 17:30:42.437 +03:00 [INF] Request finished HTTP/1.1 GET http://localhost:5010/api/v1/modules - 200 null application/json; charset=utf-8 34.0733ms
2026-09-05 17:31:12.108 +03:00 [INF] Request starting HTTP/1.1 GET http://localhost:5010/api/v1/laboratory/catalog - application/json null
2026-09-05 17:31:12.116 +03:00 [INF] Executing endpoint 'CMS.API.Controllers.LaboratoryController.GetCatalog (CMS.API)'
2026-09-05 17:31:12.119 +03:00 [INF] Route matched with {action = "GetCatalog", controller = "Laboratory"}. Executing controller action with signature System.Threading.Tasks.Task`1[Microsoft.AspNetCore.Mvc.IActionResult] GetCatalog() on controller CMS.API.Controllers.LaboratoryController (CMS.API).
2026-09-05 17:31:12.158 +03:00 [INF] Executing OkObjectResult, writing value of type 'CMS.Shared.DTOs.ApiResponse`1[[System.Collections.Generic.List`1[[CMS.Shared.DTOs.LabTestCatalogDto, CMS.Shared, Version=1.0.0.0, Culture=neutral, PublicKeyToken=null]], System.Private.CoreLib, Version=8.0.0.0, Culture=neutral, PublicKeyToken=7cec85d7bea7798e]]'.
2026-09-05 17:31:12.172 +03:00 [INF] Executed action CMS.API.Controllers.LaboratoryController.GetCatalog (CMS.API) in 50.0429ms
2026-09-05 17:31:12.177 +03:00 [INF] Executed endpoint 'CMS.API.Controllers.LaboratoryController.GetCatalog (CMS.API)'
2026-09-05 17:31:12.182 +03:00 [INF] Request finished HTTP/1.1 GET http://localhost:5010/api/v1/laboratory/catalog - 200 null application/json; charset=utf-8 73.6346ms
2026-09-05 17:31:12.490 +03:00 [INF] Request starting HTTP/1.1 GET http://localhost:5010/api/v1/laboratory/catalog - application/json null
2026-09-05 17:31:12.502 +03:00 [INF] Executing endpoint 'CMS.API.Controllers.LaboratoryController.GetCatalog (CMS.API)'
2026-09-05 17:31:12.504 +03:00 [INF] Route matched with {action = "GetCatalog", controller = "Laboratory"}. Executing controller action with signature System.Threading.Tasks.Task`1[Microsoft.AspNetCore.Mvc.IActionResult] GetCatalog() on controller CMS.API.Controllers.LaboratoryController (CMS.API).
2026-09-05 17:31:12.508 +03:00 [INF] Executing OkObjectResult, writing value of type 'CMS.Shared.DTOs.ApiResponse`1[[System.Collections.Generic.List`1[[CMS.Shared.DTOs.LabTestCatalogDto, CMS.Shared, Version=1.0.0.0, Culture=neutral, PublicKeyToken=null]], System.Private.CoreLib, Version=8.0.0.0, Culture=neutral, PublicKeyToken=7cec85d7bea7798e]]'.
2026-09-05 17:31:12.513 +03:00 [INF] Executed action CMS.API.Controllers.LaboratoryController.GetCatalog (CMS.API) in 7.0758ms
2026-09-05 17:31:12.518 +03:00 [INF] Executed endpoint 'CMS.API.Controllers.LaboratoryController.GetCatalog (CMS.API)'
2026-09-05 17:31:12.520 +03:00 [INF] Request finished HTTP/1.1 GET http://localhost:5010/api/v1/laboratory/catalog - 200 null application/json; charset=utf-8 29.4714ms
2026-09-05 17:32:23.119 +03:00 [INF] Request starting HTTP/1.1 GET http://localhost:5010/api/v1/staff/doctors - application/json null
2026-09-05 17:32:23.119 +03:00 [INF] Request starting HTTP/1.1 GET http://localhost:5010/api/v1/triage/doctor/2?date=2026-09-05 - application/json null
2026-09-05 17:32:23.125 +03:00 [INF] Failed to validate the token.
Microsoft.IdentityModel.Tokens.SecurityTokenSignatureKeyNotFoundException: IDX10517: Signature validation failed. The token's kid is missing. Keys tried: 'Microsoft.IdentityModel.Tokens.SymmetricSecurityKey, KeyId: '', InternalId: 'VNGqhB7kZ75afXrNakqPyb1WYggzQUo6Cgi8Kx2i7Zs'. , KeyId: 
'. Number of keys in TokenValidationParameters: '1'. 
Number of keys in Configuration: '0'. 
Exceptions caught:
 '[PII of type 'System.Text.StringBuilder' is hidden. For more details, see https://aka.ms/IdentityModel/PII.]'.
token: '[PII of type 'Microsoft.IdentityModel.JsonWebTokens.JsonWebToken' is hidden. For more details, see https://aka.ms/IdentityModel/PII.]'. See https://aka.ms/IDX10503 for details.
   at Microsoft.IdentityModel.JsonWebTokens.JsonWebTokenHandler.ValidateSignature(JsonWebToken jwtToken, TokenValidationParameters validationParameters, BaseConfiguration configuration)
   at Microsoft.IdentityModel.JsonWebTokens.JsonWebTokenHandler.ValidateSignatureAndIssuerSecurityKey(JsonWebToken jsonWebToken, TokenValidationParameters validationParameters, BaseConfiguration configuration)
   at Microsoft.IdentityModel.JsonWebTokens.JsonWebTokenHandler.ValidateJWSAsync(JsonWebToken jsonWebToken, TokenValidationParameters validationParameters, BaseConfiguration configuration)
2026-09-05 17:32:23.131 +03:00 [INF] Failed to validate the token.
Microsoft.IdentityModel.Tokens.SecurityTokenSignatureKeyNotFoundException: IDX10517: Signature validation failed. The token's kid is missing. Keys tried: 'Microsoft.IdentityModel.Tokens.SymmetricSecurityKey, KeyId: '', InternalId: 'VNGqhB7kZ75afXrNakqPyb1WYggzQUo6Cgi8Kx2i7Zs'. , KeyId: 
'. Number of keys in TokenValidationParameters: '1'. 
Number of keys in Configuration: '0'. 
Exceptions caught:
 '[PII of type 'System.Text.StringBuilder' is hidden. For more details, see https://aka.ms/IdentityModel/PII.]'.
token: '[PII of type 'Microsoft.IdentityModel.JsonWebTokens.JsonWebToken' is hidden. For more details, see https://aka.ms/IdentityModel/PII.]'. See https://aka.ms/IDX10503 for details.
   at Microsoft.IdentityModel.JsonWebTokens.JsonWebTokenHandler.ValidateSignature(JsonWebToken jwtToken, TokenValidationParameters validationParameters, BaseConfiguration configuration)
   at Microsoft.IdentityModel.JsonWebTokens.JsonWebTokenHandler.ValidateSignatureAndIssuerSecurityKey(JsonWebToken jsonWebToken, TokenValidationParameters validationParameters, BaseConfiguration configuration)
   at Microsoft.IdentityModel.JsonWebTokens.JsonWebTokenHandler.ValidateJWSAsync(JsonWebToken jsonWebToken, TokenValidationParameters validationParameters, BaseConfiguration configuration)
2026-09-05 17:32:23.135 +03:00 [INF] Bearer was not authenticated. Failure message: IDX10517: Signature validation failed. The token's kid is missing. Keys tried: 'Microsoft.IdentityModel.Tokens.SymmetricSecurityKey, KeyId: '', InternalId: 'VNGqhB7kZ75afXrNakqPyb1WYggzQUo6Cgi8Kx2i7Zs'. , KeyId: 
'. Number of keys in TokenValidationParameters: '1'. 
Number of keys in Configuration: '0'. 
Exceptions caught:
 '[PII of type 'System.Text.StringBuilder' is hidden. For more details, see https://aka.ms/IdentityModel/PII.]'.
token: '[PII of type 'Microsoft.IdentityModel.JsonWebTokens.JsonWebToken' is hidden. For more details, see https://aka.ms/IdentityModel/PII.]'. See https://aka.ms/IDX10503 for details.
2026-09-05 17:32:23.138 +03:00 [INF] Bearer was not authenticated. Failure message: IDX10517: Signature validation failed. The token's kid is missing. Keys tried: 'Microsoft.IdentityModel.Tokens.SymmetricSecurityKey, KeyId: '', InternalId: 'VNGqhB7kZ75afXrNakqPyb1WYggzQUo6Cgi8Kx2i7Zs'. , KeyId: 
'. Number of keys in TokenValidationParameters: '1'. 
Number of keys in Configuration: '0'. 
Exceptions caught:
 '[PII of type 'System.Text.StringBuilder' is hidden. For more details, see https://aka.ms/IdentityModel/PII.]'.
token: '[PII of type 'Microsoft.IdentityModel.JsonWebTokens.JsonWebToken' is hidden. For more details, see https://aka.ms/IdentityModel/PII.]'. See https://aka.ms/IDX10503 for details.
2026-09-05 17:32:23.140 +03:00 [INF] Executing endpoint 'CMS.API.Controllers.StaffController.GetDoctors (CMS.API)'
2026-09-05 17:32:23.142 +03:00 [INF] Executing endpoint 'CMS.API.Controllers.TriageController.GetDoctorQueue (CMS.API)'
2026-09-05 17:32:23.143 +03:00 [INF] Route matched with {action = "GetDoctors", controller = "Staff"}. Executing controller action with signature System.Threading.Tasks.Task`1[Microsoft.AspNetCore.Mvc.IActionResult] GetDoctors() on controller CMS.API.Controllers.StaffController (CMS.API).
2026-09-05 17:32:23.148 +03:00 [INF] Route matched with {action = "GetDoctorQueue", controller = "Triage"}. Executing controller action with signature System.Threading.Tasks.Task`1[Microsoft.AspNetCore.Mvc.IActionResult] GetDoctorQueue(Int32, System.Nullable`1[System.DateTime]) on controller CMS.API.Controllers.TriageController (CMS.API).
2026-09-05 17:32:23.152 +03:00 [INF] Executing OkObjectResult, writing value of type 'CMS.Shared.DTOs.ApiResponse`1[[System.Collections.Generic.List`1[[CMS.Shared.DTOs.DoctorDto, CMS.Shared, Version=1.0.0.0, Culture=neutral, PublicKeyToken=null]], System.Private.CoreLib, Version=8.0.0.0, Culture=neutral, PublicKeyToken=7cec85d7bea7798e]]'.
2026-09-05 17:32:23.157 +03:00 [INF] Executed action CMS.API.Controllers.StaffController.GetDoctors (CMS.API) in 6.5724ms
2026-09-05 17:32:23.166 +03:00 [INF] Executed endpoint 'CMS.API.Controllers.StaffController.GetDoctors (CMS.API)'
2026-09-05 17:32:23.168 +03:00 [INF] Request finished HTTP/1.1 GET http://localhost:5010/api/v1/staff/doctors - 200 null application/json; charset=utf-8 49.2917ms
2026-09-05 17:32:23.230 +03:00 [INF] Executing OkObjectResult, writing value of type 'CMS.Shared.DTOs.ApiResponse`1[[System.Object, System.Private.CoreLib, Version=8.0.0.0, Culture=neutral, PublicKeyToken=7cec85d7bea7798e]]'.
2026-09-05 17:32:23.233 +03:00 [INF] Executed action CMS.API.Controllers.TriageController.GetDoctorQueue (CMS.API) in 79.5961ms
2026-09-05 17:32:23.237 +03:00 [INF] Executed endpoint 'CMS.API.Controllers.TriageController.GetDoctorQueue (CMS.API)'
2026-09-05 17:32:23.239 +03:00 [INF] Request finished HTTP/1.1 GET http://localhost:5010/api/v1/triage/doctor/2?date=2026-09-05 - 200 null application/json; charset=utf-8 119.7586ms
2026-09-05 17:32:23.382 +03:00 [INF] Request starting HTTP/1.1 GET http://localhost:5010/api/v1/staff/doctors - application/json null
2026-09-05 17:32:23.387 +03:00 [INF] Failed to validate the token.
Microsoft.IdentityModel.Tokens.SecurityTokenSignatureKeyNotFoundException: IDX10517: Signature validation failed. The token's kid is missing. Keys tried: 'Microsoft.IdentityModel.Tokens.SymmetricSecurityKey, KeyId: '', InternalId: 'VNGqhB7kZ75afXrNakqPyb1WYggzQUo6Cgi8Kx2i7Zs'. , KeyId: 
'. Number of keys in TokenValidationParameters: '1'. 
Number of keys in Configuration: '0'. 
Exceptions caught:
 '[PII of type 'System.Text.StringBuilder' is hidden. For more details, see https://aka.ms/IdentityModel/PII.]'.
token: '[PII of type 'Microsoft.IdentityModel.JsonWebTokens.JsonWebToken' is hidden. For more details, see https://aka.ms/IdentityModel/PII.]'. See https://aka.ms/IDX10503 for details.
   at Microsoft.IdentityModel.JsonWebTokens.JsonWebTokenHandler.ValidateSignature(JsonWebToken jwtToken, TokenValidationParameters validationParameters, BaseConfiguration configuration)
   at Microsoft.IdentityModel.JsonWebTokens.JsonWebTokenHandler.ValidateSignatureAndIssuerSecurityKey(JsonWebToken jsonWebToken, TokenValidationParameters validationParameters, BaseConfiguration configuration)
   at Microsoft.IdentityModel.JsonWebTokens.JsonWebTokenHandler.ValidateJWSAsync(JsonWebToken jsonWebToken, TokenValidationParameters validationParameters, BaseConfiguration configuration)
2026-09-05 17:32:23.393 +03:00 [INF] Bearer was not authenticated. Failure message: IDX10517: Signature validation failed. The token's kid is missing. Keys tried: 'Microsoft.IdentityModel.Tokens.SymmetricSecurityKey, KeyId: '', InternalId: 'VNGqhB7kZ75afXrNakqPyb1WYggzQUo6Cgi8Kx2i7Zs'. , KeyId: 
'. Number of keys in TokenValidationParameters: '1'. 
Number of keys in Configuration: '0'. 
Exceptions caught:
 '[PII of type 'System.Text.StringBuilder' is hidden. For more details, see https://aka.ms/IdentityModel/PII.]'.
token: '[PII of type 'Microsoft.IdentityModel.JsonWebTokens.JsonWebToken' is hidden. For more details, see https://aka.ms/IdentityModel/PII.]'. See https://aka.ms/IDX10503 for details.
2026-09-05 17:32:23.397 +03:00 [INF] Executing endpoint 'CMS.API.Controllers.StaffController.GetDoctors (CMS.API)'
2026-09-05 17:32:23.400 +03:00 [INF] Route matched with {action = "GetDoctors", controller = "Staff"}. Executing controller action with signature System.Threading.Tasks.Task`1[Microsoft.AspNetCore.Mvc.IActionResult] GetDoctors() on controller CMS.API.Controllers.StaffController (CMS.API).
2026-09-05 17:32:23.404 +03:00 [INF] Executing OkObjectResult, writing value of type 'CMS.Shared.DTOs.ApiResponse`1[[System.Collections.Generic.List`1[[CMS.Shared.DTOs.DoctorDto, CMS.Shared, Version=1.0.0.0, Culture=neutral, PublicKeyToken=null]], System.Private.CoreLib, Version=8.0.0.0, Culture=neutral, PublicKeyToken=7cec85d7bea7798e]]'.
2026-09-05 17:32:23.407 +03:00 [INF] Executed action CMS.API.Controllers.StaffController.GetDoctors (CMS.API) in 4.1313ms
2026-09-05 17:32:23.414 +03:00 [INF] Executed endpoint 'CMS.API.Controllers.StaffController.GetDoctors (CMS.API)'
2026-09-05 17:32:23.417 +03:00 [INF] Request finished HTTP/1.1 GET http://localhost:5010/api/v1/staff/doctors - 200 null application/json; charset=utf-8 34.5291ms
2026-09-05 17:32:23.474 +03:00 [INF] Request starting HTTP/1.1 GET http://localhost:5010/api/v1/triage/doctor/2?date=2026-09-05 - application/json null
2026-09-05 17:32:23.482 +03:00 [INF] Failed to validate the token.
Microsoft.IdentityModel.Tokens.SecurityTokenSignatureKeyNotFoundException: IDX10517: Signature validation failed. The token's kid is missing. Keys tried: 'Microsoft.IdentityModel.Tokens.SymmetricSecurityKey, KeyId: '', InternalId: 'VNGqhB7kZ75afXrNakqPyb1WYggzQUo6Cgi8Kx2i7Zs'. , KeyId: 
'. Number of keys in TokenValidationParameters: '1'. 
Number of keys in Configuration: '0'. 
Exceptions caught:
 '[PII of type 'System.Text.StringBuilder' is hidden. For more details, see https://aka.ms/IdentityModel/PII.]'.
token: '[PII of type 'Microsoft.IdentityModel.JsonWebTokens.JsonWebToken' is hidden. For more details, see https://aka.ms/IdentityModel/PII.]'. See https://aka.ms/IDX10503 for details.
   at Microsoft.IdentityModel.JsonWebTokens.JsonWebTokenHandler.ValidateSignature(JsonWebToken jwtToken, TokenValidationParameters validationParameters, BaseConfiguration configuration)
   at Microsoft.IdentityModel.JsonWebTokens.JsonWebTokenHandler.ValidateSignatureAndIssuerSecurityKey(JsonWebToken jsonWebToken, TokenValidationParameters validationParameters, BaseConfiguration configuration)
   at Microsoft.IdentityModel.JsonWebTokens.JsonWebTokenHandler.ValidateJWSAsync(JsonWebToken jsonWebToken, TokenValidationParameters validationParameters, BaseConfiguration configuration)
2026-09-05 17:32:23.484 +03:00 [INF] Bearer was not authenticated. Failure message: IDX10517: Signature validation failed. The token's kid is missing. Keys tried: 'Microsoft.IdentityModel.Tokens.SymmetricSecurityKey, KeyId: '', InternalId: 'VNGqhB7kZ75afXrNakqPyb1WYggzQUo6Cgi8Kx2i7Zs'. , KeyId: 
'. Number of keys in TokenValidationParameters: '1'. 
Number of keys in Configuration: '0'. 
Exceptions caught:
 '[PII of type 'System.Text.StringBuilder' is hidden. For more details, see https://aka.ms/IdentityModel/PII.]'.
token: '[PII of type 'Microsoft.IdentityModel.JsonWebTokens.JsonWebToken' is hidden. For more details, see https://aka.ms/IdentityModel/PII.]'. See https://aka.ms/IDX10503 for details.
2026-09-05 17:32:23.487 +03:00 [INF] Executing endpoint 'CMS.API.Controllers.TriageController.GetDoctorQueue (CMS.API)'
2026-09-05 17:32:23.489 +03:00 [INF] Route matched with {action = "GetDoctorQueue", controller = "Triage"}. Executing controller action with signature System.Threading.Tasks.Task`1[Microsoft.AspNetCore.Mvc.IActionResult] GetDoctorQueue(Int32, System.Nullable`1[System.DateTime]) on controller CMS.API.Controllers.TriageController (CMS.API).
2026-09-05 17:32:23.494 +03:00 [INF] Executing OkObjectResult, writing value of type 'CMS.Shared.DTOs.ApiResponse`1[[System.Object, System.Private.CoreLib, Version=8.0.0.0, Culture=neutral, PublicKeyToken=7cec85d7bea7798e]]'.
2026-09-05 17:32:23.499 +03:00 [INF] Executed action CMS.API.Controllers.TriageController.GetDoctorQueue (CMS.API) in 7.7649ms
2026-09-05 17:32:23.504 +03:00 [INF] Executed endpoint 'CMS.API.Controllers.TriageController.GetDoctorQueue (CMS.API)'
2026-09-05 17:32:23.506 +03:00 [INF] Request finished HTTP/1.1 GET http://localhost:5010/api/v1/triage/doctor/2?date=2026-09-05 - 200 null application/json; charset=utf-8 31.4137ms
2026-09-05 17:32:23.552 +03:00 [INF] Request starting HTTP/1.1 GET http://localhost:5010/api/v1/encounters/patient/13 - application/json null
2026-09-05 17:32:23.557 +03:00 [INF] Failed to validate the token.
Microsoft.IdentityModel.Tokens.SecurityTokenSignatureKeyNotFoundException: IDX10517: Signature validation failed. The token's kid is missing. Keys tried: 'Microsoft.IdentityModel.Tokens.SymmetricSecurityKey, KeyId: '', InternalId: 'VNGqhB7kZ75afXrNakqPyb1WYggzQUo6Cgi8Kx2i7Zs'. , KeyId: 
'. Number of keys in TokenValidationParameters: '1'. 
Number of keys in Configuration: '0'. 
Exceptions caught:
 '[PII of type 'System.Text.StringBuilder' is hidden. For more details, see https://aka.ms/IdentityModel/PII.]'.
token: '[PII of type 'Microsoft.IdentityModel.JsonWebTokens.JsonWebToken' is hidden. For more details, see https://aka.ms/IdentityModel/PII.]'. See https://aka.ms/IDX10503 for details.
   at Microsoft.IdentityModel.JsonWebTokens.JsonWebTokenHandler.ValidateSignature(JsonWebToken jwtToken, TokenValidationParameters validationParameters, BaseConfiguration configuration)
   at Microsoft.IdentityModel.JsonWebTokens.JsonWebTokenHandler.ValidateSignatureAndIssuerSecurityKey(JsonWebToken jsonWebToken, TokenValidationParameters validationParameters, BaseConfiguration configuration)
   at Microsoft.IdentityModel.JsonWebTokens.JsonWebTokenHandler.ValidateJWSAsync(JsonWebToken jsonWebToken, TokenValidationParameters validationParameters, BaseConfiguration configuration)
2026-09-05 17:32:23.561 +03:00 [INF] Bearer was not authenticated. Failure message: IDX10517: Signature validation failed. The token's kid is missing. Keys tried: 'Microsoft.IdentityModel.Tokens.SymmetricSecurityKey, KeyId: '', InternalId: 'VNGqhB7kZ75afXrNakqPyb1WYggzQUo6Cgi8Kx2i7Zs'. , KeyId: 
'. Number of keys in TokenValidationParameters: '1'. 
Number of keys in Configuration: '0'. 
Exceptions caught:
 '[PII of type 'System.Text.StringBuilder' is hidden. For more details, see https://aka.ms/IdentityModel/PII.]'.
token: '[PII of type 'Microsoft.IdentityModel.JsonWebTokens.JsonWebToken' is hidden. For more details, see https://aka.ms/IdentityModel/PII.]'. See https://aka.ms/IDX10503 for details.
2026-09-05 17:32:23.565 +03:00 [INF] Executing endpoint 'CMS.API.Controllers.EncountersController.GetPatientEncounters (CMS.API)'
2026-09-05 17:32:23.566 +03:00 [INF] Route matched with {action = "GetPatientEncounters", controller = "Encounters"}. Executing controller action with signature System.Threading.Tasks.Task`1[Microsoft.AspNetCore.Mvc.IActionResult] GetPatientEncounters(Int32) on controller CMS.API.Controllers.EncountersController (CMS.API).
2026-09-05 17:32:23.587 +03:00 [INF] Request starting HTTP/1.1 GET http://localhost:5010/api/v1/medicalcertificates/patient/13 - application/json null
2026-09-05 17:32:23.589 +03:00 [INF] Request starting HTTP/1.1 GET http://localhost:5010/api/v1/triage/patient/13/latest - application/json null
2026-09-05 17:32:23.593 +03:00 [INF] Failed to validate the token.
Microsoft.IdentityModel.Tokens.SecurityTokenSignatureKeyNotFoundException: IDX10517: Signature validation failed. The token's kid is missing. Keys tried: 'Microsoft.IdentityModel.Tokens.SymmetricSecurityKey, KeyId: '', InternalId: 'VNGqhB7kZ75afXrNakqPyb1WYggzQUo6Cgi8Kx2i7Zs'. , KeyId: 
'. Number of keys in TokenValidationParameters: '1'. 
Number of keys in Configuration: '0'. 
Exceptions caught:
 '[PII of type 'System.Text.StringBuilder' is hidden. For more details, see https://aka.ms/IdentityModel/PII.]'.
token: '[PII of type 'Microsoft.IdentityModel.JsonWebTokens.JsonWebToken' is hidden. For more details, see https://aka.ms/IdentityModel/PII.]'. See https://aka.ms/IDX10503 for details.
   at Microsoft.IdentityModel.JsonWebTokens.JsonWebTokenHandler.ValidateSignature(JsonWebToken jwtToken, TokenValidationParameters validationParameters, BaseConfiguration configuration)
   at Microsoft.IdentityModel.JsonWebTokens.JsonWebTokenHandler.ValidateSignatureAndIssuerSecurityKey(JsonWebToken jsonWebToken, TokenValidationParameters validationParameters, BaseConfiguration configuration)
   at Microsoft.IdentityModel.JsonWebTokens.JsonWebTokenHandler.ValidateJWSAsync(JsonWebToken jsonWebToken, TokenValidationParameters validationParameters, BaseConfiguration configuration)
2026-09-05 17:32:23.595 +03:00 [INF] Executing OkObjectResult, writing value of type 'CMS.Shared.DTOs.ApiResponse`1[[System.Collections.Generic.List`1[[CMS.Shared.DTOs.EncounterDto, CMS.Shared, Version=1.0.0.0, Culture=neutral, PublicKeyToken=null]], System.Private.CoreLib, Version=8.0.0.0, Culture=neutral, PublicKeyToken=7cec85d7bea7798e]]'.
2026-09-05 17:32:23.600 +03:00 [INF] Failed to validate the token.
Microsoft.IdentityModel.Tokens.SecurityTokenSignatureKeyNotFoundException: IDX10517: Signature validation failed. The token's kid is missing. Keys tried: 'Microsoft.IdentityModel.Tokens.SymmetricSecurityKey, KeyId: '', InternalId: 'VNGqhB7kZ75afXrNakqPyb1WYggzQUo6Cgi8Kx2i7Zs'. , KeyId: 
'. Number of keys in TokenValidationParameters: '1'. 
Number of keys in Configuration: '0'. 
Exceptions caught:
 '[PII of type 'System.Text.StringBuilder' is hidden. For more details, see https://aka.ms/IdentityModel/PII.]'.
token: '[PII of type 'Microsoft.IdentityModel.JsonWebTokens.JsonWebToken' is hidden. For more details, see https://aka.ms/IdentityModel/PII.]'. See https://aka.ms/IDX10503 for details.
   at Microsoft.IdentityModel.JsonWebTokens.JsonWebTokenHandler.ValidateSignature(JsonWebToken jwtToken, TokenValidationParameters validationParameters, BaseConfiguration configuration)
   at Microsoft.IdentityModel.JsonWebTokens.JsonWebTokenHandler.ValidateSignatureAndIssuerSecurityKey(JsonWebToken jsonWebToken, TokenValidationParameters validationParameters, BaseConfiguration configuration)
   at Microsoft.IdentityModel.JsonWebTokens.JsonWebTokenHandler.ValidateJWSAsync(JsonWebToken jsonWebToken, TokenValidationParameters validationParameters, BaseConfiguration configuration)
2026-09-05 17:32:23.602 +03:00 [INF] Bearer was not authenticated. Failure message: IDX10517: Signature validation failed. The token's kid is missing. Keys tried: 'Microsoft.IdentityModel.Tokens.SymmetricSecurityKey, KeyId: '', InternalId: 'VNGqhB7kZ75afXrNakqPyb1WYggzQUo6Cgi8Kx2i7Zs'. , KeyId: 
'. Number of keys in TokenValidationParameters: '1'. 
Number of keys in Configuration: '0'. 
Exceptions caught:
 '[PII of type 'System.Text.StringBuilder' is hidden. For more details, see https://aka.ms/IdentityModel/PII.]'.
token: '[PII of type 'Microsoft.IdentityModel.JsonWebTokens.JsonWebToken' is hidden. For more details, see https://aka.ms/IdentityModel/PII.]'. See https://aka.ms/IDX10503 for details.
2026-09-05 17:32:23.609 +03:00 [INF] Bearer was not authenticated. Failure message: IDX10517: Signature validation failed. The token's kid is missing. Keys tried: 'Microsoft.IdentityModel.Tokens.SymmetricSecurityKey, KeyId: '', InternalId: 'VNGqhB7kZ75afXrNakqPyb1WYggzQUo6Cgi8Kx2i7Zs'. , KeyId: 
'. Number of keys in TokenValidationParameters: '1'. 
Number of keys in Configuration: '0'. 
Exceptions caught:
 '[PII of type 'System.Text.StringBuilder' is hidden. For more details, see https://aka.ms/IdentityModel/PII.]'.
token: '[PII of type 'Microsoft.IdentityModel.JsonWebTokens.JsonWebToken' is hidden. For more details, see https://aka.ms/IdentityModel/PII.]'. See https://aka.ms/IDX10503 for details.
2026-09-05 17:32:23.604 +03:00 [INF] Executed action CMS.API.Controllers.EncountersController.GetPatientEncounters (CMS.API) in 35.3428ms
2026-09-05 17:32:23.618 +03:00 [INF] Executed endpoint 'CMS.API.Controllers.EncountersController.GetPatientEncounters (CMS.API)'
2026-09-05 17:32:23.619 +03:00 [INF] Request finished HTTP/1.1 GET http://localhost:5010/api/v1/encounters/patient/13 - 200 null application/json; charset=utf-8 66.2637ms
2026-09-05 17:32:23.616 +03:00 [INF] Executing endpoint 'CMS.API.Controllers.TriageController.GetLatestPatientVitals (CMS.API)'
2026-09-05 17:32:23.640 +03:00 [INF] Route matched with {action = "GetLatestPatientVitals", controller = "Triage"}. Executing controller action with signature System.Threading.Tasks.Task`1[Microsoft.AspNetCore.Mvc.IActionResult] GetLatestPatientVitals(Int32) on controller CMS.API.Controllers.TriageController (CMS.API).
2026-09-05 17:32:23.615 +03:00 [INF] Executing endpoint 'CMS.API.Controllers.MedicalCertificatesController.GetPatientCertificates (CMS.API)'
2026-09-05 17:32:23.664 +03:00 [INF] Route matched with {action = "GetPatientCertificates", controller = "MedicalCertificates"}. Executing controller action with signature System.Threading.Tasks.Task`1[Microsoft.AspNetCore.Mvc.IActionResult] GetPatientCertificates(Int32) on controller CMS.API.Controllers.MedicalCertificatesController (CMS.API).
2026-09-05 17:32:23.613 +03:00 [INF] Request starting HTTP/1.1 GET http://localhost:5010/api/v1/encounters/patient/13 - application/json null
2026-09-05 17:32:23.680 +03:00 [INF] Executing OkObjectResult, writing value of type 'CMS.Shared.DTOs.ApiResponse`1[[CMS.Shared.DTOs.TriageDto, CMS.Shared, Version=1.0.0.0, Culture=neutral, PublicKeyToken=null]]'.
2026-09-05 17:32:23.785 +03:00 [INF] Executing OkObjectResult, writing value of type 'CMS.Shared.DTOs.ApiResponse`1[[System.Collections.Generic.List`1[[CMS.Shared.DTOs.MedicalCertificateDto, CMS.Shared, Version=1.0.0.0, Culture=neutral, PublicKeyToken=null]], System.Private.CoreLib, Version=8.0.0.0, Culture=neutral, PublicKeyToken=7cec85d7bea7798e]]'.
2026-09-05 17:32:23.793 +03:00 [INF] Executed action CMS.API.Controllers.MedicalCertificatesController.GetPatientCertificates (CMS.API) in 12.1351ms
2026-09-05 17:32:23.790 +03:00 [INF] Executed action CMS.API.Controllers.TriageController.GetLatestPatientVitals (CMS.API) in 136.6381ms
2026-09-05 17:32:23.788 +03:00 [INF] Failed to validate the token.
Microsoft.IdentityModel.Tokens.SecurityTokenSignatureKeyNotFoundException: IDX10517: Signature validation failed. The token's kid is missing. Keys tried: 'Microsoft.IdentityModel.Tokens.SymmetricSecurityKey, KeyId: '', InternalId: 'VNGqhB7kZ75afXrNakqPyb1WYggzQUo6Cgi8Kx2i7Zs'. , KeyId: 
'. Number of keys in TokenValidationParameters: '1'. 
Number of keys in Configuration: '0'. 
Exceptions caught:
 '[PII of type 'System.Text.StringBuilder' is hidden. For more details, see https://aka.ms/IdentityModel/PII.]'.
token: '[PII of type 'Microsoft.IdentityModel.JsonWebTokens.JsonWebToken' is hidden. For more details, see https://aka.ms/IdentityModel/PII.]'. See https://aka.ms/IDX10503 for details.
   at Microsoft.IdentityModel.JsonWebTokens.JsonWebTokenHandler.ValidateSignature(JsonWebToken jwtToken, TokenValidationParameters validationParameters, BaseConfiguration configuration)
   at Microsoft.IdentityModel.JsonWebTokens.JsonWebTokenHandler.ValidateSignatureAndIssuerSecurityKey(JsonWebToken jsonWebToken, TokenValidationParameters validationParameters, BaseConfiguration configuration)
   at Microsoft.IdentityModel.JsonWebTokens.JsonWebTokenHandler.ValidateJWSAsync(JsonWebToken jsonWebToken, TokenValidationParameters validationParameters, BaseConfiguration configuration)
2026-09-05 17:32:23.804 +03:00 [INF] Executed endpoint 'CMS.API.Controllers.MedicalCertificatesController.GetPatientCertificates (CMS.API)'
2026-09-05 17:32:23.806 +03:00 [INF] Executed endpoint 'CMS.API.Controllers.TriageController.GetLatestPatientVitals (CMS.API)'
2026-09-05 17:32:23.812 +03:00 [INF] Bearer was not authenticated. Failure message: IDX10517: Signature validation failed. The token's kid is missing. Keys tried: 'Microsoft.IdentityModel.Tokens.SymmetricSecurityKey, KeyId: '', InternalId: 'VNGqhB7kZ75afXrNakqPyb1WYggzQUo6Cgi8Kx2i7Zs'. , KeyId: 
'. Number of keys in TokenValidationParameters: '1'. 
Number of keys in Configuration: '0'. 
Exceptions caught:
 '[PII of type 'System.Text.StringBuilder' is hidden. For more details, see https://aka.ms/IdentityModel/PII.]'.
token: '[PII of type 'Microsoft.IdentityModel.JsonWebTokens.JsonWebToken' is hidden. For more details, see https://aka.ms/IdentityModel/PII.]'. See https://aka.ms/IDX10503 for details.
2026-09-05 17:32:23.816 +03:00 [INF] Request finished HTTP/1.1 GET http://localhost:5010/api/v1/medicalcertificates/patient/13 - 200 null application/json; charset=utf-8 228.3343ms
2026-09-05 17:32:23.820 +03:00 [INF] Request finished HTTP/1.1 GET http://localhost:5010/api/v1/triage/patient/13/latest - 200 null application/json; charset=utf-8 231.7635ms
2026-09-05 17:32:23.823 +03:00 [INF] Executing endpoint 'CMS.API.Controllers.EncountersController.GetPatientEncounters (CMS.API)'
2026-09-05 17:32:23.849 +03:00 [INF] Route matched with {action = "GetPatientEncounters", controller = "Encounters"}. Executing controller action with signature System.Threading.Tasks.Task`1[Microsoft.AspNetCore.Mvc.IActionResult] GetPatientEncounters(Int32) on controller CMS.API.Controllers.EncountersController (CMS.API).
2026-09-05 17:32:23.854 +03:00 [INF] Executing OkObjectResult, writing value of type 'CMS.Shared.DTOs.ApiResponse`1[[System.Collections.Generic.List`1[[CMS.Shared.DTOs.EncounterDto, CMS.Shared, Version=1.0.0.0, Culture=neutral, PublicKeyToken=null]], System.Private.CoreLib, Version=8.0.0.0, Culture=neutral, PublicKeyToken=7cec85d7bea7798e]]'.
2026-09-05 17:32:23.856 +03:00 [INF] Executed action CMS.API.Controllers.EncountersController.GetPatientEncounters (CMS.API) in 3.7594ms
2026-09-05 17:32:23.859 +03:00 [INF] Executed endpoint 'CMS.API.Controllers.EncountersController.GetPatientEncounters (CMS.API)'
2026-09-05 17:32:23.866 +03:00 [INF] Request finished HTTP/1.1 GET http://localhost:5010/api/v1/encounters/patient/13 - 200 null application/json; charset=utf-8 252.2523ms
2026-09-05 17:32:24.121 +03:00 [INF] Request starting HTTP/1.1 GET http://localhost:5010/api/v1/medicalcertificates/patient/13 - application/json null
2026-09-05 17:32:24.121 +03:00 [INF] Request starting HTTP/1.1 GET http://localhost:5010/api/v1/triage/patient/13/latest - application/json null
2026-09-05 17:32:24.133 +03:00 [INF] Failed to validate the token.
Microsoft.IdentityModel.Tokens.SecurityTokenSignatureKeyNotFoundException: IDX10517: Signature validation failed. The token's kid is missing. Keys tried: 'Microsoft.IdentityModel.Tokens.SymmetricSecurityKey, KeyId: '', InternalId: 'VNGqhB7kZ75afXrNakqPyb1WYggzQUo6Cgi8Kx2i7Zs'. , KeyId: 
'. Number of keys in TokenValidationParameters: '1'. 
Number of keys in Configuration: '0'. 
Exceptions caught:
 '[PII of type 'System.Text.StringBuilder' is hidden. For more details, see https://aka.ms/IdentityModel/PII.]'.
token: '[PII of type 'Microsoft.IdentityModel.JsonWebTokens.JsonWebToken' is hidden. For more details, see https://aka.ms/IdentityModel/PII.]'. See https://aka.ms/IDX10503 for details.
   at Microsoft.IdentityModel.JsonWebTokens.JsonWebTokenHandler.ValidateSignature(JsonWebToken jwtToken, TokenValidationParameters validationParameters, BaseConfiguration configuration)
   at Microsoft.IdentityModel.JsonWebTokens.JsonWebTokenHandler.ValidateSignatureAndIssuerSecurityKey(JsonWebToken jsonWebToken, TokenValidationParameters validationParameters, BaseConfiguration configuration)
   at Microsoft.IdentityModel.JsonWebTokens.JsonWebTokenHandler.ValidateJWSAsync(JsonWebToken jsonWebToken, TokenValidationParameters validationParameters, BaseConfiguration configuration)
2026-09-05 17:32:24.137 +03:00 [INF] Failed to validate the token.
Microsoft.IdentityModel.Tokens.SecurityTokenSignatureKeyNotFoundException: IDX10517: Signature validation failed. The token's kid is missing. Keys tried: 'Microsoft.IdentityModel.Tokens.SymmetricSecurityKey, KeyId: '', InternalId: 'VNGqhB7kZ75afXrNakqPyb1WYggzQUo6Cgi8Kx2i7Zs'. , KeyId: 
'. Number of keys in TokenValidationParameters: '1'. 
Number of keys in Configuration: '0'. 
Exceptions caught:
 '[PII of type 'System.Text.StringBuilder' is hidden. For more details, see https://aka.ms/IdentityModel/PII.]'.
token: '[PII of type 'Microsoft.IdentityModel.JsonWebTokens.JsonWebToken' is hidden. For more details, see https://aka.ms/IdentityModel/PII.]'. See https://aka.ms/IDX10503 for details.
   at Microsoft.IdentityModel.JsonWebTokens.JsonWebTokenHandler.ValidateSignature(JsonWebToken jwtToken, TokenValidationParameters validationParameters, BaseConfiguration configuration)
   at Microsoft.IdentityModel.JsonWebTokens.JsonWebTokenHandler.ValidateSignatureAndIssuerSecurityKey(JsonWebToken jsonWebToken, TokenValidationParameters validationParameters, BaseConfiguration configuration)
   at Microsoft.IdentityModel.JsonWebTokens.JsonWebTokenHandler.ValidateJWSAsync(JsonWebToken jsonWebToken, TokenValidationParameters validationParameters, BaseConfiguration configuration)
2026-09-05 17:32:24.140 +03:00 [INF] Bearer was not authenticated. Failure message: IDX10517: Signature validation failed. The token's kid is missing. Keys tried: 'Microsoft.IdentityModel.Tokens.SymmetricSecurityKey, KeyId: '', InternalId: 'VNGqhB7kZ75afXrNakqPyb1WYggzQUo6Cgi8Kx2i7Zs'. , KeyId: 
'. Number of keys in TokenValidationParameters: '1'. 
Number of keys in Configuration: '0'. 
Exceptions caught:
 '[PII of type 'System.Text.StringBuilder' is hidden. For more details, see https://aka.ms/IdentityModel/PII.]'.
token: '[PII of type 'Microsoft.IdentityModel.JsonWebTokens.JsonWebToken' is hidden. For more details, see https://aka.ms/IdentityModel/PII.]'. See https://aka.ms/IDX10503 for details.
2026-09-05 17:32:24.144 +03:00 [INF] Bearer was not authenticated. Failure message: IDX10517: Signature validation failed. The token's kid is missing. Keys tried: 'Microsoft.IdentityModel.Tokens.SymmetricSecurityKey, KeyId: '', InternalId: 'VNGqhB7kZ75afXrNakqPyb1WYggzQUo6Cgi8Kx2i7Zs'. , KeyId: 
'. Number of keys in TokenValidationParameters: '1'. 
Number of keys in Configuration: '0'. 
Exceptions caught:
 '[PII of type 'System.Text.StringBuilder' is hidden. For more details, see https://aka.ms/IdentityModel/PII.]'.
token: '[PII of type 'Microsoft.IdentityModel.JsonWebTokens.JsonWebToken' is hidden. For more details, see https://aka.ms/IdentityModel/PII.]'. See https://aka.ms/IDX10503 for details.
2026-09-05 17:32:24.148 +03:00 [INF] Executing endpoint 'CMS.API.Controllers.MedicalCertificatesController.GetPatientCertificates (CMS.API)'
2026-09-05 17:32:24.150 +03:00 [INF] Executing endpoint 'CMS.API.Controllers.TriageController.GetLatestPatientVitals (CMS.API)'
2026-09-05 17:32:24.152 +03:00 [INF] Route matched with {action = "GetPatientCertificates", controller = "MedicalCertificates"}. Executing controller action with signature System.Threading.Tasks.Task`1[Microsoft.AspNetCore.Mvc.IActionResult] GetPatientCertificates(Int32) on controller CMS.API.Controllers.MedicalCertificatesController (CMS.API).
2026-09-05 17:32:24.154 +03:00 [INF] Route matched with {action = "GetLatestPatientVitals", controller = "Triage"}. Executing controller action with signature System.Threading.Tasks.Task`1[Microsoft.AspNetCore.Mvc.IActionResult] GetLatestPatientVitals(Int32) on controller CMS.API.Controllers.TriageController (CMS.API).
2026-09-05 17:32:24.158 +03:00 [INF] Executing OkObjectResult, writing value of type 'CMS.Shared.DTOs.ApiResponse`1[[System.Collections.Generic.List`1[[CMS.Shared.DTOs.MedicalCertificateDto, CMS.Shared, Version=1.0.0.0, Culture=neutral, PublicKeyToken=null]], System.Private.CoreLib, Version=8.0.0.0, Culture=neutral, PublicKeyToken=7cec85d7bea7798e]]'.
2026-09-05 17:32:24.162 +03:00 [INF] Executed action CMS.API.Controllers.MedicalCertificatesController.GetPatientCertificates (CMS.API) in 5.619ms
2026-09-05 17:32:24.163 +03:00 [INF] Executing OkObjectResult, writing value of type 'CMS.Shared.DTOs.ApiResponse`1[[CMS.Shared.DTOs.TriageDto, CMS.Shared, Version=1.0.0.0, Culture=neutral, PublicKeyToken=null]]'.
2026-09-05 17:32:24.165 +03:00 [INF] Executed endpoint 'CMS.API.Controllers.MedicalCertificatesController.GetPatientCertificates (CMS.API)'
2026-09-05 17:32:24.167 +03:00 [INF] Executed action CMS.API.Controllers.TriageController.GetLatestPatientVitals (CMS.API) in 8.678ms
2026-09-05 17:32:24.174 +03:00 [INF] Executed endpoint 'CMS.API.Controllers.TriageController.GetLatestPatientVitals (CMS.API)'
2026-09-05 17:32:24.170 +03:00 [INF] Request finished HTTP/1.1 GET http://localhost:5010/api/v1/medicalcertificates/patient/13 - 200 null application/json; charset=utf-8 49.0546ms
2026-09-05 17:32:24.175 +03:00 [INF] Request finished HTTP/1.1 GET http://localhost:5010/api/v1/triage/patient/13/latest - 200 null application/json; charset=utf-8 54.4172ms
2026-09-05 17:32:33.245 +03:00 [INF] Request starting HTTP/1.1 GET http://localhost:5010/api/v1/triage/queue?date=2026-09-05 - application/json null
2026-09-05 17:32:33.245 +03:00 [INF] Request starting HTTP/1.1 GET http://localhost:5010/api/v1/staff/doctors - application/json null
2026-09-05 17:32:33.245 +03:00 [INF] Request starting HTTP/1.1 GET http://localhost:5010/api/v1/patients/search - application/json null
2026-09-05 17:32:33.251 +03:00 [INF] Executing endpoint 'CMS.API.Controllers.TriageController.GetQueue (CMS.API)'
2026-09-05 17:32:33.257 +03:00 [INF] Executing endpoint 'CMS.API.Controllers.StaffController.GetDoctors (CMS.API)'
2026-09-05 17:32:33.262 +03:00 [INF] Executing endpoint 'CMS.API.Controllers.PatientsController.Search (CMS.API)'
2026-09-05 17:32:33.264 +03:00 [INF] Route matched with {action = "GetQueue", controller = "Triage"}. Executing controller action with signature System.Threading.Tasks.Task`1[Microsoft.AspNetCore.Mvc.IActionResult] GetQueue(System.String, System.Nullable`1[System.DateTime]) on controller CMS.API.Controllers.TriageController (CMS.API).
2026-09-05 17:32:33.266 +03:00 [INF] Route matched with {action = "GetDoctors", controller = "Staff"}. Executing controller action with signature System.Threading.Tasks.Task`1[Microsoft.AspNetCore.Mvc.IActionResult] GetDoctors() on controller CMS.API.Controllers.StaffController (CMS.API).
2026-09-05 17:32:33.268 +03:00 [INF] Route matched with {action = "Search", controller = "Patients"}. Executing controller action with signature System.Threading.Tasks.Task`1[Microsoft.AspNetCore.Mvc.IActionResult] Search(System.String, Int32) on controller CMS.API.Controllers.PatientsController (CMS.API).
2026-09-05 17:32:33.275 +03:00 [INF] Executing OkObjectResult, writing value of type 'CMS.Shared.DTOs.ApiResponse`1[[System.Collections.Generic.List`1[[CMS.Shared.DTOs.DoctorDto, CMS.Shared, Version=1.0.0.0, Culture=neutral, PublicKeyToken=null]], System.Private.CoreLib, Version=8.0.0.0, Culture=neutral, PublicKeyToken=7cec85d7bea7798e]]'.
2026-09-05 17:32:33.282 +03:00 [INF] Executed action CMS.API.Controllers.StaffController.GetDoctors (CMS.API) in 7.6468ms
2026-09-05 17:32:33.283 +03:00 [INF] Executing OkObjectResult, writing value of type 'CMS.Shared.DTOs.ApiResponse`1[[System.Collections.Generic.List`1[[CMS.Shared.DTOs.PatientDto, CMS.Shared, Version=1.0.0.0, Culture=neutral, PublicKeyToken=null]], System.Private.CoreLib, Version=8.0.0.0, Culture=neutral, PublicKeyToken=7cec85d7bea7798e]]'.
2026-09-05 17:32:33.286 +03:00 [INF] Executed endpoint 'CMS.API.Controllers.StaffController.GetDoctors (CMS.API)'
2026-09-05 17:32:33.288 +03:00 [INF] Executed action CMS.API.Controllers.PatientsController.Search (CMS.API) in 9.4674ms
2026-09-05 17:32:33.290 +03:00 [INF] Request finished HTTP/1.1 GET http://localhost:5010/api/v1/staff/doctors - 200 null application/json; charset=utf-8 45.2632ms
2026-09-05 17:32:33.297 +03:00 [INF] Executed endpoint 'CMS.API.Controllers.PatientsController.Search (CMS.API)'
2026-09-05 17:32:33.300 +03:00 [INF] Executing OkObjectResult, writing value of type 'CMS.Shared.DTOs.ApiResponse`1[[System.Collections.Generic.List`1[[CMS.Shared.DTOs.TriageDto, CMS.Shared, Version=1.0.0.0, Culture=neutral, PublicKeyToken=null]], System.Private.CoreLib, Version=8.0.0.0, Culture=neutral, PublicKeyToken=7cec85d7bea7798e]]'.
2026-09-05 17:32:33.304 +03:00 [INF] Request finished HTTP/1.1 GET http://localhost:5010/api/v1/patients/search - 200 null application/json; charset=utf-8 59.2421ms
2026-09-05 17:32:33.307 +03:00 [INF] Executed action CMS.API.Controllers.TriageController.GetQueue (CMS.API) in 35.9393ms
2026-09-05 17:32:33.317 +03:00 [INF] Executed endpoint 'CMS.API.Controllers.TriageController.GetQueue (CMS.API)'
2026-09-05 17:32:33.318 +03:00 [INF] Request finished HTTP/1.1 GET http://localhost:5010/api/v1/triage/queue?date=2026-09-05 - 200 null application/json; charset=utf-8 73.8413ms
2026-09-05 17:32:33.502 +03:00 [INF] Request starting HTTP/1.1 GET http://localhost:5010/api/v1/staff/doctors - application/json null
2026-09-05 17:32:33.507 +03:00 [INF] Executing endpoint 'CMS.API.Controllers.StaffController.GetDoctors (CMS.API)'
2026-09-05 17:32:33.509 +03:00 [INF] Route matched with {action = "GetDoctors", controller = "Staff"}. Executing controller action with signature System.Threading.Tasks.Task`1[Microsoft.AspNetCore.Mvc.IActionResult] GetDoctors() on controller CMS.API.Controllers.StaffController (CMS.API).
2026-09-05 17:32:33.517 +03:00 [INF] Executing OkObjectResult, writing value of type 'CMS.Shared.DTOs.ApiResponse`1[[System.Collections.Generic.List`1[[CMS.Shared.DTOs.DoctorDto, CMS.Shared, Version=1.0.0.0, Culture=neutral, PublicKeyToken=null]], System.Private.CoreLib, Version=8.0.0.0, Culture=neutral, PublicKeyToken=7cec85d7bea7798e]]'.
2026-09-05 17:32:33.520 +03:00 [INF] Executed action CMS.API.Controllers.StaffController.GetDoctors (CMS.API) in 3.6487ms
2026-09-05 17:32:33.523 +03:00 [INF] Executed endpoint 'CMS.API.Controllers.StaffController.GetDoctors (CMS.API)'
2026-09-05 17:32:33.524 +03:00 [INF] Request finished HTTP/1.1 GET http://localhost:5010/api/v1/staff/doctors - 200 null application/json; charset=utf-8 21.8755ms
2026-09-05 17:32:33.598 +03:00 [INF] Request starting HTTP/1.1 GET http://localhost:5010/api/v1/patients/search - application/json null
2026-09-05 17:32:33.598 +03:00 [INF] Request starting HTTP/1.1 GET http://localhost:5010/api/v1/triage/queue?date=2026-09-05 - application/json null
2026-09-05 17:32:33.602 +03:00 [INF] Executing endpoint 'CMS.API.Controllers.PatientsController.Search (CMS.API)'
2026-09-05 17:32:33.607 +03:00 [INF] Executing endpoint 'CMS.API.Controllers.TriageController.GetQueue (CMS.API)'
2026-09-05 17:32:33.608 +03:00 [INF] Route matched with {action = "Search", controller = "Patients"}. Executing controller action with signature System.Threading.Tasks.Task`1[Microsoft.AspNetCore.Mvc.IActionResult] Search(System.String, Int32) on controller CMS.API.Controllers.PatientsController (CMS.API).
2026-09-05 17:32:33.611 +03:00 [INF] Route matched with {action = "GetQueue", controller = "Triage"}. Executing controller action with signature System.Threading.Tasks.Task`1[Microsoft.AspNetCore.Mvc.IActionResult] GetQueue(System.String, System.Nullable`1[System.DateTime]) on controller CMS.API.Controllers.TriageController (CMS.API).
2026-09-05 17:32:33.617 +03:00 [INF] Executing OkObjectResult, writing value of type 'CMS.Shared.DTOs.ApiResponse`1[[System.Collections.Generic.List`1[[CMS.Shared.DTOs.PatientDto, CMS.Shared, Version=1.0.0.0, Culture=neutral, PublicKeyToken=null]], System.Private.CoreLib, Version=8.0.0.0, Culture=neutral, PublicKeyToken=7cec85d7bea7798e]]'.
2026-09-05 17:32:33.619 +03:00 [INF] Executing OkObjectResult, writing value of type 'CMS.Shared.DTOs.ApiResponse`1[[System.Collections.Generic.List`1[[CMS.Shared.DTOs.TriageDto, CMS.Shared, Version=1.0.0.0, Culture=neutral, PublicKeyToken=null]], System.Private.CoreLib, Version=8.0.0.0, Culture=neutral, PublicKeyToken=7cec85d7bea7798e]]'.
2026-09-05 17:32:33.620 +03:00 [INF] Executed action CMS.API.Controllers.PatientsController.Search (CMS.API) in 4.8869ms
2026-09-05 17:32:33.636 +03:00 [INF] Executed endpoint 'CMS.API.Controllers.PatientsController.Search (CMS.API)'
2026-09-05 17:32:33.641 +03:00 [INF] Request finished HTTP/1.1 GET http://localhost:5010/api/v1/patients/search - 200 null application/json; charset=utf-8 42.7441ms
2026-09-05 17:32:33.631 +03:00 [INF] Executed action CMS.API.Controllers.TriageController.GetQueue (CMS.API) in 13.272ms
2026-09-05 17:32:33.660 +03:00 [INF] Executed endpoint 'CMS.API.Controllers.TriageController.GetQueue (CMS.API)'
2026-09-05 17:32:33.664 +03:00 [INF] Request finished HTTP/1.1 GET http://localhost:5010/api/v1/triage/queue?date=2026-09-05 - 200 null application/json; charset=utf-8 65.6764ms
2026-09-05 17:32:36.770 +03:00 [INF] Request starting HTTP/1.1 GET http://localhost:5010/api/v1/encounters/patient/19 - application/json null
2026-09-05 17:32:36.982 +03:00 [INF] Executing endpoint 'CMS.API.Controllers.EncountersController.GetPatientEncounters (CMS.API)'
2026-09-05 17:32:36.987 +03:00 [INF] Route matched with {action = "GetPatientEncounters", controller = "Encounters"}. Executing controller action with signature System.Threading.Tasks.Task`1[Microsoft.AspNetCore.Mvc.IActionResult] GetPatientEncounters(Int32) on controller CMS.API.Controllers.EncountersController (CMS.API).
2026-09-05 17:32:36.997 +03:00 [INF] Executing OkObjectResult, writing value of type 'CMS.Shared.DTOs.ApiResponse`1[[System.Collections.Generic.List`1[[CMS.Shared.DTOs.EncounterDto, CMS.Shared, Version=1.0.0.0, Culture=neutral, PublicKeyToken=null]], System.Private.CoreLib, Version=8.0.0.0, Culture=neutral, PublicKeyToken=7cec85d7bea7798e]]'.
2026-09-05 17:32:37.004 +03:00 [INF] Executed action CMS.API.Controllers.EncountersController.GetPatientEncounters (CMS.API) in 9.1902ms
2026-09-05 17:32:37.010 +03:00 [INF] Executed endpoint 'CMS.API.Controllers.EncountersController.GetPatientEncounters (CMS.API)'
2026-09-05 17:32:37.014 +03:00 [INF] Request finished HTTP/1.1 GET http://localhost:5010/api/v1/encounters/patient/19 - 200 null application/json; charset=utf-8 243.8974ms
2026-09-05 17:32:44.872 +03:00 [INF] Request starting HTTP/1.1 POST http://localhost:5010/api/v1/triage/assign-doctor - application/json 174
2026-09-05 17:32:44.878 +03:00 [INF] CORS policy execution successful.
2026-09-05 17:32:44.881 +03:00 [INF] Executing endpoint 'CMS.API.Controllers.TriageController.AssignDoctor (CMS.API)'
2026-09-05 17:32:44.891 +03:00 [INF] Route matched with {action = "AssignDoctor", controller = "Triage"}. Executing controller action with signature System.Threading.Tasks.Task`1[Microsoft.AspNetCore.Mvc.IActionResult] AssignDoctor(CMS.Shared.DTOs.AssignDoctorDto) on controller CMS.API.Controllers.TriageController (CMS.API).
2026-09-05 17:32:44.921 +03:00 [INF] Executing OkObjectResult, writing value of type 'CMS.Shared.DTOs.ApiResponse`1[[System.String, System.Private.CoreLib, Version=8.0.0.0, Culture=neutral, PublicKeyToken=7cec85d7bea7798e]]'.
2026-09-05 17:32:44.923 +03:00 [INF] Executed action CMS.API.Controllers.TriageController.AssignDoctor (CMS.API) in 27.9575ms
2026-09-05 17:32:44.926 +03:00 [INF] Executed endpoint 'CMS.API.Controllers.TriageController.AssignDoctor (CMS.API)'
2026-09-05 17:32:44.929 +03:00 [INF] Request finished HTTP/1.1 POST http://localhost:5010/api/v1/triage/assign-doctor - 200 null application/json; charset=utf-8 56.7694ms
2026-09-05 17:32:45.142 +03:00 [INF] Request starting HTTP/1.1 POST http://localhost:5010/api/v1/billing/invoices - application/json 203
2026-09-05 17:32:45.147 +03:00 [INF] CORS policy execution successful.
2026-09-05 17:32:45.148 +03:00 [INF] Executing endpoint 'CMS.API.Controllers.BillingController.CreateInvoice (CMS.API)'
2026-09-05 17:32:45.157 +03:00 [INF] Route matched with {action = "CreateInvoice", controller = "Billing"}. Executing controller action with signature System.Threading.Tasks.Task`1[Microsoft.AspNetCore.Mvc.IActionResult] CreateInvoice(CMS.Shared.DTOs.CreateInvoiceDto) on controller CMS.API.Controllers.BillingController (CMS.API).
2026-09-05 17:32:45.244 +03:00 [INF] Executing OkObjectResult, writing value of type 'CMS.Shared.DTOs.ApiResponse`1[[System.Object, System.Private.CoreLib, Version=8.0.0.0, Culture=neutral, PublicKeyToken=7cec85d7bea7798e]]'.
2026-09-05 17:32:45.253 +03:00 [INF] Executed action CMS.API.Controllers.BillingController.CreateInvoice (CMS.API) in 87.9856ms
2026-09-05 17:32:45.256 +03:00 [INF] Executed endpoint 'CMS.API.Controllers.BillingController.CreateInvoice (CMS.API)'
2026-09-05 17:32:45.258 +03:00 [INF] Request finished HTTP/1.1 POST http://localhost:5010/api/v1/billing/invoices - 200 null application/json; charset=utf-8 115.9243ms
2026-09-05 17:32:45.270 +03:00 [INF] Request starting HTTP/1.1 GET http://localhost:5010/api/v1/triage/queue?date=2026-09-05 - application/json null
2026-09-05 17:32:45.283 +03:00 [INF] Executing endpoint 'CMS.API.Controllers.TriageController.GetQueue (CMS.API)'
2026-09-05 17:32:45.285 +03:00 [INF] Route matched with {action = "GetQueue", controller = "Triage"}. Executing controller action with signature System.Threading.Tasks.Task`1[Microsoft.AspNetCore.Mvc.IActionResult] GetQueue(System.String, System.Nullable`1[System.DateTime]) on controller CMS.API.Controllers.TriageController (CMS.API).
2026-09-05 17:32:45.289 +03:00 [INF] Executing OkObjectResult, writing value of type 'CMS.Shared.DTOs.ApiResponse`1[[System.Collections.Generic.List`1[[CMS.Shared.DTOs.TriageDto, CMS.Shared, Version=1.0.0.0, Culture=neutral, PublicKeyToken=null]], System.Private.CoreLib, Version=8.0.0.0, Culture=neutral, PublicKeyToken=7cec85d7bea7798e]]'.
2026-09-05 17:32:45.291 +03:00 [INF] Executed action CMS.API.Controllers.TriageController.GetQueue (CMS.API) in 4.0199ms
2026-09-05 17:32:45.297 +03:00 [INF] Executed endpoint 'CMS.API.Controllers.TriageController.GetQueue (CMS.API)'
2026-09-05 17:32:45.299 +03:00 [INF] Request finished HTTP/1.1 GET http://localhost:5010/api/v1/triage/queue?date=2026-09-05 - 200 null application/json; charset=utf-8 28.0423ms
2026-09-05 17:32:45.580 +03:00 [INF] Request starting HTTP/1.1 GET http://localhost:5010/api/v1/staff/doctors - application/json null
2026-09-05 17:32:45.580 +03:00 [INF] Request starting HTTP/1.1 GET http://localhost:5010/api/v1/patients/search - application/json null
2026-09-05 17:32:45.587 +03:00 [INF] Executing endpoint 'CMS.API.Controllers.StaffController.GetDoctors (CMS.API)'
2026-09-05 17:32:45.596 +03:00 [INF] Executing endpoint 'CMS.API.Controllers.PatientsController.Search (CMS.API)'
2026-09-05 17:32:45.598 +03:00 [INF] Route matched with {action = "GetDoctors", controller = "Staff"}. Executing controller action with signature System.Threading.Tasks.Task`1[Microsoft.AspNetCore.Mvc.IActionResult] GetDoctors() on controller CMS.API.Controllers.StaffController (CMS.API).
2026-09-05 17:32:45.599 +03:00 [INF] Route matched with {action = "Search", controller = "Patients"}. Executing controller action with signature System.Threading.Tasks.Task`1[Microsoft.AspNetCore.Mvc.IActionResult] Search(System.String, Int32) on controller CMS.API.Controllers.PatientsController (CMS.API).
2026-09-05 17:32:45.603 +03:00 [INF] Executing OkObjectResult, writing value of type 'CMS.Shared.DTOs.ApiResponse`1[[System.Collections.Generic.List`1[[CMS.Shared.DTOs.DoctorDto, CMS.Shared, Version=1.0.0.0, Culture=neutral, PublicKeyToken=null]], System.Private.CoreLib, Version=8.0.0.0, Culture=neutral, PublicKeyToken=7cec85d7bea7798e]]'.
2026-09-05 17:32:45.607 +03:00 [INF] Executing OkObjectResult, writing value of type 'CMS.Shared.DTOs.ApiResponse`1[[System.Collections.Generic.List`1[[CMS.Shared.DTOs.PatientDto, CMS.Shared, Version=1.0.0.0, Culture=neutral, PublicKeyToken=null]], System.Private.CoreLib, Version=8.0.0.0, Culture=neutral, PublicKeyToken=7cec85d7bea7798e]]'.
2026-09-05 17:32:45.607 +03:00 [INF] Executed action CMS.API.Controllers.StaffController.GetDoctors (CMS.API) in 5.3887ms
2026-09-05 17:32:45.610 +03:00 [INF] Executed action CMS.API.Controllers.PatientsController.Search (CMS.API) in 4.5653ms
2026-09-05 17:32:45.615 +03:00 [INF] Executed endpoint 'CMS.API.Controllers.StaffController.GetDoctors (CMS.API)'
2026-09-05 17:32:45.617 +03:00 [INF] Executed endpoint 'CMS.API.Controllers.PatientsController.Search (CMS.API)'
2026-09-05 17:32:45.618 +03:00 [INF] Request finished HTTP/1.1 GET http://localhost:5010/api/v1/staff/doctors - 200 null application/json; charset=utf-8 38.4116ms
2026-09-05 17:32:45.623 +03:00 [INF] Request finished HTTP/1.1 GET http://localhost:5010/api/v1/patients/search - 200 null application/json; charset=utf-8 42.632ms
2026-09-05 17:33:12.464 +03:00 [INF] Request starting HTTP/1.1 GET http://localhost:5010/api/v1/dashboard/metrics - null null
2026-09-05 17:33:12.508 +03:00 [INF] Failed to validate the token.
Microsoft.IdentityModel.Tokens.SecurityTokenSignatureKeyNotFoundException: IDX10517: Signature validation failed. The token's kid is missing. Keys tried: 'Microsoft.IdentityModel.Tokens.SymmetricSecurityKey, KeyId: '', InternalId: 'VNGqhB7kZ75afXrNakqPyb1WYggzQUo6Cgi8Kx2i7Zs'. , KeyId: 
'. Number of keys in TokenValidationParameters: '1'. 
Number of keys in Configuration: '0'. 
Exceptions caught:
 '[PII of type 'System.Text.StringBuilder' is hidden. For more details, see https://aka.ms/IdentityModel/PII.]'.
token: '[PII of type 'Microsoft.IdentityModel.JsonWebTokens.JsonWebToken' is hidden. For more details, see https://aka.ms/IdentityModel/PII.]'. See https://aka.ms/IDX10503 for details.
   at Microsoft.IdentityModel.JsonWebTokens.JsonWebTokenHandler.ValidateSignature(JsonWebToken jwtToken, TokenValidationParameters validationParameters, BaseConfiguration configuration)
   at Microsoft.IdentityModel.JsonWebTokens.JsonWebTokenHandler.ValidateSignatureAndIssuerSecurityKey(JsonWebToken jsonWebToken, TokenValidationParameters validationParameters, BaseConfiguration configuration)
   at Microsoft.IdentityModel.JsonWebTokens.JsonWebTokenHandler.ValidateJWSAsync(JsonWebToken jsonWebToken, TokenValidationParameters validationParameters, BaseConfiguration configuration)
2026-09-05 17:33:12.641 +03:00 [INF] Request starting HTTP/1.1 GET http://localhost:5010/api/v1/settings - null null
2026-09-05 17:33:12.659 +03:00 [INF] Bearer was not authenticated. Failure message: IDX10517: Signature validation failed. The token's kid is missing. Keys tried: 'Microsoft.IdentityModel.Tokens.SymmetricSecurityKey, KeyId: '', InternalId: 'VNGqhB7kZ75afXrNakqPyb1WYggzQUo6Cgi8Kx2i7Zs'. , KeyId: 
'. Number of keys in TokenValidationParameters: '1'. 
Number of keys in Configuration: '0'. 
Exceptions caught:
 '[PII of type 'System.Text.StringBuilder' is hidden. For more details, see https://aka.ms/IdentityModel/PII.]'.
token: '[PII of type 'Microsoft.IdentityModel.JsonWebTokens.JsonWebToken' is hidden. For more details, see https://aka.ms/IdentityModel/PII.]'. See https://aka.ms/IDX10503 for details.
2026-09-05 17:33:12.671 +03:00 [INF] Executing endpoint 'CMS.API.Controllers.SettingsController.GetSettings (CMS.API)'
2026-09-05 17:33:12.825 +03:00 [INF] Route matched with {action = "GetSettings", controller = "Settings"}. Executing controller action with signature System.Threading.Tasks.Task`1[Microsoft.AspNetCore.Mvc.IActionResult] GetSettings() on controller CMS.API.Controllers.SettingsController (CMS.API).
2026-09-05 17:33:12.823 +03:00 [INF] Executing endpoint 'CMS.API.Controllers.DashboardController.GetMetrics (CMS.API)'
2026-09-05 17:33:12.833 +03:00 [INF] Route matched with {action = "GetMetrics", controller = "Dashboard"}. Executing controller action with signature System.Threading.Tasks.Task`1[Microsoft.AspNetCore.Mvc.IActionResult] GetMetrics() on controller CMS.API.Controllers.DashboardController (CMS.API).
2026-09-05 17:33:12.951 +03:00 [INF] Executing OkObjectResult, writing value of type 'CMS.Shared.DTOs.ApiResponse`1[[System.Collections.Generic.List`1[[CMS.Shared.DTOs.ClinicSettingDto, CMS.Shared, Version=1.0.0.0, Culture=neutral, PublicKeyToken=null]], System.Private.CoreLib, Version=8.0.0.0, Culture=neutral, PublicKeyToken=7cec85d7bea7798e]]'.
2026-09-05 17:33:12.972 +03:00 [INF] Executed action CMS.API.Controllers.SettingsController.GetSettings (CMS.API) in 141.8388ms
2026-09-05 17:33:12.981 +03:00 [INF] Request starting HTTP/1.1 GET http://localhost:5010/api/v1/settings - null null
2026-09-05 17:33:12.983 +03:00 [INF] Executed endpoint 'CMS.API.Controllers.SettingsController.GetSettings (CMS.API)'
2026-09-05 17:33:12.997 +03:00 [INF] Executing endpoint 'CMS.API.Controllers.SettingsController.GetSettings (CMS.API)'
2026-09-05 17:33:13.027 +03:00 [INF] Route matched with {action = "GetSettings", controller = "Settings"}. Executing controller action with signature System.Threading.Tasks.Task`1[Microsoft.AspNetCore.Mvc.IActionResult] GetSettings() on controller CMS.API.Controllers.SettingsController (CMS.API).
2026-09-05 17:33:13.000 +03:00 [INF] Request finished HTTP/1.1 GET http://localhost:5010/api/v1/settings - 200 null application/json; charset=utf-8 358.3666ms
2026-09-05 17:33:13.135 +03:00 [INF] Executing OkObjectResult, writing value of type 'CMS.Shared.DTOs.ApiResponse`1[[System.Collections.Generic.List`1[[CMS.Shared.DTOs.ClinicSettingDto, CMS.Shared, Version=1.0.0.0, Culture=neutral, PublicKeyToken=null]], System.Private.CoreLib, Version=8.0.0.0, Culture=neutral, PublicKeyToken=7cec85d7bea7798e]]'.
2026-09-05 17:33:13.168 +03:00 [INF] Executed action CMS.API.Controllers.SettingsController.GetSettings (CMS.API) in 34.8244ms
2026-09-05 17:33:13.257 +03:00 [INF] Executing OkObjectResult, writing value of type 'CMS.Shared.DTOs.ApiResponse`1[[CMS.Shared.DTOs.DashboardMetricsDto, CMS.Shared, Version=1.0.0.0, Culture=neutral, PublicKeyToken=null]]'.
2026-09-05 17:33:13.266 +03:00 [INF] Executed endpoint 'CMS.API.Controllers.SettingsController.GetSettings (CMS.API)'
2026-09-05 17:33:13.273 +03:00 [INF] Executed action CMS.API.Controllers.DashboardController.GetMetrics (CMS.API) in 424.7871ms
2026-09-05 17:33:13.281 +03:00 [INF] Request finished HTTP/1.1 GET http://localhost:5010/api/v1/settings - 200 null application/json; charset=utf-8 299.954ms
2026-09-05 17:33:13.284 +03:00 [INF] Request starting HTTP/1.1 GET http://localhost:5010/api/v1/dashboard/metrics - null null
2026-09-05 17:33:13.354 +03:00 [INF] Failed to validate the token.
Microsoft.IdentityModel.Tokens.SecurityTokenSignatureKeyNotFoundException: IDX10517: Signature validation failed. The token's kid is missing. Keys tried: 'Microsoft.IdentityModel.Tokens.SymmetricSecurityKey, KeyId: '', InternalId: 'VNGqhB7kZ75afXrNakqPyb1WYggzQUo6Cgi8Kx2i7Zs'. , KeyId: 
'. Number of keys in TokenValidationParameters: '1'. 
Number of keys in Configuration: '0'. 
Exceptions caught:
 '[PII of type 'System.Text.StringBuilder' is hidden. For more details, see https://aka.ms/IdentityModel/PII.]'.
token: '[PII of type 'Microsoft.IdentityModel.JsonWebTokens.JsonWebToken' is hidden. For more details, see https://aka.ms/IdentityModel/PII.]'. See https://aka.ms/IDX10503 for details.
   at Microsoft.IdentityModel.JsonWebTokens.JsonWebTokenHandler.ValidateSignature(JsonWebToken jwtToken, TokenValidationParameters validationParameters, BaseConfiguration configuration)
   at Microsoft.IdentityModel.JsonWebTokens.JsonWebTokenHandler.ValidateSignatureAndIssuerSecurityKey(JsonWebToken jsonWebToken, TokenValidationParameters validationParameters, BaseConfiguration configuration)
   at Microsoft.IdentityModel.JsonWebTokens.JsonWebTokenHandler.ValidateJWSAsync(JsonWebToken jsonWebToken, TokenValidationParameters validationParameters, BaseConfiguration configuration)
2026-09-05 17:33:13.296 +03:00 [INF] Executed endpoint 'CMS.API.Controllers.DashboardController.GetMetrics (CMS.API)'
2026-09-05 17:33:13.418 +03:00 [INF] Bearer was not authenticated. Failure message: IDX10517: Signature validation failed. The token's kid is missing. Keys tried: 'Microsoft.IdentityModel.Tokens.SymmetricSecurityKey, KeyId: '', InternalId: 'VNGqhB7kZ75afXrNakqPyb1WYggzQUo6Cgi8Kx2i7Zs'. , KeyId: 
'. Number of keys in TokenValidationParameters: '1'. 
Number of keys in Configuration: '0'. 
Exceptions caught:
 '[PII of type 'System.Text.StringBuilder' is hidden. For more details, see https://aka.ms/IdentityModel/PII.]'.
token: '[PII of type 'Microsoft.IdentityModel.JsonWebTokens.JsonWebToken' is hidden. For more details, see https://aka.ms/IdentityModel/PII.]'. See https://aka.ms/IDX10503 for details.
2026-09-05 17:33:13.423 +03:00 [INF] Request finished HTTP/1.1 GET http://localhost:5010/api/v1/dashboard/metrics - 200 null application/json; charset=utf-8 959.5683ms
2026-09-05 17:33:13.444 +03:00 [INF] Executing endpoint 'CMS.API.Controllers.DashboardController.GetMetrics (CMS.API)'
2026-09-05 17:33:13.504 +03:00 [INF] Route matched with {action = "GetMetrics", controller = "Dashboard"}. Executing controller action with signature System.Threading.Tasks.Task`1[Microsoft.AspNetCore.Mvc.IActionResult] GetMetrics() on controller CMS.API.Controllers.DashboardController (CMS.API).
2026-09-05 17:33:13.544 +03:00 [INF] Executing OkObjectResult, writing value of type 'CMS.Shared.DTOs.ApiResponse`1[[CMS.Shared.DTOs.DashboardMetricsDto, CMS.Shared, Version=1.0.0.0, Culture=neutral, PublicKeyToken=null]]'.
2026-09-05 17:33:13.608 +03:00 [INF] Executed action CMS.API.Controllers.DashboardController.GetMetrics (CMS.API) in 98.9565ms
2026-09-05 17:33:13.615 +03:00 [INF] Executed endpoint 'CMS.API.Controllers.DashboardController.GetMetrics (CMS.API)'
2026-09-05 17:33:13.618 +03:00 [INF] Request finished HTTP/1.1 GET http://localhost:5010/api/v1/dashboard/metrics - 200 null application/json; charset=utf-8 334.2064ms
2026-09-05 17:33:14.446 +03:00 [INF] Request starting HTTP/1.1 GET http://localhost:5010/api/v1/staff/doctors - application/json null
2026-09-05 17:33:14.448 +03:00 [INF] Request starting HTTP/1.1 GET http://localhost:5010/api/v1/triage/doctor/2?date=2026-09-05 - application/json null
2026-09-05 17:33:14.453 +03:00 [INF] Failed to validate the token.
Microsoft.IdentityModel.Tokens.SecurityTokenSignatureKeyNotFoundException: IDX10517: Signature validation failed. The token's kid is missing. Keys tried: 'Microsoft.IdentityModel.Tokens.SymmetricSecurityKey, KeyId: '', InternalId: 'VNGqhB7kZ75afXrNakqPyb1WYggzQUo6Cgi8Kx2i7Zs'. , KeyId: 
'. Number of keys in TokenValidationParameters: '1'. 
Number of keys in Configuration: '0'. 
Exceptions caught:
 '[PII of type 'System.Text.StringBuilder' is hidden. For more details, see https://aka.ms/IdentityModel/PII.]'.
token: '[PII of type 'Microsoft.IdentityModel.JsonWebTokens.JsonWebToken' is hidden. For more details, see https://aka.ms/IdentityModel/PII.]'. See https://aka.ms/IDX10503 for details.
   at Microsoft.IdentityModel.JsonWebTokens.JsonWebTokenHandler.ValidateSignature(JsonWebToken jwtToken, TokenValidationParameters validationParameters, BaseConfiguration configuration)
   at Microsoft.IdentityModel.JsonWebTokens.JsonWebTokenHandler.ValidateSignatureAndIssuerSecurityKey(JsonWebToken jsonWebToken, TokenValidationParameters validationParameters, BaseConfiguration configuration)
   at Microsoft.IdentityModel.JsonWebTokens.JsonWebTokenHandler.ValidateJWSAsync(JsonWebToken jsonWebToken, TokenValidationParameters validationParameters, BaseConfiguration configuration)
2026-09-05 17:33:14.456 +03:00 [INF] Failed to validate the token.
Microsoft.IdentityModel.Tokens.SecurityTokenSignatureKeyNotFoundException: IDX10517: Signature validation failed. The token's kid is missing. Keys tried: 'Microsoft.IdentityModel.Tokens.SymmetricSecurityKey, KeyId: '', InternalId: 'VNGqhB7kZ75afXrNakqPyb1WYggzQUo6Cgi8Kx2i7Zs'. , KeyId: 
'. Number of keys in TokenValidationParameters: '1'. 
Number of keys in Configuration: '0'. 
Exceptions caught:
 '[PII of type 'System.Text.StringBuilder' is hidden. For more details, see https://aka.ms/IdentityModel/PII.]'.
token: '[PII of type 'Microsoft.IdentityModel.JsonWebTokens.JsonWebToken' is hidden. For more details, see https://aka.ms/IdentityModel/PII.]'. See https://aka.ms/IDX10503 for details.
   at Microsoft.IdentityModel.JsonWebTokens.JsonWebTokenHandler.ValidateSignature(JsonWebToken jwtToken, TokenValidationParameters validationParameters, BaseConfiguration configuration)
   at Microsoft.IdentityModel.JsonWebTokens.JsonWebTokenHandler.ValidateSignatureAndIssuerSecurityKey(JsonWebToken jsonWebToken, TokenValidationParameters validationParameters, BaseConfiguration configuration)
   at Microsoft.IdentityModel.JsonWebTokens.JsonWebTokenHandler.ValidateJWSAsync(JsonWebToken jsonWebToken, TokenValidationParameters validationParameters, BaseConfiguration configuration)
2026-09-05 17:33:14.459 +03:00 [INF] Bearer was not authenticated. Failure message: IDX10517: Signature validation failed. The token's kid is missing. Keys tried: 'Microsoft.IdentityModel.Tokens.SymmetricSecurityKey, KeyId: '', InternalId: 'VNGqhB7kZ75afXrNakqPyb1WYggzQUo6Cgi8Kx2i7Zs'. , KeyId: 
'. Number of keys in TokenValidationParameters: '1'. 
Number of keys in Configuration: '0'. 
Exceptions caught:
 '[PII of type 'System.Text.StringBuilder' is hidden. For more details, see https://aka.ms/IdentityModel/PII.]'.
token: '[PII of type 'Microsoft.IdentityModel.JsonWebTokens.JsonWebToken' is hidden. For more details, see https://aka.ms/IdentityModel/PII.]'. See https://aka.ms/IDX10503 for details.
2026-09-05 17:33:14.464 +03:00 [INF] Bearer was not authenticated. Failure message: IDX10517: Signature validation failed. The token's kid is missing. Keys tried: 'Microsoft.IdentityModel.Tokens.SymmetricSecurityKey, KeyId: '', InternalId: 'VNGqhB7kZ75afXrNakqPyb1WYggzQUo6Cgi8Kx2i7Zs'. , KeyId: 
'. Number of keys in TokenValidationParameters: '1'. 
Number of keys in Configuration: '0'. 
Exceptions caught:
 '[PII of type 'System.Text.StringBuilder' is hidden. For more details, see https://aka.ms/IdentityModel/PII.]'.
token: '[PII of type 'Microsoft.IdentityModel.JsonWebTokens.JsonWebToken' is hidden. For more details, see https://aka.ms/IdentityModel/PII.]'. See https://aka.ms/IDX10503 for details.
2026-09-05 17:33:14.465 +03:00 [INF] Executing endpoint 'CMS.API.Controllers.StaffController.GetDoctors (CMS.API)'
2026-09-05 17:33:14.472 +03:00 [INF] Route matched with {action = "GetDoctors", controller = "Staff"}. Executing controller action with signature System.Threading.Tasks.Task`1[Microsoft.AspNetCore.Mvc.IActionResult] GetDoctors() on controller CMS.API.Controllers.StaffController (CMS.API).
2026-09-05 17:33:14.470 +03:00 [INF] Executing endpoint 'CMS.API.Controllers.TriageController.GetDoctorQueue (CMS.API)'
2026-09-05 17:33:14.476 +03:00 [INF] Executing OkObjectResult, writing value of type 'CMS.Shared.DTOs.ApiResponse`1[[System.Collections.Generic.List`1[[CMS.Shared.DTOs.DoctorDto, CMS.Shared, Version=1.0.0.0, Culture=neutral, PublicKeyToken=null]], System.Private.CoreLib, Version=8.0.0.0, Culture=neutral, PublicKeyToken=7cec85d7bea7798e]]'.
2026-09-05 17:33:14.485 +03:00 [INF] Route matched with {action = "GetDoctorQueue", controller = "Triage"}. Executing controller action with signature System.Threading.Tasks.Task`1[Microsoft.AspNetCore.Mvc.IActionResult] GetDoctorQueue(Int32, System.Nullable`1[System.DateTime]) on controller CMS.API.Controllers.TriageController (CMS.API).
2026-09-05 17:33:14.487 +03:00 [INF] Executed action CMS.API.Controllers.StaffController.GetDoctors (CMS.API) in 12.7385ms
2026-09-05 17:33:14.503 +03:00 [INF] Executed endpoint 'CMS.API.Controllers.StaffController.GetDoctors (CMS.API)'
2026-09-05 17:33:14.505 +03:00 [INF] Request finished HTTP/1.1 GET http://localhost:5010/api/v1/staff/doctors - 200 null application/json; charset=utf-8 58.5631ms
2026-09-05 17:33:14.564 +03:00 [INF] Executing OkObjectResult, writing value of type 'CMS.Shared.DTOs.ApiResponse`1[[System.Object, System.Private.CoreLib, Version=8.0.0.0, Culture=neutral, PublicKeyToken=7cec85d7bea7798e]]'.
2026-09-05 17:33:14.568 +03:00 [INF] Executed action CMS.API.Controllers.TriageController.GetDoctorQueue (CMS.API) in 76.8179ms
2026-09-05 17:33:14.571 +03:00 [INF] Executed endpoint 'CMS.API.Controllers.TriageController.GetDoctorQueue (CMS.API)'
2026-09-05 17:33:14.572 +03:00 [INF] Request finished HTTP/1.1 GET http://localhost:5010/api/v1/triage/doctor/2?date=2026-09-05 - 200 null application/json; charset=utf-8 124.6893ms
2026-09-05 17:33:14.799 +03:00 [INF] Request starting HTTP/1.1 GET http://localhost:5010/api/v1/staff/doctors - application/json null
2026-09-05 17:33:14.805 +03:00 [INF] Failed to validate the token.
Microsoft.IdentityModel.Tokens.SecurityTokenSignatureKeyNotFoundException: IDX10517: Signature validation failed. The token's kid is missing. Keys tried: 'Microsoft.IdentityModel.Tokens.SymmetricSecurityKey, KeyId: '', InternalId: 'VNGqhB7kZ75afXrNakqPyb1WYggzQUo6Cgi8Kx2i7Zs'. , KeyId: 
'. Number of keys in TokenValidationParameters: '1'. 
Number of keys in Configuration: '0'. 
Exceptions caught:
 '[PII of type 'System.Text.StringBuilder' is hidden. For more details, see https://aka.ms/IdentityModel/PII.]'.
token: '[PII of type 'Microsoft.IdentityModel.JsonWebTokens.JsonWebToken' is hidden. For more details, see https://aka.ms/IdentityModel/PII.]'. See https://aka.ms/IDX10503 for details.
   at Microsoft.IdentityModel.JsonWebTokens.JsonWebTokenHandler.ValidateSignature(JsonWebToken jwtToken, TokenValidationParameters validationParameters, BaseConfiguration configuration)
   at Microsoft.IdentityModel.JsonWebTokens.JsonWebTokenHandler.ValidateSignatureAndIssuerSecurityKey(JsonWebToken jsonWebToken, TokenValidationParameters validationParameters, BaseConfiguration configuration)
   at Microsoft.IdentityModel.JsonWebTokens.JsonWebTokenHandler.ValidateJWSAsync(JsonWebToken jsonWebToken, TokenValidationParameters validationParameters, BaseConfiguration configuration)
2026-09-05 17:33:14.809 +03:00 [INF] Bearer was not authenticated. Failure message: IDX10517: Signature validation failed. The token's kid is missing. Keys tried: 'Microsoft.IdentityModel.Tokens.SymmetricSecurityKey, KeyId: '', InternalId: 'VNGqhB7kZ75afXrNakqPyb1WYggzQUo6Cgi8Kx2i7Zs'. , KeyId: 
'. Number of keys in TokenValidationParameters: '1'. 
Number of keys in Configuration: '0'. 
Exceptions caught:
 '[PII of type 'System.Text.StringBuilder' is hidden. For more details, see https://aka.ms/IdentityModel/PII.]'.
token: '[PII of type 'Microsoft.IdentityModel.JsonWebTokens.JsonWebToken' is hidden. For more details, see https://aka.ms/IdentityModel/PII.]'. See https://aka.ms/IDX10503 for details.
2026-09-05 17:33:14.812 +03:00 [INF] Executing endpoint 'CMS.API.Controllers.StaffController.GetDoctors (CMS.API)'
2026-09-05 17:33:14.814 +03:00 [INF] Route matched with {action = "GetDoctors", controller = "Staff"}. Executing controller action with signature System.Threading.Tasks.Task`1[Microsoft.AspNetCore.Mvc.IActionResult] GetDoctors() on controller CMS.API.Controllers.StaffController (CMS.API).
2026-09-05 17:33:14.818 +03:00 [INF] Executing OkObjectResult, writing value of type 'CMS.Shared.DTOs.ApiResponse`1[[System.Collections.Generic.List`1[[CMS.Shared.DTOs.DoctorDto, CMS.Shared, Version=1.0.0.0, Culture=neutral, PublicKeyToken=null]], System.Private.CoreLib, Version=8.0.0.0, Culture=neutral, PublicKeyToken=7cec85d7bea7798e]]'.
2026-09-05 17:33:14.821 +03:00 [INF] Executed action CMS.API.Controllers.StaffController.GetDoctors (CMS.API) in 3.5945ms
2026-09-05 17:33:14.823 +03:00 [INF] Executed endpoint 'CMS.API.Controllers.StaffController.GetDoctors (CMS.API)'
2026-09-05 17:33:14.825 +03:00 [INF] Request finished HTTP/1.1 GET http://localhost:5010/api/v1/staff/doctors - 200 null application/json; charset=utf-8 25.7681ms
2026-09-05 17:33:14.877 +03:00 [INF] Request starting HTTP/1.1 GET http://localhost:5010/api/v1/triage/doctor/2?date=2026-09-05 - application/json null
2026-09-05 17:33:14.883 +03:00 [INF] Failed to validate the token.
Microsoft.IdentityModel.Tokens.SecurityTokenSignatureKeyNotFoundException: IDX10517: Signature validation failed. The token's kid is missing. Keys tried: 'Microsoft.IdentityModel.Tokens.SymmetricSecurityKey, KeyId: '', InternalId: 'VNGqhB7kZ75afXrNakqPyb1WYggzQUo6Cgi8Kx2i7Zs'. , KeyId: 
'. Number of keys in TokenValidationParameters: '1'. 
Number of keys in Configuration: '0'. 
Exceptions caught:
 '[PII of type 'System.Text.StringBuilder' is hidden. For more details, see https://aka.ms/IdentityModel/PII.]'.
token: '[PII of type 'Microsoft.IdentityModel.JsonWebTokens.JsonWebToken' is hidden. For more details, see https://aka.ms/IdentityModel/PII.]'. See https://aka.ms/IDX10503 for details.
   at Microsoft.IdentityModel.JsonWebTokens.JsonWebTokenHandler.ValidateSignature(JsonWebToken jwtToken, TokenValidationParameters validationParameters, BaseConfiguration configuration)
   at Microsoft.IdentityModel.JsonWebTokens.JsonWebTokenHandler.ValidateSignatureAndIssuerSecurityKey(JsonWebToken jsonWebToken, TokenValidationParameters validationParameters, BaseConfiguration configuration)
   at Microsoft.IdentityModel.JsonWebTokens.JsonWebTokenHandler.ValidateJWSAsync(JsonWebToken jsonWebToken, TokenValidationParameters validationParameters, BaseConfiguration configuration)
2026-09-05 17:33:14.891 +03:00 [INF] Bearer was not authenticated. Failure message: IDX10517: Signature validation failed. The token's kid is missing. Keys tried: 'Microsoft.IdentityModel.Tokens.SymmetricSecurityKey, KeyId: '', InternalId: 'VNGqhB7kZ75afXrNakqPyb1WYggzQUo6Cgi8Kx2i7Zs'. , KeyId: 
'. Number of keys in TokenValidationParameters: '1'. 
Number of keys in Configuration: '0'. 
Exceptions caught:
 '[PII of type 'System.Text.StringBuilder' is hidden. For more details, see https://aka.ms/IdentityModel/PII.]'.
token: '[PII of type 'Microsoft.IdentityModel.JsonWebTokens.JsonWebToken' is hidden. For more details, see https://aka.ms/IdentityModel/PII.]'. See https://aka.ms/IDX10503 for details.
2026-09-05 17:33:14.894 +03:00 [INF] Executing endpoint 'CMS.API.Controllers.TriageController.GetDoctorQueue (CMS.API)'
2026-09-05 17:33:14.896 +03:00 [INF] Route matched with {action = "GetDoctorQueue", controller = "Triage"}. Executing controller action with signature System.Threading.Tasks.Task`1[Microsoft.AspNetCore.Mvc.IActionResult] GetDoctorQueue(Int32, System.Nullable`1[System.DateTime]) on controller CMS.API.Controllers.TriageController (CMS.API).
2026-09-05 17:33:14.901 +03:00 [INF] Executing OkObjectResult, writing value of type 'CMS.Shared.DTOs.ApiResponse`1[[System.Object, System.Private.CoreLib, Version=8.0.0.0, Culture=neutral, PublicKeyToken=7cec85d7bea7798e]]'.
2026-09-05 17:33:14.904 +03:00 [INF] Executed action CMS.API.Controllers.TriageController.GetDoctorQueue (CMS.API) in 4.7499ms
2026-09-05 17:33:14.908 +03:00 [INF] Executed endpoint 'CMS.API.Controllers.TriageController.GetDoctorQueue (CMS.API)'
2026-09-05 17:33:14.910 +03:00 [INF] Request finished HTTP/1.1 GET http://localhost:5010/api/v1/triage/doctor/2?date=2026-09-05 - 200 null application/json; charset=utf-8 32.4565ms
2026-09-05 17:33:14.941 +03:00 [INF] Request starting HTTP/1.1 GET http://localhost:5010/api/v1/encounters/patient/19 - application/json null
2026-09-05 17:33:14.941 +03:00 [INF] Request starting HTTP/1.1 GET http://localhost:5010/api/v1/medicalcertificates/patient/19 - application/json null
2026-09-05 17:33:14.941 +03:00 [INF] Request starting HTTP/1.1 GET http://localhost:5010/api/v1/triage/patient/19/latest - application/json null
2026-09-05 17:33:14.947 +03:00 [INF] Failed to validate the token.
Microsoft.IdentityModel.Tokens.SecurityTokenSignatureKeyNotFoundException: IDX10517: Signature validation failed. The token's kid is missing. Keys tried: 'Microsoft.IdentityModel.Tokens.SymmetricSecurityKey, KeyId: '', InternalId: 'VNGqhB7kZ75afXrNakqPyb1WYggzQUo6Cgi8Kx2i7Zs'. , KeyId: 
'. Number of keys in TokenValidationParameters: '1'. 
Number of keys in Configuration: '0'. 
Exceptions caught:
 '[PII of type 'System.Text.StringBuilder' is hidden. For more details, see https://aka.ms/IdentityModel/PII.]'.
token: '[PII of type 'Microsoft.IdentityModel.JsonWebTokens.JsonWebToken' is hidden. For more details, see https://aka.ms/IdentityModel/PII.]'. See https://aka.ms/IDX10503 for details.
   at Microsoft.IdentityModel.JsonWebTokens.JsonWebTokenHandler.ValidateSignature(JsonWebToken jwtToken, TokenValidationParameters validationParameters, BaseConfiguration configuration)
   at Microsoft.IdentityModel.JsonWebTokens.JsonWebTokenHandler.ValidateSignatureAndIssuerSecurityKey(JsonWebToken jsonWebToken, TokenValidationParameters validationParameters, BaseConfiguration configuration)
   at Microsoft.IdentityModel.JsonWebTokens.JsonWebTokenHandler.ValidateJWSAsync(JsonWebToken jsonWebToken, TokenValidationParameters validationParameters, BaseConfiguration configuration)
2026-09-05 17:33:14.952 +03:00 [INF] Failed to validate the token.
Microsoft.IdentityModel.Tokens.SecurityTokenSignatureKeyNotFoundException: IDX10517: Signature validation failed. The token's kid is missing. Keys tried: 'Microsoft.IdentityModel.Tokens.SymmetricSecurityKey, KeyId: '', InternalId: 'VNGqhB7kZ75afXrNakqPyb1WYggzQUo6Cgi8Kx2i7Zs'. , KeyId: 
'. Number of keys in TokenValidationParameters: '1'. 
Number of keys in Configuration: '0'. 
Exceptions caught:
 '[PII of type 'System.Text.StringBuilder' is hidden. For more details, see https://aka.ms/IdentityModel/PII.]'.
token: '[PII of type 'Microsoft.IdentityModel.JsonWebTokens.JsonWebToken' is hidden. For more details, see https://aka.ms/IdentityModel/PII.]'. See https://aka.ms/IDX10503 for details.
   at Microsoft.IdentityModel.JsonWebTokens.JsonWebTokenHandler.ValidateSignature(JsonWebToken jwtToken, TokenValidationParameters validationParameters, BaseConfiguration configuration)
   at Microsoft.IdentityModel.JsonWebTokens.JsonWebTokenHandler.ValidateSignatureAndIssuerSecurityKey(JsonWebToken jsonWebToken, TokenValidationParameters validationParameters, BaseConfiguration configuration)
   at Microsoft.IdentityModel.JsonWebTokens.JsonWebTokenHandler.ValidateJWSAsync(JsonWebToken jsonWebToken, TokenValidationParameters validationParameters, BaseConfiguration configuration)
2026-09-05 17:33:14.955 +03:00 [INF] Failed to validate the token.
Microsoft.IdentityModel.Tokens.SecurityTokenSignatureKeyNotFoundException: IDX10517: Signature validation failed. The token's kid is missing. Keys tried: 'Microsoft.IdentityModel.Tokens.SymmetricSecurityKey, KeyId: '', InternalId: 'VNGqhB7kZ75afXrNakqPyb1WYggzQUo6Cgi8Kx2i7Zs'. , KeyId: 
'. Number of keys in TokenValidationParameters: '1'. 
Number of keys in Configuration: '0'. 
Exceptions caught:
 '[PII of type 'System.Text.StringBuilder' is hidden. For more details, see https://aka.ms/IdentityModel/PII.]'.
token: '[PII of type 'Microsoft.IdentityModel.JsonWebTokens.JsonWebToken' is hidden. For more details, see https://aka.ms/IdentityModel/PII.]'. See https://aka.ms/IDX10503 for details.
   at Microsoft.IdentityModel.JsonWebTokens.JsonWebTokenHandler.ValidateSignature(JsonWebToken jwtToken, TokenValidationParameters validationParameters, BaseConfiguration configuration)
   at Microsoft.IdentityModel.JsonWebTokens.JsonWebTokenHandler.ValidateSignatureAndIssuerSecurityKey(JsonWebToken jsonWebToken, TokenValidationParameters validationParameters, BaseConfiguration configuration)
   at Microsoft.IdentityModel.JsonWebTokens.JsonWebTokenHandler.ValidateJWSAsync(JsonWebToken jsonWebToken, TokenValidationParameters validationParameters, BaseConfiguration configuration)
2026-09-05 17:33:14.959 +03:00 [INF] Bearer was not authenticated. Failure message: IDX10517: Signature validation failed. The token's kid is missing. Keys tried: 'Microsoft.IdentityModel.Tokens.SymmetricSecurityKey, KeyId: '', InternalId: 'VNGqhB7kZ75afXrNakqPyb1WYggzQUo6Cgi8Kx2i7Zs'. , KeyId: 
'. Number of keys in TokenValidationParameters: '1'. 
Number of keys in Configuration: '0'. 
Exceptions caught:
 '[PII of type 'System.Text.StringBuilder' is hidden. For more details, see https://aka.ms/IdentityModel/PII.]'.
token: '[PII of type 'Microsoft.IdentityModel.JsonWebTokens.JsonWebToken' is hidden. For more details, see https://aka.ms/IdentityModel/PII.]'. See https://aka.ms/IDX10503 for details.
2026-09-05 17:33:14.963 +03:00 [INF] Bearer was not authenticated. Failure message: IDX10517: Signature validation failed. The token's kid is missing. Keys tried: 'Microsoft.IdentityModel.Tokens.SymmetricSecurityKey, KeyId: '', InternalId: 'VNGqhB7kZ75afXrNakqPyb1WYggzQUo6Cgi8Kx2i7Zs'. , KeyId: 
'. Number of keys in TokenValidationParameters: '1'. 
Number of keys in Configuration: '0'. 
Exceptions caught:
 '[PII of type 'System.Text.StringBuilder' is hidden. For more details, see https://aka.ms/IdentityModel/PII.]'.
token: '[PII of type 'Microsoft.IdentityModel.JsonWebTokens.JsonWebToken' is hidden. For more details, see https://aka.ms/IdentityModel/PII.]'. See https://aka.ms/IDX10503 for details.
2026-09-05 17:33:14.968 +03:00 [INF] Bearer was not authenticated. Failure message: IDX10517: Signature validation failed. The token's kid is missing. Keys tried: 'Microsoft.IdentityModel.Tokens.SymmetricSecurityKey, KeyId: '', InternalId: 'VNGqhB7kZ75afXrNakqPyb1WYggzQUo6Cgi8Kx2i7Zs'. , KeyId: 
'. Number of keys in TokenValidationParameters: '1'. 
Number of keys in Configuration: '0'. 
Exceptions caught:
 '[PII of type 'System.Text.StringBuilder' is hidden. For more details, see https://aka.ms/IdentityModel/PII.]'.
token: '[PII of type 'Microsoft.IdentityModel.JsonWebTokens.JsonWebToken' is hidden. For more details, see https://aka.ms/IdentityModel/PII.]'. See https://aka.ms/IDX10503 for details.
2026-09-05 17:33:14.969 +03:00 [INF] Executing endpoint 'CMS.API.Controllers.EncountersController.GetPatientEncounters (CMS.API)'
2026-09-05 17:33:14.971 +03:00 [INF] Executing endpoint 'CMS.API.Controllers.MedicalCertificatesController.GetPatientCertificates (CMS.API)'
2026-09-05 17:33:14.973 +03:00 [INF] Executing endpoint 'CMS.API.Controllers.TriageController.GetLatestPatientVitals (CMS.API)'
2026-09-05 17:33:14.975 +03:00 [INF] Route matched with {action = "GetPatientEncounters", controller = "Encounters"}. Executing controller action with signature System.Threading.Tasks.Task`1[Microsoft.AspNetCore.Mvc.IActionResult] GetPatientEncounters(Int32) on controller CMS.API.Controllers.EncountersController (CMS.API).
2026-09-05 17:33:14.977 +03:00 [INF] Route matched with {action = "GetPatientCertificates", controller = "MedicalCertificates"}. Executing controller action with signature System.Threading.Tasks.Task`1[Microsoft.AspNetCore.Mvc.IActionResult] GetPatientCertificates(Int32) on controller CMS.API.Controllers.MedicalCertificatesController (CMS.API).
2026-09-05 17:33:14.978 +03:00 [INF] Route matched with {action = "GetLatestPatientVitals", controller = "Triage"}. Executing controller action with signature System.Threading.Tasks.Task`1[Microsoft.AspNetCore.Mvc.IActionResult] GetLatestPatientVitals(Int32) on controller CMS.API.Controllers.TriageController (CMS.API).
2026-09-05 17:33:14.986 +03:00 [INF] Executing OkObjectResult, writing value of type 'CMS.Shared.DTOs.ApiResponse`1[[System.Collections.Generic.List`1[[CMS.Shared.DTOs.MedicalCertificateDto, CMS.Shared, Version=1.0.0.0, Culture=neutral, PublicKeyToken=null]], System.Private.CoreLib, Version=8.0.0.0, Culture=neutral, PublicKeyToken=7cec85d7bea7798e]]'.
2026-09-05 17:33:14.989 +03:00 [INF] Executed action CMS.API.Controllers.MedicalCertificatesController.GetPatientCertificates (CMS.API) in 4.4654ms
2026-09-05 17:33:14.997 +03:00 [INF] Executed endpoint 'CMS.API.Controllers.MedicalCertificatesController.GetPatientCertificates (CMS.API)'
2026-09-05 17:33:15.000 +03:00 [INF] Request finished HTTP/1.1 GET http://localhost:5010/api/v1/medicalcertificates/patient/19 - 200 null application/json; charset=utf-8 58.4879ms
2026-09-05 17:33:15.002 +03:00 [INF] Executing OkObjectResult, writing value of type 'CMS.Shared.DTOs.ApiResponse`1[[System.Collections.Generic.List`1[[CMS.Shared.DTOs.EncounterDto, CMS.Shared, Version=1.0.0.0, Culture=neutral, PublicKeyToken=null]], System.Private.CoreLib, Version=8.0.0.0, Culture=neutral, PublicKeyToken=7cec85d7bea7798e]]'.
2026-09-05 17:33:15.002 +03:00 [INF] Executing OkObjectResult, writing value of type 'CMS.Shared.DTOs.ApiResponse`1[[CMS.Shared.DTOs.TriageDto, CMS.Shared, Version=1.0.0.0, Culture=neutral, PublicKeyToken=null]]'.
2026-09-05 17:33:15.008 +03:00 [INF] Executed action CMS.API.Controllers.EncountersController.GetPatientEncounters (CMS.API) in 26.4811ms
2026-09-05 17:33:15.013 +03:00 [INF] Executed action CMS.API.Controllers.TriageController.GetLatestPatientVitals (CMS.API) in 25.9632ms
2026-09-05 17:33:15.016 +03:00 [INF] Executed endpoint 'CMS.API.Controllers.EncountersController.GetPatientEncounters (CMS.API)'
2026-09-05 17:33:15.018 +03:00 [INF] Executed endpoint 'CMS.API.Controllers.TriageController.GetLatestPatientVitals (CMS.API)'
2026-09-05 17:33:15.020 +03:00 [INF] Request finished HTTP/1.1 GET http://localhost:5010/api/v1/encounters/patient/19 - 200 null application/json; charset=utf-8 78.8633ms
2026-09-05 17:33:15.022 +03:00 [INF] Request finished HTTP/1.1 GET http://localhost:5010/api/v1/triage/patient/19/latest - 200 null application/json; charset=utf-8 80.882ms
2026-09-05 17:33:15.313 +03:00 [INF] Request starting HTTP/1.1 GET http://localhost:5010/api/v1/medicalcertificates/patient/19 - application/json null
2026-09-05 17:33:15.318 +03:00 [INF] Failed to validate the token.
Microsoft.IdentityModel.Tokens.SecurityTokenSignatureKeyNotFoundException: IDX10517: Signature validation failed. The token's kid is missing. Keys tried: 'Microsoft.IdentityModel.Tokens.SymmetricSecurityKey, KeyId: '', InternalId: 'VNGqhB7kZ75afXrNakqPyb1WYggzQUo6Cgi8Kx2i7Zs'. , KeyId: 
'. Number of keys in TokenValidationParameters: '1'. 
Number of keys in Configuration: '0'. 
Exceptions caught:
 '[PII of type 'System.Text.StringBuilder' is hidden. For more details, see https://aka.ms/IdentityModel/PII.]'.
token: '[PII of type 'Microsoft.IdentityModel.JsonWebTokens.JsonWebToken' is hidden. For more details, see https://aka.ms/IdentityModel/PII.]'. See https://aka.ms/IDX10503 for details.
   at Microsoft.IdentityModel.JsonWebTokens.JsonWebTokenHandler.ValidateSignature(JsonWebToken jwtToken, TokenValidationParameters validationParameters, BaseConfiguration configuration)
   at Microsoft.IdentityModel.JsonWebTokens.JsonWebTokenHandler.ValidateSignatureAndIssuerSecurityKey(JsonWebToken jsonWebToken, TokenValidationParameters validationParameters, BaseConfiguration configuration)
   at Microsoft.IdentityModel.JsonWebTokens.JsonWebTokenHandler.ValidateJWSAsync(JsonWebToken jsonWebToken, TokenValidationParameters validationParameters, BaseConfiguration configuration)
2026-09-05 17:33:15.327 +03:00 [INF] Bearer was not authenticated. Failure message: IDX10517: Signature validation failed. The token's kid is missing. Keys tried: 'Microsoft.IdentityModel.Tokens.SymmetricSecurityKey, KeyId: '', InternalId: 'VNGqhB7kZ75afXrNakqPyb1WYggzQUo6Cgi8Kx2i7Zs'. , KeyId: 
'. Number of keys in TokenValidationParameters: '1'. 
Number of keys in Configuration: '0'. 
Exceptions caught:
 '[PII of type 'System.Text.StringBuilder' is hidden. For more details, see https://aka.ms/IdentityModel/PII.]'.
token: '[PII of type 'Microsoft.IdentityModel.JsonWebTokens.JsonWebToken' is hidden. For more details, see https://aka.ms/IdentityModel/PII.]'. See https://aka.ms/IDX10503 for details.
2026-09-05 17:33:15.328 +03:00 [INF] Request starting HTTP/1.1 GET http://localhost:5010/api/v1/triage/patient/19/latest - application/json null
2026-09-05 17:33:15.328 +03:00 [INF] Request starting HTTP/1.1 GET http://localhost:5010/api/v1/encounters/patient/19 - application/json null
2026-09-05 17:33:15.330 +03:00 [INF] Executing endpoint 'CMS.API.Controllers.MedicalCertificatesController.GetPatientCertificates (CMS.API)'
2026-09-05 17:33:15.336 +03:00 [INF] Failed to validate the token.
Microsoft.IdentityModel.Tokens.SecurityTokenSignatureKeyNotFoundException: IDX10517: Signature validation failed. The token's kid is missing. Keys tried: 'Microsoft.IdentityModel.Tokens.SymmetricSecurityKey, KeyId: '', InternalId: 'VNGqhB7kZ75afXrNakqPyb1WYggzQUo6Cgi8Kx2i7Zs'. , KeyId: 
'. Number of keys in TokenValidationParameters: '1'. 
Number of keys in Configuration: '0'. 
Exceptions caught:
 '[PII of type 'System.Text.StringBuilder' is hidden. For more details, see https://aka.ms/IdentityModel/PII.]'.
token: '[PII of type 'Microsoft.IdentityModel.JsonWebTokens.JsonWebToken' is hidden. For more details, see https://aka.ms/IdentityModel/PII.]'. See https://aka.ms/IDX10503 for details.
   at Microsoft.IdentityModel.JsonWebTokens.JsonWebTokenHandler.ValidateSignature(JsonWebToken jwtToken, TokenValidationParameters validationParameters, BaseConfiguration configuration)
   at Microsoft.IdentityModel.JsonWebTokens.JsonWebTokenHandler.ValidateSignatureAndIssuerSecurityKey(JsonWebToken jsonWebToken, TokenValidationParameters validationParameters, BaseConfiguration configuration)
   at Microsoft.IdentityModel.JsonWebTokens.JsonWebTokenHandler.ValidateJWSAsync(JsonWebToken jsonWebToken, TokenValidationParameters validationParameters, BaseConfiguration configuration)
2026-09-05 17:33:15.341 +03:00 [INF] Failed to validate the token.
Microsoft.IdentityModel.Tokens.SecurityTokenSignatureKeyNotFoundException: IDX10517: Signature validation failed. The token's kid is missing. Keys tried: 'Microsoft.IdentityModel.Tokens.SymmetricSecurityKey, KeyId: '', InternalId: 'VNGqhB7kZ75afXrNakqPyb1WYggzQUo6Cgi8Kx2i7Zs'. , KeyId: 
'. Number of keys in TokenValidationParameters: '1'. 
Number of keys in Configuration: '0'. 
Exceptions caught:
 '[PII of type 'System.Text.StringBuilder' is hidden. For more details, see https://aka.ms/IdentityModel/PII.]'.
token: '[PII of type 'Microsoft.IdentityModel.JsonWebTokens.JsonWebToken' is hidden. For more details, see https://aka.ms/IdentityModel/PII.]'. See https://aka.ms/IDX10503 for details.
   at Microsoft.IdentityModel.JsonWebTokens.JsonWebTokenHandler.ValidateSignature(JsonWebToken jwtToken, TokenValidationParameters validationParameters, BaseConfiguration configuration)
   at Microsoft.IdentityModel.JsonWebTokens.JsonWebTokenHandler.ValidateSignatureAndIssuerSecurityKey(JsonWebToken jsonWebToken, TokenValidationParameters validationParameters, BaseConfiguration configuration)
   at Microsoft.IdentityModel.JsonWebTokens.JsonWebTokenHandler.ValidateJWSAsync(JsonWebToken jsonWebToken, TokenValidationParameters validationParameters, BaseConfiguration configuration)
2026-09-05 17:33:15.342 +03:00 [INF] Route matched with {action = "GetPatientCertificates", controller = "MedicalCertificates"}. Executing controller action with signature System.Threading.Tasks.Task`1[Microsoft.AspNetCore.Mvc.IActionResult] GetPatientCertificates(Int32) on controller CMS.API.Controllers.MedicalCertificatesController (CMS.API).
2026-09-05 17:33:15.346 +03:00 [INF] Bearer was not authenticated. Failure message: IDX10517: Signature validation failed. The token's kid is missing. Keys tried: 'Microsoft.IdentityModel.Tokens.SymmetricSecurityKey, KeyId: '', InternalId: 'VNGqhB7kZ75afXrNakqPyb1WYggzQUo6Cgi8Kx2i7Zs'. , KeyId: 
'. Number of keys in TokenValidationParameters: '1'. 
Number of keys in Configuration: '0'. 
Exceptions caught:
 '[PII of type 'System.Text.StringBuilder' is hidden. For more details, see https://aka.ms/IdentityModel/PII.]'.
token: '[PII of type 'Microsoft.IdentityModel.JsonWebTokens.JsonWebToken' is hidden. For more details, see https://aka.ms/IdentityModel/PII.]'. See https://aka.ms/IDX10503 for details.
2026-09-05 17:33:15.351 +03:00 [INF] Bearer was not authenticated. Failure message: IDX10517: Signature validation failed. The token's kid is missing. Keys tried: 'Microsoft.IdentityModel.Tokens.SymmetricSecurityKey, KeyId: '', InternalId: 'VNGqhB7kZ75afXrNakqPyb1WYggzQUo6Cgi8Kx2i7Zs'. , KeyId: 
'. Number of keys in TokenValidationParameters: '1'. 
Number of keys in Configuration: '0'. 
Exceptions caught:
 '[PII of type 'System.Text.StringBuilder' is hidden. For more details, see https://aka.ms/IdentityModel/PII.]'.
token: '[PII of type 'Microsoft.IdentityModel.JsonWebTokens.JsonWebToken' is hidden. For more details, see https://aka.ms/IdentityModel/PII.]'. See https://aka.ms/IDX10503 for details.
2026-09-05 17:33:15.356 +03:00 [INF] Executing OkObjectResult, writing value of type 'CMS.Shared.DTOs.ApiResponse`1[[System.Collections.Generic.List`1[[CMS.Shared.DTOs.MedicalCertificateDto, CMS.Shared, Version=1.0.0.0, Culture=neutral, PublicKeyToken=null]], System.Private.CoreLib, Version=8.0.0.0, Culture=neutral, PublicKeyToken=7cec85d7bea7798e]]'.
2026-09-05 17:33:15.357 +03:00 [INF] Executing endpoint 'CMS.API.Controllers.TriageController.GetLatestPatientVitals (CMS.API)'
2026-09-05 17:33:15.361 +03:00 [INF] Executing endpoint 'CMS.API.Controllers.EncountersController.GetPatientEncounters (CMS.API)'
2026-09-05 17:33:15.364 +03:00 [INF] Executed action CMS.API.Controllers.MedicalCertificatesController.GetPatientCertificates (CMS.API) in 9.7135ms
2026-09-05 17:33:15.366 +03:00 [INF] Route matched with {action = "GetLatestPatientVitals", controller = "Triage"}. Executing controller action with signature System.Threading.Tasks.Task`1[Microsoft.AspNetCore.Mvc.IActionResult] GetLatestPatientVitals(Int32) on controller CMS.API.Controllers.TriageController (CMS.API).
2026-09-05 17:33:15.368 +03:00 [INF] Route matched with {action = "GetPatientEncounters", controller = "Encounters"}. Executing controller action with signature System.Threading.Tasks.Task`1[Microsoft.AspNetCore.Mvc.IActionResult] GetPatientEncounters(Int32) on controller CMS.API.Controllers.EncountersController (CMS.API).
2026-09-05 17:33:15.371 +03:00 [INF] Executed endpoint 'CMS.API.Controllers.MedicalCertificatesController.GetPatientCertificates (CMS.API)'
2026-09-05 17:33:15.378 +03:00 [INF] Executing OkObjectResult, writing value of type 'CMS.Shared.DTOs.ApiResponse`1[[CMS.Shared.DTOs.TriageDto, CMS.Shared, Version=1.0.0.0, Culture=neutral, PublicKeyToken=null]]'.
2026-09-05 17:33:15.382 +03:00 [INF] Executing OkObjectResult, writing value of type 'CMS.Shared.DTOs.ApiResponse`1[[System.Collections.Generic.List`1[[CMS.Shared.DTOs.EncounterDto, CMS.Shared, Version=1.0.0.0, Culture=neutral, PublicKeyToken=null]], System.Private.CoreLib, Version=8.0.0.0, Culture=neutral, PublicKeyToken=7cec85d7bea7798e]]'.
2026-09-05 17:33:15.383 +03:00 [INF] Request finished HTTP/1.1 GET http://localhost:5010/api/v1/medicalcertificates/patient/19 - 200 null application/json; charset=utf-8 70.3619ms
2026-09-05 17:33:15.388 +03:00 [INF] Executed action CMS.API.Controllers.TriageController.GetLatestPatientVitals (CMS.API) in 13.1502ms
2026-09-05 17:33:15.392 +03:00 [INF] Executed action CMS.API.Controllers.EncountersController.GetPatientEncounters (CMS.API) in 11.1737ms
2026-09-05 17:33:15.408 +03:00 [INF] Executed endpoint 'CMS.API.Controllers.TriageController.GetLatestPatientVitals (CMS.API)'
2026-09-05 17:33:15.414 +03:00 [INF] Executed endpoint 'CMS.API.Controllers.EncountersController.GetPatientEncounters (CMS.API)'
2026-09-05 17:33:15.419 +03:00 [INF] Request finished HTTP/1.1 GET http://localhost:5010/api/v1/triage/patient/19/latest - 200 null application/json; charset=utf-8 90.4786ms
2026-09-05 17:33:15.423 +03:00 [INF] Request finished HTTP/1.1 GET http://localhost:5010/api/v1/encounters/patient/19 - 200 null application/json; charset=utf-8 94.8677ms
2026-09-05 17:35:22.714 +03:00 [INF] Request starting HTTP/1.1 GET http://localhost:5010/api/v1/billing/invoices - application/json null
2026-09-05 17:35:22.812 +03:00 [INF] Request starting HTTP/1.1 GET http://localhost:5010/api/v1/patients/search - application/json null
2026-09-05 17:35:22.855 +03:00 [INF] Executing endpoint 'CMS.API.Controllers.BillingController.GetInvoices (CMS.API)'
2026-09-05 17:35:22.864 +03:00 [INF] Executing endpoint 'CMS.API.Controllers.PatientsController.Search (CMS.API)'
2026-09-05 17:35:22.866 +03:00 [INF] Route matched with {action = "GetInvoices", controller = "Billing"}. Executing controller action with signature System.Threading.Tasks.Task`1[Microsoft.AspNetCore.Mvc.IActionResult] GetInvoices() on controller CMS.API.Controllers.BillingController (CMS.API).
2026-09-05 17:35:22.868 +03:00 [INF] Route matched with {action = "Search", controller = "Patients"}. Executing controller action with signature System.Threading.Tasks.Task`1[Microsoft.AspNetCore.Mvc.IActionResult] Search(System.String, Int32) on controller CMS.API.Controllers.PatientsController (CMS.API).
2026-09-05 17:35:22.896 +03:00 [INF] Executing OkObjectResult, writing value of type 'CMS.Shared.DTOs.ApiResponse`1[[System.Collections.Generic.List`1[[CMS.Shared.DTOs.PatientDto, CMS.Shared, Version=1.0.0.0, Culture=neutral, PublicKeyToken=null]], System.Private.CoreLib, Version=8.0.0.0, Culture=neutral, PublicKeyToken=7cec85d7bea7798e]]'.
2026-09-05 17:35:22.899 +03:00 [INF] Executed action CMS.API.Controllers.PatientsController.Search (CMS.API) in 22.4539ms
2026-09-05 17:35:22.905 +03:00 [INF] Executed endpoint 'CMS.API.Controllers.PatientsController.Search (CMS.API)'
2026-09-05 17:35:22.907 +03:00 [INF] Executed action CMS.API.Controllers.BillingController.GetInvoices (CMS.API) in 36.0281ms
2026-09-05 17:35:22.910 +03:00 [INF] Request finished HTTP/1.1 GET http://localhost:5010/api/v1/patients/search - 200 null application/json; charset=utf-8 97.6784ms
2026-09-05 17:35:22.915 +03:00 [INF] Executed endpoint 'CMS.API.Controllers.BillingController.GetInvoices (CMS.API)'
2026-09-05 17:35:22.923 +03:00 [ERR] Unhandled exception encountered: A parameterless default constructor or one matching signature (System.Int32 Id, System.Byte TenantId, System.String InvoiceNo, System.Int32 PatientId, System.String PatientName, System.Int32 EncounterId, System.DateTime IssueDate, System.DateTime DueDate, System.Decimal SubTotal, System.Decimal TaxAmount, System.Decimal DiscountAmount, System.Decimal TotalAmount, System.Decimal PaidAmount, System.Byte StatusId, System.String StatusName) is required for CMS.Shared.DTOs.InvoiceDto materialization
System.InvalidOperationException: A parameterless default constructor or one matching signature (System.Int32 Id, System.Byte TenantId, System.String InvoiceNo, System.Int32 PatientId, System.String PatientName, System.Int32 EncounterId, System.DateTime IssueDate, System.DateTime DueDate, System.Decimal SubTotal, System.Decimal TaxAmount, System.Decimal DiscountAmount, System.Decimal TotalAmount, System.Decimal PaidAmount, System.Byte StatusId, System.String StatusName) is required for CMS.Shared.DTOs.InvoiceDto materialization
   at Dapper.SqlMapper.GenerateDeserializerFromMap(Type type, DbDataReader reader, Int32 startBound, Int32 length, Boolean returnNullIfFirstMissing, ILGenerator il) in /_/Dapper/SqlMapper.cs:line 3473
   at Dapper.SqlMapper.GetTypeDeserializerImpl(Type type, DbDataReader reader, Int32 startBound, Int32 length, Boolean returnNullIfFirstMissing) in /_/Dapper/SqlMapper.cs:line 3304
   at Dapper.SqlMapper.TypeDeserializerCache.GetReader(DbDataReader reader, Int32 startBound, Int32 length, Boolean returnNullIfFirstMissing) in /_/Dapper/SqlMapper.TypeDeserializerCache.cs:line 151
   at Dapper.SqlMapper.TypeDeserializerCache.GetReader(Type type, DbDataReader reader, Int32 startBound, Int32 length, Boolean returnNullIfFirstMissing) in /_/Dapper/SqlMapper.TypeDeserializerCache.cs:line 50
   at Dapper.SqlMapper.GetTypeDeserializer(Type type, DbDataReader reader, Int32 startBound, Int32 length, Boolean returnNullIfFirstMissing) in /_/Dapper/SqlMapper.cs:line 3258
   at Dapper.SqlMapper.GetDeserializer(Type type, DbDataReader reader, Int32 startBound, Int32 length, Boolean returnNullIfFirstMissing) in /_/Dapper/SqlMapper.cs:line 1945
   at Dapper.SqlMapper.QueryAsync[T](IDbConnection cnn, Type effectiveType, CommandDefinition command) in /_/Dapper/SqlMapper.Async.cs:line 442
   at CMS.Application.Billing.BillingService.GetInvoicesAsync(Byte tenantId) in C:\Users\ASUS\source\repos\CMS\src\CMS.Application\Billing\BillingService.cs:line 105
   at CMS.API.Controllers.BillingController.GetInvoices() in C:\Users\ASUS\source\repos\CMS\src\CMS.API\Controllers\PharmacyBillingControllers.cs:line 77
   at Microsoft.AspNetCore.Mvc.Infrastructure.ActionMethodExecutor.TaskOfIActionResultExecutor.Execute(ActionContext actionContext, IActionResultTypeMapper mapper, ObjectMethodExecutor executor, Object controller, Object[] arguments)
   at Microsoft.AspNetCore.Mvc.Infrastructure.ControllerActionInvoker.<InvokeActionMethodAsync>g__Awaited|12_0(ControllerActionInvoker invoker, ValueTask`1 actionResultValueTask)
   at Microsoft.AspNetCore.Mvc.Infrastructure.ControllerActionInvoker.<InvokeNextActionFilterAsync>g__Awaited|10_0(ControllerActionInvoker invoker, Task lastTask, State next, Scope scope, Object state, Boolean isCompleted)
   at Microsoft.AspNetCore.Mvc.Infrastructure.ControllerActionInvoker.Rethrow(ActionExecutedContextSealed context)
   at Microsoft.AspNetCore.Mvc.Infrastructure.ControllerActionInvoker.Next(State& next, Scope& scope, Object& state, Boolean& isCompleted)
   at Microsoft.AspNetCore.Mvc.Infrastructure.ControllerActionInvoker.<InvokeInnerFilterAsync>g__Awaited|13_0(ControllerActionInvoker invoker, Task lastTask, State next, Scope scope, Object state, Boolean isCompleted)
   at Microsoft.AspNetCore.Mvc.Infrastructure.ResourceInvoker.<InvokeFilterPipelineAsync>g__Awaited|20_0(ResourceInvoker invoker, Task lastTask, State next, Scope scope, Object state, Boolean isCompleted)
   at Microsoft.AspNetCore.Mvc.Infrastructure.ResourceInvoker.<InvokeAsync>g__Logged|17_1(ResourceInvoker invoker)
   at Microsoft.AspNetCore.Mvc.Infrastructure.ResourceInvoker.<InvokeAsync>g__Logged|17_1(ResourceInvoker invoker)
   at Microsoft.AspNetCore.Routing.EndpointMiddleware.<Invoke>g__AwaitRequestTask|7_0(Endpoint endpoint, Task requestTask, ILogger logger)
   at Microsoft.AspNetCore.Authorization.AuthorizationMiddleware.Invoke(HttpContext context)
   at Microsoft.AspNetCore.Authentication.AuthenticationMiddleware.Invoke(HttpContext context)
   at Swashbuckle.AspNetCore.SwaggerUI.SwaggerUIMiddleware.Invoke(HttpContext httpContext)
   at Swashbuckle.AspNetCore.Swagger.SwaggerMiddleware.Invoke(HttpContext httpContext, ISwaggerProvider swaggerProvider)
   at CMS.API.Middleware.TenantMiddleware.InvokeAsync(HttpContext context) in C:\Users\ASUS\source\repos\CMS\src\CMS.API\Middleware\Middlewares.cs:line 26
   at CMS.API.Middleware.ExceptionMiddleware.InvokeAsync(HttpContext context) in C:\Users\ASUS\source\repos\CMS\src\CMS.API\Middleware\Middlewares.cs:line 45
2026-09-05 17:35:22.939 +03:00 [INF] Request finished HTTP/1.1 GET http://localhost:5010/api/v1/billing/invoices - 500 null application/json 225.3658ms
2026-09-05 17:35:22.987 +03:00 [INF] Request starting HTTP/1.1 GET http://localhost:5010/api/v1/patients/search - application/json null
2026-09-05 17:35:23.093 +03:00 [INF] Executing endpoint 'CMS.API.Controllers.PatientsController.Search (CMS.API)'
2026-09-05 17:35:23.165 +03:00 [INF] Route matched with {action = "Search", controller = "Patients"}. Executing controller action with signature System.Threading.Tasks.Task`1[Microsoft.AspNetCore.Mvc.IActionResult] Search(System.String, Int32) on controller CMS.API.Controllers.PatientsController (CMS.API).
2026-09-05 17:35:23.170 +03:00 [INF] Executing OkObjectResult, writing value of type 'CMS.Shared.DTOs.ApiResponse`1[[System.Collections.Generic.List`1[[CMS.Shared.DTOs.PatientDto, CMS.Shared, Version=1.0.0.0, Culture=neutral, PublicKeyToken=null]], System.Private.CoreLib, Version=8.0.0.0, Culture=neutral, PublicKeyToken=7cec85d7bea7798e]]'.
2026-09-05 17:35:23.173 +03:00 [INF] Executed action CMS.API.Controllers.PatientsController.Search (CMS.API) in 4.2196ms
2026-09-05 17:35:23.180 +03:00 [INF] Executed endpoint 'CMS.API.Controllers.PatientsController.Search (CMS.API)'
2026-09-05 17:35:23.182 +03:00 [INF] Request finished HTTP/1.1 GET http://localhost:5010/api/v1/patients/search - 200 null application/json; charset=utf-8 194.8857ms
2026-09-05 17:35:23.212 +03:00 [INF] Request starting HTTP/1.1 GET http://localhost:5010/api/v1/billing/invoices - application/json null
2026-09-05 17:35:23.303 +03:00 [INF] Executing endpoint 'CMS.API.Controllers.BillingController.GetInvoices (CMS.API)'
2026-09-05 17:35:23.311 +03:00 [INF] Route matched with {action = "GetInvoices", controller = "Billing"}. Executing controller action with signature System.Threading.Tasks.Task`1[Microsoft.AspNetCore.Mvc.IActionResult] GetInvoices() on controller CMS.API.Controllers.BillingController (CMS.API).
2026-09-05 17:35:23.319 +03:00 [INF] Executed action CMS.API.Controllers.BillingController.GetInvoices (CMS.API) in 2.1016ms
2026-09-05 17:35:23.389 +03:00 [INF] Executed endpoint 'CMS.API.Controllers.BillingController.GetInvoices (CMS.API)'
2026-09-05 17:35:23.392 +03:00 [ERR] Unhandled exception encountered: A parameterless default constructor or one matching signature (System.Int32 Id, System.Byte TenantId, System.String InvoiceNo, System.Int32 PatientId, System.String PatientName, System.Int32 EncounterId, System.DateTime IssueDate, System.DateTime DueDate, System.Decimal SubTotal, System.Decimal TaxAmount, System.Decimal DiscountAmount, System.Decimal TotalAmount, System.Decimal PaidAmount, System.Byte StatusId, System.String StatusName) is required for CMS.Shared.DTOs.InvoiceDto materialization
System.InvalidOperationException: A parameterless default constructor or one matching signature (System.Int32 Id, System.Byte TenantId, System.String InvoiceNo, System.Int32 PatientId, System.String PatientName, System.Int32 EncounterId, System.DateTime IssueDate, System.DateTime DueDate, System.Decimal SubTotal, System.Decimal TaxAmount, System.Decimal DiscountAmount, System.Decimal TotalAmount, System.Decimal PaidAmount, System.Byte StatusId, System.String StatusName) is required for CMS.Shared.DTOs.InvoiceDto materialization
   at Dapper.SqlMapper.GenerateDeserializerFromMap(Type type, DbDataReader reader, Int32 startBound, Int32 length, Boolean returnNullIfFirstMissing, ILGenerator il) in /_/Dapper/SqlMapper.cs:line 3473
   at Dapper.SqlMapper.GetTypeDeserializerImpl(Type type, DbDataReader reader, Int32 startBound, Int32 length, Boolean returnNullIfFirstMissing) in /_/Dapper/SqlMapper.cs:line 3304
   at Dapper.SqlMapper.TypeDeserializerCache.GetReader(DbDataReader reader, Int32 startBound, Int32 length, Boolean returnNullIfFirstMissing) in /_/Dapper/SqlMapper.TypeDeserializerCache.cs:line 151
   at Dapper.SqlMapper.TypeDeserializerCache.GetReader(Type type, DbDataReader reader, Int32 startBound, Int32 length, Boolean returnNullIfFirstMissing) in /_/Dapper/SqlMapper.TypeDeserializerCache.cs:line 50
   at Dapper.SqlMapper.GetTypeDeserializer(Type type, DbDataReader reader, Int32 startBound, Int32 length, Boolean returnNullIfFirstMissing) in /_/Dapper/SqlMapper.cs:line 3258
   at Dapper.SqlMapper.GetDeserializer(Type type, DbDataReader reader, Int32 startBound, Int32 length, Boolean returnNullIfFirstMissing) in /_/Dapper/SqlMapper.cs:line 1945
   at Dapper.SqlMapper.QueryAsync[T](IDbConnection cnn, Type effectiveType, CommandDefinition command) in /_/Dapper/SqlMapper.Async.cs:line 442
   at CMS.Application.Billing.BillingService.GetInvoicesAsync(Byte tenantId) in C:\Users\ASUS\source\repos\CMS\src\CMS.Application\Billing\BillingService.cs:line 105
   at CMS.API.Controllers.BillingController.GetInvoices() in C:\Users\ASUS\source\repos\CMS\src\CMS.API\Controllers\PharmacyBillingControllers.cs:line 77
   at Microsoft.AspNetCore.Mvc.Infrastructure.ActionMethodExecutor.TaskOfIActionResultExecutor.Execute(ActionContext actionContext, IActionResultTypeMapper mapper, ObjectMethodExecutor executor, Object controller, Object[] arguments)
   at Microsoft.AspNetCore.Mvc.Infrastructure.ControllerActionInvoker.<InvokeActionMethodAsync>g__Awaited|12_0(ControllerActionInvoker invoker, ValueTask`1 actionResultValueTask)
   at Microsoft.AspNetCore.Mvc.Infrastructure.ControllerActionInvoker.<InvokeNextActionFilterAsync>g__Awaited|10_0(ControllerActionInvoker invoker, Task lastTask, State next, Scope scope, Object state, Boolean isCompleted)
   at Microsoft.AspNetCore.Mvc.Infrastructure.ControllerActionInvoker.Rethrow(ActionExecutedContextSealed context)
   at Microsoft.AspNetCore.Mvc.Infrastructure.ControllerActionInvoker.Next(State& next, Scope& scope, Object& state, Boolean& isCompleted)
   at Microsoft.AspNetCore.Mvc.Infrastructure.ControllerActionInvoker.<InvokeInnerFilterAsync>g__Awaited|13_0(ControllerActionInvoker invoker, Task lastTask, State next, Scope scope, Object state, Boolean isCompleted)
   at Microsoft.AspNetCore.Mvc.Infrastructure.ResourceInvoker.<InvokeFilterPipelineAsync>g__Awaited|20_0(ResourceInvoker invoker, Task lastTask, State next, Scope scope, Object state, Boolean isCompleted)
   at Microsoft.AspNetCore.Mvc.Infrastructure.ResourceInvoker.<InvokeAsync>g__Logged|17_1(ResourceInvoker invoker)
   at Microsoft.AspNetCore.Mvc.Infrastructure.ResourceInvoker.<InvokeAsync>g__Logged|17_1(ResourceInvoker invoker)
   at Microsoft.AspNetCore.Routing.EndpointMiddleware.<Invoke>g__AwaitRequestTask|7_0(Endpoint endpoint, Task requestTask, ILogger logger)
   at Microsoft.AspNetCore.Authorization.AuthorizationMiddleware.Invoke(HttpContext context)
   at Microsoft.AspNetCore.Authentication.AuthenticationMiddleware.Invoke(HttpContext context)
   at Swashbuckle.AspNetCore.SwaggerUI.SwaggerUIMiddleware.Invoke(HttpContext httpContext)
   at Swashbuckle.AspNetCore.Swagger.SwaggerMiddleware.Invoke(HttpContext httpContext, ISwaggerProvider swaggerProvider)
   at CMS.API.Middleware.TenantMiddleware.InvokeAsync(HttpContext context) in C:\Users\ASUS\source\repos\CMS\src\CMS.API\Middleware\Middlewares.cs:line 26
   at CMS.API.Middleware.ExceptionMiddleware.InvokeAsync(HttpContext context) in C:\Users\ASUS\source\repos\CMS\src\CMS.API\Middleware\Middlewares.cs:line 45
2026-09-05 17:35:23.406 +03:00 [INF] Request finished HTTP/1.1 GET http://localhost:5010/api/v1/billing/invoices - 500 null application/json 194.7967ms
2026-09-05 18:02:33.690 +03:00 [INF] Application is shutting down...
2026-09-05 18:04:13.158 +03:00 [INF] User profile is available. Using 'C:\Users\ASUS\AppData\Local\ASP.NET\DataProtection-Keys' as key repository and Windows DPAPI to encrypt keys at rest.
2026-09-05 18:04:13.391 +03:00 [INF] Now listening on: http://localhost:5010
2026-09-05 18:04:13.397 +03:00 [INF] Application started. Press Ctrl+C to shut down.
2026-09-05 18:04:13.399 +03:00 [INF] Hosting environment: Development
2026-09-05 18:04:13.401 +03:00 [INF] Content root path: C:\Users\ASUS\source\repos\CMS\src\CMS.API
2026-09-05 18:08:10.782 +03:00 [INF] Request starting HTTP/1.1 GET http://localhost:5010/api/v1/billing/invoices - null null
2026-09-05 18:08:10.923 +03:00 [INF] Executing endpoint 'CMS.API.Controllers.BillingController.GetInvoices (CMS.API)'
2026-09-05 18:08:10.947 +03:00 [INF] Route matched with {action = "GetInvoices", controller = "Billing"}. Executing controller action with signature System.Threading.Tasks.Task`1[Microsoft.AspNetCore.Mvc.IActionResult] GetInvoices() on controller CMS.API.Controllers.BillingController (CMS.API).
2026-09-05 18:08:13.291 +03:00 [INF] Executing OkObjectResult, writing value of type 'CMS.Shared.DTOs.ApiResponse`1[[System.Collections.Generic.List`1[[CMS.Shared.DTOs.InvoiceDto, CMS.Shared, Version=1.0.0.0, Culture=neutral, PublicKeyToken=null]], System.Private.CoreLib, Version=8.0.0.0, Culture=neutral, PublicKeyToken=7cec85d7bea7798e]]'.
2026-09-05 18:08:14.056 +03:00 [INF] Executed action CMS.API.Controllers.BillingController.GetInvoices (CMS.API) in 3099.0018ms
2026-09-05 18:08:14.062 +03:00 [INF] Executed endpoint 'CMS.API.Controllers.BillingController.GetInvoices (CMS.API)'
2026-09-05 18:08:14.073 +03:00 [INF] Request finished HTTP/1.1 GET http://localhost:5010/api/v1/billing/invoices - 200 null application/json; charset=utf-8 3293.3009ms
2026-09-05 18:11:19.401 +03:00 [INF] User profile is available. Using 'C:\Users\ASUS\AppData\Local\ASP.NET\DataProtection-Keys' as key repository and Windows DPAPI to encrypt keys at rest.
2026-09-05 18:11:19.623 +03:00 [INF] Now listening on: http://localhost:5010
2026-09-05 18:11:19.626 +03:00 [INF] Application started. Press Ctrl+C to shut down.
2026-09-05 18:11:19.627 +03:00 [INF] Hosting environment: Development
2026-09-05 18:11:19.627 +03:00 [INF] Content root path: C:\Users\ASUS\source\repos\CMS\src\CMS.API
2026-09-05 18:11:34.487 +03:00 [INF] Request starting HTTP/1.1 GET http://localhost:5010/api/v1/billing/invoices - null null
2026-09-05 18:11:34.612 +03:00 [INF] Executing endpoint 'CMS.API.Controllers.BillingController.GetInvoices (CMS.API)'
2026-09-05 18:11:34.635 +03:00 [INF] Route matched with {action = "GetInvoices", controller = "Billing"}. Executing controller action with signature System.Threading.Tasks.Task`1[Microsoft.AspNetCore.Mvc.IActionResult] GetInvoices() on controller CMS.API.Controllers.BillingController (CMS.API).
2026-09-05 18:11:35.539 +03:00 [INF] Executing OkObjectResult, writing value of type 'CMS.Shared.DTOs.ApiResponse`1[[System.Collections.Generic.List`1[[CMS.Shared.DTOs.InvoiceDto, CMS.Shared, Version=1.0.0.0, Culture=neutral, PublicKeyToken=null]], System.Private.CoreLib, Version=8.0.0.0, Culture=neutral, PublicKeyToken=7cec85d7bea7798e]]'.
2026-09-05 18:11:35.667 +03:00 [INF] Executed action CMS.API.Controllers.BillingController.GetInvoices (CMS.API) in 1022.9737ms
2026-09-05 18:11:35.672 +03:00 [INF] Executed endpoint 'CMS.API.Controllers.BillingController.GetInvoices (CMS.API)'
2026-09-05 18:11:35.679 +03:00 [INF] Request finished HTTP/1.1 GET http://localhost:5010/api/v1/billing/invoices - 200 null application/json; charset=utf-8 1193.9652ms
2026-09-05 18:12:00.338 +03:00 [INF] Request starting HTTP/1.1 GET http://localhost:5010/api/v1/billing/invoices - null null
2026-09-05 18:12:00.350 +03:00 [INF] Executing endpoint 'CMS.API.Controllers.BillingController.GetInvoices (CMS.API)'
2026-09-05 18:12:00.351 +03:00 [INF] Route matched with {action = "GetInvoices", controller = "Billing"}. Executing controller action with signature System.Threading.Tasks.Task`1[Microsoft.AspNetCore.Mvc.IActionResult] GetInvoices() on controller CMS.API.Controllers.BillingController (CMS.API).
2026-09-05 18:12:00.402 +03:00 [INF] Executing OkObjectResult, writing value of type 'CMS.Shared.DTOs.ApiResponse`1[[System.Collections.Generic.List`1[[CMS.Shared.DTOs.InvoiceDto, CMS.Shared, Version=1.0.0.0, Culture=neutral, PublicKeyToken=null]], System.Private.CoreLib, Version=8.0.0.0, Culture=neutral, PublicKeyToken=7cec85d7bea7798e]]'.
2026-09-05 18:12:00.404 +03:00 [INF] Executed action CMS.API.Controllers.BillingController.GetInvoices (CMS.API) in 52.4052ms
2026-09-05 18:12:00.404 +03:00 [INF] Executed endpoint 'CMS.API.Controllers.BillingController.GetInvoices (CMS.API)'
2026-09-05 18:12:00.405 +03:00 [INF] Request finished HTTP/1.1 GET http://localhost:5010/api/v1/billing/invoices - 200 null application/json; charset=utf-8 67.1936ms
2026-09-05 18:12:00.461 +03:00 [INF] Request starting HTTP/1.1 GET http://localhost:5010/api/v1/laboratory/worklist - null null
2026-09-05 18:12:00.470 +03:00 [INF] Executing endpoint 'CMS.API.Controllers.LaboratoryController.GetWorklist (CMS.API)'
2026-09-05 18:12:00.491 +03:00 [INF] Route matched with {action = "GetWorklist", controller = "Laboratory"}. Executing controller action with signature System.Threading.Tasks.Task`1[Microsoft.AspNetCore.Mvc.IActionResult] GetWorklist(System.Nullable`1[System.DateTime], System.Nullable`1[System.Byte]) on controller CMS.API.Controllers.LaboratoryController (CMS.API).
2026-09-05 18:12:00.870 +03:00 [INF] Executing OkObjectResult, writing value of type 'CMS.Shared.DTOs.ApiResponse`1[[System.Object, System.Private.CoreLib, Version=8.0.0.0, Culture=neutral, PublicKeyToken=7cec85d7bea7798e]]'.
2026-09-05 18:12:00.882 +03:00 [INF] Executed action CMS.API.Controllers.LaboratoryController.GetWorklist (CMS.API) in 390.0881ms
2026-09-05 18:12:00.882 +03:00 [INF] Executed endpoint 'CMS.API.Controllers.LaboratoryController.GetWorklist (CMS.API)'
2026-09-05 18:12:00.882 +03:00 [INF] Request finished HTTP/1.1 GET http://localhost:5010/api/v1/laboratory/worklist - 200 null application/json; charset=utf-8 421.0308ms
2026-09-05 18:12:00.885 +03:00 [INF] Request starting HTTP/1.1 GET http://localhost:5010/api/v1/triage/queue - null null
2026-09-05 18:12:00.886 +03:00 [INF] Executing endpoint 'CMS.API.Controllers.TriageController.GetQueue (CMS.API)'
2026-09-05 18:12:00.895 +03:00 [INF] Route matched with {action = "GetQueue", controller = "Triage"}. Executing controller action with signature System.Threading.Tasks.Task`1[Microsoft.AspNetCore.Mvc.IActionResult] GetQueue(System.String, System.Nullable`1[System.DateTime]) on controller CMS.API.Controllers.TriageController (CMS.API).
2026-09-05 18:12:00.981 +03:00 [INF] Executing OkObjectResult, writing value of type 'CMS.Shared.DTOs.ApiResponse`1[[System.Collections.Generic.List`1[[CMS.Shared.DTOs.TriageDto, CMS.Shared, Version=1.0.0.0, Culture=neutral, PublicKeyToken=null]], System.Private.CoreLib, Version=8.0.0.0, Culture=neutral, PublicKeyToken=7cec85d7bea7798e]]'.
2026-09-05 18:12:01.034 +03:00 [INF] Executed action CMS.API.Controllers.TriageController.GetQueue (CMS.API) in 138.6103ms
2026-09-05 18:12:01.035 +03:00 [INF] Executed endpoint 'CMS.API.Controllers.TriageController.GetQueue (CMS.API)'
2026-09-05 18:12:01.035 +03:00 [INF] Request finished HTTP/1.1 GET http://localhost:5010/api/v1/triage/queue - 200 null application/json; charset=utf-8 150.0294ms
2026-09-05 18:12:01.047 +03:00 [INF] Request starting HTTP/1.1 GET http://localhost:5010/api/v1/staff/doctors - null null
2026-09-05 18:12:01.048 +03:00 [INF] Executing endpoint 'CMS.API.Controllers.StaffController.GetDoctors (CMS.API)'
2026-09-05 18:12:01.057 +03:00 [INF] Route matched with {action = "GetDoctors", controller = "Staff"}. Executing controller action with signature System.Threading.Tasks.Task`1[Microsoft.AspNetCore.Mvc.IActionResult] GetDoctors() on controller CMS.API.Controllers.StaffController (CMS.API).
2026-09-05 18:12:01.132 +03:00 [INF] Executing OkObjectResult, writing value of type 'CMS.Shared.DTOs.ApiResponse`1[[System.Collections.Generic.List`1[[CMS.Shared.DTOs.DoctorDto, CMS.Shared, Version=1.0.0.0, Culture=neutral, PublicKeyToken=null]], System.Private.CoreLib, Version=8.0.0.0, Culture=neutral, PublicKeyToken=7cec85d7bea7798e]]'.
2026-09-05 18:12:01.138 +03:00 [INF] Executed action CMS.API.Controllers.StaffController.GetDoctors (CMS.API) in 80.1187ms
2026-09-05 18:12:01.138 +03:00 [INF] Executed endpoint 'CMS.API.Controllers.StaffController.GetDoctors (CMS.API)'
2026-09-05 18:12:01.138 +03:00 [INF] Request finished HTTP/1.1 GET http://localhost:5010/api/v1/staff/doctors - 200 null application/json; charset=utf-8 91.4662ms
2026-09-05 18:13:32.715 +03:00 [INF] User profile is available. Using 'C:\Users\ASUS\AppData\Local\ASP.NET\DataProtection-Keys' as key repository and Windows DPAPI to encrypt keys at rest.
2026-09-05 18:13:32.973 +03:00 [INF] Now listening on: http://localhost:5010
2026-09-05 18:13:32.988 +03:00 [INF] Application started. Press Ctrl+C to shut down.
2026-09-05 18:13:32.991 +03:00 [INF] Hosting environment: Development
2026-09-05 18:13:32.995 +03:00 [INF] Content root path: C:\Users\ASUS\source\repos\CMS\src\CMS.API
2026-09-05 18:14:06.377 +03:00 [INF] Request starting HTTP/1.1 GET http://localhost:5010/api/v1/settings - null null
2026-09-05 18:14:06.377 +03:00 [INF] Request starting HTTP/1.1 GET http://localhost:5010/api/v1/dashboard/metrics - null null
2026-09-05 18:14:06.584 +03:00 [INF] Executing endpoint 'CMS.API.Controllers.SettingsController.GetSettings (CMS.API)'
2026-09-05 18:14:06.605 +03:00 [INF] Failed to validate the token.
Microsoft.IdentityModel.Tokens.SecurityTokenMalformedException: IDX14100: JWT is not well formed, there are no dots (.).
The token needs to be in JWS or JWE Compact Serialization Format. (JWS): 'EncodedHeader.EncodedPayload.EncodedSignature'. (JWE): 'EncodedProtectedHeader.EncodedEncryptedKey.EncodedInitializationVector.EncodedCiphertext.EncodedAuthenticationTag'.
   at Microsoft.IdentityModel.JsonWebTokens.JsonWebToken.ReadToken(ReadOnlyMemory`1 encodedTokenMemory)
   at Microsoft.IdentityModel.JsonWebTokens.JsonWebToken..ctor(String jwtEncodedString)
   at Microsoft.IdentityModel.JsonWebTokens.JsonWebTokenHandler.ReadToken(String token, TokenValidationParameters validationParameters)
2026-09-05 18:14:06.627 +03:00 [INF] Route matched with {action = "GetSettings", controller = "Settings"}. Executing controller action with signature System.Threading.Tasks.Task`1[Microsoft.AspNetCore.Mvc.IActionResult] GetSettings() on controller CMS.API.Controllers.SettingsController (CMS.API).
2026-09-05 18:14:06.635 +03:00 [INF] Bearer was not authenticated. Failure message: IDX14100: JWT is not well formed, there are no dots (.).
The token needs to be in JWS or JWE Compact Serialization Format. (JWS): 'EncodedHeader.EncodedPayload.EncodedSignature'. (JWE): 'EncodedProtectedHeader.EncodedEncryptedKey.EncodedInitializationVector.EncodedCiphertext.EncodedAuthenticationTag'.
2026-09-05 18:14:06.640 +03:00 [INF] Executing endpoint 'CMS.API.Controllers.DashboardController.GetMetrics (CMS.API)'
2026-09-05 18:14:06.655 +03:00 [INF] Route matched with {action = "GetMetrics", controller = "Dashboard"}. Executing controller action with signature System.Threading.Tasks.Task`1[Microsoft.AspNetCore.Mvc.IActionResult] GetMetrics() on controller CMS.API.Controllers.DashboardController (CMS.API).
2026-09-05 18:14:07.299 +03:00 [INF] Executing OkObjectResult, writing value of type 'CMS.Shared.DTOs.ApiResponse`1[[System.Collections.Generic.List`1[[CMS.Shared.DTOs.ClinicSettingDto, CMS.Shared, Version=1.0.0.0, Culture=neutral, PublicKeyToken=null]], System.Private.CoreLib, Version=8.0.0.0, Culture=neutral, PublicKeyToken=7cec85d7bea7798e]]'.
2026-09-05 18:14:07.377 +03:00 [INF] Executing OkObjectResult, writing value of type 'CMS.Shared.DTOs.ApiResponse`1[[CMS.Shared.DTOs.DashboardMetricsDto, CMS.Shared, Version=1.0.0.0, Culture=neutral, PublicKeyToken=null]]'.
2026-09-05 18:14:07.384 +03:00 [INF] Executed action CMS.API.Controllers.SettingsController.GetSettings (CMS.API) in 741.138ms
2026-09-05 18:14:07.389 +03:00 [INF] Request starting HTTP/1.1 GET http://localhost:5010/api/v1/settings - null null
2026-09-05 18:14:07.398 +03:00 [INF] Executed endpoint 'CMS.API.Controllers.SettingsController.GetSettings (CMS.API)'
2026-09-05 18:14:07.413 +03:00 [INF] Request finished HTTP/1.1 GET http://localhost:5010/api/v1/settings - 200 null application/json; charset=utf-8 1040.2927ms
2026-09-05 18:14:07.418 +03:00 [INF] Executing endpoint 'CMS.API.Controllers.SettingsController.GetSettings (CMS.API)'
2026-09-05 18:14:07.430 +03:00 [INF] Route matched with {action = "GetSettings", controller = "Settings"}. Executing controller action with signature System.Threading.Tasks.Task`1[Microsoft.AspNetCore.Mvc.IActionResult] GetSettings() on controller CMS.API.Controllers.SettingsController (CMS.API).
2026-09-05 18:14:07.440 +03:00 [INF] Executing OkObjectResult, writing value of type 'CMS.Shared.DTOs.ApiResponse`1[[System.Collections.Generic.List`1[[CMS.Shared.DTOs.ClinicSettingDto, CMS.Shared, Version=1.0.0.0, Culture=neutral, PublicKeyToken=null]], System.Private.CoreLib, Version=8.0.0.0, Culture=neutral, PublicKeyToken=7cec85d7bea7798e]]'.
2026-09-05 18:14:07.447 +03:00 [INF] Executed action CMS.API.Controllers.SettingsController.GetSettings (CMS.API) in 10.4186ms
2026-09-05 18:14:07.452 +03:00 [INF] Executed endpoint 'CMS.API.Controllers.SettingsController.GetSettings (CMS.API)'
2026-09-05 18:14:07.457 +03:00 [INF] Request finished HTTP/1.1 GET http://localhost:5010/api/v1/settings - 200 null application/json; charset=utf-8 68.2349ms
2026-09-05 18:14:07.472 +03:00 [INF] Executed action CMS.API.Controllers.DashboardController.GetMetrics (CMS.API) in 809.6874ms
2026-09-05 18:14:07.477 +03:00 [INF] Executed endpoint 'CMS.API.Controllers.DashboardController.GetMetrics (CMS.API)'
2026-09-05 18:14:07.481 +03:00 [INF] Request starting HTTP/1.1 GET http://localhost:5010/api/v1/dashboard/metrics - null null
2026-09-05 18:14:07.482 +03:00 [INF] Request finished HTTP/1.1 GET http://localhost:5010/api/v1/dashboard/metrics - 200 null application/json; charset=utf-8 1110.2587ms
2026-09-05 18:14:07.492 +03:00 [INF] Failed to validate the token.
Microsoft.IdentityModel.Tokens.SecurityTokenMalformedException: IDX14100: JWT is not well formed, there are no dots (.).
The token needs to be in JWS or JWE Compact Serialization Format. (JWS): 'EncodedHeader.EncodedPayload.EncodedSignature'. (JWE): 'EncodedProtectedHeader.EncodedEncryptedKey.EncodedInitializationVector.EncodedCiphertext.EncodedAuthenticationTag'.
   at Microsoft.IdentityModel.JsonWebTokens.JsonWebToken.ReadToken(ReadOnlyMemory`1 encodedTokenMemory)
   at Microsoft.IdentityModel.JsonWebTokens.JsonWebToken..ctor(String jwtEncodedString)
   at Microsoft.IdentityModel.JsonWebTokens.JsonWebTokenHandler.ReadToken(String token, TokenValidationParameters validationParameters)
2026-09-05 18:14:07.505 +03:00 [INF] Bearer was not authenticated. Failure message: IDX14100: JWT is not well formed, there are no dots (.).
The token needs to be in JWS or JWE Compact Serialization Format. (JWS): 'EncodedHeader.EncodedPayload.EncodedSignature'. (JWE): 'EncodedProtectedHeader.EncodedEncryptedKey.EncodedInitializationVector.EncodedCiphertext.EncodedAuthenticationTag'.
2026-09-05 18:14:07.509 +03:00 [INF] Executing endpoint 'CMS.API.Controllers.DashboardController.GetMetrics (CMS.API)'
2026-09-05 18:14:07.512 +03:00 [INF] Route matched with {action = "GetMetrics", controller = "Dashboard"}. Executing controller action with signature System.Threading.Tasks.Task`1[Microsoft.AspNetCore.Mvc.IActionResult] GetMetrics() on controller CMS.API.Controllers.DashboardController (CMS.API).
2026-09-05 18:14:07.527 +03:00 [INF] Executing OkObjectResult, writing value of type 'CMS.Shared.DTOs.ApiResponse`1[[CMS.Shared.DTOs.DashboardMetricsDto, CMS.Shared, Version=1.0.0.0, Culture=neutral, PublicKeyToken=null]]'.
2026-09-05 18:14:07.531 +03:00 [INF] Executed action CMS.API.Controllers.DashboardController.GetMetrics (CMS.API) in 14.4252ms
2026-09-05 18:14:07.535 +03:00 [INF] Executed endpoint 'CMS.API.Controllers.DashboardController.GetMetrics (CMS.API)'
2026-09-05 18:14:07.539 +03:00 [INF] Request finished HTTP/1.1 GET http://localhost:5010/api/v1/dashboard/metrics - 200 null application/json; charset=utf-8 58.0375ms
2026-09-05 18:14:23.196 +03:00 [INF] Request starting HTTP/1.1 GET http://localhost:5010/api/v1/laboratory/worklist?date=2026-09-05 - application/json null
2026-09-05 18:14:23.196 +03:00 [INF] Request starting HTTP/1.1 GET http://localhost:5010/api/v1/laboratory/criticals - application/json null
2026-09-05 18:14:23.196 +03:00 [INF] Request starting HTTP/1.1 GET http://localhost:5010/api/v1/laboratory/catalog - application/json null
2026-09-05 18:14:23.204 +03:00 [INF] Executing endpoint 'CMS.API.Controllers.LaboratoryController.GetWorklist (CMS.API)'
2026-09-05 18:14:23.212 +03:00 [INF] Executing endpoint 'CMS.API.Controllers.LaboratoryController.GetCriticals (CMS.API)'
2026-09-05 18:14:23.215 +03:00 [INF] Executing endpoint 'CMS.API.Controllers.LaboratoryController.GetCatalog (CMS.API)'
2026-09-05 18:14:23.227 +03:00 [INF] Route matched with {action = "GetCriticals", controller = "Laboratory"}. Executing controller action with signature System.Threading.Tasks.Task`1[Microsoft.AspNetCore.Mvc.IActionResult] GetCriticals() on controller CMS.API.Controllers.LaboratoryController (CMS.API).
2026-09-05 18:14:23.230 +03:00 [INF] Route matched with {action = "GetCatalog", controller = "Laboratory"}. Executing controller action with signature System.Threading.Tasks.Task`1[Microsoft.AspNetCore.Mvc.IActionResult] GetCatalog() on controller CMS.API.Controllers.LaboratoryController (CMS.API).
2026-09-05 18:14:23.239 +03:00 [INF] Route matched with {action = "GetWorklist", controller = "Laboratory"}. Executing controller action with signature System.Threading.Tasks.Task`1[Microsoft.AspNetCore.Mvc.IActionResult] GetWorklist(System.Nullable`1[System.DateTime], System.Nullable`1[System.Byte]) on controller CMS.API.Controllers.LaboratoryController (CMS.API).
2026-09-05 18:14:23.475 +03:00 [INF] Executing OkObjectResult, writing value of type 'CMS.Shared.DTOs.ApiResponse`1[[System.Collections.Generic.List`1[[CMS.Shared.DTOs.LabTestCatalogDto, CMS.Shared, Version=1.0.0.0, Culture=neutral, PublicKeyToken=null]], System.Private.CoreLib, Version=8.0.0.0, Culture=neutral, PublicKeyToken=7cec85d7bea7798e]]'.
2026-09-05 18:14:23.502 +03:00 [INF] Executing OkObjectResult, writing value of type 'CMS.Shared.DTOs.ApiResponse`1[[System.Object, System.Private.CoreLib, Version=8.0.0.0, Culture=neutral, PublicKeyToken=7cec85d7bea7798e]]'.
2026-09-05 18:14:23.518 +03:00 [INF] Executed action CMS.API.Controllers.LaboratoryController.GetCatalog (CMS.API) in 281.1427ms
2026-09-05 18:14:23.522 +03:00 [INF] Executed action CMS.API.Controllers.LaboratoryController.GetCriticals (CMS.API) in 289.3194ms
2026-09-05 18:14:23.527 +03:00 [INF] Executed endpoint 'CMS.API.Controllers.LaboratoryController.GetCatalog (CMS.API)'
2026-09-05 18:14:23.528 +03:00 [INF] Request starting HTTP/1.1 GET http://localhost:5010/api/v1/laboratory/catalog - application/json null
2026-09-05 18:14:23.535 +03:00 [INF] Executed endpoint 'CMS.API.Controllers.LaboratoryController.GetCriticals (CMS.API)'
2026-09-05 18:14:23.535 +03:00 [INF] Executing OkObjectResult, writing value of type 'CMS.Shared.DTOs.ApiResponse`1[[System.Object, System.Private.CoreLib, Version=8.0.0.0, Culture=neutral, PublicKeyToken=7cec85d7bea7798e]]'.
2026-09-05 18:14:23.539 +03:00 [INF] Request finished HTTP/1.1 GET http://localhost:5010/api/v1/laboratory/catalog - 200 null application/json; charset=utf-8 342.8951ms
2026-09-05 18:14:23.550 +03:00 [INF] Executing endpoint 'CMS.API.Controllers.LaboratoryController.GetCatalog (CMS.API)'
2026-09-05 18:14:23.553 +03:00 [INF] Request finished HTTP/1.1 GET http://localhost:5010/api/v1/laboratory/criticals - 200 null application/json; charset=utf-8 356.9122ms
2026-09-05 18:14:23.558 +03:00 [INF] Executed action CMS.API.Controllers.LaboratoryController.GetWorklist (CMS.API) in 314.5147ms
2026-09-05 18:14:23.573 +03:00 [INF] Route matched with {action = "GetCatalog", controller = "Laboratory"}. Executing controller action with signature System.Threading.Tasks.Task`1[Microsoft.AspNetCore.Mvc.IActionResult] GetCatalog() on controller CMS.API.Controllers.LaboratoryController (CMS.API).
2026-09-05 18:14:23.587 +03:00 [INF] Executed endpoint 'CMS.API.Controllers.LaboratoryController.GetWorklist (CMS.API)'
2026-09-05 18:14:23.596 +03:00 [INF] Executing OkObjectResult, writing value of type 'CMS.Shared.DTOs.ApiResponse`1[[System.Collections.Generic.List`1[[CMS.Shared.DTOs.LabTestCatalogDto, CMS.Shared, Version=1.0.0.0, Culture=neutral, PublicKeyToken=null]], System.Private.CoreLib, Version=8.0.0.0, Culture=neutral, PublicKeyToken=7cec85d7bea7798e]]'.
2026-09-05 18:14:23.597 +03:00 [INF] Request finished HTTP/1.1 GET http://localhost:5010/api/v1/laboratory/worklist?date=2026-09-05 - 200 null application/json; charset=utf-8 400.7134ms
2026-09-05 18:14:23.602 +03:00 [INF] Executed action CMS.API.Controllers.LaboratoryController.GetCatalog (CMS.API) in 8.4379ms
2026-09-05 18:14:23.615 +03:00 [INF] Executed endpoint 'CMS.API.Controllers.LaboratoryController.GetCatalog (CMS.API)'
2026-09-05 18:14:23.619 +03:00 [INF] Request finished HTTP/1.1 GET http://localhost:5010/api/v1/laboratory/catalog - 200 null application/json; charset=utf-8 90.3881ms
2026-09-05 18:14:23.843 +03:00 [INF] Request starting HTTP/1.1 GET http://localhost:5010/api/v1/laboratory/criticals - application/json null
2026-09-05 18:14:23.853 +03:00 [INF] Executing endpoint 'CMS.API.Controllers.LaboratoryController.GetCriticals (CMS.API)'
2026-09-05 18:14:23.858 +03:00 [INF] Route matched with {action = "GetCriticals", controller = "Laboratory"}. Executing controller action with signature System.Threading.Tasks.Task`1[Microsoft.AspNetCore.Mvc.IActionResult] GetCriticals() on controller CMS.API.Controllers.LaboratoryController (CMS.API).
2026-09-05 18:14:23.866 +03:00 [INF] Executing OkObjectResult, writing value of type 'CMS.Shared.DTOs.ApiResponse`1[[System.Object, System.Private.CoreLib, Version=8.0.0.0, Culture=neutral, PublicKeyToken=7cec85d7bea7798e]]'.
2026-09-05 18:14:23.871 +03:00 [INF] Executed action CMS.API.Controllers.LaboratoryController.GetCriticals (CMS.API) in 6.3493ms
2026-09-05 18:14:23.877 +03:00 [INF] Executed endpoint 'CMS.API.Controllers.LaboratoryController.GetCriticals (CMS.API)'
2026-09-05 18:14:23.877 +03:00 [INF] Request starting HTTP/1.1 GET http://localhost:5010/api/v1/laboratory/worklist?date=2026-09-05 - application/json null
2026-09-05 18:14:23.880 +03:00 [INF] Request finished HTTP/1.1 GET http://localhost:5010/api/v1/laboratory/criticals - 200 null application/json; charset=utf-8 36.86ms
2026-09-05 18:14:23.889 +03:00 [INF] Executing endpoint 'CMS.API.Controllers.LaboratoryController.GetWorklist (CMS.API)'
2026-09-05 18:14:23.900 +03:00 [INF] Route matched with {action = "GetWorklist", controller = "Laboratory"}. Executing controller action with signature System.Threading.Tasks.Task`1[Microsoft.AspNetCore.Mvc.IActionResult] GetWorklist(System.Nullable`1[System.DateTime], System.Nullable`1[System.Byte]) on controller CMS.API.Controllers.LaboratoryController (CMS.API).
2026-09-05 18:14:23.908 +03:00 [INF] Executing OkObjectResult, writing value of type 'CMS.Shared.DTOs.ApiResponse`1[[System.Object, System.Private.CoreLib, Version=8.0.0.0, Culture=neutral, PublicKeyToken=7cec85d7bea7798e]]'.
2026-09-05 18:14:23.912 +03:00 [INF] Executed action CMS.API.Controllers.LaboratoryController.GetWorklist (CMS.API) in 7.3051ms
2026-09-05 18:14:23.916 +03:00 [INF] Executed endpoint 'CMS.API.Controllers.LaboratoryController.GetWorklist (CMS.API)'
2026-09-05 18:14:23.919 +03:00 [INF] Request finished HTTP/1.1 GET http://localhost:5010/api/v1/laboratory/worklist?date=2026-09-05 - 200 null application/json; charset=utf-8 42.0838ms
2026-09-05 18:14:26.987 +03:00 [INF] Request starting HTTP/1.1 GET http://localhost:5010/api/v1/laboratory/catalog - application/json null
2026-09-05 18:14:26.987 +03:00 [INF] Request starting HTTP/1.1 GET http://localhost:5010/api/v1/laboratory/worklist?date=2026-09-03 - application/json null
2026-09-05 18:14:26.987 +03:00 [INF] Request starting HTTP/1.1 GET http://localhost:5010/api/v1/laboratory/criticals - application/json null
2026-09-05 18:14:26.994 +03:00 [INF] Executing endpoint 'CMS.API.Controllers.LaboratoryController.GetCatalog (CMS.API)'
2026-09-05 18:14:27.000 +03:00 [INF] Executing endpoint 'CMS.API.Controllers.LaboratoryController.GetWorklist (CMS.API)'
2026-09-05 18:14:27.005 +03:00 [INF] Executing endpoint 'CMS.API.Controllers.LaboratoryController.GetCriticals (CMS.API)'
2026-09-05 18:14:27.008 +03:00 [INF] Route matched with {action = "GetCatalog", controller = "Laboratory"}. Executing controller action with signature System.Threading.Tasks.Task`1[Microsoft.AspNetCore.Mvc.IActionResult] GetCatalog() on controller CMS.API.Controllers.LaboratoryController (CMS.API).
2026-09-05 18:14:27.010 +03:00 [INF] Route matched with {action = "GetWorklist", controller = "Laboratory"}. Executing controller action with signature System.Threading.Tasks.Task`1[Microsoft.AspNetCore.Mvc.IActionResult] GetWorklist(System.Nullable`1[System.DateTime], System.Nullable`1[System.Byte]) on controller CMS.API.Controllers.LaboratoryController (CMS.API).
2026-09-05 18:14:27.013 +03:00 [INF] Route matched with {action = "GetCriticals", controller = "Laboratory"}. Executing controller action with signature System.Threading.Tasks.Task`1[Microsoft.AspNetCore.Mvc.IActionResult] GetCriticals() on controller CMS.API.Controllers.LaboratoryController (CMS.API).
2026-09-05 18:14:27.020 +03:00 [INF] Executing OkObjectResult, writing value of type 'CMS.Shared.DTOs.ApiResponse`1[[System.Collections.Generic.List`1[[CMS.Shared.DTOs.LabTestCatalogDto, CMS.Shared, Version=1.0.0.0, Culture=neutral, PublicKeyToken=null]], System.Private.CoreLib, Version=8.0.0.0, Culture=neutral, PublicKeyToken=7cec85d7bea7798e]]'.
2026-09-05 18:14:27.030 +03:00 [INF] Executing OkObjectResult, writing value of type 'CMS.Shared.DTOs.ApiResponse`1[[System.Object, System.Private.CoreLib, Version=8.0.0.0, Culture=neutral, PublicKeyToken=7cec85d7bea7798e]]'.
2026-09-05 18:14:27.032 +03:00 [INF] Executing OkObjectResult, writing value of type 'CMS.Shared.DTOs.ApiResponse`1[[System.Object, System.Private.CoreLib, Version=8.0.0.0, Culture=neutral, PublicKeyToken=7cec85d7bea7798e]]'.
2026-09-05 18:14:27.035 +03:00 [INF] Executed action CMS.API.Controllers.LaboratoryController.GetCatalog (CMS.API) in 17.7516ms
2026-09-05 18:14:27.040 +03:00 [INF] Executed action CMS.API.Controllers.LaboratoryController.GetWorklist (CMS.API) in 17.344ms
2026-09-05 18:14:27.046 +03:00 [INF] Executed action CMS.API.Controllers.LaboratoryController.GetCriticals (CMS.API) in 16.4049ms
2026-09-05 18:14:27.050 +03:00 [INF] Executed endpoint 'CMS.API.Controllers.LaboratoryController.GetCatalog (CMS.API)'
2026-09-05 18:14:27.054 +03:00 [INF] Executed endpoint 'CMS.API.Controllers.LaboratoryController.GetWorklist (CMS.API)'
2026-09-05 18:14:27.059 +03:00 [INF] Executed endpoint 'CMS.API.Controllers.LaboratoryController.GetCriticals (CMS.API)'
2026-09-05 18:14:27.063 +03:00 [INF] Request finished HTTP/1.1 GET http://localhost:5010/api/v1/laboratory/catalog - 200 null application/json; charset=utf-8 75.9883ms
2026-09-05 18:14:27.067 +03:00 [INF] Request finished HTTP/1.1 GET http://localhost:5010/api/v1/laboratory/worklist?date=2026-09-03 - 200 null application/json; charset=utf-8 79.6145ms
2026-09-05 18:14:27.070 +03:00 [INF] Request finished HTTP/1.1 GET http://localhost:5010/api/v1/laboratory/criticals - 200 null application/json; charset=utf-8 82.9105ms
2026-09-05 18:14:29.286 +03:00 [INF] Request starting HTTP/1.1 GET http://localhost:5010/api/v1/laboratory/catalog - application/json null
2026-09-05 18:14:29.295 +03:00 [INF] Executing endpoint 'CMS.API.Controllers.LaboratoryController.GetCatalog (CMS.API)'
2026-09-05 18:14:29.299 +03:00 [INF] Route matched with {action = "GetCatalog", controller = "Laboratory"}. Executing controller action with signature System.Threading.Tasks.Task`1[Microsoft.AspNetCore.Mvc.IActionResult] GetCatalog() on controller CMS.API.Controllers.LaboratoryController (CMS.API).
2026-09-05 18:14:29.307 +03:00 [INF] Executing OkObjectResult, writing value of type 'CMS.Shared.DTOs.ApiResponse`1[[System.Collections.Generic.List`1[[CMS.Shared.DTOs.LabTestCatalogDto, CMS.Shared, Version=1.0.0.0, Culture=neutral, PublicKeyToken=null]], System.Private.CoreLib, Version=8.0.0.0, Culture=neutral, PublicKeyToken=7cec85d7bea7798e]]'.
2026-09-05 18:14:29.310 +03:00 [INF] Executed action CMS.API.Controllers.LaboratoryController.GetCatalog (CMS.API) in 5.9459ms
2026-09-05 18:14:29.314 +03:00 [INF] Executed endpoint 'CMS.API.Controllers.LaboratoryController.GetCatalog (CMS.API)'
2026-09-05 18:14:29.317 +03:00 [INF] Request finished HTTP/1.1 GET http://localhost:5010/api/v1/laboratory/catalog - 200 null application/json; charset=utf-8 31.1164ms
2026-09-05 18:14:29.602 +03:00 [INF] Request starting HTTP/1.1 GET http://localhost:5010/api/v1/laboratory/worklist?date=2026-09-02 - application/json null
2026-09-05 18:14:29.602 +03:00 [INF] Request starting HTTP/1.1 GET http://localhost:5010/api/v1/laboratory/criticals - application/json null
2026-09-05 18:14:29.608 +03:00 [INF] Executing endpoint 'CMS.API.Controllers.LaboratoryController.GetWorklist (CMS.API)'
2026-09-05 18:14:29.612 +03:00 [INF] Executing endpoint 'CMS.API.Controllers.LaboratoryController.GetCriticals (CMS.API)'
2026-09-05 18:14:29.614 +03:00 [INF] Route matched with {action = "GetWorklist", controller = "Laboratory"}. Executing controller action with signature System.Threading.Tasks.Task`1[Microsoft.AspNetCore.Mvc.IActionResult] GetWorklist(System.Nullable`1[System.DateTime], System.Nullable`1[System.Byte]) on controller CMS.API.Controllers.LaboratoryController (CMS.API).
2026-09-05 18:14:29.617 +03:00 [INF] Route matched with {action = "GetCriticals", controller = "Laboratory"}. Executing controller action with signature System.Threading.Tasks.Task`1[Microsoft.AspNetCore.Mvc.IActionResult] GetCriticals() on controller CMS.API.Controllers.LaboratoryController (CMS.API).
2026-09-05 18:14:29.622 +03:00 [INF] Executing OkObjectResult, writing value of type 'CMS.Shared.DTOs.ApiResponse`1[[System.Object, System.Private.CoreLib, Version=8.0.0.0, Culture=neutral, PublicKeyToken=7cec85d7bea7798e]]'.
2026-09-05 18:14:29.625 +03:00 [INF] Executing OkObjectResult, writing value of type 'CMS.Shared.DTOs.ApiResponse`1[[System.Object, System.Private.CoreLib, Version=8.0.0.0, Culture=neutral, PublicKeyToken=7cec85d7bea7798e]]'.
2026-09-05 18:14:29.626 +03:00 [INF] Executed action CMS.API.Controllers.LaboratoryController.GetWorklist (CMS.API) in 6.5403ms
2026-09-05 18:14:29.630 +03:00 [INF] Executed action CMS.API.Controllers.LaboratoryController.GetCriticals (CMS.API) in 6.4604ms
2026-09-05 18:14:29.633 +03:00 [INF] Executed endpoint 'CMS.API.Controllers.LaboratoryController.GetWorklist (CMS.API)'
2026-09-05 18:14:29.636 +03:00 [INF] Executed endpoint 'CMS.API.Controllers.LaboratoryController.GetCriticals (CMS.API)'
2026-09-05 18:14:29.638 +03:00 [INF] Request finished HTTP/1.1 GET http://localhost:5010/api/v1/laboratory/worklist?date=2026-09-02 - 200 null application/json; charset=utf-8 36.4659ms
2026-09-05 18:14:29.641 +03:00 [INF] Request finished HTTP/1.1 GET http://localhost:5010/api/v1/laboratory/criticals - 200 null application/json; charset=utf-8 38.7169ms
2026-09-05 18:14:33.784 +03:00 [INF] Request starting HTTP/1.1 GET http://localhost:5010/api/v1/laboratory/catalog - application/json null
2026-09-05 18:14:33.790 +03:00 [INF] Executing endpoint 'CMS.API.Controllers.LaboratoryController.GetCatalog (CMS.API)'
2026-09-05 18:14:33.792 +03:00 [INF] Route matched with {action = "GetCatalog", controller = "Laboratory"}. Executing controller action with signature System.Threading.Tasks.Task`1[Microsoft.AspNetCore.Mvc.IActionResult] GetCatalog() on controller CMS.API.Controllers.LaboratoryController (CMS.API).
2026-09-05 18:14:33.799 +03:00 [INF] Executing OkObjectResult, writing value of type 'CMS.Shared.DTOs.ApiResponse`1[[System.Collections.Generic.List`1[[CMS.Shared.DTOs.LabTestCatalogDto, CMS.Shared, Version=1.0.0.0, Culture=neutral, PublicKeyToken=null]], System.Private.CoreLib, Version=8.0.0.0, Culture=neutral, PublicKeyToken=7cec85d7bea7798e]]'.
2026-09-05 18:14:33.800 +03:00 [INF] Request starting HTTP/1.1 GET http://localhost:5010/api/v1/laboratory/worklist?date=2026-09-05 - application/json null
2026-09-05 18:14:33.800 +03:00 [INF] Request starting HTTP/1.1 GET http://localhost:5010/api/v1/laboratory/criticals - application/json null
2026-09-05 18:14:33.803 +03:00 [INF] Executed action CMS.API.Controllers.LaboratoryController.GetCatalog (CMS.API) in 5.709ms
2026-09-05 18:14:33.809 +03:00 [INF] Executing endpoint 'CMS.API.Controllers.LaboratoryController.GetWorklist (CMS.API)'
2026-09-05 18:14:33.847 +03:00 [INF] Executing endpoint 'CMS.API.Controllers.LaboratoryController.GetCriticals (CMS.API)'
2026-09-05 18:14:33.857 +03:00 [INF] Executed endpoint 'CMS.API.Controllers.LaboratoryController.GetCatalog (CMS.API)'
2026-09-05 18:14:33.864 +03:00 [INF] Route matched with {action = "GetWorklist", controller = "Laboratory"}. Executing controller action with signature System.Threading.Tasks.Task`1[Microsoft.AspNetCore.Mvc.IActionResult] GetWorklist(System.Nullable`1[System.DateTime], System.Nullable`1[System.Byte]) on controller CMS.API.Controllers.LaboratoryController (CMS.API).
2026-09-05 18:14:33.868 +03:00 [INF] Route matched with {action = "GetCriticals", controller = "Laboratory"}. Executing controller action with signature System.Threading.Tasks.Task`1[Microsoft.AspNetCore.Mvc.IActionResult] GetCriticals() on controller CMS.API.Controllers.LaboratoryController (CMS.API).
2026-09-05 18:14:33.881 +03:00 [INF] Request finished HTTP/1.1 GET http://localhost:5010/api/v1/laboratory/catalog - 200 null application/json; charset=utf-8 97.4577ms
2026-09-05 18:14:33.901 +03:00 [INF] Executing OkObjectResult, writing value of type 'CMS.Shared.DTOs.ApiResponse`1[[System.Object, System.Private.CoreLib, Version=8.0.0.0, Culture=neutral, PublicKeyToken=7cec85d7bea7798e]]'.
2026-09-05 18:14:33.920 +03:00 [INF] Executing OkObjectResult, writing value of type 'CMS.Shared.DTOs.ApiResponse`1[[System.Object, System.Private.CoreLib, Version=8.0.0.0, Culture=neutral, PublicKeyToken=7cec85d7bea7798e]]'.
2026-09-05 18:14:33.948 +03:00 [INF] Executed action CMS.API.Controllers.LaboratoryController.GetWorklist (CMS.API) in 49.1154ms
2026-09-05 18:14:33.953 +03:00 [INF] Executed action CMS.API.Controllers.LaboratoryController.GetCriticals (CMS.API) in 35.3915ms
2026-09-05 18:14:33.959 +03:00 [INF] Executed endpoint 'CMS.API.Controllers.LaboratoryController.GetWorklist (CMS.API)'
2026-09-05 18:14:33.964 +03:00 [INF] Executed endpoint 'CMS.API.Controllers.LaboratoryController.GetCriticals (CMS.API)'
2026-09-05 18:14:33.970 +03:00 [INF] Request finished HTTP/1.1 GET http://localhost:5010/api/v1/laboratory/worklist?date=2026-09-05 - 200 null application/json; charset=utf-8 169.4057ms
2026-09-05 18:14:33.972 +03:00 [INF] Request finished HTTP/1.1 GET http://localhost:5010/api/v1/laboratory/criticals - 200 null application/json; charset=utf-8 172.1191ms
2026-09-05 18:15:40.862 +03:00 [INF] Request starting HTTP/1.1 GET http://localhost:5010/api/v1/laboratory/catalog - application/json null
2026-09-05 18:15:40.875 +03:00 [INF] Executing endpoint 'CMS.API.Controllers.LaboratoryController.GetCatalog (CMS.API)'
2026-09-05 18:15:40.889 +03:00 [INF] Route matched with {action = "GetCatalog", controller = "Laboratory"}. Executing controller action with signature System.Threading.Tasks.Task`1[Microsoft.AspNetCore.Mvc.IActionResult] GetCatalog() on controller CMS.API.Controllers.LaboratoryController (CMS.API).
2026-09-05 18:15:40.936 +03:00 [INF] Executing OkObjectResult, writing value of type 'CMS.Shared.DTOs.ApiResponse`1[[System.Collections.Generic.List`1[[CMS.Shared.DTOs.LabTestCatalogDto, CMS.Shared, Version=1.0.0.0, Culture=neutral, PublicKeyToken=null]], System.Private.CoreLib, Version=8.0.0.0, Culture=neutral, PublicKeyToken=7cec85d7bea7798e]]'.
2026-09-05 18:15:40.954 +03:00 [INF] Executed action CMS.API.Controllers.LaboratoryController.GetCatalog (CMS.API) in 39.7778ms
2026-09-05 18:15:40.958 +03:00 [INF] Executed endpoint 'CMS.API.Controllers.LaboratoryController.GetCatalog (CMS.API)'
2026-09-05 18:15:40.961 +03:00 [INF] Request finished HTTP/1.1 GET http://localhost:5010/api/v1/laboratory/catalog - 200 null application/json; charset=utf-8 98.8937ms
2026-09-05 18:15:41.126 +03:00 [INF] Request starting HTTP/1.1 GET http://localhost:5010/api/v1/laboratory/catalog - application/json null
2026-09-05 18:15:41.133 +03:00 [INF] Executing endpoint 'CMS.API.Controllers.LaboratoryController.GetCatalog (CMS.API)'
2026-09-05 18:15:41.135 +03:00 [INF] Route matched with {action = "GetCatalog", controller = "Laboratory"}. Executing controller action with signature System.Threading.Tasks.Task`1[Microsoft.AspNetCore.Mvc.IActionResult] GetCatalog() on controller CMS.API.Controllers.LaboratoryController (CMS.API).
2026-09-05 18:15:41.141 +03:00 [INF] Executing OkObjectResult, writing value of type 'CMS.Shared.DTOs.ApiResponse`1[[System.Collections.Generic.List`1[[CMS.Shared.DTOs.LabTestCatalogDto, CMS.Shared, Version=1.0.0.0, Culture=neutral, PublicKeyToken=null]], System.Private.CoreLib, Version=8.0.0.0, Culture=neutral, PublicKeyToken=7cec85d7bea7798e]]'.
2026-09-05 18:15:41.145 +03:00 [INF] Executed action CMS.API.Controllers.LaboratoryController.GetCatalog (CMS.API) in 6.1396ms
2026-09-05 18:15:41.148 +03:00 [INF] Executed endpoint 'CMS.API.Controllers.LaboratoryController.GetCatalog (CMS.API)'
2026-09-05 18:15:41.151 +03:00 [INF] Request finished HTTP/1.1 GET http://localhost:5010/api/v1/laboratory/catalog - 200 null application/json; charset=utf-8 25.4558ms
2026-09-05 18:16:20.023 +03:00 [INF] Request starting HTTP/1.1 GET http://localhost:5010/api/v1/triage/queue?date=2026-09-05 - application/json null
2026-09-05 18:16:20.032 +03:00 [INF] Executing endpoint 'CMS.API.Controllers.TriageController.GetQueue (CMS.API)'
2026-09-05 18:16:20.045 +03:00 [INF] Route matched with {action = "GetQueue", controller = "Triage"}. Executing controller action with signature System.Threading.Tasks.Task`1[Microsoft.AspNetCore.Mvc.IActionResult] GetQueue(System.String, System.Nullable`1[System.DateTime]) on controller CMS.API.Controllers.TriageController (CMS.API).
2026-09-05 18:16:20.145 +03:00 [INF] Executing OkObjectResult, writing value of type 'CMS.Shared.DTOs.ApiResponse`1[[System.Collections.Generic.List`1[[CMS.Shared.DTOs.TriageDto, CMS.Shared, Version=1.0.0.0, Culture=neutral, PublicKeyToken=null]], System.Private.CoreLib, Version=8.0.0.0, Culture=neutral, PublicKeyToken=7cec85d7bea7798e]]'.
2026-09-05 18:16:20.188 +03:00 [INF] Executed action CMS.API.Controllers.TriageController.GetQueue (CMS.API) in 138.5534ms
2026-09-05 18:16:20.192 +03:00 [INF] Executed endpoint 'CMS.API.Controllers.TriageController.GetQueue (CMS.API)'
2026-09-05 18:16:20.195 +03:00 [INF] Request finished HTTP/1.1 GET http://localhost:5010/api/v1/triage/queue?date=2026-09-05 - 200 null application/json; charset=utf-8 171.6187ms
2026-09-05 18:16:20.344 +03:00 [INF] Request starting HTTP/1.1 GET http://localhost:5010/api/v1/staff/doctors - application/json null
2026-09-05 18:16:20.346 +03:00 [INF] Request starting HTTP/1.1 GET http://localhost:5010/api/v1/patients/search - application/json null
2026-09-05 18:16:20.362 +03:00 [INF] Executing endpoint 'CMS.API.Controllers.StaffController.GetDoctors (CMS.API)'
2026-09-05 18:16:20.377 +03:00 [INF] Executing endpoint 'CMS.API.Controllers.PatientsController.Search (CMS.API)'
2026-09-05 18:16:20.389 +03:00 [INF] Route matched with {action = "GetDoctors", controller = "Staff"}. Executing controller action with signature System.Threading.Tasks.Task`1[Microsoft.AspNetCore.Mvc.IActionResult] GetDoctors() on controller CMS.API.Controllers.StaffController (CMS.API).
2026-09-05 18:16:20.392 +03:00 [INF] Route matched with {action = "Search", controller = "Patients"}. Executing controller action with signature System.Threading.Tasks.Task`1[Microsoft.AspNetCore.Mvc.IActionResult] Search(System.String, Int32) on controller CMS.API.Controllers.PatientsController (CMS.API).
2026-09-05 18:16:20.416 +03:00 [INF] Executing OkObjectResult, writing value of type 'CMS.Shared.DTOs.ApiResponse`1[[System.Collections.Generic.List`1[[CMS.Shared.DTOs.PatientDto, CMS.Shared, Version=1.0.0.0, Culture=neutral, PublicKeyToken=null]], System.Private.CoreLib, Version=8.0.0.0, Culture=neutral, PublicKeyToken=7cec85d7bea7798e]]'.
2026-09-05 18:16:20.431 +03:00 [INF] Executed action CMS.API.Controllers.PatientsController.Search (CMS.API) in 32.7072ms
2026-09-05 18:16:20.434 +03:00 [INF] Executing OkObjectResult, writing value of type 'CMS.Shared.DTOs.ApiResponse`1[[System.Collections.Generic.List`1[[CMS.Shared.DTOs.DoctorDto, CMS.Shared, Version=1.0.0.0, Culture=neutral, PublicKeyToken=null]], System.Private.CoreLib, Version=8.0.0.0, Culture=neutral, PublicKeyToken=7cec85d7bea7798e]]'.
2026-09-05 18:16:20.435 +03:00 [INF] Executed endpoint 'CMS.API.Controllers.PatientsController.Search (CMS.API)'
2026-09-05 18:16:20.442 +03:00 [INF] Request finished HTTP/1.1 GET http://localhost:5010/api/v1/patients/search - 200 null application/json; charset=utf-8 96.3174ms
2026-09-05 18:16:20.449 +03:00 [INF] Executed action CMS.API.Controllers.StaffController.GetDoctors (CMS.API) in 55.3481ms
2026-09-05 18:16:20.454 +03:00 [INF] Executed endpoint 'CMS.API.Controllers.StaffController.GetDoctors (CMS.API)'
2026-09-05 18:16:20.457 +03:00 [INF] Request finished HTTP/1.1 GET http://localhost:5010/api/v1/staff/doctors - 200 null application/json; charset=utf-8 113.1983ms
2026-09-05 18:16:20.505 +03:00 [INF] Request starting HTTP/1.1 GET http://localhost:5010/api/v1/triage/queue?date=2026-09-05 - application/json null
2026-09-05 18:16:20.514 +03:00 [INF] Executing endpoint 'CMS.API.Controllers.TriageController.GetQueue (CMS.API)'
2026-09-05 18:16:20.517 +03:00 [INF] Route matched with {action = "GetQueue", controller = "Triage"}. Executing controller action with signature System.Threading.Tasks.Task`1[Microsoft.AspNetCore.Mvc.IActionResult] GetQueue(System.String, System.Nullable`1[System.DateTime]) on controller CMS.API.Controllers.TriageController (CMS.API).
2026-09-05 18:16:20.523 +03:00 [INF] Executing OkObjectResult, writing value of type 'CMS.Shared.DTOs.ApiResponse`1[[System.Collections.Generic.List`1[[CMS.Shared.DTOs.TriageDto, CMS.Shared, Version=1.0.0.0, Culture=neutral, PublicKeyToken=null]], System.Private.CoreLib, Version=8.0.0.0, Culture=neutral, PublicKeyToken=7cec85d7bea7798e]]'.
2026-09-05 18:16:20.527 +03:00 [INF] Executed action CMS.API.Controllers.TriageController.GetQueue (CMS.API) in 5.587ms
2026-09-05 18:16:20.530 +03:00 [INF] Executed endpoint 'CMS.API.Controllers.TriageController.GetQueue (CMS.API)'
2026-09-05 18:16:20.534 +03:00 [INF] Request finished HTTP/1.1 GET http://localhost:5010/api/v1/triage/queue?date=2026-09-05 - 200 null application/json; charset=utf-8 28.9075ms
2026-09-05 18:16:20.752 +03:00 [INF] Request starting HTTP/1.1 GET http://localhost:5010/api/v1/patients/search - application/json null
2026-09-05 18:16:20.759 +03:00 [INF] Executing endpoint 'CMS.API.Controllers.PatientsController.Search (CMS.API)'
2026-09-05 18:16:20.762 +03:00 [INF] Route matched with {action = "Search", controller = "Patients"}. Executing controller action with signature System.Threading.Tasks.Task`1[Microsoft.AspNetCore.Mvc.IActionResult] Search(System.String, Int32) on controller CMS.API.Controllers.PatientsController (CMS.API).
2026-09-05 18:16:20.767 +03:00 [INF] Request starting HTTP/1.1 GET http://localhost:5010/api/v1/staff/doctors - application/json null
2026-09-05 18:16:20.768 +03:00 [INF] Executing OkObjectResult, writing value of type 'CMS.Shared.DTOs.ApiResponse`1[[System.Collections.Generic.List`1[[CMS.Shared.DTOs.PatientDto, CMS.Shared, Version=1.0.0.0, Culture=neutral, PublicKeyToken=null]], System.Private.CoreLib, Version=8.0.0.0, Culture=neutral, PublicKeyToken=7cec85d7bea7798e]]'.
2026-09-05 18:16:20.773 +03:00 [INF] Executing endpoint 'CMS.API.Controllers.StaffController.GetDoctors (CMS.API)'
2026-09-05 18:16:20.775 +03:00 [INF] Executed action CMS.API.Controllers.PatientsController.Search (CMS.API) in 9.7802ms
2026-09-05 18:16:20.778 +03:00 [INF] Route matched with {action = "GetDoctors", controller = "Staff"}. Executing controller action with signature System.Threading.Tasks.Task`1[Microsoft.AspNetCore.Mvc.IActionResult] GetDoctors() on controller CMS.API.Controllers.StaffController (CMS.API).
2026-09-05 18:16:20.781 +03:00 [INF] Executed endpoint 'CMS.API.Controllers.PatientsController.Search (CMS.API)'
2026-09-05 18:16:20.786 +03:00 [INF] Executing OkObjectResult, writing value of type 'CMS.Shared.DTOs.ApiResponse`1[[System.Collections.Generic.List`1[[CMS.Shared.DTOs.DoctorDto, CMS.Shared, Version=1.0.0.0, Culture=neutral, PublicKeyToken=null]], System.Private.CoreLib, Version=8.0.0.0, Culture=neutral, PublicKeyToken=7cec85d7bea7798e]]'.
2026-09-05 18:16:20.786 +03:00 [INF] Request finished HTTP/1.1 GET http://localhost:5010/api/v1/patients/search - 200 null application/json; charset=utf-8 33.8794ms
2026-09-05 18:16:20.789 +03:00 [INF] Executed action CMS.API.Controllers.StaffController.GetDoctors (CMS.API) in 5.1921ms
2026-09-05 18:16:20.799 +03:00 [INF] Executed endpoint 'CMS.API.Controllers.StaffController.GetDoctors (CMS.API)'
2026-09-05 18:16:20.801 +03:00 [INF] Request finished HTTP/1.1 GET http://localhost:5010/api/v1/staff/doctors - 200 null application/json; charset=utf-8 33.3572ms
2026-09-05 18:16:27.382 +03:00 [INF] Request starting HTTP/1.1 POST http://localhost:5010/api/v1/triage - application/json 134
2026-09-05 18:16:27.393 +03:00 [INF] CORS policy execution successful.
2026-09-05 18:16:27.397 +03:00 [INF] Executing endpoint 'CMS.API.Controllers.TriageController.RecordTriage (CMS.API)'
2026-09-05 18:16:27.409 +03:00 [INF] Route matched with {action = "RecordTriage", controller = "Triage"}. Executing controller action with signature System.Threading.Tasks.Task`1[Microsoft.AspNetCore.Mvc.IActionResult] RecordTriage(CMS.Shared.DTOs.RecordTriageDto) on controller CMS.API.Controllers.TriageController (CMS.API).
2026-09-05 18:16:27.490 +03:00 [INF] Executing OkObjectResult, writing value of type 'CMS.Shared.DTOs.ApiResponse`1[[System.Object, System.Private.CoreLib, Version=8.0.0.0, Culture=neutral, PublicKeyToken=7cec85d7bea7798e]]'.
2026-09-05 18:16:27.501 +03:00 [INF] Executed action CMS.API.Controllers.TriageController.RecordTriage (CMS.API) in 86.941ms
2026-09-05 18:16:27.505 +03:00 [INF] Executed endpoint 'CMS.API.Controllers.TriageController.RecordTriage (CMS.API)'
2026-09-05 18:16:27.509 +03:00 [INF] Request finished HTTP/1.1 POST http://localhost:5010/api/v1/triage - 200 null application/json; charset=utf-8 126.2907ms
2026-09-05 18:16:27.645 +03:00 [INF] Request starting HTTP/1.1 GET http://localhost:5010/api/v1/triage/queue?date=2026-09-05 - application/json null
2026-09-05 18:16:27.651 +03:00 [INF] Executing endpoint 'CMS.API.Controllers.TriageController.GetQueue (CMS.API)'
2026-09-05 18:16:27.654 +03:00 [INF] Route matched with {action = "GetQueue", controller = "Triage"}. Executing controller action with signature System.Threading.Tasks.Task`1[Microsoft.AspNetCore.Mvc.IActionResult] GetQueue(System.String, System.Nullable`1[System.DateTime]) on controller CMS.API.Controllers.TriageController (CMS.API).
2026-09-05 18:16:27.660 +03:00 [INF] Executing OkObjectResult, writing value of type 'CMS.Shared.DTOs.ApiResponse`1[[System.Collections.Generic.List`1[[CMS.Shared.DTOs.TriageDto, CMS.Shared, Version=1.0.0.0, Culture=neutral, PublicKeyToken=null]], System.Private.CoreLib, Version=8.0.0.0, Culture=neutral, PublicKeyToken=7cec85d7bea7798e]]'.
2026-09-05 18:16:27.664 +03:00 [INF] Executed action CMS.API.Controllers.TriageController.GetQueue (CMS.API) in 5.5861ms
2026-09-05 18:16:27.667 +03:00 [INF] Executed endpoint 'CMS.API.Controllers.TriageController.GetQueue (CMS.API)'
2026-09-05 18:16:27.669 +03:00 [INF] Request finished HTTP/1.1 GET http://localhost:5010/api/v1/triage/queue?date=2026-09-05 - 200 null application/json; charset=utf-8 24.1477ms
2026-09-05 18:16:27.833 +03:00 [INF] Request starting HTTP/1.1 GET http://localhost:5010/api/v1/staff/doctors - application/json null
2026-09-05 18:16:27.833 +03:00 [INF] Request starting HTTP/1.1 GET http://localhost:5010/api/v1/patients/search - application/json null
2026-09-05 18:16:27.841 +03:00 [INF] Executing endpoint 'CMS.API.Controllers.StaffController.GetDoctors (CMS.API)'
2026-09-05 18:16:27.848 +03:00 [INF] Executing endpoint 'CMS.API.Controllers.PatientsController.Search (CMS.API)'
2026-09-05 18:16:27.850 +03:00 [INF] Route matched with {action = "GetDoctors", controller = "Staff"}. Executing controller action with signature System.Threading.Tasks.Task`1[Microsoft.AspNetCore.Mvc.IActionResult] GetDoctors() on controller CMS.API.Controllers.StaffController (CMS.API).
2026-09-05 18:16:27.853 +03:00 [INF] Route matched with {action = "Search", controller = "Patients"}. Executing controller action with signature System.Threading.Tasks.Task`1[Microsoft.AspNetCore.Mvc.IActionResult] Search(System.String, Int32) on controller CMS.API.Controllers.PatientsController (CMS.API).
2026-09-05 18:16:27.860 +03:00 [INF] Executing OkObjectResult, writing value of type 'CMS.Shared.DTOs.ApiResponse`1[[System.Collections.Generic.List`1[[CMS.Shared.DTOs.DoctorDto, CMS.Shared, Version=1.0.0.0, Culture=neutral, PublicKeyToken=null]], System.Private.CoreLib, Version=8.0.0.0, Culture=neutral, PublicKeyToken=7cec85d7bea7798e]]'.
2026-09-05 18:16:27.865 +03:00 [INF] Executing OkObjectResult, writing value of type 'CMS.Shared.DTOs.ApiResponse`1[[System.Collections.Generic.List`1[[CMS.Shared.DTOs.PatientDto, CMS.Shared, Version=1.0.0.0, Culture=neutral, PublicKeyToken=null]], System.Private.CoreLib, Version=8.0.0.0, Culture=neutral, PublicKeyToken=7cec85d7bea7798e]]'.
2026-09-05 18:16:27.867 +03:00 [INF] Executed action CMS.API.Controllers.StaffController.GetDoctors (CMS.API) in 9.7737ms
2026-09-05 18:16:27.870 +03:00 [INF] Executed action CMS.API.Controllers.PatientsController.Search (CMS.API) in 7.5279ms
2026-09-05 18:16:27.875 +03:00 [INF] Executed endpoint 'CMS.API.Controllers.StaffController.GetDoctors (CMS.API)'
2026-09-05 18:16:27.878 +03:00 [INF] Executed endpoint 'CMS.API.Controllers.PatientsController.Search (CMS.API)'
2026-09-05 18:16:27.880 +03:00 [INF] Request finished HTTP/1.1 GET http://localhost:5010/api/v1/staff/doctors - 200 null application/json; charset=utf-8 46.5761ms
2026-09-05 18:16:27.882 +03:00 [INF] Request finished HTTP/1.1 GET http://localhost:5010/api/v1/patients/search - 200 null application/json; charset=utf-8 48.6721ms
2026-09-05 18:16:29.440 +03:00 [INF] Request starting HTTP/1.1 GET http://localhost:5010/api/v1/encounters/patient/16 - application/json null
2026-09-05 18:16:29.449 +03:00 [INF] Executing endpoint 'CMS.API.Controllers.EncountersController.GetPatientEncounters (CMS.API)'
2026-09-05 18:16:29.460 +03:00 [INF] Route matched with {action = "GetPatientEncounters", controller = "Encounters"}. Executing controller action with signature System.Threading.Tasks.Task`1[Microsoft.AspNetCore.Mvc.IActionResult] GetPatientEncounters(Int32) on controller CMS.API.Controllers.EncountersController (CMS.API).
2026-09-05 18:16:29.507 +03:00 [INF] Executing OkObjectResult, writing value of type 'CMS.Shared.DTOs.ApiResponse`1[[System.Collections.Generic.List`1[[CMS.Shared.DTOs.EncounterDto, CMS.Shared, Version=1.0.0.0, Culture=neutral, PublicKeyToken=null]], System.Private.CoreLib, Version=8.0.0.0, Culture=neutral, PublicKeyToken=7cec85d7bea7798e]]'.
2026-09-05 18:16:29.527 +03:00 [INF] Executed action CMS.API.Controllers.EncountersController.GetPatientEncounters (CMS.API) in 61.6226ms
2026-09-05 18:16:29.532 +03:00 [INF] Executed endpoint 'CMS.API.Controllers.EncountersController.GetPatientEncounters (CMS.API)'
2026-09-05 18:16:29.536 +03:00 [INF] Request finished HTTP/1.1 GET http://localhost:5010/api/v1/encounters/patient/16 - 200 null application/json; charset=utf-8 95.7966ms
2026-09-05 18:16:37.258 +03:00 [INF] Request starting HTTP/1.1 GET http://localhost:5010/api/v1/laboratory/catalog - application/json null
2026-09-05 18:16:37.265 +03:00 [INF] Executing endpoint 'CMS.API.Controllers.LaboratoryController.GetCatalog (CMS.API)'
2026-09-05 18:16:37.268 +03:00 [INF] Route matched with {action = "GetCatalog", controller = "Laboratory"}. Executing controller action with signature System.Threading.Tasks.Task`1[Microsoft.AspNetCore.Mvc.IActionResult] GetCatalog() on controller CMS.API.Controllers.LaboratoryController (CMS.API).
2026-09-05 18:16:37.284 +03:00 [INF] Executing OkObjectResult, writing value of type 'CMS.Shared.DTOs.ApiResponse`1[[System.Collections.Generic.List`1[[CMS.Shared.DTOs.LabTestCatalogDto, CMS.Shared, Version=1.0.0.0, Culture=neutral, PublicKeyToken=null]], System.Private.CoreLib, Version=8.0.0.0, Culture=neutral, PublicKeyToken=7cec85d7bea7798e]]'.
2026-09-05 18:16:37.289 +03:00 [INF] Executed action CMS.API.Controllers.LaboratoryController.GetCatalog (CMS.API) in 17.0788ms
2026-09-05 18:16:37.294 +03:00 [INF] Executed endpoint 'CMS.API.Controllers.LaboratoryController.GetCatalog (CMS.API)'
2026-09-05 18:16:37.297 +03:00 [INF] Request finished HTTP/1.1 GET http://localhost:5010/api/v1/laboratory/catalog - 200 null application/json; charset=utf-8 39.7641ms
2026-09-05 18:16:37.526 +03:00 [INF] Request starting HTTP/1.1 GET http://localhost:5010/api/v1/laboratory/catalog - application/json null
2026-09-05 18:16:37.533 +03:00 [INF] Executing endpoint 'CMS.API.Controllers.LaboratoryController.GetCatalog (CMS.API)'
2026-09-05 18:16:37.537 +03:00 [INF] Route matched with {action = "GetCatalog", controller = "Laboratory"}. Executing controller action with signature System.Threading.Tasks.Task`1[Microsoft.AspNetCore.Mvc.IActionResult] GetCatalog() on controller CMS.API.Controllers.LaboratoryController (CMS.API).
2026-09-05 18:16:37.544 +03:00 [INF] Executing OkObjectResult, writing value of type 'CMS.Shared.DTOs.ApiResponse`1[[System.Collections.Generic.List`1[[CMS.Shared.DTOs.LabTestCatalogDto, CMS.Shared, Version=1.0.0.0, Culture=neutral, PublicKeyToken=null]], System.Private.CoreLib, Version=8.0.0.0, Culture=neutral, PublicKeyToken=7cec85d7bea7798e]]'.
2026-09-05 18:16:37.548 +03:00 [INF] Executed action CMS.API.Controllers.LaboratoryController.GetCatalog (CMS.API) in 6.2418ms
2026-09-05 18:16:37.552 +03:00 [INF] Executed endpoint 'CMS.API.Controllers.LaboratoryController.GetCatalog (CMS.API)'
2026-09-05 18:16:37.555 +03:00 [INF] Request finished HTTP/1.1 GET http://localhost:5010/api/v1/laboratory/catalog - 200 null application/json; charset=utf-8 28.527ms
2026-09-05 18:16:54.736 +03:00 [INF] Request starting HTTP/1.1 GET http://localhost:5010/api/v1/settings - null null
2026-09-05 18:16:54.736 +03:00 [INF] Request starting HTTP/1.1 GET http://localhost:5010/api/v1/dashboard/metrics - null null
2026-09-05 18:16:54.736 +03:00 [INF] Request starting HTTP/1.1 GET http://localhost:5010/api/v1/dashboard/metrics - null null
2026-09-05 18:16:54.737 +03:00 [INF] Request starting HTTP/1.1 GET http://localhost:5010/api/v1/settings - null null
2026-09-05 18:16:54.745 +03:00 [INF] Executing endpoint 'CMS.API.Controllers.SettingsController.GetSettings (CMS.API)'
2026-09-05 18:16:54.753 +03:00 [INF] Failed to validate the token.
Microsoft.IdentityModel.Tokens.SecurityTokenMalformedException: IDX14100: JWT is not well formed, there are no dots (.).
The token needs to be in JWS or JWE Compact Serialization Format. (JWS): 'EncodedHeader.EncodedPayload.EncodedSignature'. (JWE): 'EncodedProtectedHeader.EncodedEncryptedKey.EncodedInitializationVector.EncodedCiphertext.EncodedAuthenticationTag'.
   at Microsoft.IdentityModel.JsonWebTokens.JsonWebToken.ReadToken(ReadOnlyMemory`1 encodedTokenMemory)
   at Microsoft.IdentityModel.JsonWebTokens.JsonWebToken..ctor(String jwtEncodedString)
   at Microsoft.IdentityModel.JsonWebTokens.JsonWebTokenHandler.ReadToken(String token, TokenValidationParameters validationParameters)
2026-09-05 18:16:54.760 +03:00 [INF] Failed to validate the token.
Microsoft.IdentityModel.Tokens.SecurityTokenMalformedException: IDX14100: JWT is not well formed, there are no dots (.).
The token needs to be in JWS or JWE Compact Serialization Format. (JWS): 'EncodedHeader.EncodedPayload.EncodedSignature'. (JWE): 'EncodedProtectedHeader.EncodedEncryptedKey.EncodedInitializationVector.EncodedCiphertext.EncodedAuthenticationTag'.
   at Microsoft.IdentityModel.JsonWebTokens.JsonWebToken.ReadToken(ReadOnlyMemory`1 encodedTokenMemory)
   at Microsoft.IdentityModel.JsonWebTokens.JsonWebToken..ctor(String jwtEncodedString)
   at Microsoft.IdentityModel.JsonWebTokens.JsonWebTokenHandler.ReadToken(String token, TokenValidationParameters validationParameters)
2026-09-05 18:16:54.769 +03:00 [INF] Executing endpoint 'CMS.API.Controllers.SettingsController.GetSettings (CMS.API)'
2026-09-05 18:16:54.772 +03:00 [INF] Route matched with {action = "GetSettings", controller = "Settings"}. Executing controller action with signature System.Threading.Tasks.Task`1[Microsoft.AspNetCore.Mvc.IActionResult] GetSettings() on controller CMS.API.Controllers.SettingsController (CMS.API).
2026-09-05 18:16:54.778 +03:00 [INF] Bearer was not authenticated. Failure message: IDX14100: JWT is not well formed, there are no dots (.).
The token needs to be in JWS or JWE Compact Serialization Format. (JWS): 'EncodedHeader.EncodedPayload.EncodedSignature'. (JWE): 'EncodedProtectedHeader.EncodedEncryptedKey.EncodedInitializationVector.EncodedCiphertext.EncodedAuthenticationTag'.
2026-09-05 18:16:54.782 +03:00 [INF] Bearer was not authenticated. Failure message: IDX14100: JWT is not well formed, there are no dots (.).
The token needs to be in JWS or JWE Compact Serialization Format. (JWS): 'EncodedHeader.EncodedPayload.EncodedSignature'. (JWE): 'EncodedProtectedHeader.EncodedEncryptedKey.EncodedInitializationVector.EncodedCiphertext.EncodedAuthenticationTag'.
2026-09-05 18:16:54.785 +03:00 [INF] Route matched with {action = "GetSettings", controller = "Settings"}. Executing controller action with signature System.Threading.Tasks.Task`1[Microsoft.AspNetCore.Mvc.IActionResult] GetSettings() on controller CMS.API.Controllers.SettingsController (CMS.API).
2026-09-05 18:16:54.795 +03:00 [INF] Executing endpoint 'CMS.API.Controllers.DashboardController.GetMetrics (CMS.API)'
2026-09-05 18:16:54.800 +03:00 [INF] Executing endpoint 'CMS.API.Controllers.DashboardController.GetMetrics (CMS.API)'
2026-09-05 18:16:54.810 +03:00 [INF] Route matched with {action = "GetMetrics", controller = "Dashboard"}. Executing controller action with signature System.Threading.Tasks.Task`1[Microsoft.AspNetCore.Mvc.IActionResult] GetMetrics() on controller CMS.API.Controllers.DashboardController (CMS.API).
2026-09-05 18:16:54.811 +03:00 [INF] Executing OkObjectResult, writing value of type 'CMS.Shared.DTOs.ApiResponse`1[[System.Collections.Generic.List`1[[CMS.Shared.DTOs.ClinicSettingDto, CMS.Shared, Version=1.0.0.0, Culture=neutral, PublicKeyToken=null]], System.Private.CoreLib, Version=8.0.0.0, Culture=neutral, PublicKeyToken=7cec85d7bea7798e]]'.
2026-09-05 18:16:54.813 +03:00 [INF] Executing OkObjectResult, writing value of type 'CMS.Shared.DTOs.ApiResponse`1[[System.Collections.Generic.List`1[[CMS.Shared.DTOs.ClinicSettingDto, CMS.Shared, Version=1.0.0.0, Culture=neutral, PublicKeyToken=null]], System.Private.CoreLib, Version=8.0.0.0, Culture=neutral, PublicKeyToken=7cec85d7bea7798e]]'.
2026-09-05 18:16:54.813 +03:00 [INF] Route matched with {action = "GetMetrics", controller = "Dashboard"}. Executing controller action with signature System.Threading.Tasks.Task`1[Microsoft.AspNetCore.Mvc.IActionResult] GetMetrics() on controller CMS.API.Controllers.DashboardController (CMS.API).
2026-09-05 18:16:54.823 +03:00 [INF] Executed action CMS.API.Controllers.SettingsController.GetSettings (CMS.API) in 31.3569ms
2026-09-05 18:16:54.827 +03:00 [INF] Executed action CMS.API.Controllers.SettingsController.GetSettings (CMS.API) in 19.8429ms
2026-09-05 18:16:54.837 +03:00 [INF] Executed endpoint 'CMS.API.Controllers.SettingsController.GetSettings (CMS.API)'
2026-09-05 18:16:54.841 +03:00 [INF] Executed endpoint 'CMS.API.Controllers.SettingsController.GetSettings (CMS.API)'
2026-09-05 18:16:54.844 +03:00 [INF] Request finished HTTP/1.1 GET http://localhost:5010/api/v1/settings - 200 null application/json; charset=utf-8 108.1087ms
2026-09-05 18:16:54.851 +03:00 [INF] Request finished HTTP/1.1 GET http://localhost:5010/api/v1/settings - 200 null application/json; charset=utf-8 114.041ms
2026-09-05 18:16:54.936 +03:00 [INF] Executing OkObjectResult, writing value of type 'CMS.Shared.DTOs.ApiResponse`1[[CMS.Shared.DTOs.DashboardMetricsDto, CMS.Shared, Version=1.0.0.0, Culture=neutral, PublicKeyToken=null]]'.
2026-09-05 18:16:54.940 +03:00 [INF] Executed action CMS.API.Controllers.DashboardController.GetMetrics (CMS.API) in 107.9369ms
2026-09-05 18:16:54.942 +03:00 [INF] Executing OkObjectResult, writing value of type 'CMS.Shared.DTOs.ApiResponse`1[[CMS.Shared.DTOs.DashboardMetricsDto, CMS.Shared, Version=1.0.0.0, Culture=neutral, PublicKeyToken=null]]'.
2026-09-05 18:16:54.944 +03:00 [INF] Executed endpoint 'CMS.API.Controllers.DashboardController.GetMetrics (CMS.API)'
2026-09-05 18:16:54.947 +03:00 [INF] Executed action CMS.API.Controllers.DashboardController.GetMetrics (CMS.API) in 128.5471ms
2026-09-05 18:16:54.950 +03:00 [INF] Request finished HTTP/1.1 GET http://localhost:5010/api/v1/dashboard/metrics - 200 null application/json; charset=utf-8 213.5155ms
2026-09-05 18:16:54.953 +03:00 [INF] Executed endpoint 'CMS.API.Controllers.DashboardController.GetMetrics (CMS.API)'
2026-09-05 18:16:54.963 +03:00 [INF] Request finished HTTP/1.1 GET http://localhost:5010/api/v1/dashboard/metrics - 200 null application/json; charset=utf-8 227.0675ms
2026-09-05 18:16:57.201 +03:00 [INF] Request starting HTTP/1.1 GET http://localhost:5010/api/v1/laboratory/catalog - application/json null
2026-09-05 18:16:57.208 +03:00 [INF] Executing endpoint 'CMS.API.Controllers.LaboratoryController.GetCatalog (CMS.API)'
2026-09-05 18:16:57.211 +03:00 [INF] Route matched with {action = "GetCatalog", controller = "Laboratory"}. Executing controller action with signature System.Threading.Tasks.Task`1[Microsoft.AspNetCore.Mvc.IActionResult] GetCatalog() on controller CMS.API.Controllers.LaboratoryController (CMS.API).
2026-09-05 18:16:57.241 +03:00 [INF] Executing OkObjectResult, writing value of type 'CMS.Shared.DTOs.ApiResponse`1[[System.Collections.Generic.List`1[[CMS.Shared.DTOs.LabTestCatalogDto, CMS.Shared, Version=1.0.0.0, Culture=neutral, PublicKeyToken=null]], System.Private.CoreLib, Version=8.0.0.0, Culture=neutral, PublicKeyToken=7cec85d7bea7798e]]'.
2026-09-05 18:16:57.248 +03:00 [INF] Executed action CMS.API.Controllers.LaboratoryController.GetCatalog (CMS.API) in 31.5344ms
2026-09-05 18:16:57.254 +03:00 [INF] Executed endpoint 'CMS.API.Controllers.LaboratoryController.GetCatalog (CMS.API)'
2026-09-05 18:16:57.255 +03:00 [INF] Request starting HTTP/1.1 GET http://localhost:5010/api/v1/laboratory/catalog - application/json null
2026-09-05 18:16:57.258 +03:00 [INF] Request finished HTTP/1.1 GET http://localhost:5010/api/v1/laboratory/catalog - 200 null application/json; charset=utf-8 57.2159ms
2026-09-05 18:16:57.268 +03:00 [INF] Executing endpoint 'CMS.API.Controllers.LaboratoryController.GetCatalog (CMS.API)'
2026-09-05 18:16:57.282 +03:00 [INF] Route matched with {action = "GetCatalog", controller = "Laboratory"}. Executing controller action with signature System.Threading.Tasks.Task`1[Microsoft.AspNetCore.Mvc.IActionResult] GetCatalog() on controller CMS.API.Controllers.LaboratoryController (CMS.API).
2026-09-05 18:16:57.292 +03:00 [INF] Executing OkObjectResult, writing value of type 'CMS.Shared.DTOs.ApiResponse`1[[System.Collections.Generic.List`1[[CMS.Shared.DTOs.LabTestCatalogDto, CMS.Shared, Version=1.0.0.0, Culture=neutral, PublicKeyToken=null]], System.Private.CoreLib, Version=8.0.0.0, Culture=neutral, PublicKeyToken=7cec85d7bea7798e]]'.
2026-09-05 18:16:57.299 +03:00 [INF] Executed action CMS.API.Controllers.LaboratoryController.GetCatalog (CMS.API) in 9.5872ms
2026-09-05 18:16:57.305 +03:00 [INF] Executed endpoint 'CMS.API.Controllers.LaboratoryController.GetCatalog (CMS.API)'
2026-09-05 18:16:57.309 +03:00 [INF] Request finished HTTP/1.1 GET http://localhost:5010/api/v1/laboratory/catalog - 200 null application/json; charset=utf-8 53.5458ms
2026-09-05 18:17:03.738 +03:00 [INF] Request starting HTTP/1.1 GET http://localhost:5010/api/v1/triage/doctor/2?date=2026-09-05 - application/json null
2026-09-05 18:17:03.738 +03:00 [INF] Request starting HTTP/1.1 GET http://localhost:5010/api/v1/staff/doctors - application/json null
2026-09-05 18:17:03.745 +03:00 [INF] Executing endpoint 'CMS.API.Controllers.TriageController.GetDoctorQueue (CMS.API)'
2026-09-05 18:17:03.751 +03:00 [INF] Executing endpoint 'CMS.API.Controllers.StaffController.GetDoctors (CMS.API)'
2026-09-05 18:17:03.757 +03:00 [INF] Route matched with {action = "GetDoctors", controller = "Staff"}. Executing controller action with signature System.Threading.Tasks.Task`1[Microsoft.AspNetCore.Mvc.IActionResult] GetDoctors() on controller CMS.API.Controllers.StaffController (CMS.API).
2026-09-05 18:17:03.764 +03:00 [INF] Executing OkObjectResult, writing value of type 'CMS.Shared.DTOs.ApiResponse`1[[System.Collections.Generic.List`1[[CMS.Shared.DTOs.DoctorDto, CMS.Shared, Version=1.0.0.0, Culture=neutral, PublicKeyToken=null]], System.Private.CoreLib, Version=8.0.0.0, Culture=neutral, PublicKeyToken=7cec85d7bea7798e]]'.
2026-09-05 18:17:03.767 +03:00 [INF] Route matched with {action = "GetDoctorQueue", controller = "Triage"}. Executing controller action with signature System.Threading.Tasks.Task`1[Microsoft.AspNetCore.Mvc.IActionResult] GetDoctorQueue(Int32, System.Nullable`1[System.DateTime]) on controller CMS.API.Controllers.TriageController (CMS.API).
2026-09-05 18:17:03.767 +03:00 [INF] Executed action CMS.API.Controllers.StaffController.GetDoctors (CMS.API) in 4.8943ms
2026-09-05 18:17:03.775 +03:00 [INF] Executed endpoint 'CMS.API.Controllers.StaffController.GetDoctors (CMS.API)'
2026-09-05 18:17:03.778 +03:00 [INF] Request finished HTTP/1.1 GET http://localhost:5010/api/v1/staff/doctors - 200 null application/json; charset=utf-8 40.0753ms
2026-09-05 18:17:03.839 +03:00 [INF] Executing OkObjectResult, writing value of type 'CMS.Shared.DTOs.ApiResponse`1[[System.Object, System.Private.CoreLib, Version=8.0.0.0, Culture=neutral, PublicKeyToken=7cec85d7bea7798e]]'.
2026-09-05 18:17:03.889 +03:00 [INF] Executed action CMS.API.Controllers.TriageController.GetDoctorQueue (CMS.API) in 116.5504ms
2026-09-05 18:17:03.893 +03:00 [INF] Executed endpoint 'CMS.API.Controllers.TriageController.GetDoctorQueue (CMS.API)'
2026-09-05 18:17:03.896 +03:00 [INF] Request finished HTTP/1.1 GET http://localhost:5010/api/v1/triage/doctor/2?date=2026-09-05 - 200 null application/json; charset=utf-8 158.4485ms
2026-09-05 18:17:03.984 +03:00 [INF] Request starting HTTP/1.1 GET http://localhost:5010/api/v1/staff/doctors - application/json null
2026-09-05 18:17:03.989 +03:00 [INF] Executing endpoint 'CMS.API.Controllers.StaffController.GetDoctors (CMS.API)'
2026-09-05 18:17:03.991 +03:00 [INF] Route matched with {action = "GetDoctors", controller = "Staff"}. Executing controller action with signature System.Threading.Tasks.Task`1[Microsoft.AspNetCore.Mvc.IActionResult] GetDoctors() on controller CMS.API.Controllers.StaffController (CMS.API).
2026-09-05 18:17:03.996 +03:00 [INF] Executing OkObjectResult, writing value of type 'CMS.Shared.DTOs.ApiResponse`1[[System.Collections.Generic.List`1[[CMS.Shared.DTOs.DoctorDto, CMS.Shared, Version=1.0.0.0, Culture=neutral, PublicKeyToken=null]], System.Private.CoreLib, Version=8.0.0.0, Culture=neutral, PublicKeyToken=7cec85d7bea7798e]]'.
2026-09-05 18:17:03.999 +03:00 [INF] Executed action CMS.API.Controllers.StaffController.GetDoctors (CMS.API) in 3.9922ms
2026-09-05 18:17:04.002 +03:00 [INF] Executed endpoint 'CMS.API.Controllers.StaffController.GetDoctors (CMS.API)'
2026-09-05 18:17:04.004 +03:00 [INF] Request finished HTTP/1.1 GET http://localhost:5010/api/v1/staff/doctors - 200 null application/json; charset=utf-8 20.2604ms
2026-09-05 18:17:04.078 +03:00 [INF] Request starting HTTP/1.1 GET http://localhost:5010/api/v1/triage/doctor/2?date=2026-09-05 - application/json null
2026-09-05 18:17:04.087 +03:00 [INF] Executing endpoint 'CMS.API.Controllers.TriageController.GetDoctorQueue (CMS.API)'
2026-09-05 18:17:04.092 +03:00 [INF] Route matched with {action = "GetDoctorQueue", controller = "Triage"}. Executing controller action with signature System.Threading.Tasks.Task`1[Microsoft.AspNetCore.Mvc.IActionResult] GetDoctorQueue(Int32, System.Nullable`1[System.DateTime]) on controller CMS.API.Controllers.TriageController (CMS.API).
2026-09-05 18:17:04.101 +03:00 [INF] Executing OkObjectResult, writing value of type 'CMS.Shared.DTOs.ApiResponse`1[[System.Object, System.Private.CoreLib, Version=8.0.0.0, Culture=neutral, PublicKeyToken=7cec85d7bea7798e]]'.
2026-09-05 18:17:04.107 +03:00 [INF] Executed action CMS.API.Controllers.TriageController.GetDoctorQueue (CMS.API) in 9.0713ms
2026-09-05 18:17:04.112 +03:00 [INF] Executed endpoint 'CMS.API.Controllers.TriageController.GetDoctorQueue (CMS.API)'
2026-09-05 18:17:04.115 +03:00 [INF] Request finished HTTP/1.1 GET http://localhost:5010/api/v1/triage/doctor/2?date=2026-09-05 - 200 null application/json; charset=utf-8 36.8725ms
2026-09-05 18:17:04.204 +03:00 [INF] Request starting HTTP/1.1 GET http://localhost:5010/api/v1/medicalcertificates/patient/19 - application/json null
2026-09-05 18:17:04.215 +03:00 [INF] Executing endpoint 'CMS.API.Controllers.MedicalCertificatesController.GetPatientCertificates (CMS.API)'
2026-09-05 18:17:04.229 +03:00 [INF] Route matched with {action = "GetPatientCertificates", controller = "MedicalCertificates"}. Executing controller action with signature System.Threading.Tasks.Task`1[Microsoft.AspNetCore.Mvc.IActionResult] GetPatientCertificates(Int32) on controller CMS.API.Controllers.MedicalCertificatesController (CMS.API).
2026-09-05 18:17:04.240 +03:00 [INF] Request starting HTTP/1.1 GET http://localhost:5010/api/v1/triage/patient/19/latest - application/json null
2026-09-05 18:17:04.241 +03:00 [INF] Request starting HTTP/1.1 GET http://localhost:5010/api/v1/encounters/patient/19 - application/json null
2026-09-05 18:17:04.252 +03:00 [INF] Executing OkObjectResult, writing value of type 'CMS.Shared.DTOs.ApiResponse`1[[System.Collections.Generic.List`1[[CMS.Shared.DTOs.MedicalCertificateDto, CMS.Shared, Version=1.0.0.0, Culture=neutral, PublicKeyToken=null]], System.Private.CoreLib, Version=8.0.0.0, Culture=neutral, PublicKeyToken=7cec85d7bea7798e]]'.
2026-09-05 18:17:04.253 +03:00 [INF] Executing endpoint 'CMS.API.Controllers.TriageController.GetLatestPatientVitals (CMS.API)'
2026-09-05 18:17:04.263 +03:00 [INF] Executing endpoint 'CMS.API.Controllers.EncountersController.GetPatientEncounters (CMS.API)'
2026-09-05 18:17:04.273 +03:00 [INF] Executed action CMS.API.Controllers.MedicalCertificatesController.GetPatientCertificates (CMS.API) in 35.1969ms
2026-09-05 18:17:04.276 +03:00 [INF] Route matched with {action = "GetPatientEncounters", controller = "Encounters"}. Executing controller action with signature System.Threading.Tasks.Task`1[Microsoft.AspNetCore.Mvc.IActionResult] GetPatientEncounters(Int32) on controller CMS.API.Controllers.EncountersController (CMS.API).
2026-09-05 18:17:04.279 +03:00 [INF] Request starting HTTP/1.1 GET http://localhost:5010/api/v1/medicalcertificates/patient/19 - application/json null
2026-09-05 18:17:04.280 +03:00 [INF] Route matched with {action = "GetLatestPatientVitals", controller = "Triage"}. Executing controller action with signature System.Threading.Tasks.Task`1[Microsoft.AspNetCore.Mvc.IActionResult] GetLatestPatientVitals(Int32) on controller CMS.API.Controllers.TriageController (CMS.API).
2026-09-05 18:17:04.283 +03:00 [INF] Executed endpoint 'CMS.API.Controllers.MedicalCertificatesController.GetPatientCertificates (CMS.API)'
2026-09-05 18:17:04.299 +03:00 [INF] Executing endpoint 'CMS.API.Controllers.MedicalCertificatesController.GetPatientCertificates (CMS.API)'
2026-09-05 18:17:04.310 +03:00 [INF] Executing OkObjectResult, writing value of type 'CMS.Shared.DTOs.ApiResponse`1[[System.Collections.Generic.List`1[[CMS.Shared.DTOs.EncounterDto, CMS.Shared, Version=1.0.0.0, Culture=neutral, PublicKeyToken=null]], System.Private.CoreLib, Version=8.0.0.0, Culture=neutral, PublicKeyToken=7cec85d7bea7798e]]'.
2026-09-05 18:17:04.312 +03:00 [INF] Request finished HTTP/1.1 GET http://localhost:5010/api/v1/medicalcertificates/patient/19 - 200 null application/json; charset=utf-8 108.2046ms
2026-09-05 18:17:04.315 +03:00 [INF] Route matched with {action = "GetPatientCertificates", controller = "MedicalCertificates"}. Executing controller action with signature System.Threading.Tasks.Task`1[Microsoft.AspNetCore.Mvc.IActionResult] GetPatientCertificates(Int32) on controller CMS.API.Controllers.MedicalCertificatesController (CMS.API).
2026-09-05 18:17:04.318 +03:00 [INF] Executed action CMS.API.Controllers.EncountersController.GetPatientEncounters (CMS.API) in 29.008ms
2026-09-05 18:17:04.332 +03:00 [INF] Executing OkObjectResult, writing value of type 'CMS.Shared.DTOs.ApiResponse`1[[System.Collections.Generic.List`1[[CMS.Shared.DTOs.MedicalCertificateDto, CMS.Shared, Version=1.0.0.0, Culture=neutral, PublicKeyToken=null]], System.Private.CoreLib, Version=8.0.0.0, Culture=neutral, PublicKeyToken=7cec85d7bea7798e]]'.
2026-09-05 18:17:04.334 +03:00 [INF] Executed endpoint 'CMS.API.Controllers.EncountersController.GetPatientEncounters (CMS.API)'
2026-09-05 18:17:04.336 +03:00 [INF] Executing OkObjectResult, writing value of type 'CMS.Shared.DTOs.ApiResponse`1[[CMS.Shared.DTOs.TriageDto, CMS.Shared, Version=1.0.0.0, Culture=neutral, PublicKeyToken=null]]'.
2026-09-05 18:17:04.337 +03:00 [INF] Executed action CMS.API.Controllers.MedicalCertificatesController.GetPatientCertificates (CMS.API) in 6.7018ms
2026-09-05 18:17:04.340 +03:00 [INF] Request finished HTTP/1.1 GET http://localhost:5010/api/v1/encounters/patient/19 - 200 null application/json; charset=utf-8 99.1155ms
2026-09-05 18:17:04.346 +03:00 [INF] Executed action CMS.API.Controllers.TriageController.GetLatestPatientVitals (CMS.API) in 38.8714ms
2026-09-05 18:17:04.347 +03:00 [INF] Executed endpoint 'CMS.API.Controllers.MedicalCertificatesController.GetPatientCertificates (CMS.API)'
2026-09-05 18:17:04.358 +03:00 [INF] Executed endpoint 'CMS.API.Controllers.TriageController.GetLatestPatientVitals (CMS.API)'
2026-09-05 18:17:04.362 +03:00 [INF] Request finished HTTP/1.1 GET http://localhost:5010/api/v1/medicalcertificates/patient/19 - 200 null application/json; charset=utf-8 82.6172ms
2026-09-05 18:17:04.365 +03:00 [INF] Request finished HTTP/1.1 GET http://localhost:5010/api/v1/triage/patient/19/latest - 200 null application/json; charset=utf-8 124.3321ms
2026-09-05 18:17:04.638 +03:00 [INF] Request starting HTTP/1.1 GET http://localhost:5010/api/v1/encounters/patient/19 - application/json null
2026-09-05 18:17:04.647 +03:00 [INF] Executing endpoint 'CMS.API.Controllers.EncountersController.GetPatientEncounters (CMS.API)'
2026-09-05 18:17:04.651 +03:00 [INF] Route matched with {action = "GetPatientEncounters", controller = "Encounters"}. Executing controller action with signature System.Threading.Tasks.Task`1[Microsoft.AspNetCore.Mvc.IActionResult] GetPatientEncounters(Int32) on controller CMS.API.Controllers.EncountersController (CMS.API).
2026-09-05 18:17:04.656 +03:00 [INF] Request starting HTTP/1.1 GET http://localhost:5010/api/v1/triage/queue?date=2026-09-05 - application/json null
2026-09-05 18:17:04.656 +03:00 [INF] Request starting HTTP/1.1 GET http://localhost:5010/api/v1/staff/doctors - application/json null
2026-09-05 18:17:04.662 +03:00 [INF] Executing OkObjectResult, writing value of type 'CMS.Shared.DTOs.ApiResponse`1[[System.Collections.Generic.List`1[[CMS.Shared.DTOs.EncounterDto, CMS.Shared, Version=1.0.0.0, Culture=neutral, PublicKeyToken=null]], System.Private.CoreLib, Version=8.0.0.0, Culture=neutral, PublicKeyToken=7cec85d7bea7798e]]'.
2026-09-05 18:17:04.657 +03:00 [INF] Request starting HTTP/1.1 GET http://localhost:5010/api/v1/patients/search - application/json null
2026-09-05 18:17:04.670 +03:00 [INF] Executing endpoint 'CMS.API.Controllers.TriageController.GetQueue (CMS.API)'
2026-09-05 18:17:04.670 +03:00 [INF] Request starting HTTP/1.1 GET http://localhost:5010/api/v1/triage/patient/19/latest - application/json null
2026-09-05 18:17:04.679 +03:00 [INF] Executing endpoint 'CMS.API.Controllers.StaffController.GetDoctors (CMS.API)'
2026-09-05 18:17:04.684 +03:00 [INF] Executed action CMS.API.Controllers.EncountersController.GetPatientEncounters (CMS.API) in 26.8464ms
2026-09-05 18:17:04.692 +03:00 [INF] Executing endpoint 'CMS.API.Controllers.PatientsController.Search (CMS.API)'
2026-09-05 18:17:04.695 +03:00 [INF] Route matched with {action = "GetQueue", controller = "Triage"}. Executing controller action with signature System.Threading.Tasks.Task`1[Microsoft.AspNetCore.Mvc.IActionResult] GetQueue(System.String, System.Nullable`1[System.DateTime]) on controller CMS.API.Controllers.TriageController (CMS.API).
2026-09-05 18:17:04.702 +03:00 [INF] Executing endpoint 'CMS.API.Controllers.TriageController.GetLatestPatientVitals (CMS.API)'
2026-09-05 18:17:04.705 +03:00 [INF] Route matched with {action = "GetDoctors", controller = "Staff"}. Executing controller action with signature System.Threading.Tasks.Task`1[Microsoft.AspNetCore.Mvc.IActionResult] GetDoctors() on controller CMS.API.Controllers.StaffController (CMS.API).
2026-09-05 18:17:04.708 +03:00 [INF] Executed endpoint 'CMS.API.Controllers.EncountersController.GetPatientEncounters (CMS.API)'
2026-09-05 18:17:04.711 +03:00 [INF] Route matched with {action = "Search", controller = "Patients"}. Executing controller action with signature System.Threading.Tasks.Task`1[Microsoft.AspNetCore.Mvc.IActionResult] Search(System.String, Int32) on controller CMS.API.Controllers.PatientsController (CMS.API).
2026-09-05 18:17:04.719 +03:00 [INF] Route matched with {action = "GetLatestPatientVitals", controller = "Triage"}. Executing controller action with signature System.Threading.Tasks.Task`1[Microsoft.AspNetCore.Mvc.IActionResult] GetLatestPatientVitals(Int32) on controller CMS.API.Controllers.TriageController (CMS.API).
2026-09-05 18:17:04.724 +03:00 [INF] Executing OkObjectResult, writing value of type 'CMS.Shared.DTOs.ApiResponse`1[[System.Collections.Generic.List`1[[CMS.Shared.DTOs.DoctorDto, CMS.Shared, Version=1.0.0.0, Culture=neutral, PublicKeyToken=null]], System.Private.CoreLib, Version=8.0.0.0, Culture=neutral, PublicKeyToken=7cec85d7bea7798e]]'.
2026-09-05 18:17:04.726 +03:00 [INF] Request finished HTTP/1.1 GET http://localhost:5010/api/v1/encounters/patient/19 - 200 null application/json; charset=utf-8 88.7495ms
2026-09-05 18:17:04.735 +03:00 [INF] Executing OkObjectResult, writing value of type 'CMS.Shared.DTOs.ApiResponse`1[[System.Collections.Generic.List`1[[CMS.Shared.DTOs.PatientDto, CMS.Shared, Version=1.0.0.0, Culture=neutral, PublicKeyToken=null]], System.Private.CoreLib, Version=8.0.0.0, Culture=neutral, PublicKeyToken=7cec85d7bea7798e]]'.
2026-09-05 18:17:04.739 +03:00 [INF] Executing OkObjectResult, writing value of type 'CMS.Shared.DTOs.ApiResponse`1[[CMS.Shared.DTOs.TriageDto, CMS.Shared, Version=1.0.0.0, Culture=neutral, PublicKeyToken=null]]'.
2026-09-05 18:17:04.740 +03:00 [INF] Executed action CMS.API.Controllers.StaffController.GetDoctors (CMS.API) in 17.3481ms
2026-09-05 18:17:04.745 +03:00 [INF] Executing OkObjectResult, writing value of type 'CMS.Shared.DTOs.ApiResponse`1[[System.Collections.Generic.List`1[[CMS.Shared.DTOs.TriageDto, CMS.Shared, Version=1.0.0.0, Culture=neutral, PublicKeyToken=null]], System.Private.CoreLib, Version=8.0.0.0, Culture=neutral, PublicKeyToken=7cec85d7bea7798e]]'.
2026-09-05 18:17:04.751 +03:00 [INF] Executed action CMS.API.Controllers.PatientsController.Search (CMS.API) in 18.9422ms
2026-09-05 18:17:04.754 +03:00 [INF] Executed action CMS.API.Controllers.TriageController.GetLatestPatientVitals (CMS.API) in 17.2234ms
2026-09-05 18:17:04.757 +03:00 [INF] Executed endpoint 'CMS.API.Controllers.StaffController.GetDoctors (CMS.API)'
2026-09-05 18:17:04.760 +03:00 [INF] Executed action CMS.API.Controllers.TriageController.GetQueue (CMS.API) in 44.3577ms
2026-09-05 18:17:04.763 +03:00 [INF] Executed endpoint 'CMS.API.Controllers.PatientsController.Search (CMS.API)'
2026-09-05 18:17:04.766 +03:00 [INF] Executed endpoint 'CMS.API.Controllers.TriageController.GetLatestPatientVitals (CMS.API)'
2026-09-05 18:17:04.768 +03:00 [INF] Request finished HTTP/1.1 GET http://localhost:5010/api/v1/staff/doctors - 200 null application/json; charset=utf-8 111.4056ms
2026-09-05 18:17:04.771 +03:00 [INF] Executed endpoint 'CMS.API.Controllers.TriageController.GetQueue (CMS.API)'
2026-09-05 18:17:04.773 +03:00 [INF] Request finished HTTP/1.1 GET http://localhost:5010/api/v1/patients/search - 200 null application/json; charset=utf-8 115.841ms
2026-09-05 18:17:04.775 +03:00 [INF] Request finished HTTP/1.1 GET http://localhost:5010/api/v1/triage/patient/19/latest - 200 null application/json; charset=utf-8 105.1607ms
2026-09-05 18:17:04.785 +03:00 [INF] Request finished HTTP/1.1 GET http://localhost:5010/api/v1/triage/queue?date=2026-09-05 - 200 null application/json; charset=utf-8 128.4048ms
2026-09-05 18:17:05.065 +03:00 [INF] Request starting HTTP/1.1 GET http://localhost:5010/api/v1/staff/doctors - application/json null
2026-09-05 18:17:05.065 +03:00 [INF] Request starting HTTP/1.1 GET http://localhost:5010/api/v1/patients/search - application/json null
2026-09-05 18:17:05.075 +03:00 [INF] Request starting HTTP/1.1 GET http://localhost:5010/api/v1/triage/queue?date=2026-09-05 - application/json null
2026-09-05 18:17:05.076 +03:00 [INF] Executing endpoint 'CMS.API.Controllers.StaffController.GetDoctors (CMS.API)'
2026-09-05 18:17:05.087 +03:00 [INF] Executing endpoint 'CMS.API.Controllers.PatientsController.Search (CMS.API)'
2026-09-05 18:17:05.099 +03:00 [INF] Executing endpoint 'CMS.API.Controllers.TriageController.GetQueue (CMS.API)'
2026-09-05 18:17:05.104 +03:00 [INF] Route matched with {action = "GetDoctors", controller = "Staff"}. Executing controller action with signature System.Threading.Tasks.Task`1[Microsoft.AspNetCore.Mvc.IActionResult] GetDoctors() on controller CMS.API.Controllers.StaffController (CMS.API).
2026-09-05 18:17:05.108 +03:00 [INF] Route matched with {action = "Search", controller = "Patients"}. Executing controller action with signature System.Threading.Tasks.Task`1[Microsoft.AspNetCore.Mvc.IActionResult] Search(System.String, Int32) on controller CMS.API.Controllers.PatientsController (CMS.API).
2026-09-05 18:17:05.113 +03:00 [INF] Route matched with {action = "GetQueue", controller = "Triage"}. Executing controller action with signature System.Threading.Tasks.Task`1[Microsoft.AspNetCore.Mvc.IActionResult] GetQueue(System.String, System.Nullable`1[System.DateTime]) on controller CMS.API.Controllers.TriageController (CMS.API).
2026-09-05 18:17:05.122 +03:00 [INF] Executing OkObjectResult, writing value of type 'CMS.Shared.DTOs.ApiResponse`1[[System.Collections.Generic.List`1[[CMS.Shared.DTOs.DoctorDto, CMS.Shared, Version=1.0.0.0, Culture=neutral, PublicKeyToken=null]], System.Private.CoreLib, Version=8.0.0.0, Culture=neutral, PublicKeyToken=7cec85d7bea7798e]]'.
2026-09-05 18:17:05.131 +03:00 [INF] Executing OkObjectResult, writing value of type 'CMS.Shared.DTOs.ApiResponse`1[[System.Collections.Generic.List`1[[CMS.Shared.DTOs.PatientDto, CMS.Shared, Version=1.0.0.0, Culture=neutral, PublicKeyToken=null]], System.Private.CoreLib, Version=8.0.0.0, Culture=neutral, PublicKeyToken=7cec85d7bea7798e]]'.
2026-09-05 18:17:05.141 +03:00 [INF] Executing OkObjectResult, writing value of type 'CMS.Shared.DTOs.ApiResponse`1[[System.Collections.Generic.List`1[[CMS.Shared.DTOs.TriageDto, CMS.Shared, Version=1.0.0.0, Culture=neutral, PublicKeyToken=null]], System.Private.CoreLib, Version=8.0.0.0, Culture=neutral, PublicKeyToken=7cec85d7bea7798e]]'.
2026-09-05 18:17:05.145 +03:00 [INF] Executed action CMS.API.Controllers.StaffController.GetDoctors (CMS.API) in 24.0071ms
2026-09-05 18:17:05.151 +03:00 [INF] Executed action CMS.API.Controllers.PatientsController.Search (CMS.API) in 22.6229ms
2026-09-05 18:17:05.156 +03:00 [INF] Executed action CMS.API.Controllers.TriageController.GetQueue (CMS.API) in 17.844ms
2026-09-05 18:17:05.159 +03:00 [INF] Executed endpoint 'CMS.API.Controllers.StaffController.GetDoctors (CMS.API)'
2026-09-05 18:17:05.162 +03:00 [INF] Executed endpoint 'CMS.API.Controllers.PatientsController.Search (CMS.API)'
2026-09-05 18:17:05.165 +03:00 [INF] Executed endpoint 'CMS.API.Controllers.TriageController.GetQueue (CMS.API)'
2026-09-05 18:17:05.168 +03:00 [INF] Request finished HTTP/1.1 GET http://localhost:5010/api/v1/staff/doctors - 200 null application/json; charset=utf-8 102.6986ms
2026-09-05 18:17:05.171 +03:00 [INF] Request finished HTTP/1.1 GET http://localhost:5010/api/v1/patients/search - 200 null application/json; charset=utf-8 105.3208ms
2026-09-05 18:17:05.174 +03:00 [INF] Request finished HTTP/1.1 GET http://localhost:5010/api/v1/triage/queue?date=2026-09-05 - 200 null application/json; charset=utf-8 98.1567ms
2026-09-05 18:17:06.708 +03:00 [INF] Request starting HTTP/1.1 GET http://localhost:5010/api/v1/encounters/patient/16 - application/json null
2026-09-05 18:17:06.715 +03:00 [INF] Executing endpoint 'CMS.API.Controllers.EncountersController.GetPatientEncounters (CMS.API)'
2026-09-05 18:17:06.718 +03:00 [INF] Route matched with {action = "GetPatientEncounters", controller = "Encounters"}. Executing controller action with signature System.Threading.Tasks.Task`1[Microsoft.AspNetCore.Mvc.IActionResult] GetPatientEncounters(Int32) on controller CMS.API.Controllers.EncountersController (CMS.API).
2026-09-05 18:17:06.725 +03:00 [INF] Executing OkObjectResult, writing value of type 'CMS.Shared.DTOs.ApiResponse`1[[System.Collections.Generic.List`1[[CMS.Shared.DTOs.EncounterDto, CMS.Shared, Version=1.0.0.0, Culture=neutral, PublicKeyToken=null]], System.Private.CoreLib, Version=8.0.0.0, Culture=neutral, PublicKeyToken=7cec85d7bea7798e]]'.
2026-09-05 18:17:06.729 +03:00 [INF] Executed action CMS.API.Controllers.EncountersController.GetPatientEncounters (CMS.API) in 5.6717ms
2026-09-05 18:17:06.733 +03:00 [INF] Executed endpoint 'CMS.API.Controllers.EncountersController.GetPatientEncounters (CMS.API)'
2026-09-05 18:17:06.737 +03:00 [INF] Request finished HTTP/1.1 GET http://localhost:5010/api/v1/encounters/patient/16 - 200 null application/json; charset=utf-8 28.8375ms
2026-09-05 18:17:12.938 +03:00 [INF] Request starting HTTP/1.1 POST http://localhost:5010/api/v1/triage/assign-doctor - application/json 174
2026-09-05 18:17:12.944 +03:00 [INF] CORS policy execution successful.
2026-09-05 18:17:12.947 +03:00 [INF] Executing endpoint 'CMS.API.Controllers.TriageController.AssignDoctor (CMS.API)'
2026-09-05 18:17:12.956 +03:00 [INF] Route matched with {action = "AssignDoctor", controller = "Triage"}. Executing controller action with signature System.Threading.Tasks.Task`1[Microsoft.AspNetCore.Mvc.IActionResult] AssignDoctor(CMS.Shared.DTOs.AssignDoctorDto) on controller CMS.API.Controllers.TriageController (CMS.API).
2026-09-05 18:17:13.001 +03:00 [INF] Executing OkObjectResult, writing value of type 'CMS.Shared.DTOs.ApiResponse`1[[System.String, System.Private.CoreLib, Version=8.0.0.0, Culture=neutral, PublicKeyToken=7cec85d7bea7798e]]'.
2026-09-05 18:17:13.007 +03:00 [INF] Executed action CMS.API.Controllers.TriageController.AssignDoctor (CMS.API) in 44.8518ms
2026-09-05 18:17:13.010 +03:00 [INF] Executed endpoint 'CMS.API.Controllers.TriageController.AssignDoctor (CMS.API)'
2026-09-05 18:17:13.013 +03:00 [INF] Request finished HTTP/1.1 POST http://localhost:5010/api/v1/triage/assign-doctor - 200 null application/json; charset=utf-8 74.2536ms
2026-09-05 18:17:13.337 +03:00 [INF] Request starting HTTP/1.1 POST http://localhost:5010/api/v1/billing/invoices - application/json 203
2026-09-05 18:17:13.343 +03:00 [INF] CORS policy execution successful.
2026-09-05 18:17:13.345 +03:00 [INF] Executing endpoint 'CMS.API.Controllers.BillingController.CreateInvoice (CMS.API)'
2026-09-05 18:17:13.354 +03:00 [INF] Route matched with {action = "CreateInvoice", controller = "Billing"}. Executing controller action with signature System.Threading.Tasks.Task`1[Microsoft.AspNetCore.Mvc.IActionResult] CreateInvoice(CMS.Shared.DTOs.CreateInvoiceDto) on controller CMS.API.Controllers.BillingController (CMS.API).
2026-09-05 18:17:13.436 +03:00 [INF] Executing OkObjectResult, writing value of type 'CMS.Shared.DTOs.ApiResponse`1[[System.Object, System.Private.CoreLib, Version=8.0.0.0, Culture=neutral, PublicKeyToken=7cec85d7bea7798e]]'.
2026-09-05 18:17:13.443 +03:00 [INF] Executed action CMS.API.Controllers.BillingController.CreateInvoice (CMS.API) in 85.1455ms
2026-09-05 18:17:13.447 +03:00 [INF] Executed endpoint 'CMS.API.Controllers.BillingController.CreateInvoice (CMS.API)'
2026-09-05 18:17:13.449 +03:00 [INF] Request finished HTTP/1.1 POST http://localhost:5010/api/v1/billing/invoices - 200 null application/json; charset=utf-8 112.1915ms
2026-09-05 18:17:13.586 +03:00 [INF] Request starting HTTP/1.1 GET http://localhost:5010/api/v1/triage/queue?date=2026-09-05 - application/json null
2026-09-05 18:17:13.593 +03:00 [INF] Executing endpoint 'CMS.API.Controllers.TriageController.GetQueue (CMS.API)'
2026-09-05 18:17:13.597 +03:00 [INF] Route matched with {action = "GetQueue", controller = "Triage"}. Executing controller action with signature System.Threading.Tasks.Task`1[Microsoft.AspNetCore.Mvc.IActionResult] GetQueue(System.String, System.Nullable`1[System.DateTime]) on controller CMS.API.Controllers.TriageController (CMS.API).
2026-09-05 18:17:13.608 +03:00 [INF] Executing OkObjectResult, writing value of type 'CMS.Shared.DTOs.ApiResponse`1[[System.Collections.Generic.List`1[[CMS.Shared.DTOs.TriageDto, CMS.Shared, Version=1.0.0.0, Culture=neutral, PublicKeyToken=null]], System.Private.CoreLib, Version=8.0.0.0, Culture=neutral, PublicKeyToken=7cec85d7bea7798e]]'.
2026-09-05 18:17:13.612 +03:00 [INF] Executed action CMS.API.Controllers.TriageController.GetQueue (CMS.API) in 10.4307ms
2026-09-05 18:17:13.617 +03:00 [INF] Executed endpoint 'CMS.API.Controllers.TriageController.GetQueue (CMS.API)'
2026-09-05 18:17:13.621 +03:00 [INF] Request finished HTTP/1.1 GET http://localhost:5010/api/v1/triage/queue?date=2026-09-05 - 200 null application/json; charset=utf-8 34.5104ms
2026-09-05 18:17:13.772 +03:00 [INF] Request starting HTTP/1.1 GET http://localhost:5010/api/v1/staff/doctors - application/json null
2026-09-05 18:17:13.772 +03:00 [INF] Request starting HTTP/1.1 GET http://localhost:5010/api/v1/patients/search - application/json null
2026-09-05 18:17:13.778 +03:00 [INF] Executing endpoint 'CMS.API.Controllers.StaffController.GetDoctors (CMS.API)'
2026-09-05 18:17:13.784 +03:00 [INF] Executing endpoint 'CMS.API.Controllers.PatientsController.Search (CMS.API)'
2026-09-05 18:17:13.787 +03:00 [INF] Route matched with {action = "GetDoctors", controller = "Staff"}. Executing controller action with signature System.Threading.Tasks.Task`1[Microsoft.AspNetCore.Mvc.IActionResult] GetDoctors() on controller CMS.API.Controllers.StaffController (CMS.API).
2026-09-05 18:17:13.789 +03:00 [INF] Route matched with {action = "Search", controller = "Patients"}. Executing controller action with signature System.Threading.Tasks.Task`1[Microsoft.AspNetCore.Mvc.IActionResult] Search(System.String, Int32) on controller CMS.API.Controllers.PatientsController (CMS.API).
2026-09-05 18:17:13.794 +03:00 [INF] Executing OkObjectResult, writing value of type 'CMS.Shared.DTOs.ApiResponse`1[[System.Collections.Generic.List`1[[CMS.Shared.DTOs.DoctorDto, CMS.Shared, Version=1.0.0.0, Culture=neutral, PublicKeyToken=null]], System.Private.CoreLib, Version=8.0.0.0, Culture=neutral, PublicKeyToken=7cec85d7bea7798e]]'.
2026-09-05 18:17:13.798 +03:00 [INF] Executing OkObjectResult, writing value of type 'CMS.Shared.DTOs.ApiResponse`1[[System.Collections.Generic.List`1[[CMS.Shared.DTOs.PatientDto, CMS.Shared, Version=1.0.0.0, Culture=neutral, PublicKeyToken=null]], System.Private.CoreLib, Version=8.0.0.0, Culture=neutral, PublicKeyToken=7cec85d7bea7798e]]'.
2026-09-05 18:17:13.800 +03:00 [INF] Executed action CMS.API.Controllers.StaffController.GetDoctors (CMS.API) in 7.6095ms
2026-09-05 18:17:13.803 +03:00 [INF] Executed action CMS.API.Controllers.PatientsController.Search (CMS.API) in 6.9402ms
2026-09-05 18:17:13.807 +03:00 [INF] Executed endpoint 'CMS.API.Controllers.StaffController.GetDoctors (CMS.API)'
2026-09-05 18:17:13.810 +03:00 [INF] Executed endpoint 'CMS.API.Controllers.PatientsController.Search (CMS.API)'
2026-09-05 18:17:13.812 +03:00 [INF] Request finished HTTP/1.1 GET http://localhost:5010/api/v1/staff/doctors - 200 null application/json; charset=utf-8 40.2225ms
2026-09-05 18:17:13.815 +03:00 [INF] Request finished HTTP/1.1 GET http://localhost:5010/api/v1/patients/search - 200 null application/json; charset=utf-8 42.8626ms
2026-09-05 18:17:18.585 +03:00 [INF] Request starting HTTP/1.1 POST http://localhost:5010/api/v1/triage - application/json 134
2026-09-05 18:17:18.593 +03:00 [INF] CORS policy execution successful.
2026-09-05 18:17:18.595 +03:00 [INF] Executing endpoint 'CMS.API.Controllers.TriageController.RecordTriage (CMS.API)'
2026-09-05 18:17:18.598 +03:00 [INF] Route matched with {action = "RecordTriage", controller = "Triage"}. Executing controller action with signature System.Threading.Tasks.Task`1[Microsoft.AspNetCore.Mvc.IActionResult] RecordTriage(CMS.Shared.DTOs.RecordTriageDto) on controller CMS.API.Controllers.TriageController (CMS.API).
2026-09-05 18:17:18.613 +03:00 [INF] Executing OkObjectResult, writing value of type 'CMS.Shared.DTOs.ApiResponse`1[[System.Object, System.Private.CoreLib, Version=8.0.0.0, Culture=neutral, PublicKeyToken=7cec85d7bea7798e]]'.
2026-09-05 18:17:18.617 +03:00 [INF] Executed action CMS.API.Controllers.TriageController.RecordTriage (CMS.API) in 15.1544ms
2026-09-05 18:17:18.620 +03:00 [INF] Executed endpoint 'CMS.API.Controllers.TriageController.RecordTriage (CMS.API)'
2026-09-05 18:17:18.623 +03:00 [INF] Request finished HTTP/1.1 POST http://localhost:5010/api/v1/triage - 200 null application/json; charset=utf-8 37.6016ms
2026-09-05 18:17:18.940 +03:00 [INF] Request starting HTTP/1.1 GET http://localhost:5010/api/v1/triage/queue?date=2026-09-05 - application/json null
2026-09-05 18:17:18.940 +03:00 [INF] Request starting HTTP/1.1 GET http://localhost:5010/api/v1/staff/doctors - application/json null
2026-09-05 18:17:18.940 +03:00 [INF] Request starting HTTP/1.1 GET http://localhost:5010/api/v1/patients/search - application/json null
2026-09-05 18:17:18.948 +03:00 [INF] Executing endpoint 'CMS.API.Controllers.TriageController.GetQueue (CMS.API)'
2026-09-05 18:17:18.954 +03:00 [INF] Executing endpoint 'CMS.API.Controllers.StaffController.GetDoctors (CMS.API)'
2026-09-05 18:17:18.961 +03:00 [INF] Executing endpoint 'CMS.API.Controllers.PatientsController.Search (CMS.API)'
2026-09-05 18:17:18.964 +03:00 [INF] Route matched with {action = "GetQueue", controller = "Triage"}. Executing controller action with signature System.Threading.Tasks.Task`1[Microsoft.AspNetCore.Mvc.IActionResult] GetQueue(System.String, System.Nullable`1[System.DateTime]) on controller CMS.API.Controllers.TriageController (CMS.API).
2026-09-05 18:17:18.966 +03:00 [INF] Route matched with {action = "GetDoctors", controller = "Staff"}. Executing controller action with signature System.Threading.Tasks.Task`1[Microsoft.AspNetCore.Mvc.IActionResult] GetDoctors() on controller CMS.API.Controllers.StaffController (CMS.API).
2026-09-05 18:17:18.969 +03:00 [INF] Route matched with {action = "Search", controller = "Patients"}. Executing controller action with signature System.Threading.Tasks.Task`1[Microsoft.AspNetCore.Mvc.IActionResult] Search(System.String, Int32) on controller CMS.API.Controllers.PatientsController (CMS.API).
2026-09-05 18:17:18.975 +03:00 [INF] Executing OkObjectResult, writing value of type 'CMS.Shared.DTOs.ApiResponse`1[[System.Collections.Generic.List`1[[CMS.Shared.DTOs.TriageDto, CMS.Shared, Version=1.0.0.0, Culture=neutral, PublicKeyToken=null]], System.Private.CoreLib, Version=8.0.0.0, Culture=neutral, PublicKeyToken=7cec85d7bea7798e]]'.
2026-09-05 18:17:18.979 +03:00 [INF] Executing OkObjectResult, writing value of type 'CMS.Shared.DTOs.ApiResponse`1[[System.Collections.Generic.List`1[[CMS.Shared.DTOs.DoctorDto, CMS.Shared, Version=1.0.0.0, Culture=neutral, PublicKeyToken=null]], System.Private.CoreLib, Version=8.0.0.0, Culture=neutral, PublicKeyToken=7cec85d7bea7798e]]'.
2026-09-05 18:17:18.984 +03:00 [INF] Executing OkObjectResult, writing value of type 'CMS.Shared.DTOs.ApiResponse`1[[System.Collections.Generic.List`1[[CMS.Shared.DTOs.PatientDto, CMS.Shared, Version=1.0.0.0, Culture=neutral, PublicKeyToken=null]], System.Private.CoreLib, Version=8.0.0.0, Culture=neutral, PublicKeyToken=7cec85d7bea7798e]]'.
2026-09-05 18:17:18.986 +03:00 [INF] Executed action CMS.API.Controllers.TriageController.GetQueue (CMS.API) in 13.0655ms
2026-09-05 18:17:18.989 +03:00 [INF] Executed action CMS.API.Controllers.StaffController.GetDoctors (CMS.API) in 11.3538ms
2026-09-05 18:17:18.992 +03:00 [INF] Executed action CMS.API.Controllers.PatientsController.Search (CMS.API) in 9.283ms
2026-09-05 18:17:18.995 +03:00 [INF] Executed endpoint 'CMS.API.Controllers.TriageController.GetQueue (CMS.API)'
2026-09-05 18:17:18.997 +03:00 [INF] Executed endpoint 'CMS.API.Controllers.StaffController.GetDoctors (CMS.API)'
2026-09-05 18:17:19.000 +03:00 [INF] Executed endpoint 'CMS.API.Controllers.PatientsController.Search (CMS.API)'
2026-09-05 18:17:19.002 +03:00 [INF] Request finished HTTP/1.1 GET http://localhost:5010/api/v1/triage/queue?date=2026-09-05 - 200 null application/json; charset=utf-8 62.2295ms
2026-09-05 18:17:19.004 +03:00 [INF] Request finished HTTP/1.1 GET http://localhost:5010/api/v1/staff/doctors - 200 null application/json; charset=utf-8 64.6312ms
2026-09-05 18:17:19.007 +03:00 [INF] Request finished HTTP/1.1 GET http://localhost:5010/api/v1/patients/search - 200 null application/json; charset=utf-8 67.0855ms
2026-09-05 18:17:20.201 +03:00 [INF] Request starting HTTP/1.1 GET http://localhost:5010/api/v1/encounters/patient/19 - application/json null
2026-09-05 18:17:20.208 +03:00 [INF] Executing endpoint 'CMS.API.Controllers.EncountersController.GetPatientEncounters (CMS.API)'
2026-09-05 18:17:20.211 +03:00 [INF] Route matched with {action = "GetPatientEncounters", controller = "Encounters"}. Executing controller action with signature System.Threading.Tasks.Task`1[Microsoft.AspNetCore.Mvc.IActionResult] GetPatientEncounters(Int32) on controller CMS.API.Controllers.EncountersController (CMS.API).
2026-09-05 18:17:20.217 +03:00 [INF] Executing OkObjectResult, writing value of type 'CMS.Shared.DTOs.ApiResponse`1[[System.Collections.Generic.List`1[[CMS.Shared.DTOs.EncounterDto, CMS.Shared, Version=1.0.0.0, Culture=neutral, PublicKeyToken=null]], System.Private.CoreLib, Version=8.0.0.0, Culture=neutral, PublicKeyToken=7cec85d7bea7798e]]'.
2026-09-05 18:17:20.221 +03:00 [INF] Executed action CMS.API.Controllers.EncountersController.GetPatientEncounters (CMS.API) in 4.7403ms
2026-09-05 18:17:20.225 +03:00 [INF] Executed endpoint 'CMS.API.Controllers.EncountersController.GetPatientEncounters (CMS.API)'
2026-09-05 18:17:20.228 +03:00 [INF] Request finished HTTP/1.1 GET http://localhost:5010/api/v1/encounters/patient/19 - 200 null application/json; charset=utf-8 27.742ms
2026-09-05 18:17:31.006 +03:00 [INF] Request starting HTTP/1.1 POST http://localhost:5010/api/v1/triage - application/json 134
2026-09-05 18:17:31.021 +03:00 [INF] CORS policy execution successful.
2026-09-05 18:17:31.023 +03:00 [INF] Executing endpoint 'CMS.API.Controllers.TriageController.RecordTriage (CMS.API)'
2026-09-05 18:17:31.026 +03:00 [INF] Route matched with {action = "RecordTriage", controller = "Triage"}. Executing controller action with signature System.Threading.Tasks.Task`1[Microsoft.AspNetCore.Mvc.IActionResult] RecordTriage(CMS.Shared.DTOs.RecordTriageDto) on controller CMS.API.Controllers.TriageController (CMS.API).
2026-09-05 18:17:31.034 +03:00 [INF] Executing OkObjectResult, writing value of type 'CMS.Shared.DTOs.ApiResponse`1[[System.Object, System.Private.CoreLib, Version=8.0.0.0, Culture=neutral, PublicKeyToken=7cec85d7bea7798e]]'.
2026-09-05 18:17:31.038 +03:00 [INF] Executed action CMS.API.Controllers.TriageController.RecordTriage (CMS.API) in 7.3851ms
2026-09-05 18:17:31.042 +03:00 [INF] Executed endpoint 'CMS.API.Controllers.TriageController.RecordTriage (CMS.API)'
2026-09-05 18:17:31.047 +03:00 [INF] Request finished HTTP/1.1 POST http://localhost:5010/api/v1/triage - 200 null application/json; charset=utf-8 40.2658ms
2026-09-05 18:17:31.272 +03:00 [INF] Request starting HTTP/1.1 GET http://localhost:5010/api/v1/triage/queue?date=2026-09-05 - application/json null
2026-09-05 18:17:31.279 +03:00 [INF] Executing endpoint 'CMS.API.Controllers.TriageController.GetQueue (CMS.API)'
2026-09-05 18:17:31.282 +03:00 [INF] Route matched with {action = "GetQueue", controller = "Triage"}. Executing controller action with signature System.Threading.Tasks.Task`1[Microsoft.AspNetCore.Mvc.IActionResult] GetQueue(System.String, System.Nullable`1[System.DateTime]) on controller CMS.API.Controllers.TriageController (CMS.API).
2026-09-05 18:17:31.290 +03:00 [INF] Executing OkObjectResult, writing value of type 'CMS.Shared.DTOs.ApiResponse`1[[System.Collections.Generic.List`1[[CMS.Shared.DTOs.TriageDto, CMS.Shared, Version=1.0.0.0, Culture=neutral, PublicKeyToken=null]], System.Private.CoreLib, Version=8.0.0.0, Culture=neutral, PublicKeyToken=7cec85d7bea7798e]]'.
2026-09-05 18:17:31.293 +03:00 [INF] Executed action CMS.API.Controllers.TriageController.GetQueue (CMS.API) in 6.0243ms
2026-09-05 18:17:31.298 +03:00 [INF] Executed endpoint 'CMS.API.Controllers.TriageController.GetQueue (CMS.API)'
2026-09-05 18:17:31.301 +03:00 [INF] Request finished HTTP/1.1 GET http://localhost:5010/api/v1/triage/queue?date=2026-09-05 - 200 null application/json; charset=utf-8 29.2786ms
2026-09-05 18:17:31.367 +03:00 [INF] Request starting HTTP/1.1 GET http://localhost:5010/api/v1/staff/doctors - application/json null
2026-09-05 18:17:31.367 +03:00 [INF] Request starting HTTP/1.1 GET http://localhost:5010/api/v1/patients/search - application/json null
2026-09-05 18:17:31.375 +03:00 [INF] Executing endpoint 'CMS.API.Controllers.StaffController.GetDoctors (CMS.API)'
2026-09-05 18:17:31.382 +03:00 [INF] Executing endpoint 'CMS.API.Controllers.PatientsController.Search (CMS.API)'
2026-09-05 18:17:31.384 +03:00 [INF] Route matched with {action = "GetDoctors", controller = "Staff"}. Executing controller action with signature System.Threading.Tasks.Task`1[Microsoft.AspNetCore.Mvc.IActionResult] GetDoctors() on controller CMS.API.Controllers.StaffController (CMS.API).
2026-09-05 18:17:31.388 +03:00 [INF] Route matched with {action = "Search", controller = "Patients"}. Executing controller action with signature System.Threading.Tasks.Task`1[Microsoft.AspNetCore.Mvc.IActionResult] Search(System.String, Int32) on controller CMS.API.Controllers.PatientsController (CMS.API).
2026-09-05 18:17:31.394 +03:00 [INF] Executing OkObjectResult, writing value of type 'CMS.Shared.DTOs.ApiResponse`1[[System.Collections.Generic.List`1[[CMS.Shared.DTOs.DoctorDto, CMS.Shared, Version=1.0.0.0, Culture=neutral, PublicKeyToken=null]], System.Private.CoreLib, Version=8.0.0.0, Culture=neutral, PublicKeyToken=7cec85d7bea7798e]]'.
2026-09-05 18:17:31.400 +03:00 [INF] Executing OkObjectResult, writing value of type 'CMS.Shared.DTOs.ApiResponse`1[[System.Collections.Generic.List`1[[CMS.Shared.DTOs.PatientDto, CMS.Shared, Version=1.0.0.0, Culture=neutral, PublicKeyToken=null]], System.Private.CoreLib, Version=8.0.0.0, Culture=neutral, PublicKeyToken=7cec85d7bea7798e]]'.
2026-09-05 18:17:31.402 +03:00 [INF] Executed action CMS.API.Controllers.StaffController.GetDoctors (CMS.API) in 8.4324ms
2026-09-05 18:17:31.406 +03:00 [INF] Executed action CMS.API.Controllers.PatientsController.Search (CMS.API) in 7.7706ms
2026-09-05 18:17:31.411 +03:00 [INF] Executed endpoint 'CMS.API.Controllers.StaffController.GetDoctors (CMS.API)'
2026-09-05 18:17:31.414 +03:00 [INF] Executed endpoint 'CMS.API.Controllers.PatientsController.Search (CMS.API)'
2026-09-05 18:17:31.417 +03:00 [INF] Request finished HTTP/1.1 GET http://localhost:5010/api/v1/staff/doctors - 200 null application/json; charset=utf-8 50.0195ms
2026-09-05 18:17:31.420 +03:00 [INF] Request finished HTTP/1.1 GET http://localhost:5010/api/v1/patients/search - 200 null application/json; charset=utf-8 52.6407ms
2026-09-05 18:17:33.380 +03:00 [INF] Request starting HTTP/1.1 GET http://localhost:5010/api/v1/encounters/patient/15 - application/json null
2026-09-05 18:17:33.387 +03:00 [INF] Executing endpoint 'CMS.API.Controllers.EncountersController.GetPatientEncounters (CMS.API)'
2026-09-05 18:17:33.391 +03:00 [INF] Route matched with {action = "GetPatientEncounters", controller = "Encounters"}. Executing controller action with signature System.Threading.Tasks.Task`1[Microsoft.AspNetCore.Mvc.IActionResult] GetPatientEncounters(Int32) on controller CMS.API.Controllers.EncountersController (CMS.API).
2026-09-05 18:17:33.402 +03:00 [INF] Executing OkObjectResult, writing value of type 'CMS.Shared.DTOs.ApiResponse`1[[System.Collections.Generic.List`1[[CMS.Shared.DTOs.EncounterDto, CMS.Shared, Version=1.0.0.0, Culture=neutral, PublicKeyToken=null]], System.Private.CoreLib, Version=8.0.0.0, Culture=neutral, PublicKeyToken=7cec85d7bea7798e]]'.
2026-09-05 18:17:33.419 +03:00 [INF] Executed action CMS.API.Controllers.EncountersController.GetPatientEncounters (CMS.API) in 22.8596ms
2026-09-05 18:17:33.426 +03:00 [INF] Executed endpoint 'CMS.API.Controllers.EncountersController.GetPatientEncounters (CMS.API)'
2026-09-05 18:17:33.431 +03:00 [INF] Request finished HTTP/1.1 GET http://localhost:5010/api/v1/encounters/patient/15 - 200 null application/json; charset=utf-8 50.992ms
2026-09-05 18:17:40.508 +03:00 [INF] Request starting HTTP/1.1 GET http://localhost:5010/api/v1/billing/invoices - application/json null
2026-09-05 18:17:40.508 +03:00 [INF] Request starting HTTP/1.1 GET http://localhost:5010/api/v1/patients/search - application/json null
2026-09-05 18:17:40.517 +03:00 [INF] Executing endpoint 'CMS.API.Controllers.BillingController.GetInvoices (CMS.API)'
2026-09-05 18:17:40.523 +03:00 [INF] Executing endpoint 'CMS.API.Controllers.PatientsController.Search (CMS.API)'
2026-09-05 18:17:40.528 +03:00 [INF] Route matched with {action = "Search", controller = "Patients"}. Executing controller action with signature System.Threading.Tasks.Task`1[Microsoft.AspNetCore.Mvc.IActionResult] Search(System.String, Int32) on controller CMS.API.Controllers.PatientsController (CMS.API).
2026-09-05 18:17:40.533 +03:00 [INF] Route matched with {action = "GetInvoices", controller = "Billing"}. Executing controller action with signature System.Threading.Tasks.Task`1[Microsoft.AspNetCore.Mvc.IActionResult] GetInvoices() on controller CMS.API.Controllers.BillingController (CMS.API).
2026-09-05 18:17:40.536 +03:00 [INF] Executing OkObjectResult, writing value of type 'CMS.Shared.DTOs.ApiResponse`1[[System.Collections.Generic.List`1[[CMS.Shared.DTOs.PatientDto, CMS.Shared, Version=1.0.0.0, Culture=neutral, PublicKeyToken=null]], System.Private.CoreLib, Version=8.0.0.0, Culture=neutral, PublicKeyToken=7cec85d7bea7798e]]'.
2026-09-05 18:17:40.544 +03:00 [INF] Executed action CMS.API.Controllers.PatientsController.Search (CMS.API) in 10.7471ms
2026-09-05 18:17:40.549 +03:00 [INF] Executed endpoint 'CMS.API.Controllers.PatientsController.Search (CMS.API)'
2026-09-05 18:17:40.553 +03:00 [INF] Request finished HTTP/1.1 GET http://localhost:5010/api/v1/patients/search - 200 null application/json; charset=utf-8 44.3921ms
2026-09-05 18:17:40.604 +03:00 [INF] Executing OkObjectResult, writing value of type 'CMS.Shared.DTOs.ApiResponse`1[[System.Collections.Generic.List`1[[CMS.Shared.DTOs.InvoiceDto, CMS.Shared, Version=1.0.0.0, Culture=neutral, PublicKeyToken=null]], System.Private.CoreLib, Version=8.0.0.0, Culture=neutral, PublicKeyToken=7cec85d7bea7798e]]'.
2026-09-05 18:17:40.619 +03:00 [INF] Executed action CMS.API.Controllers.BillingController.GetInvoices (CMS.API) in 78.5618ms
2026-09-05 18:17:40.623 +03:00 [INF] Executed endpoint 'CMS.API.Controllers.BillingController.GetInvoices (CMS.API)'
2026-09-05 18:17:40.625 +03:00 [INF] Request finished HTTP/1.1 GET http://localhost:5010/api/v1/billing/invoices - 200 null application/json; charset=utf-8 116.9198ms
2026-09-05 18:17:40.771 +03:00 [INF] Request starting HTTP/1.1 GET http://localhost:5010/api/v1/patients/search - application/json null
2026-09-05 18:17:40.778 +03:00 [INF] Executing endpoint 'CMS.API.Controllers.PatientsController.Search (CMS.API)'
2026-09-05 18:17:40.781 +03:00 [INF] Route matched with {action = "Search", controller = "Patients"}. Executing controller action with signature System.Threading.Tasks.Task`1[Microsoft.AspNetCore.Mvc.IActionResult] Search(System.String, Int32) on controller CMS.API.Controllers.PatientsController (CMS.API).
2026-09-05 18:17:40.788 +03:00 [INF] Executing OkObjectResult, writing value of type 'CMS.Shared.DTOs.ApiResponse`1[[System.Collections.Generic.List`1[[CMS.Shared.DTOs.PatientDto, CMS.Shared, Version=1.0.0.0, Culture=neutral, PublicKeyToken=null]], System.Private.CoreLib, Version=8.0.0.0, Culture=neutral, PublicKeyToken=7cec85d7bea7798e]]'.
2026-09-05 18:17:40.791 +03:00 [INF] Executed action CMS.API.Controllers.PatientsController.Search (CMS.API) in 5.3614ms
2026-09-05 18:17:40.795 +03:00 [INF] Executed endpoint 'CMS.API.Controllers.PatientsController.Search (CMS.API)'
2026-09-05 18:17:40.798 +03:00 [INF] Request finished HTTP/1.1 GET http://localhost:5010/api/v1/patients/search - 200 null application/json; charset=utf-8 27.0477ms
2026-09-05 18:17:40.863 +03:00 [INF] Request starting HTTP/1.1 GET http://localhost:5010/api/v1/billing/invoices - application/json null
2026-09-05 18:17:40.869 +03:00 [INF] Executing endpoint 'CMS.API.Controllers.BillingController.GetInvoices (CMS.API)'
2026-09-05 18:17:40.871 +03:00 [INF] Route matched with {action = "GetInvoices", controller = "Billing"}. Executing controller action with signature System.Threading.Tasks.Task`1[Microsoft.AspNetCore.Mvc.IActionResult] GetInvoices() on controller CMS.API.Controllers.BillingController (CMS.API).
2026-09-05 18:17:40.880 +03:00 [INF] Executing OkObjectResult, writing value of type 'CMS.Shared.DTOs.ApiResponse`1[[System.Collections.Generic.List`1[[CMS.Shared.DTOs.InvoiceDto, CMS.Shared, Version=1.0.0.0, Culture=neutral, PublicKeyToken=null]], System.Private.CoreLib, Version=8.0.0.0, Culture=neutral, PublicKeyToken=7cec85d7bea7798e]]'.
2026-09-05 18:17:40.883 +03:00 [INF] Executed action CMS.API.Controllers.BillingController.GetInvoices (CMS.API) in 7.4061ms
2026-09-05 18:17:40.886 +03:00 [INF] Executed endpoint 'CMS.API.Controllers.BillingController.GetInvoices (CMS.API)'
2026-09-05 18:17:40.888 +03:00 [INF] Request finished HTTP/1.1 GET http://localhost:5010/api/v1/billing/invoices - 200 null application/json; charset=utf-8 25.6098ms
2026-09-05 18:18:03.928 +03:00 [INF] Request starting HTTP/1.1 POST http://localhost:5010/api/v1/billing/payments - application/json 130
2026-09-05 18:18:03.934 +03:00 [INF] CORS policy execution successful.
2026-09-05 18:18:03.936 +03:00 [INF] Executing endpoint 'CMS.API.Controllers.BillingController.ProcessPayment (CMS.API)'
2026-09-05 18:18:03.947 +03:00 [INF] Route matched with {action = "ProcessPayment", controller = "Billing"}. Executing controller action with signature System.Threading.Tasks.Task`1[Microsoft.AspNetCore.Mvc.IActionResult] ProcessPayment(CMS.Shared.DTOs.ProcessPaymentDto) on controller CMS.API.Controllers.BillingController (CMS.API).
2026-09-05 18:18:04.266 +03:00 [INF] Executed action CMS.API.Controllers.BillingController.ProcessPayment (CMS.API) in 314.0354ms
2026-09-05 18:18:04.270 +03:00 [INF] Executed endpoint 'CMS.API.Controllers.BillingController.ProcessPayment (CMS.API)'
2026-09-05 18:18:04.275 +03:00 [ERR] Unhandled exception encountered: Invalid column name 'CreatedAt'.
Microsoft.Data.SqlClient.SqlException (0x80131904): Invalid column name 'CreatedAt'.
   at Microsoft.Data.SqlClient.SqlConnection.OnError(SqlException exception, Boolean breakConnection, Action`1 wrapCloseInAction)
   at Microsoft.Data.SqlClient.SqlInternalConnection.OnError(SqlException exception, Boolean breakConnection, Action`1 wrapCloseInAction)
   at Microsoft.Data.SqlClient.TdsParser.ThrowExceptionAndWarning(TdsParserStateObject stateObj, Boolean callerHasConnectionLock, Boolean asyncClose)
   at Microsoft.Data.SqlClient.TdsParser.TryRun(RunBehavior runBehavior, SqlCommand cmdHandler, SqlDataReader dataStream, BulkCopySimpleResultSet bulkCopyHandler, TdsParserStateObject stateObj, Boolean& dataReady)
   at Microsoft.Data.SqlClient.SqlCommand.FinishExecuteReader(SqlDataReader ds, RunBehavior runBehavior, String resetOptionsString, Boolean isInternal, Boolean forDescribeParameterEncryption, Boolean shouldCacheForAlwaysEncrypted)
   at Microsoft.Data.SqlClient.SqlCommand.CompleteAsyncExecuteReader(Boolean isInternal, Boolean forDescribeParameterEncryption)
   at Microsoft.Data.SqlClient.SqlCommand.InternalEndExecuteNonQuery(IAsyncResult asyncResult, Boolean isInternal, String endMethod)
   at Microsoft.Data.SqlClient.SqlCommand.EndExecuteNonQueryInternal(IAsyncResult asyncResult)
   at Microsoft.Data.SqlClient.SqlCommand.EndExecuteNonQueryAsync(IAsyncResult asyncResult)
   at Microsoft.Data.SqlClient.SqlCommand.<>c.<InternalExecuteNonQueryAsync>b__210_1(IAsyncResult result)
   at System.Threading.Tasks.TaskFactory`1.FromAsyncCoreLogic(IAsyncResult iar, Func`2 endFunction, Action`1 endAction, Task`1 promise, Boolean requiresSynchronization)
--- End of stack trace from previous location ---
   at Dapper.SqlMapper.ExecuteImplAsync(IDbConnection cnn, CommandDefinition command, Object param) in /_/Dapper/SqlMapper.Async.cs:line 662
   at CMS.Application.Billing.BillingService.ProcessPaymentAsync(ProcessPaymentDto dto) in C:\Users\ASUS\source\repos\CMS\src\CMS.Application\Billing\BillingService.cs:line 147
   at CMS.API.Controllers.BillingController.ProcessPayment(ProcessPaymentDto dto) in C:\Users\ASUS\source\repos\CMS\src\CMS.API\Controllers\PharmacyBillingControllers.cs:line 95
   at Microsoft.AspNetCore.Mvc.Infrastructure.ActionMethodExecutor.TaskOfIActionResultExecutor.Execute(ActionContext actionContext, IActionResultTypeMapper mapper, ObjectMethodExecutor executor, Object controller, Object[] arguments)
   at Microsoft.AspNetCore.Mvc.Infrastructure.ControllerActionInvoker.<InvokeActionMethodAsync>g__Awaited|12_0(ControllerActionInvoker invoker, ValueTask`1 actionResultValueTask)
   at Microsoft.AspNetCore.Mvc.Infrastructure.ControllerActionInvoker.<InvokeNextActionFilterAsync>g__Awaited|10_0(ControllerActionInvoker invoker, Task lastTask, State next, Scope scope, Object state, Boolean isCompleted)
   at Microsoft.AspNetCore.Mvc.Infrastructure.ControllerActionInvoker.Rethrow(ActionExecutedContextSealed context)
   at Microsoft.AspNetCore.Mvc.Infrastructure.ControllerActionInvoker.Next(State& next, Scope& scope, Object& state, Boolean& isCompleted)
   at Microsoft.AspNetCore.Mvc.Infrastructure.ControllerActionInvoker.<InvokeInnerFilterAsync>g__Awaited|13_0(ControllerActionInvoker invoker, Task lastTask, State next, Scope scope, Object state, Boolean isCompleted)
   at Microsoft.AspNetCore.Mvc.Infrastructure.ResourceInvoker.<InvokeFilterPipelineAsync>g__Awaited|20_0(ResourceInvoker invoker, Task lastTask, State next, Scope scope, Object state, Boolean isCompleted)
   at Microsoft.AspNetCore.Mvc.Infrastructure.ResourceInvoker.<InvokeAsync>g__Logged|17_1(ResourceInvoker invoker)
   at Microsoft.AspNetCore.Mvc.Infrastructure.ResourceInvoker.<InvokeAsync>g__Logged|17_1(ResourceInvoker invoker)
   at Microsoft.AspNetCore.Routing.EndpointMiddleware.<Invoke>g__AwaitRequestTask|7_0(Endpoint endpoint, Task requestTask, ILogger logger)
   at Microsoft.AspNetCore.Authorization.AuthorizationMiddleware.Invoke(HttpContext context)
   at Microsoft.AspNetCore.Authentication.AuthenticationMiddleware.Invoke(HttpContext context)
   at Swashbuckle.AspNetCore.SwaggerUI.SwaggerUIMiddleware.Invoke(HttpContext httpContext)
   at Swashbuckle.AspNetCore.Swagger.SwaggerMiddleware.Invoke(HttpContext httpContext, ISwaggerProvider swaggerProvider)
   at CMS.API.Middleware.TenantMiddleware.InvokeAsync(HttpContext context) in C:\Users\ASUS\source\repos\CMS\src\CMS.API\Middleware\Middlewares.cs:line 26
   at CMS.API.Middleware.ExceptionMiddleware.InvokeAsync(HttpContext context) in C:\Users\ASUS\source\repos\CMS\src\CMS.API\Middleware\Middlewares.cs:line 45
ClientConnectionId:e8b93f85-0379-42c7-8401-9417b65e41bc
Error Number:207,State:1,Class:16
2026-09-05 18:18:04.332 +03:00 [INF] Request finished HTTP/1.1 POST http://localhost:5010/api/v1/billing/payments - 500 null application/json 404.1116ms
2026-09-05 18:18:15.821 +03:00 [INF] Request starting HTTP/1.1 POST http://localhost:5010/api/v1/billing/payments - application/json 130
2026-09-05 18:18:15.827 +03:00 [INF] CORS policy execution successful.
2026-09-05 18:18:15.829 +03:00 [INF] Executing endpoint 'CMS.API.Controllers.BillingController.ProcessPayment (CMS.API)'
2026-09-05 18:18:15.832 +03:00 [INF] Route matched with {action = "ProcessPayment", controller = "Billing"}. Executing controller action with signature System.Threading.Tasks.Task`1[Microsoft.AspNetCore.Mvc.IActionResult] ProcessPayment(CMS.Shared.DTOs.ProcessPaymentDto) on controller CMS.API.Controllers.BillingController (CMS.API).
2026-09-05 18:18:15.844 +03:00 [INF] Executed action CMS.API.Controllers.BillingController.ProcessPayment (CMS.API) in 7.607ms
2026-09-05 18:18:15.847 +03:00 [INF] Executed endpoint 'CMS.API.Controllers.BillingController.ProcessPayment (CMS.API)'
2026-09-05 18:18:15.850 +03:00 [ERR] Unhandled exception encountered: Invalid column name 'CreatedAt'.
Microsoft.Data.SqlClient.SqlException (0x80131904): Invalid column name 'CreatedAt'.
   at Microsoft.Data.SqlClient.SqlConnection.OnError(SqlException exception, Boolean breakConnection, Action`1 wrapCloseInAction)
   at Microsoft.Data.SqlClient.SqlInternalConnection.OnError(SqlException exception, Boolean breakConnection, Action`1 wrapCloseInAction)
   at Microsoft.Data.SqlClient.TdsParser.ThrowExceptionAndWarning(TdsParserStateObject stateObj, Boolean callerHasConnectionLock, Boolean asyncClose)
   at Microsoft.Data.SqlClient.TdsParser.TryRun(RunBehavior runBehavior, SqlCommand cmdHandler, SqlDataReader dataStream, BulkCopySimpleResultSet bulkCopyHandler, TdsParserStateObject stateObj, Boolean& dataReady)
   at Microsoft.Data.SqlClient.SqlCommand.FinishExecuteReader(SqlDataReader ds, RunBehavior runBehavior, String resetOptionsString, Boolean isInternal, Boolean forDescribeParameterEncryption, Boolean shouldCacheForAlwaysEncrypted)
   at Microsoft.Data.SqlClient.SqlCommand.CompleteAsyncExecuteReader(Boolean isInternal, Boolean forDescribeParameterEncryption)
   at Microsoft.Data.SqlClient.SqlCommand.InternalEndExecuteNonQuery(IAsyncResult asyncResult, Boolean isInternal, String endMethod)
   at Microsoft.Data.SqlClient.SqlCommand.EndExecuteNonQueryInternal(IAsyncResult asyncResult)
   at Microsoft.Data.SqlClient.SqlCommand.EndExecuteNonQueryAsync(IAsyncResult asyncResult)
   at Microsoft.Data.SqlClient.SqlCommand.<>c.<InternalExecuteNonQueryAsync>b__210_1(IAsyncResult result)
   at System.Threading.Tasks.TaskFactory`1.FromAsyncCoreLogic(IAsyncResult iar, Func`2 endFunction, Action`1 endAction, Task`1 promise, Boolean requiresSynchronization)
--- End of stack trace from previous location ---
   at Dapper.SqlMapper.ExecuteImplAsync(IDbConnection cnn, CommandDefinition command, Object param) in /_/Dapper/SqlMapper.Async.cs:line 662
   at CMS.Application.Billing.BillingService.ProcessPaymentAsync(ProcessPaymentDto dto) in C:\Users\ASUS\source\repos\CMS\src\CMS.Application\Billing\BillingService.cs:line 147
   at CMS.API.Controllers.BillingController.ProcessPayment(ProcessPaymentDto dto) in C:\Users\ASUS\source\repos\CMS\src\CMS.API\Controllers\PharmacyBillingControllers.cs:line 95
   at Microsoft.AspNetCore.Mvc.Infrastructure.ActionMethodExecutor.TaskOfIActionResultExecutor.Execute(ActionContext actionContext, IActionResultTypeMapper mapper, ObjectMethodExecutor executor, Object controller, Object[] arguments)
   at Microsoft.AspNetCore.Mvc.Infrastructure.ControllerActionInvoker.<InvokeActionMethodAsync>g__Awaited|12_0(ControllerActionInvoker invoker, ValueTask`1 actionResultValueTask)
   at Microsoft.AspNetCore.Mvc.Infrastructure.ControllerActionInvoker.<InvokeNextActionFilterAsync>g__Awaited|10_0(ControllerActionInvoker invoker, Task lastTask, State next, Scope scope, Object state, Boolean isCompleted)
   at Microsoft.AspNetCore.Mvc.Infrastructure.ControllerActionInvoker.Rethrow(ActionExecutedContextSealed context)
   at Microsoft.AspNetCore.Mvc.Infrastructure.ControllerActionInvoker.Next(State& next, Scope& scope, Object& state, Boolean& isCompleted)
   at Microsoft.AspNetCore.Mvc.Infrastructure.ControllerActionInvoker.<InvokeInnerFilterAsync>g__Awaited|13_0(ControllerActionInvoker invoker, Task lastTask, State next, Scope scope, Object state, Boolean isCompleted)
   at Microsoft.AspNetCore.Mvc.Infrastructure.ResourceInvoker.<InvokeFilterPipelineAsync>g__Awaited|20_0(ResourceInvoker invoker, Task lastTask, State next, Scope scope, Object state, Boolean isCompleted)
   at Microsoft.AspNetCore.Mvc.Infrastructure.ResourceInvoker.<InvokeAsync>g__Logged|17_1(ResourceInvoker invoker)
   at Microsoft.AspNetCore.Mvc.Infrastructure.ResourceInvoker.<InvokeAsync>g__Logged|17_1(ResourceInvoker invoker)
   at Microsoft.AspNetCore.Routing.EndpointMiddleware.<Invoke>g__AwaitRequestTask|7_0(Endpoint endpoint, Task requestTask, ILogger logger)
   at Microsoft.AspNetCore.Authorization.AuthorizationMiddleware.Invoke(HttpContext context)
   at Microsoft.AspNetCore.Authentication.AuthenticationMiddleware.Invoke(HttpContext context)
   at Swashbuckle.AspNetCore.SwaggerUI.SwaggerUIMiddleware.Invoke(HttpContext httpContext)
   at Swashbuckle.AspNetCore.Swagger.SwaggerMiddleware.Invoke(HttpContext httpContext, ISwaggerProvider swaggerProvider)
   at CMS.API.Middleware.TenantMiddleware.InvokeAsync(HttpContext context) in C:\Users\ASUS\source\repos\CMS\src\CMS.API\Middleware\Middlewares.cs:line 26
   at CMS.API.Middleware.ExceptionMiddleware.InvokeAsync(HttpContext context) in C:\Users\ASUS\source\repos\CMS\src\CMS.API\Middleware\Middlewares.cs:line 45
ClientConnectionId:e8b93f85-0379-42c7-8401-9417b65e41bc
Error Number:207,State:1,Class:16
2026-09-05 18:18:15.870 +03:00 [INF] Request finished HTTP/1.1 POST http://localhost:5010/api/v1/billing/payments - 500 null application/json 48.9645ms
2026-09-05 18:20:02.124 +03:00 [INF] Request starting HTTP/1.1 GET http://localhost:5010/api/v1/billing/invoices - application/json null
2026-09-05 18:20:02.125 +03:00 [INF] Request starting HTTP/1.1 GET http://localhost:5010/api/v1/patients/search - application/json null
2026-09-05 18:20:02.133 +03:00 [INF] Executing endpoint 'CMS.API.Controllers.BillingController.GetInvoices (CMS.API)'
2026-09-05 18:20:02.141 +03:00 [INF] Executing endpoint 'CMS.API.Controllers.PatientsController.Search (CMS.API)'
2026-09-05 18:20:02.144 +03:00 [INF] Route matched with {action = "GetInvoices", controller = "Billing"}. Executing controller action with signature System.Threading.Tasks.Task`1[Microsoft.AspNetCore.Mvc.IActionResult] GetInvoices() on controller CMS.API.Controllers.BillingController (CMS.API).
2026-09-05 18:20:02.147 +03:00 [INF] Route matched with {action = "Search", controller = "Patients"}. Executing controller action with signature System.Threading.Tasks.Task`1[Microsoft.AspNetCore.Mvc.IActionResult] Search(System.String, Int32) on controller CMS.API.Controllers.PatientsController (CMS.API).
2026-09-05 18:20:02.168 +03:00 [INF] Executing OkObjectResult, writing value of type 'CMS.Shared.DTOs.ApiResponse`1[[System.Collections.Generic.List`1[[CMS.Shared.DTOs.PatientDto, CMS.Shared, Version=1.0.0.0, Culture=neutral, PublicKeyToken=null]], System.Private.CoreLib, Version=8.0.0.0, Culture=neutral, PublicKeyToken=7cec85d7bea7798e]]'.
2026-09-05 18:20:02.172 +03:00 [INF] Executed action CMS.API.Controllers.PatientsController.Search (CMS.API) in 15.2881ms
2026-09-05 18:20:02.176 +03:00 [INF] Executed endpoint 'CMS.API.Controllers.PatientsController.Search (CMS.API)'
2026-09-05 18:20:02.178 +03:00 [INF] Request finished HTTP/1.1 GET http://localhost:5010/api/v1/patients/search - 200 null application/json; charset=utf-8 53.3687ms
2026-09-05 18:20:02.187 +03:00 [INF] Executing OkObjectResult, writing value of type 'CMS.Shared.DTOs.ApiResponse`1[[System.Collections.Generic.List`1[[CMS.Shared.DTOs.InvoiceDto, CMS.Shared, Version=1.0.0.0, Culture=neutral, PublicKeyToken=null]], System.Private.CoreLib, Version=8.0.0.0, Culture=neutral, PublicKeyToken=7cec85d7bea7798e]]'.
2026-09-05 18:20:02.190 +03:00 [INF] Executed action CMS.API.Controllers.BillingController.GetInvoices (CMS.API) in 38.2799ms
2026-09-05 18:20:02.194 +03:00 [INF] Executed endpoint 'CMS.API.Controllers.BillingController.GetInvoices (CMS.API)'
2026-09-05 18:20:02.197 +03:00 [INF] Request finished HTTP/1.1 GET http://localhost:5010/api/v1/billing/invoices - 200 null application/json; charset=utf-8 72.2528ms
2026-09-05 18:20:09.517 +03:00 [INF] Request starting HTTP/1.1 GET http://localhost:5010/api/v1/laboratory/catalog - application/json null
2026-09-05 18:20:09.524 +03:00 [INF] Executing endpoint 'CMS.API.Controllers.LaboratoryController.GetCatalog (CMS.API)'
2026-09-05 18:20:09.527 +03:00 [INF] Route matched with {action = "GetCatalog", controller = "Laboratory"}. Executing controller action with signature System.Threading.Tasks.Task`1[Microsoft.AspNetCore.Mvc.IActionResult] GetCatalog() on controller CMS.API.Controllers.LaboratoryController (CMS.API).
2026-09-05 18:20:09.546 +03:00 [INF] Executing OkObjectResult, writing value of type 'CMS.Shared.DTOs.ApiResponse`1[[System.Collections.Generic.List`1[[CMS.Shared.DTOs.LabTestCatalogDto, CMS.Shared, Version=1.0.0.0, Culture=neutral, PublicKeyToken=null]], System.Private.CoreLib, Version=8.0.0.0, Culture=neutral, PublicKeyToken=7cec85d7bea7798e]]'.
2026-09-05 18:20:09.551 +03:00 [INF] Executed action CMS.API.Controllers.LaboratoryController.GetCatalog (CMS.API) in 18.9774ms
2026-09-05 18:20:09.555 +03:00 [INF] Executed endpoint 'CMS.API.Controllers.LaboratoryController.GetCatalog (CMS.API)'
2026-09-05 18:20:09.557 +03:00 [INF] Request finished HTTP/1.1 GET http://localhost:5010/api/v1/laboratory/catalog - 200 null application/json; charset=utf-8 39.8499ms
2026-09-05 18:20:09.835 +03:00 [INF] Request starting HTTP/1.1 GET http://localhost:5010/api/v1/laboratory/worklist?date=2026-09-05 - application/json null
2026-09-05 18:20:09.835 +03:00 [INF] Request starting HTTP/1.1 GET http://localhost:5010/api/v1/laboratory/criticals - application/json null
2026-09-05 18:20:09.841 +03:00 [INF] Executing endpoint 'CMS.API.Controllers.LaboratoryController.GetWorklist (CMS.API)'
2026-09-05 18:20:09.847 +03:00 [INF] Executing endpoint 'CMS.API.Controllers.LaboratoryController.GetCriticals (CMS.API)'
2026-09-05 18:20:09.849 +03:00 [INF] Route matched with {action = "GetWorklist", controller = "Laboratory"}. Executing controller action with signature System.Threading.Tasks.Task`1[Microsoft.AspNetCore.Mvc.IActionResult] GetWorklist(System.Nullable`1[System.DateTime], System.Nullable`1[System.Byte]) on controller CMS.API.Controllers.LaboratoryController (CMS.API).
2026-09-05 18:20:09.852 +03:00 [INF] Route matched with {action = "GetCriticals", controller = "Laboratory"}. Executing controller action with signature System.Threading.Tasks.Task`1[Microsoft.AspNetCore.Mvc.IActionResult] GetCriticals() on controller CMS.API.Controllers.LaboratoryController (CMS.API).
2026-09-05 18:20:09.864 +03:00 [INF] Request starting HTTP/1.1 GET http://localhost:5010/api/v1/laboratory/catalog - application/json null
2026-09-05 18:20:09.871 +03:00 [INF] Executing endpoint 'CMS.API.Controllers.LaboratoryController.GetCatalog (CMS.API)'
2026-09-05 18:20:09.874 +03:00 [INF] Route matched with {action = "GetCatalog", controller = "Laboratory"}. Executing controller action with signature System.Threading.Tasks.Task`1[Microsoft.AspNetCore.Mvc.IActionResult] GetCatalog() on controller CMS.API.Controllers.LaboratoryController (CMS.API).
2026-09-05 18:20:09.887 +03:00 [INF] Executing OkObjectResult, writing value of type 'CMS.Shared.DTOs.ApiResponse`1[[System.Object, System.Private.CoreLib, Version=8.0.0.0, Culture=neutral, PublicKeyToken=7cec85d7bea7798e]]'.
2026-09-05 18:20:09.891 +03:00 [INF] Executing OkObjectResult, writing value of type 'CMS.Shared.DTOs.ApiResponse`1[[System.Collections.Generic.List`1[[CMS.Shared.DTOs.LabTestCatalogDto, CMS.Shared, Version=1.0.0.0, Culture=neutral, PublicKeyToken=null]], System.Private.CoreLib, Version=8.0.0.0, Culture=neutral, PublicKeyToken=7cec85d7bea7798e]]'.
2026-09-05 18:20:09.892 +03:00 [INF] Executed action CMS.API.Controllers.LaboratoryController.GetWorklist (CMS.API) in 35.7386ms
2026-09-05 18:20:09.896 +03:00 [INF] Executed action CMS.API.Controllers.LaboratoryController.GetCatalog (CMS.API) in 16.1641ms
2026-09-05 18:20:09.896 +03:00 [INF] Executing OkObjectResult, writing value of type 'CMS.Shared.DTOs.ApiResponse`1[[System.Object, System.Private.CoreLib, Version=8.0.0.0, Culture=neutral, PublicKeyToken=7cec85d7bea7798e]]'.
2026-09-05 18:20:09.899 +03:00 [INF] Executed endpoint 'CMS.API.Controllers.LaboratoryController.GetWorklist (CMS.API)'
2026-09-05 18:20:09.901 +03:00 [INF] Executed endpoint 'CMS.API.Controllers.LaboratoryController.GetCatalog (CMS.API)'
2026-09-05 18:20:09.904 +03:00 [INF] Executed action CMS.API.Controllers.LaboratoryController.GetCriticals (CMS.API) in 43.3277ms
2026-09-05 18:20:09.907 +03:00 [INF] Request finished HTTP/1.1 GET http://localhost:5010/api/v1/laboratory/worklist?date=2026-09-05 - 200 null application/json; charset=utf-8 71.7106ms
2026-09-05 18:20:09.909 +03:00 [INF] Request finished HTTP/1.1 GET http://localhost:5010/api/v1/laboratory/catalog - 200 null application/json; charset=utf-8 45.49ms
2026-09-05 18:20:09.912 +03:00 [INF] Executed endpoint 'CMS.API.Controllers.LaboratoryController.GetCriticals (CMS.API)'
2026-09-05 18:20:09.927 +03:00 [INF] Request finished HTTP/1.1 GET http://localhost:5010/api/v1/laboratory/criticals - 200 null application/json; charset=utf-8 92.2228ms
2026-09-05 18:20:10.204 +03:00 [INF] Request starting HTTP/1.1 GET http://localhost:5010/api/v1/laboratory/worklist?date=2026-09-05 - application/json null
2026-09-05 18:20:10.211 +03:00 [INF] Executing endpoint 'CMS.API.Controllers.LaboratoryController.GetWorklist (CMS.API)'
2026-09-05 18:20:10.214 +03:00 [INF] Route matched with {action = "GetWorklist", controller = "Laboratory"}. Executing controller action with signature System.Threading.Tasks.Task`1[Microsoft.AspNetCore.Mvc.IActionResult] GetWorklist(System.Nullable`1[System.DateTime], System.Nullable`1[System.Byte]) on controller CMS.API.Controllers.LaboratoryController (CMS.API).
2026-09-05 18:20:10.220 +03:00 [INF] Request starting HTTP/1.1 GET http://localhost:5010/api/v1/laboratory/criticals - application/json null
2026-09-05 18:20:10.221 +03:00 [INF] Executing OkObjectResult, writing value of type 'CMS.Shared.DTOs.ApiResponse`1[[System.Object, System.Private.CoreLib, Version=8.0.0.0, Culture=neutral, PublicKeyToken=7cec85d7bea7798e]]'.
2026-09-05 18:20:10.227 +03:00 [INF] Executing endpoint 'CMS.API.Controllers.LaboratoryController.GetCriticals (CMS.API)'
2026-09-05 18:20:10.230 +03:00 [INF] Executed action CMS.API.Controllers.LaboratoryController.GetWorklist (CMS.API) in 10.7587ms
2026-09-05 18:20:10.232 +03:00 [INF] Route matched with {action = "GetCriticals", controller = "Laboratory"}. Executing controller action with signature System.Threading.Tasks.Task`1[Microsoft.AspNetCore.Mvc.IActionResult] GetCriticals() on controller CMS.API.Controllers.LaboratoryController (CMS.API).
2026-09-05 18:20:10.235 +03:00 [INF] Executed endpoint 'CMS.API.Controllers.LaboratoryController.GetWorklist (CMS.API)'
2026-09-05 18:20:10.240 +03:00 [INF] Executing OkObjectResult, writing value of type 'CMS.Shared.DTOs.ApiResponse`1[[System.Object, System.Private.CoreLib, Version=8.0.0.0, Culture=neutral, PublicKeyToken=7cec85d7bea7798e]]'.
2026-09-05 18:20:10.241 +03:00 [INF] Request finished HTTP/1.1 GET http://localhost:5010/api/v1/laboratory/worklist?date=2026-09-05 - 200 null application/json; charset=utf-8 36.9866ms
2026-09-05 18:20:10.244 +03:00 [INF] Executed action CMS.API.Controllers.LaboratoryController.GetCriticals (CMS.API) in 5.3131ms
2026-09-05 18:20:10.254 +03:00 [INF] Executed endpoint 'CMS.API.Controllers.LaboratoryController.GetCriticals (CMS.API)'
2026-09-05 18:20:10.256 +03:00 [INF] Request finished HTTP/1.1 GET http://localhost:5010/api/v1/laboratory/criticals - 200 null application/json; charset=utf-8 36.337ms
2026-09-05 18:20:24.722 +03:00 [INF] Request starting HTTP/1.1 GET http://localhost:5010/api/v1/staff/doctors - application/json null
2026-09-05 18:20:24.723 +03:00 [INF] Request starting HTTP/1.1 GET http://localhost:5010/api/v1/triage/doctor/2?date=2026-09-05 - application/json null
2026-09-05 18:20:24.729 +03:00 [INF] Executing endpoint 'CMS.API.Controllers.StaffController.GetDoctors (CMS.API)'
2026-09-05 18:20:24.736 +03:00 [INF] Executing endpoint 'CMS.API.Controllers.TriageController.GetDoctorQueue (CMS.API)'
2026-09-05 18:20:24.738 +03:00 [INF] Route matched with {action = "GetDoctors", controller = "Staff"}. Executing controller action with signature System.Threading.Tasks.Task`1[Microsoft.AspNetCore.Mvc.IActionResult] GetDoctors() on controller CMS.API.Controllers.StaffController (CMS.API).
2026-09-05 18:20:24.740 +03:00 [INF] Route matched with {action = "GetDoctorQueue", controller = "Triage"}. Executing controller action with signature System.Threading.Tasks.Task`1[Microsoft.AspNetCore.Mvc.IActionResult] GetDoctorQueue(Int32, System.Nullable`1[System.DateTime]) on controller CMS.API.Controllers.TriageController (CMS.API).
2026-09-05 18:20:24.746 +03:00 [INF] Executing OkObjectResult, writing value of type 'CMS.Shared.DTOs.ApiResponse`1[[System.Collections.Generic.List`1[[CMS.Shared.DTOs.DoctorDto, CMS.Shared, Version=1.0.0.0, Culture=neutral, PublicKeyToken=null]], System.Private.CoreLib, Version=8.0.0.0, Culture=neutral, PublicKeyToken=7cec85d7bea7798e]]'.
2026-09-05 18:20:24.753 +03:00 [INF] Executed action CMS.API.Controllers.StaffController.GetDoctors (CMS.API) in 8.2418ms
2026-09-05 18:20:24.758 +03:00 [INF] Executed endpoint 'CMS.API.Controllers.StaffController.GetDoctors (CMS.API)'
2026-09-05 18:20:24.761 +03:00 [INF] Request finished HTTP/1.1 GET http://localhost:5010/api/v1/staff/doctors - 200 null application/json; charset=utf-8 39.2223ms
2026-09-05 18:20:24.818 +03:00 [INF] Executing OkObjectResult, writing value of type 'CMS.Shared.DTOs.ApiResponse`1[[System.Object, System.Private.CoreLib, Version=8.0.0.0, Culture=neutral, PublicKeyToken=7cec85d7bea7798e]]'.
2026-09-05 18:20:24.822 +03:00 [INF] Executed action CMS.API.Controllers.TriageController.GetDoctorQueue (CMS.API) in 72.739ms
2026-09-05 18:20:24.826 +03:00 [INF] Executed endpoint 'CMS.API.Controllers.TriageController.GetDoctorQueue (CMS.API)'
2026-09-05 18:20:24.828 +03:00 [INF] Request finished HTTP/1.1 GET http://localhost:5010/api/v1/triage/doctor/2?date=2026-09-05 - 200 null application/json; charset=utf-8 105.7453ms
2026-09-05 18:20:24.986 +03:00 [INF] Request starting HTTP/1.1 GET http://localhost:5010/api/v1/staff/doctors - application/json null
2026-09-05 18:20:24.994 +03:00 [INF] Executing endpoint 'CMS.API.Controllers.StaffController.GetDoctors (CMS.API)'
2026-09-05 18:20:24.997 +03:00 [INF] Route matched with {action = "GetDoctors", controller = "Staff"}. Executing controller action with signature System.Threading.Tasks.Task`1[Microsoft.AspNetCore.Mvc.IActionResult] GetDoctors() on controller CMS.API.Controllers.StaffController (CMS.API).
2026-09-05 18:20:25.003 +03:00 [INF] Executing OkObjectResult, writing value of type 'CMS.Shared.DTOs.ApiResponse`1[[System.Collections.Generic.List`1[[CMS.Shared.DTOs.DoctorDto, CMS.Shared, Version=1.0.0.0, Culture=neutral, PublicKeyToken=null]], System.Private.CoreLib, Version=8.0.0.0, Culture=neutral, PublicKeyToken=7cec85d7bea7798e]]'.
2026-09-05 18:20:25.007 +03:00 [INF] Executed action CMS.API.Controllers.StaffController.GetDoctors (CMS.API) in 5.0573ms
2026-09-05 18:20:25.011 +03:00 [INF] Executed endpoint 'CMS.API.Controllers.StaffController.GetDoctors (CMS.API)'
2026-09-05 18:20:25.016 +03:00 [INF] Request finished HTTP/1.1 GET http://localhost:5010/api/v1/staff/doctors - 200 null application/json; charset=utf-8 29.5191ms
2026-09-05 18:20:25.064 +03:00 [INF] Request starting HTTP/1.1 GET http://localhost:5010/api/v1/triage/doctor/2?date=2026-09-05 - application/json null
2026-09-05 18:20:25.071 +03:00 [INF] Executing endpoint 'CMS.API.Controllers.TriageController.GetDoctorQueue (CMS.API)'
2026-09-05 18:20:25.073 +03:00 [INF] Route matched with {action = "GetDoctorQueue", controller = "Triage"}. Executing controller action with signature System.Threading.Tasks.Task`1[Microsoft.AspNetCore.Mvc.IActionResult] GetDoctorQueue(Int32, System.Nullable`1[System.DateTime]) on controller CMS.API.Controllers.TriageController (CMS.API).
2026-09-05 18:20:25.080 +03:00 [INF] Executing OkObjectResult, writing value of type 'CMS.Shared.DTOs.ApiResponse`1[[System.Object, System.Private.CoreLib, Version=8.0.0.0, Culture=neutral, PublicKeyToken=7cec85d7bea7798e]]'.
2026-09-05 18:20:25.084 +03:00 [INF] Executed action CMS.API.Controllers.TriageController.GetDoctorQueue (CMS.API) in 6.6126ms
2026-09-05 18:20:25.089 +03:00 [INF] Executed endpoint 'CMS.API.Controllers.TriageController.GetDoctorQueue (CMS.API)'
2026-09-05 18:20:25.093 +03:00 [INF] Request finished HTTP/1.1 GET http://localhost:5010/api/v1/triage/doctor/2?date=2026-09-05 - 200 null application/json; charset=utf-8 28.7002ms
2026-09-05 18:20:25.133 +03:00 [INF] Request starting HTTP/1.1 GET http://localhost:5010/api/v1/encounters/patient/19 - application/json null
2026-09-05 18:20:25.141 +03:00 [INF] Executing endpoint 'CMS.API.Controllers.EncountersController.GetPatientEncounters (CMS.API)'
2026-09-05 18:20:25.144 +03:00 [INF] Route matched with {action = "GetPatientEncounters", controller = "Encounters"}. Executing controller action with signature System.Threading.Tasks.Task`1[Microsoft.AspNetCore.Mvc.IActionResult] GetPatientEncounters(Int32) on controller CMS.API.Controllers.EncountersController (CMS.API).
2026-09-05 18:20:25.161 +03:00 [INF] Request starting HTTP/1.1 GET http://localhost:5010/api/v1/medicalcertificates/patient/19 - application/json null
2026-09-05 18:20:25.161 +03:00 [INF] Request starting HTTP/1.1 GET http://localhost:5010/api/v1/triage/patient/19/latest - application/json null
2026-09-05 18:20:25.168 +03:00 [INF] Executing OkObjectResult, writing value of type 'CMS.Shared.DTOs.ApiResponse`1[[System.Collections.Generic.List`1[[CMS.Shared.DTOs.EncounterDto, CMS.Shared, Version=1.0.0.0, Culture=neutral, PublicKeyToken=null]], System.Private.CoreLib, Version=8.0.0.0, Culture=neutral, PublicKeyToken=7cec85d7bea7798e]]'.
2026-09-05 18:20:25.168 +03:00 [INF] Executing endpoint 'CMS.API.Controllers.MedicalCertificatesController.GetPatientCertificates (CMS.API)'
2026-09-05 18:20:25.174 +03:00 [INF] Executing endpoint 'CMS.API.Controllers.TriageController.GetLatestPatientVitals (CMS.API)'
2026-09-05 18:20:25.176 +03:00 [INF] Executed action CMS.API.Controllers.EncountersController.GetPatientEncounters (CMS.API) in 28.3964ms
2026-09-05 18:20:25.178 +03:00 [INF] Route matched with {action = "GetPatientCertificates", controller = "MedicalCertificates"}. Executing controller action with signature System.Threading.Tasks.Task`1[Microsoft.AspNetCore.Mvc.IActionResult] GetPatientCertificates(Int32) on controller CMS.API.Controllers.MedicalCertificatesController (CMS.API).
2026-09-05 18:20:25.181 +03:00 [INF] Route matched with {action = "GetLatestPatientVitals", controller = "Triage"}. Executing controller action with signature System.Threading.Tasks.Task`1[Microsoft.AspNetCore.Mvc.IActionResult] GetLatestPatientVitals(Int32) on controller CMS.API.Controllers.TriageController (CMS.API).
2026-09-05 18:20:25.182 +03:00 [INF] Request starting HTTP/1.1 GET http://localhost:5010/api/v1/encounters/patient/19 - application/json null
2026-09-05 18:20:25.184 +03:00 [INF] Executed endpoint 'CMS.API.Controllers.EncountersController.GetPatientEncounters (CMS.API)'
2026-09-05 18:20:25.193 +03:00 [INF] Executing OkObjectResult, writing value of type 'CMS.Shared.DTOs.ApiResponse`1[[System.Collections.Generic.List`1[[CMS.Shared.DTOs.MedicalCertificateDto, CMS.Shared, Version=1.0.0.0, Culture=neutral, PublicKeyToken=null]], System.Private.CoreLib, Version=8.0.0.0, Culture=neutral, PublicKeyToken=7cec85d7bea7798e]]'.
2026-09-05 18:20:25.201 +03:00 [INF] Executing endpoint 'CMS.API.Controllers.EncountersController.GetPatientEncounters (CMS.API)'
2026-09-05 18:20:25.204 +03:00 [INF] Request finished HTTP/1.1 GET http://localhost:5010/api/v1/encounters/patient/19 - 200 null application/json; charset=utf-8 70.7337ms
2026-09-05 18:20:25.207 +03:00 [INF] Executed action CMS.API.Controllers.MedicalCertificatesController.GetPatientCertificates (CMS.API) in 17.4856ms
2026-09-05 18:20:25.210 +03:00 [INF] Route matched with {action = "GetPatientEncounters", controller = "Encounters"}. Executing controller action with signature System.Threading.Tasks.Task`1[Microsoft.AspNetCore.Mvc.IActionResult] GetPatientEncounters(Int32) on controller CMS.API.Controllers.EncountersController (CMS.API).
2026-09-05 18:20:25.210 +03:00 [INF] Executing OkObjectResult, writing value of type 'CMS.Shared.DTOs.ApiResponse`1[[CMS.Shared.DTOs.TriageDto, CMS.Shared, Version=1.0.0.0, Culture=neutral, PublicKeyToken=null]]'.
2026-09-05 18:20:25.219 +03:00 [INF] Executed endpoint 'CMS.API.Controllers.MedicalCertificatesController.GetPatientCertificates (CMS.API)'
2026-09-05 18:20:25.224 +03:00 [INF] Executing OkObjectResult, writing value of type 'CMS.Shared.DTOs.ApiResponse`1[[System.Collections.Generic.List`1[[CMS.Shared.DTOs.EncounterDto, CMS.Shared, Version=1.0.0.0, Culture=neutral, PublicKeyToken=null]], System.Private.CoreLib, Version=8.0.0.0, Culture=neutral, PublicKeyToken=7cec85d7bea7798e]]'.
2026-09-05 18:20:25.226 +03:00 [INF] Executed action CMS.API.Controllers.TriageController.GetLatestPatientVitals (CMS.API) in 31.2099ms
2026-09-05 18:20:25.229 +03:00 [INF] Request finished HTTP/1.1 GET http://localhost:5010/api/v1/medicalcertificates/patient/19 - 200 null application/json; charset=utf-8 67.9424ms
2026-09-05 18:20:25.232 +03:00 [INF] Executed action CMS.API.Controllers.EncountersController.GetPatientEncounters (CMS.API) in 9.6811ms
2026-09-05 18:20:25.235 +03:00 [INF] Executed endpoint 'CMS.API.Controllers.TriageController.GetLatestPatientVitals (CMS.API)'
2026-09-05 18:20:25.246 +03:00 [INF] Executed endpoint 'CMS.API.Controllers.EncountersController.GetPatientEncounters (CMS.API)'
2026-09-05 18:20:25.248 +03:00 [INF] Request finished HTTP/1.1 GET http://localhost:5010/api/v1/triage/patient/19/latest - 200 null application/json; charset=utf-8 87.1026ms
2026-09-05 18:20:25.251 +03:00 [INF] Request finished HTTP/1.1 GET http://localhost:5010/api/v1/encounters/patient/19 - 200 null application/json; charset=utf-8 69.3577ms
2026-09-05 18:20:25.516 +03:00 [INF] Request starting HTTP/1.1 GET http://localhost:5010/api/v1/medicalcertificates/patient/19 - application/json null
2026-09-05 18:20:25.532 +03:00 [INF] Executing endpoint 'CMS.API.Controllers.MedicalCertificatesController.GetPatientCertificates (CMS.API)'
2026-09-05 18:20:25.535 +03:00 [INF] Route matched with {action = "GetPatientCertificates", controller = "MedicalCertificates"}. Executing controller action with signature System.Threading.Tasks.Task`1[Microsoft.AspNetCore.Mvc.IActionResult] GetPatientCertificates(Int32) on controller CMS.API.Controllers.MedicalCertificatesController (CMS.API).
2026-09-05 18:20:25.541 +03:00 [INF] Executing OkObjectResult, writing value of type 'CMS.Shared.DTOs.ApiResponse`1[[System.Collections.Generic.List`1[[CMS.Shared.DTOs.MedicalCertificateDto, CMS.Shared, Version=1.0.0.0, Culture=neutral, PublicKeyToken=null]], System.Private.CoreLib, Version=8.0.0.0, Culture=neutral, PublicKeyToken=7cec85d7bea7798e]]'.
2026-09-05 18:20:25.545 +03:00 [INF] Executed action CMS.API.Controllers.MedicalCertificatesController.GetPatientCertificates (CMS.API) in 6.025ms
2026-09-05 18:20:25.546 +03:00 [INF] Request starting HTTP/1.1 GET http://localhost:5010/api/v1/triage/patient/19/latest - application/json null
2026-09-05 18:20:25.549 +03:00 [INF] Executed endpoint 'CMS.API.Controllers.MedicalCertificatesController.GetPatientCertificates (CMS.API)'
2026-09-05 18:20:25.555 +03:00 [INF] Executing endpoint 'CMS.API.Controllers.TriageController.GetLatestPatientVitals (CMS.API)'
2026-09-05 18:20:25.557 +03:00 [INF] Request finished HTTP/1.1 GET http://localhost:5010/api/v1/medicalcertificates/patient/19 - 200 null application/json; charset=utf-8 40.9967ms
2026-09-05 18:20:25.561 +03:00 [INF] Route matched with {action = "GetLatestPatientVitals", controller = "Triage"}. Executing controller action with signature System.Threading.Tasks.Task`1[Microsoft.AspNetCore.Mvc.IActionResult] GetLatestPatientVitals(Int32) on controller CMS.API.Controllers.TriageController (CMS.API).
2026-09-05 18:20:25.575 +03:00 [INF] Executing OkObjectResult, writing value of type 'CMS.Shared.DTOs.ApiResponse`1[[CMS.Shared.DTOs.TriageDto, CMS.Shared, Version=1.0.0.0, Culture=neutral, PublicKeyToken=null]]'.
2026-09-05 18:20:25.579 +03:00 [INF] Executed action CMS.API.Controllers.TriageController.GetLatestPatientVitals (CMS.API) in 5.8161ms
2026-09-05 18:20:25.583 +03:00 [INF] Executed endpoint 'CMS.API.Controllers.TriageController.GetLatestPatientVitals (CMS.API)'
2026-09-05 18:20:25.586 +03:00 [INF] Request finished HTTP/1.1 GET http://localhost:5010/api/v1/triage/patient/19/latest - 200 null application/json; charset=utf-8 40.1665ms
2026-09-05 18:20:33.673 +03:00 [INF] Request starting HTTP/1.1 GET http://localhost:5010/api/v1/encounters/patient/13 - application/json null
2026-09-05 18:20:33.673 +03:00 [INF] Request starting HTTP/1.1 GET http://localhost:5010/api/v1/medicalcertificates/patient/13 - application/json null
2026-09-05 18:20:33.673 +03:00 [INF] Request starting HTTP/1.1 GET http://localhost:5010/api/v1/triage/patient/13/latest - application/json null
2026-09-05 18:20:33.682 +03:00 [INF] Executing endpoint 'CMS.API.Controllers.EncountersController.GetPatientEncounters (CMS.API)'
2026-09-05 18:20:33.692 +03:00 [INF] Executing endpoint 'CMS.API.Controllers.MedicalCertificatesController.GetPatientCertificates (CMS.API)'
2026-09-05 18:20:33.701 +03:00 [INF] Executing endpoint 'CMS.API.Controllers.TriageController.GetLatestPatientVitals (CMS.API)'
2026-09-05 18:20:33.704 +03:00 [INF] Route matched with {action = "GetPatientEncounters", controller = "Encounters"}. Executing controller action with signature System.Threading.Tasks.Task`1[Microsoft.AspNetCore.Mvc.IActionResult] GetPatientEncounters(Int32) on controller CMS.API.Controllers.EncountersController (CMS.API).
2026-09-05 18:20:33.707 +03:00 [INF] Route matched with {action = "GetPatientCertificates", controller = "MedicalCertificates"}. Executing controller action with signature System.Threading.Tasks.Task`1[Microsoft.AspNetCore.Mvc.IActionResult] GetPatientCertificates(Int32) on controller CMS.API.Controllers.MedicalCertificatesController (CMS.API).
2026-09-05 18:20:33.710 +03:00 [INF] Route matched with {action = "GetLatestPatientVitals", controller = "Triage"}. Executing controller action with signature System.Threading.Tasks.Task`1[Microsoft.AspNetCore.Mvc.IActionResult] GetLatestPatientVitals(Int32) on controller CMS.API.Controllers.TriageController (CMS.API).
2026-09-05 18:20:33.718 +03:00 [INF] Executing OkObjectResult, writing value of type 'CMS.Shared.DTOs.ApiResponse`1[[System.Collections.Generic.List`1[[CMS.Shared.DTOs.EncounterDto, CMS.Shared, Version=1.0.0.0, Culture=neutral, PublicKeyToken=null]], System.Private.CoreLib, Version=8.0.0.0, Culture=neutral, PublicKeyToken=7cec85d7bea7798e]]'.
2026-09-05 18:20:33.723 +03:00 [INF] Executing OkObjectResult, writing value of type 'CMS.Shared.DTOs.ApiResponse`1[[System.Collections.Generic.List`1[[CMS.Shared.DTOs.MedicalCertificateDto, CMS.Shared, Version=1.0.0.0, Culture=neutral, PublicKeyToken=null]], System.Private.CoreLib, Version=8.0.0.0, Culture=neutral, PublicKeyToken=7cec85d7bea7798e]]'.
2026-09-05 18:20:33.729 +03:00 [INF] Executing OkObjectResult, writing value of type 'CMS.Shared.DTOs.ApiResponse`1[[CMS.Shared.DTOs.TriageDto, CMS.Shared, Version=1.0.0.0, Culture=neutral, PublicKeyToken=null]]'.
2026-09-05 18:20:33.731 +03:00 [INF] Executed action CMS.API.Controllers.EncountersController.GetPatientEncounters (CMS.API) in 15.2304ms
2026-09-05 18:20:33.735 +03:00 [INF] Executed action CMS.API.Controllers.MedicalCertificatesController.GetPatientCertificates (CMS.API) in 13.438ms
2026-09-05 18:20:33.740 +03:00 [INF] Executed action CMS.API.Controllers.TriageController.GetLatestPatientVitals (CMS.API) in 13.1188ms
2026-09-05 18:20:33.743 +03:00 [INF] Executed endpoint 'CMS.API.Controllers.EncountersController.GetPatientEncounters (CMS.API)'
2026-09-05 18:20:33.747 +03:00 [INF] Executed endpoint 'CMS.API.Controllers.MedicalCertificatesController.GetPatientCertificates (CMS.API)'
2026-09-05 18:20:33.751 +03:00 [INF] Executed endpoint 'CMS.API.Controllers.TriageController.GetLatestPatientVitals (CMS.API)'
2026-09-05 18:20:33.753 +03:00 [INF] Request finished HTTP/1.1 GET http://localhost:5010/api/v1/encounters/patient/13 - 200 null application/json; charset=utf-8 80.7387ms
2026-09-05 18:20:33.756 +03:00 [INF] Request finished HTTP/1.1 GET http://localhost:5010/api/v1/medicalcertificates/patient/13 - 200 null application/json; charset=utf-8 83.3662ms
2026-09-05 18:20:33.759 +03:00 [INF] Request finished HTTP/1.1 GET http://localhost:5010/api/v1/triage/patient/13/latest - 200 null application/json; charset=utf-8 85.9636ms
2026-09-05 18:20:40.276 +03:00 [INF] Request starting HTTP/1.1 GET http://localhost:5010/api/v1/encounters/patient/19 - application/json null
2026-09-05 18:20:40.283 +03:00 [INF] Executing endpoint 'CMS.API.Controllers.EncountersController.GetPatientEncounters (CMS.API)'
2026-09-05 18:20:40.286 +03:00 [INF] Route matched with {action = "GetPatientEncounters", controller = "Encounters"}. Executing controller action with signature System.Threading.Tasks.Task`1[Microsoft.AspNetCore.Mvc.IActionResult] GetPatientEncounters(Int32) on controller CMS.API.Controllers.EncountersController (CMS.API).
2026-09-05 18:20:40.291 +03:00 [INF] Executing OkObjectResult, writing value of type 'CMS.Shared.DTOs.ApiResponse`1[[System.Collections.Generic.List`1[[CMS.Shared.DTOs.EncounterDto, CMS.Shared, Version=1.0.0.0, Culture=neutral, PublicKeyToken=null]], System.Private.CoreLib, Version=8.0.0.0, Culture=neutral, PublicKeyToken=7cec85d7bea7798e]]'.
2026-09-05 18:20:40.297 +03:00 [INF] Executed action CMS.API.Controllers.EncountersController.GetPatientEncounters (CMS.API) in 7.0471ms
2026-09-05 18:20:40.301 +03:00 [INF] Executed endpoint 'CMS.API.Controllers.EncountersController.GetPatientEncounters (CMS.API)'
2026-09-05 18:20:40.305 +03:00 [INF] Request finished HTTP/1.1 GET http://localhost:5010/api/v1/encounters/patient/19 - 200 null application/json; charset=utf-8 28.5404ms
2026-09-05 18:20:40.594 +03:00 [INF] Request starting HTTP/1.1 GET http://localhost:5010/api/v1/medicalcertificates/patient/19 - application/json null
2026-09-05 18:20:40.594 +03:00 [INF] Request starting HTTP/1.1 GET http://localhost:5010/api/v1/triage/patient/19/latest - application/json null
2026-09-05 18:20:40.600 +03:00 [INF] Executing endpoint 'CMS.API.Controllers.MedicalCertificatesController.GetPatientCertificates (CMS.API)'
2026-09-05 18:20:40.611 +03:00 [INF] Executing endpoint 'CMS.API.Controllers.TriageController.GetLatestPatientVitals (CMS.API)'
2026-09-05 18:20:40.619 +03:00 [INF] Route matched with {action = "GetPatientCertificates", controller = "MedicalCertificates"}. Executing controller action with signature System.Threading.Tasks.Task`1[Microsoft.AspNetCore.Mvc.IActionResult] GetPatientCertificates(Int32) on controller CMS.API.Controllers.MedicalCertificatesController (CMS.API).
2026-09-05 18:20:40.634 +03:00 [INF] Route matched with {action = "GetLatestPatientVitals", controller = "Triage"}. Executing controller action with signature System.Threading.Tasks.Task`1[Microsoft.AspNetCore.Mvc.IActionResult] GetLatestPatientVitals(Int32) on controller CMS.API.Controllers.TriageController (CMS.API).
2026-09-05 18:20:40.650 +03:00 [INF] Executing OkObjectResult, writing value of type 'CMS.Shared.DTOs.ApiResponse`1[[System.Collections.Generic.List`1[[CMS.Shared.DTOs.MedicalCertificateDto, CMS.Shared, Version=1.0.0.0, Culture=neutral, PublicKeyToken=null]], System.Private.CoreLib, Version=8.0.0.0, Culture=neutral, PublicKeyToken=7cec85d7bea7798e]]'.
2026-09-05 18:20:40.663 +03:00 [INF] Executing OkObjectResult, writing value of type 'CMS.Shared.DTOs.ApiResponse`1[[CMS.Shared.DTOs.TriageDto, CMS.Shared, Version=1.0.0.0, Culture=neutral, PublicKeyToken=null]]'.
2026-09-05 18:20:40.668 +03:00 [INF] Executed action CMS.API.Controllers.MedicalCertificatesController.GetPatientCertificates (CMS.API) in 20.1516ms
2026-09-05 18:20:40.679 +03:00 [INF] Executed action CMS.API.Controllers.TriageController.GetLatestPatientVitals (CMS.API) in 19.3439ms
2026-09-05 18:20:40.689 +03:00 [INF] Executed endpoint 'CMS.API.Controllers.MedicalCertificatesController.GetPatientCertificates (CMS.API)'
2026-09-05 18:20:40.695 +03:00 [INF] Executed endpoint 'CMS.API.Controllers.TriageController.GetLatestPatientVitals (CMS.API)'
2026-09-05 18:20:40.707 +03:00 [INF] Request finished HTTP/1.1 GET http://localhost:5010/api/v1/medicalcertificates/patient/19 - 200 null application/json; charset=utf-8 112.4008ms
2026-09-05 18:20:40.717 +03:00 [INF] Request finished HTTP/1.1 GET http://localhost:5010/api/v1/triage/patient/19/latest - 200 null application/json; charset=utf-8 122.0719ms
2026-09-05 18:21:03.868 +03:00 [INF] Request starting HTTP/1.1 POST http://localhost:5010/api/v1/laboratory/orders - application/json 192
2026-09-05 18:21:03.880 +03:00 [INF] CORS policy execution successful.
2026-09-05 18:21:03.883 +03:00 [INF] Executing endpoint 'CMS.API.Controllers.LaboratoryController.CreateOrder (CMS.API)'
2026-09-05 18:21:03.900 +03:00 [INF] Route matched with {action = "CreateOrder", controller = "Laboratory"}. Executing controller action with signature System.Threading.Tasks.Task`1[Microsoft.AspNetCore.Mvc.IActionResult] CreateOrder(CMS.Shared.DTOs.CreateLabOrderDto) on controller CMS.API.Controllers.LaboratoryController (CMS.API).
2026-09-05 18:21:04.056 +03:00 [INF] Executing OkObjectResult, writing value of type 'CMS.Shared.DTOs.ApiResponse`1[[System.Object, System.Private.CoreLib, Version=8.0.0.0, Culture=neutral, PublicKeyToken=7cec85d7bea7798e]]'.
2026-09-05 18:21:04.063 +03:00 [INF] Executed action CMS.API.Controllers.LaboratoryController.CreateOrder (CMS.API) in 153.3467ms
2026-09-05 18:21:04.068 +03:00 [INF] Executed endpoint 'CMS.API.Controllers.LaboratoryController.CreateOrder (CMS.API)'
2026-09-05 18:21:04.071 +03:00 [INF] Request finished HTTP/1.1 POST http://localhost:5010/api/v1/laboratory/orders - 200 null application/json; charset=utf-8 202.7489ms
2026-09-05 18:21:04.131 +03:00 [INF] Request starting HTTP/1.1 POST http://localhost:5010/api/v1/billing/invoices - application/json 200
2026-09-05 18:21:04.140 +03:00 [INF] CORS policy execution successful.
2026-09-05 18:21:04.143 +03:00 [INF] Executing endpoint 'CMS.API.Controllers.BillingController.CreateInvoice (CMS.API)'
2026-09-05 18:21:04.146 +03:00 [INF] Route matched with {action = "CreateInvoice", controller = "Billing"}. Executing controller action with signature System.Threading.Tasks.Task`1[Microsoft.AspNetCore.Mvc.IActionResult] CreateInvoice(CMS.Shared.DTOs.CreateInvoiceDto) on controller CMS.API.Controllers.BillingController (CMS.API).
2026-09-05 18:21:04.175 +03:00 [INF] Executing OkObjectResult, writing value of type 'CMS.Shared.DTOs.ApiResponse`1[[System.Object, System.Private.CoreLib, Version=8.0.0.0, Culture=neutral, PublicKeyToken=7cec85d7bea7798e]]'.
2026-09-05 18:21:04.178 +03:00 [INF] Executed action CMS.API.Controllers.BillingController.CreateInvoice (CMS.API) in 25.5202ms
2026-09-05 18:21:04.181 +03:00 [INF] Executed endpoint 'CMS.API.Controllers.BillingController.CreateInvoice (CMS.API)'
2026-09-05 18:21:04.183 +03:00 [INF] Request finished HTTP/1.1 POST http://localhost:5010/api/v1/billing/invoices - 200 null application/json; charset=utf-8 52.4802ms
2026-09-05 18:21:50.969 +03:00 [INF] Request starting HTTP/1.1 POST http://localhost:5010/api/v1/laboratory/orders - application/json 192
2026-09-05 18:21:50.978 +03:00 [INF] CORS policy execution successful.
2026-09-05 18:21:50.982 +03:00 [INF] Executing endpoint 'CMS.API.Controllers.LaboratoryController.CreateOrder (CMS.API)'
2026-09-05 18:21:50.985 +03:00 [INF] Route matched with {action = "CreateOrder", controller = "Laboratory"}. Executing controller action with signature System.Threading.Tasks.Task`1[Microsoft.AspNetCore.Mvc.IActionResult] CreateOrder(CMS.Shared.DTOs.CreateLabOrderDto) on controller CMS.API.Controllers.LaboratoryController (CMS.API).
2026-09-05 18:21:51.069 +03:00 [INF] Executing OkObjectResult, writing value of type 'CMS.Shared.DTOs.ApiResponse`1[[System.Object, System.Private.CoreLib, Version=8.0.0.0, Culture=neutral, PublicKeyToken=7cec85d7bea7798e]]'.
2026-09-05 18:21:51.074 +03:00 [INF] Executed action CMS.API.Controllers.LaboratoryController.CreateOrder (CMS.API) in 82.3966ms
2026-09-05 18:21:51.078 +03:00 [INF] Executed endpoint 'CMS.API.Controllers.LaboratoryController.CreateOrder (CMS.API)'
2026-09-05 18:21:51.081 +03:00 [INF] Request finished HTTP/1.1 POST http://localhost:5010/api/v1/laboratory/orders - 200 null application/json; charset=utf-8 112.2336ms
2026-09-05 18:21:51.400 +03:00 [INF] Request starting HTTP/1.1 POST http://localhost:5010/api/v1/billing/invoices - application/json 200
2026-09-05 18:21:51.409 +03:00 [INF] CORS policy execution successful.
2026-09-05 18:21:51.412 +03:00 [INF] Executing endpoint 'CMS.API.Controllers.BillingController.CreateInvoice (CMS.API)'
2026-09-05 18:21:51.415 +03:00 [INF] Route matched with {action = "CreateInvoice", controller = "Billing"}. Executing controller action with signature System.Threading.Tasks.Task`1[Microsoft.AspNetCore.Mvc.IActionResult] CreateInvoice(CMS.Shared.DTOs.CreateInvoiceDto) on controller CMS.API.Controllers.BillingController (CMS.API).
2026-09-05 18:21:51.449 +03:00 [INF] Executing OkObjectResult, writing value of type 'CMS.Shared.DTOs.ApiResponse`1[[System.Object, System.Private.CoreLib, Version=8.0.0.0, Culture=neutral, PublicKeyToken=7cec85d7bea7798e]]'.
2026-09-05 18:21:51.455 +03:00 [INF] Executed action CMS.API.Controllers.BillingController.CreateInvoice (CMS.API) in 33.9661ms
2026-09-05 18:21:51.462 +03:00 [INF] Executed endpoint 'CMS.API.Controllers.BillingController.CreateInvoice (CMS.API)'
2026-09-05 18:21:51.466 +03:00 [INF] Request finished HTTP/1.1 POST http://localhost:5010/api/v1/billing/invoices - 200 null application/json; charset=utf-8 65.9383ms
2026-09-05 18:21:54.419 +03:00 [INF] Request starting HTTP/1.1 POST http://localhost:5010/api/v1/encounters - application/json 666
2026-09-05 18:21:54.426 +03:00 [INF] CORS policy execution successful.
2026-09-05 18:21:54.428 +03:00 [INF] Executing endpoint 'CMS.API.Controllers.EncountersController.Create (CMS.API)'
2026-09-05 18:21:54.437 +03:00 [INF] Route matched with {action = "Create", controller = "Encounters"}. Executing controller action with signature System.Threading.Tasks.Task`1[Microsoft.AspNetCore.Mvc.IActionResult] Create(CMS.Shared.DTOs.CreateEncounterDto) on controller CMS.API.Controllers.EncountersController (CMS.API).
2026-09-05 18:21:54.481 +03:00 [INF] Executing OkObjectResult, writing value of type 'CMS.Shared.DTOs.ApiResponse`1[[System.Object, System.Private.CoreLib, Version=8.0.0.0, Culture=neutral, PublicKeyToken=7cec85d7bea7798e]]'.
2026-09-05 18:21:54.486 +03:00 [INF] Executed action CMS.API.Controllers.EncountersController.Create (CMS.API) in 45.1144ms
2026-09-05 18:21:54.491 +03:00 [INF] Executed endpoint 'CMS.API.Controllers.EncountersController.Create (CMS.API)'
2026-09-05 18:21:54.494 +03:00 [INF] Request finished HTTP/1.1 POST http://localhost:5010/api/v1/encounters - 200 null application/json; charset=utf-8 74.2855ms
2026-09-05 18:21:54.811 +03:00 [INF] Request starting HTTP/1.1 GET http://localhost:5010/api/v1/encounters/patient/19 - application/json null
2026-09-05 18:21:54.811 +03:00 [INF] Request starting HTTP/1.1 GET http://localhost:5010/api/v1/lab/orders - application/json null
2026-09-05 18:21:54.811 +03:00 [INF] Request starting HTTP/1.1 GET http://localhost:5010/api/v1/billing/invoices - application/json null
2026-09-05 18:21:54.811 +03:00 [INF] Request starting HTTP/1.1 GET http://localhost:5010/api/v1/pharmacy/prescriptions - application/json null
2026-09-05 18:21:54.811 +03:00 [INF] Request starting HTTP/1.1 GET http://localhost:5010/api/v1/medicalcertificates/patient/19 - application/json null
2026-09-05 18:21:54.819 +03:00 [INF] Executing endpoint 'CMS.API.Controllers.EncountersController.GetPatientEncounters (CMS.API)'
2026-09-05 18:21:54.826 +03:00 [INF] Request finished HTTP/1.1 GET http://localhost:5010/api/v1/lab/orders - 404 0 null 15.4165ms
2026-09-05 18:21:54.831 +03:00 [INF] Executing endpoint 'CMS.API.Controllers.BillingController.GetInvoices (CMS.API)'
2026-09-05 18:21:54.838 +03:00 [INF] Executing endpoint 'CMS.API.Controllers.PharmacyController.GetPrescriptions (CMS.API)'
2026-09-05 18:21:54.843 +03:00 [INF] Executing endpoint 'CMS.API.Controllers.MedicalCertificatesController.GetPatientCertificates (CMS.API)'
2026-09-05 18:21:54.845 +03:00 [INF] Route matched with {action = "GetPatientEncounters", controller = "Encounters"}. Executing controller action with signature System.Threading.Tasks.Task`1[Microsoft.AspNetCore.Mvc.IActionResult] GetPatientEncounters(Int32) on controller CMS.API.Controllers.EncountersController (CMS.API).
2026-09-05 18:21:54.855 +03:00 [INF] Route matched with {action = "GetInvoices", controller = "Billing"}. Executing controller action with signature System.Threading.Tasks.Task`1[Microsoft.AspNetCore.Mvc.IActionResult] GetInvoices() on controller CMS.API.Controllers.BillingController (CMS.API).
2026-09-05 18:21:54.856 +03:00 [INF] Request reached the end of the middleware pipeline without being handled by application code. Request path: GET http://localhost:5010/api/v1/lab/orders, Response status code: 404
2026-09-05 18:21:54.859 +03:00 [INF] Route matched with {action = "GetPatientCertificates", controller = "MedicalCertificates"}. Executing controller action with signature System.Threading.Tasks.Task`1[Microsoft.AspNetCore.Mvc.IActionResult] GetPatientCertificates(Int32) on controller CMS.API.Controllers.MedicalCertificatesController (CMS.API).
2026-09-05 18:21:54.864 +03:00 [INF] Route matched with {action = "GetPrescriptions", controller = "Pharmacy"}. Executing controller action with signature System.Threading.Tasks.Task`1[Microsoft.AspNetCore.Mvc.IActionResult] GetPrescriptions() on controller CMS.API.Controllers.PharmacyController (CMS.API).
2026-09-05 18:21:54.882 +03:00 [INF] Executing OkObjectResult, writing value of type 'CMS.Shared.DTOs.ApiResponse`1[[System.Collections.Generic.List`1[[CMS.Shared.DTOs.EncounterDto, CMS.Shared, Version=1.0.0.0, Culture=neutral, PublicKeyToken=null]], System.Private.CoreLib, Version=8.0.0.0, Culture=neutral, PublicKeyToken=7cec85d7bea7798e]]'.
2026-09-05 18:21:54.882 +03:00 [INF] Executing OkObjectResult, writing value of type 'CMS.Shared.DTOs.ApiResponse`1[[System.Collections.Generic.List`1[[CMS.Shared.DTOs.MedicalCertificateDto, CMS.Shared, Version=1.0.0.0, Culture=neutral, PublicKeyToken=null]], System.Private.CoreLib, Version=8.0.0.0, Culture=neutral, PublicKeyToken=7cec85d7bea7798e]]'.
2026-09-05 18:21:54.890 +03:00 [INF] Executing OkObjectResult, writing value of type 'CMS.Shared.DTOs.ApiResponse`1[[System.Collections.Generic.List`1[[CMS.Shared.DTOs.InvoiceDto, CMS.Shared, Version=1.0.0.0, Culture=neutral, PublicKeyToken=null]], System.Private.CoreLib, Version=8.0.0.0, Culture=neutral, PublicKeyToken=7cec85d7bea7798e]]'.
2026-09-05 18:21:54.891 +03:00 [INF] Executed action CMS.API.Controllers.EncountersController.GetPatientEncounters (CMS.API) in 27.1882ms
2026-09-05 18:21:54.896 +03:00 [INF] Executed action CMS.API.Controllers.MedicalCertificatesController.GetPatientCertificates (CMS.API) in 15.6072ms
2026-09-05 18:21:54.901 +03:00 [INF] Executed action CMS.API.Controllers.BillingController.GetInvoices (CMS.API) in 32.0907ms
2026-09-05 18:21:54.906 +03:00 [INF] Executed endpoint 'CMS.API.Controllers.EncountersController.GetPatientEncounters (CMS.API)'
2026-09-05 18:21:54.910 +03:00 [INF] Executed endpoint 'CMS.API.Controllers.MedicalCertificatesController.GetPatientCertificates (CMS.API)'
2026-09-05 18:21:54.912 +03:00 [INF] Executed endpoint 'CMS.API.Controllers.BillingController.GetInvoices (CMS.API)'
2026-09-05 18:21:54.913 +03:00 [INF] Executed action CMS.API.Controllers.PharmacyController.GetPrescriptions (CMS.API) in 26.6487ms
2026-09-05 18:21:54.915 +03:00 [INF] Request finished HTTP/1.1 GET http://localhost:5010/api/v1/encounters/patient/19 - 200 null application/json; charset=utf-8 104.6095ms
2026-09-05 18:21:54.918 +03:00 [INF] Request finished HTTP/1.1 GET http://localhost:5010/api/v1/medicalcertificates/patient/19 - 200 null application/json; charset=utf-8 107.0504ms
2026-09-05 18:21:54.922 +03:00 [INF] Request finished HTTP/1.1 GET http://localhost:5010/api/v1/billing/invoices - 200 null application/json; charset=utf-8 110.7961ms
2026-09-05 18:21:54.926 +03:00 [INF] Executed endpoint 'CMS.API.Controllers.PharmacyController.GetPrescriptions (CMS.API)'
2026-09-05 18:21:54.953 +03:00 [ERR] Unhandled exception encountered: Invalid column name 'DoctorId'.
Invalid column name 'DoctorId'.
Invalid column name 'StatusId'.
Microsoft.Data.SqlClient.SqlException (0x80131904): Invalid column name 'DoctorId'.
Invalid column name 'DoctorId'.
Invalid column name 'StatusId'.
   at System.Threading.Tasks.ContinuationResultTaskFromResultTask`2.InnerInvoke()
   at System.Threading.ExecutionContext.RunInternal(ExecutionContext executionContext, ContextCallback callback, Object state)
--- End of stack trace from previous location ---
   at System.Threading.ExecutionContext.RunInternal(ExecutionContext executionContext, ContextCallback callback, Object state)
   at System.Threading.Tasks.Task.ExecuteWithThreadLocal(Task& currentTaskSlot, Thread threadPoolThread)
--- End of stack trace from previous location ---
   at Dapper.SqlMapper.QueryAsync[T](IDbConnection cnn, Type effectiveType, CommandDefinition command) in /_/Dapper/SqlMapper.Async.cs:line 434
   at CMS.Application.Pharmacy.PharmacyService.GetPrescriptionsAsync(Byte tenantId) in C:\Users\ASUS\source\repos\CMS\src\CMS.Application\Pharmacy\PharmacyService.cs:line 112
   at CMS.API.Controllers.PharmacyController.GetPrescriptions() in C:\Users\ASUS\source\repos\CMS\src\CMS.API\Controllers\PharmacyBillingControllers.cs:line 33
   at Microsoft.AspNetCore.Mvc.Infrastructure.ActionMethodExecutor.TaskOfIActionResultExecutor.Execute(ActionContext actionContext, IActionResultTypeMapper mapper, ObjectMethodExecutor executor, Object controller, Object[] arguments)
   at Microsoft.AspNetCore.Mvc.Infrastructure.ControllerActionInvoker.<InvokeActionMethodAsync>g__Awaited|12_0(ControllerActionInvoker invoker, ValueTask`1 actionResultValueTask)
   at Microsoft.AspNetCore.Mvc.Infrastructure.ControllerActionInvoker.<InvokeNextActionFilterAsync>g__Awaited|10_0(ControllerActionInvoker invoker, Task lastTask, State next, Scope scope, Object state, Boolean isCompleted)
   at Microsoft.AspNetCore.Mvc.Infrastructure.ControllerActionInvoker.Rethrow(ActionExecutedContextSealed context)
   at Microsoft.AspNetCore.Mvc.Infrastructure.ControllerActionInvoker.Next(State& next, Scope& scope, Object& state, Boolean& isCompleted)
   at Microsoft.AspNetCore.Mvc.Infrastructure.ControllerActionInvoker.<InvokeInnerFilterAsync>g__Awaited|13_0(ControllerActionInvoker invoker, Task lastTask, State next, Scope scope, Object state, Boolean isCompleted)
   at Microsoft.AspNetCore.Mvc.Infrastructure.ResourceInvoker.<InvokeFilterPipelineAsync>g__Awaited|20_0(ResourceInvoker invoker, Task lastTask, State next, Scope scope, Object state, Boolean isCompleted)
   at Microsoft.AspNetCore.Mvc.Infrastructure.ResourceInvoker.<InvokeAsync>g__Logged|17_1(ResourceInvoker invoker)
   at Microsoft.AspNetCore.Mvc.Infrastructure.ResourceInvoker.<InvokeAsync>g__Logged|17_1(ResourceInvoker invoker)
   at Microsoft.AspNetCore.Routing.EndpointMiddleware.<Invoke>g__AwaitRequestTask|7_0(Endpoint endpoint, Task requestTask, ILogger logger)
   at Microsoft.AspNetCore.Authorization.AuthorizationMiddleware.Invoke(HttpContext context)
   at Microsoft.AspNetCore.Authentication.AuthenticationMiddleware.Invoke(HttpContext context)
   at Swashbuckle.AspNetCore.SwaggerUI.SwaggerUIMiddleware.Invoke(HttpContext httpContext)
   at Swashbuckle.AspNetCore.Swagger.SwaggerMiddleware.Invoke(HttpContext httpContext, ISwaggerProvider swaggerProvider)
   at CMS.API.Middleware.TenantMiddleware.InvokeAsync(HttpContext context) in C:\Users\ASUS\source\repos\CMS\src\CMS.API\Middleware\Middlewares.cs:line 26
   at CMS.API.Middleware.ExceptionMiddleware.InvokeAsync(HttpContext context) in C:\Users\ASUS\source\repos\CMS\src\CMS.API\Middleware\Middlewares.cs:line 45
ClientConnectionId:17a225c8-6bb7-4332-8077-7dce7ebd0457
Error Number:207,State:1,Class:16
2026-09-05 18:21:54.978 +03:00 [INF] Request finished HTTP/1.1 GET http://localhost:5010/api/v1/pharmacy/prescriptions - 500 null application/json 166.9777ms
2026-09-05 18:21:56.053 +03:00 [INF] Request starting HTTP/1.1 GET http://localhost:5010/api/v1/encounters/patient/19 - application/json null
2026-09-05 18:21:56.061 +03:00 [INF] Executing endpoint 'CMS.API.Controllers.EncountersController.GetPatientEncounters (CMS.API)'
2026-09-05 18:21:56.064 +03:00 [INF] Route matched with {action = "GetPatientEncounters", controller = "Encounters"}. Executing controller action with signature System.Threading.Tasks.Task`1[Microsoft.AspNetCore.Mvc.IActionResult] GetPatientEncounters(Int32) on controller CMS.API.Controllers.EncountersController (CMS.API).
2026-09-05 18:21:56.073 +03:00 [INF] Executing OkObjectResult, writing value of type 'CMS.Shared.DTOs.ApiResponse`1[[System.Collections.Generic.List`1[[CMS.Shared.DTOs.EncounterDto, CMS.Shared, Version=1.0.0.0, Culture=neutral, PublicKeyToken=null]], System.Private.CoreLib, Version=8.0.0.0, Culture=neutral, PublicKeyToken=7cec85d7bea7798e]]'.
2026-09-05 18:21:56.078 +03:00 [INF] Executed action CMS.API.Controllers.EncountersController.GetPatientEncounters (CMS.API) in 7.2942ms
2026-09-05 18:21:56.082 +03:00 [INF] Executed endpoint 'CMS.API.Controllers.EncountersController.GetPatientEncounters (CMS.API)'
2026-09-05 18:21:56.086 +03:00 [INF] Request finished HTTP/1.1 GET http://localhost:5010/api/v1/encounters/patient/19 - 200 null application/json; charset=utf-8 33.0873ms
2026-09-05 18:21:56.363 +03:00 [INF] Request starting HTTP/1.1 GET http://localhost:5010/api/v1/lab/orders - application/json null
2026-09-05 18:21:56.363 +03:00 [INF] Request starting HTTP/1.1 GET http://localhost:5010/api/v1/pharmacy/prescriptions - application/json null
2026-09-05 18:21:56.363 +03:00 [INF] Request starting HTTP/1.1 GET http://localhost:5010/api/v1/billing/invoices - application/json null
2026-09-05 18:21:56.363 +03:00 [INF] Request starting HTTP/1.1 GET http://localhost:5010/api/v1/medicalcertificates/patient/19 - application/json null
2026-09-05 18:21:56.371 +03:00 [INF] Request finished HTTP/1.1 GET http://localhost:5010/api/v1/lab/orders - 404 0 null 7.9838ms
2026-09-05 18:21:56.380 +03:00 [INF] Executing endpoint 'CMS.API.Controllers.PharmacyController.GetPrescriptions (CMS.API)'
2026-09-05 18:21:56.383 +03:00 [INF] Executing endpoint 'CMS.API.Controllers.BillingController.GetInvoices (CMS.API)'
2026-09-05 18:21:56.389 +03:00 [INF] Executing endpoint 'CMS.API.Controllers.MedicalCertificatesController.GetPatientCertificates (CMS.API)'
2026-09-05 18:21:56.395 +03:00 [INF] Request reached the end of the middleware pipeline without being handled by application code. Request path: GET http://localhost:5010/api/v1/lab/orders, Response status code: 404
2026-09-05 18:21:56.397 +03:00 [INF] Route matched with {action = "GetPrescriptions", controller = "Pharmacy"}. Executing controller action with signature System.Threading.Tasks.Task`1[Microsoft.AspNetCore.Mvc.IActionResult] GetPrescriptions() on controller CMS.API.Controllers.PharmacyController (CMS.API).
2026-09-05 18:21:56.400 +03:00 [INF] Route matched with {action = "GetInvoices", controller = "Billing"}. Executing controller action with signature System.Threading.Tasks.Task`1[Microsoft.AspNetCore.Mvc.IActionResult] GetInvoices() on controller CMS.API.Controllers.BillingController (CMS.API).
2026-09-05 18:21:56.402 +03:00 [INF] Route matched with {action = "GetPatientCertificates", controller = "MedicalCertificates"}. Executing controller action with signature System.Threading.Tasks.Task`1[Microsoft.AspNetCore.Mvc.IActionResult] GetPatientCertificates(Int32) on controller CMS.API.Controllers.MedicalCertificatesController (CMS.API).
2026-09-05 18:21:56.413 +03:00 [INF] Executed action CMS.API.Controllers.PharmacyController.GetPrescriptions (CMS.API) in 4.445ms
2026-09-05 18:21:56.415 +03:00 [INF] Executing OkObjectResult, writing value of type 'CMS.Shared.DTOs.ApiResponse`1[[System.Collections.Generic.List`1[[CMS.Shared.DTOs.InvoiceDto, CMS.Shared, Version=1.0.0.0, Culture=neutral, PublicKeyToken=null]], System.Private.CoreLib, Version=8.0.0.0, Culture=neutral, PublicKeyToken=7cec85d7bea7798e]]'.
2026-09-05 18:21:56.418 +03:00 [INF] Executing OkObjectResult, writing value of type 'CMS.Shared.DTOs.ApiResponse`1[[System.Collections.Generic.List`1[[CMS.Shared.DTOs.MedicalCertificateDto, CMS.Shared, Version=1.0.0.0, Culture=neutral, PublicKeyToken=null]], System.Private.CoreLib, Version=8.0.0.0, Culture=neutral, PublicKeyToken=7cec85d7bea7798e]]'.
2026-09-05 18:21:56.421 +03:00 [INF] Executed endpoint 'CMS.API.Controllers.PharmacyController.GetPrescriptions (CMS.API)'
2026-09-05 18:21:56.424 +03:00 [INF] Executed action CMS.API.Controllers.BillingController.GetInvoices (CMS.API) in 10.9769ms
2026-09-05 18:21:56.427 +03:00 [INF] Executed action CMS.API.Controllers.MedicalCertificatesController.GetPatientCertificates (CMS.API) in 9.7399ms
2026-09-05 18:21:56.430 +03:00 [ERR] Unhandled exception encountered: Invalid column name 'DoctorId'.
Invalid column name 'DoctorId'.
Invalid column name 'StatusId'.
Microsoft.Data.SqlClient.SqlException (0x80131904): Invalid column name 'DoctorId'.
Invalid column name 'DoctorId'.
Invalid column name 'StatusId'.
   at System.Threading.Tasks.ContinuationResultTaskFromResultTask`2.InnerInvoke()
   at System.Threading.ExecutionContext.RunInternal(ExecutionContext executionContext, ContextCallback callback, Object state)
--- End of stack trace from previous location ---
   at System.Threading.ExecutionContext.RunInternal(ExecutionContext executionContext, ContextCallback callback, Object state)
   at System.Threading.Tasks.Task.ExecuteWithThreadLocal(Task& currentTaskSlot, Thread threadPoolThread)
--- End of stack trace from previous location ---
   at Dapper.SqlMapper.QueryAsync[T](IDbConnection cnn, Type effectiveType, CommandDefinition command) in /_/Dapper/SqlMapper.Async.cs:line 434
   at CMS.Application.Pharmacy.PharmacyService.GetPrescriptionsAsync(Byte tenantId) in C:\Users\ASUS\source\repos\CMS\src\CMS.Application\Pharmacy\PharmacyService.cs:line 112
   at CMS.API.Controllers.PharmacyController.GetPrescriptions() in C:\Users\ASUS\source\repos\CMS\src\CMS.API\Controllers\PharmacyBillingControllers.cs:line 33
   at Microsoft.AspNetCore.Mvc.Infrastructure.ActionMethodExecutor.TaskOfIActionResultExecutor.Execute(ActionContext actionContext, IActionResultTypeMapper mapper, ObjectMethodExecutor executor, Object controller, Object[] arguments)
   at Microsoft.AspNetCore.Mvc.Infrastructure.ControllerActionInvoker.<InvokeActionMethodAsync>g__Awaited|12_0(ControllerActionInvoker invoker, ValueTask`1 actionResultValueTask)
   at Microsoft.AspNetCore.Mvc.Infrastructure.ControllerActionInvoker.<InvokeNextActionFilterAsync>g__Awaited|10_0(ControllerActionInvoker invoker, Task lastTask, State next, Scope scope, Object state, Boolean isCompleted)
   at Microsoft.AspNetCore.Mvc.Infrastructure.ControllerActionInvoker.Rethrow(ActionExecutedContextSealed context)
   at Microsoft.AspNetCore.Mvc.Infrastructure.ControllerActionInvoker.Next(State& next, Scope& scope, Object& state, Boolean& isCompleted)
   at Microsoft.AspNetCore.Mvc.Infrastructure.ControllerActionInvoker.<InvokeInnerFilterAsync>g__Awaited|13_0(ControllerActionInvoker invoker, Task lastTask, State next, Scope scope, Object state, Boolean isCompleted)
   at Microsoft.AspNetCore.Mvc.Infrastructure.ResourceInvoker.<InvokeFilterPipelineAsync>g__Awaited|20_0(ResourceInvoker invoker, Task lastTask, State next, Scope scope, Object state, Boolean isCompleted)
   at Microsoft.AspNetCore.Mvc.Infrastructure.ResourceInvoker.<InvokeAsync>g__Logged|17_1(ResourceInvoker invoker)
   at Microsoft.AspNetCore.Mvc.Infrastructure.ResourceInvoker.<InvokeAsync>g__Logged|17_1(ResourceInvoker invoker)
   at Microsoft.AspNetCore.Routing.EndpointMiddleware.<Invoke>g__AwaitRequestTask|7_0(Endpoint endpoint, Task requestTask, ILogger logger)
   at Microsoft.AspNetCore.Authorization.AuthorizationMiddleware.Invoke(HttpContext context)
   at Microsoft.AspNetCore.Authentication.AuthenticationMiddleware.Invoke(HttpContext context)
   at Swashbuckle.AspNetCore.SwaggerUI.SwaggerUIMiddleware.Invoke(HttpContext httpContext)
   at Swashbuckle.AspNetCore.Swagger.SwaggerMiddleware.Invoke(HttpContext httpContext, ISwaggerProvider swaggerProvider)
   at CMS.API.Middleware.TenantMiddleware.InvokeAsync(HttpContext context) in C:\Users\ASUS\source\repos\CMS\src\CMS.API\Middleware\Middlewares.cs:line 26
   at CMS.API.Middleware.ExceptionMiddleware.InvokeAsync(HttpContext context) in C:\Users\ASUS\source\repos\CMS\src\CMS.API\Middleware\Middlewares.cs:line 45
ClientConnectionId:17a225c8-6bb7-4332-8077-7dce7ebd0457
Error Number:207,State:1,Class:16
2026-09-05 18:21:56.432 +03:00 [INF] Executed endpoint 'CMS.API.Controllers.BillingController.GetInvoices (CMS.API)'
2026-09-05 18:21:56.435 +03:00 [INF] Executed endpoint 'CMS.API.Controllers.MedicalCertificatesController.GetPatientCertificates (CMS.API)'
2026-09-05 18:21:56.453 +03:00 [INF] Request finished HTTP/1.1 GET http://localhost:5010/api/v1/billing/invoices - 200 null application/json; charset=utf-8 89.7871ms
2026-09-05 18:21:56.453 +03:00 [INF] Request finished HTTP/1.1 GET http://localhost:5010/api/v1/pharmacy/prescriptions - 500 null application/json 89.9262ms
2026-09-05 18:21:56.455 +03:00 [INF] Request finished HTTP/1.1 GET http://localhost:5010/api/v1/medicalcertificates/patient/19 - 200 null application/json; charset=utf-8 91.8177ms
2026-09-05 18:22:09.190 +03:00 [INF] Request starting HTTP/1.1 GET http://localhost:5010/api/v1/encounters/patient/13 - application/json null
2026-09-05 18:22:09.190 +03:00 [INF] Request starting HTTP/1.1 GET http://localhost:5010/api/v1/medicalcertificates/patient/13 - application/json null
2026-09-05 18:22:09.190 +03:00 [INF] Request starting HTTP/1.1 GET http://localhost:5010/api/v1/triage/patient/13/latest - application/json null
2026-09-05 18:22:09.203 +03:00 [INF] Executing endpoint 'CMS.API.Controllers.EncountersController.GetPatientEncounters (CMS.API)'
2026-09-05 18:22:09.208 +03:00 [INF] Executing endpoint 'CMS.API.Controllers.MedicalCertificatesController.GetPatientCertificates (CMS.API)'
2026-09-05 18:22:09.214 +03:00 [INF] Executing endpoint 'CMS.API.Controllers.TriageController.GetLatestPatientVitals (CMS.API)'
2026-09-05 18:22:09.216 +03:00 [INF] Route matched with {action = "GetPatientEncounters", controller = "Encounters"}. Executing controller action with signature System.Threading.Tasks.Task`1[Microsoft.AspNetCore.Mvc.IActionResult] GetPatientEncounters(Int32) on controller CMS.API.Controllers.EncountersController (CMS.API).
2026-09-05 18:22:09.218 +03:00 [INF] Route matched with {action = "GetPatientCertificates", controller = "MedicalCertificates"}. Executing controller action with signature System.Threading.Tasks.Task`1[Microsoft.AspNetCore.Mvc.IActionResult] GetPatientCertificates(Int32) on controller CMS.API.Controllers.MedicalCertificatesController (CMS.API).
2026-09-05 18:22:09.221 +03:00 [INF] Route matched with {action = "GetLatestPatientVitals", controller = "Triage"}. Executing controller action with signature System.Threading.Tasks.Task`1[Microsoft.AspNetCore.Mvc.IActionResult] GetLatestPatientVitals(Int32) on controller CMS.API.Controllers.TriageController (CMS.API).
2026-09-05 18:22:09.229 +03:00 [INF] Executing OkObjectResult, writing value of type 'CMS.Shared.DTOs.ApiResponse`1[[System.Collections.Generic.List`1[[CMS.Shared.DTOs.EncounterDto, CMS.Shared, Version=1.0.0.0, Culture=neutral, PublicKeyToken=null]], System.Private.CoreLib, Version=8.0.0.0, Culture=neutral, PublicKeyToken=7cec85d7bea7798e]]'.
2026-09-05 18:22:09.231 +03:00 [INF] Executing OkObjectResult, writing value of type 'CMS.Shared.DTOs.ApiResponse`1[[System.Collections.Generic.List`1[[CMS.Shared.DTOs.MedicalCertificateDto, CMS.Shared, Version=1.0.0.0, Culture=neutral, PublicKeyToken=null]], System.Private.CoreLib, Version=8.0.0.0, Culture=neutral, PublicKeyToken=7cec85d7bea7798e]]'.
2026-09-05 18:22:09.238 +03:00 [INF] Executed action CMS.API.Controllers.EncountersController.GetPatientEncounters (CMS.API) in 12.7401ms
2026-09-05 18:22:09.241 +03:00 [INF] Executed action CMS.API.Controllers.MedicalCertificatesController.GetPatientCertificates (CMS.API) in 12.0988ms
2026-09-05 18:22:09.246 +03:00 [INF] Executed endpoint 'CMS.API.Controllers.EncountersController.GetPatientEncounters (CMS.API)'
2026-09-05 18:22:09.248 +03:00 [INF] Executed endpoint 'CMS.API.Controllers.MedicalCertificatesController.GetPatientCertificates (CMS.API)'
2026-09-05 18:22:09.251 +03:00 [INF] Request finished HTTP/1.1 GET http://localhost:5010/api/v1/encounters/patient/13 - 200 null application/json; charset=utf-8 61.1382ms
2026-09-05 18:22:09.253 +03:00 [INF] Executing OkObjectResult, writing value of type 'CMS.Shared.DTOs.ApiResponse`1[[CMS.Shared.DTOs.TriageDto, CMS.Shared, Version=1.0.0.0, Culture=neutral, PublicKeyToken=null]]'.
2026-09-05 18:22:09.254 +03:00 [INF] Request finished HTTP/1.1 GET http://localhost:5010/api/v1/medicalcertificates/patient/13 - 200 null application/json; charset=utf-8 63.8925ms
2026-09-05 18:22:09.264 +03:00 [INF] Executed action CMS.API.Controllers.TriageController.GetLatestPatientVitals (CMS.API) in 29.0742ms
2026-09-05 18:22:09.274 +03:00 [INF] Executed endpoint 'CMS.API.Controllers.TriageController.GetLatestPatientVitals (CMS.API)'
2026-09-05 18:22:09.277 +03:00 [INF] Request finished HTTP/1.1 GET http://localhost:5010/api/v1/triage/patient/13/latest - 200 null application/json; charset=utf-8 87.0246ms
2026-09-05 18:22:10.684 +03:00 [INF] Request starting HTTP/1.1 GET http://localhost:5010/api/v1/encounters/patient/13 - application/json null
2026-09-05 18:22:10.691 +03:00 [INF] Executing endpoint 'CMS.API.Controllers.EncountersController.GetPatientEncounters (CMS.API)'
2026-09-05 18:22:10.694 +03:00 [INF] Route matched with {action = "GetPatientEncounters", controller = "Encounters"}. Executing controller action with signature System.Threading.Tasks.Task`1[Microsoft.AspNetCore.Mvc.IActionResult] GetPatientEncounters(Int32) on controller CMS.API.Controllers.EncountersController (CMS.API).
2026-09-05 18:22:10.700 +03:00 [INF] Executing OkObjectResult, writing value of type 'CMS.Shared.DTOs.ApiResponse`1[[System.Collections.Generic.List`1[[CMS.Shared.DTOs.EncounterDto, CMS.Shared, Version=1.0.0.0, Culture=neutral, PublicKeyToken=null]], System.Private.CoreLib, Version=8.0.0.0, Culture=neutral, PublicKeyToken=7cec85d7bea7798e]]'.
2026-09-05 18:22:10.705 +03:00 [INF] Executed action CMS.API.Controllers.EncountersController.GetPatientEncounters (CMS.API) in 6.0252ms
2026-09-05 18:22:10.709 +03:00 [INF] Executed endpoint 'CMS.API.Controllers.EncountersController.GetPatientEncounters (CMS.API)'
2026-09-05 18:22:10.711 +03:00 [INF] Request finished HTTP/1.1 GET http://localhost:5010/api/v1/encounters/patient/13 - 200 null application/json; charset=utf-8 26.8712ms
2026-09-05 18:22:11.003 +03:00 [INF] Request starting HTTP/1.1 GET http://localhost:5010/api/v1/lab/orders - application/json null
2026-09-05 18:22:11.005 +03:00 [INF] Request starting HTTP/1.1 GET http://localhost:5010/api/v1/pharmacy/prescriptions - application/json null
2026-09-05 18:22:11.005 +03:00 [INF] Request starting HTTP/1.1 GET http://localhost:5010/api/v1/billing/invoices - application/json null
2026-09-05 18:22:11.006 +03:00 [INF] Request starting HTTP/1.1 GET http://localhost:5010/api/v1/medicalcertificates/patient/13 - application/json null
2026-09-05 18:22:11.017 +03:00 [INF] Request finished HTTP/1.1 GET http://localhost:5010/api/v1/lab/orders - 404 0 null 13.9202ms
2026-09-05 18:22:11.030 +03:00 [INF] Executing endpoint 'CMS.API.Controllers.PharmacyController.GetPrescriptions (CMS.API)'
2026-09-05 18:22:11.043 +03:00 [INF] Executing endpoint 'CMS.API.Controllers.BillingController.GetInvoices (CMS.API)'
2026-09-05 18:22:11.055 +03:00 [INF] Executing endpoint 'CMS.API.Controllers.MedicalCertificatesController.GetPatientCertificates (CMS.API)'
2026-09-05 18:22:11.072 +03:00 [INF] Request reached the end of the middleware pipeline without being handled by application code. Request path: GET http://localhost:5010/api/v1/lab/orders, Response status code: 404
2026-09-05 18:22:11.079 +03:00 [INF] Route matched with {action = "GetPrescriptions", controller = "Pharmacy"}. Executing controller action with signature System.Threading.Tasks.Task`1[Microsoft.AspNetCore.Mvc.IActionResult] GetPrescriptions() on controller CMS.API.Controllers.PharmacyController (CMS.API).
2026-09-05 18:22:11.085 +03:00 [INF] Route matched with {action = "GetInvoices", controller = "Billing"}. Executing controller action with signature System.Threading.Tasks.Task`1[Microsoft.AspNetCore.Mvc.IActionResult] GetInvoices() on controller CMS.API.Controllers.BillingController (CMS.API).
2026-09-05 18:22:11.093 +03:00 [INF] Route matched with {action = "GetPatientCertificates", controller = "MedicalCertificates"}. Executing controller action with signature System.Threading.Tasks.Task`1[Microsoft.AspNetCore.Mvc.IActionResult] GetPatientCertificates(Int32) on controller CMS.API.Controllers.MedicalCertificatesController (CMS.API).
2026-09-05 18:22:11.128 +03:00 [INF] Executed action CMS.API.Controllers.PharmacyController.GetPrescriptions (CMS.API) in 10.8451ms
2026-09-05 18:22:11.130 +03:00 [INF] Executing OkObjectResult, writing value of type 'CMS.Shared.DTOs.ApiResponse`1[[System.Collections.Generic.List`1[[CMS.Shared.DTOs.InvoiceDto, CMS.Shared, Version=1.0.0.0, Culture=neutral, PublicKeyToken=null]], System.Private.CoreLib, Version=8.0.0.0, Culture=neutral, PublicKeyToken=7cec85d7bea7798e]]'.
2026-09-05 18:22:11.135 +03:00 [INF] Executing OkObjectResult, writing value of type 'CMS.Shared.DTOs.ApiResponse`1[[System.Collections.Generic.List`1[[CMS.Shared.DTOs.MedicalCertificateDto, CMS.Shared, Version=1.0.0.0, Culture=neutral, PublicKeyToken=null]], System.Private.CoreLib, Version=8.0.0.0, Culture=neutral, PublicKeyToken=7cec85d7bea7798e]]'.
2026-09-05 18:22:11.140 +03:00 [INF] Executed endpoint 'CMS.API.Controllers.PharmacyController.GetPrescriptions (CMS.API)'
2026-09-05 18:22:11.145 +03:00 [INF] Executed action CMS.API.Controllers.BillingController.GetInvoices (CMS.API) in 18.8696ms
2026-09-05 18:22:11.152 +03:00 [INF] Executed action CMS.API.Controllers.MedicalCertificatesController.GetPatientCertificates (CMS.API) in 18.327ms
2026-09-05 18:22:11.156 +03:00 [ERR] Unhandled exception encountered: Invalid column name 'DoctorId'.
Invalid column name 'DoctorId'.
Invalid column name 'StatusId'.
Microsoft.Data.SqlClient.SqlException (0x80131904): Invalid column name 'DoctorId'.
Invalid column name 'DoctorId'.
Invalid column name 'StatusId'.
   at System.Threading.Tasks.ContinuationResultTaskFromResultTask`2.InnerInvoke()
   at System.Threading.ExecutionContext.RunInternal(ExecutionContext executionContext, ContextCallback callback, Object state)
--- End of stack trace from previous location ---
   at System.Threading.ExecutionContext.RunInternal(ExecutionContext executionContext, ContextCallback callback, Object state)
   at System.Threading.Tasks.Task.ExecuteWithThreadLocal(Task& currentTaskSlot, Thread threadPoolThread)
--- End of stack trace from previous location ---
   at Dapper.SqlMapper.QueryAsync[T](IDbConnection cnn, Type effectiveType, CommandDefinition command) in /_/Dapper/SqlMapper.Async.cs:line 434
   at CMS.Application.Pharmacy.PharmacyService.GetPrescriptionsAsync(Byte tenantId) in C:\Users\ASUS\source\repos\CMS\src\CMS.Application\Pharmacy\PharmacyService.cs:line 112
   at CMS.API.Controllers.PharmacyController.GetPrescriptions() in C:\Users\ASUS\source\repos\CMS\src\CMS.API\Controllers\PharmacyBillingControllers.cs:line 33
   at Microsoft.AspNetCore.Mvc.Infrastructure.ActionMethodExecutor.TaskOfIActionResultExecutor.Execute(ActionContext actionContext, IActionResultTypeMapper mapper, ObjectMethodExecutor executor, Object controller, Object[] arguments)
   at Microsoft.AspNetCore.Mvc.Infrastructure.ControllerActionInvoker.<InvokeActionMethodAsync>g__Awaited|12_0(ControllerActionInvoker invoker, ValueTask`1 actionResultValueTask)
   at Microsoft.AspNetCore.Mvc.Infrastructure.ControllerActionInvoker.<InvokeNextActionFilterAsync>g__Awaited|10_0(ControllerActionInvoker invoker, Task lastTask, State next, Scope scope, Object state, Boolean isCompleted)
   at Microsoft.AspNetCore.Mvc.Infrastructure.ControllerActionInvoker.Rethrow(ActionExecutedContextSealed context)
   at Microsoft.AspNetCore.Mvc.Infrastructure.ControllerActionInvoker.Next(State& next, Scope& scope, Object& state, Boolean& isCompleted)
   at Microsoft.AspNetCore.Mvc.Infrastructure.ControllerActionInvoker.<InvokeInnerFilterAsync>g__Awaited|13_0(ControllerActionInvoker invoker, Task lastTask, State next, Scope scope, Object state, Boolean isCompleted)
   at Microsoft.AspNetCore.Mvc.Infrastructure.ResourceInvoker.<InvokeFilterPipelineAsync>g__Awaited|20_0(ResourceInvoker invoker, Task lastTask, State next, Scope scope, Object state, Boolean isCompleted)
   at Microsoft.AspNetCore.Mvc.Infrastructure.ResourceInvoker.<InvokeAsync>g__Logged|17_1(ResourceInvoker invoker)
   at Microsoft.AspNetCore.Mvc.Infrastructure.ResourceInvoker.<InvokeAsync>g__Logged|17_1(ResourceInvoker invoker)
   at Microsoft.AspNetCore.Routing.EndpointMiddleware.<Invoke>g__AwaitRequestTask|7_0(Endpoint endpoint, Task requestTask, ILogger logger)
   at Microsoft.AspNetCore.Authorization.AuthorizationMiddleware.Invoke(HttpContext context)
   at Microsoft.AspNetCore.Authentication.AuthenticationMiddleware.Invoke(HttpContext context)
   at Swashbuckle.AspNetCore.SwaggerUI.SwaggerUIMiddleware.Invoke(HttpContext httpContext)
   at Swashbuckle.AspNetCore.Swagger.SwaggerMiddleware.Invoke(HttpContext httpContext, ISwaggerProvider swaggerProvider)
   at CMS.API.Middleware.TenantMiddleware.InvokeAsync(HttpContext context) in C:\Users\ASUS\source\repos\CMS\src\CMS.API\Middleware\Middlewares.cs:line 26
   at CMS.API.Middleware.ExceptionMiddleware.InvokeAsync(HttpContext context) in C:\Users\ASUS\source\repos\CMS\src\CMS.API\Middleware\Middlewares.cs:line 45
ClientConnectionId:17a225c8-6bb7-4332-8077-7dce7ebd0457
Error Number:207,State:1,Class:16
2026-09-05 18:22:11.159 +03:00 [INF] Executed endpoint 'CMS.API.Controllers.BillingController.GetInvoices (CMS.API)'
2026-09-05 18:22:11.163 +03:00 [INF] Executed endpoint 'CMS.API.Controllers.MedicalCertificatesController.GetPatientCertificates (CMS.API)'
2026-09-05 18:22:11.184 +03:00 [INF] Request finished HTTP/1.1 GET http://localhost:5010/api/v1/pharmacy/prescriptions - 500 null application/json 179.3355ms
2026-09-05 18:22:11.184 +03:00 [INF] Request finished HTTP/1.1 GET http://localhost:5010/api/v1/billing/invoices - 200 null application/json; charset=utf-8 179.161ms
2026-09-05 18:22:11.187 +03:00 [INF] Request finished HTTP/1.1 GET http://localhost:5010/api/v1/medicalcertificates/patient/13 - 200 null application/json; charset=utf-8 181.5321ms
2026-09-05 18:22:15.221 +03:00 [INF] Request starting HTTP/1.1 GET http://localhost:5010/api/v1/encounters/patient/19 - application/json null
2026-09-05 18:22:15.221 +03:00 [INF] Request starting HTTP/1.1 GET http://localhost:5010/api/v1/medicalcertificates/patient/19 - application/json null
2026-09-05 18:22:15.221 +03:00 [INF] Request starting HTTP/1.1 GET http://localhost:5010/api/v1/triage/patient/19/latest - application/json null
2026-09-05 18:22:15.230 +03:00 [INF] Executing endpoint 'CMS.API.Controllers.EncountersController.GetPatientEncounters (CMS.API)'
2026-09-05 18:22:15.236 +03:00 [INF] Executing endpoint 'CMS.API.Controllers.MedicalCertificatesController.GetPatientCertificates (CMS.API)'
2026-09-05 18:22:15.241 +03:00 [INF] Executing endpoint 'CMS.API.Controllers.TriageController.GetLatestPatientVitals (CMS.API)'
2026-09-05 18:22:15.243 +03:00 [INF] Route matched with {action = "GetPatientEncounters", controller = "Encounters"}. Executing controller action with signature System.Threading.Tasks.Task`1[Microsoft.AspNetCore.Mvc.IActionResult] GetPatientEncounters(Int32) on controller CMS.API.Controllers.EncountersController (CMS.API).
2026-09-05 18:22:15.246 +03:00 [INF] Route matched with {action = "GetPatientCertificates", controller = "MedicalCertificates"}. Executing controller action with signature System.Threading.Tasks.Task`1[Microsoft.AspNetCore.Mvc.IActionResult] GetPatientCertificates(Int32) on controller CMS.API.Controllers.MedicalCertificatesController (CMS.API).
2026-09-05 18:22:15.248 +03:00 [INF] Route matched with {action = "GetLatestPatientVitals", controller = "Triage"}. Executing controller action with signature System.Threading.Tasks.Task`1[Microsoft.AspNetCore.Mvc.IActionResult] GetLatestPatientVitals(Int32) on controller CMS.API.Controllers.TriageController (CMS.API).
2026-09-05 18:22:15.252 +03:00 [INF] Executing OkObjectResult, writing value of type 'CMS.Shared.DTOs.ApiResponse`1[[System.Collections.Generic.List`1[[CMS.Shared.DTOs.EncounterDto, CMS.Shared, Version=1.0.0.0, Culture=neutral, PublicKeyToken=null]], System.Private.CoreLib, Version=8.0.0.0, Culture=neutral, PublicKeyToken=7cec85d7bea7798e]]'.
2026-09-05 18:22:15.256 +03:00 [INF] Executing OkObjectResult, writing value of type 'CMS.Shared.DTOs.ApiResponse`1[[System.Collections.Generic.List`1[[CMS.Shared.DTOs.MedicalCertificateDto, CMS.Shared, Version=1.0.0.0, Culture=neutral, PublicKeyToken=null]], System.Private.CoreLib, Version=8.0.0.0, Culture=neutral, PublicKeyToken=7cec85d7bea7798e]]'.
2026-09-05 18:22:15.260 +03:00 [INF] Executing OkObjectResult, writing value of type 'CMS.Shared.DTOs.ApiResponse`1[[CMS.Shared.DTOs.TriageDto, CMS.Shared, Version=1.0.0.0, Culture=neutral, PublicKeyToken=null]]'.
2026-09-05 18:22:15.262 +03:00 [INF] Executed action CMS.API.Controllers.EncountersController.GetPatientEncounters (CMS.API) in 10.6335ms
2026-09-05 18:22:15.265 +03:00 [INF] Executed action CMS.API.Controllers.MedicalCertificatesController.GetPatientCertificates (CMS.API) in 10.1479ms
2026-09-05 18:22:15.268 +03:00 [INF] Executed action CMS.API.Controllers.TriageController.GetLatestPatientVitals (CMS.API) in 9.594ms
2026-09-05 18:22:15.271 +03:00 [INF] Executed endpoint 'CMS.API.Controllers.EncountersController.GetPatientEncounters (CMS.API)'
2026-09-05 18:22:15.274 +03:00 [INF] Executed endpoint 'CMS.API.Controllers.MedicalCertificatesController.GetPatientCertificates (CMS.API)'
2026-09-05 18:22:15.278 +03:00 [INF] Executed endpoint 'CMS.API.Controllers.TriageController.GetLatestPatientVitals (CMS.API)'
2026-09-05 18:22:15.280 +03:00 [INF] Request finished HTTP/1.1 GET http://localhost:5010/api/v1/encounters/patient/19 - 200 null application/json; charset=utf-8 58.7153ms
2026-09-05 18:22:15.283 +03:00 [INF] Request finished HTTP/1.1 GET http://localhost:5010/api/v1/medicalcertificates/patient/19 - 200 null application/json; charset=utf-8 61.4292ms
2026-09-05 18:22:15.286 +03:00 [INF] Request finished HTTP/1.1 GET http://localhost:5010/api/v1/triage/patient/19/latest - 200 null application/json; charset=utf-8 64.3911ms
2026-09-05 18:22:17.050 +03:00 [INF] Request starting HTTP/1.1 GET http://localhost:5010/api/v1/encounters/patient/19 - application/json null
2026-09-05 18:22:17.059 +03:00 [INF] Executing endpoint 'CMS.API.Controllers.EncountersController.GetPatientEncounters (CMS.API)'
2026-09-05 18:22:17.061 +03:00 [INF] Route matched with {action = "GetPatientEncounters", controller = "Encounters"}. Executing controller action with signature System.Threading.Tasks.Task`1[Microsoft.AspNetCore.Mvc.IActionResult] GetPatientEncounters(Int32) on controller CMS.API.Controllers.EncountersController (CMS.API).
2026-09-05 18:22:17.067 +03:00 [INF] Executing OkObjectResult, writing value of type 'CMS.Shared.DTOs.ApiResponse`1[[System.Collections.Generic.List`1[[CMS.Shared.DTOs.EncounterDto, CMS.Shared, Version=1.0.0.0, Culture=neutral, PublicKeyToken=null]], System.Private.CoreLib, Version=8.0.0.0, Culture=neutral, PublicKeyToken=7cec85d7bea7798e]]'.
2026-09-05 18:22:17.072 +03:00 [INF] Executed action CMS.API.Controllers.EncountersController.GetPatientEncounters (CMS.API) in 6.9982ms
2026-09-05 18:22:17.075 +03:00 [INF] Executed endpoint 'CMS.API.Controllers.EncountersController.GetPatientEncounters (CMS.API)'
2026-09-05 18:22:17.077 +03:00 [INF] Request finished HTTP/1.1 GET http://localhost:5010/api/v1/encounters/patient/19 - 200 null application/json; charset=utf-8 27.6907ms
2026-09-05 18:22:17.365 +03:00 [INF] Request starting HTTP/1.1 GET http://localhost:5010/api/v1/lab/orders - application/json null
2026-09-05 18:22:17.365 +03:00 [INF] Request starting HTTP/1.1 GET http://localhost:5010/api/v1/pharmacy/prescriptions - application/json null
2026-09-05 18:22:17.365 +03:00 [INF] Request starting HTTP/1.1 GET http://localhost:5010/api/v1/billing/invoices - application/json null
2026-09-05 18:22:17.366 +03:00 [INF] Request starting HTTP/1.1 GET http://localhost:5010/api/v1/medicalcertificates/patient/19 - application/json null
2026-09-05 18:22:17.371 +03:00 [INF] Request finished HTTP/1.1 GET http://localhost:5010/api/v1/lab/orders - 404 0 null 6.2199ms
2026-09-05 18:22:17.379 +03:00 [INF] Executing endpoint 'CMS.API.Controllers.PharmacyController.GetPrescriptions (CMS.API)'
2026-09-05 18:22:17.384 +03:00 [INF] Executing endpoint 'CMS.API.Controllers.BillingController.GetInvoices (CMS.API)'
2026-09-05 18:22:17.392 +03:00 [INF] Executing endpoint 'CMS.API.Controllers.MedicalCertificatesController.GetPatientCertificates (CMS.API)'
2026-09-05 18:22:17.401 +03:00 [INF] Request reached the end of the middleware pipeline without being handled by application code. Request path: GET http://localhost:5010/api/v1/lab/orders, Response status code: 404
2026-09-05 18:22:17.404 +03:00 [INF] Route matched with {action = "GetPrescriptions", controller = "Pharmacy"}. Executing controller action with signature System.Threading.Tasks.Task`1[Microsoft.AspNetCore.Mvc.IActionResult] GetPrescriptions() on controller CMS.API.Controllers.PharmacyController (CMS.API).
2026-09-05 18:22:17.407 +03:00 [INF] Route matched with {action = "GetInvoices", controller = "Billing"}. Executing controller action with signature System.Threading.Tasks.Task`1[Microsoft.AspNetCore.Mvc.IActionResult] GetInvoices() on controller CMS.API.Controllers.BillingController (CMS.API).
2026-09-05 18:22:17.410 +03:00 [INF] Route matched with {action = "GetPatientCertificates", controller = "MedicalCertificates"}. Executing controller action with signature System.Threading.Tasks.Task`1[Microsoft.AspNetCore.Mvc.IActionResult] GetPatientCertificates(Int32) on controller CMS.API.Controllers.MedicalCertificatesController (CMS.API).
2026-09-05 18:22:17.423 +03:00 [INF] Executed action CMS.API.Controllers.PharmacyController.GetPrescriptions (CMS.API) in 4.0175ms
2026-09-05 18:22:17.426 +03:00 [INF] Executing OkObjectResult, writing value of type 'CMS.Shared.DTOs.ApiResponse`1[[System.Collections.Generic.List`1[[CMS.Shared.DTOs.InvoiceDto, CMS.Shared, Version=1.0.0.0, Culture=neutral, PublicKeyToken=null]], System.Private.CoreLib, Version=8.0.0.0, Culture=neutral, PublicKeyToken=7cec85d7bea7798e]]'.
2026-09-05 18:22:17.429 +03:00 [INF] Executing OkObjectResult, writing value of type 'CMS.Shared.DTOs.ApiResponse`1[[System.Collections.Generic.List`1[[CMS.Shared.DTOs.MedicalCertificateDto, CMS.Shared, Version=1.0.0.0, Culture=neutral, PublicKeyToken=null]], System.Private.CoreLib, Version=8.0.0.0, Culture=neutral, PublicKeyToken=7cec85d7bea7798e]]'.
2026-09-05 18:22:17.431 +03:00 [INF] Executed endpoint 'CMS.API.Controllers.PharmacyController.GetPrescriptions (CMS.API)'
2026-09-05 18:22:17.435 +03:00 [INF] Executed action CMS.API.Controllers.BillingController.GetInvoices (CMS.API) in 10.4746ms
2026-09-05 18:22:17.437 +03:00 [INF] Executed action CMS.API.Controllers.MedicalCertificatesController.GetPatientCertificates (CMS.API) in 9.2535ms
2026-09-05 18:22:17.440 +03:00 [ERR] Unhandled exception encountered: Invalid column name 'DoctorId'.
Invalid column name 'DoctorId'.
Invalid column name 'StatusId'.
Microsoft.Data.SqlClient.SqlException (0x80131904): Invalid column name 'DoctorId'.
Invalid column name 'DoctorId'.
Invalid column name 'StatusId'.
   at System.Threading.Tasks.ContinuationResultTaskFromResultTask`2.InnerInvoke()
   at System.Threading.ExecutionContext.RunInternal(ExecutionContext executionContext, ContextCallback callback, Object state)
--- End of stack trace from previous location ---
   at System.Threading.ExecutionContext.RunInternal(ExecutionContext executionContext, ContextCallback callback, Object state)
   at System.Threading.Tasks.Task.ExecuteWithThreadLocal(Task& currentTaskSlot, Thread threadPoolThread)
--- End of stack trace from previous location ---
   at Dapper.SqlMapper.QueryAsync[T](IDbConnection cnn, Type effectiveType, CommandDefinition command) in /_/Dapper/SqlMapper.Async.cs:line 434
   at CMS.Application.Pharmacy.PharmacyService.GetPrescriptionsAsync(Byte tenantId) in C:\Users\ASUS\source\repos\CMS\src\CMS.Application\Pharmacy\PharmacyService.cs:line 112
   at CMS.API.Controllers.PharmacyController.GetPrescriptions() in C:\Users\ASUS\source\repos\CMS\src\CMS.API\Controllers\PharmacyBillingControllers.cs:line 33
   at Microsoft.AspNetCore.Mvc.Infrastructure.ActionMethodExecutor.TaskOfIActionResultExecutor.Execute(ActionContext actionContext, IActionResultTypeMapper mapper, ObjectMethodExecutor executor, Object controller, Object[] arguments)
   at Microsoft.AspNetCore.Mvc.Infrastructure.ControllerActionInvoker.<InvokeActionMethodAsync>g__Awaited|12_0(ControllerActionInvoker invoker, ValueTask`1 actionResultValueTask)
   at Microsoft.AspNetCore.Mvc.Infrastructure.ControllerActionInvoker.<InvokeNextActionFilterAsync>g__Awaited|10_0(ControllerActionInvoker invoker, Task lastTask, State next, Scope scope, Object state, Boolean isCompleted)
   at Microsoft.AspNetCore.Mvc.Infrastructure.ControllerActionInvoker.Rethrow(ActionExecutedContextSealed context)
   at Microsoft.AspNetCore.Mvc.Infrastructure.ControllerActionInvoker.Next(State& next, Scope& scope, Object& state, Boolean& isCompleted)
   at Microsoft.AspNetCore.Mvc.Infrastructure.ControllerActionInvoker.<InvokeInnerFilterAsync>g__Awaited|13_0(ControllerActionInvoker invoker, Task lastTask, State next, Scope scope, Object state, Boolean isCompleted)
   at Microsoft.AspNetCore.Mvc.Infrastructure.ResourceInvoker.<InvokeFilterPipelineAsync>g__Awaited|20_0(ResourceInvoker invoker, Task lastTask, State next, Scope scope, Object state, Boolean isCompleted)
   at Microsoft.AspNetCore.Mvc.Infrastructure.ResourceInvoker.<InvokeAsync>g__Logged|17_1(ResourceInvoker invoker)
   at Microsoft.AspNetCore.Mvc.Infrastructure.ResourceInvoker.<InvokeAsync>g__Logged|17_1(ResourceInvoker invoker)
   at Microsoft.AspNetCore.Routing.EndpointMiddleware.<Invoke>g__AwaitRequestTask|7_0(Endpoint endpoint, Task requestTask, ILogger logger)
   at Microsoft.AspNetCore.Authorization.AuthorizationMiddleware.Invoke(HttpContext context)
   at Microsoft.AspNetCore.Authentication.AuthenticationMiddleware.Invoke(HttpContext context)
   at Swashbuckle.AspNetCore.SwaggerUI.SwaggerUIMiddleware.Invoke(HttpContext httpContext)
   at Swashbuckle.AspNetCore.Swagger.SwaggerMiddleware.Invoke(HttpContext httpContext, ISwaggerProvider swaggerProvider)
   at CMS.API.Middleware.TenantMiddleware.InvokeAsync(HttpContext context) in C:\Users\ASUS\source\repos\CMS\src\CMS.API\Middleware\Middlewares.cs:line 26
   at CMS.API.Middleware.ExceptionMiddleware.InvokeAsync(HttpContext context) in C:\Users\ASUS\source\repos\CMS\src\CMS.API\Middleware\Middlewares.cs:line 45
ClientConnectionId:17a225c8-6bb7-4332-8077-7dce7ebd0457
Error Number:207,State:1,Class:16
2026-09-05 18:22:17.442 +03:00 [INF] Executed endpoint 'CMS.API.Controllers.BillingController.GetInvoices (CMS.API)'
2026-09-05 18:22:17.445 +03:00 [INF] Executed endpoint 'CMS.API.Controllers.MedicalCertificatesController.GetPatientCertificates (CMS.API)'
2026-09-05 18:22:17.464 +03:00 [INF] Request finished HTTP/1.1 GET http://localhost:5010/api/v1/pharmacy/prescriptions - 500 null application/json 98.1662ms
2026-09-05 18:22:17.464 +03:00 [INF] Request finished HTTP/1.1 GET http://localhost:5010/api/v1/billing/invoices - 200 null application/json; charset=utf-8 98.0642ms
2026-09-05 18:22:17.467 +03:00 [INF] Request finished HTTP/1.1 GET http://localhost:5010/api/v1/medicalcertificates/patient/19 - 200 null application/json; charset=utf-8 101.3866ms
2026-09-05 18:22:27.860 +03:00 [INF] Request starting HTTP/1.1 GET http://localhost:5010/api/v1/billing/invoices - application/json null
2026-09-05 18:22:27.860 +03:00 [INF] Request starting HTTP/1.1 GET http://localhost:5010/api/v1/patients/search - application/json null
2026-09-05 18:22:27.872 +03:00 [INF] Executing endpoint 'CMS.API.Controllers.BillingController.GetInvoices (CMS.API)'
2026-09-05 18:22:27.883 +03:00 [INF] Executing endpoint 'CMS.API.Controllers.PatientsController.Search (CMS.API)'
2026-09-05 18:22:27.887 +03:00 [INF] Route matched with {action = "GetInvoices", controller = "Billing"}. Executing controller action with signature System.Threading.Tasks.Task`1[Microsoft.AspNetCore.Mvc.IActionResult] GetInvoices() on controller CMS.API.Controllers.BillingController (CMS.API).
2026-09-05 18:22:27.892 +03:00 [INF] Route matched with {action = "Search", controller = "Patients"}. Executing controller action with signature System.Threading.Tasks.Task`1[Microsoft.AspNetCore.Mvc.IActionResult] Search(System.String, Int32) on controller CMS.API.Controllers.PatientsController (CMS.API).
2026-09-05 18:22:27.929 +03:00 [INF] Executing OkObjectResult, writing value of type 'CMS.Shared.DTOs.ApiResponse`1[[System.Collections.Generic.List`1[[CMS.Shared.DTOs.PatientDto, CMS.Shared, Version=1.0.0.0, Culture=neutral, PublicKeyToken=null]], System.Private.CoreLib, Version=8.0.0.0, Culture=neutral, PublicKeyToken=7cec85d7bea7798e]]'.
2026-09-05 18:22:27.933 +03:00 [INF] Executed action CMS.API.Controllers.PatientsController.Search (CMS.API) in 24.8199ms
2026-09-05 18:22:27.937 +03:00 [INF] Executed endpoint 'CMS.API.Controllers.PatientsController.Search (CMS.API)'
2026-09-05 18:22:27.940 +03:00 [INF] Request finished HTTP/1.1 GET http://localhost:5010/api/v1/patients/search - 200 null application/json; charset=utf-8 79.9988ms
2026-09-05 18:22:27.947 +03:00 [INF] Executing OkObjectResult, writing value of type 'CMS.Shared.DTOs.ApiResponse`1[[System.Collections.Generic.List`1[[CMS.Shared.DTOs.InvoiceDto, CMS.Shared, Version=1.0.0.0, Culture=neutral, PublicKeyToken=null]], System.Private.CoreLib, Version=8.0.0.0, Culture=neutral, PublicKeyToken=7cec85d7bea7798e]]'.
2026-09-05 18:22:27.951 +03:00 [INF] Executed action CMS.API.Controllers.BillingController.GetInvoices (CMS.API) in 50.8256ms
2026-09-05 18:22:27.955 +03:00 [INF] Executed endpoint 'CMS.API.Controllers.BillingController.GetInvoices (CMS.API)'
2026-09-05 18:22:27.958 +03:00 [INF] Request finished HTTP/1.1 GET http://localhost:5010/api/v1/billing/invoices - 200 null application/json; charset=utf-8 97.9048ms
2026-09-05 18:22:28.124 +03:00 [INF] Request starting HTTP/1.1 GET http://localhost:5010/api/v1/patients/search - application/json null
2026-09-05 18:22:28.136 +03:00 [INF] Executing endpoint 'CMS.API.Controllers.PatientsController.Search (CMS.API)'
2026-09-05 18:22:28.141 +03:00 [INF] Route matched with {action = "Search", controller = "Patients"}. Executing controller action with signature System.Threading.Tasks.Task`1[Microsoft.AspNetCore.Mvc.IActionResult] Search(System.String, Int32) on controller CMS.API.Controllers.PatientsController (CMS.API).
2026-09-05 18:22:28.157 +03:00 [INF] Executing OkObjectResult, writing value of type 'CMS.Shared.DTOs.ApiResponse`1[[System.Collections.Generic.List`1[[CMS.Shared.DTOs.PatientDto, CMS.Shared, Version=1.0.0.0, Culture=neutral, PublicKeyToken=null]], System.Private.CoreLib, Version=8.0.0.0, Culture=neutral, PublicKeyToken=7cec85d7bea7798e]]'.
2026-09-05 18:22:28.160 +03:00 [INF] Executed action CMS.API.Controllers.PatientsController.Search (CMS.API) in 10.1668ms
2026-09-05 18:22:28.163 +03:00 [INF] Executed endpoint 'CMS.API.Controllers.PatientsController.Search (CMS.API)'
2026-09-05 18:22:28.166 +03:00 [INF] Request finished HTTP/1.1 GET http://localhost:5010/api/v1/patients/search - 200 null application/json; charset=utf-8 42.051ms
2026-09-05 18:22:28.247 +03:00 [INF] Request starting HTTP/1.1 GET http://localhost:5010/api/v1/billing/invoices - application/json null
2026-09-05 18:22:28.254 +03:00 [INF] Executing endpoint 'CMS.API.Controllers.BillingController.GetInvoices (CMS.API)'
2026-09-05 18:22:28.256 +03:00 [INF] Route matched with {action = "GetInvoices", controller = "Billing"}. Executing controller action with signature System.Threading.Tasks.Task`1[Microsoft.AspNetCore.Mvc.IActionResult] GetInvoices() on controller CMS.API.Controllers.BillingController (CMS.API).
2026-09-05 18:22:28.263 +03:00 [INF] Executing OkObjectResult, writing value of type 'CMS.Shared.DTOs.ApiResponse`1[[System.Collections.Generic.List`1[[CMS.Shared.DTOs.InvoiceDto, CMS.Shared, Version=1.0.0.0, Culture=neutral, PublicKeyToken=null]], System.Private.CoreLib, Version=8.0.0.0, Culture=neutral, PublicKeyToken=7cec85d7bea7798e]]'.
2026-09-05 18:22:28.267 +03:00 [INF] Executed action CMS.API.Controllers.BillingController.GetInvoices (CMS.API) in 6.4542ms
2026-09-05 18:22:28.270 +03:00 [INF] Executed endpoint 'CMS.API.Controllers.BillingController.GetInvoices (CMS.API)'
2026-09-05 18:22:28.272 +03:00 [INF] Request finished HTTP/1.1 GET http://localhost:5010/api/v1/billing/invoices - 200 null application/json; charset=utf-8 25.5819ms
2026-09-05 18:22:40.944 +03:00 [INF] Request starting HTTP/1.1 GET http://localhost:5010/api/v1/staff/doctors - application/json null
2026-09-05 18:22:40.951 +03:00 [INF] Executing endpoint 'CMS.API.Controllers.StaffController.GetDoctors (CMS.API)'
2026-09-05 18:22:40.954 +03:00 [INF] Route matched with {action = "GetDoctors", controller = "Staff"}. Executing controller action with signature System.Threading.Tasks.Task`1[Microsoft.AspNetCore.Mvc.IActionResult] GetDoctors() on controller CMS.API.Controllers.StaffController (CMS.API).
2026-09-05 18:22:40.960 +03:00 [INF] Executing OkObjectResult, writing value of type 'CMS.Shared.DTOs.ApiResponse`1[[System.Collections.Generic.List`1[[CMS.Shared.DTOs.DoctorDto, CMS.Shared, Version=1.0.0.0, Culture=neutral, PublicKeyToken=null]], System.Private.CoreLib, Version=8.0.0.0, Culture=neutral, PublicKeyToken=7cec85d7bea7798e]]'.
2026-09-05 18:22:40.963 +03:00 [INF] Executed action CMS.API.Controllers.StaffController.GetDoctors (CMS.API) in 4.1021ms
2026-09-05 18:22:40.967 +03:00 [INF] Executed endpoint 'CMS.API.Controllers.StaffController.GetDoctors (CMS.API)'
2026-09-05 18:22:40.971 +03:00 [INF] Request finished HTTP/1.1 GET http://localhost:5010/api/v1/staff/doctors - 200 null application/json; charset=utf-8 26.6996ms
2026-09-05 18:22:41.251 +03:00 [INF] Request starting HTTP/1.1 GET http://localhost:5010/api/v1/triage/doctor/2?date=2026-09-05 - application/json null
2026-09-05 18:22:41.260 +03:00 [INF] Executing endpoint 'CMS.API.Controllers.TriageController.GetDoctorQueue (CMS.API)'
2026-09-05 18:22:41.263 +03:00 [INF] Route matched with {action = "GetDoctorQueue", controller = "Triage"}. Executing controller action with signature System.Threading.Tasks.Task`1[Microsoft.AspNetCore.Mvc.IActionResult] GetDoctorQueue(Int32, System.Nullable`1[System.DateTime]) on controller CMS.API.Controllers.TriageController (CMS.API).
2026-09-05 18:22:41.284 +03:00 [INF] Request starting HTTP/1.1 GET http://localhost:5010/api/v1/staff/doctors - application/json null
2026-09-05 18:22:41.292 +03:00 [INF] Executing endpoint 'CMS.API.Controllers.StaffController.GetDoctors (CMS.API)'
2026-09-05 18:22:41.296 +03:00 [INF] Route matched with {action = "GetDoctors", controller = "Staff"}. Executing controller action with signature System.Threading.Tasks.Task`1[Microsoft.AspNetCore.Mvc.IActionResult] GetDoctors() on controller CMS.API.Controllers.StaffController (CMS.API).
2026-09-05 18:22:41.304 +03:00 [INF] Executing OkObjectResult, writing value of type 'CMS.Shared.DTOs.ApiResponse`1[[System.Collections.Generic.List`1[[CMS.Shared.DTOs.DoctorDto, CMS.Shared, Version=1.0.0.0, Culture=neutral, PublicKeyToken=null]], System.Private.CoreLib, Version=8.0.0.0, Culture=neutral, PublicKeyToken=7cec85d7bea7798e]]'.
2026-09-05 18:22:41.308 +03:00 [INF] Executed action CMS.API.Controllers.StaffController.GetDoctors (CMS.API) in 6.5005ms
2026-09-05 18:22:41.313 +03:00 [INF] Executed endpoint 'CMS.API.Controllers.StaffController.GetDoctors (CMS.API)'
2026-09-05 18:22:41.317 +03:00 [INF] Request finished HTTP/1.1 GET http://localhost:5010/api/v1/staff/doctors - 200 null application/json; charset=utf-8 32.7421ms
2026-09-05 18:22:41.323 +03:00 [INF] Executing OkObjectResult, writing value of type 'CMS.Shared.DTOs.ApiResponse`1[[System.Object, System.Private.CoreLib, Version=8.0.0.0, Culture=neutral, PublicKeyToken=7cec85d7bea7798e]]'.
2026-09-05 18:22:41.333 +03:00 [INF] Executed action CMS.API.Controllers.TriageController.GetDoctorQueue (CMS.API) in 64.5678ms
2026-09-05 18:22:41.338 +03:00 [INF] Executed endpoint 'CMS.API.Controllers.TriageController.GetDoctorQueue (CMS.API)'
2026-09-05 18:22:41.341 +03:00 [INF] Request finished HTTP/1.1 GET http://localhost:5010/api/v1/triage/doctor/2?date=2026-09-05 - 200 null application/json; charset=utf-8 89.9799ms
2026-09-05 18:22:41.643 +03:00 [INF] Request starting HTTP/1.1 GET http://localhost:5010/api/v1/triage/doctor/2?date=2026-09-05 - application/json null
2026-09-05 18:22:41.651 +03:00 [INF] Executing endpoint 'CMS.API.Controllers.TriageController.GetDoctorQueue (CMS.API)'
2026-09-05 18:22:41.653 +03:00 [INF] Route matched with {action = "GetDoctorQueue", controller = "Triage"}. Executing controller action with signature System.Threading.Tasks.Task`1[Microsoft.AspNetCore.Mvc.IActionResult] GetDoctorQueue(Int32, System.Nullable`1[System.DateTime]) on controller CMS.API.Controllers.TriageController (CMS.API).
2026-09-05 18:22:41.660 +03:00 [INF] Executing OkObjectResult, writing value of type 'CMS.Shared.DTOs.ApiResponse`1[[System.Object, System.Private.CoreLib, Version=8.0.0.0, Culture=neutral, PublicKeyToken=7cec85d7bea7798e]]'.
2026-09-05 18:22:41.663 +03:00 [INF] Executed action CMS.API.Controllers.TriageController.GetDoctorQueue (CMS.API) in 4.8691ms
2026-09-05 18:22:41.667 +03:00 [INF] Executed endpoint 'CMS.API.Controllers.TriageController.GetDoctorQueue (CMS.API)'
2026-09-05 18:22:41.671 +03:00 [INF] Request finished HTTP/1.1 GET http://localhost:5010/api/v1/triage/doctor/2?date=2026-09-05 - 200 null application/json; charset=utf-8 27.1999ms
2026-09-05 18:22:41.676 +03:00 [INF] Request starting HTTP/1.1 GET http://localhost:5010/api/v1/encounters/patient/19 - application/json null
2026-09-05 18:22:41.676 +03:00 [INF] Request starting HTTP/1.1 GET http://localhost:5010/api/v1/medicalcertificates/patient/19 - application/json null
2026-09-05 18:22:41.677 +03:00 [INF] Request starting HTTP/1.1 GET http://localhost:5010/api/v1/triage/patient/19/latest - application/json null
2026-09-05 18:22:41.689 +03:00 [INF] Executing endpoint 'CMS.API.Controllers.EncountersController.GetPatientEncounters (CMS.API)'
2026-09-05 18:22:41.694 +03:00 [INF] Executing endpoint 'CMS.API.Controllers.MedicalCertificatesController.GetPatientCertificates (CMS.API)'
2026-09-05 18:22:41.700 +03:00 [INF] Executing endpoint 'CMS.API.Controllers.TriageController.GetLatestPatientVitals (CMS.API)'
2026-09-05 18:22:41.704 +03:00 [INF] Route matched with {action = "GetPatientEncounters", controller = "Encounters"}. Executing controller action with signature System.Threading.Tasks.Task`1[Microsoft.AspNetCore.Mvc.IActionResult] GetPatientEncounters(Int32) on controller CMS.API.Controllers.EncountersController (CMS.API).
2026-09-05 18:22:41.707 +03:00 [INF] Route matched with {action = "GetPatientCertificates", controller = "MedicalCertificates"}. Executing controller action with signature System.Threading.Tasks.Task`1[Microsoft.AspNetCore.Mvc.IActionResult] GetPatientCertificates(Int32) on controller CMS.API.Controllers.MedicalCertificatesController (CMS.API).
2026-09-05 18:22:41.709 +03:00 [INF] Route matched with {action = "GetLatestPatientVitals", controller = "Triage"}. Executing controller action with signature System.Threading.Tasks.Task`1[Microsoft.AspNetCore.Mvc.IActionResult] GetLatestPatientVitals(Int32) on controller CMS.API.Controllers.TriageController (CMS.API).
2026-09-05 18:22:41.720 +03:00 [INF] Executing OkObjectResult, writing value of type 'CMS.Shared.DTOs.ApiResponse`1[[System.Collections.Generic.List`1[[CMS.Shared.DTOs.MedicalCertificateDto, CMS.Shared, Version=1.0.0.0, Culture=neutral, PublicKeyToken=null]], System.Private.CoreLib, Version=8.0.0.0, Culture=neutral, PublicKeyToken=7cec85d7bea7798e]]'.
2026-09-05 18:22:41.727 +03:00 [INF] Executed action CMS.API.Controllers.MedicalCertificatesController.GetPatientCertificates (CMS.API) in 8.2642ms
2026-09-05 18:22:41.730 +03:00 [INF] Executing OkObjectResult, writing value of type 'CMS.Shared.DTOs.ApiResponse`1[[System.Collections.Generic.List`1[[CMS.Shared.DTOs.EncounterDto, CMS.Shared, Version=1.0.0.0, Culture=neutral, PublicKeyToken=null]], System.Private.CoreLib, Version=8.0.0.0, Culture=neutral, PublicKeyToken=7cec85d7bea7798e]]'.
2026-09-05 18:22:41.731 +03:00 [INF] Executed endpoint 'CMS.API.Controllers.MedicalCertificatesController.GetPatientCertificates (CMS.API)'
2026-09-05 18:22:41.736 +03:00 [INF] Executed action CMS.API.Controllers.EncountersController.GetPatientEncounters (CMS.API) in 21.481ms
2026-09-05 18:22:41.739 +03:00 [INF] Request finished HTTP/1.1 GET http://localhost:5010/api/v1/medicalcertificates/patient/19 - 200 null application/json; charset=utf-8 62.0941ms
2026-09-05 18:22:41.740 +03:00 [INF] Executing OkObjectResult, writing value of type 'CMS.Shared.DTOs.ApiResponse`1[[CMS.Shared.DTOs.TriageDto, CMS.Shared, Version=1.0.0.0, Culture=neutral, PublicKeyToken=null]]'.
2026-09-05 18:22:41.742 +03:00 [INF] Executed endpoint 'CMS.API.Controllers.EncountersController.GetPatientEncounters (CMS.API)'
2026-09-05 18:22:41.753 +03:00 [INF] Executed action CMS.API.Controllers.TriageController.GetLatestPatientVitals (CMS.API) in 29.6557ms
2026-09-05 18:22:41.756 +03:00 [INF] Request finished HTTP/1.1 GET http://localhost:5010/api/v1/encounters/patient/19 - 200 null application/json; charset=utf-8 79.2905ms
2026-09-05 18:22:41.759 +03:00 [INF] Executed endpoint 'CMS.API.Controllers.TriageController.GetLatestPatientVitals (CMS.API)'
2026-09-05 18:22:41.769 +03:00 [INF] Request finished HTTP/1.1 GET http://localhost:5010/api/v1/triage/patient/19/latest - 200 null application/json; charset=utf-8 92.0471ms
2026-09-05 18:22:42.051 +03:00 [INF] Request starting HTTP/1.1 GET http://localhost:5010/api/v1/medicalcertificates/patient/19 - application/json null
2026-09-05 18:22:42.051 +03:00 [INF] Request starting HTTP/1.1 GET http://localhost:5010/api/v1/encounters/patient/19 - application/json null
2026-09-05 18:22:42.064 +03:00 [INF] Request starting HTTP/1.1 GET http://localhost:5010/api/v1/triage/patient/19/latest - application/json null
2026-09-05 18:22:42.065 +03:00 [INF] Executing endpoint 'CMS.API.Controllers.MedicalCertificatesController.GetPatientCertificates (CMS.API)'
2026-09-05 18:22:42.072 +03:00 [INF] Executing endpoint 'CMS.API.Controllers.EncountersController.GetPatientEncounters (CMS.API)'
2026-09-05 18:22:42.082 +03:00 [INF] Executing endpoint 'CMS.API.Controllers.TriageController.GetLatestPatientVitals (CMS.API)'
2026-09-05 18:22:42.086 +03:00 [INF] Route matched with {action = "GetPatientCertificates", controller = "MedicalCertificates"}. Executing controller action with signature System.Threading.Tasks.Task`1[Microsoft.AspNetCore.Mvc.IActionResult] GetPatientCertificates(Int32) on controller CMS.API.Controllers.MedicalCertificatesController (CMS.API).
2026-09-05 18:22:42.090 +03:00 [INF] Route matched with {action = "GetPatientEncounters", controller = "Encounters"}. Executing controller action with signature System.Threading.Tasks.Task`1[Microsoft.AspNetCore.Mvc.IActionResult] GetPatientEncounters(Int32) on controller CMS.API.Controllers.EncountersController (CMS.API).
2026-09-05 18:22:42.094 +03:00 [INF] Route matched with {action = "GetLatestPatientVitals", controller = "Triage"}. Executing controller action with signature System.Threading.Tasks.Task`1[Microsoft.AspNetCore.Mvc.IActionResult] GetLatestPatientVitals(Int32) on controller CMS.API.Controllers.TriageController (CMS.API).
2026-09-05 18:22:42.103 +03:00 [INF] Executing OkObjectResult, writing value of type 'CMS.Shared.DTOs.ApiResponse`1[[System.Collections.Generic.List`1[[CMS.Shared.DTOs.MedicalCertificateDto, CMS.Shared, Version=1.0.0.0, Culture=neutral, PublicKeyToken=null]], System.Private.CoreLib, Version=8.0.0.0, Culture=neutral, PublicKeyToken=7cec85d7bea7798e]]'.
2026-09-05 18:22:42.111 +03:00 [INF] Executing OkObjectResult, writing value of type 'CMS.Shared.DTOs.ApiResponse`1[[System.Collections.Generic.List`1[[CMS.Shared.DTOs.EncounterDto, CMS.Shared, Version=1.0.0.0, Culture=neutral, PublicKeyToken=null]], System.Private.CoreLib, Version=8.0.0.0, Culture=neutral, PublicKeyToken=7cec85d7bea7798e]]'.
2026-09-05 18:22:42.117 +03:00 [INF] Executing OkObjectResult, writing value of type 'CMS.Shared.DTOs.ApiResponse`1[[CMS.Shared.DTOs.TriageDto, CMS.Shared, Version=1.0.0.0, Culture=neutral, PublicKeyToken=null]]'.
2026-09-05 18:22:42.120 +03:00 [INF] Executed action CMS.API.Controllers.MedicalCertificatesController.GetPatientCertificates (CMS.API) in 19.5063ms
2026-09-05 18:22:42.126 +03:00 [INF] Executed action CMS.API.Controllers.EncountersController.GetPatientEncounters (CMS.API) in 17.7221ms
2026-09-05 18:22:42.131 +03:00 [INF] Executed action CMS.API.Controllers.TriageController.GetLatestPatientVitals (CMS.API) in 15.7422ms
2026-09-05 18:22:42.136 +03:00 [INF] Executed endpoint 'CMS.API.Controllers.MedicalCertificatesController.GetPatientCertificates (CMS.API)'
2026-09-05 18:22:42.140 +03:00 [INF] Executed endpoint 'CMS.API.Controllers.EncountersController.GetPatientEncounters (CMS.API)'
2026-09-05 18:22:42.144 +03:00 [INF] Executed endpoint 'CMS.API.Controllers.TriageController.GetLatestPatientVitals (CMS.API)'
2026-09-05 18:22:42.147 +03:00 [INF] Request finished HTTP/1.1 GET http://localhost:5010/api/v1/medicalcertificates/patient/19 - 200 null application/json; charset=utf-8 96.0244ms
2026-09-05 18:22:42.150 +03:00 [INF] Request finished HTTP/1.1 GET http://localhost:5010/api/v1/encounters/patient/19 - 200 null application/json; charset=utf-8 99.1434ms
2026-09-05 18:22:42.154 +03:00 [INF] Request finished HTTP/1.1 GET http://localhost:5010/api/v1/triage/patient/19/latest - 200 null application/json; charset=utf-8 89.5933ms
2026-09-05 18:23:00.390 +03:00 [INF] Request starting HTTP/1.1 GET http://localhost:5010/api/v1/laboratory/catalog - application/json null
2026-09-05 18:23:00.391 +03:00 [INF] Request starting HTTP/1.1 GET http://localhost:5010/api/v1/laboratory/worklist?date=2026-09-05 - application/json null
2026-09-05 18:23:00.391 +03:00 [INF] Request starting HTTP/1.1 GET http://localhost:5010/api/v1/laboratory/criticals - application/json null
2026-09-05 18:23:00.397 +03:00 [INF] Executing endpoint 'CMS.API.Controllers.LaboratoryController.GetCatalog (CMS.API)'
2026-09-05 18:23:00.404 +03:00 [INF] Executing endpoint 'CMS.API.Controllers.LaboratoryController.GetWorklist (CMS.API)'
2026-09-05 18:23:00.409 +03:00 [INF] Executing endpoint 'CMS.API.Controllers.LaboratoryController.GetCriticals (CMS.API)'
2026-09-05 18:23:00.411 +03:00 [INF] Route matched with {action = "GetCatalog", controller = "Laboratory"}. Executing controller action with signature System.Threading.Tasks.Task`1[Microsoft.AspNetCore.Mvc.IActionResult] GetCatalog() on controller CMS.API.Controllers.LaboratoryController (CMS.API).
2026-09-05 18:23:00.413 +03:00 [INF] Route matched with {action = "GetWorklist", controller = "Laboratory"}. Executing controller action with signature System.Threading.Tasks.Task`1[Microsoft.AspNetCore.Mvc.IActionResult] GetWorklist(System.Nullable`1[System.DateTime], System.Nullable`1[System.Byte]) on controller CMS.API.Controllers.LaboratoryController (CMS.API).
2026-09-05 18:23:00.416 +03:00 [INF] Route matched with {action = "GetCriticals", controller = "Laboratory"}. Executing controller action with signature System.Threading.Tasks.Task`1[Microsoft.AspNetCore.Mvc.IActionResult] GetCriticals() on controller CMS.API.Controllers.LaboratoryController (CMS.API).
2026-09-05 18:23:00.427 +03:00 [INF] Executing OkObjectResult, writing value of type 'CMS.Shared.DTOs.ApiResponse`1[[System.Collections.Generic.List`1[[CMS.Shared.DTOs.LabTestCatalogDto, CMS.Shared, Version=1.0.0.0, Culture=neutral, PublicKeyToken=null]], System.Private.CoreLib, Version=8.0.0.0, Culture=neutral, PublicKeyToken=7cec85d7bea7798e]]'.
2026-09-05 18:23:00.432 +03:00 [INF] Executed action CMS.API.Controllers.LaboratoryController.GetCatalog (CMS.API) in 12.5971ms
2026-09-05 18:23:00.436 +03:00 [INF] Executed endpoint 'CMS.API.Controllers.LaboratoryController.GetCatalog (CMS.API)'
2026-09-05 18:23:00.439 +03:00 [INF] Request finished HTTP/1.1 GET http://localhost:5010/api/v1/laboratory/catalog - 200 null application/json; charset=utf-8 48.8742ms
2026-09-05 18:23:00.488 +03:00 [INF] Executing OkObjectResult, writing value of type 'CMS.Shared.DTOs.ApiResponse`1[[System.Object, System.Private.CoreLib, Version=8.0.0.0, Culture=neutral, PublicKeyToken=7cec85d7bea7798e]]'.
2026-09-05 18:23:00.490 +03:00 [INF] Executing OkObjectResult, writing value of type 'CMS.Shared.DTOs.ApiResponse`1[[System.Object, System.Private.CoreLib, Version=8.0.0.0, Culture=neutral, PublicKeyToken=7cec85d7bea7798e]]'.
2026-09-05 18:23:00.492 +03:00 [INF] Executed action CMS.API.Controllers.LaboratoryController.GetWorklist (CMS.API) in 67.9861ms
2026-09-05 18:23:00.495 +03:00 [INF] Executed action CMS.API.Controllers.LaboratoryController.GetCriticals (CMS.API) in 66.8044ms
2026-09-05 18:23:00.499 +03:00 [INF] Executed endpoint 'CMS.API.Controllers.LaboratoryController.GetWorklist (CMS.API)'
2026-09-05 18:23:00.502 +03:00 [INF] Executed endpoint 'CMS.API.Controllers.LaboratoryController.GetCriticals (CMS.API)'
2026-09-05 18:23:00.504 +03:00 [INF] Request finished HTTP/1.1 GET http://localhost:5010/api/v1/laboratory/worklist?date=2026-09-05 - 200 null application/json; charset=utf-8 113.387ms
2026-09-05 18:23:00.506 +03:00 [INF] Request finished HTTP/1.1 GET http://localhost:5010/api/v1/laboratory/criticals - 200 null application/json; charset=utf-8 115.6547ms
2026-09-05 18:23:00.652 +03:00 [INF] Request starting HTTP/1.1 GET http://localhost:5010/api/v1/laboratory/catalog - application/json null
2026-09-05 18:23:00.659 +03:00 [INF] Executing endpoint 'CMS.API.Controllers.LaboratoryController.GetCatalog (CMS.API)'
2026-09-05 18:23:00.662 +03:00 [INF] Route matched with {action = "GetCatalog", controller = "Laboratory"}. Executing controller action with signature System.Threading.Tasks.Task`1[Microsoft.AspNetCore.Mvc.IActionResult] GetCatalog() on controller CMS.API.Controllers.LaboratoryController (CMS.API).
2026-09-05 18:23:00.668 +03:00 [INF] Executing OkObjectResult, writing value of type 'CMS.Shared.DTOs.ApiResponse`1[[System.Collections.Generic.List`1[[CMS.Shared.DTOs.LabTestCatalogDto, CMS.Shared, Version=1.0.0.0, Culture=neutral, PublicKeyToken=null]], System.Private.CoreLib, Version=8.0.0.0, Culture=neutral, PublicKeyToken=7cec85d7bea7798e]]'.
2026-09-05 18:23:00.671 +03:00 [INF] Executed action CMS.API.Controllers.LaboratoryController.GetCatalog (CMS.API) in 4.8949ms
2026-09-05 18:23:00.674 +03:00 [INF] Executed endpoint 'CMS.API.Controllers.LaboratoryController.GetCatalog (CMS.API)'
2026-09-05 18:23:00.676 +03:00 [INF] Request finished HTTP/1.1 GET http://localhost:5010/api/v1/laboratory/catalog - 200 null application/json; charset=utf-8 23.5814ms
2026-09-05 18:23:00.747 +03:00 [INF] Request starting HTTP/1.1 GET http://localhost:5010/api/v1/laboratory/worklist?date=2026-09-05 - application/json null
2026-09-05 18:23:00.753 +03:00 [INF] Executing endpoint 'CMS.API.Controllers.LaboratoryController.GetWorklist (CMS.API)'
2026-09-05 18:23:00.755 +03:00 [INF] Route matched with {action = "GetWorklist", controller = "Laboratory"}. Executing controller action with signature System.Threading.Tasks.Task`1[Microsoft.AspNetCore.Mvc.IActionResult] GetWorklist(System.Nullable`1[System.DateTime], System.Nullable`1[System.Byte]) on controller CMS.API.Controllers.LaboratoryController (CMS.API).
2026-09-05 18:23:00.762 +03:00 [INF] Executing OkObjectResult, writing value of type 'CMS.Shared.DTOs.ApiResponse`1[[System.Object, System.Private.CoreLib, Version=8.0.0.0, Culture=neutral, PublicKeyToken=7cec85d7bea7798e]]'.
2026-09-05 18:23:00.765 +03:00 [INF] Executed action CMS.API.Controllers.LaboratoryController.GetWorklist (CMS.API) in 4.8506ms
2026-09-05 18:23:00.769 +03:00 [INF] Executed endpoint 'CMS.API.Controllers.LaboratoryController.GetWorklist (CMS.API)'
2026-09-05 18:23:00.772 +03:00 [INF] Request finished HTTP/1.1 GET http://localhost:5010/api/v1/laboratory/worklist?date=2026-09-05 - 200 null application/json; charset=utf-8 25.0526ms
2026-09-05 18:23:00.809 +03:00 [INF] Request starting HTTP/1.1 GET http://localhost:5010/api/v1/laboratory/criticals - application/json null
2026-09-05 18:23:00.815 +03:00 [INF] Executing endpoint 'CMS.API.Controllers.LaboratoryController.GetCriticals (CMS.API)'
2026-09-05 18:23:00.819 +03:00 [INF] Route matched with {action = "GetCriticals", controller = "Laboratory"}. Executing controller action with signature System.Threading.Tasks.Task`1[Microsoft.AspNetCore.Mvc.IActionResult] GetCriticals() on controller CMS.API.Controllers.LaboratoryController (CMS.API).
2026-09-05 18:23:00.824 +03:00 [INF] Executing OkObjectResult, writing value of type 'CMS.Shared.DTOs.ApiResponse`1[[System.Object, System.Private.CoreLib, Version=8.0.0.0, Culture=neutral, PublicKeyToken=7cec85d7bea7798e]]'.
2026-09-05 18:23:00.827 +03:00 [INF] Executed action CMS.API.Controllers.LaboratoryController.GetCriticals (CMS.API) in 4.3717ms
2026-09-05 18:23:00.830 +03:00 [INF] Executed endpoint 'CMS.API.Controllers.LaboratoryController.GetCriticals (CMS.API)'
2026-09-05 18:23:00.832 +03:00 [INF] Request finished HTTP/1.1 GET http://localhost:5010/api/v1/laboratory/criticals - 200 null application/json; charset=utf-8 23.2343ms
2026-09-05 18:23:08.569 +03:00 [INF] Request starting HTTP/1.1 POST http://localhost:5010/api/v1/laboratory/results - application/json 82
2026-09-05 18:23:08.576 +03:00 [INF] CORS policy execution successful.
2026-09-05 18:23:08.579 +03:00 [INF] Executing endpoint 'CMS.API.Controllers.LaboratoryController.EnterResult (CMS.API)'
2026-09-05 18:23:08.589 +03:00 [INF] Route matched with {action = "EnterResult", controller = "Laboratory"}. Executing controller action with signature System.Threading.Tasks.Task`1[Microsoft.AspNetCore.Mvc.IActionResult] EnterResult(CMS.Shared.DTOs.EnterLabResultDto) on controller CMS.API.Controllers.LaboratoryController (CMS.API).
2026-09-05 18:23:08.669 +03:00 [INF] Executed action CMS.API.Controllers.LaboratoryController.EnterResult (CMS.API) in 74.8047ms
2026-09-05 18:23:08.672 +03:00 [INF] Executed endpoint 'CMS.API.Controllers.LaboratoryController.EnterResult (CMS.API)'
2026-09-05 18:23:08.674 +03:00 [ERR] Unhandled exception encountered: Error converting data type varchar to numeric.
Microsoft.Data.SqlClient.SqlException (0x80131904): Error converting data type varchar to numeric.
   at Microsoft.Data.SqlClient.SqlConnection.OnError(SqlException exception, Boolean breakConnection, Action`1 wrapCloseInAction)
   at Microsoft.Data.SqlClient.SqlInternalConnection.OnError(SqlException exception, Boolean breakConnection, Action`1 wrapCloseInAction)
   at Microsoft.Data.SqlClient.TdsParser.ThrowExceptionAndWarning(TdsParserStateObject stateObj, Boolean callerHasConnectionLock, Boolean asyncClose)
   at Microsoft.Data.SqlClient.TdsParser.TryRun(RunBehavior runBehavior, SqlCommand cmdHandler, SqlDataReader dataStream, BulkCopySimpleResultSet bulkCopyHandler, TdsParserStateObject stateObj, Boolean& dataReady)
   at Microsoft.Data.SqlClient.SqlCommand.FinishExecuteReader(SqlDataReader ds, RunBehavior runBehavior, String resetOptionsString, Boolean isInternal, Boolean forDescribeParameterEncryption, Boolean shouldCacheForAlwaysEncrypted)
   at Microsoft.Data.SqlClient.SqlCommand.CompleteAsyncExecuteReader(Boolean isInternal, Boolean forDescribeParameterEncryption)
   at Microsoft.Data.SqlClient.SqlCommand.InternalEndExecuteNonQuery(IAsyncResult asyncResult, Boolean isInternal, String endMethod)
   at Microsoft.Data.SqlClient.SqlCommand.EndExecuteNonQueryInternal(IAsyncResult asyncResult)
   at Microsoft.Data.SqlClient.SqlCommand.EndExecuteNonQueryAsync(IAsyncResult asyncResult)
   at Microsoft.Data.SqlClient.SqlCommand.<>c.<InternalExecuteNonQueryAsync>b__210_1(IAsyncResult result)
   at System.Threading.Tasks.TaskFactory`1.FromAsyncCoreLogic(IAsyncResult iar, Func`2 endFunction, Action`1 endAction, Task`1 promise, Boolean requiresSynchronization)
--- End of stack trace from previous location ---
   at Dapper.SqlMapper.ExecuteImplAsync(IDbConnection cnn, CommandDefinition command, Object param) in /_/Dapper/SqlMapper.Async.cs:line 662
   at CMS.API.Controllers.LaboratoryController.EnterResult(EnterLabResultDto dto) in C:\Users\ASUS\source\repos\CMS\src\CMS.API\Controllers\Controllers.cs:line 247
   at Microsoft.AspNetCore.Mvc.Infrastructure.ActionMethodExecutor.TaskOfIActionResultExecutor.Execute(ActionContext actionContext, IActionResultTypeMapper mapper, ObjectMethodExecutor executor, Object controller, Object[] arguments)
   at Microsoft.AspNetCore.Mvc.Infrastructure.ControllerActionInvoker.<InvokeActionMethodAsync>g__Awaited|12_0(ControllerActionInvoker invoker, ValueTask`1 actionResultValueTask)
   at Microsoft.AspNetCore.Mvc.Infrastructure.ControllerActionInvoker.<InvokeNextActionFilterAsync>g__Awaited|10_0(ControllerActionInvoker invoker, Task lastTask, State next, Scope scope, Object state, Boolean isCompleted)
   at Microsoft.AspNetCore.Mvc.Infrastructure.ControllerActionInvoker.Rethrow(ActionExecutedContextSealed context)
   at Microsoft.AspNetCore.Mvc.Infrastructure.ControllerActionInvoker.Next(State& next, Scope& scope, Object& state, Boolean& isCompleted)
   at Microsoft.AspNetCore.Mvc.Infrastructure.ControllerActionInvoker.<InvokeInnerFilterAsync>g__Awaited|13_0(ControllerActionInvoker invoker, Task lastTask, State next, Scope scope, Object state, Boolean isCompleted)
   at Microsoft.AspNetCore.Mvc.Infrastructure.ResourceInvoker.<InvokeFilterPipelineAsync>g__Awaited|20_0(ResourceInvoker invoker, Task lastTask, State next, Scope scope, Object state, Boolean isCompleted)
   at Microsoft.AspNetCore.Mvc.Infrastructure.ResourceInvoker.<InvokeAsync>g__Logged|17_1(ResourceInvoker invoker)
   at Microsoft.AspNetCore.Mvc.Infrastructure.ResourceInvoker.<InvokeAsync>g__Logged|17_1(ResourceInvoker invoker)
   at Microsoft.AspNetCore.Routing.EndpointMiddleware.<Invoke>g__AwaitRequestTask|7_0(Endpoint endpoint, Task requestTask, ILogger logger)
   at Microsoft.AspNetCore.Authorization.AuthorizationMiddleware.Invoke(HttpContext context)
   at Microsoft.AspNetCore.Authentication.AuthenticationMiddleware.Invoke(HttpContext context)
   at Swashbuckle.AspNetCore.SwaggerUI.SwaggerUIMiddleware.Invoke(HttpContext httpContext)
   at Swashbuckle.AspNetCore.Swagger.SwaggerMiddleware.Invoke(HttpContext httpContext, ISwaggerProvider swaggerProvider)
   at CMS.API.Middleware.TenantMiddleware.InvokeAsync(HttpContext context) in C:\Users\ASUS\source\repos\CMS\src\CMS.API\Middleware\Middlewares.cs:line 26
   at CMS.API.Middleware.ExceptionMiddleware.InvokeAsync(HttpContext context) in C:\Users\ASUS\source\repos\CMS\src\CMS.API\Middleware\Middlewares.cs:line 45
ClientConnectionId:c6ca9d0d-77fd-4115-9dac-8fe9689bd1ff
Error Number:8114,State:5,Class:16
2026-09-05 18:23:08.692 +03:00 [INF] Request finished HTTP/1.1 POST http://localhost:5010/api/v1/laboratory/results - 500 null application/json 123.5156ms
2026-09-05 18:23:13.639 +03:00 [INF] Request starting HTTP/1.1 POST http://localhost:5010/api/v1/laboratory/results - application/json 82
2026-09-05 18:23:13.647 +03:00 [INF] CORS policy execution successful.
2026-09-05 18:23:13.649 +03:00 [INF] Executing endpoint 'CMS.API.Controllers.LaboratoryController.EnterResult (CMS.API)'
2026-09-05 18:23:13.652 +03:00 [INF] Route matched with {action = "EnterResult", controller = "Laboratory"}. Executing controller action with signature System.Threading.Tasks.Task`1[Microsoft.AspNetCore.Mvc.IActionResult] EnterResult(CMS.Shared.DTOs.EnterLabResultDto) on controller CMS.API.Controllers.LaboratoryController (CMS.API).
2026-09-05 18:23:13.660 +03:00 [INF] Executed action CMS.API.Controllers.LaboratoryController.EnterResult (CMS.API) in 3.1805ms
2026-09-05 18:23:13.663 +03:00 [INF] Executed endpoint 'CMS.API.Controllers.LaboratoryController.EnterResult (CMS.API)'
2026-09-05 18:23:13.666 +03:00 [ERR] Unhandled exception encountered: Error converting data type varchar to numeric.
Microsoft.Data.SqlClient.SqlException (0x80131904): Error converting data type varchar to numeric.
   at Microsoft.Data.SqlClient.SqlConnection.OnError(SqlException exception, Boolean breakConnection, Action`1 wrapCloseInAction)
   at Microsoft.Data.SqlClient.SqlInternalConnection.OnError(SqlException exception, Boolean breakConnection, Action`1 wrapCloseInAction)
   at Microsoft.Data.SqlClient.TdsParser.ThrowExceptionAndWarning(TdsParserStateObject stateObj, Boolean callerHasConnectionLock, Boolean asyncClose)
   at Microsoft.Data.SqlClient.TdsParser.TryRun(RunBehavior runBehavior, SqlCommand cmdHandler, SqlDataReader dataStream, BulkCopySimpleResultSet bulkCopyHandler, TdsParserStateObject stateObj, Boolean& dataReady)
   at Microsoft.Data.SqlClient.SqlCommand.FinishExecuteReader(SqlDataReader ds, RunBehavior runBehavior, String resetOptionsString, Boolean isInternal, Boolean forDescribeParameterEncryption, Boolean shouldCacheForAlwaysEncrypted)
   at Microsoft.Data.SqlClient.SqlCommand.CompleteAsyncExecuteReader(Boolean isInternal, Boolean forDescribeParameterEncryption)
   at Microsoft.Data.SqlClient.SqlCommand.InternalEndExecuteNonQuery(IAsyncResult asyncResult, Boolean isInternal, String endMethod)
   at Microsoft.Data.SqlClient.SqlCommand.EndExecuteNonQueryInternal(IAsyncResult asyncResult)
   at Microsoft.Data.SqlClient.SqlCommand.EndExecuteNonQueryAsync(IAsyncResult asyncResult)
   at Microsoft.Data.SqlClient.SqlCommand.<>c.<InternalExecuteNonQueryAsync>b__210_1(IAsyncResult result)
   at System.Threading.Tasks.TaskFactory`1.FromAsyncCoreLogic(IAsyncResult iar, Func`2 endFunction, Action`1 endAction, Task`1 promise, Boolean requiresSynchronization)
--- End of stack trace from previous location ---
   at Dapper.SqlMapper.ExecuteImplAsync(IDbConnection cnn, CommandDefinition command, Object param) in /_/Dapper/SqlMapper.Async.cs:line 662
   at CMS.API.Controllers.LaboratoryController.EnterResult(EnterLabResultDto dto) in C:\Users\ASUS\source\repos\CMS\src\CMS.API\Controllers\Controllers.cs:line 247
   at Microsoft.AspNetCore.Mvc.Infrastructure.ActionMethodExecutor.TaskOfIActionResultExecutor.Execute(ActionContext actionContext, IActionResultTypeMapper mapper, ObjectMethodExecutor executor, Object controller, Object[] arguments)
   at Microsoft.AspNetCore.Mvc.Infrastructure.ControllerActionInvoker.<InvokeActionMethodAsync>g__Awaited|12_0(ControllerActionInvoker invoker, ValueTask`1 actionResultValueTask)
   at Microsoft.AspNetCore.Mvc.Infrastructure.ControllerActionInvoker.<InvokeNextActionFilterAsync>g__Awaited|10_0(ControllerActionInvoker invoker, Task lastTask, State next, Scope scope, Object state, Boolean isCompleted)
   at Microsoft.AspNetCore.Mvc.Infrastructure.ControllerActionInvoker.Rethrow(ActionExecutedContextSealed context)
   at Microsoft.AspNetCore.Mvc.Infrastructure.ControllerActionInvoker.Next(State& next, Scope& scope, Object& state, Boolean& isCompleted)
   at Microsoft.AspNetCore.Mvc.Infrastructure.ControllerActionInvoker.<InvokeInnerFilterAsync>g__Awaited|13_0(ControllerActionInvoker invoker, Task lastTask, State next, Scope scope, Object state, Boolean isCompleted)
   at Microsoft.AspNetCore.Mvc.Infrastructure.ResourceInvoker.<InvokeFilterPipelineAsync>g__Awaited|20_0(ResourceInvoker invoker, Task lastTask, State next, Scope scope, Object state, Boolean isCompleted)
   at Microsoft.AspNetCore.Mvc.Infrastructure.ResourceInvoker.<InvokeAsync>g__Logged|17_1(ResourceInvoker invoker)
   at Microsoft.AspNetCore.Mvc.Infrastructure.ResourceInvoker.<InvokeAsync>g__Logged|17_1(ResourceInvoker invoker)
   at Microsoft.AspNetCore.Routing.EndpointMiddleware.<Invoke>g__AwaitRequestTask|7_0(Endpoint endpoint, Task requestTask, ILogger logger)
   at Microsoft.AspNetCore.Authorization.AuthorizationMiddleware.Invoke(HttpContext context)
   at Microsoft.AspNetCore.Authentication.AuthenticationMiddleware.Invoke(HttpContext context)
   at Swashbuckle.AspNetCore.SwaggerUI.SwaggerUIMiddleware.Invoke(HttpContext httpContext)
   at Swashbuckle.AspNetCore.Swagger.SwaggerMiddleware.Invoke(HttpContext httpContext, ISwaggerProvider swaggerProvider)
   at CMS.API.Middleware.TenantMiddleware.InvokeAsync(HttpContext context) in C:\Users\ASUS\source\repos\CMS\src\CMS.API\Middleware\Middlewares.cs:line 26
   at CMS.API.Middleware.ExceptionMiddleware.InvokeAsync(HttpContext context) in C:\Users\ASUS\source\repos\CMS\src\CMS.API\Middleware\Middlewares.cs:line 45
ClientConnectionId:c6ca9d0d-77fd-4115-9dac-8fe9689bd1ff
Error Number:8114,State:5,Class:16
2026-09-05 18:23:13.684 +03:00 [INF] Request finished HTTP/1.1 POST http://localhost:5010/api/v1/laboratory/results - 500 null application/json 45.4404ms
2026-09-05 18:37:22.986 +03:00 [INF] Application is shutting down...
2026-09-05 18:38:00.431 +03:00 [INF] User profile is available. Using 'C:\Users\ASUS\AppData\Local\ASP.NET\DataProtection-Keys' as key repository and Windows DPAPI to encrypt keys at rest.
2026-09-05 18:38:00.648 +03:00 [INF] Now listening on: http://localhost:5010
2026-09-05 18:38:00.651 +03:00 [INF] Application started. Press Ctrl+C to shut down.
2026-09-05 18:38:00.652 +03:00 [INF] Hosting environment: Development
2026-09-05 18:38:00.652 +03:00 [INF] Content root path: C:\Users\ASUS\source\repos\CMS\src\CMS.API
2026-09-05 22:33:21.885 +03:00 [INF] User profile is available. Using 'C:\Users\ASUS\AppData\Local\ASP.NET\DataProtection-Keys' as key repository and Windows DPAPI to encrypt keys at rest.
2026-09-05 22:33:22.218 +03:00 [INF] Now listening on: http://localhost:5010
2026-09-05 22:33:22.221 +03:00 [INF] Application started. Press Ctrl+C to shut down.
2026-09-05 22:33:22.222 +03:00 [INF] Hosting environment: Development
2026-09-05 22:33:22.222 +03:00 [INF] Content root path: C:\Users\ASUS\source\repos\CMS\src\CMS.API
2026-09-05 22:34:00.490 +03:00 [INF] Request starting HTTP/1.1 POST http://localhost:5010/api/v1/auth/login - application/json 69
2026-09-05 22:34:00.692 +03:00 [INF] Executing endpoint 'CMS.API.Controllers.AuthController.Login (CMS.API)'
2026-09-05 22:34:00.735 +03:00 [INF] Route matched with {action = "Login", controller = "Auth"}. Executing controller action with signature System.Threading.Tasks.Task`1[Microsoft.AspNetCore.Mvc.IActionResult] Login(CMS.Shared.DTOs.LoginRequest) on controller CMS.API.Controllers.AuthController (CMS.API).
2026-09-05 22:34:01.916 +03:00 [INF] Executing OkObjectResult, writing value of type 'CMS.Shared.DTOs.ApiResponse`1[[CMS.Shared.DTOs.LoginResponse, CMS.Shared, Version=1.0.0.0, Culture=neutral, PublicKeyToken=null]]'.
2026-09-05 22:34:01.993 +03:00 [INF] Executed action CMS.API.Controllers.AuthController.Login (CMS.API) in 1249.5545ms
2026-09-05 22:34:02.002 +03:00 [INF] Executed endpoint 'CMS.API.Controllers.AuthController.Login (CMS.API)'
2026-09-05 22:34:02.009 +03:00 [INF] Request finished HTTP/1.1 POST http://localhost:5010/api/v1/auth/login - 200 null application/json; charset=utf-8 1522.2168ms
2026-09-05 22:34:02.043 +03:00 [INF] Request starting HTTP/1.1 GET http://localhost:5010/api/v1/laboratory/orders?patientId=19 - null null
2026-09-05 22:34:02.156 +03:00 [INF] Failed to validate the token.
Microsoft.IdentityModel.Tokens.SecurityTokenSignatureKeyNotFoundException: IDX10517: Signature validation failed. The token's kid is missing. Keys tried: 'Microsoft.IdentityModel.Tokens.SymmetricSecurityKey, KeyId: '', InternalId: 'VNGqhB7kZ75afXrNakqPyb1WYggzQUo6Cgi8Kx2i7Zs'. , KeyId: 
'. Number of keys in TokenValidationParameters: '1'. 
Number of keys in Configuration: '0'. 
Exceptions caught:
 '[PII of type 'System.Text.StringBuilder' is hidden. For more details, see https://aka.ms/IdentityModel/PII.]'.
token: '[PII of type 'Microsoft.IdentityModel.JsonWebTokens.JsonWebToken' is hidden. For more details, see https://aka.ms/IdentityModel/PII.]'. See https://aka.ms/IDX10503 for details.
   at Microsoft.IdentityModel.JsonWebTokens.JsonWebTokenHandler.ValidateSignature(JsonWebToken jwtToken, TokenValidationParameters validationParameters, BaseConfiguration configuration)
   at Microsoft.IdentityModel.JsonWebTokens.JsonWebTokenHandler.ValidateSignatureAndIssuerSecurityKey(JsonWebToken jsonWebToken, TokenValidationParameters validationParameters, BaseConfiguration configuration)
   at Microsoft.IdentityModel.JsonWebTokens.JsonWebTokenHandler.ValidateJWSAsync(JsonWebToken jsonWebToken, TokenValidationParameters validationParameters, BaseConfiguration configuration)
2026-09-05 22:34:02.159 +03:00 [INF] Bearer was not authenticated. Failure message: IDX10517: Signature validation failed. The token's kid is missing. Keys tried: 'Microsoft.IdentityModel.Tokens.SymmetricSecurityKey, KeyId: '', InternalId: 'VNGqhB7kZ75afXrNakqPyb1WYggzQUo6Cgi8Kx2i7Zs'. , KeyId: 
'. Number of keys in TokenValidationParameters: '1'. 
Number of keys in Configuration: '0'. 
Exceptions caught:
 '[PII of type 'System.Text.StringBuilder' is hidden. For more details, see https://aka.ms/IdentityModel/PII.]'.
token: '[PII of type 'Microsoft.IdentityModel.JsonWebTokens.JsonWebToken' is hidden. For more details, see https://aka.ms/IdentityModel/PII.]'. See https://aka.ms/IDX10503 for details.
2026-09-05 22:34:02.160 +03:00 [INF] Executing endpoint 'CMS.API.Controllers.LaboratoryController.GetOrders (CMS.API)'
2026-09-05 22:34:02.170 +03:00 [INF] Route matched with {action = "GetOrders", controller = "Laboratory"}. Executing controller action with signature System.Threading.Tasks.Task`1[Microsoft.AspNetCore.Mvc.IActionResult] GetOrders(System.Nullable`1[System.Int32], System.Nullable`1[System.DateTime]) on controller CMS.API.Controllers.LaboratoryController (CMS.API).
2026-09-05 22:34:02.533 +03:00 [INF] Executing OkObjectResult, writing value of type 'CMS.Shared.DTOs.ApiResponse`1[[System.Object, System.Private.CoreLib, Version=8.0.0.0, Culture=neutral, PublicKeyToken=7cec85d7bea7798e]]'.
2026-09-05 22:34:02.589 +03:00 [INF] Executed action CMS.API.Controllers.LaboratoryController.GetOrders (CMS.API) in 418.8687ms
2026-09-05 22:34:02.590 +03:00 [INF] Executed endpoint 'CMS.API.Controllers.LaboratoryController.GetOrders (CMS.API)'
2026-09-05 22:34:02.591 +03:00 [INF] Request finished HTTP/1.1 GET http://localhost:5010/api/v1/laboratory/orders?patientId=19 - 200 null application/json; charset=utf-8 547.5262ms
2026-09-05 22:34:02.632 +03:00 [INF] Request starting HTTP/1.1 GET http://localhost:5010/api/v1/billing/invoices - null null
2026-09-05 22:34:02.640 +03:00 [INF] Failed to validate the token.
Microsoft.IdentityModel.Tokens.SecurityTokenSignatureKeyNotFoundException: IDX10517: Signature validation failed. The token's kid is missing. Keys tried: 'Microsoft.IdentityModel.Tokens.SymmetricSecurityKey, KeyId: '', InternalId: 'VNGqhB7kZ75afXrNakqPyb1WYggzQUo6Cgi8Kx2i7Zs'. , KeyId: 
'. Number of keys in TokenValidationParameters: '1'. 
Number of keys in Configuration: '0'. 
Exceptions caught:
 '[PII of type 'System.Text.StringBuilder' is hidden. For more details, see https://aka.ms/IdentityModel/PII.]'.
token: '[PII of type 'Microsoft.IdentityModel.JsonWebTokens.JsonWebToken' is hidden. For more details, see https://aka.ms/IdentityModel/PII.]'. See https://aka.ms/IDX10503 for details.
   at Microsoft.IdentityModel.JsonWebTokens.JsonWebTokenHandler.ValidateSignature(JsonWebToken jwtToken, TokenValidationParameters validationParameters, BaseConfiguration configuration)
   at Microsoft.IdentityModel.JsonWebTokens.JsonWebTokenHandler.ValidateSignatureAndIssuerSecurityKey(JsonWebToken jsonWebToken, TokenValidationParameters validationParameters, BaseConfiguration configuration)
   at Microsoft.IdentityModel.JsonWebTokens.JsonWebTokenHandler.ValidateJWSAsync(JsonWebToken jsonWebToken, TokenValidationParameters validationParameters, BaseConfiguration configuration)
2026-09-05 22:34:02.641 +03:00 [INF] Bearer was not authenticated. Failure message: IDX10517: Signature validation failed. The token's kid is missing. Keys tried: 'Microsoft.IdentityModel.Tokens.SymmetricSecurityKey, KeyId: '', InternalId: 'VNGqhB7kZ75afXrNakqPyb1WYggzQUo6Cgi8Kx2i7Zs'. , KeyId: 
'. Number of keys in TokenValidationParameters: '1'. 
Number of keys in Configuration: '0'. 
Exceptions caught:
 '[PII of type 'System.Text.StringBuilder' is hidden. For more details, see https://aka.ms/IdentityModel/PII.]'.
token: '[PII of type 'Microsoft.IdentityModel.JsonWebTokens.JsonWebToken' is hidden. For more details, see https://aka.ms/IdentityModel/PII.]'. See https://aka.ms/IDX10503 for details.
2026-09-05 22:34:02.641 +03:00 [INF] Executing endpoint 'CMS.API.Controllers.BillingController.GetInvoices (CMS.API)'
2026-09-05 22:34:02.648 +03:00 [INF] Route matched with {action = "GetInvoices", controller = "Billing"}. Executing controller action with signature System.Threading.Tasks.Task`1[Microsoft.AspNetCore.Mvc.IActionResult] GetInvoices() on controller CMS.API.Controllers.BillingController (CMS.API).
2026-09-05 22:34:02.791 +03:00 [INF] Executing OkObjectResult, writing value of type 'CMS.Shared.DTOs.ApiResponse`1[[System.Collections.Generic.List`1[[CMS.Shared.DTOs.InvoiceDto, CMS.Shared, Version=1.0.0.0, Culture=neutral, PublicKeyToken=null]], System.Private.CoreLib, Version=8.0.0.0, Culture=neutral, PublicKeyToken=7cec85d7bea7798e]]'.
2026-09-05 22:34:02.822 +03:00 [INF] Executed action CMS.API.Controllers.BillingController.GetInvoices (CMS.API) in 173.451ms
2026-09-05 22:34:02.823 +03:00 [INF] Executed endpoint 'CMS.API.Controllers.BillingController.GetInvoices (CMS.API)'
2026-09-05 22:34:02.823 +03:00 [INF] Request finished HTTP/1.1 GET http://localhost:5010/api/v1/billing/invoices - 200 null application/json; charset=utf-8 191.3477ms
2026-09-05 22:34:02.894 +03:00 [INF] Request starting HTTP/1.1 POST http://localhost:5010/api/v1/billing/payments - application/json 188
2026-09-05 22:34:02.897 +03:00 [INF] Failed to validate the token.
Microsoft.IdentityModel.Tokens.SecurityTokenSignatureKeyNotFoundException: IDX10517: Signature validation failed. The token's kid is missing. Keys tried: 'Microsoft.IdentityModel.Tokens.SymmetricSecurityKey, KeyId: '', InternalId: 'VNGqhB7kZ75afXrNakqPyb1WYggzQUo6Cgi8Kx2i7Zs'. , KeyId: 
'. Number of keys in TokenValidationParameters: '1'. 
Number of keys in Configuration: '0'. 
Exceptions caught:
 '[PII of type 'System.Text.StringBuilder' is hidden. For more details, see https://aka.ms/IdentityModel/PII.]'.
token: '[PII of type 'Microsoft.IdentityModel.JsonWebTokens.JsonWebToken' is hidden. For more details, see https://aka.ms/IdentityModel/PII.]'. See https://aka.ms/IDX10503 for details.
   at Microsoft.IdentityModel.JsonWebTokens.JsonWebTokenHandler.ValidateSignature(JsonWebToken jwtToken, TokenValidationParameters validationParameters, BaseConfiguration configuration)
   at Microsoft.IdentityModel.JsonWebTokens.JsonWebTokenHandler.ValidateSignatureAndIssuerSecurityKey(JsonWebToken jsonWebToken, TokenValidationParameters validationParameters, BaseConfiguration configuration)
   at Microsoft.IdentityModel.JsonWebTokens.JsonWebTokenHandler.ValidateJWSAsync(JsonWebToken jsonWebToken, TokenValidationParameters validationParameters, BaseConfiguration configuration)
2026-09-05 22:34:02.898 +03:00 [INF] Bearer was not authenticated. Failure message: IDX10517: Signature validation failed. The token's kid is missing. Keys tried: 'Microsoft.IdentityModel.Tokens.SymmetricSecurityKey, KeyId: '', InternalId: 'VNGqhB7kZ75afXrNakqPyb1WYggzQUo6Cgi8Kx2i7Zs'. , KeyId: 
'. Number of keys in TokenValidationParameters: '1'. 
Number of keys in Configuration: '0'. 
Exceptions caught:
 '[PII of type 'System.Text.StringBuilder' is hidden. For more details, see https://aka.ms/IdentityModel/PII.]'.
token: '[PII of type 'Microsoft.IdentityModel.JsonWebTokens.JsonWebToken' is hidden. For more details, see https://aka.ms/IdentityModel/PII.]'. See https://aka.ms/IDX10503 for details.
2026-09-05 22:34:02.899 +03:00 [INF] Executing endpoint 'CMS.API.Controllers.BillingController.ProcessPayment (CMS.API)'
2026-09-05 22:34:02.908 +03:00 [INF] Route matched with {action = "ProcessPayment", controller = "Billing"}. Executing controller action with signature System.Threading.Tasks.Task`1[Microsoft.AspNetCore.Mvc.IActionResult] ProcessPayment(CMS.Shared.DTOs.ProcessPaymentDto) on controller CMS.API.Controllers.BillingController (CMS.API).
2026-09-05 22:34:02.998 +03:00 [INF] Executing OkObjectResult, writing value of type 'CMS.Shared.DTOs.ApiResponse`1[[System.String, System.Private.CoreLib, Version=8.0.0.0, Culture=neutral, PublicKeyToken=7cec85d7bea7798e]]'.
2026-09-05 22:34:03.001 +03:00 [INF] Executed action CMS.API.Controllers.BillingController.ProcessPayment (CMS.API) in 93.2861ms
2026-09-05 22:34:03.002 +03:00 [INF] Executed endpoint 'CMS.API.Controllers.BillingController.ProcessPayment (CMS.API)'
2026-09-05 22:34:03.002 +03:00 [INF] Request finished HTTP/1.1 POST http://localhost:5010/api/v1/billing/payments - 200 null application/json; charset=utf-8 107.7368ms
2026-09-05 22:34:03.008 +03:00 [INF] Request starting HTTP/1.1 GET http://localhost:5010/api/v1/billing/invoices - null null
2026-09-05 22:34:03.009 +03:00 [INF] Failed to validate the token.
Microsoft.IdentityModel.Tokens.SecurityTokenSignatureKeyNotFoundException: IDX10517: Signature validation failed. The token's kid is missing. Keys tried: 'Microsoft.IdentityModel.Tokens.SymmetricSecurityKey, KeyId: '', InternalId: 'VNGqhB7kZ75afXrNakqPyb1WYggzQUo6Cgi8Kx2i7Zs'. , KeyId: 
'. Number of keys in TokenValidationParameters: '1'. 
Number of keys in Configuration: '0'. 
Exceptions caught:
 '[PII of type 'System.Text.StringBuilder' is hidden. For more details, see https://aka.ms/IdentityModel/PII.]'.
token: '[PII of type 'Microsoft.IdentityModel.JsonWebTokens.JsonWebToken' is hidden. For more details, see https://aka.ms/IdentityModel/PII.]'. See https://aka.ms/IDX10503 for details.
   at Microsoft.IdentityModel.JsonWebTokens.JsonWebTokenHandler.ValidateSignature(JsonWebToken jwtToken, TokenValidationParameters validationParameters, BaseConfiguration configuration)
   at Microsoft.IdentityModel.JsonWebTokens.JsonWebTokenHandler.ValidateSignatureAndIssuerSecurityKey(JsonWebToken jsonWebToken, TokenValidationParameters validationParameters, BaseConfiguration configuration)
   at Microsoft.IdentityModel.JsonWebTokens.JsonWebTokenHandler.ValidateJWSAsync(JsonWebToken jsonWebToken, TokenValidationParameters validationParameters, BaseConfiguration configuration)
2026-09-05 22:34:03.010 +03:00 [INF] Bearer was not authenticated. Failure message: IDX10517: Signature validation failed. The token's kid is missing. Keys tried: 'Microsoft.IdentityModel.Tokens.SymmetricSecurityKey, KeyId: '', InternalId: 'VNGqhB7kZ75afXrNakqPyb1WYggzQUo6Cgi8Kx2i7Zs'. , KeyId: 
'. Number of keys in TokenValidationParameters: '1'. 
Number of keys in Configuration: '0'. 
Exceptions caught:
 '[PII of type 'System.Text.StringBuilder' is hidden. For more details, see https://aka.ms/IdentityModel/PII.]'.
token: '[PII of type 'Microsoft.IdentityModel.JsonWebTokens.JsonWebToken' is hidden. For more details, see https://aka.ms/IdentityModel/PII.]'. See https://aka.ms/IDX10503 for details.
2026-09-05 22:34:03.010 +03:00 [INF] Executing endpoint 'CMS.API.Controllers.BillingController.GetInvoices (CMS.API)'
2026-09-05 22:34:03.011 +03:00 [INF] Route matched with {action = "GetInvoices", controller = "Billing"}. Executing controller action with signature System.Threading.Tasks.Task`1[Microsoft.AspNetCore.Mvc.IActionResult] GetInvoices() on controller CMS.API.Controllers.BillingController (CMS.API).
2026-09-05 22:34:03.018 +03:00 [INF] Executing OkObjectResult, writing value of type 'CMS.Shared.DTOs.ApiResponse`1[[System.Collections.Generic.List`1[[CMS.Shared.DTOs.InvoiceDto, CMS.Shared, Version=1.0.0.0, Culture=neutral, PublicKeyToken=null]], System.Private.CoreLib, Version=8.0.0.0, Culture=neutral, PublicKeyToken=7cec85d7bea7798e]]'.
2026-09-05 22:34:03.019 +03:00 [INF] Executed action CMS.API.Controllers.BillingController.GetInvoices (CMS.API) in 7.873ms
2026-09-05 22:34:03.019 +03:00 [INF] Executed endpoint 'CMS.API.Controllers.BillingController.GetInvoices (CMS.API)'
2026-09-05 22:34:03.019 +03:00 [INF] Request finished HTTP/1.1 GET http://localhost:5010/api/v1/billing/invoices - 200 null application/json; charset=utf-8 11.8253ms
