2026-09-04 13:33:42.437 +03:00 [INF] Application is shutting down...
2026-09-04 13:34:23.282 +03:00 [INF] User profile is available. Using 'C:\Users\ASUS\AppData\Local\ASP.NET\DataProtection-Keys' as key repository and Windows DPAPI to encrypt keys at rest.
2026-09-04 13:34:23.791 +03:00 [INF] Now listening on: http://localhost:5010
2026-09-04 13:34:23.802 +03:00 [INF] Application started. Press Ctrl+C to shut down.
2026-09-04 13:34:23.806 +03:00 [INF] Hosting environment: Development
2026-09-04 13:34:23.812 +03:00 [INF] Content root path: C:\Users\ASUS\source\repos\CMS\src\CMS.API
2026-09-04 13:35:17.433 +03:00 [INF] Application is shutting down...
2026-09-04 14:04:14.736 +03:00 [INF] User profile is available. Using 'C:\Users\ASUS\AppData\Local\ASP.NET\DataProtection-Keys' as key repository and Windows DPAPI to encrypt keys at rest.
2026-09-04 14:04:14.974 +03:00 [INF] Now listening on: http://localhost:5010
2026-09-04 14:04:14.982 +03:00 [INF] Application started. Press Ctrl+C to shut down.
2026-09-04 14:04:14.986 +03:00 [INF] Hosting environment: Development
2026-09-04 14:04:14.990 +03:00 [INF] Content root path: C:\Users\ASUS\source\repos\CMS\src\CMS.API
2026-09-04 14:04:34.052 +03:00 [INF] Request starting HTTP/1.1 GET http://localhost:5010/api/v1/dashboard/metrics - null null
2026-09-04 14:04:34.340 +03:00 [INF] Failed to validate the token.
Microsoft.IdentityModel.Tokens.SecurityTokenMalformedException: IDX14120: JWT is not well formed, there is only one dot (.).
The token needs to be in JWS or JWE Compact Serialization Format. (JWS): 'EncodedHeader.EncodedPayload.EncodedSignature'. (JWE): 'EncodedProtectedHeader.EncodedEncryptedKey.EncodedInitializationVector.EncodedCiphertext.EncodedAuthenticationTag'.
   at Microsoft.IdentityModel.JsonWebTokens.JsonWebToken.ReadToken(ReadOnlyMemory`1 encodedTokenMemory)
   at Microsoft.IdentityModel.JsonWebTokens.JsonWebToken..ctor(String jwtEncodedString)
   at Microsoft.IdentityModel.JsonWebTokens.JsonWebTokenHandler.ReadToken(String token, TokenValidationParameters validationParameters)
2026-09-04 14:04:34.366 +03:00 [INF] Bearer was not authenticated. Failure message: IDX14120: JWT is not well formed, there is only one dot (.).
The token needs to be in JWS or JWE Compact Serialization Format. (JWS): 'EncodedHeader.EncodedPayload.EncodedSignature'. (JWE): 'EncodedProtectedHeader.EncodedEncryptedKey.EncodedInitializationVector.EncodedCiphertext.EncodedAuthenticationTag'.
2026-09-04 14:04:34.379 +03:00 [INF] Executing endpoint 'CMS.API.Controllers.DashboardController.GetMetrics (CMS.API)'
2026-09-04 14:04:34.425 +03:00 [INF] Route matched with {action = "GetMetrics", controller = "Dashboard"}. Executing controller action with signature System.Threading.Tasks.Task`1[Microsoft.AspNetCore.Mvc.IActionResult] GetMetrics() on controller CMS.API.Controllers.DashboardController (CMS.API).
2026-09-04 14:04:35.533 +03:00 [INF] Executing OkObjectResult, writing value of type 'CMS.Shared.DTOs.ApiResponse`1[[CMS.Shared.DTOs.DashboardMetricsDto, CMS.Shared, Version=1.0.0.0, Culture=neutral, PublicKeyToken=null]]'.
2026-09-04 14:04:35.689 +03:00 [INF] Executed action CMS.API.Controllers.DashboardController.GetMetrics (CMS.API) in 1244.9793ms
2026-09-04 14:04:35.693 +03:00 [INF] Request starting HTTP/1.1 GET http://localhost:5010/api/v1/dashboard/metrics - null null
2026-09-04 14:04:35.695 +03:00 [INF] Executed endpoint 'CMS.API.Controllers.DashboardController.GetMetrics (CMS.API)'
2026-09-04 14:04:35.718 +03:00 [INF] Request finished HTTP/1.1 GET http://localhost:5010/api/v1/dashboard/metrics - 200 null application/json; charset=utf-8 1675.3035ms
2026-09-04 14:04:35.719 +03:00 [INF] Failed to validate the token.
Microsoft.IdentityModel.Tokens.SecurityTokenMalformedException: IDX14120: JWT is not well formed, there is only one dot (.).
The token needs to be in JWS or JWE Compact Serialization Format. (JWS): 'EncodedHeader.EncodedPayload.EncodedSignature'. (JWE): 'EncodedProtectedHeader.EncodedEncryptedKey.EncodedInitializationVector.EncodedCiphertext.EncodedAuthenticationTag'.
   at Microsoft.IdentityModel.JsonWebTokens.JsonWebToken.ReadToken(ReadOnlyMemory`1 encodedTokenMemory)
   at Microsoft.IdentityModel.JsonWebTokens.JsonWebToken..ctor(String jwtEncodedString)
   at Microsoft.IdentityModel.JsonWebTokens.JsonWebTokenHandler.ReadToken(String token, TokenValidationParameters validationParameters)
2026-09-04 14:04:35.740 +03:00 [INF] Bearer was not authenticated. Failure message: IDX14120: JWT is not well formed, there is only one dot (.).
The token needs to be in JWS or JWE Compact Serialization Format. (JWS): 'EncodedHeader.EncodedPayload.EncodedSignature'. (JWE): 'EncodedProtectedHeader.EncodedEncryptedKey.EncodedInitializationVector.EncodedCiphertext.EncodedAuthenticationTag'.
2026-09-04 14:04:35.746 +03:00 [INF] Executing endpoint 'CMS.API.Controllers.DashboardController.GetMetrics (CMS.API)'
2026-09-04 14:04:35.751 +03:00 [INF] Route matched with {action = "GetMetrics", controller = "Dashboard"}. Executing controller action with signature System.Threading.Tasks.Task`1[Microsoft.AspNetCore.Mvc.IActionResult] GetMetrics() on controller CMS.API.Controllers.DashboardController (CMS.API).
2026-09-04 14:04:35.976 +03:00 [INF] Executing OkObjectResult, writing value of type 'CMS.Shared.DTOs.ApiResponse`1[[CMS.Shared.DTOs.DashboardMetricsDto, CMS.Shared, Version=1.0.0.0, Culture=neutral, PublicKeyToken=null]]'.
2026-09-04 14:04:35.983 +03:00 [INF] Executed action CMS.API.Controllers.DashboardController.GetMetrics (CMS.API) in 223.6006ms
2026-09-04 14:04:35.989 +03:00 [INF] Executed endpoint 'CMS.API.Controllers.DashboardController.GetMetrics (CMS.API)'
2026-09-04 14:04:36.008 +03:00 [INF] Request finished HTTP/1.1 GET http://localhost:5010/api/v1/dashboard/metrics - 200 null application/json; charset=utf-8 314.8019ms
2026-09-04 14:04:44.054 +03:00 [INF] Request starting HTTP/1.1 GET http://localhost:5010/api/v1/patients/search?q= - application/json null
2026-09-04 14:04:44.076 +03:00 [INF] Failed to validate the token.
Microsoft.IdentityModel.Tokens.SecurityTokenMalformedException: IDX14120: JWT is not well formed, there is only one dot (.).
The token needs to be in JWS or JWE Compact Serialization Format. (JWS): 'EncodedHeader.EncodedPayload.EncodedSignature'. (JWE): 'EncodedProtectedHeader.EncodedEncryptedKey.EncodedInitializationVector.EncodedCiphertext.EncodedAuthenticationTag'.
   at Microsoft.IdentityModel.JsonWebTokens.JsonWebToken.ReadToken(ReadOnlyMemory`1 encodedTokenMemory)
   at Microsoft.IdentityModel.JsonWebTokens.JsonWebToken..ctor(String jwtEncodedString)
   at Microsoft.IdentityModel.JsonWebTokens.JsonWebTokenHandler.ReadToken(String token, TokenValidationParameters validationParameters)
2026-09-04 14:04:44.100 +03:00 [INF] Bearer was not authenticated. Failure message: IDX14120: JWT is not well formed, there is only one dot (.).
The token needs to be in JWS or JWE Compact Serialization Format. (JWS): 'EncodedHeader.EncodedPayload.EncodedSignature'. (JWE): 'EncodedProtectedHeader.EncodedEncryptedKey.EncodedInitializationVector.EncodedCiphertext.EncodedAuthenticationTag'.
2026-09-04 14:04:44.103 +03:00 [INF] Executing endpoint 'CMS.API.Controllers.PatientsController.Search (CMS.API)'
2026-09-04 14:04:44.137 +03:00 [INF] Route matched with {action = "Search", controller = "Patients"}. Executing controller action with signature System.Threading.Tasks.Task`1[Microsoft.AspNetCore.Mvc.IActionResult] Search(System.String, Int32) on controller CMS.API.Controllers.PatientsController (CMS.API).
2026-09-04 14:04:44.475 +03:00 [INF] Executing OkObjectResult, writing value of type 'CMS.Shared.DTOs.ApiResponse`1[[System.Collections.Generic.List`1[[CMS.Shared.DTOs.PatientDto, CMS.Shared, Version=1.0.0.0, Culture=neutral, PublicKeyToken=null]], System.Private.CoreLib, Version=8.0.0.0, Culture=neutral, PublicKeyToken=7cec85d7bea7798e]]'.
2026-09-04 14:04:44.504 +03:00 [INF] Executed action CMS.API.Controllers.PatientsController.Search (CMS.API) in 359.726ms
2026-09-04 14:04:44.510 +03:00 [INF] Executed endpoint 'CMS.API.Controllers.PatientsController.Search (CMS.API)'
2026-09-04 14:04:44.514 +03:00 [INF] Request finished HTTP/1.1 GET http://localhost:5010/api/v1/patients/search?q= - 200 null application/json; charset=utf-8 459.3622ms
2026-09-04 14:04:46.432 +03:00 [INF] Request starting HTTP/1.1 GET http://localhost:5010/api/v1/staff/doctors - application/json null
2026-09-04 14:04:46.452 +03:00 [INF] Failed to validate the token.
Microsoft.IdentityModel.Tokens.SecurityTokenMalformedException: IDX14120: JWT is not well formed, there is only one dot (.).
The token needs to be in JWS or JWE Compact Serialization Format. (JWS): 'EncodedHeader.EncodedPayload.EncodedSignature'. (JWE): 'EncodedProtectedHeader.EncodedEncryptedKey.EncodedInitializationVector.EncodedCiphertext.EncodedAuthenticationTag'.
   at Microsoft.IdentityModel.JsonWebTokens.JsonWebToken.ReadToken(ReadOnlyMemory`1 encodedTokenMemory)
   at Microsoft.IdentityModel.JsonWebTokens.JsonWebToken..ctor(String jwtEncodedString)
   at Microsoft.IdentityModel.JsonWebTokens.JsonWebTokenHandler.ReadToken(String token, TokenValidationParameters validationParameters)
2026-09-04 14:04:46.465 +03:00 [INF] Bearer was not authenticated. Failure message: IDX14120: JWT is not well formed, there is only one dot (.).
The token needs to be in JWS or JWE Compact Serialization Format. (JWS): 'EncodedHeader.EncodedPayload.EncodedSignature'. (JWE): 'EncodedProtectedHeader.EncodedEncryptedKey.EncodedInitializationVector.EncodedCiphertext.EncodedAuthenticationTag'.
2026-09-04 14:04:46.471 +03:00 [INF] Executing endpoint 'CMS.API.Controllers.StaffController.GetDoctors (CMS.API)'
2026-09-04 14:04:46.485 +03:00 [INF] Route matched with {action = "GetDoctors", controller = "Staff"}. Executing controller action with signature System.Threading.Tasks.Task`1[Microsoft.AspNetCore.Mvc.IActionResult] GetDoctors() on controller CMS.API.Controllers.StaffController (CMS.API).
2026-09-04 14:04:46.569 +03:00 [INF] Executed action CMS.API.Controllers.StaffController.GetDoctors (CMS.API) in 74.612ms
2026-09-04 14:04:46.577 +03:00 [INF] Executed endpoint 'CMS.API.Controllers.StaffController.GetDoctors (CMS.API)'
2026-09-04 14:04:46.622 +03:00 [ERR] Unhandled exception encountered: A parameterless default constructor or one matching signature (System.Int32 Id, System.Int32 StaffId, System.String StaffCode, System.String DoctorName, System.String LicenseNumber, System.Int16 SpecializationId, System.String SpecializationName, System.String SubSpecialization, System.Decimal ConsultationFee, System.Boolean IsAvailable) is required for CMS.Shared.DTOs.DoctorDto materialization
System.InvalidOperationException: A parameterless default constructor or one matching signature (System.Int32 Id, System.Int32 StaffId, System.String StaffCode, System.String DoctorName, System.String LicenseNumber, System.Int16 SpecializationId, System.String SpecializationName, System.String SubSpecialization, System.Decimal ConsultationFee, System.Boolean IsAvailable) is required for CMS.Shared.DTOs.DoctorDto materialization
   at Dapper.SqlMapper.GenerateDeserializerFromMap(Type type, DbDataReader reader, Int32 startBound, Int32 length, Boolean returnNullIfFirstMissing, ILGenerator il) in /_/Dapper/SqlMapper.cs:line 3473
   at Dapper.SqlMapper.GetTypeDeserializerImpl(Type type, DbDataReader reader, Int32 startBound, Int32 length, Boolean returnNullIfFirstMissing) in /_/Dapper/SqlMapper.cs:line 3304
   at Dapper.SqlMapper.TypeDeserializerCache.GetReader(DbDataReader reader, Int32 startBound, Int32 length, Boolean returnNullIfFirstMissing) in /_/Dapper/SqlMapper.TypeDeserializerCache.cs:line 151
   at Dapper.SqlMapper.TypeDeserializerCache.GetReader(Type type, DbDataReader reader, Int32 startBound, Int32 length, Boolean returnNullIfFirstMissing) in /_/Dapper/SqlMapper.TypeDeserializerCache.cs:line 50
   at Dapper.SqlMapper.GetTypeDeserializer(Type type, DbDataReader reader, Int32 startBound, Int32 length, Boolean returnNullIfFirstMissing) in /_/Dapper/SqlMapper.cs:line 3258
   at Dapper.SqlMapper.GetDeserializer(Type type, DbDataReader reader, Int32 startBound, Int32 length, Boolean returnNullIfFirstMissing) in /_/Dapper/SqlMapper.cs:line 1945
   at Dapper.SqlMapper.QueryAsync[T](IDbConnection cnn, Type effectiveType, CommandDefinition command) in /_/Dapper/SqlMapper.Async.cs:line 442
   at CMS.Application.StaffServices.StaffAndDoctorService.GetDoctorsAsync(Byte tenantId) in C:\Users\ASUS\source\repos\CMS\src\CMS.Application\StaffServices\StaffAndDoctorService.cs:line 35
   at CMS.API.Controllers.StaffController.GetDoctors() in C:\Users\ASUS\source\repos\CMS\src\CMS.API\Controllers\ClinicalControllers.cs:line 24
   at Microsoft.AspNetCore.Mvc.Infrastructure.ActionMethodExecutor.TaskOfIActionResultExecutor.Execute(ActionContext actionContext, IActionResultTypeMapper mapper, ObjectMethodExecutor executor, Object controller, Object[] arguments)
   at Microsoft.AspNetCore.Mvc.Infrastructure.ControllerActionInvoker.<InvokeActionMethodAsync>g__Awaited|12_0(ControllerActionInvoker invoker, ValueTask`1 actionResultValueTask)
   at Microsoft.AspNetCore.Mvc.Infrastructure.ControllerActionInvoker.<InvokeNextActionFilterAsync>g__Awaited|10_0(ControllerActionInvoker invoker, Task lastTask, State next, Scope scope, Object state, Boolean isCompleted)
   at Microsoft.AspNetCore.Mvc.Infrastructure.ControllerActionInvoker.Rethrow(ActionExecutedContextSealed context)
   at Microsoft.AspNetCore.Mvc.Infrastructure.ControllerActionInvoker.Next(State& next, Scope& scope, Object& state, Boolean& isCompleted)
   at Microsoft.AspNetCore.Mvc.Infrastructure.ControllerActionInvoker.<InvokeInnerFilterAsync>g__Awaited|13_0(ControllerActionInvoker invoker, Task lastTask, State next, Scope scope, Object state, Boolean isCompleted)
   at Microsoft.AspNetCore.Mvc.Infrastructure.ResourceInvoker.<InvokeFilterPipelineAsync>g__Awaited|20_0(ResourceInvoker invoker, Task lastTask, State next, Scope scope, Object state, Boolean isCompleted)
   at Microsoft.AspNetCore.Mvc.Infrastructure.ResourceInvoker.<InvokeAsync>g__Logged|17_1(ResourceInvoker invoker)
   at Microsoft.AspNetCore.Mvc.Infrastructure.ResourceInvoker.<InvokeAsync>g__Logged|17_1(ResourceInvoker invoker)
   at Microsoft.AspNetCore.Routing.EndpointMiddleware.<Invoke>g__AwaitRequestTask|7_0(Endpoint endpoint, Task requestTask, ILogger logger)
   at Microsoft.AspNetCore.Authorization.AuthorizationMiddleware.Invoke(HttpContext context)
   at Microsoft.AspNetCore.Authentication.AuthenticationMiddleware.Invoke(HttpContext context)
   at Swashbuckle.AspNetCore.SwaggerUI.SwaggerUIMiddleware.Invoke(HttpContext httpContext)
   at Swashbuckle.AspNetCore.Swagger.SwaggerMiddleware.Invoke(HttpContext httpContext, ISwaggerProvider swaggerProvider)
   at CMS.API.Middleware.TenantMiddleware.InvokeAsync(HttpContext context) in C:\Users\ASUS\source\repos\CMS\src\CMS.API\Middleware\Middlewares.cs:line 26
   at CMS.API.Middleware.ExceptionMiddleware.InvokeAsync(HttpContext context) in C:\Users\ASUS\source\repos\CMS\src\CMS.API\Middleware\Middlewares.cs:line 45
2026-09-04 14:04:46.780 +03:00 [INF] Request starting HTTP/1.1 GET http://localhost:5010/api/v1/patients/search - application/json null
2026-09-04 14:04:46.780 +03:00 [INF] Request starting HTTP/1.1 GET http://localhost:5010/api/v1/triage/queue?date=2026-09-04 - application/json null
2026-09-04 14:04:46.872 +03:00 [INF] Request finished HTTP/1.1 GET http://localhost:5010/api/v1/staff/doctors - 500 null application/json 439.483ms
2026-09-04 14:04:46.874 +03:00 [INF] Failed to validate the token.
Microsoft.IdentityModel.Tokens.SecurityTokenMalformedException: IDX14120: JWT is not well formed, there is only one dot (.).
The token needs to be in JWS or JWE Compact Serialization Format. (JWS): 'EncodedHeader.EncodedPayload.EncodedSignature'. (JWE): 'EncodedProtectedHeader.EncodedEncryptedKey.EncodedInitializationVector.EncodedCiphertext.EncodedAuthenticationTag'.
   at Microsoft.IdentityModel.JsonWebTokens.JsonWebToken.ReadToken(ReadOnlyMemory`1 encodedTokenMemory)
   at Microsoft.IdentityModel.JsonWebTokens.JsonWebToken..ctor(String jwtEncodedString)
   at Microsoft.IdentityModel.JsonWebTokens.JsonWebTokenHandler.ReadToken(String token, TokenValidationParameters validationParameters)
2026-09-04 14:04:46.883 +03:00 [INF] Failed to validate the token.
Microsoft.IdentityModel.Tokens.SecurityTokenMalformedException: IDX14120: JWT is not well formed, there is only one dot (.).
The token needs to be in JWS or JWE Compact Serialization Format. (JWS): 'EncodedHeader.EncodedPayload.EncodedSignature'. (JWE): 'EncodedProtectedHeader.EncodedEncryptedKey.EncodedInitializationVector.EncodedCiphertext.EncodedAuthenticationTag'.
   at Microsoft.IdentityModel.JsonWebTokens.JsonWebToken.ReadToken(ReadOnlyMemory`1 encodedTokenMemory)
   at Microsoft.IdentityModel.JsonWebTokens.JsonWebToken..ctor(String jwtEncodedString)
   at Microsoft.IdentityModel.JsonWebTokens.JsonWebTokenHandler.ReadToken(String token, TokenValidationParameters validationParameters)
2026-09-04 14:04:46.902 +03:00 [INF] Bearer was not authenticated. Failure message: IDX14120: JWT is not well formed, there is only one dot (.).
The token needs to be in JWS or JWE Compact Serialization Format. (JWS): 'EncodedHeader.EncodedPayload.EncodedSignature'. (JWE): 'EncodedProtectedHeader.EncodedEncryptedKey.EncodedInitializationVector.EncodedCiphertext.EncodedAuthenticationTag'.
2026-09-04 14:04:46.909 +03:00 [INF] Bearer was not authenticated. Failure message: IDX14120: JWT is not well formed, there is only one dot (.).
The token needs to be in JWS or JWE Compact Serialization Format. (JWS): 'EncodedHeader.EncodedPayload.EncodedSignature'. (JWE): 'EncodedProtectedHeader.EncodedEncryptedKey.EncodedInitializationVector.EncodedCiphertext.EncodedAuthenticationTag'.
2026-09-04 14:04:46.917 +03:00 [INF] Executing endpoint 'CMS.API.Controllers.PatientsController.Search (CMS.API)'
2026-09-04 14:04:46.921 +03:00 [INF] Executing endpoint 'CMS.API.Controllers.TriageController.GetQueue (CMS.API)'
2026-09-04 14:04:46.926 +03:00 [INF] Route matched with {action = "Search", controller = "Patients"}. Executing controller action with signature System.Threading.Tasks.Task`1[Microsoft.AspNetCore.Mvc.IActionResult] Search(System.String, Int32) on controller CMS.API.Controllers.PatientsController (CMS.API).
2026-09-04 14:04:46.941 +03:00 [INF] Route matched with {action = "GetQueue", controller = "Triage"}. Executing controller action with signature System.Threading.Tasks.Task`1[Microsoft.AspNetCore.Mvc.IActionResult] GetQueue(System.String, System.Nullable`1[System.DateTime]) on controller CMS.API.Controllers.TriageController (CMS.API).
2026-09-04 14:04:46.942 +03:00 [INF] Executing OkObjectResult, writing value of type 'CMS.Shared.DTOs.ApiResponse`1[[System.Collections.Generic.List`1[[CMS.Shared.DTOs.PatientDto, CMS.Shared, Version=1.0.0.0, Culture=neutral, PublicKeyToken=null]], System.Private.CoreLib, Version=8.0.0.0, Culture=neutral, PublicKeyToken=7cec85d7bea7798e]]'.
2026-09-04 14:04:46.954 +03:00 [INF] Executed action CMS.API.Controllers.PatientsController.Search (CMS.API) in 18.5865ms
2026-09-04 14:04:46.964 +03:00 [INF] Executed endpoint 'CMS.API.Controllers.PatientsController.Search (CMS.API)'
2026-09-04 14:04:46.971 +03:00 [INF] Request finished HTTP/1.1 GET http://localhost:5010/api/v1/patients/search - 200 null application/json; charset=utf-8 190.6103ms
2026-09-04 14:04:47.149 +03:00 [INF] Executing OkObjectResult, writing value of type 'CMS.Shared.DTOs.ApiResponse`1[[System.Collections.Generic.List`1[[CMS.Shared.DTOs.TriageDto, CMS.Shared, Version=1.0.0.0, Culture=neutral, PublicKeyToken=null]], System.Private.CoreLib, Version=8.0.0.0, Culture=neutral, PublicKeyToken=7cec85d7bea7798e]]'.
2026-09-04 14:04:47.206 +03:00 [INF] Request starting HTTP/1.1 GET http://localhost:5010/api/v1/staff/doctors - application/json null
2026-09-04 14:04:47.263 +03:00 [INF] Failed to validate the token.
Microsoft.IdentityModel.Tokens.SecurityTokenMalformedException: IDX14120: JWT is not well formed, there is only one dot (.).
The token needs to be in JWS or JWE Compact Serialization Format. (JWS): 'EncodedHeader.EncodedPayload.EncodedSignature'. (JWE): 'EncodedProtectedHeader.EncodedEncryptedKey.EncodedInitializationVector.EncodedCiphertext.EncodedAuthenticationTag'.
   at Microsoft.IdentityModel.JsonWebTokens.JsonWebToken.ReadToken(ReadOnlyMemory`1 encodedTokenMemory)
   at Microsoft.IdentityModel.JsonWebTokens.JsonWebToken..ctor(String jwtEncodedString)
   at Microsoft.IdentityModel.JsonWebTokens.JsonWebTokenHandler.ReadToken(String token, TokenValidationParameters validationParameters)
2026-09-04 14:04:47.270 +03:00 [INF] Request starting HTTP/1.1 GET http://localhost:5010/api/v1/patients/search - application/json null
2026-09-04 14:04:47.279 +03:00 [INF] Bearer was not authenticated. Failure message: IDX14120: JWT is not well formed, there is only one dot (.).
The token needs to be in JWS or JWE Compact Serialization Format. (JWS): 'EncodedHeader.EncodedPayload.EncodedSignature'. (JWE): 'EncodedProtectedHeader.EncodedEncryptedKey.EncodedInitializationVector.EncodedCiphertext.EncodedAuthenticationTag'.
2026-09-04 14:04:47.284 +03:00 [INF] Executed action CMS.API.Controllers.TriageController.GetQueue (CMS.API) in 336.3644ms
2026-09-04 14:04:47.298 +03:00 [INF] Failed to validate the token.
Microsoft.IdentityModel.Tokens.SecurityTokenMalformedException: IDX14120: JWT is not well formed, there is only one dot (.).
The token needs to be in JWS or JWE Compact Serialization Format. (JWS): 'EncodedHeader.EncodedPayload.EncodedSignature'. (JWE): 'EncodedProtectedHeader.EncodedEncryptedKey.EncodedInitializationVector.EncodedCiphertext.EncodedAuthenticationTag'.
   at Microsoft.IdentityModel.JsonWebTokens.JsonWebToken.ReadToken(ReadOnlyMemory`1 encodedTokenMemory)
   at Microsoft.IdentityModel.JsonWebTokens.JsonWebToken..ctor(String jwtEncodedString)
   at Microsoft.IdentityModel.JsonWebTokens.JsonWebTokenHandler.ReadToken(String token, TokenValidationParameters validationParameters)
2026-09-04 14:04:47.303 +03:00 [INF] Executing endpoint 'CMS.API.Controllers.StaffController.GetDoctors (CMS.API)'
2026-09-04 14:04:47.310 +03:00 [INF] Executed endpoint 'CMS.API.Controllers.TriageController.GetQueue (CMS.API)'
2026-09-04 14:04:47.318 +03:00 [INF] Bearer was not authenticated. Failure message: IDX14120: JWT is not well formed, there is only one dot (.).
The token needs to be in JWS or JWE Compact Serialization Format. (JWS): 'EncodedHeader.EncodedPayload.EncodedSignature'. (JWE): 'EncodedProtectedHeader.EncodedEncryptedKey.EncodedInitializationVector.EncodedCiphertext.EncodedAuthenticationTag'.
2026-09-04 14:04:47.324 +03:00 [INF] Route matched with {action = "GetDoctors", controller = "Staff"}. Executing controller action with signature System.Threading.Tasks.Task`1[Microsoft.AspNetCore.Mvc.IActionResult] GetDoctors() on controller CMS.API.Controllers.StaffController (CMS.API).
2026-09-04 14:04:47.331 +03:00 [INF] Request finished HTTP/1.1 GET http://localhost:5010/api/v1/triage/queue?date=2026-09-04 - 200 null application/json; charset=utf-8 550.7363ms
2026-09-04 14:04:47.336 +03:00 [INF] Executing endpoint 'CMS.API.Controllers.PatientsController.Search (CMS.API)'
2026-09-04 14:04:47.354 +03:00 [INF] Executed action CMS.API.Controllers.StaffController.GetDoctors (CMS.API) in 7.0769ms
2026-09-04 14:04:47.370 +03:00 [INF] Route matched with {action = "Search", controller = "Patients"}. Executing controller action with signature System.Threading.Tasks.Task`1[Microsoft.AspNetCore.Mvc.IActionResult] Search(System.String, Int32) on controller CMS.API.Controllers.PatientsController (CMS.API).
2026-09-04 14:04:47.376 +03:00 [INF] Executed endpoint 'CMS.API.Controllers.StaffController.GetDoctors (CMS.API)'
2026-09-04 14:04:47.387 +03:00 [INF] Executing OkObjectResult, writing value of type 'CMS.Shared.DTOs.ApiResponse`1[[System.Collections.Generic.List`1[[CMS.Shared.DTOs.PatientDto, CMS.Shared, Version=1.0.0.0, Culture=neutral, PublicKeyToken=null]], System.Private.CoreLib, Version=8.0.0.0, Culture=neutral, PublicKeyToken=7cec85d7bea7798e]]'.
2026-09-04 14:04:47.390 +03:00 [ERR] Unhandled exception encountered: A parameterless default constructor or one matching signature (System.Int32 Id, System.Int32 StaffId, System.String StaffCode, System.String DoctorName, System.String LicenseNumber, System.Int16 SpecializationId, System.String SpecializationName, System.String SubSpecialization, System.Decimal ConsultationFee, System.Boolean IsAvailable) is required for CMS.Shared.DTOs.DoctorDto materialization
System.InvalidOperationException: A parameterless default constructor or one matching signature (System.Int32 Id, System.Int32 StaffId, System.String StaffCode, System.String DoctorName, System.String LicenseNumber, System.Int16 SpecializationId, System.String SpecializationName, System.String SubSpecialization, System.Decimal ConsultationFee, System.Boolean IsAvailable) is required for CMS.Shared.DTOs.DoctorDto materialization
   at Dapper.SqlMapper.GenerateDeserializerFromMap(Type type, DbDataReader reader, Int32 startBound, Int32 length, Boolean returnNullIfFirstMissing, ILGenerator il) in /_/Dapper/SqlMapper.cs:line 3473
   at Dapper.SqlMapper.GetTypeDeserializerImpl(Type type, DbDataReader reader, Int32 startBound, Int32 length, Boolean returnNullIfFirstMissing) in /_/Dapper/SqlMapper.cs:line 3304
   at Dapper.SqlMapper.TypeDeserializerCache.GetReader(DbDataReader reader, Int32 startBound, Int32 length, Boolean returnNullIfFirstMissing) in /_/Dapper/SqlMapper.TypeDeserializerCache.cs:line 151
   at Dapper.SqlMapper.TypeDeserializerCache.GetReader(Type type, DbDataReader reader, Int32 startBound, Int32 length, Boolean returnNullIfFirstMissing) in /_/Dapper/SqlMapper.TypeDeserializerCache.cs:line 50
   at Dapper.SqlMapper.GetTypeDeserializer(Type type, DbDataReader reader, Int32 startBound, Int32 length, Boolean returnNullIfFirstMissing) in /_/Dapper/SqlMapper.cs:line 3258
   at Dapper.SqlMapper.GetDeserializer(Type type, DbDataReader reader, Int32 startBound, Int32 length, Boolean returnNullIfFirstMissing) in /_/Dapper/SqlMapper.cs:line 1945
   at Dapper.SqlMapper.QueryAsync[T](IDbConnection cnn, Type effectiveType, CommandDefinition command) in /_/Dapper/SqlMapper.Async.cs:line 442
   at CMS.Application.StaffServices.StaffAndDoctorService.GetDoctorsAsync(Byte tenantId) in C:\Users\ASUS\source\repos\CMS\src\CMS.Application\StaffServices\StaffAndDoctorService.cs:line 35
   at CMS.API.Controllers.StaffController.GetDoctors() in C:\Users\ASUS\source\repos\CMS\src\CMS.API\Controllers\ClinicalControllers.cs:line 24
   at Microsoft.AspNetCore.Mvc.Infrastructure.ActionMethodExecutor.TaskOfIActionResultExecutor.Execute(ActionContext actionContext, IActionResultTypeMapper mapper, ObjectMethodExecutor executor, Object controller, Object[] arguments)
   at Microsoft.AspNetCore.Mvc.Infrastructure.ControllerActionInvoker.<InvokeActionMethodAsync>g__Awaited|12_0(ControllerActionInvoker invoker, ValueTask`1 actionResultValueTask)
   at Microsoft.AspNetCore.Mvc.Infrastructure.ControllerActionInvoker.<InvokeNextActionFilterAsync>g__Awaited|10_0(ControllerActionInvoker invoker, Task lastTask, State next, Scope scope, Object state, Boolean isCompleted)
   at Microsoft.AspNetCore.Mvc.Infrastructure.ControllerActionInvoker.Rethrow(ActionExecutedContextSealed context)
   at Microsoft.AspNetCore.Mvc.Infrastructure.ControllerActionInvoker.Next(State& next, Scope& scope, Object& state, Boolean& isCompleted)
   at Microsoft.AspNetCore.Mvc.Infrastructure.ControllerActionInvoker.<InvokeInnerFilterAsync>g__Awaited|13_0(ControllerActionInvoker invoker, Task lastTask, State next, Scope scope, Object state, Boolean isCompleted)
   at Microsoft.AspNetCore.Mvc.Infrastructure.ResourceInvoker.<InvokeFilterPipelineAsync>g__Awaited|20_0(ResourceInvoker invoker, Task lastTask, State next, Scope scope, Object state, Boolean isCompleted)
   at Microsoft.AspNetCore.Mvc.Infrastructure.ResourceInvoker.<InvokeAsync>g__Logged|17_1(ResourceInvoker invoker)
   at Microsoft.AspNetCore.Mvc.Infrastructure.ResourceInvoker.<InvokeAsync>g__Logged|17_1(ResourceInvoker invoker)
   at Microsoft.AspNetCore.Routing.EndpointMiddleware.<Invoke>g__AwaitRequestTask|7_0(Endpoint endpoint, Task requestTask, ILogger logger)
   at Microsoft.AspNetCore.Authorization.AuthorizationMiddleware.Invoke(HttpContext context)
   at Microsoft.AspNetCore.Authentication.AuthenticationMiddleware.Invoke(HttpContext context)
   at Swashbuckle.AspNetCore.SwaggerUI.SwaggerUIMiddleware.Invoke(HttpContext httpContext)
   at Swashbuckle.AspNetCore.Swagger.SwaggerMiddleware.Invoke(HttpContext httpContext, ISwaggerProvider swaggerProvider)
   at CMS.API.Middleware.TenantMiddleware.InvokeAsync(HttpContext context) in C:\Users\ASUS\source\repos\CMS\src\CMS.API\Middleware\Middlewares.cs:line 26
   at CMS.API.Middleware.ExceptionMiddleware.InvokeAsync(HttpContext context) in C:\Users\ASUS\source\repos\CMS\src\CMS.API\Middleware\Middlewares.cs:line 45
2026-09-04 14:04:47.395 +03:00 [INF] Executed action CMS.API.Controllers.PatientsController.Search (CMS.API) in 11.8889ms
2026-09-04 14:04:47.420 +03:00 [INF] Request finished HTTP/1.1 GET http://localhost:5010/api/v1/staff/doctors - 500 null application/json 214.0402ms
2026-09-04 14:04:47.423 +03:00 [INF] Executed endpoint 'CMS.API.Controllers.PatientsController.Search (CMS.API)'
2026-09-04 14:04:47.438 +03:00 [INF] Request finished HTTP/1.1 GET http://localhost:5010/api/v1/patients/search - 200 null application/json; charset=utf-8 167.6617ms
2026-09-04 14:04:47.609 +03:00 [INF] Request starting HTTP/1.1 GET http://localhost:5010/api/v1/triage/queue?date=2026-09-04 - application/json null
2026-09-04 14:04:47.662 +03:00 [INF] Failed to validate the token.
Microsoft.IdentityModel.Tokens.SecurityTokenMalformedException: IDX14120: JWT is not well formed, there is only one dot (.).
The token needs to be in JWS or JWE Compact Serialization Format. (JWS): 'EncodedHeader.EncodedPayload.EncodedSignature'. (JWE): 'EncodedProtectedHeader.EncodedEncryptedKey.EncodedInitializationVector.EncodedCiphertext.EncodedAuthenticationTag'.
   at Microsoft.IdentityModel.JsonWebTokens.JsonWebToken.ReadToken(ReadOnlyMemory`1 encodedTokenMemory)
   at Microsoft.IdentityModel.JsonWebTokens.JsonWebToken..ctor(String jwtEncodedString)
   at Microsoft.IdentityModel.JsonWebTokens.JsonWebTokenHandler.ReadToken(String token, TokenValidationParameters validationParameters)
2026-09-04 14:04:47.691 +03:00 [INF] Bearer was not authenticated. Failure message: IDX14120: JWT is not well formed, there is only one dot (.).
The token needs to be in JWS or JWE Compact Serialization Format. (JWS): 'EncodedHeader.EncodedPayload.EncodedSignature'. (JWE): 'EncodedProtectedHeader.EncodedEncryptedKey.EncodedInitializationVector.EncodedCiphertext.EncodedAuthenticationTag'.
2026-09-04 14:04:47.696 +03:00 [INF] Executing endpoint 'CMS.API.Controllers.TriageController.GetQueue (CMS.API)'
2026-09-04 14:04:47.703 +03:00 [INF] Route matched with {action = "GetQueue", controller = "Triage"}. Executing controller action with signature System.Threading.Tasks.Task`1[Microsoft.AspNetCore.Mvc.IActionResult] GetQueue(System.String, System.Nullable`1[System.DateTime]) on controller CMS.API.Controllers.TriageController (CMS.API).
2026-09-04 14:04:47.715 +03:00 [INF] Executing OkObjectResult, writing value of type 'CMS.Shared.DTOs.ApiResponse`1[[System.Collections.Generic.List`1[[CMS.Shared.DTOs.TriageDto, CMS.Shared, Version=1.0.0.0, Culture=neutral, PublicKeyToken=null]], System.Private.CoreLib, Version=8.0.0.0, Culture=neutral, PublicKeyToken=7cec85d7bea7798e]]'.
2026-09-04 14:04:47.722 +03:00 [INF] Executed action CMS.API.Controllers.TriageController.GetQueue (CMS.API) in 11.3742ms
2026-09-04 14:04:47.728 +03:00 [INF] Executed endpoint 'CMS.API.Controllers.TriageController.GetQueue (CMS.API)'
2026-09-04 14:04:47.732 +03:00 [INF] Request finished HTTP/1.1 GET http://localhost:5010/api/v1/triage/queue?date=2026-09-04 - 200 null application/json; charset=utf-8 123.4565ms
2026-09-04 14:04:51.533 +03:00 [INF] Request starting HTTP/1.1 GET http://localhost:5010/api/v1/triage/queue?date=2026-09-03 - application/json null
2026-09-04 14:04:51.533 +03:00 [INF] Request starting HTTP/1.1 GET http://localhost:5010/api/v1/staff/doctors - application/json null
2026-09-04 14:04:51.533 +03:00 [INF] Request starting HTTP/1.1 GET http://localhost:5010/api/v1/patients/search - application/json null
2026-09-04 14:04:51.547 +03:00 [INF] Failed to validate the token.
Microsoft.IdentityModel.Tokens.SecurityTokenMalformedException: IDX14120: JWT is not well formed, there is only one dot (.).
The token needs to be in JWS or JWE Compact Serialization Format. (JWS): 'EncodedHeader.EncodedPayload.EncodedSignature'. (JWE): 'EncodedProtectedHeader.EncodedEncryptedKey.EncodedInitializationVector.EncodedCiphertext.EncodedAuthenticationTag'.
   at Microsoft.IdentityModel.JsonWebTokens.JsonWebToken.ReadToken(ReadOnlyMemory`1 encodedTokenMemory)
   at Microsoft.IdentityModel.JsonWebTokens.JsonWebToken..ctor(String jwtEncodedString)
   at Microsoft.IdentityModel.JsonWebTokens.JsonWebTokenHandler.ReadToken(String token, TokenValidationParameters validationParameters)
2026-09-04 14:04:51.554 +03:00 [INF] Failed to validate the token.
Microsoft.IdentityModel.Tokens.SecurityTokenMalformedException: IDX14120: JWT is not well formed, there is only one dot (.).
The token needs to be in JWS or JWE Compact Serialization Format. (JWS): 'EncodedHeader.EncodedPayload.EncodedSignature'. (JWE): 'EncodedProtectedHeader.EncodedEncryptedKey.EncodedInitializationVector.EncodedCiphertext.EncodedAuthenticationTag'.
   at Microsoft.IdentityModel.JsonWebTokens.JsonWebToken.ReadToken(ReadOnlyMemory`1 encodedTokenMemory)
   at Microsoft.IdentityModel.JsonWebTokens.JsonWebToken..ctor(String jwtEncodedString)
   at Microsoft.IdentityModel.JsonWebTokens.JsonWebTokenHandler.ReadToken(String token, TokenValidationParameters validationParameters)
2026-09-04 14:04:51.564 +03:00 [INF] Failed to validate the token.
Microsoft.IdentityModel.Tokens.SecurityTokenMalformedException: IDX14120: JWT is not well formed, there is only one dot (.).
The token needs to be in JWS or JWE Compact Serialization Format. (JWS): 'EncodedHeader.EncodedPayload.EncodedSignature'. (JWE): 'EncodedProtectedHeader.EncodedEncryptedKey.EncodedInitializationVector.EncodedCiphertext.EncodedAuthenticationTag'.
   at Microsoft.IdentityModel.JsonWebTokens.JsonWebToken.ReadToken(ReadOnlyMemory`1 encodedTokenMemory)
   at Microsoft.IdentityModel.JsonWebTokens.JsonWebToken..ctor(String jwtEncodedString)
   at Microsoft.IdentityModel.JsonWebTokens.JsonWebTokenHandler.ReadToken(String token, TokenValidationParameters validationParameters)
2026-09-04 14:04:51.568 +03:00 [INF] Bearer was not authenticated. Failure message: IDX14120: JWT is not well formed, there is only one dot (.).
The token needs to be in JWS or JWE Compact Serialization Format. (JWS): 'EncodedHeader.EncodedPayload.EncodedSignature'. (JWE): 'EncodedProtectedHeader.EncodedEncryptedKey.EncodedInitializationVector.EncodedCiphertext.EncodedAuthenticationTag'.
2026-09-04 14:04:51.572 +03:00 [INF] Bearer was not authenticated. Failure message: IDX14120: JWT is not well formed, there is only one dot (.).
The token needs to be in JWS or JWE Compact Serialization Format. (JWS): 'EncodedHeader.EncodedPayload.EncodedSignature'. (JWE): 'EncodedProtectedHeader.EncodedEncryptedKey.EncodedInitializationVector.EncodedCiphertext.EncodedAuthenticationTag'.
2026-09-04 14:04:51.576 +03:00 [INF] Bearer was not authenticated. Failure message: IDX14120: JWT is not well formed, there is only one dot (.).
The token needs to be in JWS or JWE Compact Serialization Format. (JWS): 'EncodedHeader.EncodedPayload.EncodedSignature'. (JWE): 'EncodedProtectedHeader.EncodedEncryptedKey.EncodedInitializationVector.EncodedCiphertext.EncodedAuthenticationTag'.
2026-09-04 14:04:51.582 +03:00 [INF] Executing endpoint 'CMS.API.Controllers.TriageController.GetQueue (CMS.API)'
2026-09-04 14:04:51.584 +03:00 [INF] Executing endpoint 'CMS.API.Controllers.StaffController.GetDoctors (CMS.API)'
2026-09-04 14:04:51.586 +03:00 [INF] Executing endpoint 'CMS.API.Controllers.PatientsController.Search (CMS.API)'
2026-09-04 14:04:51.588 +03:00 [INF] Route matched with {action = "GetQueue", controller = "Triage"}. Executing controller action with signature System.Threading.Tasks.Task`1[Microsoft.AspNetCore.Mvc.IActionResult] GetQueue(System.String, System.Nullable`1[System.DateTime]) on controller CMS.API.Controllers.TriageController (CMS.API).
2026-09-04 14:04:51.590 +03:00 [INF] Route matched with {action = "GetDoctors", controller = "Staff"}. Executing controller action with signature System.Threading.Tasks.Task`1[Microsoft.AspNetCore.Mvc.IActionResult] GetDoctors() on controller CMS.API.Controllers.StaffController (CMS.API).
2026-09-04 14:04:51.593 +03:00 [INF] Route matched with {action = "Search", controller = "Patients"}. Executing controller action with signature System.Threading.Tasks.Task`1[Microsoft.AspNetCore.Mvc.IActionResult] Search(System.String, Int32) on controller CMS.API.Controllers.PatientsController (CMS.API).
2026-09-04 14:04:51.616 +03:00 [INF] Executing OkObjectResult, writing value of type 'CMS.Shared.DTOs.ApiResponse`1[[System.Collections.Generic.List`1[[CMS.Shared.DTOs.TriageDto, CMS.Shared, Version=1.0.0.0, Culture=neutral, PublicKeyToken=null]], System.Private.CoreLib, Version=8.0.0.0, Culture=neutral, PublicKeyToken=7cec85d7bea7798e]]'.
2026-09-04 14:04:51.619 +03:00 [INF] Executing OkObjectResult, writing value of type 'CMS.Shared.DTOs.ApiResponse`1[[System.Collections.Generic.List`1[[CMS.Shared.DTOs.PatientDto, CMS.Shared, Version=1.0.0.0, Culture=neutral, PublicKeyToken=null]], System.Private.CoreLib, Version=8.0.0.0, Culture=neutral, PublicKeyToken=7cec85d7bea7798e]]'.
2026-09-04 14:04:51.632 +03:00 [INF] Executed action CMS.API.Controllers.StaffController.GetDoctors (CMS.API) in 27.8672ms
2026-09-04 14:04:51.642 +03:00 [INF] Executed action CMS.API.Controllers.PatientsController.Search (CMS.API) in 25.8444ms
2026-09-04 14:04:51.753 +03:00 [INF] Executed endpoint 'CMS.API.Controllers.PatientsController.Search (CMS.API)'
2026-09-04 14:04:51.756 +03:00 [INF] Request finished HTTP/1.1 GET http://localhost:5010/api/v1/patients/search - 200 null application/json; charset=utf-8 222.7614ms
2026-09-04 14:04:51.672 +03:00 [INF] Executed action CMS.API.Controllers.TriageController.GetQueue (CMS.API) in 71.464ms
2026-09-04 14:04:51.774 +03:00 [INF] Executed endpoint 'CMS.API.Controllers.TriageController.GetQueue (CMS.API)'
2026-09-04 14:04:51.749 +03:00 [INF] Executed endpoint 'CMS.API.Controllers.StaffController.GetDoctors (CMS.API)'
2026-09-04 14:04:51.778 +03:00 [INF] Request finished HTTP/1.1 GET http://localhost:5010/api/v1/triage/queue?date=2026-09-03 - 200 null application/json; charset=utf-8 245.2723ms
2026-09-04 14:04:51.784 +03:00 [ERR] Unhandled exception encountered: A parameterless default constructor or one matching signature (System.Int32 Id, System.Int32 StaffId, System.String StaffCode, System.String DoctorName, System.String LicenseNumber, System.Int16 SpecializationId, System.String SpecializationName, System.String SubSpecialization, System.Decimal ConsultationFee, System.Boolean IsAvailable) is required for CMS.Shared.DTOs.DoctorDto materialization
System.InvalidOperationException: A parameterless default constructor or one matching signature (System.Int32 Id, System.Int32 StaffId, System.String StaffCode, System.String DoctorName, System.String LicenseNumber, System.Int16 SpecializationId, System.String SpecializationName, System.String SubSpecialization, System.Decimal ConsultationFee, System.Boolean IsAvailable) is required for CMS.Shared.DTOs.DoctorDto materialization
   at Dapper.SqlMapper.GenerateDeserializerFromMap(Type type, DbDataReader reader, Int32 startBound, Int32 length, Boolean returnNullIfFirstMissing, ILGenerator il) in /_/Dapper/SqlMapper.cs:line 3473
   at Dapper.SqlMapper.GetTypeDeserializerImpl(Type type, DbDataReader reader, Int32 startBound, Int32 length, Boolean returnNullIfFirstMissing) in /_/Dapper/SqlMapper.cs:line 3304
   at Dapper.SqlMapper.TypeDeserializerCache.GetReader(DbDataReader reader, Int32 startBound, Int32 length, Boolean returnNullIfFirstMissing) in /_/Dapper/SqlMapper.TypeDeserializerCache.cs:line 151
   at Dapper.SqlMapper.TypeDeserializerCache.GetReader(Type type, DbDataReader reader, Int32 startBound, Int32 length, Boolean returnNullIfFirstMissing) in /_/Dapper/SqlMapper.TypeDeserializerCache.cs:line 50
   at Dapper.SqlMapper.GetTypeDeserializer(Type type, DbDataReader reader, Int32 startBound, Int32 length, Boolean returnNullIfFirstMissing) in /_/Dapper/SqlMapper.cs:line 3258
   at Dapper.SqlMapper.GetDeserializer(Type type, DbDataReader reader, Int32 startBound, Int32 length, Boolean returnNullIfFirstMissing) in /_/Dapper/SqlMapper.cs:line 1945
   at Dapper.SqlMapper.QueryAsync[T](IDbConnection cnn, Type effectiveType, CommandDefinition command) in /_/Dapper/SqlMapper.Async.cs:line 442
   at CMS.Application.StaffServices.StaffAndDoctorService.GetDoctorsAsync(Byte tenantId) in C:\Users\ASUS\source\repos\CMS\src\CMS.Application\StaffServices\StaffAndDoctorService.cs:line 35
   at CMS.API.Controllers.StaffController.GetDoctors() in C:\Users\ASUS\source\repos\CMS\src\CMS.API\Controllers\ClinicalControllers.cs:line 24
   at Microsoft.AspNetCore.Mvc.Infrastructure.ActionMethodExecutor.TaskOfIActionResultExecutor.Execute(ActionContext actionContext, IActionResultTypeMapper mapper, ObjectMethodExecutor executor, Object controller, Object[] arguments)
   at Microsoft.AspNetCore.Mvc.Infrastructure.ControllerActionInvoker.<InvokeActionMethodAsync>g__Awaited|12_0(ControllerActionInvoker invoker, ValueTask`1 actionResultValueTask)
   at Microsoft.AspNetCore.Mvc.Infrastructure.ControllerActionInvoker.<InvokeNextActionFilterAsync>g__Awaited|10_0(ControllerActionInvoker invoker, Task lastTask, State next, Scope scope, Object state, Boolean isCompleted)
   at Microsoft.AspNetCore.Mvc.Infrastructure.ControllerActionInvoker.Rethrow(ActionExecutedContextSealed context)
   at Microsoft.AspNetCore.Mvc.Infrastructure.ControllerActionInvoker.Next(State& next, Scope& scope, Object& state, Boolean& isCompleted)
   at Microsoft.AspNetCore.Mvc.Infrastructure.ControllerActionInvoker.<InvokeInnerFilterAsync>g__Awaited|13_0(ControllerActionInvoker invoker, Task lastTask, State next, Scope scope, Object state, Boolean isCompleted)
   at Microsoft.AspNetCore.Mvc.Infrastructure.ResourceInvoker.<InvokeFilterPipelineAsync>g__Awaited|20_0(ResourceInvoker invoker, Task lastTask, State next, Scope scope, Object state, Boolean isCompleted)
   at Microsoft.AspNetCore.Mvc.Infrastructure.ResourceInvoker.<InvokeAsync>g__Logged|17_1(ResourceInvoker invoker)
   at Microsoft.AspNetCore.Mvc.Infrastructure.ResourceInvoker.<InvokeAsync>g__Logged|17_1(ResourceInvoker invoker)
   at Microsoft.AspNetCore.Routing.EndpointMiddleware.<Invoke>g__AwaitRequestTask|7_0(Endpoint endpoint, Task requestTask, ILogger logger)
   at Microsoft.AspNetCore.Authorization.AuthorizationMiddleware.Invoke(HttpContext context)
   at Microsoft.AspNetCore.Authentication.AuthenticationMiddleware.Invoke(HttpContext context)
   at Swashbuckle.AspNetCore.SwaggerUI.SwaggerUIMiddleware.Invoke(HttpContext httpContext)
   at Swashbuckle.AspNetCore.Swagger.SwaggerMiddleware.Invoke(HttpContext httpContext, ISwaggerProvider swaggerProvider)
   at CMS.API.Middleware.TenantMiddleware.InvokeAsync(HttpContext context) in C:\Users\ASUS\source\repos\CMS\src\CMS.API\Middleware\Middlewares.cs:line 26
   at CMS.API.Middleware.ExceptionMiddleware.InvokeAsync(HttpContext context) in C:\Users\ASUS\source\repos\CMS\src\CMS.API\Middleware\Middlewares.cs:line 45
2026-09-04 14:04:51.808 +03:00 [INF] Request finished HTTP/1.1 GET http://localhost:5010/api/v1/staff/doctors - 500 null application/json 275.1176ms
2026-09-04 14:04:53.627 +03:00 [INF] Request starting HTTP/1.1 GET http://localhost:5010/api/v1/triage/doctor/1?date=2026-09-04 - application/json null
2026-09-04 14:04:53.684 +03:00 [INF] Failed to validate the token.
Microsoft.IdentityModel.Tokens.SecurityTokenMalformedException: IDX14120: JWT is not well formed, there is only one dot (.).
The token needs to be in JWS or JWE Compact Serialization Format. (JWS): 'EncodedHeader.EncodedPayload.EncodedSignature'. (JWE): 'EncodedProtectedHeader.EncodedEncryptedKey.EncodedInitializationVector.EncodedCiphertext.EncodedAuthenticationTag'.
   at Microsoft.IdentityModel.JsonWebTokens.JsonWebToken.ReadToken(ReadOnlyMemory`1 encodedTokenMemory)
   at Microsoft.IdentityModel.JsonWebTokens.JsonWebToken..ctor(String jwtEncodedString)
   at Microsoft.IdentityModel.JsonWebTokens.JsonWebTokenHandler.ReadToken(String token, TokenValidationParameters validationParameters)
2026-09-04 14:04:53.809 +03:00 [INF] Bearer was not authenticated. Failure message: IDX14120: JWT is not well formed, there is only one dot (.).
The token needs to be in JWS or JWE Compact Serialization Format. (JWS): 'EncodedHeader.EncodedPayload.EncodedSignature'. (JWE): 'EncodedProtectedHeader.EncodedEncryptedKey.EncodedInitializationVector.EncodedCiphertext.EncodedAuthenticationTag'.
2026-09-04 14:04:53.816 +03:00 [INF] Executing endpoint 'CMS.API.Controllers.TriageController.GetDoctorQueue (CMS.API)'
2026-09-04 14:04:53.828 +03:00 [INF] Route matched with {action = "GetDoctorQueue", controller = "Triage"}. Executing controller action with signature System.Threading.Tasks.Task`1[Microsoft.AspNetCore.Mvc.IActionResult] GetDoctorQueue(Int32, System.Nullable`1[System.DateTime]) on controller CMS.API.Controllers.TriageController (CMS.API).
2026-09-04 14:04:53.874 +03:00 [INF] Executing OkObjectResult, writing value of type 'CMS.Shared.DTOs.ApiResponse`1[[System.Object, System.Private.CoreLib, Version=8.0.0.0, Culture=neutral, PublicKeyToken=7cec85d7bea7798e]]'.
2026-09-04 14:04:53.889 +03:00 [INF] Executed action CMS.API.Controllers.TriageController.GetDoctorQueue (CMS.API) in 49.2102ms
2026-09-04 14:04:53.903 +03:00 [INF] Executed endpoint 'CMS.API.Controllers.TriageController.GetDoctorQueue (CMS.API)'
2026-09-04 14:04:53.910 +03:00 [INF] Request finished HTTP/1.1 GET http://localhost:5010/api/v1/triage/doctor/1?date=2026-09-04 - 200 null application/json; charset=utf-8 282.4615ms
2026-09-04 14:04:54.233 +03:00 [INF] Request starting HTTP/1.1 GET http://localhost:5010/api/v1/triage/doctor/1?date=2026-09-04 - application/json null
2026-09-04 14:04:54.408 +03:00 [INF] Failed to validate the token.
Microsoft.IdentityModel.Tokens.SecurityTokenMalformedException: IDX14120: JWT is not well formed, there is only one dot (.).
The token needs to be in JWS or JWE Compact Serialization Format. (JWS): 'EncodedHeader.EncodedPayload.EncodedSignature'. (JWE): 'EncodedProtectedHeader.EncodedEncryptedKey.EncodedInitializationVector.EncodedCiphertext.EncodedAuthenticationTag'.
   at Microsoft.IdentityModel.JsonWebTokens.JsonWebToken.ReadToken(ReadOnlyMemory`1 encodedTokenMemory)
   at Microsoft.IdentityModel.JsonWebTokens.JsonWebToken..ctor(String jwtEncodedString)
   at Microsoft.IdentityModel.JsonWebTokens.JsonWebTokenHandler.ReadToken(String token, TokenValidationParameters validationParameters)
2026-09-04 14:04:54.416 +03:00 [INF] Bearer was not authenticated. Failure message: IDX14120: JWT is not well formed, there is only one dot (.).
The token needs to be in JWS or JWE Compact Serialization Format. (JWS): 'EncodedHeader.EncodedPayload.EncodedSignature'. (JWE): 'EncodedProtectedHeader.EncodedEncryptedKey.EncodedInitializationVector.EncodedCiphertext.EncodedAuthenticationTag'.
2026-09-04 14:04:54.419 +03:00 [INF] Executing endpoint 'CMS.API.Controllers.TriageController.GetDoctorQueue (CMS.API)'
2026-09-04 14:04:54.422 +03:00 [INF] Route matched with {action = "GetDoctorQueue", controller = "Triage"}. Executing controller action with signature System.Threading.Tasks.Task`1[Microsoft.AspNetCore.Mvc.IActionResult] GetDoctorQueue(Int32, System.Nullable`1[System.DateTime]) on controller CMS.API.Controllers.TriageController (CMS.API).
2026-09-04 14:04:54.431 +03:00 [INF] Executing OkObjectResult, writing value of type 'CMS.Shared.DTOs.ApiResponse`1[[System.Object, System.Private.CoreLib, Version=8.0.0.0, Culture=neutral, PublicKeyToken=7cec85d7bea7798e]]'.
2026-09-04 14:04:54.437 +03:00 [INF] Executed action CMS.API.Controllers.TriageController.GetDoctorQueue (CMS.API) in 9.9781ms
2026-09-04 14:04:54.445 +03:00 [INF] Executed endpoint 'CMS.API.Controllers.TriageController.GetDoctorQueue (CMS.API)'
2026-09-04 14:04:54.532 +03:00 [INF] Request finished HTTP/1.1 GET http://localhost:5010/api/v1/triage/doctor/1?date=2026-09-04 - 200 null application/json; charset=utf-8 299.0509ms
2026-09-04 14:04:58.830 +03:00 [INF] Request starting HTTP/1.1 GET http://localhost:5010/api/v1/triage/doctor/1?date=2026-09-03 - application/json null
2026-09-04 14:04:58.867 +03:00 [INF] Failed to validate the token.
Microsoft.IdentityModel.Tokens.SecurityTokenMalformedException: IDX14120: JWT is not well formed, there is only one dot (.).
The token needs to be in JWS or JWE Compact Serialization Format. (JWS): 'EncodedHeader.EncodedPayload.EncodedSignature'. (JWE): 'EncodedProtectedHeader.EncodedEncryptedKey.EncodedInitializationVector.EncodedCiphertext.EncodedAuthenticationTag'.
   at Microsoft.IdentityModel.JsonWebTokens.JsonWebToken.ReadToken(ReadOnlyMemory`1 encodedTokenMemory)
   at Microsoft.IdentityModel.JsonWebTokens.JsonWebToken..ctor(String jwtEncodedString)
   at Microsoft.IdentityModel.JsonWebTokens.JsonWebTokenHandler.ReadToken(String token, TokenValidationParameters validationParameters)
2026-09-04 14:04:58.872 +03:00 [INF] Bearer was not authenticated. Failure message: IDX14120: JWT is not well formed, there is only one dot (.).
The token needs to be in JWS or JWE Compact Serialization Format. (JWS): 'EncodedHeader.EncodedPayload.EncodedSignature'. (JWE): 'EncodedProtectedHeader.EncodedEncryptedKey.EncodedInitializationVector.EncodedCiphertext.EncodedAuthenticationTag'.
2026-09-04 14:04:58.874 +03:00 [INF] Executing endpoint 'CMS.API.Controllers.TriageController.GetDoctorQueue (CMS.API)'
2026-09-04 14:04:58.877 +03:00 [INF] Route matched with {action = "GetDoctorQueue", controller = "Triage"}. Executing controller action with signature System.Threading.Tasks.Task`1[Microsoft.AspNetCore.Mvc.IActionResult] GetDoctorQueue(Int32, System.Nullable`1[System.DateTime]) on controller CMS.API.Controllers.TriageController (CMS.API).
2026-09-04 14:04:58.887 +03:00 [INF] Executing OkObjectResult, writing value of type 'CMS.Shared.DTOs.ApiResponse`1[[System.Object, System.Private.CoreLib, Version=8.0.0.0, Culture=neutral, PublicKeyToken=7cec85d7bea7798e]]'.
2026-09-04 14:04:58.930 +03:00 [INF] Executed action CMS.API.Controllers.TriageController.GetDoctorQueue (CMS.API) in 48.1398ms
2026-09-04 14:04:58.936 +03:00 [INF] Executed endpoint 'CMS.API.Controllers.TriageController.GetDoctorQueue (CMS.API)'
2026-09-04 14:04:58.938 +03:00 [INF] Request finished HTTP/1.1 GET http://localhost:5010/api/v1/triage/doctor/1?date=2026-09-03 - 200 null application/json; charset=utf-8 108.1373ms
2026-09-04 14:04:59.092 +03:00 [INF] Request starting HTTP/1.1 GET http://localhost:5010/api/v1/encounters/patient/3 - application/json null
2026-09-04 14:04:59.106 +03:00 [INF] Failed to validate the token.
Microsoft.IdentityModel.Tokens.SecurityTokenMalformedException: IDX14120: JWT is not well formed, there is only one dot (.).
The token needs to be in JWS or JWE Compact Serialization Format. (JWS): 'EncodedHeader.EncodedPayload.EncodedSignature'. (JWE): 'EncodedProtectedHeader.EncodedEncryptedKey.EncodedInitializationVector.EncodedCiphertext.EncodedAuthenticationTag'.
   at Microsoft.IdentityModel.JsonWebTokens.JsonWebToken.ReadToken(ReadOnlyMemory`1 encodedTokenMemory)
   at Microsoft.IdentityModel.JsonWebTokens.JsonWebToken..ctor(String jwtEncodedString)
   at Microsoft.IdentityModel.JsonWebTokens.JsonWebTokenHandler.ReadToken(String token, TokenValidationParameters validationParameters)
2026-09-04 14:04:59.110 +03:00 [INF] Bearer was not authenticated. Failure message: IDX14120: JWT is not well formed, there is only one dot (.).
The token needs to be in JWS or JWE Compact Serialization Format. (JWS): 'EncodedHeader.EncodedPayload.EncodedSignature'. (JWE): 'EncodedProtectedHeader.EncodedEncryptedKey.EncodedInitializationVector.EncodedCiphertext.EncodedAuthenticationTag'.
2026-09-04 14:04:59.115 +03:00 [INF] Executing endpoint 'CMS.API.Controllers.EncountersController.GetPatientEncounters (CMS.API)'
2026-09-04 14:04:59.126 +03:00 [INF] Route matched with {action = "GetPatientEncounters", controller = "Encounters"}. Executing controller action with signature System.Threading.Tasks.Task`1[Microsoft.AspNetCore.Mvc.IActionResult] GetPatientEncounters(Int32) on controller CMS.API.Controllers.EncountersController (CMS.API).
2026-09-04 14:04:59.262 +03:00 [INF] Executing OkObjectResult, writing value of type 'CMS.Shared.DTOs.ApiResponse`1[[System.Collections.Generic.List`1[[CMS.Shared.DTOs.EncounterDto, CMS.Shared, Version=1.0.0.0, Culture=neutral, PublicKeyToken=null]], System.Private.CoreLib, Version=8.0.0.0, Culture=neutral, PublicKeyToken=7cec85d7bea7798e]]'.
2026-09-04 14:04:59.284 +03:00 [INF] Executed action CMS.API.Controllers.EncountersController.GetPatientEncounters (CMS.API) in 149.7102ms
2026-09-04 14:04:59.288 +03:00 [INF] Executed endpoint 'CMS.API.Controllers.EncountersController.GetPatientEncounters (CMS.API)'
2026-09-04 14:04:59.290 +03:00 [INF] Request finished HTTP/1.1 GET http://localhost:5010/api/v1/encounters/patient/3 - 200 null application/json; charset=utf-8 198.5295ms
2026-09-04 14:04:59.299 +03:00 [INF] Request starting HTTP/1.1 GET http://localhost:5010/api/v1/triage/patient/3/latest - application/json null
2026-09-04 14:04:59.299 +03:00 [INF] Request starting HTTP/1.1 GET http://localhost:5010/api/v1/medicalcertificates/patient/3 - application/json null
2026-09-04 14:04:59.309 +03:00 [INF] Failed to validate the token.
Microsoft.IdentityModel.Tokens.SecurityTokenMalformedException: IDX14120: JWT is not well formed, there is only one dot (.).
The token needs to be in JWS or JWE Compact Serialization Format. (JWS): 'EncodedHeader.EncodedPayload.EncodedSignature'. (JWE): 'EncodedProtectedHeader.EncodedEncryptedKey.EncodedInitializationVector.EncodedCiphertext.EncodedAuthenticationTag'.
   at Microsoft.IdentityModel.JsonWebTokens.JsonWebToken.ReadToken(ReadOnlyMemory`1 encodedTokenMemory)
   at Microsoft.IdentityModel.JsonWebTokens.JsonWebToken..ctor(String jwtEncodedString)
   at Microsoft.IdentityModel.JsonWebTokens.JsonWebTokenHandler.ReadToken(String token, TokenValidationParameters validationParameters)
2026-09-04 14:04:59.315 +03:00 [INF] Failed to validate the token.
Microsoft.IdentityModel.Tokens.SecurityTokenMalformedException: IDX14120: JWT is not well formed, there is only one dot (.).
The token needs to be in JWS or JWE Compact Serialization Format. (JWS): 'EncodedHeader.EncodedPayload.EncodedSignature'. (JWE): 'EncodedProtectedHeader.EncodedEncryptedKey.EncodedInitializationVector.EncodedCiphertext.EncodedAuthenticationTag'.
   at Microsoft.IdentityModel.JsonWebTokens.JsonWebToken.ReadToken(ReadOnlyMemory`1 encodedTokenMemory)
   at Microsoft.IdentityModel.JsonWebTokens.JsonWebToken..ctor(String jwtEncodedString)
   at Microsoft.IdentityModel.JsonWebTokens.JsonWebTokenHandler.ReadToken(String token, TokenValidationParameters validationParameters)
2026-09-04 14:04:59.319 +03:00 [INF] Bearer was not authenticated. Failure message: IDX14120: JWT is not well formed, there is only one dot (.).
The token needs to be in JWS or JWE Compact Serialization Format. (JWS): 'EncodedHeader.EncodedPayload.EncodedSignature'. (JWE): 'EncodedProtectedHeader.EncodedEncryptedKey.EncodedInitializationVector.EncodedCiphertext.EncodedAuthenticationTag'.
2026-09-04 14:04:59.322 +03:00 [INF] Bearer was not authenticated. Failure message: IDX14120: JWT is not well formed, there is only one dot (.).
The token needs to be in JWS or JWE Compact Serialization Format. (JWS): 'EncodedHeader.EncodedPayload.EncodedSignature'. (JWE): 'EncodedProtectedHeader.EncodedEncryptedKey.EncodedInitializationVector.EncodedCiphertext.EncodedAuthenticationTag'.
2026-09-04 14:04:59.324 +03:00 [INF] Executing endpoint 'CMS.API.Controllers.TriageController.GetLatestPatientVitals (CMS.API)'
2026-09-04 14:04:59.327 +03:00 [INF] Executing endpoint 'CMS.API.Controllers.MedicalCertificatesController.GetPatientCertificates (CMS.API)'
2026-09-04 14:04:59.336 +03:00 [INF] Route matched with {action = "GetLatestPatientVitals", controller = "Triage"}. Executing controller action with signature System.Threading.Tasks.Task`1[Microsoft.AspNetCore.Mvc.IActionResult] GetLatestPatientVitals(Int32) on controller CMS.API.Controllers.TriageController (CMS.API).
2026-09-04 14:04:59.339 +03:00 [INF] Route matched with {action = "GetPatientCertificates", controller = "MedicalCertificates"}. Executing controller action with signature System.Threading.Tasks.Task`1[Microsoft.AspNetCore.Mvc.IActionResult] GetPatientCertificates(Int32) on controller CMS.API.Controllers.MedicalCertificatesController (CMS.API).
2026-09-04 14:04:59.354 +03:00 [INF] Executing OkObjectResult, writing value of type 'CMS.Shared.DTOs.ApiResponse`1[[System.Collections.Generic.List`1[[CMS.Shared.DTOs.MedicalCertificateDto, CMS.Shared, Version=1.0.0.0, Culture=neutral, PublicKeyToken=null]], System.Private.CoreLib, Version=8.0.0.0, Culture=neutral, PublicKeyToken=7cec85d7bea7798e]]'.
2026-09-04 14:04:59.361 +03:00 [INF] Executed action CMS.API.Controllers.MedicalCertificatesController.GetPatientCertificates (CMS.API) in 16.8358ms
2026-09-04 14:04:59.369 +03:00 [INF] Executed endpoint 'CMS.API.Controllers.MedicalCertificatesController.GetPatientCertificates (CMS.API)'
2026-09-04 14:04:59.371 +03:00 [INF] Request finished HTTP/1.1 GET http://localhost:5010/api/v1/medicalcertificates/patient/3 - 200 null application/json; charset=utf-8 71.7889ms
2026-09-04 14:04:59.378 +03:00 [INF] Executing OkObjectResult, writing value of type 'CMS.Shared.DTOs.ApiResponse`1[[CMS.Shared.DTOs.TriageDto, CMS.Shared, Version=1.0.0.0, Culture=neutral, PublicKeyToken=null]]'.
2026-09-04 14:04:59.386 +03:00 [INF] Executed action CMS.API.Controllers.TriageController.GetLatestPatientVitals (CMS.API) in 46.52ms
2026-09-04 14:04:59.390 +03:00 [INF] Executed endpoint 'CMS.API.Controllers.TriageController.GetLatestPatientVitals (CMS.API)'
2026-09-04 14:04:59.393 +03:00 [INF] Request finished HTTP/1.1 GET http://localhost:5010/api/v1/triage/patient/3/latest - 200 null application/json; charset=utf-8 93.8632ms
2026-09-04 14:05:02.749 +03:00 [INF] Request starting HTTP/1.1 GET http://localhost:5010/api/v1/patients/search?q= - application/json null
2026-09-04 14:05:02.756 +03:00 [INF] Failed to validate the token.
Microsoft.IdentityModel.Tokens.SecurityTokenMalformedException: IDX14120: JWT is not well formed, there is only one dot (.).
The token needs to be in JWS or JWE Compact Serialization Format. (JWS): 'EncodedHeader.EncodedPayload.EncodedSignature'. (JWE): 'EncodedProtectedHeader.EncodedEncryptedKey.EncodedInitializationVector.EncodedCiphertext.EncodedAuthenticationTag'.
   at Microsoft.IdentityModel.JsonWebTokens.JsonWebToken.ReadToken(ReadOnlyMemory`1 encodedTokenMemory)
   at Microsoft.IdentityModel.JsonWebTokens.JsonWebToken..ctor(String jwtEncodedString)
   at Microsoft.IdentityModel.JsonWebTokens.JsonWebTokenHandler.ReadToken(String token, TokenValidationParameters validationParameters)
2026-09-04 14:05:02.761 +03:00 [INF] Bearer was not authenticated. Failure message: IDX14120: JWT is not well formed, there is only one dot (.).
The token needs to be in JWS or JWE Compact Serialization Format. (JWS): 'EncodedHeader.EncodedPayload.EncodedSignature'. (JWE): 'EncodedProtectedHeader.EncodedEncryptedKey.EncodedInitializationVector.EncodedCiphertext.EncodedAuthenticationTag'.
2026-09-04 14:05:02.765 +03:00 [INF] Executing endpoint 'CMS.API.Controllers.PatientsController.Search (CMS.API)'
2026-09-04 14:05:02.768 +03:00 [INF] Route matched with {action = "Search", controller = "Patients"}. Executing controller action with signature System.Threading.Tasks.Task`1[Microsoft.AspNetCore.Mvc.IActionResult] Search(System.String, Int32) on controller CMS.API.Controllers.PatientsController (CMS.API).
2026-09-04 14:05:02.776 +03:00 [INF] Executing OkObjectResult, writing value of type 'CMS.Shared.DTOs.ApiResponse`1[[System.Collections.Generic.List`1[[CMS.Shared.DTOs.PatientDto, CMS.Shared, Version=1.0.0.0, Culture=neutral, PublicKeyToken=null]], System.Private.CoreLib, Version=8.0.0.0, Culture=neutral, PublicKeyToken=7cec85d7bea7798e]]'.
2026-09-04 14:05:02.779 +03:00 [INF] Executed action CMS.API.Controllers.PatientsController.Search (CMS.API) in 6.634ms
2026-09-04 14:05:02.785 +03:00 [INF] Executed endpoint 'CMS.API.Controllers.PatientsController.Search (CMS.API)'
2026-09-04 14:05:02.788 +03:00 [INF] Request finished HTTP/1.1 GET http://localhost:5010/api/v1/patients/search?q= - 200 null application/json; charset=utf-8 38.4641ms
2026-09-04 14:05:11.752 +03:00 [INF] Request starting HTTP/1.1 GET http://localhost:5010/api/v1/patients/next-mrn - application/json null
2026-09-04 14:05:11.783 +03:00 [INF] Failed to validate the token.
Microsoft.IdentityModel.Tokens.SecurityTokenMalformedException: IDX14120: JWT is not well formed, there is only one dot (.).
The token needs to be in JWS or JWE Compact Serialization Format. (JWS): 'EncodedHeader.EncodedPayload.EncodedSignature'. (JWE): 'EncodedProtectedHeader.EncodedEncryptedKey.EncodedInitializationVector.EncodedCiphertext.EncodedAuthenticationTag'.
   at Microsoft.IdentityModel.JsonWebTokens.JsonWebToken.ReadToken(ReadOnlyMemory`1 encodedTokenMemory)
   at Microsoft.IdentityModel.JsonWebTokens.JsonWebToken..ctor(String jwtEncodedString)
   at Microsoft.IdentityModel.JsonWebTokens.JsonWebTokenHandler.ReadToken(String token, TokenValidationParameters validationParameters)
2026-09-04 14:05:11.788 +03:00 [INF] Bearer was not authenticated. Failure message: IDX14120: JWT is not well formed, there is only one dot (.).
The token needs to be in JWS or JWE Compact Serialization Format. (JWS): 'EncodedHeader.EncodedPayload.EncodedSignature'. (JWE): 'EncodedProtectedHeader.EncodedEncryptedKey.EncodedInitializationVector.EncodedCiphertext.EncodedAuthenticationTag'.
2026-09-04 14:05:11.791 +03:00 [INF] Executing endpoint 'CMS.API.Controllers.PatientsController.GetNextMRN (CMS.API)'
2026-09-04 14:05:11.804 +03:00 [INF] Route matched with {action = "GetNextMRN", controller = "Patients"}. Executing controller action with signature System.Threading.Tasks.Task`1[Microsoft.AspNetCore.Mvc.IActionResult] GetNextMRN() on controller CMS.API.Controllers.PatientsController (CMS.API).
2026-09-04 14:05:11.838 +03:00 [INF] Executing OkObjectResult, writing value of type 'CMS.Shared.DTOs.ApiResponse`1[[System.Object, System.Private.CoreLib, Version=8.0.0.0, Culture=neutral, PublicKeyToken=7cec85d7bea7798e]]'.
2026-09-04 14:05:11.945 +03:00 [INF] Executed action CMS.API.Controllers.PatientsController.GetNextMRN (CMS.API) in 129.7297ms
2026-09-04 14:05:11.954 +03:00 [INF] Executed endpoint 'CMS.API.Controllers.PatientsController.GetNextMRN (CMS.API)'
2026-09-04 14:05:11.957 +03:00 [INF] Request finished HTTP/1.1 GET http://localhost:5010/api/v1/patients/next-mrn - 200 null application/json; charset=utf-8 205.9107ms
2026-09-04 14:05:47.330 +03:00 [INF] Request starting HTTP/1.1 POST http://localhost:5010/api/v1/patients - application/json 305
2026-09-04 14:05:47.847 +03:00 [INF] CORS policy execution successful.
2026-09-04 14:05:47.858 +03:00 [INF] Failed to validate the token.
Microsoft.IdentityModel.Tokens.SecurityTokenMalformedException: IDX14120: JWT is not well formed, there is only one dot (.).
The token needs to be in JWS or JWE Compact Serialization Format. (JWS): 'EncodedHeader.EncodedPayload.EncodedSignature'. (JWE): 'EncodedProtectedHeader.EncodedEncryptedKey.EncodedInitializationVector.EncodedCiphertext.EncodedAuthenticationTag'.
   at Microsoft.IdentityModel.JsonWebTokens.JsonWebToken.ReadToken(ReadOnlyMemory`1 encodedTokenMemory)
   at Microsoft.IdentityModel.JsonWebTokens.JsonWebToken..ctor(String jwtEncodedString)
   at Microsoft.IdentityModel.JsonWebTokens.JsonWebTokenHandler.ReadToken(String token, TokenValidationParameters validationParameters)
2026-09-04 14:05:47.867 +03:00 [INF] Bearer was not authenticated. Failure message: IDX14120: JWT is not well formed, there is only one dot (.).
The token needs to be in JWS or JWE Compact Serialization Format. (JWS): 'EncodedHeader.EncodedPayload.EncodedSignature'. (JWE): 'EncodedProtectedHeader.EncodedEncryptedKey.EncodedInitializationVector.EncodedCiphertext.EncodedAuthenticationTag'.
2026-09-04 14:05:47.941 +03:00 [INF] Executing endpoint 'CMS.API.Controllers.PatientsController.Create (CMS.API)'
2026-09-04 14:05:47.957 +03:00 [INF] Route matched with {action = "Create", controller = "Patients"}. Executing controller action with signature System.Threading.Tasks.Task`1[Microsoft.AspNetCore.Mvc.IActionResult] Create(CMS.Shared.DTOs.CreatePatientDto) on controller CMS.API.Controllers.PatientsController (CMS.API).
2026-09-04 14:05:48.484 +03:00 [INF] Request starting HTTP/1.1 POST http://localhost:5010/api/v1/patients - application/json 305
2026-09-04 14:05:48.524 +03:00 [INF] CORS policy execution successful.
2026-09-04 14:05:48.596 +03:00 [INF] Failed to validate the token.
Microsoft.IdentityModel.Tokens.SecurityTokenMalformedException: IDX14120: JWT is not well formed, there is only one dot (.).
The token needs to be in JWS or JWE Compact Serialization Format. (JWS): 'EncodedHeader.EncodedPayload.EncodedSignature'. (JWE): 'EncodedProtectedHeader.EncodedEncryptedKey.EncodedInitializationVector.EncodedCiphertext.EncodedAuthenticationTag'.
   at Microsoft.IdentityModel.JsonWebTokens.JsonWebToken.ReadToken(ReadOnlyMemory`1 encodedTokenMemory)
   at Microsoft.IdentityModel.JsonWebTokens.JsonWebToken..ctor(String jwtEncodedString)
   at Microsoft.IdentityModel.JsonWebTokens.JsonWebTokenHandler.ReadToken(String token, TokenValidationParameters validationParameters)
2026-09-04 14:05:48.630 +03:00 [INF] Bearer was not authenticated. Failure message: IDX14120: JWT is not well formed, there is only one dot (.).
The token needs to be in JWS or JWE Compact Serialization Format. (JWS): 'EncodedHeader.EncodedPayload.EncodedSignature'. (JWE): 'EncodedProtectedHeader.EncodedEncryptedKey.EncodedInitializationVector.EncodedCiphertext.EncodedAuthenticationTag'.
2026-09-04 14:05:48.634 +03:00 [INF] Executing endpoint 'CMS.API.Controllers.PatientsController.Create (CMS.API)'
2026-09-04 14:05:48.638 +03:00 [INF] Route matched with {action = "Create", controller = "Patients"}. Executing controller action with signature System.Threading.Tasks.Task`1[Microsoft.AspNetCore.Mvc.IActionResult] Create(CMS.Shared.DTOs.CreatePatientDto) on controller CMS.API.Controllers.PatientsController (CMS.API).
2026-09-04 14:05:48.680 +03:00 [INF] Executing OkObjectResult, writing value of type 'CMS.Shared.DTOs.ApiResponse`1[[System.Object, System.Private.CoreLib, Version=8.0.0.0, Culture=neutral, PublicKeyToken=7cec85d7bea7798e]]'.
2026-09-04 14:05:48.697 +03:00 [INF] Executed action CMS.API.Controllers.PatientsController.Create (CMS.API) in 728.6989ms
2026-09-04 14:05:48.711 +03:00 [INF] Executed action CMS.API.Controllers.PatientsController.Create (CMS.API) in 66.8901ms
2026-09-04 14:05:48.725 +03:00 [INF] Executed endpoint 'CMS.API.Controllers.PatientsController.Create (CMS.API)'
2026-09-04 14:05:48.722 +03:00 [INF] Executed endpoint 'CMS.API.Controllers.PatientsController.Create (CMS.API)'
2026-09-04 14:05:48.736 +03:00 [INF] Request finished HTTP/1.1 POST http://localhost:5010/api/v1/patients - 200 null application/json; charset=utf-8 1405.4479ms
2026-09-04 14:05:48.731 +03:00 [ERR] Unhandled exception encountered: Violation of UNIQUE KEY constraint 'UQ_Patients_TenantMRN'. Cannot insert duplicate key in object 'dbo.Patients'. The duplicate key value is (1, HD-0016).
The statement has been terminated.
Microsoft.Data.SqlClient.SqlException (0x80131904): Violation of UNIQUE KEY constraint 'UQ_Patients_TenantMRN'. Cannot insert duplicate key in object 'dbo.Patients'. The duplicate key value is (1, HD-0016).
The statement has been terminated.
   at Microsoft.Data.SqlClient.SqlConnection.OnError(SqlException exception, Boolean breakConnection, Action`1 wrapCloseInAction)
   at Microsoft.Data.SqlClient.SqlInternalConnection.OnError(SqlException exception, Boolean breakConnection, Action`1 wrapCloseInAction)
   at Microsoft.Data.SqlClient.TdsParser.ThrowExceptionAndWarning(TdsParserStateObject stateObj, Boolean callerHasConnectionLock, Boolean asyncClose)
   at Microsoft.Data.SqlClient.TdsParser.TryRun(RunBehavior runBehavior, SqlCommand cmdHandler, SqlDataReader dataStream, BulkCopySimpleResultSet bulkCopyHandler, TdsParserStateObject stateObj, Boolean& dataReady)
   at Microsoft.Data.SqlClient.SqlDataReader.TryConsumeMetaData()
   at Microsoft.Data.SqlClient.SqlDataReader.get_MetaData()
   at Microsoft.Data.SqlClient.SqlCommand.FinishExecuteReader(SqlDataReader ds, RunBehavior runBehavior, String resetOptionsString, Boolean isInternal, Boolean forDescribeParameterEncryption, Boolean shouldCacheForAlwaysEncrypted)
   at Microsoft.Data.SqlClient.SqlCommand.CompleteAsyncExecuteReader(Boolean isInternal, Boolean forDescribeParameterEncryption)
   at Microsoft.Data.SqlClient.SqlCommand.InternalEndExecuteReader(IAsyncResult asyncResult, Boolean isInternal, String endMethod)
   at Microsoft.Data.SqlClient.SqlCommand.EndExecuteReaderInternal(IAsyncResult asyncResult)
   at Microsoft.Data.SqlClient.SqlCommand.EndExecuteReaderAsync(IAsyncResult asyncResult)
   at Microsoft.Data.SqlClient.SqlCommand.EndExecuteReaderAsyncCallback(IAsyncResult asyncResult)
   at System.Threading.Tasks.TaskFactory`1.FromAsyncCoreLogic(IAsyncResult iar, Func`2 endFunction, Action`1 endAction, Task`1 promise, Boolean requiresSynchronization)
--- End of stack trace from previous location ---
   at Dapper.SqlMapper.ExecuteScalarImplAsync[T](IDbConnection cnn, CommandDefinition command) in /_/Dapper/SqlMapper.Async.cs:line 1241
   at CMS.API.Controllers.PatientsController.Create(CreatePatientDto dto) in C:\Users\ASUS\source\repos\CMS\src\CMS.API\Controllers\Controllers.cs:line 120
   at Microsoft.AspNetCore.Mvc.Infrastructure.ActionMethodExecutor.TaskOfIActionResultExecutor.Execute(ActionContext actionContext, IActionResultTypeMapper mapper, ObjectMethodExecutor executor, Object controller, Object[] arguments)
   at Microsoft.AspNetCore.Mvc.Infrastructure.ControllerActionInvoker.<InvokeActionMethodAsync>g__Awaited|12_0(ControllerActionInvoker invoker, ValueTask`1 actionResultValueTask)
   at Microsoft.AspNetCore.Mvc.Infrastructure.ControllerActionInvoker.<InvokeNextActionFilterAsync>g__Awaited|10_0(ControllerActionInvoker invoker, Task lastTask, State next, Scope scope, Object state, Boolean isCompleted)
   at Microsoft.AspNetCore.Mvc.Infrastructure.ControllerActionInvoker.Rethrow(ActionExecutedContextSealed context)
   at Microsoft.AspNetCore.Mvc.Infrastructure.ControllerActionInvoker.Next(State& next, Scope& scope, Object& state, Boolean& isCompleted)
   at Microsoft.AspNetCore.Mvc.Infrastructure.ControllerActionInvoker.<InvokeInnerFilterAsync>g__Awaited|13_0(ControllerActionInvoker invoker, Task lastTask, State next, Scope scope, Object state, Boolean isCompleted)
   at Microsoft.AspNetCore.Mvc.Infrastructure.ResourceInvoker.<InvokeFilterPipelineAsync>g__Awaited|20_0(ResourceInvoker invoker, Task lastTask, State next, Scope scope, Object state, Boolean isCompleted)
   at Microsoft.AspNetCore.Mvc.Infrastructure.ResourceInvoker.<InvokeAsync>g__Logged|17_1(ResourceInvoker invoker)
   at Microsoft.AspNetCore.Mvc.Infrastructure.ResourceInvoker.<InvokeAsync>g__Logged|17_1(ResourceInvoker invoker)
   at Microsoft.AspNetCore.Routing.EndpointMiddleware.<Invoke>g__AwaitRequestTask|7_0(Endpoint endpoint, Task requestTask, ILogger logger)
   at Microsoft.AspNetCore.Authorization.AuthorizationMiddleware.Invoke(HttpContext context)
   at Microsoft.AspNetCore.Authentication.AuthenticationMiddleware.Invoke(HttpContext context)
   at Swashbuckle.AspNetCore.SwaggerUI.SwaggerUIMiddleware.Invoke(HttpContext httpContext)
   at Swashbuckle.AspNetCore.Swagger.SwaggerMiddleware.Invoke(HttpContext httpContext, ISwaggerProvider swaggerProvider)
   at CMS.API.Middleware.TenantMiddleware.InvokeAsync(HttpContext context) in C:\Users\ASUS\source\repos\CMS\src\CMS.API\Middleware\Middlewares.cs:line 26
   at CMS.API.Middleware.ExceptionMiddleware.InvokeAsync(HttpContext context) in C:\Users\ASUS\source\repos\CMS\src\CMS.API\Middleware\Middlewares.cs:line 45
ClientConnectionId:e156f731-515a-470c-9a4f-636d3c1a7dc0
Error Number:2627,State:1,Class:14
2026-09-04 14:05:48.809 +03:00 [INF] Request finished HTTP/1.1 POST http://localhost:5010/api/v1/patients - 500 null application/json 325.5797ms
2026-09-04 14:05:49.057 +03:00 [INF] Request starting HTTP/1.1 GET http://localhost:5010/api/v1/patients/search?q= - application/json null
2026-09-04 14:05:49.085 +03:00 [INF] Failed to validate the token.
Microsoft.IdentityModel.Tokens.SecurityTokenMalformedException: IDX14120: JWT is not well formed, there is only one dot (.).
The token needs to be in JWS or JWE Compact Serialization Format. (JWS): 'EncodedHeader.EncodedPayload.EncodedSignature'. (JWE): 'EncodedProtectedHeader.EncodedEncryptedKey.EncodedInitializationVector.EncodedCiphertext.EncodedAuthenticationTag'.
   at Microsoft.IdentityModel.JsonWebTokens.JsonWebToken.ReadToken(ReadOnlyMemory`1 encodedTokenMemory)
   at Microsoft.IdentityModel.JsonWebTokens.JsonWebToken..ctor(String jwtEncodedString)
   at Microsoft.IdentityModel.JsonWebTokens.JsonWebTokenHandler.ReadToken(String token, TokenValidationParameters validationParameters)
2026-09-04 14:05:49.137 +03:00 [INF] Bearer was not authenticated. Failure message: IDX14120: JWT is not well formed, there is only one dot (.).
The token needs to be in JWS or JWE Compact Serialization Format. (JWS): 'EncodedHeader.EncodedPayload.EncodedSignature'. (JWE): 'EncodedProtectedHeader.EncodedEncryptedKey.EncodedInitializationVector.EncodedCiphertext.EncodedAuthenticationTag'.
2026-09-04 14:05:49.287 +03:00 [INF] Executing endpoint 'CMS.API.Controllers.PatientsController.Search (CMS.API)'
2026-09-04 14:05:49.293 +03:00 [INF] Route matched with {action = "Search", controller = "Patients"}. Executing controller action with signature System.Threading.Tasks.Task`1[Microsoft.AspNetCore.Mvc.IActionResult] Search(System.String, Int32) on controller CMS.API.Controllers.PatientsController (CMS.API).
2026-09-04 14:05:49.309 +03:00 [INF] Executing OkObjectResult, writing value of type 'CMS.Shared.DTOs.ApiResponse`1[[System.Collections.Generic.List`1[[CMS.Shared.DTOs.PatientDto, CMS.Shared, Version=1.0.0.0, Culture=neutral, PublicKeyToken=null]], System.Private.CoreLib, Version=8.0.0.0, Culture=neutral, PublicKeyToken=7cec85d7bea7798e]]'.
2026-09-04 14:05:49.315 +03:00 [INF] Executed action CMS.API.Controllers.PatientsController.Search (CMS.API) in 8.9306ms
2026-09-04 14:05:49.445 +03:00 [INF] Executed endpoint 'CMS.API.Controllers.PatientsController.Search (CMS.API)'
2026-09-04 14:05:49.453 +03:00 [INF] Request finished HTTP/1.1 GET http://localhost:5010/api/v1/patients/search?q= - 200 null application/json; charset=utf-8 395.4748ms
2026-09-04 14:06:11.306 +03:00 [INF] Application is shutting down...
2026-09-04 14:06:31.258 +03:00 [INF] User profile is available. Using 'C:\Users\ASUS\AppData\Local\ASP.NET\DataProtection-Keys' as key repository and Windows DPAPI to encrypt keys at rest.
2026-09-04 14:06:31.434 +03:00 [INF] Now listening on: http://localhost:5010
2026-09-04 14:06:31.441 +03:00 [INF] Application started. Press Ctrl+C to shut down.
2026-09-04 14:06:31.444 +03:00 [INF] Hosting environment: Development
2026-09-04 14:06:31.447 +03:00 [INF] Content root path: C:\Users\ASUS\source\repos\CMS\src\CMS.API
2026-09-04 14:06:54.444 +03:00 [INF] Request starting HTTP/1.1 GET http://localhost:5010/api/v1/dashboard/metrics - null null
2026-09-04 14:06:54.626 +03:00 [INF] Failed to validate the token.
Microsoft.IdentityModel.Tokens.SecurityTokenMalformedException: IDX14120: JWT is not well formed, there is only one dot (.).
The token needs to be in JWS or JWE Compact Serialization Format. (JWS): 'EncodedHeader.EncodedPayload.EncodedSignature'. (JWE): 'EncodedProtectedHeader.EncodedEncryptedKey.EncodedInitializationVector.EncodedCiphertext.EncodedAuthenticationTag'.
   at Microsoft.IdentityModel.JsonWebTokens.JsonWebToken.ReadToken(ReadOnlyMemory`1 encodedTokenMemory)
   at Microsoft.IdentityModel.JsonWebTokens.JsonWebToken..ctor(String jwtEncodedString)
   at Microsoft.IdentityModel.JsonWebTokens.JsonWebTokenHandler.ReadToken(String token, TokenValidationParameters validationParameters)
2026-09-04 14:06:54.653 +03:00 [INF] Bearer was not authenticated. Failure message: IDX14120: JWT is not well formed, there is only one dot (.).
The token needs to be in JWS or JWE Compact Serialization Format. (JWS): 'EncodedHeader.EncodedPayload.EncodedSignature'. (JWE): 'EncodedProtectedHeader.EncodedEncryptedKey.EncodedInitializationVector.EncodedCiphertext.EncodedAuthenticationTag'.
2026-09-04 14:06:54.667 +03:00 [INF] Executing endpoint 'CMS.API.Controllers.DashboardController.GetMetrics (CMS.API)'
2026-09-04 14:06:54.692 +03:00 [INF] Route matched with {action = "GetMetrics", controller = "Dashboard"}. Executing controller action with signature System.Threading.Tasks.Task`1[Microsoft.AspNetCore.Mvc.IActionResult] GetMetrics() on controller CMS.API.Controllers.DashboardController (CMS.API).
2026-09-04 14:06:56.959 +03:00 [INF] Executing OkObjectResult, writing value of type 'CMS.Shared.DTOs.ApiResponse`1[[CMS.Shared.DTOs.DashboardMetricsDto, CMS.Shared, Version=1.0.0.0, Culture=neutral, PublicKeyToken=null]]'.
2026-09-04 14:06:57.106 +03:00 [INF] Executed action CMS.API.Controllers.DashboardController.GetMetrics (CMS.API) in 2397.8708ms
2026-09-04 14:06:57.111 +03:00 [INF] Request starting HTTP/1.1 GET http://localhost:5010/api/v1/dashboard/metrics - null null
2026-09-04 14:06:57.124 +03:00 [INF] Executed endpoint 'CMS.API.Controllers.DashboardController.GetMetrics (CMS.API)'
2026-09-04 14:06:57.141 +03:00 [INF] Failed to validate the token.
Microsoft.IdentityModel.Tokens.SecurityTokenMalformedException: IDX14120: JWT is not well formed, there is only one dot (.).
The token needs to be in JWS or JWE Compact Serialization Format. (JWS): 'EncodedHeader.EncodedPayload.EncodedSignature'. (JWE): 'EncodedProtectedHeader.EncodedEncryptedKey.EncodedInitializationVector.EncodedCiphertext.EncodedAuthenticationTag'.
   at Microsoft.IdentityModel.JsonWebTokens.JsonWebToken.ReadToken(ReadOnlyMemory`1 encodedTokenMemory)
   at Microsoft.IdentityModel.JsonWebTokens.JsonWebToken..ctor(String jwtEncodedString)
   at Microsoft.IdentityModel.JsonWebTokens.JsonWebTokenHandler.ReadToken(String token, TokenValidationParameters validationParameters)
2026-09-04 14:06:57.141 +03:00 [INF] Request finished HTTP/1.1 GET http://localhost:5010/api/v1/dashboard/metrics - 200 null application/json; charset=utf-8 2700.4987ms
2026-09-04 14:06:57.159 +03:00 [INF] Bearer was not authenticated. Failure message: IDX14120: JWT is not well formed, there is only one dot (.).
The token needs to be in JWS or JWE Compact Serialization Format. (JWS): 'EncodedHeader.EncodedPayload.EncodedSignature'. (JWE): 'EncodedProtectedHeader.EncodedEncryptedKey.EncodedInitializationVector.EncodedCiphertext.EncodedAuthenticationTag'.
2026-09-04 14:06:57.172 +03:00 [INF] Executing endpoint 'CMS.API.Controllers.DashboardController.GetMetrics (CMS.API)'
2026-09-04 14:06:57.176 +03:00 [INF] Route matched with {action = "GetMetrics", controller = "Dashboard"}. Executing controller action with signature System.Threading.Tasks.Task`1[Microsoft.AspNetCore.Mvc.IActionResult] GetMetrics() on controller CMS.API.Controllers.DashboardController (CMS.API).
2026-09-04 14:06:57.276 +03:00 [INF] Executing OkObjectResult, writing value of type 'CMS.Shared.DTOs.ApiResponse`1[[CMS.Shared.DTOs.DashboardMetricsDto, CMS.Shared, Version=1.0.0.0, Culture=neutral, PublicKeyToken=null]]'.
2026-09-04 14:06:57.302 +03:00 [INF] Executed action CMS.API.Controllers.DashboardController.GetMetrics (CMS.API) in 120.4706ms
2026-09-04 14:06:57.310 +03:00 [INF] Executed endpoint 'CMS.API.Controllers.DashboardController.GetMetrics (CMS.API)'
2026-09-04 14:06:57.313 +03:00 [INF] Request finished HTTP/1.1 GET http://localhost:5010/api/v1/dashboard/metrics - 200 null application/json; charset=utf-8 202.1426ms
2026-09-04 14:07:55.728 +03:00 [INF] Request starting HTTP/1.1 GET http://localhost:5010/api/v1/integrations - application/json null
2026-09-04 14:07:55.776 +03:00 [INF] Failed to validate the token.
Microsoft.IdentityModel.Tokens.SecurityTokenMalformedException: IDX14120: JWT is not well formed, there is only one dot (.).
The token needs to be in JWS or JWE Compact Serialization Format. (JWS): 'EncodedHeader.EncodedPayload.EncodedSignature'. (JWE): 'EncodedProtectedHeader.EncodedEncryptedKey.EncodedInitializationVector.EncodedCiphertext.EncodedAuthenticationTag'.
   at Microsoft.IdentityModel.JsonWebTokens.JsonWebToken.ReadToken(ReadOnlyMemory`1 encodedTokenMemory)
   at Microsoft.IdentityModel.JsonWebTokens.JsonWebToken..ctor(String jwtEncodedString)
   at Microsoft.IdentityModel.JsonWebTokens.JsonWebTokenHandler.ReadToken(String token, TokenValidationParameters validationParameters)
2026-09-04 14:07:55.784 +03:00 [INF] Bearer was not authenticated. Failure message: IDX14120: JWT is not well formed, there is only one dot (.).
The token needs to be in JWS or JWE Compact Serialization Format. (JWS): 'EncodedHeader.EncodedPayload.EncodedSignature'. (JWE): 'EncodedProtectedHeader.EncodedEncryptedKey.EncodedInitializationVector.EncodedCiphertext.EncodedAuthenticationTag'.
2026-09-04 14:07:55.790 +03:00 [INF] Executing endpoint 'CMS.API.Controllers.IntegrationsController.GetIntegrations (CMS.API)'
2026-09-04 14:07:55.818 +03:00 [INF] Route matched with {action = "GetIntegrations", controller = "Integrations"}. Executing controller action with signature System.Threading.Tasks.Task`1[Microsoft.AspNetCore.Mvc.IActionResult] GetIntegrations() on controller CMS.API.Controllers.IntegrationsController (CMS.API).
2026-09-04 14:07:56.403 +03:00 [INF] Executing OkObjectResult, writing value of type 'CMS.Shared.DTOs.ApiResponse`1[[System.Collections.Generic.List`1[[CMS.Shared.DTOs.IntegrationConfigDto, CMS.Shared, Version=1.0.0.0, Culture=neutral, PublicKeyToken=null]], System.Private.CoreLib, Version=8.0.0.0, Culture=neutral, PublicKeyToken=7cec85d7bea7798e]]'.
2026-09-04 14:07:56.434 +03:00 [INF] Executed action CMS.API.Controllers.IntegrationsController.GetIntegrations (CMS.API) in 510.9366ms
2026-09-04 14:07:56.447 +03:00 [INF] Request starting HTTP/1.1 GET http://localhost:5010/api/v1/integrations - application/json null
2026-09-04 14:07:56.453 +03:00 [INF] Executed endpoint 'CMS.API.Controllers.IntegrationsController.GetIntegrations (CMS.API)'
2026-09-04 14:07:56.463 +03:00 [INF] Failed to validate the token.
Microsoft.IdentityModel.Tokens.SecurityTokenMalformedException: IDX14120: JWT is not well formed, there is only one dot (.).
The token needs to be in JWS or JWE Compact Serialization Format. (JWS): 'EncodedHeader.EncodedPayload.EncodedSignature'. (JWE): 'EncodedProtectedHeader.EncodedEncryptedKey.EncodedInitializationVector.EncodedCiphertext.EncodedAuthenticationTag'.
   at Microsoft.IdentityModel.JsonWebTokens.JsonWebToken.ReadToken(ReadOnlyMemory`1 encodedTokenMemory)
   at Microsoft.IdentityModel.JsonWebTokens.JsonWebToken..ctor(String jwtEncodedString)
   at Microsoft.IdentityModel.JsonWebTokens.JsonWebTokenHandler.ReadToken(String token, TokenValidationParameters validationParameters)
2026-09-04 14:07:56.467 +03:00 [INF] Request finished HTTP/1.1 GET http://localhost:5010/api/v1/integrations - 200 null application/json; charset=utf-8 738.2139ms
2026-09-04 14:07:56.483 +03:00 [INF] Bearer was not authenticated. Failure message: IDX14120: JWT is not well formed, there is only one dot (.).
The token needs to be in JWS or JWE Compact Serialization Format. (JWS): 'EncodedHeader.EncodedPayload.EncodedSignature'. (JWE): 'EncodedProtectedHeader.EncodedEncryptedKey.EncodedInitializationVector.EncodedCiphertext.EncodedAuthenticationTag'.
2026-09-04 14:07:56.506 +03:00 [INF] Executing endpoint 'CMS.API.Controllers.IntegrationsController.GetIntegrations (CMS.API)'
2026-09-04 14:07:56.531 +03:00 [INF] Route matched with {action = "GetIntegrations", controller = "Integrations"}. Executing controller action with signature System.Threading.Tasks.Task`1[Microsoft.AspNetCore.Mvc.IActionResult] GetIntegrations() on controller CMS.API.Controllers.IntegrationsController (CMS.API).
2026-09-04 14:07:56.543 +03:00 [INF] Executing OkObjectResult, writing value of type 'CMS.Shared.DTOs.ApiResponse`1[[System.Collections.Generic.List`1[[CMS.Shared.DTOs.IntegrationConfigDto, CMS.Shared, Version=1.0.0.0, Culture=neutral, PublicKeyToken=null]], System.Private.CoreLib, Version=8.0.0.0, Culture=neutral, PublicKeyToken=7cec85d7bea7798e]]'.
2026-09-04 14:07:56.550 +03:00 [INF] Executed action CMS.API.Controllers.IntegrationsController.GetIntegrations (CMS.API) in 12.9946ms
2026-09-04 14:07:56.561 +03:00 [INF] Executed endpoint 'CMS.API.Controllers.IntegrationsController.GetIntegrations (CMS.API)'
2026-09-04 14:07:56.565 +03:00 [INF] Request finished HTTP/1.1 GET http://localhost:5010/api/v1/integrations - 200 null application/json; charset=utf-8 117.1997ms
2026-09-04 14:08:45.498 +03:00 [INF] Request starting HTTP/1.1 GET http://localhost:5010/api/v1/integrations - application/json null
2026-09-04 14:08:45.651 +03:00 [INF] Executing endpoint 'CMS.API.Controllers.IntegrationsController.GetIntegrations (CMS.API)'
2026-09-04 14:08:45.655 +03:00 [INF] Route matched with {action = "GetIntegrations", controller = "Integrations"}. Executing controller action with signature System.Threading.Tasks.Task`1[Microsoft.AspNetCore.Mvc.IActionResult] GetIntegrations() on controller CMS.API.Controllers.IntegrationsController (CMS.API).
2026-09-04 14:08:45.671 +03:00 [INF] Executing OkObjectResult, writing value of type 'CMS.Shared.DTOs.ApiResponse`1[[System.Collections.Generic.List`1[[CMS.Shared.DTOs.IntegrationConfigDto, CMS.Shared, Version=1.0.0.0, Culture=neutral, PublicKeyToken=null]], System.Private.CoreLib, Version=8.0.0.0, Culture=neutral, PublicKeyToken=7cec85d7bea7798e]]'.
2026-09-04 14:08:45.696 +03:00 [INF] Executed action CMS.API.Controllers.IntegrationsController.GetIntegrations (CMS.API) in 31.2258ms
2026-09-04 14:08:45.709 +03:00 [INF] Executed endpoint 'CMS.API.Controllers.IntegrationsController.GetIntegrations (CMS.API)'
2026-09-04 14:08:45.713 +03:00 [INF] Request finished HTTP/1.1 GET http://localhost:5010/api/v1/integrations - 200 null application/json; charset=utf-8 217.9148ms
2026-09-04 14:08:54.392 +03:00 [INF] Request starting HTTP/1.1 GET http://localhost:5010/api/v1/dashboard/metrics - null null
2026-09-04 14:08:54.416 +03:00 [INF] Failed to validate the token.
Microsoft.IdentityModel.Tokens.SecurityTokenMalformedException: IDX14100: JWT is not well formed, there are no dots (.).
The token needs to be in JWS or JWE Compact Serialization Format. (JWS): 'EncodedHeader.EncodedPayload.EncodedSignature'. (JWE): 'EncodedProtectedHeader.EncodedEncryptedKey.EncodedInitializationVector.EncodedCiphertext.EncodedAuthenticationTag'.
   at Microsoft.IdentityModel.JsonWebTokens.JsonWebToken.ReadToken(ReadOnlyMemory`1 encodedTokenMemory)
   at Microsoft.IdentityModel.JsonWebTokens.JsonWebToken..ctor(String jwtEncodedString)
   at Microsoft.IdentityModel.JsonWebTokens.JsonWebTokenHandler.ReadToken(String token, TokenValidationParameters validationParameters)
2026-09-04 14:08:54.491 +03:00 [INF] Bearer was not authenticated. Failure message: IDX14100: JWT is not well formed, there are no dots (.).
The token needs to be in JWS or JWE Compact Serialization Format. (JWS): 'EncodedHeader.EncodedPayload.EncodedSignature'. (JWE): 'EncodedProtectedHeader.EncodedEncryptedKey.EncodedInitializationVector.EncodedCiphertext.EncodedAuthenticationTag'.
2026-09-04 14:08:54.499 +03:00 [INF] Executing endpoint 'CMS.API.Controllers.DashboardController.GetMetrics (CMS.API)'
2026-09-04 14:08:54.505 +03:00 [INF] Route matched with {action = "GetMetrics", controller = "Dashboard"}. Executing controller action with signature System.Threading.Tasks.Task`1[Microsoft.AspNetCore.Mvc.IActionResult] GetMetrics() on controller CMS.API.Controllers.DashboardController (CMS.API).
2026-09-04 14:08:54.654 +03:00 [INF] Executing OkObjectResult, writing value of type 'CMS.Shared.DTOs.ApiResponse`1[[CMS.Shared.DTOs.DashboardMetricsDto, CMS.Shared, Version=1.0.0.0, Culture=neutral, PublicKeyToken=null]]'.
2026-09-04 14:08:54.670 +03:00 [INF] Executed action CMS.API.Controllers.DashboardController.GetMetrics (CMS.API) in 156.3458ms
2026-09-04 14:08:54.682 +03:00 [INF] Executed endpoint 'CMS.API.Controllers.DashboardController.GetMetrics (CMS.API)'
2026-09-04 14:08:54.685 +03:00 [INF] Request finished HTTP/1.1 GET http://localhost:5010/api/v1/dashboard/metrics - 200 null application/json; charset=utf-8 293.0184ms
2026-09-04 14:08:54.995 +03:00 [INF] Request starting HTTP/1.1 GET http://localhost:5010/api/v1/dashboard/metrics - null null
2026-09-04 14:08:55.032 +03:00 [INF] Failed to validate the token.
Microsoft.IdentityModel.Tokens.SecurityTokenMalformedException: IDX14100: JWT is not well formed, there are no dots (.).
The token needs to be in JWS or JWE Compact Serialization Format. (JWS): 'EncodedHeader.EncodedPayload.EncodedSignature'. (JWE): 'EncodedProtectedHeader.EncodedEncryptedKey.EncodedInitializationVector.EncodedCiphertext.EncodedAuthenticationTag'.
   at Microsoft.IdentityModel.JsonWebTokens.JsonWebToken.ReadToken(ReadOnlyMemory`1 encodedTokenMemory)
   at Microsoft.IdentityModel.JsonWebTokens.JsonWebToken..ctor(String jwtEncodedString)
   at Microsoft.IdentityModel.JsonWebTokens.JsonWebTokenHandler.ReadToken(String token, TokenValidationParameters validationParameters)
2026-09-04 14:08:55.184 +03:00 [INF] Bearer was not authenticated. Failure message: IDX14100: JWT is not well formed, there are no dots (.).
The token needs to be in JWS or JWE Compact Serialization Format. (JWS): 'EncodedHeader.EncodedPayload.EncodedSignature'. (JWE): 'EncodedProtectedHeader.EncodedEncryptedKey.EncodedInitializationVector.EncodedCiphertext.EncodedAuthenticationTag'.
2026-09-04 14:08:55.286 +03:00 [INF] Executing endpoint 'CMS.API.Controllers.DashboardController.GetMetrics (CMS.API)'
2026-09-04 14:08:55.341 +03:00 [INF] Route matched with {action = "GetMetrics", controller = "Dashboard"}. Executing controller action with signature System.Threading.Tasks.Task`1[Microsoft.AspNetCore.Mvc.IActionResult] GetMetrics() on controller CMS.API.Controllers.DashboardController (CMS.API).
2026-09-04 14:08:55.369 +03:00 [INF] Executing OkObjectResult, writing value of type 'CMS.Shared.DTOs.ApiResponse`1[[CMS.Shared.DTOs.DashboardMetricsDto, CMS.Shared, Version=1.0.0.0, Culture=neutral, PublicKeyToken=null]]'.
2026-09-04 14:08:55.379 +03:00 [INF] Executed action CMS.API.Controllers.DashboardController.GetMetrics (CMS.API) in 24.6938ms
2026-09-04 14:08:55.387 +03:00 [INF] Executed endpoint 'CMS.API.Controllers.DashboardController.GetMetrics (CMS.API)'
2026-09-04 14:08:55.393 +03:00 [INF] Request finished HTTP/1.1 GET http://localhost:5010/api/v1/dashboard/metrics - 200 null application/json; charset=utf-8 397.3978ms
2026-09-04 14:09:08.074 +03:00 [INF] Application is shutting down...
2026-09-04 14:09:52.815 +03:00 [INF] User profile is available. Using 'C:\Users\ASUS\AppData\Local\ASP.NET\DataProtection-Keys' as key repository and Windows DPAPI to encrypt keys at rest.
2026-09-04 14:09:53.057 +03:00 [INF] Now listening on: http://localhost:5010
2026-09-04 14:09:53.066 +03:00 [INF] Application started. Press Ctrl+C to shut down.
2026-09-04 14:09:53.070 +03:00 [INF] Hosting environment: Development
2026-09-04 14:09:53.074 +03:00 [INF] Content root path: C:\Users\ASUS\source\repos\CMS\src\CMS.API
2026-09-04 14:10:04.168 +03:00 [INF] Request starting HTTP/1.1 GET http://localhost:5010/api/v1/dashboard/metrics - null null
2026-09-04 14:10:04.457 +03:00 [INF] Failed to validate the token.
Microsoft.IdentityModel.Tokens.SecurityTokenMalformedException: IDX14100: JWT is not well formed, there are no dots (.).
The token needs to be in JWS or JWE Compact Serialization Format. (JWS): 'EncodedHeader.EncodedPayload.EncodedSignature'. (JWE): 'EncodedProtectedHeader.EncodedEncryptedKey.EncodedInitializationVector.EncodedCiphertext.EncodedAuthenticationTag'.
   at Microsoft.IdentityModel.JsonWebTokens.JsonWebToken.ReadToken(ReadOnlyMemory`1 encodedTokenMemory)
   at Microsoft.IdentityModel.JsonWebTokens.JsonWebToken..ctor(String jwtEncodedString)
   at Microsoft.IdentityModel.JsonWebTokens.JsonWebTokenHandler.ReadToken(String token, TokenValidationParameters validationParameters)
2026-09-04 14:10:04.483 +03:00 [INF] Bearer was not authenticated. Failure message: IDX14100: JWT is not well formed, there are no dots (.).
The token needs to be in JWS or JWE Compact Serialization Format. (JWS): 'EncodedHeader.EncodedPayload.EncodedSignature'. (JWE): 'EncodedProtectedHeader.EncodedEncryptedKey.EncodedInitializationVector.EncodedCiphertext.EncodedAuthenticationTag'.
2026-09-04 14:10:04.496 +03:00 [INF] Executing endpoint 'CMS.API.Controllers.DashboardController.GetMetrics (CMS.API)'
2026-09-04 14:10:04.533 +03:00 [INF] Route matched with {action = "GetMetrics", controller = "Dashboard"}. Executing controller action with signature System.Threading.Tasks.Task`1[Microsoft.AspNetCore.Mvc.IActionResult] GetMetrics() on controller CMS.API.Controllers.DashboardController (CMS.API).
2026-09-04 14:10:06.807 +03:00 [INF] Executing OkObjectResult, writing value of type 'CMS.Shared.DTOs.ApiResponse`1[[CMS.Shared.DTOs.DashboardMetricsDto, CMS.Shared, Version=1.0.0.0, Culture=neutral, PublicKeyToken=null]]'.
2026-09-04 14:10:07.351 +03:00 [INF] Executed action CMS.API.Controllers.DashboardController.GetMetrics (CMS.API) in 2748.3164ms
2026-09-04 14:10:07.364 +03:00 [INF] Request starting HTTP/1.1 GET http://localhost:5010/api/v1/dashboard/metrics - null null
2026-09-04 14:10:07.505 +03:00 [INF] Executed endpoint 'CMS.API.Controllers.DashboardController.GetMetrics (CMS.API)'
2026-09-04 14:10:07.590 +03:00 [INF] Request finished HTTP/1.1 GET http://localhost:5010/api/v1/dashboard/metrics - 200 null application/json; charset=utf-8 3421.6888ms
2026-09-04 14:10:07.597 +03:00 [INF] Failed to validate the token.
Microsoft.IdentityModel.Tokens.SecurityTokenMalformedException: IDX14100: JWT is not well formed, there are no dots (.).
The token needs to be in JWS or JWE Compact Serialization Format. (JWS): 'EncodedHeader.EncodedPayload.EncodedSignature'. (JWE): 'EncodedProtectedHeader.EncodedEncryptedKey.EncodedInitializationVector.EncodedCiphertext.EncodedAuthenticationTag'.
   at Microsoft.IdentityModel.JsonWebTokens.JsonWebToken.ReadToken(ReadOnlyMemory`1 encodedTokenMemory)
   at Microsoft.IdentityModel.JsonWebTokens.JsonWebToken..ctor(String jwtEncodedString)
   at Microsoft.IdentityModel.JsonWebTokens.JsonWebTokenHandler.ReadToken(String token, TokenValidationParameters validationParameters)
2026-09-04 14:10:07.611 +03:00 [INF] Bearer was not authenticated. Failure message: IDX14100: JWT is not well formed, there are no dots (.).
The token needs to be in JWS or JWE Compact Serialization Format. (JWS): 'EncodedHeader.EncodedPayload.EncodedSignature'. (JWE): 'EncodedProtectedHeader.EncodedEncryptedKey.EncodedInitializationVector.EncodedCiphertext.EncodedAuthenticationTag'.
2026-09-04 14:10:07.615 +03:00 [INF] Executing endpoint 'CMS.API.Controllers.DashboardController.GetMetrics (CMS.API)'
2026-09-04 14:10:07.619 +03:00 [INF] Route matched with {action = "GetMetrics", controller = "Dashboard"}. Executing controller action with signature System.Threading.Tasks.Task`1[Microsoft.AspNetCore.Mvc.IActionResult] GetMetrics() on controller CMS.API.Controllers.DashboardController (CMS.API).
2026-09-04 14:10:07.933 +03:00 [INF] Executing OkObjectResult, writing value of type 'CMS.Shared.DTOs.ApiResponse`1[[CMS.Shared.DTOs.DashboardMetricsDto, CMS.Shared, Version=1.0.0.0, Culture=neutral, PublicKeyToken=null]]'.
2026-09-04 14:10:07.939 +03:00 [INF] Executed action CMS.API.Controllers.DashboardController.GetMetrics (CMS.API) in 313.3092ms
2026-09-04 14:10:07.943 +03:00 [INF] Executed endpoint 'CMS.API.Controllers.DashboardController.GetMetrics (CMS.API)'
2026-09-04 14:10:07.949 +03:00 [INF] Request finished HTTP/1.1 GET http://localhost:5010/api/v1/dashboard/metrics - 200 null application/json; charset=utf-8 584.3406ms
2026-09-04 14:10:13.025 +03:00 [INF] Request starting HTTP/1.1 GET http://localhost:5010/api/v1/patients/search?q= - application/json null
2026-09-04 14:10:13.070 +03:00 [INF] Executing endpoint 'CMS.API.Controllers.PatientsController.Search (CMS.API)'
2026-09-04 14:10:13.091 +03:00 [INF] Route matched with {action = "Search", controller = "Patients"}. Executing controller action with signature System.Threading.Tasks.Task`1[Microsoft.AspNetCore.Mvc.IActionResult] Search(System.String, Int32) on controller CMS.API.Controllers.PatientsController (CMS.API).
2026-09-04 14:10:13.470 +03:00 [INF] Executing OkObjectResult, writing value of type 'CMS.Shared.DTOs.ApiResponse`1[[System.Collections.Generic.List`1[[CMS.Shared.DTOs.PatientDto, CMS.Shared, Version=1.0.0.0, Culture=neutral, PublicKeyToken=null]], System.Private.CoreLib, Version=8.0.0.0, Culture=neutral, PublicKeyToken=7cec85d7bea7798e]]'.
2026-09-04 14:10:13.500 +03:00 [INF] Executed action CMS.API.Controllers.PatientsController.Search (CMS.API) in 401.2779ms
2026-09-04 14:10:13.504 +03:00 [INF] Executed endpoint 'CMS.API.Controllers.PatientsController.Search (CMS.API)'
2026-09-04 14:10:13.509 +03:00 [INF] Request finished HTTP/1.1 GET http://localhost:5010/api/v1/patients/search?q= - 200 null application/json; charset=utf-8 483.8167ms
2026-09-04 14:10:24.360 +03:00 [INF] Request starting HTTP/1.1 GET http://localhost:5010/api/v1/patients/next-mrn - application/json null
2026-09-04 14:10:24.427 +03:00 [INF] Executing endpoint 'CMS.API.Controllers.PatientsController.GetNextMRN (CMS.API)'
2026-09-04 14:10:24.507 +03:00 [INF] Route matched with {action = "GetNextMRN", controller = "Patients"}. Executing controller action with signature System.Threading.Tasks.Task`1[Microsoft.AspNetCore.Mvc.IActionResult] GetNextMRN() on controller CMS.API.Controllers.PatientsController (CMS.API).
2026-09-04 14:10:24.529 +03:00 [INF] Executing OkObjectResult, writing value of type 'CMS.Shared.DTOs.ApiResponse`1[[System.Object, System.Private.CoreLib, Version=8.0.0.0, Culture=neutral, PublicKeyToken=7cec85d7bea7798e]]'.
2026-09-04 14:10:24.539 +03:00 [INF] Executed action CMS.API.Controllers.PatientsController.GetNextMRN (CMS.API) in 23.4689ms
2026-09-04 14:10:24.547 +03:00 [INF] Executed endpoint 'CMS.API.Controllers.PatientsController.GetNextMRN (CMS.API)'
2026-09-04 14:10:24.549 +03:00 [INF] Request finished HTTP/1.1 GET http://localhost:5010/api/v1/patients/next-mrn - 200 null application/json; charset=utf-8 189.285ms
2026-09-04 14:10:58.788 +03:00 [INF] Request starting HTTP/1.1 POST http://localhost:5010/api/v1/patients - application/json 281
2026-09-04 14:10:58.807 +03:00 [INF] CORS policy execution successful.
2026-09-04 14:10:58.814 +03:00 [INF] Executing endpoint 'CMS.API.Controllers.PatientsController.Create (CMS.API)'
2026-09-04 14:10:58.863 +03:00 [INF] Route matched with {action = "Create", controller = "Patients"}. Executing controller action with signature System.Threading.Tasks.Task`1[Microsoft.AspNetCore.Mvc.IActionResult] Create(CMS.Shared.DTOs.CreatePatientDto) on controller CMS.API.Controllers.PatientsController (CMS.API).
2026-09-04 14:10:59.020 +03:00 [INF] Executing OkObjectResult, writing value of type 'CMS.Shared.DTOs.ApiResponse`1[[System.Object, System.Private.CoreLib, Version=8.0.0.0, Culture=neutral, PublicKeyToken=7cec85d7bea7798e]]'.
2026-09-04 14:10:59.032 +03:00 [INF] Executed action CMS.API.Controllers.PatientsController.Create (CMS.API) in 152.8631ms
2026-09-04 14:10:59.040 +03:00 [INF] Executed endpoint 'CMS.API.Controllers.PatientsController.Create (CMS.API)'
2026-09-04 14:10:59.044 +03:00 [INF] Request finished HTTP/1.1 POST http://localhost:5010/api/v1/patients - 200 null application/json; charset=utf-8 256.2644ms
2026-09-04 14:10:59.057 +03:00 [INF] Request starting HTTP/1.1 GET http://localhost:5010/api/v1/patients/search?q= - application/json null
2026-09-04 14:10:59.353 +03:00 [INF] Executing endpoint 'CMS.API.Controllers.PatientsController.Search (CMS.API)'
2026-09-04 14:10:59.457 +03:00 [INF] Route matched with {action = "Search", controller = "Patients"}. Executing controller action with signature System.Threading.Tasks.Task`1[Microsoft.AspNetCore.Mvc.IActionResult] Search(System.String, Int32) on controller CMS.API.Controllers.PatientsController (CMS.API).
2026-09-04 14:10:59.466 +03:00 [INF] Executing OkObjectResult, writing value of type 'CMS.Shared.DTOs.ApiResponse`1[[System.Collections.Generic.List`1[[CMS.Shared.DTOs.PatientDto, CMS.Shared, Version=1.0.0.0, Culture=neutral, PublicKeyToken=null]], System.Private.CoreLib, Version=8.0.0.0, Culture=neutral, PublicKeyToken=7cec85d7bea7798e]]'.
2026-09-04 14:10:59.471 +03:00 [INF] Executed action CMS.API.Controllers.PatientsController.Search (CMS.API) in 9.8365ms
2026-09-04 14:10:59.480 +03:00 [INF] Executed endpoint 'CMS.API.Controllers.PatientsController.Search (CMS.API)'
2026-09-04 14:10:59.484 +03:00 [INF] Request finished HTTP/1.1 GET http://localhost:5010/api/v1/patients/search?q= - 200 null application/json; charset=utf-8 426.8776ms
2026-09-04 14:11:16.275 +03:00 [INF] Request starting HTTP/1.1 GET http://localhost:5010/api/v1/staff/doctors - application/json null
2026-09-04 14:11:16.275 +03:00 [INF] Request starting HTTP/1.1 GET http://localhost:5010/api/v1/patients/search - application/json null
2026-09-04 14:11:16.275 +03:00 [INF] Request starting HTTP/1.1 GET http://localhost:5010/api/v1/triage/queue?date=2026-09-04 - application/json null
2026-09-04 14:11:16.282 +03:00 [INF] Executing endpoint 'CMS.API.Controllers.StaffController.GetDoctors (CMS.API)'
2026-09-04 14:11:16.288 +03:00 [INF] Executing endpoint 'CMS.API.Controllers.PatientsController.Search (CMS.API)'
2026-09-04 14:11:16.303 +03:00 [INF] Route matched with {action = "Search", controller = "Patients"}. Executing controller action with signature System.Threading.Tasks.Task`1[Microsoft.AspNetCore.Mvc.IActionResult] Search(System.String, Int32) on controller CMS.API.Controllers.PatientsController (CMS.API).
2026-09-04 14:11:16.294 +03:00 [INF] Executing endpoint 'CMS.API.Controllers.TriageController.GetQueue (CMS.API)'
2026-09-04 14:11:16.314 +03:00 [INF] Route matched with {action = "GetDoctors", controller = "Staff"}. Executing controller action with signature System.Threading.Tasks.Task`1[Microsoft.AspNetCore.Mvc.IActionResult] GetDoctors() on controller CMS.API.Controllers.StaffController (CMS.API).
2026-09-04 14:11:16.326 +03:00 [INF] Executing OkObjectResult, writing value of type 'CMS.Shared.DTOs.ApiResponse`1[[System.Collections.Generic.List`1[[CMS.Shared.DTOs.PatientDto, CMS.Shared, Version=1.0.0.0, Culture=neutral, PublicKeyToken=null]], System.Private.CoreLib, Version=8.0.0.0, Culture=neutral, PublicKeyToken=7cec85d7bea7798e]]'.
2026-09-04 14:11:16.327 +03:00 [INF] Route matched with {action = "GetQueue", controller = "Triage"}. Executing controller action with signature System.Threading.Tasks.Task`1[Microsoft.AspNetCore.Mvc.IActionResult] GetQueue(System.String, System.Nullable`1[System.DateTime]) on controller CMS.API.Controllers.TriageController (CMS.API).
2026-09-04 14:11:16.345 +03:00 [INF] Executed action CMS.API.Controllers.PatientsController.Search (CMS.API) in 38.4253ms
2026-09-04 14:11:16.458 +03:00 [INF] Executed endpoint 'CMS.API.Controllers.PatientsController.Search (CMS.API)'
2026-09-04 14:11:16.474 +03:00 [INF] Request finished HTTP/1.1 GET http://localhost:5010/api/v1/patients/search - 200 null application/json; charset=utf-8 198.5521ms
2026-09-04 14:11:16.538 +03:00 [INF] Request starting HTTP/1.1 GET http://localhost:5010/api/v1/patients/search - application/json null
2026-09-04 14:11:16.541 +03:00 [INF] Executed action CMS.API.Controllers.StaffController.GetDoctors (CMS.API) in 211.9146ms
2026-09-04 14:11:16.580 +03:00 [INF] Executing OkObjectResult, writing value of type 'CMS.Shared.DTOs.ApiResponse`1[[System.Collections.Generic.List`1[[CMS.Shared.DTOs.TriageDto, CMS.Shared, Version=1.0.0.0, Culture=neutral, PublicKeyToken=null]], System.Private.CoreLib, Version=8.0.0.0, Culture=neutral, PublicKeyToken=7cec85d7bea7798e]]'.
2026-09-04 14:11:16.583 +03:00 [INF] Executing endpoint 'CMS.API.Controllers.PatientsController.Search (CMS.API)'
2026-09-04 14:11:16.585 +03:00 [INF] Executed endpoint 'CMS.API.Controllers.StaffController.GetDoctors (CMS.API)'
2026-09-04 14:11:16.591 +03:00 [INF] Route matched with {action = "Search", controller = "Patients"}. Executing controller action with signature System.Threading.Tasks.Task`1[Microsoft.AspNetCore.Mvc.IActionResult] Search(System.String, Int32) on controller CMS.API.Controllers.PatientsController (CMS.API).
2026-09-04 14:11:16.595 +03:00 [ERR] Unhandled exception encountered: A parameterless default constructor or one matching signature (System.Int32 Id, System.Int32 StaffId, System.String StaffCode, System.String DoctorName, System.String LicenseNumber, System.Int16 SpecializationId, System.String SpecializationName, System.String SubSpecialization, System.Decimal ConsultationFee, System.Boolean IsAvailable) is required for CMS.Shared.DTOs.DoctorDto materialization
System.InvalidOperationException: A parameterless default constructor or one matching signature (System.Int32 Id, System.Int32 StaffId, System.String StaffCode, System.String DoctorName, System.String LicenseNumber, System.Int16 SpecializationId, System.String SpecializationName, System.String SubSpecialization, System.Decimal ConsultationFee, System.Boolean IsAvailable) is required for CMS.Shared.DTOs.DoctorDto materialization
   at Dapper.SqlMapper.GenerateDeserializerFromMap(Type type, DbDataReader reader, Int32 startBound, Int32 length, Boolean returnNullIfFirstMissing, ILGenerator il) in /_/Dapper/SqlMapper.cs:line 3473
   at Dapper.SqlMapper.GetTypeDeserializerImpl(Type type, DbDataReader reader, Int32 startBound, Int32 length, Boolean returnNullIfFirstMissing) in /_/Dapper/SqlMapper.cs:line 3304
   at Dapper.SqlMapper.TypeDeserializerCache.GetReader(DbDataReader reader, Int32 startBound, Int32 length, Boolean returnNullIfFirstMissing) in /_/Dapper/SqlMapper.TypeDeserializerCache.cs:line 151
   at Dapper.SqlMapper.TypeDeserializerCache.GetReader(Type type, DbDataReader reader, Int32 startBound, Int32 length, Boolean returnNullIfFirstMissing) in /_/Dapper/SqlMapper.TypeDeserializerCache.cs:line 50
   at Dapper.SqlMapper.GetTypeDeserializer(Type type, DbDataReader reader, Int32 startBound, Int32 length, Boolean returnNullIfFirstMissing) in /_/Dapper/SqlMapper.cs:line 3258
   at Dapper.SqlMapper.GetDeserializer(Type type, DbDataReader reader, Int32 startBound, Int32 length, Boolean returnNullIfFirstMissing) in /_/Dapper/SqlMapper.cs:line 1945
   at Dapper.SqlMapper.QueryAsync[T](IDbConnection cnn, Type effectiveType, CommandDefinition command) in /_/Dapper/SqlMapper.Async.cs:line 442
   at CMS.Application.StaffServices.StaffAndDoctorService.GetDoctorsAsync(Byte tenantId) in C:\Users\ASUS\source\repos\CMS\src\CMS.Application\StaffServices\StaffAndDoctorService.cs:line 35
   at CMS.API.Controllers.StaffController.GetDoctors() in C:\Users\ASUS\source\repos\CMS\src\CMS.API\Controllers\ClinicalControllers.cs:line 24
   at Microsoft.AspNetCore.Mvc.Infrastructure.ActionMethodExecutor.TaskOfIActionResultExecutor.Execute(ActionContext actionContext, IActionResultTypeMapper mapper, ObjectMethodExecutor executor, Object controller, Object[] arguments)
   at Microsoft.AspNetCore.Mvc.Infrastructure.ControllerActionInvoker.<InvokeActionMethodAsync>g__Awaited|12_0(ControllerActionInvoker invoker, ValueTask`1 actionResultValueTask)
   at Microsoft.AspNetCore.Mvc.Infrastructure.ControllerActionInvoker.<InvokeNextActionFilterAsync>g__Awaited|10_0(ControllerActionInvoker invoker, Task lastTask, State next, Scope scope, Object state, Boolean isCompleted)
   at Microsoft.AspNetCore.Mvc.Infrastructure.ControllerActionInvoker.Rethrow(ActionExecutedContextSealed context)
   at Microsoft.AspNetCore.Mvc.Infrastructure.ControllerActionInvoker.Next(State& next, Scope& scope, Object& state, Boolean& isCompleted)
   at Microsoft.AspNetCore.Mvc.Infrastructure.ControllerActionInvoker.<InvokeInnerFilterAsync>g__Awaited|13_0(ControllerActionInvoker invoker, Task lastTask, State next, Scope scope, Object state, Boolean isCompleted)
   at Microsoft.AspNetCore.Mvc.Infrastructure.ResourceInvoker.<InvokeFilterPipelineAsync>g__Awaited|20_0(ResourceInvoker invoker, Task lastTask, State next, Scope scope, Object state, Boolean isCompleted)
   at Microsoft.AspNetCore.Mvc.Infrastructure.ResourceInvoker.<InvokeAsync>g__Logged|17_1(ResourceInvoker invoker)
   at Microsoft.AspNetCore.Mvc.Infrastructure.ResourceInvoker.<InvokeAsync>g__Logged|17_1(ResourceInvoker invoker)
   at Microsoft.AspNetCore.Routing.EndpointMiddleware.<Invoke>g__AwaitRequestTask|7_0(Endpoint endpoint, Task requestTask, ILogger logger)
   at Microsoft.AspNetCore.Authorization.AuthorizationMiddleware.Invoke(HttpContext context)
   at Microsoft.AspNetCore.Authentication.AuthenticationMiddleware.Invoke(HttpContext context)
   at Swashbuckle.AspNetCore.SwaggerUI.SwaggerUIMiddleware.Invoke(HttpContext httpContext)
   at Swashbuckle.AspNetCore.Swagger.SwaggerMiddleware.Invoke(HttpContext httpContext, ISwaggerProvider swaggerProvider)
   at CMS.API.Middleware.TenantMiddleware.InvokeAsync(HttpContext context) in C:\Users\ASUS\source\repos\CMS\src\CMS.API\Middleware\Middlewares.cs:line 26
   at CMS.API.Middleware.ExceptionMiddleware.InvokeAsync(HttpContext context) in C:\Users\ASUS\source\repos\CMS\src\CMS.API\Middleware\Middlewares.cs:line 45
2026-09-04 14:11:16.602 +03:00 [INF] Executing OkObjectResult, writing value of type 'CMS.Shared.DTOs.ApiResponse`1[[System.Collections.Generic.List`1[[CMS.Shared.DTOs.PatientDto, CMS.Shared, Version=1.0.0.0, Culture=neutral, PublicKeyToken=null]], System.Private.CoreLib, Version=8.0.0.0, Culture=neutral, PublicKeyToken=7cec85d7bea7798e]]'.
2026-09-04 14:11:16.608 +03:00 [INF] Executed action CMS.API.Controllers.TriageController.GetQueue (CMS.API) in 249.1445ms
2026-09-04 14:11:16.634 +03:00 [INF] Request finished HTTP/1.1 GET http://localhost:5010/api/v1/staff/doctors - 500 null application/json 359.4717ms
2026-09-04 14:11:16.639 +03:00 [INF] Executed action CMS.API.Controllers.PatientsController.Search (CMS.API) in 39.3493ms
2026-09-04 14:11:16.646 +03:00 [INF] Executed endpoint 'CMS.API.Controllers.TriageController.GetQueue (CMS.API)'
2026-09-04 14:11:16.657 +03:00 [INF] Executed endpoint 'CMS.API.Controllers.PatientsController.Search (CMS.API)'
2026-09-04 14:11:16.659 +03:00 [INF] Request finished HTTP/1.1 GET http://localhost:5010/api/v1/triage/queue?date=2026-09-04 - 200 null application/json; charset=utf-8 384.391ms
2026-09-04 14:11:16.671 +03:00 [INF] Request starting HTTP/1.1 GET http://localhost:5010/api/v1/triage/queue?date=2026-09-04 - application/json null
2026-09-04 14:11:16.674 +03:00 [INF] Request finished HTTP/1.1 GET http://localhost:5010/api/v1/patients/search - 200 null application/json; charset=utf-8 136.171ms
2026-09-04 14:11:16.695 +03:00 [INF] Executing endpoint 'CMS.API.Controllers.TriageController.GetQueue (CMS.API)'
2026-09-04 14:11:16.707 +03:00 [INF] Route matched with {action = "GetQueue", controller = "Triage"}. Executing controller action with signature System.Threading.Tasks.Task`1[Microsoft.AspNetCore.Mvc.IActionResult] GetQueue(System.String, System.Nullable`1[System.DateTime]) on controller CMS.API.Controllers.TriageController (CMS.API).
2026-09-04 14:11:16.715 +03:00 [INF] Executing OkObjectResult, writing value of type 'CMS.Shared.DTOs.ApiResponse`1[[System.Collections.Generic.List`1[[CMS.Shared.DTOs.TriageDto, CMS.Shared, Version=1.0.0.0, Culture=neutral, PublicKeyToken=null]], System.Private.CoreLib, Version=8.0.0.0, Culture=neutral, PublicKeyToken=7cec85d7bea7798e]]'.
2026-09-04 14:11:16.720 +03:00 [INF] Executed action CMS.API.Controllers.TriageController.GetQueue (CMS.API) in 7.5887ms
2026-09-04 14:11:16.725 +03:00 [INF] Executed endpoint 'CMS.API.Controllers.TriageController.GetQueue (CMS.API)'
2026-09-04 14:11:16.728 +03:00 [INF] Request finished HTTP/1.1 GET http://localhost:5010/api/v1/triage/queue?date=2026-09-04 - 200 null application/json; charset=utf-8 57.0109ms
2026-09-04 14:11:16.922 +03:00 [INF] Request starting HTTP/1.1 GET http://localhost:5010/api/v1/staff/doctors - application/json null
2026-09-04 14:11:16.930 +03:00 [INF] Executing endpoint 'CMS.API.Controllers.StaffController.GetDoctors (CMS.API)'
2026-09-04 14:11:16.936 +03:00 [INF] Route matched with {action = "GetDoctors", controller = "Staff"}. Executing controller action with signature System.Threading.Tasks.Task`1[Microsoft.AspNetCore.Mvc.IActionResult] GetDoctors() on controller CMS.API.Controllers.StaffController (CMS.API).
2026-09-04 14:11:16.944 +03:00 [INF] Executed action CMS.API.Controllers.StaffController.GetDoctors (CMS.API) in 4.605ms
2026-09-04 14:11:16.947 +03:00 [INF] Executed endpoint 'CMS.API.Controllers.StaffController.GetDoctors (CMS.API)'
2026-09-04 14:11:16.954 +03:00 [ERR] Unhandled exception encountered: A parameterless default constructor or one matching signature (System.Int32 Id, System.Int32 StaffId, System.String StaffCode, System.String DoctorName, System.String LicenseNumber, System.Int16 SpecializationId, System.String SpecializationName, System.String SubSpecialization, System.Decimal ConsultationFee, System.Boolean IsAvailable) is required for CMS.Shared.DTOs.DoctorDto materialization
System.InvalidOperationException: A parameterless default constructor or one matching signature (System.Int32 Id, System.Int32 StaffId, System.String StaffCode, System.String DoctorName, System.String LicenseNumber, System.Int16 SpecializationId, System.String SpecializationName, System.String SubSpecialization, System.Decimal ConsultationFee, System.Boolean IsAvailable) is required for CMS.Shared.DTOs.DoctorDto materialization
   at Dapper.SqlMapper.GenerateDeserializerFromMap(Type type, DbDataReader reader, Int32 startBound, Int32 length, Boolean returnNullIfFirstMissing, ILGenerator il) in /_/Dapper/SqlMapper.cs:line 3473
   at Dapper.SqlMapper.GetTypeDeserializerImpl(Type type, DbDataReader reader, Int32 startBound, Int32 length, Boolean returnNullIfFirstMissing) in /_/Dapper/SqlMapper.cs:line 3304
   at Dapper.SqlMapper.TypeDeserializerCache.GetReader(DbDataReader reader, Int32 startBound, Int32 length, Boolean returnNullIfFirstMissing) in /_/Dapper/SqlMapper.TypeDeserializerCache.cs:line 151
   at Dapper.SqlMapper.TypeDeserializerCache.GetReader(Type type, DbDataReader reader, Int32 startBound, Int32 length, Boolean returnNullIfFirstMissing) in /_/Dapper/SqlMapper.TypeDeserializerCache.cs:line 50
   at Dapper.SqlMapper.GetTypeDeserializer(Type type, DbDataReader reader, Int32 startBound, Int32 length, Boolean returnNullIfFirstMissing) in /_/Dapper/SqlMapper.cs:line 3258
   at Dapper.SqlMapper.GetDeserializer(Type type, DbDataReader reader, Int32 startBound, Int32 length, Boolean returnNullIfFirstMissing) in /_/Dapper/SqlMapper.cs:line 1945
   at Dapper.SqlMapper.QueryAsync[T](IDbConnection cnn, Type effectiveType, CommandDefinition command) in /_/Dapper/SqlMapper.Async.cs:line 442
   at CMS.Application.StaffServices.StaffAndDoctorService.GetDoctorsAsync(Byte tenantId) in C:\Users\ASUS\source\repos\CMS\src\CMS.Application\StaffServices\StaffAndDoctorService.cs:line 35
   at CMS.API.Controllers.StaffController.GetDoctors() in C:\Users\ASUS\source\repos\CMS\src\CMS.API\Controllers\ClinicalControllers.cs:line 24
   at Microsoft.AspNetCore.Mvc.Infrastructure.ActionMethodExecutor.TaskOfIActionResultExecutor.Execute(ActionContext actionContext, IActionResultTypeMapper mapper, ObjectMethodExecutor executor, Object controller, Object[] arguments)
   at Microsoft.AspNetCore.Mvc.Infrastructure.ControllerActionInvoker.<InvokeActionMethodAsync>g__Awaited|12_0(ControllerActionInvoker invoker, ValueTask`1 actionResultValueTask)
   at Microsoft.AspNetCore.Mvc.Infrastructure.ControllerActionInvoker.<InvokeNextActionFilterAsync>g__Awaited|10_0(ControllerActionInvoker invoker, Task lastTask, State next, Scope scope, Object state, Boolean isCompleted)
   at Microsoft.AspNetCore.Mvc.Infrastructure.ControllerActionInvoker.Rethrow(ActionExecutedContextSealed context)
   at Microsoft.AspNetCore.Mvc.Infrastructure.ControllerActionInvoker.Next(State& next, Scope& scope, Object& state, Boolean& isCompleted)
   at Microsoft.AspNetCore.Mvc.Infrastructure.ControllerActionInvoker.<InvokeInnerFilterAsync>g__Awaited|13_0(ControllerActionInvoker invoker, Task lastTask, State next, Scope scope, Object state, Boolean isCompleted)
   at Microsoft.AspNetCore.Mvc.Infrastructure.ResourceInvoker.<InvokeFilterPipelineAsync>g__Awaited|20_0(ResourceInvoker invoker, Task lastTask, State next, Scope scope, Object state, Boolean isCompleted)
   at Microsoft.AspNetCore.Mvc.Infrastructure.ResourceInvoker.<InvokeAsync>g__Logged|17_1(ResourceInvoker invoker)
   at Microsoft.AspNetCore.Mvc.Infrastructure.ResourceInvoker.<InvokeAsync>g__Logged|17_1(ResourceInvoker invoker)
   at Microsoft.AspNetCore.Routing.EndpointMiddleware.<Invoke>g__AwaitRequestTask|7_0(Endpoint endpoint, Task requestTask, ILogger logger)
   at Microsoft.AspNetCore.Authorization.AuthorizationMiddleware.Invoke(HttpContext context)
   at Microsoft.AspNetCore.Authentication.AuthenticationMiddleware.Invoke(HttpContext context)
   at Swashbuckle.AspNetCore.SwaggerUI.SwaggerUIMiddleware.Invoke(HttpContext httpContext)
   at Swashbuckle.AspNetCore.Swagger.SwaggerMiddleware.Invoke(HttpContext httpContext, ISwaggerProvider swaggerProvider)
   at CMS.API.Middleware.TenantMiddleware.InvokeAsync(HttpContext context) in C:\Users\ASUS\source\repos\CMS\src\CMS.API\Middleware\Middlewares.cs:line 26
   at CMS.API.Middleware.ExceptionMiddleware.InvokeAsync(HttpContext context) in C:\Users\ASUS\source\repos\CMS\src\CMS.API\Middleware\Middlewares.cs:line 45
2026-09-04 14:11:16.970 +03:00 [INF] Request finished HTTP/1.1 GET http://localhost:5010/api/v1/staff/doctors - 500 null application/json 47.5903ms
2026-09-04 14:11:22.914 +03:00 [INF] Request starting HTTP/1.1 POST http://localhost:5010/api/v1/triage - application/json 134
2026-09-04 14:11:22.926 +03:00 [INF] CORS policy execution successful.
2026-09-04 14:11:22.929 +03:00 [INF] Executing endpoint 'CMS.API.Controllers.TriageController.RecordTriage (CMS.API)'
2026-09-04 14:11:22.947 +03:00 [INF] Route matched with {action = "RecordTriage", controller = "Triage"}. Executing controller action with signature System.Threading.Tasks.Task`1[Microsoft.AspNetCore.Mvc.IActionResult] RecordTriage(CMS.Shared.DTOs.RecordTriageDto) on controller CMS.API.Controllers.TriageController (CMS.API).
2026-09-04 14:11:23.210 +03:00 [INF] Executing OkObjectResult, writing value of type 'CMS.Shared.DTOs.ApiResponse`1[[System.Object, System.Private.CoreLib, Version=8.0.0.0, Culture=neutral, PublicKeyToken=7cec85d7bea7798e]]'.
2026-09-04 14:11:23.228 +03:00 [INF] Executed action CMS.API.Controllers.TriageController.RecordTriage (CMS.API) in 256.1423ms
2026-09-04 14:11:23.239 +03:00 [INF] Executed endpoint 'CMS.API.Controllers.TriageController.RecordTriage (CMS.API)'
2026-09-04 14:11:23.246 +03:00 [INF] Request finished HTTP/1.1 POST http://localhost:5010/api/v1/triage - 200 null application/json; charset=utf-8 331.8708ms
2026-09-04 14:11:23.637 +03:00 [INF] Request starting HTTP/1.1 GET http://localhost:5010/api/v1/staff/doctors - application/json null
2026-09-04 14:11:23.638 +03:00 [INF] Request starting HTTP/1.1 GET http://localhost:5010/api/v1/triage/queue?date=2026-09-04 - application/json null
2026-09-04 14:11:23.638 +03:00 [INF] Request starting HTTP/1.1 GET http://localhost:5010/api/v1/patients/search - application/json null
2026-09-04 14:11:23.704 +03:00 [INF] Executing endpoint 'CMS.API.Controllers.StaffController.GetDoctors (CMS.API)'
2026-09-04 14:11:23.744 +03:00 [INF] Executing endpoint 'CMS.API.Controllers.TriageController.GetQueue (CMS.API)'
2026-09-04 14:11:23.761 +03:00 [INF] Executing endpoint 'CMS.API.Controllers.PatientsController.Search (CMS.API)'
2026-09-04 14:11:23.767 +03:00 [INF] Route matched with {action = "GetDoctors", controller = "Staff"}. Executing controller action with signature System.Threading.Tasks.Task`1[Microsoft.AspNetCore.Mvc.IActionResult] GetDoctors() on controller CMS.API.Controllers.StaffController (CMS.API).
2026-09-04 14:11:23.774 +03:00 [INF] Route matched with {action = "GetQueue", controller = "Triage"}. Executing controller action with signature System.Threading.Tasks.Task`1[Microsoft.AspNetCore.Mvc.IActionResult] GetQueue(System.String, System.Nullable`1[System.DateTime]) on controller CMS.API.Controllers.TriageController (CMS.API).
2026-09-04 14:11:23.780 +03:00 [INF] Route matched with {action = "Search", controller = "Patients"}. Executing controller action with signature System.Threading.Tasks.Task`1[Microsoft.AspNetCore.Mvc.IActionResult] Search(System.String, Int32) on controller CMS.API.Controllers.PatientsController (CMS.API).
2026-09-04 14:11:23.797 +03:00 [INF] Executed action CMS.API.Controllers.StaffController.GetDoctors (CMS.API) in 7.6209ms
2026-09-04 14:11:23.809 +03:00 [INF] Executing OkObjectResult, writing value of type 'CMS.Shared.DTOs.ApiResponse`1[[System.Collections.Generic.List`1[[CMS.Shared.DTOs.TriageDto, CMS.Shared, Version=1.0.0.0, Culture=neutral, PublicKeyToken=null]], System.Private.CoreLib, Version=8.0.0.0, Culture=neutral, PublicKeyToken=7cec85d7bea7798e]]'.
2026-09-04 14:11:23.813 +03:00 [INF] Executing OkObjectResult, writing value of type 'CMS.Shared.DTOs.ApiResponse`1[[System.Collections.Generic.List`1[[CMS.Shared.DTOs.PatientDto, CMS.Shared, Version=1.0.0.0, Culture=neutral, PublicKeyToken=null]], System.Private.CoreLib, Version=8.0.0.0, Culture=neutral, PublicKeyToken=7cec85d7bea7798e]]'.
2026-09-04 14:11:23.816 +03:00 [INF] Executed endpoint 'CMS.API.Controllers.StaffController.GetDoctors (CMS.API)'
2026-09-04 14:11:23.830 +03:00 [INF] Executed action CMS.API.Controllers.PatientsController.Search (CMS.API) in 20.9054ms
2026-09-04 14:11:23.840 +03:00 [ERR] Unhandled exception encountered: A parameterless default constructor or one matching signature (System.Int32 Id, System.Int32 StaffId, System.String StaffCode, System.String DoctorName, System.String LicenseNumber, System.Int16 SpecializationId, System.String SpecializationName, System.String SubSpecialization, System.Decimal ConsultationFee, System.Boolean IsAvailable) is required for CMS.Shared.DTOs.DoctorDto materialization
System.InvalidOperationException: A parameterless default constructor or one matching signature (System.Int32 Id, System.Int32 StaffId, System.String StaffCode, System.String DoctorName, System.String LicenseNumber, System.Int16 SpecializationId, System.String SpecializationName, System.String SubSpecialization, System.Decimal ConsultationFee, System.Boolean IsAvailable) is required for CMS.Shared.DTOs.DoctorDto materialization
   at Dapper.SqlMapper.GenerateDeserializerFromMap(Type type, DbDataReader reader, Int32 startBound, Int32 length, Boolean returnNullIfFirstMissing, ILGenerator il) in /_/Dapper/SqlMapper.cs:line 3473
   at Dapper.SqlMapper.GetTypeDeserializerImpl(Type type, DbDataReader reader, Int32 startBound, Int32 length, Boolean returnNullIfFirstMissing) in /_/Dapper/SqlMapper.cs:line 3304
   at Dapper.SqlMapper.TypeDeserializerCache.GetReader(DbDataReader reader, Int32 startBound, Int32 length, Boolean returnNullIfFirstMissing) in /_/Dapper/SqlMapper.TypeDeserializerCache.cs:line 151
   at Dapper.SqlMapper.TypeDeserializerCache.GetReader(Type type, DbDataReader reader, Int32 startBound, Int32 length, Boolean returnNullIfFirstMissing) in /_/Dapper/SqlMapper.TypeDeserializerCache.cs:line 50
   at Dapper.SqlMapper.GetTypeDeserializer(Type type, DbDataReader reader, Int32 startBound, Int32 length, Boolean returnNullIfFirstMissing) in /_/Dapper/SqlMapper.cs:line 3258
   at Dapper.SqlMapper.GetDeserializer(Type type, DbDataReader reader, Int32 startBound, Int32 length, Boolean returnNullIfFirstMissing) in /_/Dapper/SqlMapper.cs:line 1945
   at Dapper.SqlMapper.QueryAsync[T](IDbConnection cnn, Type effectiveType, CommandDefinition command) in /_/Dapper/SqlMapper.Async.cs:line 442
   at CMS.Application.StaffServices.StaffAndDoctorService.GetDoctorsAsync(Byte tenantId) in C:\Users\ASUS\source\repos\CMS\src\CMS.Application\StaffServices\StaffAndDoctorService.cs:line 35
   at CMS.API.Controllers.StaffController.GetDoctors() in C:\Users\ASUS\source\repos\CMS\src\CMS.API\Controllers\ClinicalControllers.cs:line 24
   at Microsoft.AspNetCore.Mvc.Infrastructure.ActionMethodExecutor.TaskOfIActionResultExecutor.Execute(ActionContext actionContext, IActionResultTypeMapper mapper, ObjectMethodExecutor executor, Object controller, Object[] arguments)
   at Microsoft.AspNetCore.Mvc.Infrastructure.ControllerActionInvoker.<InvokeActionMethodAsync>g__Awaited|12_0(ControllerActionInvoker invoker, ValueTask`1 actionResultValueTask)
   at Microsoft.AspNetCore.Mvc.Infrastructure.ControllerActionInvoker.<InvokeNextActionFilterAsync>g__Awaited|10_0(ControllerActionInvoker invoker, Task lastTask, State next, Scope scope, Object state, Boolean isCompleted)
   at Microsoft.AspNetCore.Mvc.Infrastructure.ControllerActionInvoker.Rethrow(ActionExecutedContextSealed context)
   at Microsoft.AspNetCore.Mvc.Infrastructure.ControllerActionInvoker.Next(State& next, Scope& scope, Object& state, Boolean& isCompleted)
   at Microsoft.AspNetCore.Mvc.Infrastructure.ControllerActionInvoker.<InvokeInnerFilterAsync>g__Awaited|13_0(ControllerActionInvoker invoker, Task lastTask, State next, Scope scope, Object state, Boolean isCompleted)
   at Microsoft.AspNetCore.Mvc.Infrastructure.ResourceInvoker.<InvokeFilterPipelineAsync>g__Awaited|20_0(ResourceInvoker invoker, Task lastTask, State next, Scope scope, Object state, Boolean isCompleted)
   at Microsoft.AspNetCore.Mvc.Infrastructure.ResourceInvoker.<InvokeAsync>g__Logged|17_1(ResourceInvoker invoker)
   at Microsoft.AspNetCore.Mvc.Infrastructure.ResourceInvoker.<InvokeAsync>g__Logged|17_1(ResourceInvoker invoker)
   at Microsoft.AspNetCore.Routing.EndpointMiddleware.<Invoke>g__AwaitRequestTask|7_0(Endpoint endpoint, Task requestTask, ILogger logger)
   at Microsoft.AspNetCore.Authorization.AuthorizationMiddleware.Invoke(HttpContext context)
   at Microsoft.AspNetCore.Authentication.AuthenticationMiddleware.Invoke(HttpContext context)
   at Swashbuckle.AspNetCore.SwaggerUI.SwaggerUIMiddleware.Invoke(HttpContext httpContext)
   at Swashbuckle.AspNetCore.Swagger.SwaggerMiddleware.Invoke(HttpContext httpContext, ISwaggerProvider swaggerProvider)
   at CMS.API.Middleware.TenantMiddleware.InvokeAsync(HttpContext context) in C:\Users\ASUS\source\repos\CMS\src\CMS.API\Middleware\Middlewares.cs:line 26
   at CMS.API.Middleware.ExceptionMiddleware.InvokeAsync(HttpContext context) in C:\Users\ASUS\source\repos\CMS\src\CMS.API\Middleware\Middlewares.cs:line 45
2026-09-04 14:11:23.845 +03:00 [INF] Executed endpoint 'CMS.API.Controllers.PatientsController.Search (CMS.API)'
2026-09-04 14:11:23.846 +03:00 [INF] Executed action CMS.API.Controllers.TriageController.GetQueue (CMS.API) in 49.1432ms
2026-09-04 14:11:23.876 +03:00 [INF] Request finished HTTP/1.1 GET http://localhost:5010/api/v1/staff/doctors - 500 null application/json 238.9063ms
2026-09-04 14:11:23.876 +03:00 [INF] Request finished HTTP/1.1 GET http://localhost:5010/api/v1/patients/search - 200 null application/json; charset=utf-8 238.5254ms
2026-09-04 14:11:23.886 +03:00 [INF] Executed endpoint 'CMS.API.Controllers.TriageController.GetQueue (CMS.API)'
2026-09-04 14:11:23.917 +03:00 [INF] Request finished HTTP/1.1 GET http://localhost:5010/api/v1/triage/queue?date=2026-09-04 - 200 null application/json; charset=utf-8 279.5554ms
2026-09-04 14:11:55.400 +03:00 [INF] Request starting HTTP/1.1 POST http://localhost:5010/api/v1/triage - application/json 343
2026-09-04 14:11:55.408 +03:00 [INF] CORS policy execution successful.
2026-09-04 14:11:55.411 +03:00 [INF] Executing endpoint 'CMS.API.Controllers.TriageController.RecordTriage (CMS.API)'
2026-09-04 14:11:55.414 +03:00 [INF] Route matched with {action = "RecordTriage", controller = "Triage"}. Executing controller action with signature System.Threading.Tasks.Task`1[Microsoft.AspNetCore.Mvc.IActionResult] RecordTriage(CMS.Shared.DTOs.RecordTriageDto) on controller CMS.API.Controllers.TriageController (CMS.API).
2026-09-04 14:11:55.469 +03:00 [INF] Executing OkObjectResult, writing value of type 'CMS.Shared.DTOs.ApiResponse`1[[System.Object, System.Private.CoreLib, Version=8.0.0.0, Culture=neutral, PublicKeyToken=7cec85d7bea7798e]]'.
2026-09-04 14:11:55.473 +03:00 [INF] Executed action CMS.API.Controllers.TriageController.RecordTriage (CMS.API) in 52.7365ms
2026-09-04 14:11:55.477 +03:00 [INF] Executed endpoint 'CMS.API.Controllers.TriageController.RecordTriage (CMS.API)'
2026-09-04 14:11:55.480 +03:00 [INF] Request finished HTTP/1.1 POST http://localhost:5010/api/v1/triage - 200 null application/json; charset=utf-8 80.0218ms
2026-09-04 14:11:55.802 +03:00 [INF] Request starting HTTP/1.1 GET http://localhost:5010/api/v1/staff/doctors - application/json null
2026-09-04 14:11:55.802 +03:00 [INF] Request starting HTTP/1.1 GET http://localhost:5010/api/v1/triage/queue?date=2026-09-04 - application/json null
2026-09-04 14:11:55.803 +03:00 [INF] Request starting HTTP/1.1 GET http://localhost:5010/api/v1/patients/search - application/json null
2026-09-04 14:11:55.809 +03:00 [INF] Executing endpoint 'CMS.API.Controllers.StaffController.GetDoctors (CMS.API)'
2026-09-04 14:11:55.814 +03:00 [INF] Executing endpoint 'CMS.API.Controllers.TriageController.GetQueue (CMS.API)'
2026-09-04 14:11:55.819 +03:00 [INF] Executing endpoint 'CMS.API.Controllers.PatientsController.Search (CMS.API)'
2026-09-04 14:11:55.821 +03:00 [INF] Route matched with {action = "GetDoctors", controller = "Staff"}. Executing controller action with signature System.Threading.Tasks.Task`1[Microsoft.AspNetCore.Mvc.IActionResult] GetDoctors() on controller CMS.API.Controllers.StaffController (CMS.API).
2026-09-04 14:11:55.824 +03:00 [INF] Route matched with {action = "GetQueue", controller = "Triage"}. Executing controller action with signature System.Threading.Tasks.Task`1[Microsoft.AspNetCore.Mvc.IActionResult] GetQueue(System.String, System.Nullable`1[System.DateTime]) on controller CMS.API.Controllers.TriageController (CMS.API).
2026-09-04 14:11:55.826 +03:00 [INF] Route matched with {action = "Search", controller = "Patients"}. Executing controller action with signature System.Threading.Tasks.Task`1[Microsoft.AspNetCore.Mvc.IActionResult] Search(System.String, Int32) on controller CMS.API.Controllers.PatientsController (CMS.API).
2026-09-04 14:11:55.833 +03:00 [INF] Executed action CMS.API.Controllers.StaffController.GetDoctors (CMS.API) in 3.34ms
2026-09-04 14:11:55.838 +03:00 [INF] Executing OkObjectResult, writing value of type 'CMS.Shared.DTOs.ApiResponse`1[[System.Collections.Generic.List`1[[CMS.Shared.DTOs.TriageDto, CMS.Shared, Version=1.0.0.0, Culture=neutral, PublicKeyToken=null]], System.Private.CoreLib, Version=8.0.0.0, Culture=neutral, PublicKeyToken=7cec85d7bea7798e]]'.
2026-09-04 14:11:55.844 +03:00 [INF] Executing OkObjectResult, writing value of type 'CMS.Shared.DTOs.ApiResponse`1[[System.Collections.Generic.List`1[[CMS.Shared.DTOs.PatientDto, CMS.Shared, Version=1.0.0.0, Culture=neutral, PublicKeyToken=null]], System.Private.CoreLib, Version=8.0.0.0, Culture=neutral, PublicKeyToken=7cec85d7bea7798e]]'.
2026-09-04 14:11:55.845 +03:00 [INF] Executed endpoint 'CMS.API.Controllers.StaffController.GetDoctors (CMS.API)'
2026-09-04 14:11:55.850 +03:00 [INF] Executed action CMS.API.Controllers.TriageController.GetQueue (CMS.API) in 15.2834ms
2026-09-04 14:11:55.851 +03:00 [INF] Executed action CMS.API.Controllers.PatientsController.Search (CMS.API) in 9.3489ms
2026-09-04 14:11:55.856 +03:00 [ERR] Unhandled exception encountered: A parameterless default constructor or one matching signature (System.Int32 Id, System.Int32 StaffId, System.String StaffCode, System.String DoctorName, System.String LicenseNumber, System.Int16 SpecializationId, System.String SpecializationName, System.String SubSpecialization, System.Decimal ConsultationFee, System.Boolean IsAvailable) is required for CMS.Shared.DTOs.DoctorDto materialization
System.InvalidOperationException: A parameterless default constructor or one matching signature (System.Int32 Id, System.Int32 StaffId, System.String StaffCode, System.String DoctorName, System.String LicenseNumber, System.Int16 SpecializationId, System.String SpecializationName, System.String SubSpecialization, System.Decimal ConsultationFee, System.Boolean IsAvailable) is required for CMS.Shared.DTOs.DoctorDto materialization
   at Dapper.SqlMapper.GenerateDeserializerFromMap(Type type, DbDataReader reader, Int32 startBound, Int32 length, Boolean returnNullIfFirstMissing, ILGenerator il) in /_/Dapper/SqlMapper.cs:line 3473
   at Dapper.SqlMapper.GetTypeDeserializerImpl(Type type, DbDataReader reader, Int32 startBound, Int32 length, Boolean returnNullIfFirstMissing) in /_/Dapper/SqlMapper.cs:line 3304
   at Dapper.SqlMapper.TypeDeserializerCache.GetReader(DbDataReader reader, Int32 startBound, Int32 length, Boolean returnNullIfFirstMissing) in /_/Dapper/SqlMapper.TypeDeserializerCache.cs:line 151
   at Dapper.SqlMapper.TypeDeserializerCache.GetReader(Type type, DbDataReader reader, Int32 startBound, Int32 length, Boolean returnNullIfFirstMissing) in /_/Dapper/SqlMapper.TypeDeserializerCache.cs:line 50
   at Dapper.SqlMapper.GetTypeDeserializer(Type type, DbDataReader reader, Int32 startBound, Int32 length, Boolean returnNullIfFirstMissing) in /_/Dapper/SqlMapper.cs:line 3258
   at Dapper.SqlMapper.GetDeserializer(Type type, DbDataReader reader, Int32 startBound, Int32 length, Boolean returnNullIfFirstMissing) in /_/Dapper/SqlMapper.cs:line 1945
   at Dapper.SqlMapper.QueryAsync[T](IDbConnection cnn, Type effectiveType, CommandDefinition command) in /_/Dapper/SqlMapper.Async.cs:line 442
   at CMS.Application.StaffServices.StaffAndDoctorService.GetDoctorsAsync(Byte tenantId) in C:\Users\ASUS\source\repos\CMS\src\CMS.Application\StaffServices\StaffAndDoctorService.cs:line 35
   at CMS.API.Controllers.StaffController.GetDoctors() in C:\Users\ASUS\source\repos\CMS\src\CMS.API\Controllers\ClinicalControllers.cs:line 24
   at Microsoft.AspNetCore.Mvc.Infrastructure.ActionMethodExecutor.TaskOfIActionResultExecutor.Execute(ActionContext actionContext, IActionResultTypeMapper mapper, ObjectMethodExecutor executor, Object controller, Object[] arguments)
   at Microsoft.AspNetCore.Mvc.Infrastructure.ControllerActionInvoker.<InvokeActionMethodAsync>g__Awaited|12_0(ControllerActionInvoker invoker, ValueTask`1 actionResultValueTask)
   at Microsoft.AspNetCore.Mvc.Infrastructure.ControllerActionInvoker.<InvokeNextActionFilterAsync>g__Awaited|10_0(ControllerActionInvoker invoker, Task lastTask, State next, Scope scope, Object state, Boolean isCompleted)
   at Microsoft.AspNetCore.Mvc.Infrastructure.ControllerActionInvoker.Rethrow(ActionExecutedContextSealed context)
   at Microsoft.AspNetCore.Mvc.Infrastructure.ControllerActionInvoker.Next(State& next, Scope& scope, Object& state, Boolean& isCompleted)
   at Microsoft.AspNetCore.Mvc.Infrastructure.ControllerActionInvoker.<InvokeInnerFilterAsync>g__Awaited|13_0(ControllerActionInvoker invoker, Task lastTask, State next, Scope scope, Object state, Boolean isCompleted)
   at Microsoft.AspNetCore.Mvc.Infrastructure.ResourceInvoker.<InvokeFilterPipelineAsync>g__Awaited|20_0(ResourceInvoker invoker, Task lastTask, State next, Scope scope, Object state, Boolean isCompleted)
   at Microsoft.AspNetCore.Mvc.Infrastructure.ResourceInvoker.<InvokeAsync>g__Logged|17_1(ResourceInvoker invoker)
   at Microsoft.AspNetCore.Mvc.Infrastructure.ResourceInvoker.<InvokeAsync>g__Logged|17_1(ResourceInvoker invoker)
   at Microsoft.AspNetCore.Routing.EndpointMiddleware.<Invoke>g__AwaitRequestTask|7_0(Endpoint endpoint, Task requestTask, ILogger logger)
   at Microsoft.AspNetCore.Authorization.AuthorizationMiddleware.Invoke(HttpContext context)
   at Microsoft.AspNetCore.Authentication.AuthenticationMiddleware.Invoke(HttpContext context)
   at Swashbuckle.AspNetCore.SwaggerUI.SwaggerUIMiddleware.Invoke(HttpContext httpContext)
   at Swashbuckle.AspNetCore.Swagger.SwaggerMiddleware.Invoke(HttpContext httpContext, ISwaggerProvider swaggerProvider)
   at CMS.API.Middleware.TenantMiddleware.InvokeAsync(HttpContext context) in C:\Users\ASUS\source\repos\CMS\src\CMS.API\Middleware\Middlewares.cs:line 26
   at CMS.API.Middleware.ExceptionMiddleware.InvokeAsync(HttpContext context) in C:\Users\ASUS\source\repos\CMS\src\CMS.API\Middleware\Middlewares.cs:line 45
2026-09-04 14:11:55.859 +03:00 [INF] Executed endpoint 'CMS.API.Controllers.TriageController.GetQueue (CMS.API)'
2026-09-04 14:11:55.878 +03:00 [INF] Request finished HTTP/1.1 GET http://localhost:5010/api/v1/staff/doctors - 500 null application/json 75.794ms
2026-09-04 14:11:55.861 +03:00 [INF] Executed endpoint 'CMS.API.Controllers.PatientsController.Search (CMS.API)'
2026-09-04 14:11:55.878 +03:00 [INF] Request finished HTTP/1.1 GET http://localhost:5010/api/v1/triage/queue?date=2026-09-04 - 200 null application/json; charset=utf-8 75.8516ms
2026-09-04 14:11:55.895 +03:00 [INF] Request finished HTTP/1.1 GET http://localhost:5010/api/v1/patients/search - 200 null application/json; charset=utf-8 92.3983ms
2026-09-04 14:12:08.721 +03:00 [INF] Request starting HTTP/1.1 POST http://localhost:5010/api/v1/triage - application/json 343
2026-09-04 14:12:08.838 +03:00 [INF] CORS policy execution successful.
2026-09-04 14:12:08.844 +03:00 [INF] Executing endpoint 'CMS.API.Controllers.TriageController.RecordTriage (CMS.API)'
2026-09-04 14:12:08.862 +03:00 [INF] Route matched with {action = "RecordTriage", controller = "Triage"}. Executing controller action with signature System.Threading.Tasks.Task`1[Microsoft.AspNetCore.Mvc.IActionResult] RecordTriage(CMS.Shared.DTOs.RecordTriageDto) on controller CMS.API.Controllers.TriageController (CMS.API).
2026-09-04 14:12:08.899 +03:00 [INF] Executing OkObjectResult, writing value of type 'CMS.Shared.DTOs.ApiResponse`1[[System.Object, System.Private.CoreLib, Version=8.0.0.0, Culture=neutral, PublicKeyToken=7cec85d7bea7798e]]'.
2026-09-04 14:12:08.931 +03:00 [INF] Executed action CMS.API.Controllers.TriageController.RecordTriage (CMS.API) in 59.6663ms
2026-09-04 14:12:08.939 +03:00 [INF] Executed endpoint 'CMS.API.Controllers.TriageController.RecordTriage (CMS.API)'
2026-09-04 14:12:08.944 +03:00 [INF] Request finished HTTP/1.1 POST http://localhost:5010/api/v1/triage - 200 null application/json; charset=utf-8 223.4035ms
2026-09-04 14:12:09.268 +03:00 [INF] Request starting HTTP/1.1 GET http://localhost:5010/api/v1/triage/queue?date=2026-09-04 - application/json null
2026-09-04 14:12:09.268 +03:00 [INF] Request starting HTTP/1.1 GET http://localhost:5010/api/v1/staff/doctors - application/json null
2026-09-04 14:12:09.269 +03:00 [INF] Request starting HTTP/1.1 GET http://localhost:5010/api/v1/patients/search - application/json null
2026-09-04 14:12:09.276 +03:00 [INF] Executing endpoint 'CMS.API.Controllers.TriageController.GetQueue (CMS.API)'
2026-09-04 14:12:09.281 +03:00 [INF] Executing endpoint 'CMS.API.Controllers.StaffController.GetDoctors (CMS.API)'
2026-09-04 14:12:09.287 +03:00 [INF] Executing endpoint 'CMS.API.Controllers.PatientsController.Search (CMS.API)'
2026-09-04 14:12:09.291 +03:00 [INF] Route matched with {action = "GetQueue", controller = "Triage"}. Executing controller action with signature System.Threading.Tasks.Task`1[Microsoft.AspNetCore.Mvc.IActionResult] GetQueue(System.String, System.Nullable`1[System.DateTime]) on controller CMS.API.Controllers.TriageController (CMS.API).
2026-09-04 14:12:09.294 +03:00 [INF] Route matched with {action = "GetDoctors", controller = "Staff"}. Executing controller action with signature System.Threading.Tasks.Task`1[Microsoft.AspNetCore.Mvc.IActionResult] GetDoctors() on controller CMS.API.Controllers.StaffController (CMS.API).
2026-09-04 14:12:09.297 +03:00 [INF] Route matched with {action = "Search", controller = "Patients"}. Executing controller action with signature System.Threading.Tasks.Task`1[Microsoft.AspNetCore.Mvc.IActionResult] Search(System.String, Int32) on controller CMS.API.Controllers.PatientsController (CMS.API).
2026-09-04 14:12:09.305 +03:00 [INF] Executing OkObjectResult, writing value of type 'CMS.Shared.DTOs.ApiResponse`1[[System.Collections.Generic.List`1[[CMS.Shared.DTOs.TriageDto, CMS.Shared, Version=1.0.0.0, Culture=neutral, PublicKeyToken=null]], System.Private.CoreLib, Version=8.0.0.0, Culture=neutral, PublicKeyToken=7cec85d7bea7798e]]'.
2026-09-04 14:12:09.312 +03:00 [INF] Executed action CMS.API.Controllers.StaffController.GetDoctors (CMS.API) in 3.1541ms
2026-09-04 14:12:09.316 +03:00 [INF] Executing OkObjectResult, writing value of type 'CMS.Shared.DTOs.ApiResponse`1[[System.Collections.Generic.List`1[[CMS.Shared.DTOs.PatientDto, CMS.Shared, Version=1.0.0.0, Culture=neutral, PublicKeyToken=null]], System.Private.CoreLib, Version=8.0.0.0, Culture=neutral, PublicKeyToken=7cec85d7bea7798e]]'.
2026-09-04 14:12:09.318 +03:00 [INF] Executed action CMS.API.Controllers.TriageController.GetQueue (CMS.API) in 15.4618ms
2026-09-04 14:12:09.323 +03:00 [INF] Executed endpoint 'CMS.API.Controllers.StaffController.GetDoctors (CMS.API)'
2026-09-04 14:12:09.328 +03:00 [INF] Executed action CMS.API.Controllers.PatientsController.Search (CMS.API) in 13.5391ms
2026-09-04 14:12:09.332 +03:00 [INF] Executed endpoint 'CMS.API.Controllers.TriageController.GetQueue (CMS.API)'
2026-09-04 14:12:09.339 +03:00 [ERR] Unhandled exception encountered: A parameterless default constructor or one matching signature (System.Int32 Id, System.Int32 StaffId, System.String StaffCode, System.String DoctorName, System.String LicenseNumber, System.Int16 SpecializationId, System.String SpecializationName, System.String SubSpecialization, System.Decimal ConsultationFee, System.Boolean IsAvailable) is required for CMS.Shared.DTOs.DoctorDto materialization
System.InvalidOperationException: A parameterless default constructor or one matching signature (System.Int32 Id, System.Int32 StaffId, System.String StaffCode, System.String DoctorName, System.String LicenseNumber, System.Int16 SpecializationId, System.String SpecializationName, System.String SubSpecialization, System.Decimal ConsultationFee, System.Boolean IsAvailable) is required for CMS.Shared.DTOs.DoctorDto materialization
   at Dapper.SqlMapper.GenerateDeserializerFromMap(Type type, DbDataReader reader, Int32 startBound, Int32 length, Boolean returnNullIfFirstMissing, ILGenerator il) in /_/Dapper/SqlMapper.cs:line 3473
   at Dapper.SqlMapper.GetTypeDeserializerImpl(Type type, DbDataReader reader, Int32 startBound, Int32 length, Boolean returnNullIfFirstMissing) in /_/Dapper/SqlMapper.cs:line 3304
   at Dapper.SqlMapper.TypeDeserializerCache.GetReader(DbDataReader reader, Int32 startBound, Int32 length, Boolean returnNullIfFirstMissing) in /_/Dapper/SqlMapper.TypeDeserializerCache.cs:line 151
   at Dapper.SqlMapper.TypeDeserializerCache.GetReader(Type type, DbDataReader reader, Int32 startBound, Int32 length, Boolean returnNullIfFirstMissing) in /_/Dapper/SqlMapper.TypeDeserializerCache.cs:line 50
   at Dapper.SqlMapper.GetTypeDeserializer(Type type, DbDataReader reader, Int32 startBound, Int32 length, Boolean returnNullIfFirstMissing) in /_/Dapper/SqlMapper.cs:line 3258
   at Dapper.SqlMapper.GetDeserializer(Type type, DbDataReader reader, Int32 startBound, Int32 length, Boolean returnNullIfFirstMissing) in /_/Dapper/SqlMapper.cs:line 1945
   at Dapper.SqlMapper.QueryAsync[T](IDbConnection cnn, Type effectiveType, CommandDefinition command) in /_/Dapper/SqlMapper.Async.cs:line 442
   at CMS.Application.StaffServices.StaffAndDoctorService.GetDoctorsAsync(Byte tenantId) in C:\Users\ASUS\source\repos\CMS\src\CMS.Application\StaffServices\StaffAndDoctorService.cs:line 35
   at CMS.API.Controllers.StaffController.GetDoctors() in C:\Users\ASUS\source\repos\CMS\src\CMS.API\Controllers\ClinicalControllers.cs:line 24
   at Microsoft.AspNetCore.Mvc.Infrastructure.ActionMethodExecutor.TaskOfIActionResultExecutor.Execute(ActionContext actionContext, IActionResultTypeMapper mapper, ObjectMethodExecutor executor, Object controller, Object[] arguments)
   at Microsoft.AspNetCore.Mvc.Infrastructure.ControllerActionInvoker.<InvokeActionMethodAsync>g__Awaited|12_0(ControllerActionInvoker invoker, ValueTask`1 actionResultValueTask)
   at Microsoft.AspNetCore.Mvc.Infrastructure.ControllerActionInvoker.<InvokeNextActionFilterAsync>g__Awaited|10_0(ControllerActionInvoker invoker, Task lastTask, State next, Scope scope, Object state, Boolean isCompleted)
   at Microsoft.AspNetCore.Mvc.Infrastructure.ControllerActionInvoker.Rethrow(ActionExecutedContextSealed context)
   at Microsoft.AspNetCore.Mvc.Infrastructure.ControllerActionInvoker.Next(State& next, Scope& scope, Object& state, Boolean& isCompleted)
   at Microsoft.AspNetCore.Mvc.Infrastructure.ControllerActionInvoker.<InvokeInnerFilterAsync>g__Awaited|13_0(ControllerActionInvoker invoker, Task lastTask, State next, Scope scope, Object state, Boolean isCompleted)
   at Microsoft.AspNetCore.Mvc.Infrastructure.ResourceInvoker.<InvokeFilterPipelineAsync>g__Awaited|20_0(ResourceInvoker invoker, Task lastTask, State next, Scope scope, Object state, Boolean isCompleted)
   at Microsoft.AspNetCore.Mvc.Infrastructure.ResourceInvoker.<InvokeAsync>g__Logged|17_1(ResourceInvoker invoker)
   at Microsoft.AspNetCore.Mvc.Infrastructure.ResourceInvoker.<InvokeAsync>g__Logged|17_1(ResourceInvoker invoker)
   at Microsoft.AspNetCore.Routing.EndpointMiddleware.<Invoke>g__AwaitRequestTask|7_0(Endpoint endpoint, Task requestTask, ILogger logger)
   at Microsoft.AspNetCore.Authorization.AuthorizationMiddleware.Invoke(HttpContext context)
   at Microsoft.AspNetCore.Authentication.AuthenticationMiddleware.Invoke(HttpContext context)
   at Swashbuckle.AspNetCore.SwaggerUI.SwaggerUIMiddleware.Invoke(HttpContext httpContext)
   at Swashbuckle.AspNetCore.Swagger.SwaggerMiddleware.Invoke(HttpContext httpContext, ISwaggerProvider swaggerProvider)
   at CMS.API.Middleware.TenantMiddleware.InvokeAsync(HttpContext context) in C:\Users\ASUS\source\repos\CMS\src\CMS.API\Middleware\Middlewares.cs:line 26
   at CMS.API.Middleware.ExceptionMiddleware.InvokeAsync(HttpContext context) in C:\Users\ASUS\source\repos\CMS\src\CMS.API\Middleware\Middlewares.cs:line 45
2026-09-04 14:12:09.342 +03:00 [INF] Executed endpoint 'CMS.API.Controllers.PatientsController.Search (CMS.API)'
2026-09-04 14:12:09.383 +03:00 [INF] Request finished HTTP/1.1 GET http://localhost:5010/api/v1/patients/search - 200 null application/json; charset=utf-8 114.2749ms
2026-09-04 14:12:09.377 +03:00 [INF] Request finished HTTP/1.1 GET http://localhost:5010/api/v1/staff/doctors - 500 null application/json 108.4098ms
2026-09-04 14:12:09.346 +03:00 [INF] Request finished HTTP/1.1 GET http://localhost:5010/api/v1/triage/queue?date=2026-09-04 - 200 null application/json; charset=utf-8 77.7591ms
2026-09-04 14:12:11.487 +03:00 [INF] Request starting HTTP/1.1 GET http://localhost:5010/api/v1/encounters/patient/18 - application/json null
2026-09-04 14:12:11.532 +03:00 [INF] Executing endpoint 'CMS.API.Controllers.EncountersController.GetPatientEncounters (CMS.API)'
2026-09-04 14:12:11.555 +03:00 [INF] Route matched with {action = "GetPatientEncounters", controller = "Encounters"}. Executing controller action with signature System.Threading.Tasks.Task`1[Microsoft.AspNetCore.Mvc.IActionResult] GetPatientEncounters(Int32) on controller CMS.API.Controllers.EncountersController (CMS.API).
2026-09-04 14:12:11.605 +03:00 [INF] Executing OkObjectResult, writing value of type 'CMS.Shared.DTOs.ApiResponse`1[[System.Collections.Generic.List`1[[CMS.Shared.DTOs.EncounterDto, CMS.Shared, Version=1.0.0.0, Culture=neutral, PublicKeyToken=null]], System.Private.CoreLib, Version=8.0.0.0, Culture=neutral, PublicKeyToken=7cec85d7bea7798e]]'.
2026-09-04 14:12:11.622 +03:00 [INF] Executed action CMS.API.Controllers.EncountersController.GetPatientEncounters (CMS.API) in 61.7049ms
2026-09-04 14:12:11.628 +03:00 [INF] Executed endpoint 'CMS.API.Controllers.EncountersController.GetPatientEncounters (CMS.API)'
2026-09-04 14:12:11.633 +03:00 [INF] Request finished HTTP/1.1 GET http://localhost:5010/api/v1/encounters/patient/18 - 200 null application/json; charset=utf-8 145.3932ms
2026-09-04 14:12:15.620 +03:00 [INF] Request starting HTTP/1.1 POST http://localhost:5010/api/v1/triage/assign-doctor - application/json 174
2026-09-04 14:12:15.642 +03:00 [INF] CORS policy execution successful.
2026-09-04 14:12:15.644 +03:00 [INF] Executing endpoint 'CMS.API.Controllers.TriageController.AssignDoctor (CMS.API)'
2026-09-04 14:12:15.657 +03:00 [INF] Route matched with {action = "AssignDoctor", controller = "Triage"}. Executing controller action with signature System.Threading.Tasks.Task`1[Microsoft.AspNetCore.Mvc.IActionResult] AssignDoctor(CMS.Shared.DTOs.AssignDoctorDto) on controller CMS.API.Controllers.TriageController (CMS.API).
2026-09-04 14:12:18.104 +03:00 [INF] Request starting HTTP/1.1 POST http://localhost:5010/api/v1/triage/assign-doctor - application/json 174
2026-09-04 14:12:18.120 +03:00 [INF] CORS policy execution successful.
2026-09-04 14:12:18.125 +03:00 [INF] Executing endpoint 'CMS.API.Controllers.TriageController.AssignDoctor (CMS.API)'
2026-09-04 14:12:18.129 +03:00 [INF] Route matched with {action = "AssignDoctor", controller = "Triage"}. Executing controller action with signature System.Threading.Tasks.Task`1[Microsoft.AspNetCore.Mvc.IActionResult] AssignDoctor(CMS.Shared.DTOs.AssignDoctorDto) on controller CMS.API.Controllers.TriageController (CMS.API).
2026-09-04 14:12:19.551 +03:00 [INF] Executing OkObjectResult, writing value of type 'CMS.Shared.DTOs.ApiResponse`1[[System.String, System.Private.CoreLib, Version=8.0.0.0, Culture=neutral, PublicKeyToken=7cec85d7bea7798e]]'.
2026-09-04 14:12:19.775 +03:00 [INF] Executing OkObjectResult, writing value of type 'CMS.Shared.DTOs.ApiResponse`1[[System.String, System.Private.CoreLib, Version=8.0.0.0, Culture=neutral, PublicKeyToken=7cec85d7bea7798e]]'.
2026-09-04 14:12:20.195 +03:00 [INF] Executed action CMS.API.Controllers.TriageController.AssignDoctor (CMS.API) in 4524.8156ms
2026-09-04 14:12:20.200 +03:00 [INF] Executed action CMS.API.Controllers.TriageController.AssignDoctor (CMS.API) in 2067.06ms
2026-09-04 14:12:20.217 +03:00 [INF] Executed endpoint 'CMS.API.Controllers.TriageController.AssignDoctor (CMS.API)'
2026-09-04 14:12:20.211 +03:00 [INF] Executed endpoint 'CMS.API.Controllers.TriageController.AssignDoctor (CMS.API)'
2026-09-04 14:12:20.221 +03:00 [INF] Request finished HTTP/1.1 POST http://localhost:5010/api/v1/triage/assign-doctor - 200 null application/json; charset=utf-8 2116.903ms
2026-09-04 14:12:20.229 +03:00 [INF] Request finished HTTP/1.1 POST http://localhost:5010/api/v1/triage/assign-doctor - 200 null application/json; charset=utf-8 4609.0317ms
2026-09-04 14:12:20.542 +03:00 [INF] Request starting HTTP/1.1 POST http://localhost:5010/api/v1/billing/invoices - application/json 203
2026-09-04 14:12:20.542 +03:00 [INF] Request starting HTTP/1.1 POST http://localhost:5010/api/v1/billing/invoices - application/json 203
2026-09-04 14:12:20.551 +03:00 [INF] CORS policy execution successful.
2026-09-04 14:12:20.562 +03:00 [INF] CORS policy execution successful.
2026-09-04 14:12:20.562 +03:00 [INF] Executing endpoint 'CMS.API.Controllers.BillingController.CreateInvoice (CMS.API)'
2026-09-04 14:12:20.565 +03:00 [INF] Executing endpoint 'CMS.API.Controllers.BillingController.CreateInvoice (CMS.API)'
2026-09-04 14:12:20.576 +03:00 [INF] Route matched with {action = "CreateInvoice", controller = "Billing"}. Executing controller action with signature System.Threading.Tasks.Task`1[Microsoft.AspNetCore.Mvc.IActionResult] CreateInvoice(CMS.Shared.DTOs.CreateInvoiceDto) on controller CMS.API.Controllers.BillingController (CMS.API).
2026-09-04 14:12:20.578 +03:00 [INF] Route matched with {action = "CreateInvoice", controller = "Billing"}. Executing controller action with signature System.Threading.Tasks.Task`1[Microsoft.AspNetCore.Mvc.IActionResult] CreateInvoice(CMS.Shared.DTOs.CreateInvoiceDto) on controller CMS.API.Controllers.BillingController (CMS.API).
2026-09-04 14:12:20.709 +03:00 [INF] Executing OkObjectResult, writing value of type 'CMS.Shared.DTOs.ApiResponse`1[[System.Object, System.Private.CoreLib, Version=8.0.0.0, Culture=neutral, PublicKeyToken=7cec85d7bea7798e]]'.
2026-09-04 14:12:20.709 +03:00 [INF] Executing OkObjectResult, writing value of type 'CMS.Shared.DTOs.ApiResponse`1[[System.Object, System.Private.CoreLib, Version=8.0.0.0, Culture=neutral, PublicKeyToken=7cec85d7bea7798e]]'.
2026-09-04 14:12:20.713 +03:00 [INF] Executed action CMS.API.Controllers.BillingController.CreateInvoice (CMS.API) in 125.8022ms
2026-09-04 14:12:20.716 +03:00 [INF] Executed action CMS.API.Controllers.BillingController.CreateInvoice (CMS.API) in 133.0251ms
2026-09-04 14:12:20.721 +03:00 [INF] Executed endpoint 'CMS.API.Controllers.BillingController.CreateInvoice (CMS.API)'
2026-09-04 14:12:20.724 +03:00 [INF] Executed endpoint 'CMS.API.Controllers.BillingController.CreateInvoice (CMS.API)'
2026-09-04 14:12:20.727 +03:00 [INF] Request finished HTTP/1.1 POST http://localhost:5010/api/v1/billing/invoices - 200 null application/json; charset=utf-8 184.4645ms
2026-09-04 14:12:20.732 +03:00 [INF] Request finished HTTP/1.1 POST http://localhost:5010/api/v1/billing/invoices - 200 null application/json; charset=utf-8 189.9757ms
2026-09-04 14:12:21.046 +03:00 [INF] Request starting HTTP/1.1 GET http://localhost:5010/api/v1/triage/queue?date=2026-09-04 - application/json null
2026-09-04 14:12:21.046 +03:00 [INF] Request starting HTTP/1.1 GET http://localhost:5010/api/v1/staff/doctors - application/json null
2026-09-04 14:12:21.046 +03:00 [INF] Request starting HTTP/1.1 GET http://localhost:5010/api/v1/patients/search - application/json null
2026-09-04 14:12:21.055 +03:00 [INF] Executing endpoint 'CMS.API.Controllers.TriageController.GetQueue (CMS.API)'
2026-09-04 14:12:21.060 +03:00 [INF] Executing endpoint 'CMS.API.Controllers.StaffController.GetDoctors (CMS.API)'
2026-09-04 14:12:21.066 +03:00 [INF] Executing endpoint 'CMS.API.Controllers.PatientsController.Search (CMS.API)'
2026-09-04 14:12:21.069 +03:00 [INF] Route matched with {action = "GetQueue", controller = "Triage"}. Executing controller action with signature System.Threading.Tasks.Task`1[Microsoft.AspNetCore.Mvc.IActionResult] GetQueue(System.String, System.Nullable`1[System.DateTime]) on controller CMS.API.Controllers.TriageController (CMS.API).
2026-09-04 14:12:21.071 +03:00 [INF] Route matched with {action = "GetDoctors", controller = "Staff"}. Executing controller action with signature System.Threading.Tasks.Task`1[Microsoft.AspNetCore.Mvc.IActionResult] GetDoctors() on controller CMS.API.Controllers.StaffController (CMS.API).
2026-09-04 14:12:21.074 +03:00 [INF] Route matched with {action = "Search", controller = "Patients"}. Executing controller action with signature System.Threading.Tasks.Task`1[Microsoft.AspNetCore.Mvc.IActionResult] Search(System.String, Int32) on controller CMS.API.Controllers.PatientsController (CMS.API).
2026-09-04 14:12:21.110 +03:00 [INF] Executed action CMS.API.Controllers.StaffController.GetDoctors (CMS.API) in 22.7762ms
2026-09-04 14:12:21.126 +03:00 [INF] Executing OkObjectResult, writing value of type 'CMS.Shared.DTOs.ApiResponse`1[[System.Collections.Generic.List`1[[CMS.Shared.DTOs.PatientDto, CMS.Shared, Version=1.0.0.0, Culture=neutral, PublicKeyToken=null]], System.Private.CoreLib, Version=8.0.0.0, Culture=neutral, PublicKeyToken=7cec85d7bea7798e]]'.
2026-09-04 14:12:21.127 +03:00 [INF] Executed endpoint 'CMS.API.Controllers.StaffController.GetDoctors (CMS.API)'
2026-09-04 14:12:21.130 +03:00 [INF] Executed action CMS.API.Controllers.PatientsController.Search (CMS.API) in 37.961ms
2026-09-04 14:12:21.132 +03:00 [INF] Executing OkObjectResult, writing value of type 'CMS.Shared.DTOs.ApiResponse`1[[System.Collections.Generic.List`1[[CMS.Shared.DTOs.TriageDto, CMS.Shared, Version=1.0.0.0, Culture=neutral, PublicKeyToken=null]], System.Private.CoreLib, Version=8.0.0.0, Culture=neutral, PublicKeyToken=7cec85d7bea7798e]]'.
2026-09-04 14:12:21.136 +03:00 [ERR] Unhandled exception encountered: A parameterless default constructor or one matching signature (System.Int32 Id, System.Int32 StaffId, System.String StaffCode, System.String DoctorName, System.String LicenseNumber, System.Int16 SpecializationId, System.String SpecializationName, System.String SubSpecialization, System.Decimal ConsultationFee, System.Boolean IsAvailable) is required for CMS.Shared.DTOs.DoctorDto materialization
System.InvalidOperationException: A parameterless default constructor or one matching signature (System.Int32 Id, System.Int32 StaffId, System.String StaffCode, System.String DoctorName, System.String LicenseNumber, System.Int16 SpecializationId, System.String SpecializationName, System.String SubSpecialization, System.Decimal ConsultationFee, System.Boolean IsAvailable) is required for CMS.Shared.DTOs.DoctorDto materialization
   at Dapper.SqlMapper.GenerateDeserializerFromMap(Type type, DbDataReader reader, Int32 startBound, Int32 length, Boolean returnNullIfFirstMissing, ILGenerator il) in /_/Dapper/SqlMapper.cs:line 3473
   at Dapper.SqlMapper.GetTypeDeserializerImpl(Type type, DbDataReader reader, Int32 startBound, Int32 length, Boolean returnNullIfFirstMissing) in /_/Dapper/SqlMapper.cs:line 3304
   at Dapper.SqlMapper.TypeDeserializerCache.GetReader(DbDataReader reader, Int32 startBound, Int32 length, Boolean returnNullIfFirstMissing) in /_/Dapper/SqlMapper.TypeDeserializerCache.cs:line 151
   at Dapper.SqlMapper.TypeDeserializerCache.GetReader(Type type, DbDataReader reader, Int32 startBound, Int32 length, Boolean returnNullIfFirstMissing) in /_/Dapper/SqlMapper.TypeDeserializerCache.cs:line 50
   at Dapper.SqlMapper.GetTypeDeserializer(Type type, DbDataReader reader, Int32 startBound, Int32 length, Boolean returnNullIfFirstMissing) in /_/Dapper/SqlMapper.cs:line 3258
   at Dapper.SqlMapper.GetDeserializer(Type type, DbDataReader reader, Int32 startBound, Int32 length, Boolean returnNullIfFirstMissing) in /_/Dapper/SqlMapper.cs:line 1945
   at Dapper.SqlMapper.QueryAsync[T](IDbConnection cnn, Type effectiveType, CommandDefinition command) in /_/Dapper/SqlMapper.Async.cs:line 442
   at CMS.Application.StaffServices.StaffAndDoctorService.GetDoctorsAsync(Byte tenantId) in C:\Users\ASUS\source\repos\CMS\src\CMS.Application\StaffServices\StaffAndDoctorService.cs:line 35
   at CMS.API.Controllers.StaffController.GetDoctors() in C:\Users\ASUS\source\repos\CMS\src\CMS.API\Controllers\ClinicalControllers.cs:line 24
   at Microsoft.AspNetCore.Mvc.Infrastructure.ActionMethodExecutor.TaskOfIActionResultExecutor.Execute(ActionContext actionContext, IActionResultTypeMapper mapper, ObjectMethodExecutor executor, Object controller, Object[] arguments)
   at Microsoft.AspNetCore.Mvc.Infrastructure.ControllerActionInvoker.<InvokeActionMethodAsync>g__Awaited|12_0(ControllerActionInvoker invoker, ValueTask`1 actionResultValueTask)
   at Microsoft.AspNetCore.Mvc.Infrastructure.ControllerActionInvoker.<InvokeNextActionFilterAsync>g__Awaited|10_0(ControllerActionInvoker invoker, Task lastTask, State next, Scope scope, Object state, Boolean isCompleted)
   at Microsoft.AspNetCore.Mvc.Infrastructure.ControllerActionInvoker.Rethrow(ActionExecutedContextSealed context)
   at Microsoft.AspNetCore.Mvc.Infrastructure.ControllerActionInvoker.Next(State& next, Scope& scope, Object& state, Boolean& isCompleted)
   at Microsoft.AspNetCore.Mvc.Infrastructure.ControllerActionInvoker.<InvokeInnerFilterAsync>g__Awaited|13_0(ControllerActionInvoker invoker, Task lastTask, State next, Scope scope, Object state, Boolean isCompleted)
   at Microsoft.AspNetCore.Mvc.Infrastructure.ResourceInvoker.<InvokeFilterPipelineAsync>g__Awaited|20_0(ResourceInvoker invoker, Task lastTask, State next, Scope scope, Object state, Boolean isCompleted)
   at Microsoft.AspNetCore.Mvc.Infrastructure.ResourceInvoker.<InvokeAsync>g__Logged|17_1(ResourceInvoker invoker)
   at Microsoft.AspNetCore.Mvc.Infrastructure.ResourceInvoker.<InvokeAsync>g__Logged|17_1(ResourceInvoker invoker)
   at Microsoft.AspNetCore.Routing.EndpointMiddleware.<Invoke>g__AwaitRequestTask|7_0(Endpoint endpoint, Task requestTask, ILogger logger)
   at Microsoft.AspNetCore.Authorization.AuthorizationMiddleware.Invoke(HttpContext context)
   at Microsoft.AspNetCore.Authentication.AuthenticationMiddleware.Invoke(HttpContext context)
   at Swashbuckle.AspNetCore.SwaggerUI.SwaggerUIMiddleware.Invoke(HttpContext httpContext)
   at Swashbuckle.AspNetCore.Swagger.SwaggerMiddleware.Invoke(HttpContext httpContext, ISwaggerProvider swaggerProvider)
   at CMS.API.Middleware.TenantMiddleware.InvokeAsync(HttpContext context) in C:\Users\ASUS\source\repos\CMS\src\CMS.API\Middleware\Middlewares.cs:line 26
   at CMS.API.Middleware.ExceptionMiddleware.InvokeAsync(HttpContext context) in C:\Users\ASUS\source\repos\CMS\src\CMS.API\Middleware\Middlewares.cs:line 45
2026-09-04 14:12:21.139 +03:00 [INF] Executed endpoint 'CMS.API.Controllers.PatientsController.Search (CMS.API)'
2026-09-04 14:12:21.170 +03:00 [INF] Executed action CMS.API.Controllers.TriageController.GetQueue (CMS.API) in 91.3109ms
2026-09-04 14:12:21.421 +03:00 [INF] Executed endpoint 'CMS.API.Controllers.TriageController.GetQueue (CMS.API)'
2026-09-04 14:12:21.391 +03:00 [INF] Request finished HTTP/1.1 GET http://localhost:5010/api/v1/staff/doctors - 500 null application/json 344.3291ms
2026-09-04 14:12:21.403 +03:00 [INF] Request finished HTTP/1.1 GET http://localhost:5010/api/v1/patients/search - 200 null application/json; charset=utf-8 356.1897ms
2026-09-04 14:12:21.447 +03:00 [INF] Request starting HTTP/1.1 GET http://localhost:5010/api/v1/patients/search - application/json null
2026-09-04 14:12:21.494 +03:00 [INF] Request starting HTTP/1.1 GET http://localhost:5010/api/v1/triage/queue?date=2026-09-04 - application/json null
2026-09-04 14:12:21.502 +03:00 [INF] Request finished HTTP/1.1 GET http://localhost:5010/api/v1/triage/queue?date=2026-09-04 - 200 null application/json; charset=utf-8 455.6468ms
2026-09-04 14:12:21.629 +03:00 [INF] Executing endpoint 'CMS.API.Controllers.PatientsController.Search (CMS.API)'
2026-09-04 14:12:21.643 +03:00 [INF] Route matched with {action = "Search", controller = "Patients"}. Executing controller action with signature System.Threading.Tasks.Task`1[Microsoft.AspNetCore.Mvc.IActionResult] Search(System.String, Int32) on controller CMS.API.Controllers.PatientsController (CMS.API).
2026-09-04 14:12:21.633 +03:00 [INF] Executing endpoint 'CMS.API.Controllers.TriageController.GetQueue (CMS.API)'
2026-09-04 14:12:21.651 +03:00 [INF] Route matched with {action = "GetQueue", controller = "Triage"}. Executing controller action with signature System.Threading.Tasks.Task`1[Microsoft.AspNetCore.Mvc.IActionResult] GetQueue(System.String, System.Nullable`1[System.DateTime]) on controller CMS.API.Controllers.TriageController (CMS.API).
2026-09-04 14:12:21.650 +03:00 [INF] Executing OkObjectResult, writing value of type 'CMS.Shared.DTOs.ApiResponse`1[[System.Collections.Generic.List`1[[CMS.Shared.DTOs.PatientDto, CMS.Shared, Version=1.0.0.0, Culture=neutral, PublicKeyToken=null]], System.Private.CoreLib, Version=8.0.0.0, Culture=neutral, PublicKeyToken=7cec85d7bea7798e]]'.
2026-09-04 14:12:21.658 +03:00 [INF] Executing OkObjectResult, writing value of type 'CMS.Shared.DTOs.ApiResponse`1[[System.Collections.Generic.List`1[[CMS.Shared.DTOs.TriageDto, CMS.Shared, Version=1.0.0.0, Culture=neutral, PublicKeyToken=null]], System.Private.CoreLib, Version=8.0.0.0, Culture=neutral, PublicKeyToken=7cec85d7bea7798e]]'.
2026-09-04 14:12:21.660 +03:00 [INF] Executed action CMS.API.Controllers.PatientsController.Search (CMS.API) in 12.2722ms
2026-09-04 14:12:21.664 +03:00 [INF] Executed action CMS.API.Controllers.TriageController.GetQueue (CMS.API) in 8.2491ms
2026-09-04 14:12:21.667 +03:00 [INF] Executed endpoint 'CMS.API.Controllers.PatientsController.Search (CMS.API)'
2026-09-04 14:12:21.671 +03:00 [INF] Executed endpoint 'CMS.API.Controllers.TriageController.GetQueue (CMS.API)'
2026-09-04 14:12:21.673 +03:00 [INF] Request finished HTTP/1.1 GET http://localhost:5010/api/v1/patients/search - 200 null application/json; charset=utf-8 226.3614ms
2026-09-04 14:12:21.678 +03:00 [INF] Request finished HTTP/1.1 GET http://localhost:5010/api/v1/triage/queue?date=2026-09-04 - 200 null application/json; charset=utf-8 183.7259ms
2026-09-04 14:12:21.709 +03:00 [INF] Request starting HTTP/1.1 GET http://localhost:5010/api/v1/staff/doctors - application/json null
2026-09-04 14:12:21.716 +03:00 [INF] Executing endpoint 'CMS.API.Controllers.StaffController.GetDoctors (CMS.API)'
2026-09-04 14:12:21.719 +03:00 [INF] Route matched with {action = "GetDoctors", controller = "Staff"}. Executing controller action with signature System.Threading.Tasks.Task`1[Microsoft.AspNetCore.Mvc.IActionResult] GetDoctors() on controller CMS.API.Controllers.StaffController (CMS.API).
2026-09-04 14:12:21.727 +03:00 [INF] Executed action CMS.API.Controllers.StaffController.GetDoctors (CMS.API) in 2.9464ms
2026-09-04 14:12:21.730 +03:00 [INF] Executed endpoint 'CMS.API.Controllers.StaffController.GetDoctors (CMS.API)'
2026-09-04 14:12:21.733 +03:00 [ERR] Unhandled exception encountered: A parameterless default constructor or one matching signature (System.Int32 Id, System.Int32 StaffId, System.String StaffCode, System.String DoctorName, System.String LicenseNumber, System.Int16 SpecializationId, System.String SpecializationName, System.String SubSpecialization, System.Decimal ConsultationFee, System.Boolean IsAvailable) is required for CMS.Shared.DTOs.DoctorDto materialization
System.InvalidOperationException: A parameterless default constructor or one matching signature (System.Int32 Id, System.Int32 StaffId, System.String StaffCode, System.String DoctorName, System.String LicenseNumber, System.Int16 SpecializationId, System.String SpecializationName, System.String SubSpecialization, System.Decimal ConsultationFee, System.Boolean IsAvailable) is required for CMS.Shared.DTOs.DoctorDto materialization
   at Dapper.SqlMapper.GenerateDeserializerFromMap(Type type, DbDataReader reader, Int32 startBound, Int32 length, Boolean returnNullIfFirstMissing, ILGenerator il) in /_/Dapper/SqlMapper.cs:line 3473
   at Dapper.SqlMapper.GetTypeDeserializerImpl(Type type, DbDataReader reader, Int32 startBound, Int32 length, Boolean returnNullIfFirstMissing) in /_/Dapper/SqlMapper.cs:line 3304
   at Dapper.SqlMapper.TypeDeserializerCache.GetReader(DbDataReader reader, Int32 startBound, Int32 length, Boolean returnNullIfFirstMissing) in /_/Dapper/SqlMapper.TypeDeserializerCache.cs:line 151
   at Dapper.SqlMapper.TypeDeserializerCache.GetReader(Type type, DbDataReader reader, Int32 startBound, Int32 length, Boolean returnNullIfFirstMissing) in /_/Dapper/SqlMapper.TypeDeserializerCache.cs:line 50
   at Dapper.SqlMapper.GetTypeDeserializer(Type type, DbDataReader reader, Int32 startBound, Int32 length, Boolean returnNullIfFirstMissing) in /_/Dapper/SqlMapper.cs:line 3258
   at Dapper.SqlMapper.GetDeserializer(Type type, DbDataReader reader, Int32 startBound, Int32 length, Boolean returnNullIfFirstMissing) in /_/Dapper/SqlMapper.cs:line 1945
   at Dapper.SqlMapper.QueryAsync[T](IDbConnection cnn, Type effectiveType, CommandDefinition command) in /_/Dapper/SqlMapper.Async.cs:line 442
   at CMS.Application.StaffServices.StaffAndDoctorService.GetDoctorsAsync(Byte tenantId) in C:\Users\ASUS\source\repos\CMS\src\CMS.Application\StaffServices\StaffAndDoctorService.cs:line 35
   at CMS.API.Controllers.StaffController.GetDoctors() in C:\Users\ASUS\source\repos\CMS\src\CMS.API\Controllers\ClinicalControllers.cs:line 24
   at Microsoft.AspNetCore.Mvc.Infrastructure.ActionMethodExecutor.TaskOfIActionResultExecutor.Execute(ActionContext actionContext, IActionResultTypeMapper mapper, ObjectMethodExecutor executor, Object controller, Object[] arguments)
   at Microsoft.AspNetCore.Mvc.Infrastructure.ControllerActionInvoker.<InvokeActionMethodAsync>g__Awaited|12_0(ControllerActionInvoker invoker, ValueTask`1 actionResultValueTask)
   at Microsoft.AspNetCore.Mvc.Infrastructure.ControllerActionInvoker.<InvokeNextActionFilterAsync>g__Awaited|10_0(ControllerActionInvoker invoker, Task lastTask, State next, Scope scope, Object state, Boolean isCompleted)
   at Microsoft.AspNetCore.Mvc.Infrastructure.ControllerActionInvoker.Rethrow(ActionExecutedContextSealed context)
   at Microsoft.AspNetCore.Mvc.Infrastructure.ControllerActionInvoker.Next(State& next, Scope& scope, Object& state, Boolean& isCompleted)
   at Microsoft.AspNetCore.Mvc.Infrastructure.ControllerActionInvoker.<InvokeInnerFilterAsync>g__Awaited|13_0(ControllerActionInvoker invoker, Task lastTask, State next, Scope scope, Object state, Boolean isCompleted)
   at Microsoft.AspNetCore.Mvc.Infrastructure.ResourceInvoker.<InvokeFilterPipelineAsync>g__Awaited|20_0(ResourceInvoker invoker, Task lastTask, State next, Scope scope, Object state, Boolean isCompleted)
   at Microsoft.AspNetCore.Mvc.Infrastructure.ResourceInvoker.<InvokeAsync>g__Logged|17_1(ResourceInvoker invoker)
   at Microsoft.AspNetCore.Mvc.Infrastructure.ResourceInvoker.<InvokeAsync>g__Logged|17_1(ResourceInvoker invoker)
   at Microsoft.AspNetCore.Routing.EndpointMiddleware.<Invoke>g__AwaitRequestTask|7_0(Endpoint endpoint, Task requestTask, ILogger logger)
   at Microsoft.AspNetCore.Authorization.AuthorizationMiddleware.Invoke(HttpContext context)
   at Microsoft.AspNetCore.Authentication.AuthenticationMiddleware.Invoke(HttpContext context)
   at Swashbuckle.AspNetCore.SwaggerUI.SwaggerUIMiddleware.Invoke(HttpContext httpContext)
   at Swashbuckle.AspNetCore.Swagger.SwaggerMiddleware.Invoke(HttpContext httpContext, ISwaggerProvider swaggerProvider)
   at CMS.API.Middleware.TenantMiddleware.InvokeAsync(HttpContext context) in C:\Users\ASUS\source\repos\CMS\src\CMS.API\Middleware\Middlewares.cs:line 26
   at CMS.API.Middleware.ExceptionMiddleware.InvokeAsync(HttpContext context) in C:\Users\ASUS\source\repos\CMS\src\CMS.API\Middleware\Middlewares.cs:line 45
2026-09-04 14:12:21.748 +03:00 [INF] Request finished HTTP/1.1 GET http://localhost:5010/api/v1/staff/doctors - 500 null application/json 38.4637ms
2026-09-04 14:12:28.596 +03:00 [INF] Request starting HTTP/1.1 GET http://localhost:5010/api/v1/triage/doctor/1?date=2026-09-04 - application/json null
2026-09-04 14:12:28.607 +03:00 [INF] Executing endpoint 'CMS.API.Controllers.TriageController.GetDoctorQueue (CMS.API)'
2026-09-04 14:12:28.620 +03:00 [INF] Route matched with {action = "GetDoctorQueue", controller = "Triage"}. Executing controller action with signature System.Threading.Tasks.Task`1[Microsoft.AspNetCore.Mvc.IActionResult] GetDoctorQueue(Int32, System.Nullable`1[System.DateTime]) on controller CMS.API.Controllers.TriageController (CMS.API).
2026-09-04 14:12:28.655 +03:00 [INF] Executing OkObjectResult, writing value of type 'CMS.Shared.DTOs.ApiResponse`1[[System.Object, System.Private.CoreLib, Version=8.0.0.0, Culture=neutral, PublicKeyToken=7cec85d7bea7798e]]'.
2026-09-04 14:12:28.699 +03:00 [INF] Executed action CMS.API.Controllers.TriageController.GetDoctorQueue (CMS.API) in 71.4353ms
2026-09-04 14:12:28.707 +03:00 [INF] Executed endpoint 'CMS.API.Controllers.TriageController.GetDoctorQueue (CMS.API)'
2026-09-04 14:12:28.710 +03:00 [INF] Request finished HTTP/1.1 GET http://localhost:5010/api/v1/triage/doctor/1?date=2026-09-04 - 200 null application/json; charset=utf-8 113.9525ms
2026-09-04 14:12:28.891 +03:00 [INF] Request starting HTTP/1.1 GET http://localhost:5010/api/v1/triage/doctor/1?date=2026-09-04 - application/json null
2026-09-04 14:12:28.957 +03:00 [INF] Executing endpoint 'CMS.API.Controllers.TriageController.GetDoctorQueue (CMS.API)'
2026-09-04 14:12:28.973 +03:00 [INF] Route matched with {action = "GetDoctorQueue", controller = "Triage"}. Executing controller action with signature System.Threading.Tasks.Task`1[Microsoft.AspNetCore.Mvc.IActionResult] GetDoctorQueue(Int32, System.Nullable`1[System.DateTime]) on controller CMS.API.Controllers.TriageController (CMS.API).
2026-09-04 14:12:28.983 +03:00 [INF] Executing OkObjectResult, writing value of type 'CMS.Shared.DTOs.ApiResponse`1[[System.Object, System.Private.CoreLib, Version=8.0.0.0, Culture=neutral, PublicKeyToken=7cec85d7bea7798e]]'.
2026-09-04 14:12:28.989 +03:00 [INF] Executed action CMS.API.Controllers.TriageController.GetDoctorQueue (CMS.API) in 8.52ms
2026-09-04 14:12:28.998 +03:00 [INF] Executed endpoint 'CMS.API.Controllers.TriageController.GetDoctorQueue (CMS.API)'
2026-09-04 14:12:29.007 +03:00 [INF] Request finished HTTP/1.1 GET http://localhost:5010/api/v1/triage/doctor/1?date=2026-09-04 - 200 null application/json; charset=utf-8 116.0889ms
2026-09-04 14:12:29.016 +03:00 [INF] Request starting HTTP/1.1 GET http://localhost:5010/api/v1/medicalcertificates/patient/18 - application/json null
2026-09-04 14:12:29.065 +03:00 [INF] Request starting HTTP/1.1 GET http://localhost:5010/api/v1/encounters/patient/18 - application/json null
2026-09-04 14:12:29.066 +03:00 [INF] Request starting HTTP/1.1 GET http://localhost:5010/api/v1/triage/patient/18/latest - application/json null
2026-09-04 14:12:29.067 +03:00 [INF] Executing endpoint 'CMS.API.Controllers.MedicalCertificatesController.GetPatientCertificates (CMS.API)'
2026-09-04 14:12:29.086 +03:00 [INF] Executing endpoint 'CMS.API.Controllers.EncountersController.GetPatientEncounters (CMS.API)'
2026-09-04 14:12:29.105 +03:00 [INF] Executing endpoint 'CMS.API.Controllers.TriageController.GetLatestPatientVitals (CMS.API)'
2026-09-04 14:12:29.122 +03:00 [INF] Route matched with {action = "GetPatientEncounters", controller = "Encounters"}. Executing controller action with signature System.Threading.Tasks.Task`1[Microsoft.AspNetCore.Mvc.IActionResult] GetPatientEncounters(Int32) on controller CMS.API.Controllers.EncountersController (CMS.API).
2026-09-04 14:12:29.130 +03:00 [INF] Route matched with {action = "GetPatientCertificates", controller = "MedicalCertificates"}. Executing controller action with signature System.Threading.Tasks.Task`1[Microsoft.AspNetCore.Mvc.IActionResult] GetPatientCertificates(Int32) on controller CMS.API.Controllers.MedicalCertificatesController (CMS.API).
2026-09-04 14:12:29.144 +03:00 [INF] Route matched with {action = "GetLatestPatientVitals", controller = "Triage"}. Executing controller action with signature System.Threading.Tasks.Task`1[Microsoft.AspNetCore.Mvc.IActionResult] GetLatestPatientVitals(Int32) on controller CMS.API.Controllers.TriageController (CMS.API).
2026-09-04 14:12:29.169 +03:00 [INF] Executing OkObjectResult, writing value of type 'CMS.Shared.DTOs.ApiResponse`1[[System.Collections.Generic.List`1[[CMS.Shared.DTOs.MedicalCertificateDto, CMS.Shared, Version=1.0.0.0, Culture=neutral, PublicKeyToken=null]], System.Private.CoreLib, Version=8.0.0.0, Culture=neutral, PublicKeyToken=7cec85d7bea7798e]]'.
2026-09-04 14:12:29.172 +03:00 [INF] Executing OkObjectResult, writing value of type 'CMS.Shared.DTOs.ApiResponse`1[[System.Collections.Generic.List`1[[CMS.Shared.DTOs.EncounterDto, CMS.Shared, Version=1.0.0.0, Culture=neutral, PublicKeyToken=null]], System.Private.CoreLib, Version=8.0.0.0, Culture=neutral, PublicKeyToken=7cec85d7bea7798e]]'.
2026-09-04 14:12:29.183 +03:00 [INF] Executed action CMS.API.Controllers.MedicalCertificatesController.GetPatientCertificates (CMS.API) in 27.1564ms
2026-09-04 14:12:29.184 +03:00 [INF] Executed action CMS.API.Controllers.EncountersController.GetPatientEncounters (CMS.API) in 39.6587ms
2026-09-04 14:12:29.192 +03:00 [INF] Executed endpoint 'CMS.API.Controllers.MedicalCertificatesController.GetPatientCertificates (CMS.API)'
2026-09-04 14:12:29.193 +03:00 [INF] Request starting HTTP/1.1 GET http://localhost:5010/api/v1/medicalcertificates/patient/18 - application/json null
2026-09-04 14:12:29.200 +03:00 [INF] Executed endpoint 'CMS.API.Controllers.EncountersController.GetPatientEncounters (CMS.API)'
2026-09-04 14:12:29.205 +03:00 [INF] Request finished HTTP/1.1 GET http://localhost:5010/api/v1/medicalcertificates/patient/18 - 200 null application/json; charset=utf-8 189.7415ms
2026-09-04 14:12:29.213 +03:00 [INF] Executing OkObjectResult, writing value of type 'CMS.Shared.DTOs.ApiResponse`1[[CMS.Shared.DTOs.TriageDto, CMS.Shared, Version=1.0.0.0, Culture=neutral, PublicKeyToken=null]]'.
2026-09-04 14:12:29.221 +03:00 [INF] Executing endpoint 'CMS.API.Controllers.MedicalCertificatesController.GetPatientCertificates (CMS.API)'
2026-09-04 14:12:29.225 +03:00 [INF] Request finished HTTP/1.1 GET http://localhost:5010/api/v1/encounters/patient/18 - 200 null application/json; charset=utf-8 159.7495ms
2026-09-04 14:12:29.382 +03:00 [INF] Executed action CMS.API.Controllers.TriageController.GetLatestPatientVitals (CMS.API) in 215.3659ms
2026-09-04 14:12:29.390 +03:00 [INF] Route matched with {action = "GetPatientCertificates", controller = "MedicalCertificates"}. Executing controller action with signature System.Threading.Tasks.Task`1[Microsoft.AspNetCore.Mvc.IActionResult] GetPatientCertificates(Int32) on controller CMS.API.Controllers.MedicalCertificatesController (CMS.API).
2026-09-04 14:12:29.436 +03:00 [INF] Executed endpoint 'CMS.API.Controllers.TriageController.GetLatestPatientVitals (CMS.API)'
2026-09-04 14:12:29.445 +03:00 [INF] Executing OkObjectResult, writing value of type 'CMS.Shared.DTOs.ApiResponse`1[[System.Collections.Generic.List`1[[CMS.Shared.DTOs.MedicalCertificateDto, CMS.Shared, Version=1.0.0.0, Culture=neutral, PublicKeyToken=null]], System.Private.CoreLib, Version=8.0.0.0, Culture=neutral, PublicKeyToken=7cec85d7bea7798e]]'.
2026-09-04 14:12:29.448 +03:00 [INF] Request finished HTTP/1.1 GET http://localhost:5010/api/v1/triage/patient/18/latest - 200 null application/json; charset=utf-8 381.5254ms
2026-09-04 14:12:29.453 +03:00 [INF] Executed action CMS.API.Controllers.MedicalCertificatesController.GetPatientCertificates (CMS.API) in 10.6676ms
2026-09-04 14:12:29.471 +03:00 [INF] Executed endpoint 'CMS.API.Controllers.MedicalCertificatesController.GetPatientCertificates (CMS.API)'
2026-09-04 14:12:29.476 +03:00 [INF] Request finished HTTP/1.1 GET http://localhost:5010/api/v1/medicalcertificates/patient/18 - 200 null application/json; charset=utf-8 282.9543ms
2026-09-04 14:12:29.494 +03:00 [INF] Request starting HTTP/1.1 GET http://localhost:5010/api/v1/encounters/patient/18 - application/json null
2026-09-04 14:12:29.503 +03:00 [INF] Executing endpoint 'CMS.API.Controllers.EncountersController.GetPatientEncounters (CMS.API)'
2026-09-04 14:12:29.508 +03:00 [INF] Route matched with {action = "GetPatientEncounters", controller = "Encounters"}. Executing controller action with signature System.Threading.Tasks.Task`1[Microsoft.AspNetCore.Mvc.IActionResult] GetPatientEncounters(Int32) on controller CMS.API.Controllers.EncountersController (CMS.API).
2026-09-04 14:12:29.518 +03:00 [INF] Executing OkObjectResult, writing value of type 'CMS.Shared.DTOs.ApiResponse`1[[System.Collections.Generic.List`1[[CMS.Shared.DTOs.EncounterDto, CMS.Shared, Version=1.0.0.0, Culture=neutral, PublicKeyToken=null]], System.Private.CoreLib, Version=8.0.0.0, Culture=neutral, PublicKeyToken=7cec85d7bea7798e]]'.
2026-09-04 14:12:29.525 +03:00 [INF] Executed action CMS.API.Controllers.EncountersController.GetPatientEncounters (CMS.API) in 11.4515ms
2026-09-04 14:12:29.532 +03:00 [INF] Executed endpoint 'CMS.API.Controllers.EncountersController.GetPatientEncounters (CMS.API)'
2026-09-04 14:12:29.539 +03:00 [INF] Request finished HTTP/1.1 GET http://localhost:5010/api/v1/encounters/patient/18 - 200 null application/json; charset=utf-8 45.0628ms
2026-09-04 14:12:29.711 +03:00 [INF] Request starting HTTP/1.1 GET http://localhost:5010/api/v1/triage/patient/18/latest - application/json null
2026-09-04 14:12:29.718 +03:00 [INF] Executing endpoint 'CMS.API.Controllers.TriageController.GetLatestPatientVitals (CMS.API)'
2026-09-04 14:12:29.722 +03:00 [INF] Route matched with {action = "GetLatestPatientVitals", controller = "Triage"}. Executing controller action with signature System.Threading.Tasks.Task`1[Microsoft.AspNetCore.Mvc.IActionResult] GetLatestPatientVitals(Int32) on controller CMS.API.Controllers.TriageController (CMS.API).
2026-09-04 14:12:29.729 +03:00 [INF] Executing OkObjectResult, writing value of type 'CMS.Shared.DTOs.ApiResponse`1[[CMS.Shared.DTOs.TriageDto, CMS.Shared, Version=1.0.0.0, Culture=neutral, PublicKeyToken=null]]'.
2026-09-04 14:12:29.732 +03:00 [INF] Executed action CMS.API.Controllers.TriageController.GetLatestPatientVitals (CMS.API) in 5.2724ms
2026-09-04 14:12:29.740 +03:00 [INF] Executed endpoint 'CMS.API.Controllers.TriageController.GetLatestPatientVitals (CMS.API)'
2026-09-04 14:12:29.742 +03:00 [INF] Request finished HTTP/1.1 GET http://localhost:5010/api/v1/triage/patient/18/latest - 200 null application/json; charset=utf-8 31.054ms
2026-09-04 14:12:39.720 +03:00 [INF] Request starting HTTP/1.1 POST http://localhost:5010/api/v1/encounters - application/json 293
2026-09-04 14:12:39.733 +03:00 [INF] CORS policy execution successful.
2026-09-04 14:12:39.738 +03:00 [INF] Executing endpoint 'CMS.API.Controllers.EncountersController.Create (CMS.API)'
2026-09-04 14:12:39.749 +03:00 [INF] Route matched with {action = "Create", controller = "Encounters"}. Executing controller action with signature System.Threading.Tasks.Task`1[Microsoft.AspNetCore.Mvc.IActionResult] Create(CMS.Shared.DTOs.CreateEncounterDto) on controller CMS.API.Controllers.EncountersController (CMS.API).
2026-09-04 14:12:39.789 +03:00 [INF] Executing OkObjectResult, writing value of type 'CMS.Shared.DTOs.ApiResponse`1[[System.Object, System.Private.CoreLib, Version=8.0.0.0, Culture=neutral, PublicKeyToken=7cec85d7bea7798e]]'.
2026-09-04 14:12:39.795 +03:00 [INF] Executed action CMS.API.Controllers.EncountersController.Create (CMS.API) in 41.0728ms
2026-09-04 14:12:39.799 +03:00 [INF] Executed endpoint 'CMS.API.Controllers.EncountersController.Create (CMS.API)'
2026-09-04 14:12:39.802 +03:00 [INF] Request finished HTTP/1.1 POST http://localhost:5010/api/v1/encounters - 200 null application/json; charset=utf-8 82.0624ms
2026-09-04 14:12:40.019 +03:00 [INF] Request starting HTTP/1.1 GET http://localhost:5010/api/v1/billing/invoices - application/json null
2026-09-04 14:12:40.194 +03:00 [INF] Request starting HTTP/1.1 GET http://localhost:5010/api/v1/encounters/patient/18 - application/json null
2026-09-04 14:12:40.200 +03:00 [INF] Request starting HTTP/1.1 GET http://localhost:5010/api/v1/lab/orders - application/json null
2026-09-04 14:12:40.202 +03:00 [INF] Request starting HTTP/1.1 GET http://localhost:5010/api/v1/pharmacy/prescriptions - application/json null
2026-09-04 14:12:40.207 +03:00 [INF] Request starting HTTP/1.1 GET http://localhost:5010/api/v1/medicalcertificates/patient/18 - application/json null
2026-09-04 14:12:40.217 +03:00 [INF] Executing endpoint 'CMS.API.Controllers.BillingController.GetInvoices (CMS.API)'
2026-09-04 14:12:40.238 +03:00 [INF] Executing endpoint 'CMS.API.Controllers.EncountersController.GetPatientEncounters (CMS.API)'
2026-09-04 14:12:40.249 +03:00 [INF] Request finished HTTP/1.1 GET http://localhost:5010/api/v1/lab/orders - 404 0 null 48.5117ms
2026-09-04 14:12:40.348 +03:00 [INF] Executing endpoint 'CMS.API.Controllers.PharmacyController.GetPrescriptions (CMS.API)'
2026-09-04 14:12:40.356 +03:00 [INF] Executing endpoint 'CMS.API.Controllers.MedicalCertificatesController.GetPatientCertificates (CMS.API)'
2026-09-04 14:12:40.359 +03:00 [INF] Route matched with {action = "GetPatientEncounters", controller = "Encounters"}. Executing controller action with signature System.Threading.Tasks.Task`1[Microsoft.AspNetCore.Mvc.IActionResult] GetPatientEncounters(Int32) on controller CMS.API.Controllers.EncountersController (CMS.API).
2026-09-04 14:12:40.364 +03:00 [INF] Route matched with {action = "GetInvoices", controller = "Billing"}. Executing controller action with signature System.Threading.Tasks.Task`1[Microsoft.AspNetCore.Mvc.IActionResult] GetInvoices() on controller CMS.API.Controllers.BillingController (CMS.API).
2026-09-04 14:12:40.365 +03:00 [INF] Request reached the end of the middleware pipeline without being handled by application code. Request path: GET http://localhost:5010/api/v1/lab/orders, Response status code: 404
2026-09-04 14:12:40.371 +03:00 [INF] Route matched with {action = "GetPatientCertificates", controller = "MedicalCertificates"}. Executing controller action with signature System.Threading.Tasks.Task`1[Microsoft.AspNetCore.Mvc.IActionResult] GetPatientCertificates(Int32) on controller CMS.API.Controllers.MedicalCertificatesController (CMS.API).
2026-09-04 14:12:40.375 +03:00 [INF] Route matched with {action = "GetPrescriptions", controller = "Pharmacy"}. Executing controller action with signature System.Threading.Tasks.Task`1[Microsoft.AspNetCore.Mvc.IActionResult] GetPrescriptions() on controller CMS.API.Controllers.PharmacyController (CMS.API).
2026-09-04 14:12:40.379 +03:00 [INF] Executing OkObjectResult, writing value of type 'CMS.Shared.DTOs.ApiResponse`1[[System.Collections.Generic.List`1[[CMS.Shared.DTOs.EncounterDto, CMS.Shared, Version=1.0.0.0, Culture=neutral, PublicKeyToken=null]], System.Private.CoreLib, Version=8.0.0.0, Culture=neutral, PublicKeyToken=7cec85d7bea7798e]]'.
2026-09-04 14:12:40.390 +03:00 [INF] Executing OkObjectResult, writing value of type 'CMS.Shared.DTOs.ApiResponse`1[[System.Collections.Generic.List`1[[CMS.Shared.DTOs.MedicalCertificateDto, CMS.Shared, Version=1.0.0.0, Culture=neutral, PublicKeyToken=null]], System.Private.CoreLib, Version=8.0.0.0, Culture=neutral, PublicKeyToken=7cec85d7bea7798e]]'.
2026-09-04 14:12:40.405 +03:00 [INF] Executed action CMS.API.Controllers.EncountersController.GetPatientEncounters (CMS.API) in 30.7206ms
2026-09-04 14:12:40.406 +03:00 [INF] Executed action CMS.API.Controllers.MedicalCertificatesController.GetPatientCertificates (CMS.API) in 19.2654ms
2026-09-04 14:12:40.413 +03:00 [INF] Executed endpoint 'CMS.API.Controllers.EncountersController.GetPatientEncounters (CMS.API)'
2026-09-04 14:12:40.420 +03:00 [INF] Executed endpoint 'CMS.API.Controllers.MedicalCertificatesController.GetPatientCertificates (CMS.API)'
2026-09-04 14:12:40.422 +03:00 [INF] Request finished HTTP/1.1 GET http://localhost:5010/api/v1/encounters/patient/18 - 200 null application/json; charset=utf-8 228.4682ms
2026-09-04 14:12:40.428 +03:00 [INF] Request finished HTTP/1.1 GET http://localhost:5010/api/v1/medicalcertificates/patient/18 - 200 null application/json; charset=utf-8 220.9621ms
2026-09-04 14:12:40.431 +03:00 [INF] Executed action CMS.API.Controllers.BillingController.GetInvoices (CMS.API) in 53.8521ms
2026-09-04 14:12:40.432 +03:00 [INF] Executed action CMS.API.Controllers.PharmacyController.GetPrescriptions (CMS.API) in 40.0906ms
2026-09-04 14:12:40.450 +03:00 [INF] Executed endpoint 'CMS.API.Controllers.BillingController.GetInvoices (CMS.API)'
2026-09-04 14:12:40.454 +03:00 [INF] Executed endpoint 'CMS.API.Controllers.PharmacyController.GetPrescriptions (CMS.API)'
2026-09-04 14:12:40.456 +03:00 [ERR] Unhandled exception encountered: A parameterless default constructor or one matching signature (System.Int32 Id, System.Byte TenantId, System.String InvoiceNo, System.Int32 PatientId, System.String PatientName, System.Int32 EncounterId, System.DateTime IssueDate, System.DateTime DueDate, System.Decimal SubTotal, System.Decimal TaxAmount, System.Decimal DiscountAmount, System.Decimal TotalAmount, System.Decimal PaidAmount, System.Byte StatusId, System.String StatusName) is required for CMS.Shared.DTOs.InvoiceDto materialization
System.InvalidOperationException: A parameterless default constructor or one matching signature (System.Int32 Id, System.Byte TenantId, System.String InvoiceNo, System.Int32 PatientId, System.String PatientName, System.Int32 EncounterId, System.DateTime IssueDate, System.DateTime DueDate, System.Decimal SubTotal, System.Decimal TaxAmount, System.Decimal DiscountAmount, System.Decimal TotalAmount, System.Decimal PaidAmount, System.Byte StatusId, System.String StatusName) is required for CMS.Shared.DTOs.InvoiceDto materialization
   at Dapper.SqlMapper.GenerateDeserializerFromMap(Type type, DbDataReader reader, Int32 startBound, Int32 length, Boolean returnNullIfFirstMissing, ILGenerator il) in /_/Dapper/SqlMapper.cs:line 3473
   at Dapper.SqlMapper.GetTypeDeserializerImpl(Type type, DbDataReader reader, Int32 startBound, Int32 length, Boolean returnNullIfFirstMissing) in /_/Dapper/SqlMapper.cs:line 3304
   at Dapper.SqlMapper.TypeDeserializerCache.GetReader(DbDataReader reader, Int32 startBound, Int32 length, Boolean returnNullIfFirstMissing) in /_/Dapper/SqlMapper.TypeDeserializerCache.cs:line 151
   at Dapper.SqlMapper.TypeDeserializerCache.GetReader(Type type, DbDataReader reader, Int32 startBound, Int32 length, Boolean returnNullIfFirstMissing) in /_/Dapper/SqlMapper.TypeDeserializerCache.cs:line 50
   at Dapper.SqlMapper.GetTypeDeserializer(Type type, DbDataReader reader, Int32 startBound, Int32 length, Boolean returnNullIfFirstMissing) in /_/Dapper/SqlMapper.cs:line 3258
   at Dapper.SqlMapper.GetDeserializer(Type type, DbDataReader reader, Int32 startBound, Int32 length, Boolean returnNullIfFirstMissing) in /_/Dapper/SqlMapper.cs:line 1945
   at Dapper.SqlMapper.QueryAsync[T](IDbConnection cnn, Type effectiveType, CommandDefinition command) in /_/Dapper/SqlMapper.Async.cs:line 442
   at CMS.Application.Billing.BillingService.GetInvoicesAsync(Byte tenantId) in C:\Users\ASUS\source\repos\CMS\src\CMS.Application\Billing\BillingService.cs:line 105
   at CMS.API.Controllers.BillingController.GetInvoices() in C:\Users\ASUS\source\repos\CMS\src\CMS.API\Controllers\PharmacyBillingControllers.cs:line 77
   at Microsoft.AspNetCore.Mvc.Infrastructure.ActionMethodExecutor.TaskOfIActionResultExecutor.Execute(ActionContext actionContext, IActionResultTypeMapper mapper, ObjectMethodExecutor executor, Object controller, Object[] arguments)
   at Microsoft.AspNetCore.Mvc.Infrastructure.ControllerActionInvoker.<InvokeActionMethodAsync>g__Awaited|12_0(ControllerActionInvoker invoker, ValueTask`1 actionResultValueTask)
   at Microsoft.AspNetCore.Mvc.Infrastructure.ControllerActionInvoker.<InvokeNextActionFilterAsync>g__Awaited|10_0(ControllerActionInvoker invoker, Task lastTask, State next, Scope scope, Object state, Boolean isCompleted)
   at Microsoft.AspNetCore.Mvc.Infrastructure.ControllerActionInvoker.Rethrow(ActionExecutedContextSealed context)
   at Microsoft.AspNetCore.Mvc.Infrastructure.ControllerActionInvoker.Next(State& next, Scope& scope, Object& state, Boolean& isCompleted)
   at Microsoft.AspNetCore.Mvc.Infrastructure.ControllerActionInvoker.<InvokeInnerFilterAsync>g__Awaited|13_0(ControllerActionInvoker invoker, Task lastTask, State next, Scope scope, Object state, Boolean isCompleted)
   at Microsoft.AspNetCore.Mvc.Infrastructure.ResourceInvoker.<InvokeFilterPipelineAsync>g__Awaited|20_0(ResourceInvoker invoker, Task lastTask, State next, Scope scope, Object state, Boolean isCompleted)
   at Microsoft.AspNetCore.Mvc.Infrastructure.ResourceInvoker.<InvokeAsync>g__Logged|17_1(ResourceInvoker invoker)
   at Microsoft.AspNetCore.Mvc.Infrastructure.ResourceInvoker.<InvokeAsync>g__Logged|17_1(ResourceInvoker invoker)
   at Microsoft.AspNetCore.Routing.EndpointMiddleware.<Invoke>g__AwaitRequestTask|7_0(Endpoint endpoint, Task requestTask, ILogger logger)
   at Microsoft.AspNetCore.Authorization.AuthorizationMiddleware.Invoke(HttpContext context)
   at Microsoft.AspNetCore.Authentication.AuthenticationMiddleware.Invoke(HttpContext context)
   at Swashbuckle.AspNetCore.SwaggerUI.SwaggerUIMiddleware.Invoke(HttpContext httpContext)
   at Swashbuckle.AspNetCore.Swagger.SwaggerMiddleware.Invoke(HttpContext httpContext, ISwaggerProvider swaggerProvider)
   at CMS.API.Middleware.TenantMiddleware.InvokeAsync(HttpContext context) in C:\Users\ASUS\source\repos\CMS\src\CMS.API\Middleware\Middlewares.cs:line 26
   at CMS.API.Middleware.ExceptionMiddleware.InvokeAsync(HttpContext context) in C:\Users\ASUS\source\repos\CMS\src\CMS.API\Middleware\Middlewares.cs:line 45
2026-09-04 14:12:40.459 +03:00 [ERR] Unhandled exception encountered: Invalid column name 'DoctorId'.
Invalid column name 'DoctorId'.
Invalid column name 'StatusId'.
Microsoft.Data.SqlClient.SqlException (0x80131904): Invalid column name 'DoctorId'.
Invalid column name 'DoctorId'.
Invalid column name 'StatusId'.
   at System.Threading.Tasks.ContinuationResultTaskFromResultTask`2.InnerInvoke()
   at System.Threading.ExecutionContext.RunInternal(ExecutionContext executionContext, ContextCallback callback, Object state)
--- End of stack trace from previous location ---
   at System.Threading.ExecutionContext.RunInternal(ExecutionContext executionContext, ContextCallback callback, Object state)
   at System.Threading.Tasks.Task.ExecuteWithThreadLocal(Task& currentTaskSlot, Thread threadPoolThread)
--- End of stack trace from previous location ---
   at Dapper.SqlMapper.QueryAsync[T](IDbConnection cnn, Type effectiveType, CommandDefinition command) in /_/Dapper/SqlMapper.Async.cs:line 434
   at CMS.Application.Pharmacy.PharmacyService.GetPrescriptionsAsync(Byte tenantId) in C:\Users\ASUS\source\repos\CMS\src\CMS.Application\Pharmacy\PharmacyService.cs:line 112
   at CMS.API.Controllers.PharmacyController.GetPrescriptions() in C:\Users\ASUS\source\repos\CMS\src\CMS.API\Controllers\PharmacyBillingControllers.cs:line 33
   at Microsoft.AspNetCore.Mvc.Infrastructure.ActionMethodExecutor.TaskOfIActionResultExecutor.Execute(ActionContext actionContext, IActionResultTypeMapper mapper, ObjectMethodExecutor executor, Object controller, Object[] arguments)
   at Microsoft.AspNetCore.Mvc.Infrastructure.ControllerActionInvoker.<InvokeActionMethodAsync>g__Awaited|12_0(ControllerActionInvoker invoker, ValueTask`1 actionResultValueTask)
   at Microsoft.AspNetCore.Mvc.Infrastructure.ControllerActionInvoker.<InvokeNextActionFilterAsync>g__Awaited|10_0(ControllerActionInvoker invoker, Task lastTask, State next, Scope scope, Object state, Boolean isCompleted)
   at Microsoft.AspNetCore.Mvc.Infrastructure.ControllerActionInvoker.Rethrow(ActionExecutedContextSealed context)
   at Microsoft.AspNetCore.Mvc.Infrastructure.ControllerActionInvoker.Next(State& next, Scope& scope, Object& state, Boolean& isCompleted)
   at Microsoft.AspNetCore.Mvc.Infrastructure.ControllerActionInvoker.<InvokeInnerFilterAsync>g__Awaited|13_0(ControllerActionInvoker invoker, Task lastTask, State next, Scope scope, Object state, Boolean isCompleted)
   at Microsoft.AspNetCore.Mvc.Infrastructure.ResourceInvoker.<InvokeFilterPipelineAsync>g__Awaited|20_0(ResourceInvoker invoker, Task lastTask, State next, Scope scope, Object state, Boolean isCompleted)
   at Microsoft.AspNetCore.Mvc.Infrastructure.ResourceInvoker.<InvokeAsync>g__Logged|17_1(ResourceInvoker invoker)
   at Microsoft.AspNetCore.Mvc.Infrastructure.ResourceInvoker.<InvokeAsync>g__Logged|17_1(ResourceInvoker invoker)
   at Microsoft.AspNetCore.Routing.EndpointMiddleware.<Invoke>g__AwaitRequestTask|7_0(Endpoint endpoint, Task requestTask, ILogger logger)
   at Microsoft.AspNetCore.Authorization.AuthorizationMiddleware.Invoke(HttpContext context)
   at Microsoft.AspNetCore.Authentication.AuthenticationMiddleware.Invoke(HttpContext context)
   at Swashbuckle.AspNetCore.SwaggerUI.SwaggerUIMiddleware.Invoke(HttpContext httpContext)
   at Swashbuckle.AspNetCore.Swagger.SwaggerMiddleware.Invoke(HttpContext httpContext, ISwaggerProvider swaggerProvider)
   at CMS.API.Middleware.TenantMiddleware.InvokeAsync(HttpContext context) in C:\Users\ASUS\source\repos\CMS\src\CMS.API\Middleware\Middlewares.cs:line 26
   at CMS.API.Middleware.ExceptionMiddleware.InvokeAsync(HttpContext context) in C:\Users\ASUS\source\repos\CMS\src\CMS.API\Middleware\Middlewares.cs:line 45
ClientConnectionId:036fee72-e8e0-4810-85ba-6472fca60cfa
Error Number:207,State:1,Class:16
2026-09-04 14:12:40.474 +03:00 [INF] Request finished HTTP/1.1 GET http://localhost:5010/api/v1/billing/invoices - 500 null application/json 454.7202ms
2026-09-04 14:12:40.495 +03:00 [INF] Request finished HTTP/1.1 GET http://localhost:5010/api/v1/pharmacy/prescriptions - 500 null application/json 292.8785ms
2026-09-04 14:12:41.982 +03:00 [INF] Request starting HTTP/1.1 GET http://localhost:5010/api/v1/encounters/patient/18 - application/json null
2026-09-04 14:12:41.997 +03:00 [INF] Executing endpoint 'CMS.API.Controllers.EncountersController.GetPatientEncounters (CMS.API)'
2026-09-04 14:12:42.000 +03:00 [INF] Route matched with {action = "GetPatientEncounters", controller = "Encounters"}. Executing controller action with signature System.Threading.Tasks.Task`1[Microsoft.AspNetCore.Mvc.IActionResult] GetPatientEncounters(Int32) on controller CMS.API.Controllers.EncountersController (CMS.API).
2026-09-04 14:12:42.012 +03:00 [INF] Executing OkObjectResult, writing value of type 'CMS.Shared.DTOs.ApiResponse`1[[System.Collections.Generic.List`1[[CMS.Shared.DTOs.EncounterDto, CMS.Shared, Version=1.0.0.0, Culture=neutral, PublicKeyToken=null]], System.Private.CoreLib, Version=8.0.0.0, Culture=neutral, PublicKeyToken=7cec85d7bea7798e]]'.
2026-09-04 14:12:42.017 +03:00 [INF] Executed action CMS.API.Controllers.EncountersController.GetPatientEncounters (CMS.API) in 7.3598ms
2026-09-04 14:12:42.029 +03:00 [INF] Executed endpoint 'CMS.API.Controllers.EncountersController.GetPatientEncounters (CMS.API)'
2026-09-04 14:12:42.032 +03:00 [INF] Request finished HTTP/1.1 GET http://localhost:5010/api/v1/encounters/patient/18 - 200 null application/json; charset=utf-8 49.9442ms
2026-09-04 14:12:42.431 +03:00 [INF] Request starting HTTP/1.1 GET http://localhost:5010/api/v1/lab/orders - application/json null
2026-09-04 14:12:42.431 +03:00 [INF] Request starting HTTP/1.1 GET http://localhost:5010/api/v1/pharmacy/prescriptions - application/json null
2026-09-04 14:12:42.432 +03:00 [INF] Request starting HTTP/1.1 GET http://localhost:5010/api/v1/billing/invoices - application/json null
2026-09-04 14:12:42.433 +03:00 [INF] Request starting HTTP/1.1 GET http://localhost:5010/api/v1/medicalcertificates/patient/18 - application/json null
2026-09-04 14:12:42.696 +03:00 [INF] Request finished HTTP/1.1 GET http://localhost:5010/api/v1/lab/orders - 404 0 null 265.5163ms
2026-09-04 14:12:42.839 +03:00 [INF] Executing endpoint 'CMS.API.Controllers.PharmacyController.GetPrescriptions (CMS.API)'
2026-09-04 14:12:42.941 +03:00 [INF] Executing endpoint 'CMS.API.Controllers.BillingController.GetInvoices (CMS.API)'
2026-09-04 14:12:42.950 +03:00 [INF] Executing endpoint 'CMS.API.Controllers.MedicalCertificatesController.GetPatientCertificates (CMS.API)'
2026-09-04 14:12:43.078 +03:00 [INF] Request reached the end of the middleware pipeline without being handled by application code. Request path: GET http://localhost:5010/api/v1/lab/orders, Response status code: 404
2026-09-04 14:12:43.081 +03:00 [INF] Route matched with {action = "GetPrescriptions", controller = "Pharmacy"}. Executing controller action with signature System.Threading.Tasks.Task`1[Microsoft.AspNetCore.Mvc.IActionResult] GetPrescriptions() on controller CMS.API.Controllers.PharmacyController (CMS.API).
2026-09-04 14:12:43.089 +03:00 [INF] Route matched with {action = "GetInvoices", controller = "Billing"}. Executing controller action with signature System.Threading.Tasks.Task`1[Microsoft.AspNetCore.Mvc.IActionResult] GetInvoices() on controller CMS.API.Controllers.BillingController (CMS.API).
2026-09-04 14:12:43.092 +03:00 [INF] Route matched with {action = "GetPatientCertificates", controller = "MedicalCertificates"}. Executing controller action with signature System.Threading.Tasks.Task`1[Microsoft.AspNetCore.Mvc.IActionResult] GetPatientCertificates(Int32) on controller CMS.API.Controllers.MedicalCertificatesController (CMS.API).
2026-09-04 14:12:43.757 +03:00 [INF] Executed action CMS.API.Controllers.PharmacyController.GetPrescriptions (CMS.API) in 10.072ms
2026-09-04 14:12:43.762 +03:00 [INF] Executed action CMS.API.Controllers.BillingController.GetInvoices (CMS.API) in 4.3616ms
2026-09-04 14:12:43.779 +03:00 [INF] Executing OkObjectResult, writing value of type 'CMS.Shared.DTOs.ApiResponse`1[[System.Collections.Generic.List`1[[CMS.Shared.DTOs.MedicalCertificateDto, CMS.Shared, Version=1.0.0.0, Culture=neutral, PublicKeyToken=null]], System.Private.CoreLib, Version=8.0.0.0, Culture=neutral, PublicKeyToken=7cec85d7bea7798e]]'.
2026-09-04 14:12:43.789 +03:00 [INF] Executed endpoint 'CMS.API.Controllers.PharmacyController.GetPrescriptions (CMS.API)'
2026-09-04 14:12:43.892 +03:00 [INF] Executed endpoint 'CMS.API.Controllers.BillingController.GetInvoices (CMS.API)'
2026-09-04 14:12:43.904 +03:00 [INF] Executed action CMS.API.Controllers.MedicalCertificatesController.GetPatientCertificates (CMS.API) in 127.0913ms
2026-09-04 14:12:43.917 +03:00 [ERR] Unhandled exception encountered: Invalid column name 'DoctorId'.
Invalid column name 'DoctorId'.
Invalid column name 'StatusId'.
Microsoft.Data.SqlClient.SqlException (0x80131904): Invalid column name 'DoctorId'.
Invalid column name 'DoctorId'.
Invalid column name 'StatusId'.
   at System.Threading.Tasks.ContinuationResultTaskFromResultTask`2.InnerInvoke()
   at System.Threading.ExecutionContext.RunInternal(ExecutionContext executionContext, ContextCallback callback, Object state)
--- End of stack trace from previous location ---
   at System.Threading.ExecutionContext.RunInternal(ExecutionContext executionContext, ContextCallback callback, Object state)
   at System.Threading.Tasks.Task.ExecuteWithThreadLocal(Task& currentTaskSlot, Thread threadPoolThread)
--- End of stack trace from previous location ---
   at Dapper.SqlMapper.QueryAsync[T](IDbConnection cnn, Type effectiveType, CommandDefinition command) in /_/Dapper/SqlMapper.Async.cs:line 434
   at CMS.Application.Pharmacy.PharmacyService.GetPrescriptionsAsync(Byte tenantId) in C:\Users\ASUS\source\repos\CMS\src\CMS.Application\Pharmacy\PharmacyService.cs:line 112
   at CMS.API.Controllers.PharmacyController.GetPrescriptions() in C:\Users\ASUS\source\repos\CMS\src\CMS.API\Controllers\PharmacyBillingControllers.cs:line 33
   at Microsoft.AspNetCore.Mvc.Infrastructure.ActionMethodExecutor.TaskOfIActionResultExecutor.Execute(ActionContext actionContext, IActionResultTypeMapper mapper, ObjectMethodExecutor executor, Object controller, Object[] arguments)
   at Microsoft.AspNetCore.Mvc.Infrastructure.ControllerActionInvoker.<InvokeActionMethodAsync>g__Awaited|12_0(ControllerActionInvoker invoker, ValueTask`1 actionResultValueTask)
   at Microsoft.AspNetCore.Mvc.Infrastructure.ControllerActionInvoker.<InvokeNextActionFilterAsync>g__Awaited|10_0(ControllerActionInvoker invoker, Task lastTask, State next, Scope scope, Object state, Boolean isCompleted)
   at Microsoft.AspNetCore.Mvc.Infrastructure.ControllerActionInvoker.Rethrow(ActionExecutedContextSealed context)
   at Microsoft.AspNetCore.Mvc.Infrastructure.ControllerActionInvoker.Next(State& next, Scope& scope, Object& state, Boolean& isCompleted)
   at Microsoft.AspNetCore.Mvc.Infrastructure.ControllerActionInvoker.<InvokeInnerFilterAsync>g__Awaited|13_0(ControllerActionInvoker invoker, Task lastTask, State next, Scope scope, Object state, Boolean isCompleted)
   at Microsoft.AspNetCore.Mvc.Infrastructure.ResourceInvoker.<InvokeFilterPipelineAsync>g__Awaited|20_0(ResourceInvoker invoker, Task lastTask, State next, Scope scope, Object state, Boolean isCompleted)
   at Microsoft.AspNetCore.Mvc.Infrastructure.ResourceInvoker.<InvokeAsync>g__Logged|17_1(ResourceInvoker invoker)
   at Microsoft.AspNetCore.Mvc.Infrastructure.ResourceInvoker.<InvokeAsync>g__Logged|17_1(ResourceInvoker invoker)
   at Microsoft.AspNetCore.Routing.EndpointMiddleware.<Invoke>g__AwaitRequestTask|7_0(Endpoint endpoint, Task requestTask, ILogger logger)
   at Microsoft.AspNetCore.Authorization.AuthorizationMiddleware.Invoke(HttpContext context)
   at Microsoft.AspNetCore.Authentication.AuthenticationMiddleware.Invoke(HttpContext context)
   at Swashbuckle.AspNetCore.SwaggerUI.SwaggerUIMiddleware.Invoke(HttpContext httpContext)
   at Swashbuckle.AspNetCore.Swagger.SwaggerMiddleware.Invoke(HttpContext httpContext, ISwaggerProvider swaggerProvider)
   at CMS.API.Middleware.TenantMiddleware.InvokeAsync(HttpContext context) in C:\Users\ASUS\source\repos\CMS\src\CMS.API\Middleware\Middlewares.cs:line 26
   at CMS.API.Middleware.ExceptionMiddleware.InvokeAsync(HttpContext context) in C:\Users\ASUS\source\repos\CMS\src\CMS.API\Middleware\Middlewares.cs:line 45
ClientConnectionId:83f3ce8c-c586-4659-b193-75557570d0a4
Error Number:207,State:1,Class:16
2026-09-04 14:12:43.926 +03:00 [ERR] Unhandled exception encountered: A parameterless default constructor or one matching signature (System.Int32 Id, System.Byte TenantId, System.String InvoiceNo, System.Int32 PatientId, System.String PatientName, System.Int32 EncounterId, System.DateTime IssueDate, System.DateTime DueDate, System.Decimal SubTotal, System.Decimal TaxAmount, System.Decimal DiscountAmount, System.Decimal TotalAmount, System.Decimal PaidAmount, System.Byte StatusId, System.String StatusName) is required for CMS.Shared.DTOs.InvoiceDto materialization
System.InvalidOperationException: A parameterless default constructor or one matching signature (System.Int32 Id, System.Byte TenantId, System.String InvoiceNo, System.Int32 PatientId, System.String PatientName, System.Int32 EncounterId, System.DateTime IssueDate, System.DateTime DueDate, System.Decimal SubTotal, System.Decimal TaxAmount, System.Decimal DiscountAmount, System.Decimal TotalAmount, System.Decimal PaidAmount, System.Byte StatusId, System.String StatusName) is required for CMS.Shared.DTOs.InvoiceDto materialization
   at Dapper.SqlMapper.GenerateDeserializerFromMap(Type type, DbDataReader reader, Int32 startBound, Int32 length, Boolean returnNullIfFirstMissing, ILGenerator il) in /_/Dapper/SqlMapper.cs:line 3473
   at Dapper.SqlMapper.GetTypeDeserializerImpl(Type type, DbDataReader reader, Int32 startBound, Int32 length, Boolean returnNullIfFirstMissing) in /_/Dapper/SqlMapper.cs:line 3304
   at Dapper.SqlMapper.TypeDeserializerCache.GetReader(DbDataReader reader, Int32 startBound, Int32 length, Boolean returnNullIfFirstMissing) in /_/Dapper/SqlMapper.TypeDeserializerCache.cs:line 151
   at Dapper.SqlMapper.TypeDeserializerCache.GetReader(Type type, DbDataReader reader, Int32 startBound, Int32 length, Boolean returnNullIfFirstMissing) in /_/Dapper/SqlMapper.TypeDeserializerCache.cs:line 50
   at Dapper.SqlMapper.GetTypeDeserializer(Type type, DbDataReader reader, Int32 startBound, Int32 length, Boolean returnNullIfFirstMissing) in /_/Dapper/SqlMapper.cs:line 3258
   at Dapper.SqlMapper.GetDeserializer(Type type, DbDataReader reader, Int32 startBound, Int32 length, Boolean returnNullIfFirstMissing) in /_/Dapper/SqlMapper.cs:line 1945
   at Dapper.SqlMapper.QueryAsync[T](IDbConnection cnn, Type effectiveType, CommandDefinition command) in /_/Dapper/SqlMapper.Async.cs:line 442
   at CMS.Application.Billing.BillingService.GetInvoicesAsync(Byte tenantId) in C:\Users\ASUS\source\repos\CMS\src\CMS.Application\Billing\BillingService.cs:line 105
   at CMS.API.Controllers.BillingController.GetInvoices() in C:\Users\ASUS\source\repos\CMS\src\CMS.API\Controllers\PharmacyBillingControllers.cs:line 77
   at Microsoft.AspNetCore.Mvc.Infrastructure.ActionMethodExecutor.TaskOfIActionResultExecutor.Execute(ActionContext actionContext, IActionResultTypeMapper mapper, ObjectMethodExecutor executor, Object controller, Object[] arguments)
   at Microsoft.AspNetCore.Mvc.Infrastructure.ControllerActionInvoker.<InvokeActionMethodAsync>g__Awaited|12_0(ControllerActionInvoker invoker, ValueTask`1 actionResultValueTask)
   at Microsoft.AspNetCore.Mvc.Infrastructure.ControllerActionInvoker.<InvokeNextActionFilterAsync>g__Awaited|10_0(ControllerActionInvoker invoker, Task lastTask, State next, Scope scope, Object state, Boolean isCompleted)
   at Microsoft.AspNetCore.Mvc.Infrastructure.ControllerActionInvoker.Rethrow(ActionExecutedContextSealed context)
   at Microsoft.AspNetCore.Mvc.Infrastructure.ControllerActionInvoker.Next(State& next, Scope& scope, Object& state, Boolean& isCompleted)
   at Microsoft.AspNetCore.Mvc.Infrastructure.ControllerActionInvoker.<InvokeInnerFilterAsync>g__Awaited|13_0(ControllerActionInvoker invoker, Task lastTask, State next, Scope scope, Object state, Boolean isCompleted)
   at Microsoft.AspNetCore.Mvc.Infrastructure.ResourceInvoker.<InvokeFilterPipelineAsync>g__Awaited|20_0(ResourceInvoker invoker, Task lastTask, State next, Scope scope, Object state, Boolean isCompleted)
   at Microsoft.AspNetCore.Mvc.Infrastructure.ResourceInvoker.<InvokeAsync>g__Logged|17_1(ResourceInvoker invoker)
   at Microsoft.AspNetCore.Mvc.Infrastructure.ResourceInvoker.<InvokeAsync>g__Logged|17_1(ResourceInvoker invoker)
   at Microsoft.AspNetCore.Routing.EndpointMiddleware.<Invoke>g__AwaitRequestTask|7_0(Endpoint endpoint, Task requestTask, ILogger logger)
   at Microsoft.AspNetCore.Authorization.AuthorizationMiddleware.Invoke(HttpContext context)
   at Microsoft.AspNetCore.Authentication.AuthenticationMiddleware.Invoke(HttpContext context)
   at Swashbuckle.AspNetCore.SwaggerUI.SwaggerUIMiddleware.Invoke(HttpContext httpContext)
   at Swashbuckle.AspNetCore.Swagger.SwaggerMiddleware.Invoke(HttpContext httpContext, ISwaggerProvider swaggerProvider)
   at CMS.API.Middleware.TenantMiddleware.InvokeAsync(HttpContext context) in C:\Users\ASUS\source\repos\CMS\src\CMS.API\Middleware\Middlewares.cs:line 26
   at CMS.API.Middleware.ExceptionMiddleware.InvokeAsync(HttpContext context) in C:\Users\ASUS\source\repos\CMS\src\CMS.API\Middleware\Middlewares.cs:line 45
2026-09-04 14:12:43.931 +03:00 [INF] Executed endpoint 'CMS.API.Controllers.MedicalCertificatesController.GetPatientCertificates (CMS.API)'
2026-09-04 14:12:44.063 +03:00 [INF] Request finished HTTP/1.1 GET http://localhost:5010/api/v1/pharmacy/prescriptions - 500 null application/json 1631.8572ms
2026-09-04 14:12:44.250 +03:00 [INF] Request finished HTTP/1.1 GET http://localhost:5010/api/v1/billing/invoices - 500 null application/json 1817.5655ms
2026-09-04 14:12:44.349 +03:00 [INF] Request finished HTTP/1.1 GET http://localhost:5010/api/v1/medicalcertificates/patient/18 - 200 null application/json; charset=utf-8 1915.684ms
2026-09-04 22:07:04.169 +03:00 [INF] Request starting HTTP/1.1 GET http://localhost:5010/api/v1/dashboard/metrics - null null
2026-09-04 22:07:04.180 +03:00 [INF] Failed to validate the token.
Microsoft.IdentityModel.Tokens.SecurityTokenMalformedException: IDX14100: JWT is not well formed, there are no dots (.).
The token needs to be in JWS or JWE Compact Serialization Format. (JWS): 'EncodedHeader.EncodedPayload.EncodedSignature'. (JWE): 'EncodedProtectedHeader.EncodedEncryptedKey.EncodedInitializationVector.EncodedCiphertext.EncodedAuthenticationTag'.
   at Microsoft.IdentityModel.JsonWebTokens.JsonWebToken.ReadToken(ReadOnlyMemory`1 encodedTokenMemory)
   at Microsoft.IdentityModel.JsonWebTokens.JsonWebToken..ctor(String jwtEncodedString)
   at Microsoft.IdentityModel.JsonWebTokens.JsonWebTokenHandler.ReadToken(String token, TokenValidationParameters validationParameters)
2026-09-04 22:07:04.187 +03:00 [INF] Bearer was not authenticated. Failure message: IDX14100: JWT is not well formed, there are no dots (.).
The token needs to be in JWS or JWE Compact Serialization Format. (JWS): 'EncodedHeader.EncodedPayload.EncodedSignature'. (JWE): 'EncodedProtectedHeader.EncodedEncryptedKey.EncodedInitializationVector.EncodedCiphertext.EncodedAuthenticationTag'.
2026-09-04 22:07:04.190 +03:00 [INF] Executing endpoint 'CMS.API.Controllers.DashboardController.GetMetrics (CMS.API)'
2026-09-04 22:07:04.195 +03:00 [INF] Route matched with {action = "GetMetrics", controller = "Dashboard"}. Executing controller action with signature System.Threading.Tasks.Task`1[Microsoft.AspNetCore.Mvc.IActionResult] GetMetrics() on controller CMS.API.Controllers.DashboardController (CMS.API).
2026-09-04 22:07:04.292 +03:00 [INF] Executing OkObjectResult, writing value of type 'CMS.Shared.DTOs.ApiResponse`1[[CMS.Shared.DTOs.DashboardMetricsDto, CMS.Shared, Version=1.0.0.0, Culture=neutral, PublicKeyToken=null]]'.
2026-09-04 22:07:04.296 +03:00 [INF] Executed action CMS.API.Controllers.DashboardController.GetMetrics (CMS.API) in 95.0883ms
2026-09-04 22:07:04.300 +03:00 [INF] Executed endpoint 'CMS.API.Controllers.DashboardController.GetMetrics (CMS.API)'
2026-09-04 22:07:04.302 +03:00 [INF] Request starting HTTP/1.1 GET http://localhost:5010/api/v1/dashboard/metrics - null null
2026-09-04 22:07:04.304 +03:00 [INF] Request finished HTTP/1.1 GET http://localhost:5010/api/v1/dashboard/metrics - 200 null application/json; charset=utf-8 134.1931ms
2026-09-04 22:07:04.312 +03:00 [INF] Failed to validate the token.
Microsoft.IdentityModel.Tokens.SecurityTokenMalformedException: IDX14100: JWT is not well formed, there are no dots (.).
The token needs to be in JWS or JWE Compact Serialization Format. (JWS): 'EncodedHeader.EncodedPayload.EncodedSignature'. (JWE): 'EncodedProtectedHeader.EncodedEncryptedKey.EncodedInitializationVector.EncodedCiphertext.EncodedAuthenticationTag'.
   at Microsoft.IdentityModel.JsonWebTokens.JsonWebToken.ReadToken(ReadOnlyMemory`1 encodedTokenMemory)
   at Microsoft.IdentityModel.JsonWebTokens.JsonWebToken..ctor(String jwtEncodedString)
   at Microsoft.IdentityModel.JsonWebTokens.JsonWebTokenHandler.ReadToken(String token, TokenValidationParameters validationParameters)
2026-09-04 22:07:04.326 +03:00 [INF] Bearer was not authenticated. Failure message: IDX14100: JWT is not well formed, there are no dots (.).
The token needs to be in JWS or JWE Compact Serialization Format. (JWS): 'EncodedHeader.EncodedPayload.EncodedSignature'. (JWE): 'EncodedProtectedHeader.EncodedEncryptedKey.EncodedInitializationVector.EncodedCiphertext.EncodedAuthenticationTag'.
2026-09-04 22:07:04.330 +03:00 [INF] Executing endpoint 'CMS.API.Controllers.DashboardController.GetMetrics (CMS.API)'
2026-09-04 22:07:04.333 +03:00 [INF] Route matched with {action = "GetMetrics", controller = "Dashboard"}. Executing controller action with signature System.Threading.Tasks.Task`1[Microsoft.AspNetCore.Mvc.IActionResult] GetMetrics() on controller CMS.API.Controllers.DashboardController (CMS.API).
2026-09-04 22:07:04.346 +03:00 [INF] Executing OkObjectResult, writing value of type 'CMS.Shared.DTOs.ApiResponse`1[[CMS.Shared.DTOs.DashboardMetricsDto, CMS.Shared, Version=1.0.0.0, Culture=neutral, PublicKeyToken=null]]'.
2026-09-04 22:07:04.350 +03:00 [INF] Executed action CMS.API.Controllers.DashboardController.GetMetrics (CMS.API) in 12.4453ms
2026-09-04 22:07:04.354 +03:00 [INF] Executed endpoint 'CMS.API.Controllers.DashboardController.GetMetrics (CMS.API)'
2026-09-04 22:07:04.358 +03:00 [INF] Request finished HTTP/1.1 GET http://localhost:5010/api/v1/dashboard/metrics - 200 null application/json; charset=utf-8 56.5035ms
2026-09-04 23:22:28.625 +03:00 [INF] Request starting HTTP/1.1 GET http://localhost:5010/api/v1/dashboard/metrics - null null
2026-09-04 23:22:28.649 +03:00 [INF] Failed to validate the token.
Microsoft.IdentityModel.Tokens.SecurityTokenMalformedException: IDX14100: JWT is not well formed, there are no dots (.).
The token needs to be in JWS or JWE Compact Serialization Format. (JWS): 'EncodedHeader.EncodedPayload.EncodedSignature'. (JWE): 'EncodedProtectedHeader.EncodedEncryptedKey.EncodedInitializationVector.EncodedCiphertext.EncodedAuthenticationTag'.
   at Microsoft.IdentityModel.JsonWebTokens.JsonWebToken.ReadToken(ReadOnlyMemory`1 encodedTokenMemory)
   at Microsoft.IdentityModel.JsonWebTokens.JsonWebToken..ctor(String jwtEncodedString)
   at Microsoft.IdentityModel.JsonWebTokens.JsonWebTokenHandler.ReadToken(String token, TokenValidationParameters validationParameters)
2026-09-04 23:22:28.665 +03:00 [INF] Bearer was not authenticated. Failure message: IDX14100: JWT is not well formed, there are no dots (.).
The token needs to be in JWS or JWE Compact Serialization Format. (JWS): 'EncodedHeader.EncodedPayload.EncodedSignature'. (JWE): 'EncodedProtectedHeader.EncodedEncryptedKey.EncodedInitializationVector.EncodedCiphertext.EncodedAuthenticationTag'.
2026-09-04 23:22:28.684 +03:00 [INF] Executing endpoint 'CMS.API.Controllers.DashboardController.GetMetrics (CMS.API)'
2026-09-04 23:22:28.706 +03:00 [INF] Route matched with {action = "GetMetrics", controller = "Dashboard"}. Executing controller action with signature System.Threading.Tasks.Task`1[Microsoft.AspNetCore.Mvc.IActionResult] GetMetrics() on controller CMS.API.Controllers.DashboardController (CMS.API).
2026-09-04 23:22:28.913 +03:00 [INF] Executing OkObjectResult, writing value of type 'CMS.Shared.DTOs.ApiResponse`1[[CMS.Shared.DTOs.DashboardMetricsDto, CMS.Shared, Version=1.0.0.0, Culture=neutral, PublicKeyToken=null]]'.
2026-09-04 23:22:28.919 +03:00 [INF] Executed action CMS.API.Controllers.DashboardController.GetMetrics (CMS.API) in 199.0005ms
2026-09-04 23:22:28.924 +03:00 [INF] Executed endpoint 'CMS.API.Controllers.DashboardController.GetMetrics (CMS.API)'
2026-09-04 23:22:28.929 +03:00 [INF] Request finished HTTP/1.1 GET http://localhost:5010/api/v1/dashboard/metrics - 200 null application/json; charset=utf-8 304.1568ms
2026-09-04 23:22:28.932 +03:00 [INF] Request starting HTTP/1.1 GET http://localhost:5010/api/v1/dashboard/metrics - null null
2026-09-04 23:22:28.950 +03:00 [INF] Failed to validate the token.
Microsoft.IdentityModel.Tokens.SecurityTokenMalformedException: IDX14100: JWT is not well formed, there are no dots (.).
The token needs to be in JWS or JWE Compact Serialization Format. (JWS): 'EncodedHeader.EncodedPayload.EncodedSignature'. (JWE): 'EncodedProtectedHeader.EncodedEncryptedKey.EncodedInitializationVector.EncodedCiphertext.EncodedAuthenticationTag'.
   at Microsoft.IdentityModel.JsonWebTokens.JsonWebToken.ReadToken(ReadOnlyMemory`1 encodedTokenMemory)
   at Microsoft.IdentityModel.JsonWebTokens.JsonWebToken..ctor(String jwtEncodedString)
   at Microsoft.IdentityModel.JsonWebTokens.JsonWebTokenHandler.ReadToken(String token, TokenValidationParameters validationParameters)
2026-09-04 23:22:28.957 +03:00 [INF] Bearer was not authenticated. Failure message: IDX14100: JWT is not well formed, there are no dots (.).
The token needs to be in JWS or JWE Compact Serialization Format. (JWS): 'EncodedHeader.EncodedPayload.EncodedSignature'. (JWE): 'EncodedProtectedHeader.EncodedEncryptedKey.EncodedInitializationVector.EncodedCiphertext.EncodedAuthenticationTag'.
2026-09-04 23:22:28.964 +03:00 [INF] Executing endpoint 'CMS.API.Controllers.DashboardController.GetMetrics (CMS.API)'
2026-09-04 23:22:28.968 +03:00 [INF] Route matched with {action = "GetMetrics", controller = "Dashboard"}. Executing controller action with signature System.Threading.Tasks.Task`1[Microsoft.AspNetCore.Mvc.IActionResult] GetMetrics() on controller CMS.API.Controllers.DashboardController (CMS.API).
2026-09-04 23:22:28.985 +03:00 [INF] Executing OkObjectResult, writing value of type 'CMS.Shared.DTOs.ApiResponse`1[[CMS.Shared.DTOs.DashboardMetricsDto, CMS.Shared, Version=1.0.0.0, Culture=neutral, PublicKeyToken=null]]'.
2026-09-04 23:22:28.991 +03:00 [INF] Executed action CMS.API.Controllers.DashboardController.GetMetrics (CMS.API) in 16.2278ms
2026-09-04 23:22:28.996 +03:00 [INF] Executed endpoint 'CMS.API.Controllers.DashboardController.GetMetrics (CMS.API)'
2026-09-04 23:22:29.000 +03:00 [INF] Request finished HTTP/1.1 GET http://localhost:5010/api/v1/dashboard/metrics - 200 null application/json; charset=utf-8 68.8288ms
